timestamp,nifty_spot,expiry,strike,option_type,ltp,bid,ask,volume,oi,oi_change,iv
2026-09-23 14:11:37,23443.45,2026-09-29,22950.0,CE,526.0,521.05,522.7,1700,623,462,6.58
2026-09-23 14:11:37,23443.45,2026-09-29,22950.0,PE,12.15,12.05,12.15,199226,33853,19903,12.14
2026-09-23 14:11:37,23443.45,2026-09-29,23000.0,CE,474.0,473.95,475.0,30437,22122,566,6.35
2026-09-23 14:11:37,23443.45,2026-09-29,23000.0,PE,14.9,14.8,14.9,670855,205344,58941,11.85
2026-09-23 14:11:37,23443.45,2026-09-29,23050.0,CE,427.65,427.15,428.4,3508,1430,706,8.04
2026-09-23 14:11:37,23443.45,2026-09-29,23050.0,PE,17.95,17.85,17.95,225565,41954,28000,11.48
2026-09-23 14:11:37,23443.45,2026-09-29,23100.0,CE,381.0,381.45,381.95,37351,10321,3579,8.65
2026-09-23 14:11:37,23443.45,2026-09-29,23100.0,PE,22.3,22.1,22.2,492648,79060,34568,11.19
2026-09-23 14:11:37,23443.45,2026-09-29,23150.0,CE,336.1,337.2,338.1,20472,4814,2222,8.46
2026-09-23 14:11:37,23443.45,2026-09-29,23150.0,PE,27.6,27.45,27.55,370272,40988,18904,10.93
2026-09-23 14:11:37,23443.45,2026-09-29,23200.0,CE,294.15,294.1,294.9,168111,27410,1448,8.77
2026-09-23 14:11:37,23443.45,2026-09-29,23200.0,PE,34.5,34.4,34.5,706456,116677,52991,10.69
2026-09-23 14:11:37,23443.45,2026-09-29,23250.0,CE,253.0,253.35,253.75,136797,18817,3731,8.76
2026-09-23 14:11:37,23443.45,2026-09-29,23250.0,PE,43.1,43.1,43.25,547096,77643,54427,10.48
2026-09-23 14:11:37,23443.45,2026-09-29,23300.0,CE,214.5,214.5,215.0,783825,79020,-2011,8.82
2026-09-23 14:11:37,23443.45,2026-09-29,23300.0,PE,54.65,54.5,54.65,1363052,181834,75321,10.32
2026-09-23 14:11:37,23443.45,2026-09-29,23350.0,CE,178.25,178.3,178.75,1034296,42662,6979,8.76
2026-09-23 14:11:37,23443.45,2026-09-29,23350.0,PE,68.3,68.3,68.5,1472727,115587,85962,10.14
2026-09-23 14:11:37,23443.45,2026-09-29,23400.0,CE,145.25,145.55,145.85,2552301,159775,48655,8.72
2026-09-23 14:11:37,23443.45,2026-09-29,23400.0,PE,85.8,85.55,85.8,2716868,270122,176098,10.04
2026-09-23 14:11:37,23443.45,2026-09-29,23450.0,CE,116.0,116.05,116.35,1681494,103752,75954,8.67
2026-09-23 14:11:37,23443.45,2026-09-29,23450.0,PE,106.15,106.0,106.2,1241479,93311,80513,9.94
2026-09-23 14:11:37,23443.45,2026-09-29,23500.0,CE,90.5,90.55,90.75,2062461,208550,70404,8.6
2026-09-23 14:11:37,23443.45,2026-09-29,23500.0,PE,130.6,130.3,130.6,1005385,147452,56000,9.89
2026-09-23 14:11:37,23443.45,2026-09-29,23550.0,CE,68.6,68.45,68.6,878910,68919,45178,8.54
2026-09-23 14:11:37,23443.45,2026-09-29,23550.0,PE,158.95,158.6,158.9,200612,16051,11824,9.89
2026-09-23 14:11:37,23443.45,2026-09-29,23600.0,CE,50.8,50.8,50.95,1101993,123493,57943,8.49
2026-09-23 14:11:37,23443.45,2026-09-29,23600.0,PE,190.6,190.55,191.05,246503,37226,16420,9.95
2026-09-23 14:11:37,23443.45,2026-09-29,23650.0,CE,37.15,37.05,37.15,635932,57528,28222,8.45
2026-09-23 14:11:37,23443.45,2026-09-29,23650.0,PE,227.75,226.35,226.85,45725,8023,3932,9.97
2026-09-23 14:11:37,23443.45,2026-09-29,23700.0,CE,26.4,26.4,26.5,832218,112387,32222,8.49
2026-09-23 14:11:37,23443.45,2026-09-29,23700.0,PE,267.0,265.65,266.4,57513,18732,3220,10.28
2026-09-23 14:11:37,23443.45,2026-09-29,23750.0,CE,18.75,18.75,18.8,379855,41160,14185,8.58
2026-09-23 14:11:37,23443.45,2026-09-29,23750.0,PE,309.6,307.85,308.7,8407,4071,637,10.53
2026-09-23 14:11:37,23443.45,2026-09-29,23800.0,CE,13.25,13.2,13.3,662664,130734,32827,8.68
2026-09-23 14:11:37,23443.45,2026-09-29,23800.0,PE,352.25,352.45,353.3,26656,24131,-2050,11.13
2026-09-23 14:11:37,23443.45,2026-09-29,23850.0,CE,9.5,9.5,9.55,317312,40172,17635,8.82
2026-09-23 14:11:37,23443.45,2026-09-29,23850.0,PE,399.0,398.6,400.25,1929,2127,241,11.83
2026-09-23 14:11:37,23443.45,2026-09-29,23900.0,CE,6.95,6.95,7.0,401932,88471,22789,9.08
2026-09-23 14:11:37,23443.45,2026-09-29,23900.0,PE,447.7,445.7,447.25,5111,15238,-343,12.29
2026-09-23 14:11:37,23443.45,2026-09-29,23950.0,CE,5.4,5.4,5.45,211438,28106,8766,9.38
2026-09-23 14:11:37,23443.45,2026-09-29,23950.0,PE,496.2,493.8,496.1,666,2195,75,12.53
2026-09-23 14:12:37,23446.5,2026-09-29,22950.0,CE,526.0,528.05,530.05,1700,622,461,6.58
2026-09-23 14:12:37,23446.5,2026-09-29,22950.0,PE,11.85,11.8,11.85,199704,33672,19722,12.14
2026-09-23 14:12:37,23446.5,2026-09-29,23000.0,CE,480.1,480.6,481.0,30526,22079,523,6.35
2026-09-23 14:12:37,23446.5,2026-09-29,23000.0,PE,14.5,14.45,14.5,671838,205167,58764,11.85
2026-09-23 14:12:37,23446.5,2026-09-29,23050.0,CE,434.0,433.55,434.95,3526,1421,697,8.04
2026-09-23 14:12:37,23446.5,2026-09-29,23050.0,PE,17.35,17.3,17.4,226175,42124,28170,11.48
2026-09-23 14:12:37,23446.5,2026-09-29,23100.0,CE,388.0,387.6,388.0,37445,10333,3591,8.65
2026-09-23 14:12:37,23446.5,2026-09-29,23100.0,PE,21.4,21.45,21.5,494166,78833,34341,11.19
2026-09-23 14:12:37,23446.5,2026-09-29,23150.0,CE,343.0,343.35,344.3,20537,4799,2207,8.46
2026-09-23 14:12:37,23446.5,2026-09-29,23150.0,PE,26.5,26.5,26.6,370891,41108,19024,10.93
2026-09-23 14:12:37,23446.5,2026-09-29,23200.0,CE,300.0,300.05,300.65,168585,27147,1185,8.77
2026-09-23 14:12:37,23446.5,2026-09-29,23200.0,PE,33.2,33.2,33.3,707800,116653,52967,10.69
2026-09-23 14:12:37,23446.5,2026-09-29,23250.0,CE,259.0,258.7,259.4,137173,18777,3691,8.76
2026-09-23 14:12:37,23446.5,2026-09-29,23250.0,PE,41.65,41.65,41.75,548245,77618,54402,10.48
2026-09-23 14:12:37,23446.5,2026-09-29,23300.0,CE,219.75,219.7,220.0,786117,78541,-2490,8.82
2026-09-23 14:12:37,23446.5,2026-09-29,23300.0,PE,52.7,52.55,52.7,1368310,182918,76405,10.32
2026-09-23 14:12:37,23446.5,2026-09-29,23350.0,CE,183.45,183.25,183.55,1036873,42242,6559,8.76
2026-09-23 14:12:37,23446.5,2026-09-29,23350.0,PE,65.8,65.8,65.95,1476301,115920,86295,10.14
2026-09-23 14:12:37,23446.5,2026-09-29,23400.0,CE,149.65,149.6,149.95,2561821,158597,47477,8.72
2026-09-23 14:12:37,23446.5,2026-09-29,23400.0,PE,82.9,82.7,82.9,2725639,270947,176923,10.04
2026-09-23 14:12:37,23446.5,2026-09-29,23450.0,CE,120.0,119.75,120.0,1691746,101952,74154,8.67
2026-09-23 14:12:37,23446.5,2026-09-29,23450.0,PE,102.4,102.4,102.65,1247009,93726,80928,9.94
2026-09-23 14:12:37,23446.5,2026-09-29,23500.0,CE,93.7,93.7,93.95,2073641,206219,68073,8.6
2026-09-23 14:12:37,23446.5,2026-09-29,23500.0,PE,126.5,126.2,126.5,1009487,147827,56375,9.89
2026-09-23 14:12:37,23446.5,2026-09-29,23550.0,CE,71.2,71.0,71.2,882806,68923,45182,8.54
2026-09-23 14:12:37,23446.5,2026-09-29,23550.0,PE,154.1,153.9,154.25,201504,16168,11941,9.89
2026-09-23 14:12:37,23446.5,2026-09-29,23600.0,CE,52.9,52.85,53.0,1106959,122687,57137,8.49
2026-09-23 14:12:37,23446.5,2026-09-29,23600.0,PE,186.1,185.5,185.95,247555,37402,16596,9.95
2026-09-23 14:12:37,23446.5,2026-09-29,23650.0,CE,38.65,38.6,38.65,638292,57124,27818,8.45
2026-09-23 14:12:37,23446.5,2026-09-29,23650.0,PE,220.6,220.65,221.25,45915,8048,3957,9.97
2026-09-23 14:12:37,23446.5,2026-09-29,23700.0,CE,27.55,27.55,27.6,834768,112195,32030,8.49
2026-09-23 14:12:37,23446.5,2026-09-29,23700.0,PE,259.6,259.5,259.9,57704,18831,3319,10.28
2026-09-23 14:12:37,23446.5,2026-09-29,23750.0,CE,19.55,19.55,19.65,381027,41035,14060,8.58
2026-09-23 14:12:37,23446.5,2026-09-29,23750.0,PE,303.0,301.6,302.4,8475,4065,631,10.53
2026-09-23 14:12:37,23446.5,2026-09-29,23800.0,CE,13.75,13.75,13.8,664024,130825,32918,8.68
2026-09-23 14:12:37,23446.5,2026-09-29,23800.0,PE,346.9,346.0,346.8,26760,24148,-2033,11.13
2026-09-23 14:12:37,23446.5,2026-09-29,23850.0,CE,9.9,9.85,9.9,318005,40153,17616,8.82
2026-09-23 14:12:37,23446.5,2026-09-29,23850.0,PE,393.35,392.0,392.85,1934,2127,241,11.83
2026-09-23 14:12:37,23446.5,2026-09-29,23900.0,CE,7.2,7.2,7.25,402861,88740,23058,9.08
2026-09-23 14:12:37,23446.5,2026-09-29,23900.0,PE,439.15,438.8,440.3,5123,15240,-341,12.29
2026-09-23 14:12:37,23446.5,2026-09-29,23950.0,CE,5.55,5.55,5.6,211975,27969,8629,9.38
2026-09-23 14:12:37,23446.5,2026-09-29,23950.0,PE,489.9,486.65,488.75,668,2196,76,12.53
2026-09-23 14:13:37,23449.3,2026-09-29,22950.0,CE,533.6,531.3,533.6,1704,622,461,6.58
2026-09-23 14:13:37,23449.3,2026-09-29,22950.0,PE,11.5,11.5,11.55,201033,33810,19860,12.14
2026-09-23 14:13:37,23449.3,2026-09-29,23000.0,CE,484.55,483.4,484.55,30678,21956,400,6.35
2026-09-23 14:13:37,23449.3,2026-09-29,23000.0,PE,14.2,14.1,14.15,676910,204655,58252,11.85
2026-09-23 14:13:37,23449.3,2026-09-29,23050.0,CE,438.0,436.65,437.85,3530,1416,692,8.04
2026-09-23 14:13:37,23449.3,2026-09-29,23050.0,PE,17.0,16.95,17.0,228110,42022,28068,11.48
2026-09-23 14:13:37,23449.3,2026-09-29,23100.0,CE,391.35,390.6,391.8,37624,10338,3596,8.65
2026-09-23 14:13:37,23449.3,2026-09-29,23100.0,PE,20.9,20.9,21.0,498765,77417,32925,11.19
2026-09-23 14:13:37,23449.3,2026-09-29,23150.0,CE,346.45,346.35,347.2,20627,4739,2147,8.46
2026-09-23 14:13:37,23449.3,2026-09-29,23150.0,PE,26.05,25.95,26.05,372847,40928,18844,10.93
2026-09-23 14:13:37,23449.3,2026-09-29,23200.0,CE,302.75,303.05,303.8,169736,26919,957,8.77
2026-09-23 14:13:37,23449.3,2026-09-29,23200.0,PE,32.65,32.55,32.65,712474,116182,52496,10.69
2026-09-23 14:13:37,23449.3,2026-09-29,23250.0,CE,261.55,261.5,262.15,137909,18649,3563,8.76
2026-09-23 14:13:37,23449.3,2026-09-29,23250.0,PE,40.9,40.85,40.9,552502,76947,53731,10.48
2026-09-23 14:13:37,23449.3,2026-09-29,23300.0,CE,222.0,221.9,222.45,791466,77780,-3251,8.82
2026-09-23 14:13:37,23449.3,2026-09-29,23300.0,PE,51.8,51.65,51.75,1377231,183012,76499,10.32
2026-09-23 14:13:37,23449.3,2026-09-29,23350.0,CE,185.65,185.0,185.35,1042794,42192,6509,8.76
2026-09-23 14:13:37,23449.3,2026-09-29,23350.0,PE,64.8,64.85,65.0,1484505,115775,86150,10.14
2026-09-23 14:13:37,23449.3,2026-09-29,23400.0,CE,152.2,152.0,152.2,2582881,156633,45513,8.72
2026-09-23 14:13:37,23449.3,2026-09-29,23400.0,PE,81.45,81.25,81.45,2745797,269118,175094,10.04
2026-09-23 14:13:37,23449.3,2026-09-29,23450.0,CE,121.85,121.85,122.05,1712543,101807,74009,8.67
2026-09-23 14:13:37,23449.3,2026-09-29,23450.0,PE,101.25,101.0,101.25,1260073,93429,80631,9.94
2026-09-23 14:13:37,23449.3,2026-09-29,23500.0,CE,95.35,95.4,95.65,2096242,204672,66526,8.6
2026-09-23 14:13:37,23449.3,2026-09-29,23500.0,PE,124.8,124.45,124.7,1020835,147571,56119,9.89
2026-09-23 14:13:37,23449.3,2026-09-29,23550.0,CE,72.75,72.55,72.75,892863,69030,45289,8.54
2026-09-23 14:13:37,23449.3,2026-09-29,23550.0,PE,151.65,151.65,152.0,203621,16467,12240,9.89
2026-09-23 14:13:37,23449.3,2026-09-29,23600.0,CE,54.1,54.0,54.15,1122274,121227,55677,8.49
2026-09-23 14:13:37,23449.3,2026-09-29,23600.0,PE,183.5,183.15,183.45,250124,37778,16972,9.95
2026-09-23 14:13:37,23449.3,2026-09-29,23650.0,CE,39.55,39.45,39.55,644496,56404,27098,8.45
2026-09-23 14:13:37,23449.3,2026-09-29,23650.0,PE,218.4,218.4,218.8,46415,8165,4074,9.97
2026-09-23 14:13:37,23449.3,2026-09-29,23700.0,CE,28.15,28.2,28.3,841631,112434,32269,8.49
2026-09-23 14:13:37,23449.3,2026-09-29,23700.0,PE,257.85,257.3,257.9,58254,18908,3396,10.28
2026-09-23 14:13:37,23449.3,2026-09-29,23750.0,CE,20.1,20.1,20.2,384546,41430,14455,8.58
2026-09-23 14:13:37,23449.3,2026-09-29,23750.0,PE,299.35,298.7,299.4,8614,4085,651,10.53
2026-09-23 14:13:37,23449.3,2026-09-29,23800.0,CE,14.15,14.15,14.2,669889,131831,33924,8.68
2026-09-23 14:13:37,23449.3,2026-09-29,23800.0,PE,343.25,342.9,343.75,27111,24235,-1946,11.13
2026-09-23 14:13:37,23449.3,2026-09-29,23850.0,CE,10.15,10.1,10.15,320145,40324,17787,8.82
2026-09-23 14:13:37,23449.3,2026-09-29,23850.0,PE,390.55,388.95,390.1,1948,2130,244,11.83
2026-09-23 14:13:37,23449.3,2026-09-29,23900.0,CE,7.35,7.35,7.4,404778,88918,23236,9.08
2026-09-23 14:13:37,23449.3,2026-09-29,23900.0,PE,436.3,435.95,437.0,5194,15207,-374,12.29
2026-09-23 14:13:37,23449.3,2026-09-29,23950.0,CE,5.65,5.6,5.7,212816,28102,8762,9.38
2026-09-23 14:13:37,23449.3,2026-09-29,23950.0,PE,488.2,484.1,485.45,687,2196,76,12.53
2026-09-23 14:14:38,23449.45,2026-09-29,22950.0,CE,533.6,532.95,535.3,1704,622,461,6.58
2026-09-23 14:14:38,23449.45,2026-09-29,22950.0,PE,11.45,11.45,11.5,201663,33727,19777,12.14
2026-09-23 14:14:38,23449.45,2026-09-29,23000.0,CE,485.0,485.0,486.1,30809,21972,416,6.35
2026-09-23 14:14:38,23449.45,2026-09-29,23000.0,PE,14.1,14.0,14.1,680893,204228,57825,11.85
2026-09-23 14:14:38,23449.45,2026-09-29,23050.0,CE,437.8,437.85,438.95,3546,1414,690,8.04
2026-09-23 14:14:38,23449.45,2026-09-29,23050.0,PE,16.8,16.8,16.9,229069,41821,27867,11.48
2026-09-23 14:14:38,23449.45,2026-09-29,23100.0,CE,392.5,392.0,393.0,37801,10338,3596,8.65
2026-09-23 14:14:38,23449.45,2026-09-29,23100.0,PE,20.8,20.75,20.85,500027,77371,32879,11.19
2026-09-23 14:14:38,23449.45,2026-09-29,23150.0,CE,348.35,347.45,348.2,20683,4732,2140,8.46
2026-09-23 14:14:38,23449.45,2026-09-29,23150.0,PE,25.8,25.8,25.9,373901,40934,18850,10.93
2026-09-23 14:14:38,23449.45,2026-09-29,23200.0,CE,304.3,304.0,304.25,170083,26888,926,8.77
2026-09-23 14:14:38,23449.45,2026-09-29,23200.0,PE,32.4,32.3,32.4,715068,116028,52342,10.69
2026-09-23 14:14:38,23449.45,2026-09-29,23250.0,CE,262.25,262.1,262.75,138250,18617,3531,8.76
2026-09-23 14:14:38,23449.45,2026-09-29,23250.0,PE,40.6,40.55,40.7,554644,76979,53763,10.48
2026-09-23 14:14:38,23449.45,2026-09-29,23300.0,CE,222.85,222.85,223.35,794416,77237,-3794,8.82
2026-09-23 14:14:38,23449.45,2026-09-29,23300.0,PE,51.35,51.25,51.35,1383578,182361,75848,10.32
2026-09-23 14:14:38,23449.45,2026-09-29,23350.0,CE,186.35,186.0,186.45,1046252,41911,6228,8.76
2026-09-23 14:14:38,23449.45,2026-09-29,23350.0,PE,64.5,64.35,64.5,1489229,115456,85831,10.14
2026-09-23 14:14:38,23449.45,2026-09-29,23400.0,CE,152.25,152.25,152.65,2595624,155810,44690,8.72
2026-09-23 14:14:38,23449.45,2026-09-29,23400.0,PE,81.1,80.85,81.05,2760140,268561,174537,10.04
2026-09-23 14:14:38,23449.45,2026-09-29,23450.0,CE,122.3,122.35,122.6,1725694,102708,74910,8.67
2026-09-23 14:14:38,23449.45,2026-09-29,23450.0,PE,100.55,100.3,100.55,1269398,94523,81725,9.94
2026-09-23 14:14:38,23449.45,2026-09-29,23500.0,CE,96.0,95.75,96.0,2111342,205378,67232,8.6
2026-09-23 14:14:38,23449.45,2026-09-29,23500.0,PE,123.8,123.8,124.0,1027507,148434,56982,9.89
2026-09-23 14:14:38,23449.45,2026-09-29,23550.0,CE,73.0,72.75,72.95,900157,69077,45336,8.54
2026-09-23 14:14:38,23449.45,2026-09-29,23550.0,PE,151.45,151.05,151.5,205566,16572,12345,9.89
2026-09-23 14:14:38,23449.45,2026-09-29,23600.0,CE,54.3,54.2,54.3,1130831,120661,55111,8.49
2026-09-23 14:14:38,23449.45,2026-09-29,23600.0,PE,182.6,182.55,183.0,252640,37847,17041,9.95
2026-09-23 14:14:38,23449.45,2026-09-29,23650.0,CE,39.6,39.6,39.75,648607,56383,27077,8.45
2026-09-23 14:14:38,23449.45,2026-09-29,23650.0,PE,217.75,217.35,217.85,46691,8179,4088,9.97
2026-09-23 14:14:38,23449.45,2026-09-29,23700.0,CE,28.45,28.35,28.45,846246,113091,32926,8.49
2026-09-23 14:14:38,23449.45,2026-09-29,23700.0,PE,256.55,256.05,256.75,59056,19086,3574,10.28
2026-09-23 14:14:38,23449.45,2026-09-29,23750.0,CE,20.25,20.2,20.25,386434,41548,14573,8.58
2026-09-23 14:14:38,23449.45,2026-09-29,23750.0,PE,298.3,297.75,298.5,8675,4069,635,10.53
2026-09-23 14:14:38,23449.45,2026-09-29,23800.0,CE,14.25,14.25,14.3,673300,132408,34501,8.68
2026-09-23 14:14:38,23449.45,2026-09-29,23800.0,PE,342.0,341.55,342.4,27251,24243,-1938,11.13
2026-09-23 14:14:38,23449.45,2026-09-29,23850.0,CE,10.25,10.15,10.25,321253,40291,17754,8.82
2026-09-23 14:14:38,23449.45,2026-09-29,23850.0,PE,389.3,387.45,388.65,1956,2132,246,11.83
2026-09-23 14:14:38,23449.45,2026-09-29,23900.0,CE,7.4,7.4,7.45,405865,89146,23464,9.08
2026-09-23 14:14:38,23449.45,2026-09-29,23900.0,PE,434.0,434.4,435.85,5221,15212,-369,12.29
2026-09-23 14:14:38,23449.45,2026-09-29,23950.0,CE,5.7,5.65,5.75,213229,28015,8675,9.38
2026-09-23 14:14:38,23449.45,2026-09-29,23950.0,PE,480.0,482.45,484.15,688,2205,85,12.53
2026-09-23 14:15:38,23451.35,2026-09-29,22950.0,CE,533.6,531.7,534.0,1705,623,462,6.58
2026-09-23 14:15:38,23451.35,2026-09-29,22950.0,PE,11.5,11.5,11.6,202052,33571,19621,12.14
2026-09-23 14:15:38,23451.35,2026-09-29,23000.0,CE,485.0,484.0,485.0,30919,22007,451,6.35
2026-09-23 14:15:38,23451.35,2026-09-29,23000.0,PE,14.2,14.15,14.2,682222,204549,58146,11.85
2026-09-23 14:15:38,23451.35,2026-09-29,23050.0,CE,435.8,436.95,438.35,3549,1414,690,8.04
2026-09-23 14:15:38,23451.35,2026-09-29,23050.0,PE,17.0,16.9,17.0,229471,41836,27882,11.48
2026-09-23 14:15:38,23451.35,2026-09-29,23100.0,CE,392.1,391.2,392.15,37818,10318,3576,8.65
2026-09-23 14:15:38,23451.35,2026-09-29,23100.0,PE,20.95,20.9,21.0,500868,77207,32715,11.19
2026-09-23 14:15:38,23451.35,2026-09-29,23150.0,CE,346.4,346.55,347.35,20687,4732,2140,8.46
2026-09-23 14:15:38,23451.35,2026-09-29,23150.0,PE,26.0,26.0,26.1,374361,40933,18849,10.93
2026-09-23 14:15:38,23451.35,2026-09-29,23200.0,CE,303.9,303.0,303.75,170417,26823,861,8.77
2026-09-23 14:15:38,23451.35,2026-09-29,23200.0,PE,32.5,32.5,32.6,716209,116137,52451,10.69
2026-09-23 14:15:38,23451.35,2026-09-29,23250.0,CE,261.15,261.6,262.2,138349,18617,3531,8.76
2026-09-23 14:15:38,23451.35,2026-09-29,23250.0,PE,40.85,40.8,40.95,555682,76921,53705,10.48
2026-09-23 14:15:38,23451.35,2026-09-29,23300.0,CE,222.15,222.2,222.8,795367,76956,-4075,8.82
2026-09-23 14:15:38,23451.35,2026-09-29,23300.0,PE,51.8,51.6,51.8,1385495,182114,75601,10.32
2026-09-23 14:15:38,23451.35,2026-09-29,23350.0,CE,185.45,185.4,185.8,1047603,41907,6224,8.76
2026-09-23 14:15:38,23451.35,2026-09-29,23350.0,PE,64.75,64.8,64.95,1491378,115272,85647,10.14
2026-09-23 14:15:38,23451.35,2026-09-29,23400.0,CE,151.9,151.9,152.35,2600452,156057,44937,8.72
2026-09-23 14:15:38,23451.35,2026-09-29,23400.0,PE,81.55,81.5,81.6,2764884,268956,174932,10.04
2026-09-23 14:15:38,23451.35,2026-09-29,23450.0,CE,122.3,122.15,122.3,1730512,103066,75268,8.67
2026-09-23 14:15:38,23451.35,2026-09-29,23450.0,PE,101.05,100.9,101.1,1273806,94819,82021,9.94
2026-09-23 14:15:38,23451.35,2026-09-29,23500.0,CE,95.75,95.55,95.75,2117107,205306,67160,8.6
2026-09-23 14:15:38,23451.35,2026-09-29,23500.0,PE,124.8,124.5,124.85,1030076,148829,57377,9.89
2026-09-23 14:15:38,23451.35,2026-09-29,23550.0,CE,72.8,72.6,72.8,902272,69446,45705,8.54
2026-09-23 14:15:38,23451.35,2026-09-29,23550.0,PE,152.1,151.75,152.1,206192,16619,12392,9.89
2026-09-23 14:15:38,23451.35,2026-09-29,23600.0,CE,54.25,54.1,54.15,1134163,120894,55344,8.49
2026-09-23 14:15:38,23451.35,2026-09-29,23600.0,PE,183.6,183.35,183.6,253485,38075,17269,9.95
2026-09-23 14:15:38,23451.35,2026-09-29,23650.0,CE,39.65,39.5,39.6,650509,56691,27385,8.45
2026-09-23 14:15:38,23451.35,2026-09-29,23650.0,PE,217.65,218.05,218.65,46838,8213,4122,9.97
2026-09-23 14:15:38,23451.35,2026-09-29,23700.0,CE,28.35,28.25,28.35,848124,113277,33112,8.49
2026-09-23 14:15:38,23451.35,2026-09-29,23700.0,PE,257.5,257.0,257.6,59429,19277,3765,10.28
2026-09-23 14:15:38,23451.35,2026-09-29,23750.0,CE,20.15,20.1,20.15,387364,41829,14854,8.58
2026-09-23 14:15:38,23451.35,2026-09-29,23750.0,PE,300.55,298.65,299.4,8693,4091,657,10.53
2026-09-23 14:15:38,23451.35,2026-09-29,23800.0,CE,14.25,14.15,14.25,674833,132404,34497,8.68
2026-09-23 14:15:38,23451.35,2026-09-29,23800.0,PE,342.6,342.45,343.3,27312,24239,-1942,11.13
2026-09-23 14:15:38,23451.35,2026-09-29,23850.0,CE,10.15,10.1,10.15,322267,40242,17705,8.82
2026-09-23 14:15:38,23451.35,2026-09-29,23850.0,PE,390.15,388.45,389.6,1960,2132,246,11.83
2026-09-23 14:15:38,23451.35,2026-09-29,23900.0,CE,7.4,7.3,7.4,407250,89545,23863,9.08
2026-09-23 14:15:38,23451.35,2026-09-29,23900.0,PE,436.8,435.25,436.55,5225,15215,-366,12.29
2026-09-23 14:15:38,23451.35,2026-09-29,23950.0,CE,5.65,5.65,5.7,213549,27982,8642,9.38
2026-09-23 14:15:38,23451.35,2026-09-29,23950.0,PE,484.5,483.45,485.25,689,2205,85,12.53
2026-09-23 14:16:38,23450.65,2026-09-29,22950.0,CE,533.6,531.25,534.5,1705,623,462,6.58
2026-09-23 14:16:38,23450.65,2026-09-29,22950.0,PE,11.55,11.55,11.6,202293,33571,19621,12.14
2026-09-23 14:16:38,23450.65,2026-09-29,23000.0,CE,485.0,484.05,485.2,30986,22007,451,6.35
2026-09-23 14:16:38,23450.65,2026-09-29,23000.0,PE,14.15,14.15,14.2,684307,204549,58146,11.85
2026-09-23 14:16:38,23450.65,2026-09-29,23050.0,CE,439.2,438.0,439.1,3559,1407,683,8.04
2026-09-23 14:16:38,23450.65,2026-09-29,23050.0,PE,16.85,16.85,16.9,230077,41836,27882,11.48
2026-09-23 14:16:38,23450.65,2026-09-29,23100.0,CE,392.95,392.2,392.85,37913,10318,3576,8.65
2026-09-23 14:16:38,23450.65,2026-09-29,23100.0,PE,20.85,20.85,20.95,501599,77207,32715,11.19
2026-09-23 14:16:38,23450.65,2026-09-29,23150.0,CE,346.5,346.5,347.2,20714,4740,2148,8.46
2026-09-23 14:16:38,23450.65,2026-09-29,23150.0,PE,26.0,26.05,26.1,375053,40933,18849,10.93
2026-09-23 14:16:38,23450.65,2026-09-29,23200.0,CE,304.05,303.55,304.3,170686,26823,861,8.77
2026-09-23 14:16:38,23450.65,2026-09-29,23200.0,PE,32.5,32.45,32.55,717584,116137,52451,10.69
2026-09-23 14:16:38,23450.65,2026-09-29,23250.0,CE,262.75,261.8,262.3,138581,18611,3525,8.76
2026-09-23 14:16:38,23450.65,2026-09-29,23250.0,PE,40.85,40.8,40.9,556794,76921,53705,10.48
2026-09-23 14:16:38,23450.65,2026-09-29,23300.0,CE,223.15,222.75,223.3,796674,76956,-4075,8.82
2026-09-23 14:16:38,23450.65,2026-09-29,23300.0,PE,51.55,51.5,51.55,1388009,182114,75601,10.32
2026-09-23 14:16:38,23450.65,2026-09-29,23350.0,CE,185.45,185.4,185.65,1048925,41907,6224,8.76
2026-09-23 14:16:38,23450.65,2026-09-29,23350.0,PE,64.95,64.8,65.0,1494283,115272,85647,10.14
2026-09-23 14:16:38,23450.65,2026-09-29,23400.0,CE,152.85,152.45,152.85,2606033,156057,44937,8.72
2026-09-23 14:16:38,23450.65,2026-09-29,23400.0,PE,81.15,81.0,81.15,2771524,268956,174932,10.04
2026-09-23 14:16:38,23450.65,2026-09-29,23450.0,CE,122.65,122.45,122.65,1736033,103066,75268,8.67
2026-09-23 14:16:38,23450.65,2026-09-29,23450.0,PE,100.75,100.5,100.75,1278725,94819,82021,9.94
2026-09-23 14:16:38,23450.65,2026-09-29,23500.0,CE,95.6,95.4,95.6,2124647,205306,67160,8.6
2026-09-23 14:16:38,23450.65,2026-09-29,23500.0,PE,124.65,124.5,124.7,1032878,148829,57377,9.89
2026-09-23 14:16:38,23450.65,2026-09-29,23550.0,CE,73.05,72.8,73.05,905418,69446,45705,8.54
2026-09-23 14:16:38,23450.65,2026-09-29,23550.0,PE,151.15,151.35,151.7,206843,16619,12392,9.89
2026-09-23 14:16:38,23450.65,2026-09-29,23600.0,CE,54.0,54.0,54.15,1136952,120894,55344,8.49
2026-09-23 14:16:38,23450.65,2026-09-29,23600.0,PE,183.15,183.1,183.35,254194,38075,17269,9.95
2026-09-23 14:16:38,23450.65,2026-09-29,23650.0,CE,39.8,39.7,39.8,652346,56691,27385,8.45
2026-09-23 14:16:38,23450.65,2026-09-29,23650.0,PE,217.15,217.6,218.15,46992,8213,4122,9.97
2026-09-23 14:16:38,23450.65,2026-09-29,23700.0,CE,28.2,28.2,28.25,849990,113277,33112,8.49
2026-09-23 14:16:38,23450.65,2026-09-29,23700.0,PE,256.9,257.1,257.7,59644,19277,3765,10.28
2026-09-23 14:16:38,23450.65,2026-09-29,23750.0,CE,20.15,20.15,20.25,388431,41829,14854,8.58
2026-09-23 14:16:38,23450.65,2026-09-29,23750.0,PE,298.0,297.65,298.55,8733,4099,665,10.53
2026-09-23 14:16:38,23450.65,2026-09-29,23800.0,CE,14.3,14.2,14.25,676509,132404,34497,8.68
2026-09-23 14:16:38,23450.65,2026-09-29,23800.0,PE,342.1,341.9,342.8,27391,24239,-1942,11.13
2026-09-23 14:16:38,23450.65,2026-09-29,23850.0,CE,10.1,10.1,10.2,323308,40242,17705,8.82
2026-09-23 14:16:38,23450.65,2026-09-29,23850.0,PE,389.65,387.5,388.6,1964,2131,245,11.83
2026-09-23 14:16:38,23450.65,2026-09-29,23900.0,CE,7.35,7.3,7.35,408012,89545,23863,9.08
2026-09-23 14:16:38,23450.65,2026-09-29,23900.0,PE,435.3,434.85,436.0,5259,15215,-366,12.29
2026-09-23 14:16:38,23450.65,2026-09-29,23950.0,CE,5.65,5.6,5.65,214102,27982,8642,9.38
2026-09-23 14:16:38,23450.65,2026-09-29,23950.0,PE,482.65,482.55,485.4,690,2204,84,12.53
2026-09-23 14:17:39,23446.6,2026-09-29,22950.0,CE,530.4,527.7,530.1,1706,624,463,6.58
2026-09-23 14:17:39,23446.6,2026-09-29,22950.0,PE,11.7,11.65,11.7,202544,33627,19677,12.14
2026-09-23 14:17:39,23446.6,2026-09-29,23000.0,CE,480.35,480.15,481.0,31025,22026,470,6.35
2026-09-23 14:17:39,23446.6,2026-09-29,23000.0,PE,14.45,14.35,14.4,685093,204463,58060,11.85
2026-09-23 14:17:39,23446.6,2026-09-29,23050.0,CE,434.0,434.0,435.2,3567,1408,684,8.04
2026-09-23 14:17:39,23446.6,2026-09-29,23050.0,PE,17.3,17.15,17.2,230531,41976,28022,11.48
2026-09-23 14:17:39,23446.6,2026-09-29,23100.0,CE,388.4,387.9,388.35,37934,10282,3540,8.65
2026-09-23 14:17:39,23446.6,2026-09-29,23100.0,PE,21.35,21.3,21.35,502489,77358,32866,11.19
2026-09-23 14:17:39,23446.6,2026-09-29,23150.0,CE,343.05,343.05,343.6,20759,4727,2135,8.46
2026-09-23 14:17:39,23446.6,2026-09-29,23150.0,PE,26.5,26.5,26.55,375359,41013,18929,10.93
2026-09-23 14:17:39,23446.6,2026-09-29,23200.0,CE,300.0,299.4,300.0,171077,26802,840,8.77
2026-09-23 14:17:39,23446.6,2026-09-29,23200.0,PE,33.15,33.1,33.2,718519,116394,52708,10.69
2026-09-23 14:17:39,23446.6,2026-09-29,23250.0,CE,258.1,259.1,259.7,138752,18577,3491,8.76
2026-09-23 14:17:39,23446.6,2026-09-29,23250.0,PE,41.4,41.3,41.45,558199,76957,53741,10.48
2026-09-23 14:17:39,23446.6,2026-09-29,23300.0,CE,219.15,219.7,220.0,798112,76795,-4236,8.82
2026-09-23 14:17:39,23446.6,2026-09-29,23300.0,PE,52.4,52.3,52.4,1390820,183307,76794,10.32
2026-09-23 14:17:39,23446.6,2026-09-29,23350.0,CE,182.3,182.35,182.75,1050810,41781,6098,8.76
2026-09-23 14:17:39,23446.6,2026-09-29,23350.0,PE,66.0,65.8,66.0,1496333,116177,86552,10.14
2026-09-23 14:17:39,23446.6,2026-09-29,23400.0,CE,149.6,149.25,149.6,2612006,155194,44074,8.72
2026-09-23 14:17:39,23446.6,2026-09-29,23400.0,PE,82.65,82.5,82.65,2777526,272063,178039,10.04
2026-09-23 14:17:39,23446.6,2026-09-29,23450.0,CE,119.35,119.35,119.55,1743159,103955,76157,8.67
2026-09-23 14:17:39,23446.6,2026-09-29,23450.0,PE,102.55,102.3,102.55,1283852,96485,83687,9.94
2026-09-23 14:17:39,23446.6,2026-09-29,23500.0,CE,93.25,93.05,93.25,2132030,205178,67032,8.6
2026-09-23 14:17:39,23446.6,2026-09-29,23500.0,PE,126.5,126.15,126.4,1035956,149964,58512,9.89
2026-09-23 14:17:39,23446.6,2026-09-29,23550.0,CE,70.7,70.5,70.65,908667,69315,45574,8.54
2026-09-23 14:17:39,23446.6,2026-09-29,23550.0,PE,153.75,153.85,154.0,207619,16898,12671,9.89
2026-09-23 14:17:39,23446.6,2026-09-29,23600.0,CE,52.85,52.7,52.85,1141853,120875,55325,8.49
2026-09-23 14:17:39,23446.6,2026-09-29,23600.0,PE,184.95,184.6,185.05,255561,38277,17471,9.95
2026-09-23 14:17:39,23446.6,2026-09-29,23650.0,CE,38.35,38.25,38.4,655725,56424,27118,8.45
2026-09-23 14:17:39,23446.6,2026-09-29,23650.0,PE,221.35,220.0,220.45,47139,8195,4104,9.97
2026-09-23 14:17:39,23446.6,2026-09-29,23700.0,CE,27.15,27.15,27.25,852858,113156,32991,8.49
2026-09-23 14:17:39,23446.6,2026-09-29,23700.0,PE,260.6,260.0,260.65,60114,19324,3812,10.28
2026-09-23 14:17:39,23446.6,2026-09-29,23750.0,CE,19.3,19.25,19.35,389581,41641,14666,8.58
2026-09-23 14:17:39,23446.6,2026-09-29,23750.0,PE,301.2,301.6,302.35,8763,4089,655,10.53
2026-09-23 14:17:39,23446.6,2026-09-29,23800.0,CE,13.55,13.55,13.65,679410,132554,34647,8.68
2026-09-23 14:17:39,23446.6,2026-09-29,23800.0,PE,346.85,346.0,346.85,27479,24285,-1896,11.13
2026-09-23 14:17:39,23446.6,2026-09-29,23850.0,CE,9.7,9.65,9.7,324309,40174,17637,8.82
2026-09-23 14:17:39,23446.6,2026-09-29,23850.0,PE,389.65,392.25,393.3,1964,2131,245,11.83
2026-09-23 14:17:39,23446.6,2026-09-29,23900.0,CE,7.1,7.05,7.1,409593,89614,23932,9.08
2026-09-23 14:17:39,23446.6,2026-09-29,23900.0,PE,438.25,438.9,440.0,5294,15208,-373,12.29
2026-09-23 14:17:39,23446.6,2026-09-29,23950.0,CE,5.5,5.45,5.5,214487,28120,8780,9.38
2026-09-23 14:17:39,23446.6,2026-09-29,23950.0,PE,482.65,486.9,489.1,690,2204,84,12.53
2026-09-23 14:18:39,23444.6,2026-09-29,22950.0,CE,530.4,528.0,530.55,1706,624,463,
2026-09-23 14:18:39,23444.6,2026-09-29,22950.0,PE,11.8,11.7,11.8,203370,33584,19634,12.24
2026-09-23 14:18:39,23444.6,2026-09-29,23000.0,CE,480.5,480.6,481.8,31045,22007,451,
2026-09-23 14:18:39,23444.6,2026-09-29,23000.0,PE,14.4,14.35,14.4,686164,204424,58021,11.93
2026-09-23 14:18:39,23444.6,2026-09-29,23050.0,CE,435.5,434.0,435.1,3570,1410,686,8.14
2026-09-23 14:18:39,23444.6,2026-09-29,23050.0,PE,17.25,17.2,17.3,230785,42010,28056,11.55
2026-09-23 14:18:39,23444.6,2026-09-29,23100.0,CE,388.25,387.95,389.0,37958,10295,3553,8.55
2026-09-23 14:18:39,23444.6,2026-09-29,23100.0,PE,21.35,21.25,21.35,503076,77407,32915,11.23
2026-09-23 14:18:39,23444.6,2026-09-29,23150.0,CE,344.05,343.85,344.6,20777,4721,2129,8.73
2026-09-23 14:18:39,23444.6,2026-09-29,23150.0,PE,26.55,26.45,26.55,375950,40998,18914,10.94
2026-09-23 14:18:39,23444.6,2026-09-29,23200.0,CE,301.0,300.2,300.8,171335,26880,918,8.69
2026-09-23 14:18:39,23444.6,2026-09-29,23200.0,PE,33.2,33.15,33.2,720297,116430,52744,10.69
2026-09-23 14:18:39,23444.6,2026-09-29,23250.0,CE,259.5,259.0,259.65,138888,18571,3485,8.79
2026-09-23 14:18:39,23444.6,2026-09-29,23250.0,PE,41.55,41.5,41.6,559109,76819,53603,10.45
2026-09-23 14:18:39,23444.6,2026-09-29,23300.0,CE,220.0,219.4,219.95,800006,76361,-4670,8.8
2026-09-23 14:18:39,23444.6,2026-09-29,23300.0,PE,52.6,52.45,52.5,1393974,183003,76490,10.26
2026-09-23 14:18:39,23444.6,2026-09-29,23350.0,CE,183.5,182.9,183.35,1052441,41243,5560,8.74
2026-09-23 14:18:39,23444.6,2026-09-29,23350.0,PE,65.75,65.75,65.9,1498795,115952,86327,10.08
2026-09-23 14:18:39,23444.6,2026-09-29,23400.0,CE,150.0,149.7,150.0,2618452,154990,43870,8.65
2026-09-23 14:18:39,23444.6,2026-09-29,23400.0,PE,82.55,82.35,82.6,2786275,271763,177739,9.97
2026-09-23 14:18:39,23444.6,2026-09-29,23450.0,CE,119.95,119.7,120.0,1749353,103667,75869,8.62
2026-09-23 14:18:39,23444.6,2026-09-29,23450.0,PE,102.35,102.1,102.35,1290052,96667,83869,9.85
2026-09-23 14:18:39,23444.6,2026-09-29,23500.0,CE,93.8,93.55,93.8,2138349,204074,65928,8.55
2026-09-23 14:18:39,23444.6,2026-09-29,23500.0,PE,125.95,125.7,126.0,1039553,149744,58292,9.81
2026-09-23 14:18:39,23444.6,2026-09-29,23550.0,CE,70.85,70.85,71.05,911442,68927,45186,8.45
2026-09-23 14:18:39,23444.6,2026-09-29,23550.0,PE,153.5,153.25,153.65,208531,16868,12641,9.77
2026-09-23 14:18:39,23444.6,2026-09-29,23600.0,CE,52.55,52.55,52.7,1145868,120743,55193,8.41
2026-09-23 14:18:39,23444.6,2026-09-29,23600.0,PE,185.0,184.9,185.35,256406,38056,17250,9.8
2026-09-23 14:18:39,23444.6,2026-09-29,23650.0,CE,38.15,38.1,38.25,657417,56218,26912,8.42
2026-09-23 14:18:39,23444.6,2026-09-29,23650.0,PE,220.35,220.0,220.6,47262,8241,4150,9.94
2026-09-23 14:18:39,23444.6,2026-09-29,23700.0,CE,27.15,27.15,27.25,855679,112782,32617,8.43
2026-09-23 14:18:39,23444.6,2026-09-29,23700.0,PE,259.85,259.2,259.95,60514,19345,3833,10.15
2026-09-23 14:18:39,23444.6,2026-09-29,23750.0,CE,19.4,19.3,19.35,390453,41799,14824,8.49
2026-09-23 14:18:39,23444.6,2026-09-29,23750.0,PE,301.5,300.9,301.7,8807,4101,667,10.36
2026-09-23 14:18:39,23444.6,2026-09-29,23800.0,CE,13.55,13.55,13.65,681004,132631,34724,8.59
2026-09-23 14:18:39,23444.6,2026-09-29,23800.0,PE,346.65,345.25,346.15,27537,24258,-1923,10.78
2026-09-23 14:18:39,23444.6,2026-09-29,23850.0,CE,9.65,9.65,9.7,325271,40235,17698,8.75
2026-09-23 14:18:39,23444.6,2026-09-29,23850.0,PE,390.7,391.25,392.4,1969,2131,245,11.3
2026-09-23 14:18:39,23444.6,2026-09-29,23900.0,CE,7.05,7.0,7.05,410457,89967,24285,8.96
2026-09-23 14:18:39,23444.6,2026-09-29,23900.0,PE,440.1,438.25,439.6,5304,15208,-373,12.1
2026-09-23 14:18:39,23444.6,2026-09-29,23950.0,CE,5.4,5.4,5.45,214804,28273,8933,9.28
2026-09-23 14:18:39,23444.6,2026-09-29,23950.0,PE,487.0,486.55,488.15,714,2204,84,12.36
2026-09-23 14:19:39,23445.15,2026-09-29,22950.0,CE,530.4,527.35,529.6,1706,624,463,6.58
2026-09-23 14:19:39,23445.15,2026-09-29,22950.0,PE,11.7,11.7,11.75,203745,33929,19979,12.14
2026-09-23 14:19:39,23445.15,2026-09-29,23000.0,CE,481.1,480.15,481.25,31060,21998,442,6.35
2026-09-23 14:19:39,23445.15,2026-09-29,23000.0,PE,14.3,14.35,14.4,686792,204578,58175,11.85
2026-09-23 14:19:39,23445.15,2026-09-29,23050.0,CE,435.0,433.05,434.25,3572,1410,686,8.04
2026-09-23 14:19:39,23445.15,2026-09-29,23050.0,PE,17.2,17.2,17.3,230969,42042,28088,11.48
2026-09-23 14:19:39,23445.15,2026-09-29,23100.0,CE,388.7,387.1,388.25,37965,10295,3553,8.65
2026-09-23 14:19:39,23445.15,2026-09-29,23100.0,PE,21.35,21.3,21.35,503439,77434,32942,11.19
2026-09-23 14:19:39,23445.15,2026-09-29,23150.0,CE,343.35,342.95,343.6,20784,4720,2128,8.46
2026-09-23 14:19:39,23445.15,2026-09-29,23150.0,PE,26.5,26.45,26.55,376203,41118,19034,10.93
2026-09-23 14:19:39,23445.15,2026-09-29,23200.0,CE,300.0,299.35,300.05,171431,26824,862,8.77
2026-09-23 14:19:39,23445.15,2026-09-29,23200.0,PE,33.2,33.15,33.2,720818,116805,53119,10.69
2026-09-23 14:19:39,23445.15,2026-09-29,23250.0,CE,258.35,258.0,258.65,138937,18578,3492,8.76
2026-09-23 14:19:39,23445.15,2026-09-29,23250.0,PE,41.6,41.6,41.65,559512,76998,53782,10.48
2026-09-23 14:19:39,23445.15,2026-09-29,23300.0,CE,219.35,219.1,219.4,800445,76057,-4974,8.82
2026-09-23 14:19:39,23445.15,2026-09-29,23300.0,PE,52.65,52.5,52.65,1396258,182764,76251,10.32
2026-09-23 14:19:39,23445.15,2026-09-29,23350.0,CE,182.65,182.3,182.75,1052948,41389,5706,8.76
2026-09-23 14:19:39,23445.15,2026-09-29,23350.0,PE,65.75,65.8,65.95,1499976,116403,86778,10.14
2026-09-23 14:19:39,23445.15,2026-09-29,23400.0,CE,149.15,149.15,149.35,2620471,154125,43005,8.72
2026-09-23 14:19:39,23445.15,2026-09-29,23400.0,PE,82.8,82.65,82.85,2789289,273220,179196,10.04
2026-09-23 14:19:39,23445.15,2026-09-29,23450.0,CE,119.5,119.25,119.5,1751702,103017,75219,8.67
2026-09-23 14:19:39,23445.15,2026-09-29,23450.0,PE,102.6,102.35,102.6,1292990,98370,85572,9.94
2026-09-23 14:19:39,23445.15,2026-09-29,23500.0,CE,93.3,93.05,93.3,2142094,203375,65229,8.6
2026-09-23 14:19:39,23445.15,2026-09-29,23500.0,PE,126.1,126.1,126.35,1041085,149885,58433,9.89
2026-09-23 14:19:39,23445.15,2026-09-29,23550.0,CE,70.5,70.4,70.6,912885,68588,44847,8.54
2026-09-23 14:19:39,23445.15,2026-09-29,23550.0,PE,154.15,153.75,154.2,208882,17140,12913,9.89
2026-09-23 14:19:39,23445.15,2026-09-29,23600.0,CE,52.3,52.15,52.3,1147369,120808,55258,8.49
2026-09-23 14:19:39,23445.15,2026-09-29,23600.0,PE,185.6,185.4,185.85,256774,38096,17290,9.95
2026-09-23 14:19:39,23445.15,2026-09-29,23650.0,CE,37.85,37.9,38.0,657977,56187,26881,8.45
2026-09-23 14:19:39,23445.15,2026-09-29,23650.0,PE,220.7,220.6,221.15,47318,8256,4165,9.97
2026-09-23 14:19:39,23445.15,2026-09-29,23700.0,CE,27.05,27.0,27.05,856731,112563,32398,8.49
2026-09-23 14:19:39,23445.15,2026-09-29,23700.0,PE,259.75,259.7,260.0,60620,19250,3738,10.28
2026-09-23 14:19:39,23445.15,2026-09-29,23750.0,CE,19.2,19.1,19.2,390925,41707,14732,8.58
2026-09-23 14:19:39,23445.15,2026-09-29,23750.0,PE,301.25,301.6,302.45,8821,4107,673,10.53
2026-09-23 14:19:39,23445.15,2026-09-29,23800.0,CE,13.55,13.5,13.55,681928,132442,34535,8.68
2026-09-23 14:19:39,23445.15,2026-09-29,23800.0,PE,346.3,346.0,346.9,27569,24259,-1922,11.13
2026-09-23 14:19:39,23445.15,2026-09-29,23850.0,CE,9.6,9.6,9.65,325753,40170,17633,8.82
2026-09-23 14:19:39,23445.15,2026-09-29,23850.0,PE,391.15,392.0,393.2,1971,2126,240,11.83
2026-09-23 14:19:39,23445.15,2026-09-29,23900.0,CE,7.0,7.0,7.05,410637,89794,24112,9.08
2026-09-23 14:19:39,23445.15,2026-09-29,23900.0,PE,440.1,439.1,440.45,5304,15208,-373,12.29
2026-09-23 14:19:39,23445.15,2026-09-29,23950.0,CE,5.4,5.4,5.45,214877,28310,8970,9.38
2026-09-23 14:19:39,23445.15,2026-09-29,23950.0,PE,488.7,487.45,489.0,716,2201,81,12.53
2026-09-23 14:20:40,23442.55,2026-09-29,22950.0,CE,529.45,528.85,532.3,1707,624,463,6.58
2026-09-23 14:20:40,23442.55,2026-09-29,22950.0,PE,11.6,11.6,11.7,204444,34034,20084,12.14
2026-09-23 14:20:40,23442.55,2026-09-29,23000.0,CE,484.4,481.75,483.1,31085,21998,442,6.35
2026-09-23 14:20:40,23442.55,2026-09-29,23000.0,PE,14.25,14.25,14.3,687634,204497,58094,11.85
2026-09-23 14:20:40,23442.55,2026-09-29,23050.0,CE,435.2,434.15,435.35,3573,1410,686,8.04
2026-09-23 14:20:40,23442.55,2026-09-29,23050.0,PE,17.15,17.1,17.2,231237,42151,28197,11.48
2026-09-23 14:20:40,23442.55,2026-09-29,23100.0,CE,390.95,388.85,390.0,37990,10293,3551,8.65
2026-09-23 14:20:40,23442.55,2026-09-29,23100.0,PE,21.25,21.1,21.2,504351,77437,32945,11.19
2026-09-23 14:20:40,23442.55,2026-09-29,23150.0,CE,343.2,344.2,345.1,20788,4709,2117,8.46
2026-09-23 14:20:40,23442.55,2026-09-29,23150.0,PE,26.35,26.35,26.45,376923,41168,19084,10.93
2026-09-23 14:20:40,23442.55,2026-09-29,23200.0,CE,301.15,300.45,301.2,171595,26762,800,8.77
2026-09-23 14:20:40,23442.55,2026-09-29,23200.0,PE,33.0,32.95,33.05,722193,116904,53218,10.69
2026-09-23 14:20:40,23442.55,2026-09-29,23250.0,CE,259.9,259.35,260.1,139366,18347,3261,8.76
2026-09-23 14:20:40,23442.55,2026-09-29,23250.0,PE,41.35,41.3,41.45,560788,77009,53793,10.48
2026-09-23 14:20:40,23442.55,2026-09-29,23300.0,CE,220.45,220.15,220.6,801689,75936,-5095,8.82
2026-09-23 14:20:40,23442.55,2026-09-29,23300.0,PE,52.4,52.25,52.4,1398793,183005,76492,10.32
2026-09-23 14:20:40,23442.55,2026-09-29,23350.0,CE,183.75,183.8,184.2,1054564,40998,5315,8.76
2026-09-23 14:20:40,23442.55,2026-09-29,23350.0,PE,65.6,65.3,65.5,1503399,116686,87061,10.14
2026-09-23 14:20:40,23442.55,2026-09-29,23400.0,CE,150.4,150.05,150.45,2624789,152247,41127,8.72
2026-09-23 14:20:40,23442.55,2026-09-29,23400.0,PE,82.35,82.3,82.45,2795238,275991,181967,10.04
2026-09-23 14:20:40,23442.55,2026-09-29,23450.0,CE,120.8,120.5,120.8,1756659,103286,75488,8.67
2026-09-23 14:20:40,23442.55,2026-09-29,23450.0,PE,102.15,101.65,101.95,1297585,100297,87499,9.94
2026-09-23 14:20:40,23442.55,2026-09-29,23500.0,CE,94.1,93.95,94.15,2147997,202458,64312,8.6
2026-09-23 14:20:40,23442.55,2026-09-29,23500.0,PE,125.65,125.75,126.0,1043864,150901,59449,9.89
2026-09-23 14:20:40,23442.55,2026-09-29,23550.0,CE,71.4,71.2,71.4,914658,68317,44576,8.54
2026-09-23 14:20:40,23442.55,2026-09-29,23550.0,PE,153.4,153.2,153.6,209733,17364,13137,9.89
2026-09-23 14:20:40,23442.55,2026-09-29,23600.0,CE,52.9,52.85,53.0,1150262,120795,55245,8.49
2026-09-23 14:20:40,23442.55,2026-09-29,23600.0,PE,184.85,184.55,184.95,257428,38330,17524,9.95
2026-09-23 14:20:40,23442.55,2026-09-29,23650.0,CE,38.6,38.5,38.65,659701,55897,26591,8.45
2026-09-23 14:20:40,23442.55,2026-09-29,23650.0,PE,219.95,219.8,220.35,47473,8340,4249,9.97
2026-09-23 14:20:40,23442.55,2026-09-29,23700.0,CE,27.6,27.6,27.65,859057,112630,32465,8.49
2026-09-23 14:20:40,23442.55,2026-09-29,23700.0,PE,259.55,258.3,258.95,60849,19174,3662,10.28
2026-09-23 14:20:40,23442.55,2026-09-29,23750.0,CE,19.55,19.45,19.55,392197,41640,14665,8.58
2026-09-23 14:20:40,23442.55,2026-09-29,23750.0,PE,300.0,300.75,301.65,8831,4125,691,10.53
2026-09-23 14:20:40,23442.55,2026-09-29,23800.0,CE,13.8,13.8,13.9,683543,132746,34839,8.68
2026-09-23 14:20:40,23442.55,2026-09-29,23800.0,PE,345.0,344.4,345.25,27597,24277,-1904,11.13
2026-09-23 14:20:40,23442.55,2026-09-29,23850.0,CE,9.75,9.75,9.8,327141,40637,18100,8.82
2026-09-23 14:20:40,23442.55,2026-09-29,23850.0,PE,390.7,390.7,391.95,1974,2124,238,11.83
2026-09-23 14:20:40,23442.55,2026-09-29,23900.0,CE,7.15,7.1,7.15,412118,90486,24804,9.08
2026-09-23 14:20:40,23442.55,2026-09-29,23900.0,PE,436.0,437.85,439.15,5310,15211,-370,12.29
2026-09-23 14:20:40,23442.55,2026-09-29,23950.0,CE,5.5,5.5,5.55,215207,28334,8994,9.38
2026-09-23 14:20:40,23442.55,2026-09-29,23950.0,PE,487.0,485.9,487.7,721,2201,81,12.53
2026-09-23 14:21:40,23440.3,2026-09-29,22950.0,CE,529.45,524.95,527.9,1707,624,463,
2026-09-23 14:21:40,23440.3,2026-09-29,22950.0,PE,11.7,11.7,11.75,204718,34043,20093,12.25
2026-09-23 14:21:40,23440.3,2026-09-29,23000.0,CE,479.55,478.35,479.6,31101,21975,419,8.38
2026-09-23 14:21:40,23440.3,2026-09-29,23000.0,PE,14.4,14.35,14.4,688419,204914,58511,11.93
2026-09-23 14:21:40,23440.3,2026-09-29,23050.0,CE,435.0,431.85,433.15,3585,1410,686,8.04
2026-09-23 14:21:40,23440.3,2026-09-29,23050.0,PE,17.3,17.25,17.3,231488,42144,28190,11.53
2026-09-23 14:21:40,23440.3,2026-09-29,23100.0,CE,387.2,386.3,386.7,38018,10297,3555,8.9
2026-09-23 14:21:40,23440.3,2026-09-29,23100.0,PE,21.35,21.35,21.4,505037,77331,32839,11.23
2026-09-23 14:21:40,23440.3,2026-09-29,23150.0,CE,342.8,341.2,342.05,20815,4714,2122,8.84
2026-09-23 14:21:40,23440.3,2026-09-29,23150.0,PE,26.55,26.6,26.65,377541,41122,19038,10.94
2026-09-23 14:21:40,23440.3,2026-09-29,23200.0,CE,298.4,298.0,298.2,171835,26690,728,8.86
2026-09-23 14:21:40,23440.3,2026-09-29,23200.0,PE,33.2,33.25,33.3,723550,116876,53190,10.67
2026-09-23 14:21:40,23440.3,2026-09-29,23250.0,CE,257.2,256.6,257.15,139443,18331,3245,8.87
2026-09-23 14:21:40,23440.3,2026-09-29,23250.0,PE,41.8,41.75,41.85,561594,77034,53818,10.42
2026-09-23 14:21:40,23440.3,2026-09-29,23300.0,CE,217.5,217.4,217.8,802602,75645,-5386,8.84
2026-09-23 14:21:40,23440.3,2026-09-29,23300.0,PE,52.85,52.8,52.9,1400901,182381,75868,10.22
2026-09-23 14:21:40,23440.3,2026-09-29,23350.0,CE,181.0,181.0,181.2,1055597,41322,5639,8.78
2026-09-23 14:21:40,23440.3,2026-09-29,23350.0,PE,66.4,66.2,66.4,1505384,116320,86695,10.06
2026-09-23 14:21:40,23440.3,2026-09-29,23400.0,CE,148.25,147.9,148.25,2628728,151693,40573,8.75
2026-09-23 14:21:40,23440.3,2026-09-29,23400.0,PE,83.1,83.1,83.3,2801906,276346,182322,9.91
2026-09-23 14:21:40,23440.3,2026-09-29,23450.0,CE,118.1,118.1,118.35,1760548,103190,75392,8.65
2026-09-23 14:21:40,23440.3,2026-09-29,23450.0,PE,103.25,103.05,103.3,1302413,100900,88102,9.75
2026-09-23 14:21:40,23440.3,2026-09-29,23500.0,CE,92.4,92.2,92.45,2152388,201917,63771,8.58
2026-09-23 14:21:40,23440.3,2026-09-29,23500.0,PE,126.9,127.0,127.15,1046735,150850,59398,9.69
2026-09-23 14:21:40,23440.3,2026-09-29,23550.0,CE,69.85,69.7,69.8,916864,68430,44689,8.49
2026-09-23 14:21:40,23440.3,2026-09-29,23550.0,PE,154.7,154.8,154.95,210440,17277,13050,9.65
2026-09-23 14:21:40,23440.3,2026-09-29,23600.0,CE,51.5,51.5,51.6,1152264,120619,55069,8.42
2026-09-23 14:21:40,23440.3,2026-09-29,23600.0,PE,186.5,186.45,186.7,257951,38115,17309,9.67
2026-09-23 14:21:40,23440.3,2026-09-29,23650.0,CE,37.45,37.45,37.55,660812,55856,26550,8.4
2026-09-23 14:21:40,23440.3,2026-09-29,23650.0,PE,221.9,221.9,222.15,47606,8309,4218,9.76
2026-09-23 14:21:40,23440.3,2026-09-29,23700.0,CE,26.65,26.65,26.75,860150,112498,32333,8.4
2026-09-23 14:21:40,23440.3,2026-09-29,23700.0,PE,260.9,261.2,261.7,60972,19185,3673,10.0
2026-09-23 14:21:40,23440.3,2026-09-29,23750.0,CE,19.0,19.0,19.05,392817,41739,14764,8.47
2026-09-23 14:21:40,23440.3,2026-09-29,23750.0,PE,302.95,303.15,304.0,8870,4134,700,10.22
2026-09-23 14:21:40,23440.3,2026-09-29,23800.0,CE,13.45,13.4,13.45,686291,132174,34267,8.56
2026-09-23 14:21:40,23440.3,2026-09-29,23800.0,PE,347.5,347.55,348.55,27664,24297,-1884,10.7
2026-09-23 14:21:40,23440.3,2026-09-29,23850.0,CE,9.55,9.5,9.55,327957,40692,18155,8.69
2026-09-23 14:21:40,23440.3,2026-09-29,23850.0,PE,393.2,393.55,394.8,1986,2127,241,11.2
2026-09-23 14:21:40,23440.3,2026-09-29,23900.0,CE,7.0,6.95,7.0,412833,90461,24779,8.91
2026-09-23 14:21:40,23440.3,2026-09-29,23900.0,PE,440.35,440.6,441.95,5315,15204,-377,11.43
2026-09-23 14:21:40,23440.3,2026-09-29,23950.0,CE,5.45,5.4,5.45,215603,28256,8916,9.21
2026-09-23 14:21:40,23440.3,2026-09-29,23950.0,PE,487.0,488.55,490.85,721,2202,82,12.57
2026-09-23 14:22:40,23442.2,2026-09-29,22950.0,CE,529.45,523.85,526.4,1707,624,463,
2026-09-23 14:22:40,23442.2,2026-09-29,22950.0,PE,11.9,11.85,11.9,205117,34002,20052,12.25
2026-09-23 14:22:40,23442.2,2026-09-29,23000.0,CE,476.3,476.75,478.3,31200,21975,419,8.38
2026-09-23 14:22:40,23442.2,2026-09-29,23000.0,PE,14.6,14.55,14.65,690688,204753,58350,11.93
2026-09-23 14:22:40,23442.2,2026-09-29,23050.0,CE,429.3,430.55,431.8,3594,1412,688,8.04
2026-09-23 14:22:40,23442.2,2026-09-29,23050.0,PE,17.55,17.5,17.6,232345,42073,28119,11.53
2026-09-23 14:22:40,23442.2,2026-09-29,23100.0,CE,385.0,384.4,385.5,38058,10297,3555,8.9
2026-09-23 14:22:40,23442.2,2026-09-29,23100.0,PE,21.7,21.6,21.7,505926,77425,32933,11.23
2026-09-23 14:22:40,23442.2,2026-09-29,23150.0,CE,338.8,340.1,340.95,20836,4714,2122,8.84
2026-09-23 14:22:40,23442.2,2026-09-29,23150.0,PE,27.0,26.95,27.05,378468,41065,18981,10.94
2026-09-23 14:22:40,23442.2,2026-09-29,23200.0,CE,297.45,296.45,297.15,172224,26638,676,8.86
2026-09-23 14:22:40,23442.2,2026-09-29,23200.0,PE,33.8,33.8,33.9,725524,116838,53152,10.67
2026-09-23 14:22:40,23442.2,2026-09-29,23250.0,CE,255.5,255.45,256.15,139637,18288,3202,8.87
2026-09-23 14:22:40,23442.2,2026-09-29,23250.0,PE,42.25,42.3,42.45,562923,77108,53892,10.42
2026-09-23 14:22:40,23442.2,2026-09-29,23300.0,CE,216.5,216.4,216.95,804662,75618,-5413,8.84
2026-09-23 14:22:40,23442.2,2026-09-29,23300.0,PE,53.7,53.55,53.7,1406192,182558,76045,10.22
2026-09-23 14:22:40,23442.2,2026-09-29,23350.0,CE,180.5,180.25,180.5,1057417,41225,5542,8.78
2026-09-23 14:22:40,23442.2,2026-09-29,23350.0,PE,67.2,67.0,67.15,1509349,116294,86669,10.06
2026-09-23 14:22:40,23442.2,2026-09-29,23400.0,CE,147.25,147.05,147.5,2636081,151274,40154,8.75
2026-09-23 14:22:40,23442.2,2026-09-29,23400.0,PE,84.3,84.05,84.3,2812466,277101,183077,9.91
2026-09-23 14:22:40,23442.2,2026-09-29,23450.0,CE,117.8,117.55,117.85,1768714,101852,74054,8.65
2026-09-23 14:22:40,23442.2,2026-09-29,23450.0,PE,104.0,103.9,104.15,1311181,100952,88154,9.75
2026-09-23 14:22:40,23442.2,2026-09-29,23500.0,CE,91.65,91.65,91.8,2160017,200853,62707,8.58
2026-09-23 14:22:40,23442.2,2026-09-29,23500.0,PE,128.0,127.85,128.2,1051969,150645,59193,9.69
2026-09-23 14:22:40,23442.2,2026-09-29,23550.0,CE,69.45,69.25,69.45,920416,67974,44233,8.49
2026-09-23 14:22:40,23442.2,2026-09-29,23550.0,PE,156.05,155.9,156.35,212076,17277,13050,9.65
2026-09-23 14:22:40,23442.2,2026-09-29,23600.0,CE,51.55,51.35,51.45,1160513,121905,56355,8.42
2026-09-23 14:22:40,23442.2,2026-09-29,23600.0,PE,187.65,187.7,188.15,260033,38438,17632,9.67
2026-09-23 14:22:40,23442.2,2026-09-29,23650.0,CE,37.45,37.25,37.4,663444,55558,26252,8.4
2026-09-23 14:22:40,23442.2,2026-09-29,23650.0,PE,223.85,223.4,223.95,47906,8257,4166,9.76
2026-09-23 14:22:40,23442.2,2026-09-29,23700.0,CE,26.65,26.6,26.65,863184,112190,32025,8.4
2026-09-23 14:22:40,23442.2,2026-09-29,23700.0,PE,263.05,262.8,263.55,61398,19202,3690,10.0
2026-09-23 14:22:40,23442.2,2026-09-29,23750.0,CE,18.9,18.85,18.9,394400,41433,14458,8.47
2026-09-23 14:22:40,23442.2,2026-09-29,23750.0,PE,307.1,304.8,305.55,9131,4134,700,10.22
2026-09-23 14:22:40,23442.2,2026-09-29,23800.0,CE,13.4,13.4,13.45,688780,131899,33992,8.56
2026-09-23 14:22:40,23442.2,2026-09-29,23800.0,PE,349.0,348.8,349.8,27716,24307,-1874,10.7
2026-09-23 14:22:40,23442.2,2026-09-29,23850.0,CE,9.55,9.55,9.6,328529,40668,18131,8.69
2026-09-23 14:22:40,23442.2,2026-09-29,23850.0,PE,396.8,394.85,396.1,1994,2127,241,11.2
2026-09-23 14:22:40,23442.2,2026-09-29,23900.0,CE,7.05,7.0,7.05,414968,90663,24981,8.91
2026-09-23 14:22:40,23442.2,2026-09-29,23900.0,PE,442.6,442.3,443.6,5321,15204,-377,11.43
2026-09-23 14:22:40,23442.2,2026-09-29,23950.0,CE,5.45,5.4,5.45,215977,28137,8797,9.21
2026-09-23 14:22:40,23442.2,2026-09-29,23950.0,PE,490.65,490.3,492.5,724,2202,82,12.57
2026-09-23 14:23:40,23443.65,2026-09-29,22950.0,CE,527.4,524.15,526.7,1709,625,464,
2026-09-23 14:23:40,23443.65,2026-09-29,22950.0,PE,11.8,11.7,11.8,205598,34229,20279,12.25
2026-09-23 14:23:40,23443.65,2026-09-29,23000.0,CE,480.6,477.1,478.2,31216,21985,429,8.38
2026-09-23 14:23:40,23443.65,2026-09-29,23000.0,PE,14.45,14.45,14.5,692007,204741,58338,11.93
2026-09-23 14:23:40,23443.65,2026-09-29,23050.0,CE,430.25,430.6,431.8,3601,1412,688,8.04
2026-09-23 14:23:40,23443.65,2026-09-29,23050.0,PE,17.5,17.4,17.5,232683,42091,28137,11.53
2026-09-23 14:23:40,23443.65,2026-09-29,23100.0,CE,384.35,384.35,385.25,38090,10298,3556,8.9
2026-09-23 14:23:40,23443.65,2026-09-29,23100.0,PE,21.55,21.55,21.65,506526,77385,32893,11.23
2026-09-23 14:23:40,23443.65,2026-09-29,23150.0,CE,340.75,340.1,340.9,20849,4701,2109,8.84
2026-09-23 14:23:40,23443.65,2026-09-29,23150.0,PE,26.85,26.8,26.9,379079,41036,18952,10.94
2026-09-23 14:23:40,23443.65,2026-09-29,23200.0,CE,297.3,296.7,297.45,172546,26644,682,8.86
2026-09-23 14:23:40,23443.65,2026-09-29,23200.0,PE,33.6,33.6,33.7,727150,116596,52910,10.67
2026-09-23 14:23:40,23443.65,2026-09-29,23250.0,CE,255.55,255.3,255.9,139757,18267,3181,8.87
2026-09-23 14:23:40,23443.65,2026-09-29,23250.0,PE,42.2,42.15,42.3,563997,77118,53902,10.42
2026-09-23 14:23:40,23443.65,2026-09-29,23300.0,CE,217.0,216.6,217.2,805696,75803,-5228,8.84
2026-09-23 14:23:40,23443.65,2026-09-29,23300.0,PE,53.45,53.25,53.4,1408459,182584,76071,10.22
2026-09-23 14:23:40,23443.65,2026-09-29,23350.0,CE,180.65,180.15,180.6,1058263,41407,5724,8.78
2026-09-23 14:23:40,23443.65,2026-09-29,23350.0,PE,66.85,66.85,67.0,1511560,115976,86351,10.06
2026-09-23 14:23:40,23443.65,2026-09-29,23400.0,CE,147.35,147.35,147.6,2641060,151638,40518,8.75
2026-09-23 14:23:40,23443.65,2026-09-29,23400.0,PE,83.9,83.8,84.0,2818850,276931,182907,9.91
2026-09-23 14:23:40,23443.65,2026-09-29,23450.0,CE,117.7,117.45,117.65,1773389,102510,74712,8.65
2026-09-23 14:23:40,23443.65,2026-09-29,23450.0,PE,104.0,103.85,104.0,1315386,100595,87797,9.75
2026-09-23 14:23:40,23443.65,2026-09-29,23500.0,CE,91.7,91.75,92.0,2166059,201378,63232,8.58
2026-09-23 14:23:40,23443.65,2026-09-29,23500.0,PE,128.1,127.75,128.1,1054951,150612,59160,9.69
2026-09-23 14:23:40,23443.65,2026-09-29,23550.0,CE,69.55,69.4,69.6,922009,68165,44424,8.49
2026-09-23 14:23:40,23443.65,2026-09-29,23550.0,PE,155.55,155.65,155.95,212764,17440,13213,9.65
2026-09-23 14:23:40,23443.65,2026-09-29,23600.0,CE,51.5,51.45,51.55,1164255,122059,56509,8.42
2026-09-23 14:23:40,23443.65,2026-09-29,23600.0,PE,187.75,187.75,188.0,260679,38422,17616,9.67
2026-09-23 14:23:40,23443.65,2026-09-29,23650.0,CE,37.6,37.4,37.5,664646,55715,26409,8.4
2026-09-23 14:23:40,23443.65,2026-09-29,23650.0,PE,223.0,223.1,223.6,48024,8247,4156,9.76
2026-09-23 14:23:40,23443.65,2026-09-29,23700.0,CE,26.7,26.65,26.7,865000,112171,32006,8.4
2026-09-23 14:23:40,23443.65,2026-09-29,23700.0,PE,263.0,262.45,263.0,61559,19202,3690,10.0
2026-09-23 14:23:40,23443.65,2026-09-29,23750.0,CE,19.05,18.95,19.0,395272,41522,14547,8.47
2026-09-23 14:23:40,23443.65,2026-09-29,23750.0,PE,305.3,304.5,305.2,9173,4302,868,10.22
2026-09-23 14:23:40,23443.65,2026-09-29,23800.0,CE,13.5,13.35,13.45,689899,131798,33891,8.56
2026-09-23 14:23:40,23443.65,2026-09-29,23800.0,PE,349.1,349.1,349.9,27772,24307,-1874,10.7
2026-09-23 14:23:40,23443.65,2026-09-29,23850.0,CE,9.6,9.55,9.6,329207,40672,18135,8.69
2026-09-23 14:23:40,23443.65,2026-09-29,23850.0,PE,396.3,394.85,396.0,2003,2131,245,11.2
2026-09-23 14:23:40,23443.65,2026-09-29,23900.0,CE,7.1,7.05,7.1,417023,91202,25520,8.91
2026-09-23 14:23:40,23443.65,2026-09-29,23900.0,PE,442.7,441.75,443.25,5329,15207,-374,11.43
2026-09-23 14:23:40,23443.65,2026-09-29,23950.0,CE,5.45,5.45,5.5,216339,28086,8746,9.21
2026-09-23 14:23:40,23443.65,2026-09-29,23950.0,PE,490.65,489.45,492.1,724,2202,82,12.57
2026-09-23 14:24:40,23449.65,2026-09-29,22950.0,CE,527.4,532.2,534.75,1709,625,464,
2026-09-23 14:24:40,23449.65,2026-09-29,22950.0,PE,11.4,11.4,11.45,205895,34221,20271,12.25
2026-09-23 14:24:40,23449.65,2026-09-29,23000.0,CE,483.8,484.1,485.0,31272,21980,424,8.38
2026-09-23 14:24:40,23449.65,2026-09-29,23000.0,PE,14.05,14.05,14.1,692860,204207,57804,11.93
2026-09-23 14:24:40,23449.65,2026-09-29,23050.0,CE,436.35,437.1,438.0,3603,1415,691,8.04
2026-09-23 14:24:40,23449.65,2026-09-29,23050.0,PE,16.9,16.85,16.95,232963,42089,28135,11.53
2026-09-23 14:24:40,23449.65,2026-09-29,23100.0,CE,391.15,391.65,392.8,38103,10296,3554,8.9
2026-09-23 14:24:40,23449.65,2026-09-29,23100.0,PE,20.9,20.8,20.9,507299,77371,32879,11.23
2026-09-23 14:24:40,23449.65,2026-09-29,23150.0,CE,346.1,346.85,347.55,20854,4701,2109,8.84
2026-09-23 14:24:40,23449.65,2026-09-29,23150.0,PE,26.0,25.9,26.0,379704,40936,18852,10.94
2026-09-23 14:24:40,23449.65,2026-09-29,23200.0,CE,303.7,303.5,304.0,172785,26624,662,8.86
2026-09-23 14:24:40,23449.65,2026-09-29,23200.0,PE,32.45,32.35,32.45,728286,116463,52777,10.67
2026-09-23 14:24:40,23449.65,2026-09-29,23250.0,CE,261.6,261.8,262.0,139903,18267,3181,8.87
2026-09-23 14:24:40,23449.65,2026-09-29,23250.0,PE,40.7,40.7,40.75,564779,77099,53883,10.42
2026-09-23 14:24:40,23449.65,2026-09-29,23300.0,CE,222.65,222.65,222.95,806677,75688,-5343,8.84
2026-09-23 14:24:40,23449.65,2026-09-29,23300.0,PE,51.5,51.35,51.5,1410713,182274,75761,10.22
2026-09-23 14:24:40,23449.65,2026-09-29,23350.0,CE,185.35,185.35,185.75,1059773,41297,5614,8.78
2026-09-23 14:24:40,23449.65,2026-09-29,23350.0,PE,64.7,64.55,64.7,1513819,116287,86662,10.06
2026-09-23 14:24:40,23449.65,2026-09-29,23400.0,CE,152.4,152.0,152.4,2645883,151278,40158,8.75
2026-09-23 14:24:40,23449.65,2026-09-29,23400.0,PE,81.1,81.1,81.25,2824619,277444,183420,9.91
2026-09-23 14:24:40,23449.65,2026-09-29,23450.0,CE,122.45,122.1,122.3,1778454,100843,73045,8.65
2026-09-23 14:24:40,23449.65,2026-09-29,23450.0,PE,100.4,100.4,100.5,1318971,100714,87916,9.75
2026-09-23 14:24:40,23449.65,2026-09-29,23500.0,CE,95.7,95.55,95.7,2172321,201042,62896,8.58
2026-09-23 14:24:40,23449.65,2026-09-29,23500.0,PE,124.15,124.15,124.4,1057317,150790,59338,9.69
2026-09-23 14:24:40,23449.65,2026-09-29,23550.0,CE,72.75,72.85,73.0,924371,68155,44414,8.49
2026-09-23 14:24:40,23449.65,2026-09-29,23550.0,PE,151.5,151.05,151.4,213568,17637,13410,9.65
2026-09-23 14:24:40,23449.65,2026-09-29,23600.0,CE,54.2,54.1,54.2,1167320,121841,56291,8.42
2026-09-23 14:24:40,23449.65,2026-09-29,23600.0,PE,182.7,182.75,183.2,261866,38813,18007,9.67
2026-09-23 14:24:40,23449.65,2026-09-29,23650.0,CE,39.75,39.65,39.75,666708,55430,26124,8.4
2026-09-23 14:24:40,23449.65,2026-09-29,23650.0,PE,218.0,217.5,217.95,48162,8225,4134,9.76
2026-09-23 14:24:40,23449.65,2026-09-29,23700.0,CE,28.4,28.3,28.4,866739,112201,32036,8.4
2026-09-23 14:24:40,23449.65,2026-09-29,23700.0,PE,257.0,256.6,257.35,61637,19229,3717,10.0
2026-09-23 14:24:40,23449.65,2026-09-29,23750.0,CE,20.15,20.15,20.25,396058,41425,14450,8.47
2026-09-23 14:24:40,23449.65,2026-09-29,23750.0,PE,299.65,298.1,298.95,9186,4321,887,10.22
2026-09-23 14:24:40,23449.65,2026-09-29,23800.0,CE,14.3,14.3,14.35,691738,129678,31771,8.56
2026-09-23 14:24:40,23449.65,2026-09-29,23800.0,PE,342.1,342.0,342.7,27789,24289,-1892,10.7
2026-09-23 14:24:40,23449.65,2026-09-29,23850.0,CE,10.2,10.15,10.2,329948,40621,18084,8.69
2026-09-23 14:24:40,23449.65,2026-09-29,23850.0,PE,389.65,388.0,389.25,2005,2128,242,11.2
2026-09-23 14:24:40,23449.65,2026-09-29,23900.0,CE,7.45,7.45,7.5,418604,91526,25844,8.91
2026-09-23 14:24:40,23449.65,2026-09-29,23900.0,PE,436.0,435.05,435.85,5333,15206,-375,11.43
2026-09-23 14:24:40,23449.65,2026-09-29,23950.0,CE,5.75,5.7,5.75,216832,27885,8545,9.21
2026-09-23 14:24:40,23449.65,2026-09-29,23950.0,PE,490.65,481.25,484.65,724,2202,82,12.57
2026-09-23 14:25:40,23447.95,2026-09-29,22950.0,CE,527.4,530.85,533.85,1709,625,464,
2026-09-23 14:25:40,23447.95,2026-09-29,22950.0,PE,11.35,11.35,11.4,206051,34221,20271,12.25
2026-09-23 14:25:40,23447.95,2026-09-29,23000.0,CE,484.85,483.8,484.95,31313,21976,420,8.38
2026-09-23 14:25:40,23447.95,2026-09-29,23000.0,PE,14.05,14.0,14.05,693807,204207,57804,11.93
2026-09-23 14:25:40,23447.95,2026-09-29,23050.0,CE,438.15,436.75,438.0,3605,1417,693,8.04
2026-09-23 14:25:40,23447.95,2026-09-29,23050.0,PE,16.8,16.75,16.85,233193,42089,28135,11.53
2026-09-23 14:25:40,23447.95,2026-09-29,23100.0,CE,393.0,390.35,391.5,38117,10296,3554,8.9
2026-09-23 14:25:40,23447.95,2026-09-29,23100.0,PE,20.9,20.85,20.9,507870,77371,32879,11.23
2026-09-23 14:25:40,23447.95,2026-09-29,23150.0,CE,348.4,345.85,346.75,20859,4701,2109,8.84
2026-09-23 14:25:40,23447.95,2026-09-29,23150.0,PE,25.95,25.95,26.05,380488,40936,18852,10.94
2026-09-23 14:25:40,23447.95,2026-09-29,23200.0,CE,303.35,302.65,303.0,173073,26624,662,8.86
2026-09-23 14:25:40,23447.95,2026-09-29,23200.0,PE,32.6,32.45,32.55,729480,116463,52777,10.67
2026-09-23 14:25:40,23447.95,2026-09-29,23250.0,CE,261.25,261.45,261.9,140027,18237,3151,8.87
2026-09-23 14:25:40,23447.95,2026-09-29,23250.0,PE,40.8,40.75,40.85,565480,77099,53883,10.42
2026-09-23 14:25:40,23447.95,2026-09-29,23300.0,CE,222.15,222.05,222.1,807859,75688,-5343,8.84
2026-09-23 14:25:40,23447.95,2026-09-29,23300.0,PE,51.75,51.7,51.8,1413372,182274,75761,10.22
2026-09-23 14:25:40,23447.95,2026-09-29,23350.0,CE,185.4,185.25,185.65,1061308,41297,5614,8.78
2026-09-23 14:25:40,23447.95,2026-09-29,23350.0,PE,64.9,64.7,64.85,1515978,116287,86662,10.06
2026-09-23 14:25:40,23447.95,2026-09-29,23400.0,CE,152.25,151.9,152.2,2651157,151278,40158,8.75
2026-09-23 14:25:40,23447.95,2026-09-29,23400.0,PE,81.3,81.25,81.5,2830659,277444,183420,9.91
2026-09-23 14:25:40,23447.95,2026-09-29,23450.0,CE,121.75,121.8,122.0,1784081,100843,73045,8.65
2026-09-23 14:25:40,23447.95,2026-09-29,23450.0,PE,101.0,100.95,101.25,1323688,100714,87916,9.75
2026-09-23 14:25:40,23447.95,2026-09-29,23500.0,CE,95.55,95.25,95.45,2179322,201042,62896,8.58
2026-09-23 14:25:40,23447.95,2026-09-29,23500.0,PE,124.45,124.65,124.9,1060133,150790,59338,9.69
2026-09-23 14:25:40,23447.95,2026-09-29,23550.0,CE,72.6,72.5,72.7,926424,68155,44414,8.49
2026-09-23 14:25:40,23447.95,2026-09-29,23550.0,PE,152.1,151.6,152.0,214338,17637,13410,9.65
2026-09-23 14:25:40,23447.95,2026-09-29,23600.0,CE,54.0,54.0,54.1,1170175,121841,56291,8.42
2026-09-23 14:25:40,23447.95,2026-09-29,23600.0,PE,183.5,183.05,183.55,262805,38813,18007,9.67
2026-09-23 14:25:40,23447.95,2026-09-29,23650.0,CE,39.4,39.4,39.5,669736,55430,26124,8.4
2026-09-23 14:25:40,23447.95,2026-09-29,23650.0,PE,218.85,218.4,218.9,48294,8225,4134,9.76
2026-09-23 14:25:40,23447.95,2026-09-29,23700.0,CE,28.4,28.35,28.4,869978,112201,32036,8.4
2026-09-23 14:25:40,23447.95,2026-09-29,23700.0,PE,257.65,257.1,257.55,61842,19229,3717,10.0
2026-09-23 14:25:40,23447.95,2026-09-29,23750.0,CE,20.25,20.15,20.25,396909,41425,14450,8.47
2026-09-23 14:25:40,23447.95,2026-09-29,23750.0,PE,299.5,298.45,299.3,9366,4314,880,10.22
2026-09-23 14:25:40,23447.95,2026-09-29,23800.0,CE,14.3,14.25,14.3,694818,129678,31771,8.56
2026-09-23 14:25:40,23447.95,2026-09-29,23800.0,PE,342.8,342.95,343.85,27835,24289,-1892,10.7
2026-09-23 14:25:40,23447.95,2026-09-29,23850.0,CE,10.2,10.15,10.25,330539,40621,18084,8.69
2026-09-23 14:25:40,23447.95,2026-09-29,23850.0,PE,389.65,388.6,390.0,2005,2127,241,11.2
2026-09-23 14:25:40,23447.95,2026-09-29,23900.0,CE,7.5,7.45,7.5,419662,91526,25844,8.91
2026-09-23 14:25:40,23447.95,2026-09-29,23900.0,PE,434.3,435.55,436.85,5340,15205,-376,11.43
2026-09-23 14:25:40,23447.95,2026-09-29,23950.0,CE,5.75,5.75,5.8,217287,27885,8545,9.21
2026-09-23 14:25:40,23447.95,2026-09-29,23950.0,PE,490.65,483.3,485.3,724,2202,82,12.57
2026-09-23 14:26:40,23448.4,2026-09-29,22950.0,CE,527.4,529.6,531.95,1709,625,464,
2026-09-23 14:26:40,23448.4,2026-09-29,22950.0,PE,11.55,11.45,11.55,206305,34228,20278,12.25
2026-09-23 14:26:40,23448.4,2026-09-29,23000.0,CE,484.0,482.05,483.15,31327,21967,411,8.38
2026-09-23 14:26:40,23448.4,2026-09-29,23000.0,PE,14.1,14.1,14.2,694719,203845,57442,11.93
2026-09-23 14:26:40,23448.4,2026-09-29,23050.0,CE,437.5,435.4,436.65,3607,1417,693,8.04
2026-09-23 14:26:40,23448.4,2026-09-29,23050.0,PE,17.1,16.95,17.05,233465,42013,28059,11.53
2026-09-23 14:26:40,23448.4,2026-09-29,23100.0,CE,389.0,389.25,390.35,38135,10297,3555,8.9
2026-09-23 14:26:40,23448.4,2026-09-29,23100.0,PE,21.1,21.0,21.1,508910,77291,32799,11.23
2026-09-23 14:26:40,23448.4,2026-09-29,23150.0,CE,345.0,344.75,345.55,20865,4702,2110,8.84
2026-09-23 14:26:40,23448.4,2026-09-29,23150.0,PE,26.2,26.1,26.2,381380,40353,18269,10.94
2026-09-23 14:26:40,23448.4,2026-09-29,23200.0,CE,302.0,301.15,301.9,173447,26461,499,8.86
2026-09-23 14:26:40,23448.4,2026-09-29,23200.0,PE,32.85,32.75,32.85,731430,116415,52729,10.67
2026-09-23 14:26:40,23448.4,2026-09-29,23250.0,CE,260.4,259.95,260.6,140102,18202,3116,8.87
2026-09-23 14:26:40,23448.4,2026-09-29,23250.0,PE,41.1,41.1,41.2,566449,77083,53867,10.42
2026-09-23 14:26:40,23448.4,2026-09-29,23300.0,CE,220.85,220.75,221.3,809518,76230,-4801,8.84
2026-09-23 14:26:40,23448.4,2026-09-29,23300.0,PE,52.0,52.0,52.15,1416478,182741,76228,10.22
2026-09-23 14:26:40,23448.4,2026-09-29,23350.0,CE,184.2,184.0,184.45,1062417,41340,5657,8.78
2026-09-23 14:26:40,23448.4,2026-09-29,23350.0,PE,65.2,65.2,65.35,1517622,115817,86192,10.06
2026-09-23 14:26:40,23448.4,2026-09-29,23400.0,CE,151.05,150.65,151.05,2655923,152215,41095,8.75
2026-09-23 14:26:40,23448.4,2026-09-29,23400.0,PE,81.85,81.85,82.05,2837746,276814,182790,9.91
2026-09-23 14:26:40,23448.4,2026-09-29,23450.0,CE,121.0,120.7,120.95,1790559,102363,74565,8.65
2026-09-23 14:26:40,23448.4,2026-09-29,23450.0,PE,101.4,101.4,101.65,1327472,100337,87539,9.75
2026-09-23 14:26:40,23448.4,2026-09-29,23500.0,CE,94.6,94.4,94.5,2185467,202123,63977,8.58
2026-09-23 14:26:40,23448.4,2026-09-29,23500.0,PE,125.55,125.25,125.5,1062808,150454,59002,9.69
2026-09-23 14:26:40,23448.4,2026-09-29,23550.0,CE,71.8,71.65,71.8,928538,68544,44803,8.49
2026-09-23 14:26:40,23448.4,2026-09-29,23550.0,PE,152.9,152.5,152.9,214812,17502,13275,9.65
2026-09-23 14:26:40,23448.4,2026-09-29,23600.0,CE,53.35,53.3,53.4,1177826,120044,54494,8.42
2026-09-23 14:26:40,23448.4,2026-09-29,23600.0,PE,184.55,184.1,184.5,263882,38309,17503,9.67
2026-09-23 14:26:40,23448.4,2026-09-29,23650.0,CE,39.0,38.85,38.95,671434,56317,27011,8.4
2026-09-23 14:26:40,23448.4,2026-09-29,23650.0,PE,219.85,219.2,219.75,48353,8233,4142,9.76
2026-09-23 14:26:40,23448.4,2026-09-29,23700.0,CE,27.8,27.8,27.9,873170,111989,31824,8.4
2026-09-23 14:26:40,23448.4,2026-09-29,23700.0,PE,258.3,258.2,258.95,61953,19243,3731,10.0
2026-09-23 14:26:40,23448.4,2026-09-29,23750.0,CE,19.7,19.7,19.8,397674,41490,14515,8.47
2026-09-23 14:26:40,23448.4,2026-09-29,23750.0,PE,299.3,299.95,300.8,9388,4254,820,10.22
2026-09-23 14:26:40,23448.4,2026-09-29,23800.0,CE,14.0,13.95,14.05,696134,129099,31192,8.56
2026-09-23 14:26:40,23448.4,2026-09-29,23800.0,PE,345.25,344.05,344.9,27887,24319,-1862,10.7
2026-09-23 14:26:40,23448.4,2026-09-29,23850.0,CE,10.0,9.95,10.0,331472,40735,18198,8.69
2026-09-23 14:26:40,23448.4,2026-09-29,23850.0,PE,389.65,389.95,391.05,2007,2128,242,11.2
2026-09-23 14:26:40,23448.4,2026-09-29,23900.0,CE,7.35,7.3,7.35,421324,92053,26371,8.91
2026-09-23 14:26:40,23448.4,2026-09-29,23900.0,PE,438.7,436.65,438.2,5341,15205,-376,11.43
2026-09-23 14:26:40,23448.4,2026-09-29,23950.0,CE,5.65,5.6,5.65,217823,27735,8395,9.21
2026-09-23 14:26:40,23448.4,2026-09-29,23950.0,PE,490.65,483.6,487.1,724,2202,82,12.57
2026-09-23 14:27:40,23451.4,2026-09-29,22950.0,CE,527.4,530.3,532.2,1709,625,464,
2026-09-23 14:27:40,23451.4,2026-09-29,22950.0,PE,11.25,11.25,11.3,206473,34241,20291,12.25
2026-09-23 14:27:40,23451.4,2026-09-29,23000.0,CE,483.05,482.65,483.75,31334,21948,392,8.38
2026-09-23 14:27:40,23451.4,2026-09-29,23000.0,PE,14.0,13.9,14.0,696349,203862,57459,11.93
2026-09-23 14:27:40,23451.4,2026-09-29,23050.0,CE,434.6,436.6,438.0,3608,1417,693,8.04
2026-09-23 14:27:40,23451.4,2026-09-29,23050.0,PE,16.75,16.7,16.75,233778,41989,28035,11.53
2026-09-23 14:27:40,23451.4,2026-09-29,23100.0,CE,391.0,390.6,391.75,38148,10304,3562,8.9
2026-09-23 14:27:40,23451.4,2026-09-29,23100.0,PE,20.8,20.7,20.8,509665,77282,32790,11.23
2026-09-23 14:27:40,23451.4,2026-09-29,23150.0,CE,346.35,346.2,347.05,20873,4698,2106,8.84
2026-09-23 14:27:40,23451.4,2026-09-29,23150.0,PE,25.85,25.8,25.9,381678,40318,18234,10.94
2026-09-23 14:27:40,23451.4,2026-09-29,23200.0,CE,302.0,302.4,303.0,173561,26356,394,8.86
2026-09-23 14:27:40,23451.4,2026-09-29,23200.0,PE,32.5,32.5,32.6,732176,116491,52805,10.67
2026-09-23 14:27:40,23451.4,2026-09-29,23250.0,CE,261.0,261.15,261.7,140133,18200,3114,8.87
2026-09-23 14:27:40,23451.4,2026-09-29,23250.0,PE,40.85,40.8,40.95,566878,77113,53897,10.42
2026-09-23 14:27:40,23451.4,2026-09-29,23300.0,CE,221.4,221.55,222.15,809940,76474,-4557,8.84
2026-09-23 14:27:40,23451.4,2026-09-29,23300.0,PE,51.85,51.85,51.9,1418590,182642,76129,10.22
2026-09-23 14:27:40,23451.4,2026-09-29,23350.0,CE,185.25,184.7,185.05,1062965,41314,5631,8.78
2026-09-23 14:27:40,23451.4,2026-09-29,23350.0,PE,65.0,65.05,65.1,1518698,115908,86283,10.06
2026-09-23 14:27:40,23451.4,2026-09-29,23400.0,CE,151.75,151.7,151.75,2657938,152032,40912,8.75
2026-09-23 14:27:40,23451.4,2026-09-29,23400.0,PE,81.5,81.3,81.5,2840987,276651,182627,9.91
2026-09-23 14:27:40,23451.4,2026-09-29,23450.0,CE,121.9,121.65,121.9,1793446,102482,74684,8.65
2026-09-23 14:27:40,23451.4,2026-09-29,23450.0,PE,101.0,100.75,101.0,1329346,100769,87971,9.75
2026-09-23 14:27:40,23451.4,2026-09-29,23500.0,CE,95.25,95.25,95.4,2188110,202109,63963,8.58
2026-09-23 14:27:40,23451.4,2026-09-29,23500.0,PE,124.5,124.5,124.65,1064261,150483,59031,9.69
2026-09-23 14:27:40,23451.4,2026-09-29,23550.0,CE,72.3,72.2,72.35,929643,68608,44867,8.49
2026-09-23 14:27:40,23451.4,2026-09-29,23550.0,PE,152.35,152.0,152.25,215042,17526,13299,9.65
2026-09-23 14:27:40,23451.4,2026-09-29,23600.0,CE,53.7,53.7,53.8,1179030,120014,54464,8.42
2026-09-23 14:27:40,23451.4,2026-09-29,23600.0,PE,183.5,183.25,183.7,264160,38355,17549,9.67
2026-09-23 14:27:40,23451.4,2026-09-29,23650.0,CE,39.1,39.05,39.2,672204,56299,26993,8.4
2026-09-23 14:27:40,23451.4,2026-09-29,23650.0,PE,218.75,218.45,219.05,48429,8221,4130,9.76
2026-09-23 14:27:40,23451.4,2026-09-29,23700.0,CE,27.9,27.85,27.95,876082,111961,31796,8.4
2026-09-23 14:27:40,23451.4,2026-09-29,23700.0,PE,258.2,257.45,258.2,62005,19241,3729,10.0
2026-09-23 14:27:40,23451.4,2026-09-29,23750.0,CE,19.95,19.9,19.95,398111,41443,14468,8.47
2026-09-23 14:27:40,23451.4,2026-09-29,23750.0,PE,299.3,298.45,299.35,9396,4254,820,10.22
2026-09-23 14:27:40,23451.4,2026-09-29,23800.0,CE,14.0,14.0,14.1,698344,129158,31251,8.56
2026-09-23 14:27:40,23451.4,2026-09-29,23800.0,PE,344.05,342.4,343.4,27915,24319,-1862,10.7
2026-09-23 14:27:40,23451.4,2026-09-29,23850.0,CE,10.0,9.95,10.0,337424,40814,18277,8.69
2026-09-23 14:27:40,23451.4,2026-09-29,23850.0,PE,392.0,388.15,389.5,2012,2128,242,11.2
2026-09-23 14:27:40,23451.4,2026-09-29,23900.0,CE,7.3,7.3,7.35,422633,92456,26774,8.91
2026-09-23 14:27:40,23451.4,2026-09-29,23900.0,PE,439.15,435.75,437.2,5346,15205,-376,11.43
2026-09-23 14:27:40,23451.4,2026-09-29,23950.0,CE,5.6,5.6,5.65,218397,27685,8345,9.21
2026-09-23 14:27:40,23451.4,2026-09-29,23950.0,PE,485.0,483.3,486.15,731,2203,83,12.57
2026-09-23 14:28:41,23451.55,2026-09-29,22950.0,CE,527.4,533.85,536.4,1709,625,464,
2026-09-23 14:28:41,23451.55,2026-09-29,22950.0,PE,11.1,11.1,11.15,206716,34255,20305,12.25
2026-09-23 14:28:41,23451.55,2026-09-29,23000.0,CE,487.65,486.1,487.55,31350,21945,389,8.38
2026-09-23 14:28:41,23451.55,2026-09-29,23000.0,PE,13.7,13.7,13.75,697767,203314,56911,11.93
2026-09-23 14:28:41,23451.55,2026-09-29,23050.0,CE,434.6,439.25,440.55,3608,1417,693,8.04
2026-09-23 14:28:41,23451.55,2026-09-29,23050.0,PE,16.55,16.5,16.55,234124,42046,28092,11.53
2026-09-23 14:28:41,23451.55,2026-09-29,23100.0,CE,394.4,393.1,394.25,38163,10308,3566,8.9
2026-09-23 14:28:41,23451.55,2026-09-29,23100.0,PE,20.5,20.45,20.55,510517,77416,32924,11.23
2026-09-23 14:28:41,23451.55,2026-09-29,23150.0,CE,349.6,348.8,349.6,20926,4691,2099,8.84
2026-09-23 14:28:41,23451.55,2026-09-29,23150.0,PE,25.5,25.45,25.55,382157,40281,18197,10.94
2026-09-23 14:28:41,23451.55,2026-09-29,23200.0,CE,305.6,304.85,305.6,173694,26306,344,8.86
2026-09-23 14:28:41,23451.55,2026-09-29,23200.0,PE,32.0,32.0,32.1,733154,116559,52873,10.67
2026-09-23 14:28:41,23451.55,2026-09-29,23250.0,CE,264.45,263.8,264.45,140289,18207,3121,8.87
2026-09-23 14:28:41,23451.55,2026-09-29,23250.0,PE,40.15,40.2,40.25,567411,77101,53885,10.42
2026-09-23 14:28:41,23451.55,2026-09-29,23300.0,CE,224.7,224.35,224.8,810768,76279,-4752,8.84
2026-09-23 14:28:41,23451.55,2026-09-29,23300.0,PE,50.95,50.95,51.05,1420229,182656,76143,10.22
2026-09-23 14:28:41,23451.55,2026-09-29,23350.0,CE,187.6,187.2,187.65,1064334,41085,5402,8.78
2026-09-23 14:28:41,23451.55,2026-09-29,23350.0,PE,64.2,63.95,64.15,1520804,115795,86170,10.06
2026-09-23 14:28:41,23451.55,2026-09-29,23400.0,CE,154.0,153.7,154.0,2662832,151522,40402,8.75
2026-09-23 14:28:41,23451.55,2026-09-29,23400.0,PE,80.25,80.25,80.45,2845224,276291,182267,9.91
2026-09-23 14:28:41,23451.55,2026-09-29,23450.0,CE,123.45,123.45,123.75,1799106,102341,74543,8.65
2026-09-23 14:28:41,23451.55,2026-09-29,23450.0,PE,100.0,99.85,100.0,1332055,101293,88495,9.75
2026-09-23 14:28:41,23451.55,2026-09-29,23500.0,CE,97.0,96.75,97.0,2193770,201271,63125,8.58
2026-09-23 14:28:41,23451.55,2026-09-29,23500.0,PE,123.35,123.1,123.35,1065865,150474,59022,9.69
2026-09-23 14:28:41,23451.55,2026-09-29,23550.0,CE,73.8,73.65,73.8,931950,68777,45036,8.49
2026-09-23 14:28:41,23451.55,2026-09-29,23550.0,PE,150.1,150.05,150.45,215507,17579,13352,9.65
2026-09-23 14:28:41,23451.55,2026-09-29,23600.0,CE,55.0,54.9,55.1,1181876,119412,53862,8.42
2026-09-23 14:28:41,23451.55,2026-09-29,23600.0,PE,181.55,181.1,181.55,264865,38589,17783,9.67
2026-09-23 14:28:41,23451.55,2026-09-29,23650.0,CE,40.15,40.2,40.3,673186,55956,26650,8.4
2026-09-23 14:28:41,23451.55,2026-09-29,23650.0,PE,216.8,216.0,216.45,48490,8223,4132,9.76
2026-09-23 14:28:41,23451.55,2026-09-29,23700.0,CE,28.7,28.7,28.8,877997,110438,30273,8.4
2026-09-23 14:28:41,23451.55,2026-09-29,23700.0,PE,255.0,254.65,255.4,62080,19241,3729,10.0
2026-09-23 14:28:41,23451.55,2026-09-29,23750.0,CE,20.5,20.4,20.5,398602,41456,14481,8.47
2026-09-23 14:28:41,23451.55,2026-09-29,23750.0,PE,296.75,295.95,296.75,9424,4250,816,10.22
2026-09-23 14:28:41,23451.55,2026-09-29,23800.0,CE,14.4,14.4,14.45,699061,129992,32085,8.56
2026-09-23 14:28:41,23451.55,2026-09-29,23800.0,PE,340.9,340.1,341.05,27927,24323,-1858,10.7
2026-09-23 14:28:41,23451.55,2026-09-29,23850.0,CE,10.25,10.2,10.25,338254,44837,22300,8.69
2026-09-23 14:28:41,23451.55,2026-09-29,23850.0,PE,387.25,385.65,386.75,2014,2127,241,11.2
2026-09-23 14:28:41,23451.55,2026-09-29,23900.0,CE,7.55,7.5,7.55,423405,92387,26705,8.91
2026-09-23 14:28:41,23451.55,2026-09-29,23900.0,PE,432.65,432.65,434.05,5352,15205,-376,11.43
2026-09-23 14:28:41,23451.55,2026-09-29,23950.0,CE,5.8,5.7,5.8,218547,27748,8408,9.21
2026-09-23 14:28:41,23451.55,2026-09-29,23950.0,PE,482.6,480.6,482.55,734,2203,83,12.57
2026-09-23 14:29:41,23453.55,2026-09-29,22950.0,CE,527.4,533.85,536.4,1709,625,464,
2026-09-23 14:29:41,23453.55,2026-09-29,22950.0,PE,11.1,11.1,11.15,206716,34255,20305,12.25
2026-09-23 14:29:41,23453.55,2026-09-29,23000.0,CE,487.65,486.1,487.55,31350,21945,389,8.38
2026-09-23 14:29:41,23453.55,2026-09-29,23000.0,PE,13.7,13.7,13.75,697767,203314,56911,11.93
2026-09-23 14:29:41,23453.55,2026-09-29,23050.0,CE,434.6,439.25,440.55,3608,1417,693,8.04
2026-09-23 14:29:41,23453.55,2026-09-29,23050.0,PE,16.55,16.5,16.55,234124,42046,28092,11.53
2026-09-23 14:29:41,23453.55,2026-09-29,23100.0,CE,393.3,393.4,394.55,38174,10308,3566,8.9
2026-09-23 14:29:41,23453.55,2026-09-29,23100.0,PE,20.5,20.45,20.55,510517,77416,32924,11.23
2026-09-23 14:29:41,23453.55,2026-09-29,23150.0,CE,349.6,348.8,349.6,20926,4691,2099,8.84
2026-09-23 14:29:41,23453.55,2026-09-29,23150.0,PE,25.5,25.45,25.55,382157,40281,18197,10.94
2026-09-23 14:29:41,23453.55,2026-09-29,23200.0,CE,305.6,304.85,305.6,173694,26306,344,8.86
2026-09-23 14:29:41,23453.55,2026-09-29,23200.0,PE,32.0,32.0,32.1,733154,116559,52873,10.67
2026-09-23 14:29:41,23453.55,2026-09-29,23250.0,CE,264.45,263.8,264.45,140289,18207,3121,8.87
2026-09-23 14:29:41,23453.55,2026-09-29,23250.0,PE,40.15,40.2,40.25,567411,77101,53885,10.42
2026-09-23 14:29:41,23453.55,2026-09-29,23300.0,CE,224.7,224.35,224.8,810768,76279,-4752,8.84
2026-09-23 14:29:41,23453.55,2026-09-29,23300.0,PE,50.95,50.95,51.05,1420229,182656,76143,10.22
2026-09-23 14:29:41,23453.55,2026-09-29,23350.0,CE,187.6,187.2,187.65,1064334,41085,5402,8.78
2026-09-23 14:29:41,23453.55,2026-09-29,23350.0,PE,64.2,63.95,64.15,1520804,115795,86170,10.06
2026-09-23 14:29:41,23453.55,2026-09-29,23400.0,CE,154.0,153.7,154.0,2662832,151522,40402,8.75
2026-09-23 14:29:41,23453.55,2026-09-29,23400.0,PE,80.25,80.25,80.45,2845224,276291,182267,9.91
2026-09-23 14:29:41,23453.55,2026-09-29,23450.0,CE,123.8,123.5,123.85,1799217,102341,74543,8.65
2026-09-23 14:29:41,23453.55,2026-09-29,23450.0,PE,99.8,99.55,99.75,1332115,101293,88495,9.75
2026-09-23 14:29:41,23453.55,2026-09-29,23500.0,CE,97.0,96.75,97.0,2193770,201271,63125,8.58
2026-09-23 14:29:41,23453.55,2026-09-29,23500.0,PE,123.35,123.1,123.35,1065865,150474,59022,9.69
2026-09-23 14:29:41,23453.55,2026-09-29,23550.0,CE,73.8,73.65,73.8,931950,68777,45036,8.49
2026-09-23 14:29:41,23453.55,2026-09-29,23550.0,PE,150.1,150.05,150.45,215507,17579,13352,9.65
2026-09-23 14:29:41,23453.55,2026-09-29,23600.0,CE,55.0,54.9,55.1,1181876,119412,53862,8.42
2026-09-23 14:29:41,23453.55,2026-09-29,23600.0,PE,181.55,181.1,181.55,264865,38589,17783,9.67
2026-09-23 14:29:41,23453.55,2026-09-29,23650.0,CE,40.15,40.2,40.3,673186,55956,26650,8.4
2026-09-23 14:29:41,23453.55,2026-09-29,23650.0,PE,216.8,216.0,216.45,48490,8223,4132,9.76
2026-09-23 14:29:41,23453.55,2026-09-29,23700.0,CE,28.7,28.7,28.8,877997,110438,30273,8.4
2026-09-23 14:29:41,23453.55,2026-09-29,23700.0,PE,255.0,254.65,255.4,62080,19241,3729,10.0
2026-09-23 14:29:41,23453.55,2026-09-29,23750.0,CE,20.5,20.4,20.5,398602,41456,14481,8.47
2026-09-23 14:29:41,23453.55,2026-09-29,23750.0,PE,296.75,295.95,296.75,9424,4250,816,10.22
2026-09-23 14:29:41,23453.55,2026-09-29,23800.0,CE,14.5,14.4,14.45,699067,129992,32085,8.56
2026-09-23 14:29:41,23453.55,2026-09-29,23800.0,PE,340.8,340.0,340.75,27929,24323,-1858,10.7
2026-09-23 14:29:41,23453.55,2026-09-29,23850.0,CE,10.25,10.2,10.25,338254,44837,22300,8.69
2026-09-23 14:29:41,23453.55,2026-09-29,23850.0,PE,387.25,385.65,386.75,2014,2127,241,11.2
2026-09-23 14:29:41,23453.55,2026-09-29,23900.0,CE,7.55,7.5,7.55,423405,92387,26705,8.91
2026-09-23 14:29:41,23453.55,2026-09-29,23900.0,PE,432.65,432.65,434.05,5352,15205,-376,11.43
2026-09-23 14:29:41,23453.55,2026-09-29,23950.0,CE,5.8,5.7,5.8,218547,27748,8408,9.21
2026-09-23 14:29:41,23453.55,2026-09-29,23950.0,PE,482.6,480.6,482.55,734,2203,83,12.57
2026-09-23 14:30:42,23458.1,2026-09-29,22950.0,CE,527.4,534.8,537.7,1709,625,464,
2026-09-23 14:30:42,23458.1,2026-09-29,22950.0,PE,11.15,11.1,11.15,207115,33047,19097,12.25
2026-09-23 14:30:42,23458.1,2026-09-29,23000.0,CE,487.35,486.9,487.35,31385,21939,383,8.38
2026-09-23 14:30:42,23458.1,2026-09-29,23000.0,PE,13.65,13.65,13.7,698569,203000,56597,11.93
2026-09-23 14:30:42,23458.1,2026-09-29,23050.0,CE,439.4,440.25,441.6,3612,1416,692,8.04
2026-09-23 14:30:42,23458.1,2026-09-29,23050.0,PE,16.5,16.45,16.5,234527,41556,27602,11.53
2026-09-23 14:30:42,23458.1,2026-09-29,23100.0,CE,393.3,394.2,395.4,38195,10284,3542,8.9
2026-09-23 14:30:42,23458.1,2026-09-29,23100.0,PE,20.4,20.4,20.45,511315,77335,32843,11.23
2026-09-23 14:30:42,23458.1,2026-09-29,23150.0,CE,349.0,349.55,350.4,20937,4665,2073,8.84
2026-09-23 14:30:42,23458.1,2026-09-29,23150.0,PE,25.45,25.4,25.5,382432,40154,18070,10.94
2026-09-23 14:30:42,23458.1,2026-09-29,23200.0,CE,306.0,306.15,306.5,174068,26140,178,8.86
2026-09-23 14:30:42,23458.1,2026-09-29,23200.0,PE,31.95,31.85,31.9,734446,115765,52079,10.67
2026-09-23 14:30:42,23458.1,2026-09-29,23250.0,CE,264.35,264.6,265.0,140477,18153,3067,8.87
2026-09-23 14:30:42,23458.1,2026-09-29,23250.0,PE,40.15,40.05,40.15,568502,77290,54074,10.42
2026-09-23 14:30:42,23458.1,2026-09-29,23300.0,CE,225.1,225.0,225.5,812437,74574,-6457,8.84
2026-09-23 14:30:42,23458.1,2026-09-29,23300.0,PE,50.9,50.8,50.9,1421766,180543,74030,10.22
2026-09-23 14:30:42,23458.1,2026-09-29,23350.0,CE,188.3,187.75,188.2,1065536,40314,4631,8.78
2026-09-23 14:30:42,23458.1,2026-09-29,23350.0,PE,63.9,63.85,63.9,1521847,114901,85276,10.06
2026-09-23 14:30:42,23458.1,2026-09-29,23400.0,CE,154.3,154.3,154.35,2666927,147712,36592,8.75
2026-09-23 14:30:42,23458.1,2026-09-29,23400.0,PE,80.1,80.1,80.25,2852479,273207,179183,9.91
2026-09-23 14:30:42,23458.1,2026-09-29,23450.0,CE,124.3,124.15,124.45,1805426,99518,71720,8.65
2026-09-23 14:30:42,23458.1,2026-09-29,23450.0,PE,99.45,99.25,99.35,1334719,100721,87923,9.75
2026-09-23 14:30:42,23458.1,2026-09-29,23500.0,CE,97.45,97.1,97.4,2199436,198988,60842,8.58
2026-09-23 14:30:42,23458.1,2026-09-29,23500.0,PE,122.65,122.65,122.95,1067890,149128,57676,9.69
2026-09-23 14:30:42,23458.1,2026-09-29,23550.0,CE,74.2,74.05,74.2,934020,68135,44394,8.49
2026-09-23 14:30:42,23458.1,2026-09-29,23550.0,PE,149.6,149.45,149.65,215987,17585,13358,9.65
2026-09-23 14:30:42,23458.1,2026-09-29,23600.0,CE,55.15,55.15,55.3,1185153,119014,53464,8.42
2026-09-23 14:30:42,23458.1,2026-09-29,23600.0,PE,180.85,180.6,180.9,265364,38960,18154,9.67
2026-09-23 14:30:42,23458.1,2026-09-29,23650.0,CE,40.25,40.4,40.45,674462,54877,25571,8.4
2026-09-23 14:30:42,23458.1,2026-09-29,23650.0,PE,215.9,215.2,215.65,48616,8120,4029,9.76
2026-09-23 14:30:42,23458.1,2026-09-29,23700.0,CE,28.9,28.8,28.9,880385,109971,29806,8.4
2026-09-23 14:30:42,23458.1,2026-09-29,23700.0,PE,254.15,254.0,254.55,62321,19033,3521,10.0
2026-09-23 14:30:42,23458.1,2026-09-29,23750.0,CE,20.5,20.5,20.6,399425,41165,14190,8.47
2026-09-23 14:30:42,23458.1,2026-09-29,23750.0,PE,296.1,295.1,296.0,9437,4250,816,10.22
2026-09-23 14:30:42,23458.1,2026-09-29,23800.0,CE,14.45,14.45,14.5,699707,129848,31941,8.56
2026-09-23 14:30:42,23458.1,2026-09-29,23800.0,PE,341.0,338.85,339.7,27995,24383,-1798,10.7
2026-09-23 14:30:42,23458.1,2026-09-29,23850.0,CE,10.3,10.25,10.3,339083,44861,22324,8.69
2026-09-23 14:30:42,23458.1,2026-09-29,23850.0,PE,386.35,384.75,385.8,2040,2145,259,11.2
2026-09-23 14:30:42,23458.1,2026-09-29,23900.0,CE,7.55,7.55,7.6,424091,92864,27182,8.91
2026-09-23 14:30:42,23458.1,2026-09-29,23900.0,PE,432.1,431.55,432.85,5361,15210,-371,11.43
2026-09-23 14:30:42,23458.1,2026-09-29,23950.0,CE,5.75,5.75,5.8,218799,27613,8273,9.21
2026-09-23 14:30:42,23458.1,2026-09-29,23950.0,PE,480.55,479.65,481.9,736,2203,83,12.57
2026-09-23 14:31:42,23458.05,2026-09-29,22950.0,CE,527.4,543.55,545.95,1709,627,466,
2026-09-23 14:31:42,23458.05,2026-09-29,22950.0,PE,11.0,10.9,11.0,209477,33024,19074,12.32
2026-09-23 14:31:42,23458.05,2026-09-29,23000.0,CE,495.7,495.75,497.2,31552,21943,387,
2026-09-23 14:31:42,23458.05,2026-09-29,23000.0,PE,13.35,13.35,13.4,701176,202607,56204,11.98
2026-09-23 14:31:42,23458.05,2026-09-29,23050.0,CE,448.45,448.8,450.0,3637,1416,692,
2026-09-23 14:31:42,23458.05,2026-09-29,23050.0,PE,16.0,16.0,16.1,237246,39784,25830,11.61
2026-09-23 14:31:42,23458.05,2026-09-29,23100.0,CE,403.0,402.4,403.55,38338,10333,3591,7.71
2026-09-23 14:31:42,23458.05,2026-09-29,23100.0,PE,19.8,19.8,19.85,513726,76822,32330,11.3
2026-09-23 14:31:42,23458.05,2026-09-29,23150.0,CE,357.5,358.0,358.55,20974,4646,2054,8.47
2026-09-23 14:31:42,23458.05,2026-09-29,23150.0,PE,24.5,24.5,24.6,384015,41149,19065,11.02
2026-09-23 14:31:42,23458.05,2026-09-29,23200.0,CE,313.6,313.6,314.0,174700,25906,-56,8.51
2026-09-23 14:31:42,23458.05,2026-09-29,23200.0,PE,30.7,30.7,30.8,737589,115162,51476,10.75
2026-09-23 14:31:42,23458.05,2026-09-29,23250.0,CE,272.25,271.7,272.45,141310,18034,2948,8.69
2026-09-23 14:31:42,23458.05,2026-09-29,23250.0,PE,38.6,38.45,38.6,572259,77066,53850,10.52
2026-09-23 14:31:42,23458.05,2026-09-29,23300.0,CE,232.1,231.65,232.1,816683,74291,-6740,8.64
2026-09-23 14:31:42,23458.05,2026-09-29,23300.0,PE,48.7,48.7,48.75,1430815,182415,75902,10.33
2026-09-23 14:31:42,23458.05,2026-09-29,23350.0,CE,194.3,194.3,194.75,1070673,39703,4020,8.67
2026-09-23 14:31:42,23458.05,2026-09-29,23350.0,PE,61.35,61.15,61.3,1527967,114228,84603,10.14
2026-09-23 14:31:42,23458.05,2026-09-29,23400.0,CE,160.05,160.0,160.4,2684946,147029,35909,8.59
2026-09-23 14:31:42,23458.05,2026-09-29,23400.0,PE,76.9,76.9,77.05,2869513,272045,178021,10.01
2026-09-23 14:31:42,23458.05,2026-09-29,23450.0,CE,129.3,129.3,129.55,1822840,99034,71236,8.59
2026-09-23 14:31:42,23458.05,2026-09-29,23450.0,PE,95.75,95.6,95.75,1346464,101691,88893,9.87
2026-09-23 14:31:42,23458.05,2026-09-29,23500.0,CE,101.8,101.8,102.0,2222289,197949,59803,8.5
2026-09-23 14:31:42,23458.05,2026-09-29,23500.0,PE,118.35,118.1,118.4,1079346,149441,57989,9.83
2026-09-23 14:31:42,23458.05,2026-09-29,23550.0,CE,78.15,77.95,78.15,942247,68476,44735,8.43
2026-09-23 14:31:42,23458.05,2026-09-29,23550.0,PE,144.65,144.3,144.65,218306,17821,13594,9.76
2026-09-23 14:31:42,23458.05,2026-09-29,23600.0,CE,58.4,58.35,58.5,1193247,119013,53463,8.37
2026-09-23 14:31:42,23458.05,2026-09-29,23600.0,PE,174.75,174.85,175.0,268086,39105,18299,9.79
2026-09-23 14:31:42,23458.05,2026-09-29,23650.0,CE,43.0,42.9,43.05,680047,54957,25651,8.35
2026-09-23 14:31:42,23458.05,2026-09-29,23650.0,PE,208.8,208.8,209.3,49425,8075,3984,9.88
2026-09-23 14:31:42,23458.05,2026-09-29,23700.0,CE,30.8,30.8,30.9,887710,109728,29563,8.37
2026-09-23 14:31:42,23458.05,2026-09-29,23700.0,PE,246.6,246.7,247.3,63464,18924,3412,10.13
2026-09-23 14:31:42,23458.05,2026-09-29,23750.0,CE,22.0,22.0,22.05,402058,41389,14414,8.41
2026-09-23 14:31:42,23458.05,2026-09-29,23750.0,PE,288.5,287.7,288.6,9522,4250,816,10.36
2026-09-23 14:31:42,23458.05,2026-09-29,23800.0,CE,15.6,15.55,15.6,702987,130065,32158,8.48
2026-09-23 14:31:42,23458.05,2026-09-29,23800.0,PE,332.3,331.3,332.15,28209,24397,-1784,10.85
2026-09-23 14:31:42,23458.05,2026-09-29,23850.0,CE,11.0,11.05,11.1,341125,44841,22304,8.63
2026-09-23 14:31:42,23458.05,2026-09-29,23850.0,PE,380.0,376.4,377.65,2055,2146,260,11.58
2026-09-23 14:31:42,23458.05,2026-09-29,23900.0,CE,8.1,8.1,8.15,427659,92896,27214,8.86
2026-09-23 14:31:42,23458.05,2026-09-29,23900.0,PE,424.6,423.15,424.35,5400,15210,-371,11.87
2026-09-23 14:31:42,23458.05,2026-09-29,23950.0,CE,6.2,6.15,6.2,219720,27657,8317,9.12
2026-09-23 14:31:42,23458.05,2026-09-29,23950.0,PE,480.55,471.05,473.05,736,2203,83,13.43
2026-09-23 14:32:42,23453.65,2026-09-29,22950.0,CE,544.9,542.25,544.7,1716,627,466,
2026-09-23 14:32:42,23453.65,2026-09-29,22950.0,PE,11.15,11.1,11.15,209849,33024,19074,12.32
2026-09-23 14:32:42,23453.65,2026-09-29,23000.0,CE,496.15,494.55,495.85,32024,21948,392,
2026-09-23 14:32:42,23453.65,2026-09-29,23000.0,PE,13.6,13.6,13.65,702315,202607,56204,11.98
2026-09-23 14:32:42,23453.65,2026-09-29,23050.0,CE,448.55,447.65,449.0,3647,1415,691,
2026-09-23 14:32:42,23453.65,2026-09-29,23050.0,PE,16.25,16.25,16.35,240504,39784,25830,11.61
2026-09-23 14:32:42,23453.65,2026-09-29,23100.0,CE,402.65,401.05,402.15,38451,10333,3591,7.71
2026-09-23 14:32:42,23453.65,2026-09-29,23100.0,PE,20.05,20.05,20.1,515048,76822,32330,11.3
2026-09-23 14:32:42,23453.65,2026-09-29,23150.0,CE,356.3,356.6,357.5,21021,4646,2054,8.47
2026-09-23 14:32:42,23453.65,2026-09-29,23150.0,PE,24.8,24.75,24.85,388306,41149,19065,11.02
2026-09-23 14:32:42,23453.65,2026-09-29,23200.0,CE,312.6,312.05,312.9,175370,25906,-56,8.51
2026-09-23 14:32:42,23453.65,2026-09-29,23200.0,PE,31.1,31.05,31.15,739138,115162,51476,10.75
2026-09-23 14:32:42,23453.65,2026-09-29,23250.0,CE,271.6,270.85,271.5,141725,18034,2948,8.69
2026-09-23 14:32:42,23453.65,2026-09-29,23250.0,PE,38.9,38.9,39.05,573741,77066,53850,10.52
2026-09-23 14:32:42,23453.65,2026-09-29,23300.0,CE,231.35,230.95,231.4,819378,74291,-6740,8.64
2026-09-23 14:32:42,23453.65,2026-09-29,23300.0,PE,49.15,49.15,49.25,1435765,182415,75902,10.33
2026-09-23 14:32:42,23453.65,2026-09-29,23350.0,CE,193.2,193.2,193.65,1073544,39703,4020,8.67
2026-09-23 14:32:42,23453.65,2026-09-29,23350.0,PE,61.75,61.75,61.95,1531120,114228,84603,10.14
2026-09-23 14:32:42,23453.65,2026-09-29,23400.0,CE,159.3,159.35,159.7,2694084,147029,35909,8.59
2026-09-23 14:32:42,23453.65,2026-09-29,23400.0,PE,77.6,77.55,77.6,2877115,272045,178021,10.01
2026-09-23 14:32:42,23453.65,2026-09-29,23450.0,CE,128.15,128.15,128.5,1835576,99034,71236,8.59
2026-09-23 14:32:42,23453.65,2026-09-29,23450.0,PE,96.5,96.2,96.5,1353021,101691,88893,9.87
2026-09-23 14:32:42,23453.65,2026-09-29,23500.0,CE,101.25,101.25,101.55,2235944,197949,59803,8.5
2026-09-23 14:32:42,23453.65,2026-09-29,23500.0,PE,118.95,118.7,119.0,1083312,149441,57989,9.83
2026-09-23 14:32:42,23453.65,2026-09-29,23550.0,CE,77.3,77.1,77.35,948071,68476,44735,8.43
2026-09-23 14:32:42,23453.65,2026-09-29,23550.0,PE,145.35,145.35,145.7,219154,17821,13594,9.76
2026-09-23 14:32:42,23453.65,2026-09-29,23600.0,CE,58.0,57.85,58.0,1199418,119013,53463,8.37
2026-09-23 14:32:42,23453.65,2026-09-29,23600.0,PE,175.95,175.8,176.0,269407,39105,18299,9.79
2026-09-23 14:32:42,23453.65,2026-09-29,23650.0,CE,42.5,42.55,42.65,682865,54957,25651,8.35
2026-09-23 14:32:42,23453.65,2026-09-29,23650.0,PE,210.05,209.65,210.2,49643,8075,3984,9.88
2026-09-23 14:32:42,23453.65,2026-09-29,23700.0,CE,30.4,30.4,30.5,892411,109728,29563,8.37
2026-09-23 14:32:42,23453.65,2026-09-29,23700.0,PE,249.0,248.25,248.95,63871,18924,3412,10.13
2026-09-23 14:32:42,23453.65,2026-09-29,23750.0,CE,21.85,21.8,21.85,403935,41389,14414,8.41
2026-09-23 14:32:42,23453.65,2026-09-29,23750.0,PE,288.7,288.8,289.55,9623,4235,801,10.36
2026-09-23 14:32:42,23453.65,2026-09-29,23800.0,CE,15.35,15.35,15.4,705425,130065,32158,8.48
2026-09-23 14:32:42,23453.65,2026-09-29,23800.0,PE,333.15,332.85,333.7,28316,24397,-1784,10.85
2026-09-23 14:32:42,23453.65,2026-09-29,23850.0,CE,10.95,10.95,11.0,342413,44841,22304,8.63
2026-09-23 14:32:42,23453.65,2026-09-29,23850.0,PE,378.25,377.65,378.75,2073,2142,256,11.58
2026-09-23 14:32:42,23453.65,2026-09-29,23900.0,CE,8.0,8.0,8.05,429567,92896,27214,8.86
2026-09-23 14:32:42,23453.65,2026-09-29,23900.0,PE,424.95,424.9,426.1,5424,15214,-367,11.87
2026-09-23 14:32:42,23453.65,2026-09-29,23950.0,CE,6.1,6.1,6.15,220697,27657,8317,9.12
2026-09-23 14:32:42,23453.65,2026-09-29,23950.0,PE,472.45,472.35,474.55,740,2205,85,13.43
2026-09-23 14:33:42,23453.25,2026-09-29,22950.0,CE,544.9,537.75,540.4,1716,621,460,
2026-09-23 14:33:42,23453.25,2026-09-29,22950.0,PE,11.5,11.4,11.5,210253,32972,19022,12.32
2026-09-23 14:33:42,23453.25,2026-09-29,23000.0,CE,491.9,490.5,492.05,32097,21922,366,
2026-09-23 14:33:42,23453.25,2026-09-29,23000.0,PE,14.05,14.0,14.05,704468,202536,56133,11.98
2026-09-23 14:33:42,23453.25,2026-09-29,23050.0,CE,443.55,443.9,444.95,3661,1420,696,
2026-09-23 14:33:42,23453.25,2026-09-29,23050.0,PE,16.85,16.75,16.8,241239,39648,25694,11.61
2026-09-23 14:33:42,23453.25,2026-09-29,23100.0,CE,397.6,397.65,398.7,38555,10357,3615,7.71
2026-09-23 14:33:42,23453.25,2026-09-29,23100.0,PE,20.75,20.65,20.7,516394,76505,32013,11.3
2026-09-23 14:33:42,23453.25,2026-09-29,23150.0,CE,352.8,352.8,353.65,21080,4638,2046,8.47
2026-09-23 14:33:42,23453.25,2026-09-29,23150.0,PE,25.65,25.6,25.7,390208,40964,18880,11.02
2026-09-23 14:33:42,23453.25,2026-09-29,23200.0,CE,308.85,308.55,309.35,175780,25921,-41,8.51
2026-09-23 14:33:42,23453.25,2026-09-29,23200.0,PE,32.1,32.0,32.15,741130,114837,51151,10.75
2026-09-23 14:33:42,23453.25,2026-09-29,23250.0,CE,267.7,267.05,267.75,142034,18005,2919,8.69
2026-09-23 14:33:42,23453.25,2026-09-29,23250.0,PE,40.2,40.1,40.2,575097,76999,53783,10.52
2026-09-23 14:33:42,23453.25,2026-09-29,23300.0,CE,228.0,227.35,227.95,821703,73837,-7194,8.64
2026-09-23 14:33:42,23453.25,2026-09-29,23300.0,PE,50.7,50.65,50.8,1445306,185737,79224,10.33
2026-09-23 14:33:42,23453.25,2026-09-29,23350.0,CE,190.9,190.5,191.0,1076558,39475,3792,8.67
2026-09-23 14:33:42,23453.25,2026-09-29,23350.0,PE,63.35,63.2,63.35,1534744,113725,84100,10.14
2026-09-23 14:33:42,23453.25,2026-09-29,23400.0,CE,156.85,156.55,156.95,2704422,145701,34581,8.59
2026-09-23 14:33:42,23453.25,2026-09-29,23400.0,PE,79.55,79.35,79.55,2885666,271901,177877,10.01
2026-09-23 14:33:42,23453.25,2026-09-29,23450.0,CE,126.2,125.95,126.2,1846764,97779,69981,8.59
2026-09-23 14:33:42,23453.25,2026-09-29,23450.0,PE,98.6,98.25,98.5,1359621,102072,89274,9.87
2026-09-23 14:33:42,23453.25,2026-09-29,23500.0,CE,99.4,99.15,99.4,2249142,197541,59395,8.5
2026-09-23 14:33:42,23453.25,2026-09-29,23500.0,PE,121.55,121.4,121.55,1089614,149816,58364,9.83
2026-09-23 14:33:42,23453.25,2026-09-29,23550.0,CE,75.5,75.65,75.8,959434,65495,41754,8.43
2026-09-23 14:33:42,23453.25,2026-09-29,23550.0,PE,148.1,148.1,148.5,220290,17867,13640,9.76
2026-09-23 14:33:42,23453.25,2026-09-29,23600.0,CE,56.6,56.45,56.6,1208299,118792,53242,8.37
2026-09-23 14:33:42,23453.25,2026-09-29,23600.0,PE,179.55,179.1,179.4,270614,39054,18248,9.79
2026-09-23 14:33:42,23453.25,2026-09-29,23650.0,CE,41.45,41.3,41.45,686770,55137,25831,8.35
2026-09-23 14:33:42,23453.25,2026-09-29,23650.0,PE,213.4,213.5,214.1,49891,8041,3950,9.88
2026-09-23 14:33:42,23453.25,2026-09-29,23700.0,CE,29.7,29.7,29.75,899744,108675,28510,8.37
2026-09-23 14:33:42,23453.25,2026-09-29,23700.0,PE,252.0,251.85,252.5,64188,18940,3428,10.13
2026-09-23 14:33:42,23453.25,2026-09-29,23750.0,CE,21.1,21.1,21.2,406869,41489,14514,8.41
2026-09-23 14:33:42,23453.25,2026-09-29,23750.0,PE,294.05,292.95,293.75,9738,4279,845,10.36
2026-09-23 14:33:42,23453.25,2026-09-29,23800.0,CE,14.8,14.85,14.9,711621,132487,34580,8.48
2026-09-23 14:33:42,23453.25,2026-09-29,23800.0,PE,337.55,336.45,337.25,28430,24411,-1770,10.85
2026-09-23 14:33:42,23453.25,2026-09-29,23850.0,CE,10.6,10.6,10.65,344258,45064,22527,8.63
2026-09-23 14:33:42,23453.25,2026-09-29,23850.0,PE,383.15,381.85,383.05,2101,2147,261,11.58
2026-09-23 14:33:42,23453.25,2026-09-29,23900.0,CE,7.85,7.8,7.85,431728,93082,27400,8.86
2026-09-23 14:33:42,23453.25,2026-09-29,23900.0,PE,426.9,429.05,430.5,5430,15215,-366,11.87
2026-09-23 14:33:42,23453.25,2026-09-29,23950.0,CE,5.95,5.95,6.0,221827,27708,8368,9.12
2026-09-23 14:33:42,23453.25,2026-09-29,23950.0,PE,478.0,476.8,479.0,744,2205,85,13.43
2026-09-23 14:34:43,23448.05,2026-09-29,22950.0,CE,538.3,533.1,535.55,1718,621,460,
2026-09-23 14:34:43,23448.05,2026-09-29,22950.0,PE,11.4,11.4,11.45,210554,32862,18912,12.32
2026-09-23 14:34:43,23448.05,2026-09-29,23000.0,CE,486.05,486.05,486.95,32127,21912,356,
2026-09-23 14:34:43,23448.05,2026-09-29,23000.0,PE,14.1,14.05,14.1,707034,202594,56191,11.98
2026-09-23 14:34:43,23448.05,2026-09-29,23050.0,CE,443.0,438.9,440.65,3665,1420,696,
2026-09-23 14:34:43,23448.05,2026-09-29,23050.0,PE,16.9,16.85,16.9,241779,39620,25666,11.61
2026-09-23 14:34:43,23448.05,2026-09-29,23100.0,CE,393.5,392.75,393.75,38638,10357,3615,7.71
2026-09-23 14:34:43,23448.05,2026-09-29,23100.0,PE,20.8,20.75,20.8,517965,76607,32115,11.3
2026-09-23 14:34:43,23448.05,2026-09-29,23150.0,CE,349.35,348.0,348.9,21120,4637,2045,8.47
2026-09-23 14:34:43,23448.05,2026-09-29,23150.0,PE,25.75,25.75,25.85,390838,40927,18843,11.02
2026-09-23 14:34:43,23448.05,2026-09-29,23200.0,CE,304.15,304.25,305.0,176091,25877,-85,8.51
2026-09-23 14:34:43,23448.05,2026-09-29,23200.0,PE,32.35,32.35,32.4,743855,115094,51408,10.75
2026-09-23 14:34:43,23448.05,2026-09-29,23250.0,CE,263.05,263.0,263.55,142323,17993,2907,8.69
2026-09-23 14:34:43,23448.05,2026-09-29,23250.0,PE,40.6,40.45,40.6,577435,77081,53865,10.52
2026-09-23 14:34:43,23448.05,2026-09-29,23300.0,CE,223.2,223.25,223.85,823538,73588,-7443,8.64
2026-09-23 14:34:43,23448.05,2026-09-29,23300.0,PE,51.25,51.25,51.4,1450310,185748,79235,10.33
2026-09-23 14:34:43,23448.05,2026-09-29,23350.0,CE,186.65,186.7,187.0,1078658,39304,3621,8.67
2026-09-23 14:34:43,23448.05,2026-09-29,23350.0,PE,64.2,64.15,64.35,1537350,113743,84118,10.14
2026-09-23 14:34:43,23448.05,2026-09-29,23400.0,CE,152.85,152.9,153.25,2713397,144700,33580,8.59
2026-09-23 14:34:43,23448.05,2026-09-29,23400.0,PE,80.7,80.6,80.8,2893860,272079,178055,10.01
2026-09-23 14:34:43,23448.05,2026-09-29,23450.0,CE,122.75,122.7,122.95,1857052,97266,69468,8.59
2026-09-23 14:34:43,23448.05,2026-09-29,23450.0,PE,100.0,99.8,100.0,1367665,102526,89728,9.87
2026-09-23 14:34:43,23448.05,2026-09-29,23500.0,CE,96.0,96.1,96.3,2261834,197441,59295,8.5
2026-09-23 14:34:43,23448.05,2026-09-29,23500.0,PE,123.25,123.2,123.45,1095996,150618,59166,9.83
2026-09-23 14:34:43,23448.05,2026-09-29,23550.0,CE,73.05,73.05,73.25,965575,64642,40901,8.43
2026-09-23 14:34:43,23448.05,2026-09-29,23550.0,PE,150.25,150.25,150.55,221666,18121,13894,9.76
2026-09-23 14:34:43,23448.05,2026-09-29,23600.0,CE,54.3,54.3,54.45,1214048,118380,52830,8.37
2026-09-23 14:34:43,23448.05,2026-09-29,23600.0,PE,182.0,181.65,181.75,272078,39071,18265,9.79
2026-09-23 14:34:43,23448.05,2026-09-29,23650.0,CE,39.6,39.55,39.7,690525,55114,25808,8.35
2026-09-23 14:34:43,23448.05,2026-09-29,23650.0,PE,216.55,216.55,216.75,50118,8061,3970,9.88
2026-09-23 14:34:43,23448.05,2026-09-29,23700.0,CE,28.2,28.25,28.35,903876,108350,28185,8.37
2026-09-23 14:34:43,23448.05,2026-09-29,23700.0,PE,255.7,255.05,255.8,64596,18915,3403,10.13
2026-09-23 14:34:43,23448.05,2026-09-29,23750.0,CE,20.0,20.0,20.1,408580,41466,14491,8.41
2026-09-23 14:34:43,23448.05,2026-09-29,23750.0,PE,296.75,296.65,297.45,9781,4262,828,10.36
2026-09-23 14:34:43,23448.05,2026-09-29,23800.0,CE,14.05,14.05,14.1,714691,132120,34213,8.48
2026-09-23 14:34:43,23448.05,2026-09-29,23800.0,PE,340.7,340.75,341.0,28518,24404,-1777,10.85
2026-09-23 14:34:43,23448.05,2026-09-29,23850.0,CE,9.95,9.95,10.0,345374,44973,22436,8.63
2026-09-23 14:34:43,23448.05,2026-09-29,23850.0,PE,386.0,386.35,387.45,2123,2144,258,11.58
2026-09-23 14:34:43,23448.05,2026-09-29,23900.0,CE,7.4,7.35,7.4,434618,93241,27559,8.86
2026-09-23 14:34:43,23448.05,2026-09-29,23900.0,PE,434.15,433.65,434.65,5467,15215,-366,11.87
2026-09-23 14:34:43,23448.05,2026-09-29,23950.0,CE,5.6,5.6,5.65,222854,27771,8431,9.12
2026-09-23 14:34:43,23448.05,2026-09-29,23950.0,PE,478.0,481.25,483.7,744,2205,85,13.43
2026-09-23 14:35:43,23445.8,2026-09-29,22950.0,CE,538.3,528.35,530.2,1718,620,459,
2026-09-23 14:35:43,23445.8,2026-09-29,22950.0,PE,11.65,11.6,11.65,210964,32946,18996,12.32
2026-09-23 14:35:43,23445.8,2026-09-29,23000.0,CE,482.1,481.05,482.35,32205,21899,343,
2026-09-23 14:35:43,23445.8,2026-09-29,23000.0,PE,14.3,14.3,14.35,708399,202466,56063,11.98
2026-09-23 14:35:43,23445.8,2026-09-29,23050.0,CE,437.6,434.05,435.3,3673,1423,699,
2026-09-23 14:35:43,23445.8,2026-09-29,23050.0,PE,17.2,17.1,17.2,242116,39610,25656,11.61
2026-09-23 14:35:43,23445.8,2026-09-29,23100.0,CE,388.45,388.0,389.05,38697,10338,3596,7.71
2026-09-23 14:35:43,23445.8,2026-09-29,23100.0,PE,21.25,21.15,21.2,519329,76136,31644,11.3
2026-09-23 14:35:43,23445.8,2026-09-29,23150.0,CE,343.15,343.3,344.15,21149,4623,2031,8.47
2026-09-23 14:35:43,23445.8,2026-09-29,23150.0,PE,26.35,26.3,26.4,391571,40929,18845,11.02
2026-09-23 14:35:43,23445.8,2026-09-29,23200.0,CE,300.0,299.4,300.15,176414,25819,-143,8.51
2026-09-23 14:35:43,23445.8,2026-09-29,23200.0,PE,33.0,33.0,33.1,745260,114929,51243,10.75
2026-09-23 14:35:43,23445.8,2026-09-29,23250.0,CE,259.1,258.5,259.1,142488,17998,2912,8.69
2026-09-23 14:35:43,23445.8,2026-09-29,23250.0,PE,41.45,41.35,41.5,578779,77286,54070,10.52
2026-09-23 14:35:43,23445.8,2026-09-29,23300.0,CE,219.25,219.2,219.8,825344,73361,-7670,8.64
2026-09-23 14:35:43,23445.8,2026-09-29,23300.0,PE,52.25,52.25,52.4,1455803,184772,78259,10.33
2026-09-23 14:35:43,23445.8,2026-09-29,23350.0,CE,183.15,182.8,183.0,1080671,38914,3231,8.67
2026-09-23 14:35:43,23445.8,2026-09-29,23350.0,PE,65.55,65.55,65.7,1540504,113512,83887,10.14
2026-09-23 14:35:43,23445.8,2026-09-29,23400.0,CE,149.7,149.3,149.7,2720587,144176,33056,8.59
2026-09-23 14:35:43,23445.8,2026-09-29,23400.0,PE,82.1,82.1,82.35,2903939,270764,176740,10.01
2026-09-23 14:35:43,23445.8,2026-09-29,23450.0,CE,119.8,119.6,119.85,1865601,95450,67652,8.59
2026-09-23 14:35:43,23445.8,2026-09-29,23450.0,PE,102.2,101.9,102.2,1374884,102320,89522,9.87
2026-09-23 14:35:43,23445.8,2026-09-29,23500.0,CE,93.6,93.5,93.6,2272247,197095,58949,8.5
2026-09-23 14:35:43,23445.8,2026-09-29,23500.0,PE,126.05,125.8,125.95,1102072,150995,59543,9.83
2026-09-23 14:35:43,23445.8,2026-09-29,23550.0,CE,70.9,70.8,70.95,969940,64152,40411,8.43
2026-09-23 14:35:43,23445.8,2026-09-29,23550.0,PE,153.1,153.35,153.75,223318,18249,14022,9.76
2026-09-23 14:35:43,23445.8,2026-09-29,23600.0,CE,52.6,52.55,52.65,1219882,118268,52718,8.37
2026-09-23 14:35:43,23445.8,2026-09-29,23600.0,PE,185.3,185.0,185.4,273954,38900,18094,9.79
2026-09-23 14:35:43,23445.8,2026-09-29,23650.0,CE,38.3,38.3,38.4,693365,54933,25627,8.35
2026-09-23 14:35:43,23445.8,2026-09-29,23650.0,PE,220.2,220.2,220.8,50488,7994,3903,9.88
2026-09-23 14:35:43,23445.8,2026-09-29,23700.0,CE,27.25,27.25,27.35,907719,107493,27328,8.37
2026-09-23 14:35:43,23445.8,2026-09-29,23700.0,PE,258.6,259.3,259.8,64872,18950,3438,10.13
2026-09-23 14:35:43,23445.8,2026-09-29,23750.0,CE,19.4,19.35,19.4,409946,41412,14437,8.41
2026-09-23 14:35:43,23445.8,2026-09-29,23750.0,PE,302.0,301.0,301.75,9842,4265,831,10.36
2026-09-23 14:35:43,23445.8,2026-09-29,23800.0,CE,13.65,13.65,13.7,716002,132077,34170,8.48
2026-09-23 14:35:43,23445.8,2026-09-29,23800.0,PE,345.2,345.15,345.95,28605,24378,-1803,10.85
2026-09-23 14:35:43,23445.8,2026-09-29,23850.0,CE,9.8,9.7,9.75,346189,45009,22472,8.63
2026-09-23 14:35:43,23445.8,2026-09-29,23850.0,PE,389.1,391.3,392.5,2131,2143,257,11.58
2026-09-23 14:35:43,23445.8,2026-09-29,23900.0,CE,7.25,7.2,7.25,435996,93191,27509,8.86
2026-09-23 14:35:43,23445.8,2026-09-29,23900.0,PE,438.55,438.15,439.45,5490,15214,-367,11.87
2026-09-23 14:35:43,23445.8,2026-09-29,23950.0,CE,5.55,5.5,5.55,223495,27837,8497,9.12
2026-09-23 14:35:43,23445.8,2026-09-29,23950.0,PE,481.3,486.1,488.3,745,2206,86,13.43
2026-09-23 14:36:43,23436.3,2026-09-29,22950.0,CE,517.45,515.7,518.8,1726,623,462,
2026-09-23 14:36:43,23436.3,2026-09-29,22950.0,PE,12.15,12.1,12.2,212340,32781,18831,12.32
2026-09-23 14:36:43,23436.3,2026-09-29,23000.0,CE,469.15,468.9,470.0,32720,21832,276,
2026-09-23 14:36:43,23436.3,2026-09-29,23000.0,PE,15.0,15.0,15.1,711942,202593,56190,11.98
2026-09-23 14:36:43,23436.3,2026-09-29,23050.0,CE,423.85,422.4,423.65,3691,1421,697,
2026-09-23 14:36:43,23436.3,2026-09-29,23050.0,PE,18.2,18.1,18.2,243710,39551,25597,11.61
2026-09-23 14:36:43,23436.3,2026-09-29,23100.0,CE,377.05,376.45,377.45,38856,10344,3602,7.71
2026-09-23 14:36:43,23436.3,2026-09-29,23100.0,PE,22.35,22.35,22.45,524380,75888,31396,11.3
2026-09-23 14:36:43,23436.3,2026-09-29,23150.0,CE,331.95,332.05,333.0,21229,4581,1989,8.47
2026-09-23 14:36:43,23436.3,2026-09-29,23150.0,PE,27.95,27.85,27.95,393722,40944,18860,11.02
2026-09-23 14:36:43,23436.3,2026-09-29,23200.0,CE,289.5,288.95,289.75,177241,25676,-286,8.51
2026-09-23 14:36:43,23436.3,2026-09-29,23200.0,PE,35.0,35.0,35.15,751953,115459,51773,10.75
2026-09-23 14:36:43,23436.3,2026-09-29,23250.0,CE,248.95,248.35,249.0,143236,17929,2843,8.69
2026-09-23 14:36:43,23436.3,2026-09-29,23250.0,PE,44.0,43.85,44.0,583630,77175,53959,10.52
2026-09-23 14:36:43,23436.3,2026-09-29,23300.0,CE,210.2,209.6,210.15,831269,72461,-8570,8.64
2026-09-23 14:36:43,23436.3,2026-09-29,23300.0,PE,55.55,55.5,55.65,1468707,181749,75236,10.33
2026-09-23 14:36:43,23436.3,2026-09-29,23350.0,CE,174.35,173.9,174.35,1087453,38215,2532,8.67
2026-09-23 14:36:43,23436.3,2026-09-29,23350.0,PE,69.7,69.5,69.75,1554936,113268,83643,10.14
2026-09-23 14:36:43,23436.3,2026-09-29,23400.0,CE,141.85,141.55,141.85,2738636,142690,31570,8.59
2026-09-23 14:36:43,23436.3,2026-09-29,23400.0,PE,87.3,87.1,87.3,2939677,271938,177914,10.01
2026-09-23 14:36:43,23436.3,2026-09-29,23450.0,CE,113.15,112.9,113.1,1886499,91844,64046,8.59
2026-09-23 14:36:43,23436.3,2026-09-29,23450.0,PE,107.95,107.95,108.0,1402780,102855,90057,9.87
2026-09-23 14:36:43,23436.3,2026-09-29,23500.0,CE,87.7,87.65,87.85,2300839,194991,56845,8.5
2026-09-23 14:36:43,23436.3,2026-09-29,23500.0,PE,132.75,132.75,133.05,1122863,149825,58373,9.83
2026-09-23 14:36:43,23436.3,2026-09-29,23550.0,CE,66.4,66.2,66.4,981002,62833,39092,8.43
2026-09-23 14:36:43,23436.3,2026-09-29,23550.0,PE,161.75,161.4,161.8,228176,17820,13593,9.76
2026-09-23 14:36:43,23436.3,2026-09-29,23600.0,CE,49.05,48.95,49.05,1235594,118158,52608,8.37
2026-09-23 14:36:43,23436.3,2026-09-29,23600.0,PE,193.95,193.95,194.45,278735,38520,17714,9.79
2026-09-23 14:36:43,23436.3,2026-09-29,23650.0,CE,35.45,35.5,35.6,699949,54187,24881,8.35
2026-09-23 14:36:43,23436.3,2026-09-29,23650.0,PE,230.35,230.25,230.9,51117,7962,3871,9.88
2026-09-23 14:36:43,23436.3,2026-09-29,23700.0,CE,25.45,25.4,25.45,918376,107214,27049,8.37
2026-09-23 14:36:43,23436.3,2026-09-29,23700.0,PE,270.7,269.95,270.7,66085,18801,3289,10.13
2026-09-23 14:36:43,23436.3,2026-09-29,23750.0,CE,18.0,17.95,18.0,415054,40938,13963,8.41
2026-09-23 14:36:43,23436.3,2026-09-29,23750.0,PE,313.25,312.35,313.2,9985,4241,807,10.36
2026-09-23 14:36:43,23436.3,2026-09-29,23800.0,CE,12.7,12.65,12.7,725259,131964,34057,8.48
2026-09-23 14:36:43,23436.3,2026-09-29,23800.0,PE,357.0,357.0,357.85,29142,24334,-1847,10.85
2026-09-23 14:36:43,23436.3,2026-09-29,23850.0,CE,9.05,9.05,9.15,348391,45083,22546,8.63
2026-09-23 14:36:43,23436.3,2026-09-29,23850.0,PE,402.15,402.95,404.25,2156,2142,256,11.58
2026-09-23 14:36:43,23436.3,2026-09-29,23900.0,CE,6.75,6.75,6.8,441343,92693,27011,8.86
2026-09-23 14:36:43,23436.3,2026-09-29,23900.0,PE,451.85,450.55,451.8,5559,15218,-363,11.87
2026-09-23 14:36:43,23436.3,2026-09-29,23950.0,CE,5.25,5.2,5.25,225159,27798,8458,9.12
2026-09-23 14:36:43,23436.3,2026-09-29,23950.0,PE,496.7,498.3,501.1,749,2207,87,13.43
2026-09-23 14:37:44,23435.7,2026-09-29,22950.0,CE,520.35,517.9,520.5,1730,623,462,
2026-09-23 14:37:44,23435.7,2026-09-29,22950.0,PE,12.1,12.1,12.15,212486,32796,18846,12.34
2026-09-23 14:37:44,23435.7,2026-09-29,23000.0,CE,471.0,470.65,471.75,32751,21818,262,7.44
2026-09-23 14:37:44,23435.7,2026-09-29,23000.0,PE,14.95,14.9,15.0,713775,202766,56363,12.02
2026-09-23 14:37:44,23435.7,2026-09-29,23050.0,CE,422.75,424.3,425.45,3699,1421,697,8.16
2026-09-23 14:37:44,23435.7,2026-09-29,23050.0,PE,18.0,17.95,18.0,244141,39530,25576,11.64
2026-09-23 14:37:44,23435.7,2026-09-29,23100.0,CE,378.0,378.35,379.0,38872,10369,3627,8.44
2026-09-23 14:37:44,23435.7,2026-09-29,23100.0,PE,22.3,22.25,22.3,527390,77592,33100,11.3
2026-09-23 14:37:44,23435.7,2026-09-29,23150.0,CE,333.75,334.45,335.05,21278,4575,1983,8.91
2026-09-23 14:37:44,23435.7,2026-09-29,23150.0,PE,27.75,27.65,27.7,394660,40916,18832,11.0
2026-09-23 14:37:44,23435.7,2026-09-29,23200.0,CE,291.5,291.45,291.8,177485,25742,-220,8.89
2026-09-23 14:37:44,23435.7,2026-09-29,23200.0,PE,34.75,34.65,34.7,754566,114576,50890,10.73
2026-09-23 14:37:44,23435.7,2026-09-29,23250.0,CE,250.1,250.75,250.95,143401,17884,2798,8.81
2026-09-23 14:37:44,23435.7,2026-09-29,23250.0,PE,43.5,43.35,43.5,584978,77345,54129,10.48
2026-09-23 14:37:44,23435.7,2026-09-29,23300.0,CE,211.75,211.25,211.75,832321,72576,-8455,8.89
2026-09-23 14:37:44,23435.7,2026-09-29,23300.0,PE,55.25,55.05,55.2,1472860,181498,74985,10.29
2026-09-23 14:37:44,23435.7,2026-09-29,23350.0,CE,175.5,175.25,175.7,1088865,38363,2680,8.82
2026-09-23 14:37:44,23435.7,2026-09-29,23350.0,PE,68.85,68.85,69.05,1558909,114078,84453,10.1
2026-09-23 14:37:44,23435.7,2026-09-29,23400.0,CE,143.0,142.75,143.0,2743670,142790,31670,8.75
2026-09-23 14:37:44,23435.7,2026-09-29,23400.0,PE,86.25,86.25,86.4,2950068,271840,177816,9.96
2026-09-23 14:37:44,23435.7,2026-09-29,23450.0,CE,113.75,113.85,114.0,1891662,91595,63797,8.66
2026-09-23 14:37:44,23435.7,2026-09-29,23450.0,PE,106.65,106.7,106.9,1412081,104413,91615,9.82
2026-09-23 14:37:44,23435.7,2026-09-29,23500.0,CE,88.45,88.45,88.6,2306927,195063,56917,8.61
2026-09-23 14:37:44,23435.7,2026-09-29,23500.0,PE,131.35,131.3,131.5,1128548,149419,57967,9.71
2026-09-23 14:37:44,23435.7,2026-09-29,23550.0,CE,67.15,67.0,67.1,984041,62375,38634,8.51
2026-09-23 14:37:44,23435.7,2026-09-29,23550.0,PE,159.9,159.6,159.75,229474,17909,13682,9.67
2026-09-23 14:37:44,23435.7,2026-09-29,23600.0,CE,49.45,49.4,49.5,1241142,119065,53515,8.45
2026-09-23 14:37:44,23435.7,2026-09-29,23600.0,PE,192.2,192.1,192.25,280077,38172,17366,9.72
2026-09-23 14:37:44,23435.7,2026-09-29,23650.0,CE,35.8,35.7,35.8,701752,54087,24781,8.43
2026-09-23 14:37:44,23435.7,2026-09-29,23650.0,PE,228.3,228.6,229.15,51446,8005,3914,9.73
2026-09-23 14:37:44,23435.7,2026-09-29,23700.0,CE,25.5,25.5,25.6,920778,107093,26928,8.41
2026-09-23 14:37:44,23435.7,2026-09-29,23700.0,PE,268.65,268.25,268.75,66378,18643,3131,9.95
2026-09-23 14:37:44,23435.7,2026-09-29,23750.0,CE,18.05,18.05,18.15,415990,40784,13809,8.46
2026-09-23 14:37:44,23435.7,2026-09-29,23750.0,PE,311.0,310.3,311.15,10058,4248,814,10.14
2026-09-23 14:37:44,23435.7,2026-09-29,23800.0,CE,12.8,12.75,12.8,727576,131730,33823,8.56
2026-09-23 14:37:44,23435.7,2026-09-29,23800.0,PE,356.0,355.0,355.75,29214,24267,-1914,10.52
2026-09-23 14:37:44,23435.7,2026-09-29,23850.0,CE,9.15,9.1,9.15,349546,44971,22434,8.69
2026-09-23 14:37:44,23435.7,2026-09-29,23850.0,PE,401.35,400.95,402.15,2180,2142,256,10.95
2026-09-23 14:37:44,23435.7,2026-09-29,23900.0,CE,6.85,6.8,6.85,443237,92950,27268,8.91
2026-09-23 14:37:44,23435.7,2026-09-29,23900.0,PE,450.95,447.8,449.05,5571,15216,-365,11.4
2026-09-23 14:37:44,23435.7,2026-09-29,23950.0,CE,5.25,5.2,5.25,226124,27612,8272,9.18
2026-09-23 14:37:44,23435.7,2026-09-29,23950.0,PE,498.15,496.3,498.4,750,2208,88,12.11
2026-09-23 14:38:44,23438.85,2026-09-29,22950.0,CE,517.4,514.35,516.5,1734,627,466,
2026-09-23 14:38:44,23438.85,2026-09-29,22950.0,PE,12.1,12.1,12.2,212636,32822,18872,12.32
2026-09-23 14:38:44,23438.85,2026-09-29,23000.0,CE,467.4,467.2,468.6,32808,21818,262,
2026-09-23 14:38:44,23438.85,2026-09-29,23000.0,PE,15.1,15.0,15.1,714346,202899,56496,11.98
2026-09-23 14:38:44,23438.85,2026-09-29,23050.0,CE,421.95,420.55,422.1,3705,1425,701,
2026-09-23 14:38:44,23438.85,2026-09-29,23050.0,PE,18.1,18.05,18.15,244358,39411,25457,11.61
2026-09-23 14:38:44,23438.85,2026-09-29,23100.0,CE,375.8,375.1,376.15,38900,10362,3620,7.71
2026-09-23 14:38:44,23438.85,2026-09-29,23100.0,PE,22.4,22.4,22.45,528061,77272,32780,11.3
2026-09-23 14:38:44,23438.85,2026-09-29,23150.0,CE,331.9,330.9,331.8,21287,4575,1983,8.47
2026-09-23 14:38:44,23438.85,2026-09-29,23150.0,PE,27.95,27.95,28.0,395091,40869,18785,11.02
2026-09-23 14:38:44,23438.85,2026-09-29,23200.0,CE,288.4,288.0,288.5,177660,25860,-102,8.51
2026-09-23 14:38:44,23438.85,2026-09-29,23200.0,PE,35.1,35.1,35.15,755393,114417,50731,10.75
2026-09-23 14:38:44,23438.85,2026-09-29,23250.0,CE,247.6,246.65,247.3,143592,17852,2766,8.69
2026-09-23 14:38:44,23438.85,2026-09-29,23250.0,PE,44.0,44.0,44.15,586366,77352,54136,10.52
2026-09-23 14:38:44,23438.85,2026-09-29,23300.0,CE,208.15,208.45,208.95,832785,72682,-8349,8.64
2026-09-23 14:38:44,23438.85,2026-09-29,23300.0,PE,55.75,55.6,55.75,1474990,180859,74346,10.33
2026-09-23 14:38:44,23438.85,2026-09-29,23350.0,CE,173.0,172.65,172.9,1089579,38396,2713,8.67
2026-09-23 14:38:44,23438.85,2026-09-29,23350.0,PE,69.9,69.7,69.9,1560526,113833,84208,10.14
2026-09-23 14:38:44,23438.85,2026-09-29,23400.0,CE,140.15,140.1,140.5,2746953,142790,31670,8.59
2026-09-23 14:38:44,23438.85,2026-09-29,23400.0,PE,87.5,87.3,87.4,2955553,271840,177816,10.01
2026-09-23 14:38:44,23438.85,2026-09-29,23450.0,CE,111.7,111.6,111.7,1894394,92615,64817,8.59
2026-09-23 14:38:44,23438.85,2026-09-29,23450.0,PE,108.4,108.05,108.3,1415234,103763,90965,9.87
2026-09-23 14:38:44,23438.85,2026-09-29,23500.0,CE,86.5,86.45,86.7,2310132,195647,57501,8.5
2026-09-23 14:38:44,23438.85,2026-09-29,23500.0,PE,133.0,132.85,133.0,1131407,149037,57585,9.83
2026-09-23 14:38:44,23438.85,2026-09-29,23550.0,CE,65.25,65.1,65.3,986089,62668,38927,8.43
2026-09-23 14:38:44,23438.85,2026-09-29,23550.0,PE,162.05,161.65,162.1,230193,17969,13742,9.76
2026-09-23 14:38:44,23438.85,2026-09-29,23600.0,CE,47.85,47.8,47.85,1243557,119495,53945,8.37
2026-09-23 14:38:44,23438.85,2026-09-29,23600.0,PE,195.0,194.7,195.0,280504,38184,17378,9.79
2026-09-23 14:38:44,23438.85,2026-09-29,23650.0,CE,34.75,34.65,34.8,702664,54100,24794,8.35
2026-09-23 14:38:44,23438.85,2026-09-29,23650.0,PE,230.8,230.8,231.3,51570,7970,3879,9.88
2026-09-23 14:38:44,23438.85,2026-09-29,23700.0,CE,24.75,24.7,24.8,922475,107704,27539,8.37
2026-09-23 14:38:44,23438.85,2026-09-29,23700.0,PE,270.75,270.75,271.5,66474,18620,3108,10.13
2026-09-23 14:38:44,23438.85,2026-09-29,23750.0,CE,17.55,17.5,17.55,416588,40784,13809,8.41
2026-09-23 14:38:44,23438.85,2026-09-29,23750.0,PE,312.6,313.45,314.25,10066,4248,814,10.36
2026-09-23 14:38:44,23438.85,2026-09-29,23800.0,CE,12.4,12.35,12.4,728292,131737,33830,8.48
2026-09-23 14:38:44,23438.85,2026-09-29,23800.0,PE,358.3,358.2,358.95,29237,24268,-1913,10.85
2026-09-23 14:38:44,23438.85,2026-09-29,23850.0,CE,8.9,8.85,8.9,350184,44968,22431,8.63
2026-09-23 14:38:44,23438.85,2026-09-29,23850.0,PE,401.65,404.35,405.4,2183,2138,252,11.58
2026-09-23 14:38:44,23438.85,2026-09-29,23900.0,CE,6.7,6.6,6.7,443803,93005,27323,8.86
2026-09-23 14:38:44,23438.85,2026-09-29,23900.0,PE,451.9,451.75,453.0,5574,15216,-365,11.87
2026-09-23 14:38:44,23438.85,2026-09-29,23950.0,CE,5.15,5.1,5.15,226269,27612,8272,9.12
2026-09-23 14:38:44,23438.85,2026-09-29,23950.0,PE,498.15,499.85,502.15,750,2208,88,13.43
2026-09-23 14:39:44,23438.85,2026-09-29,22950.0,CE,519.95,514.85,516.65,1740,631,470,
2026-09-23 14:39:44,23438.85,2026-09-29,22950.0,PE,12.05,12.1,12.15,213071,32822,18872,12.32
2026-09-23 14:39:44,23438.85,2026-09-29,23000.0,CE,469.0,467.75,468.8,32913,21824,268,
2026-09-23 14:39:44,23438.85,2026-09-29,23000.0,PE,14.95,14.95,15.0,715861,202899,56496,11.98
2026-09-23 14:39:44,23438.85,2026-09-29,23050.0,CE,422.0,421.5,422.65,3714,1431,707,
2026-09-23 14:39:44,23438.85,2026-09-29,23050.0,PE,17.95,18.0,18.05,244932,39411,25457,11.61
2026-09-23 14:39:44,23438.85,2026-09-29,23100.0,CE,378.7,375.35,376.45,39004,10362,3620,7.71
2026-09-23 14:39:44,23438.85,2026-09-29,23100.0,PE,22.35,22.3,22.35,529240,77020,32528,11.3
2026-09-23 14:39:44,23438.85,2026-09-29,23150.0,CE,334.3,331.45,332.1,21304,4580,1988,8.47
2026-09-23 14:39:44,23438.85,2026-09-29,23150.0,PE,27.9,27.8,27.9,396246,40856,18772,11.02
2026-09-23 14:39:44,23438.85,2026-09-29,23200.0,CE,290.0,288.15,288.9,178017,25860,-102,8.51
2026-09-23 14:39:44,23438.85,2026-09-29,23200.0,PE,34.9,34.9,35.0,758562,114192,50506,10.75
2026-09-23 14:39:44,23438.85,2026-09-29,23250.0,CE,248.2,247.45,248.1,143777,17878,2792,8.69
2026-09-23 14:39:44,23438.85,2026-09-29,23250.0,PE,43.75,43.8,43.95,588185,77159,53943,10.52
2026-09-23 14:39:44,23438.85,2026-09-29,23300.0,CE,209.25,209.0,209.35,833951,72806,-8225,8.64
2026-09-23 14:39:44,23438.85,2026-09-29,23300.0,PE,55.4,55.4,55.55,1479181,180020,73507,10.33
2026-09-23 14:39:44,23438.85,2026-09-29,23350.0,CE,173.55,173.05,173.5,1091173,38396,2713,8.67
2026-09-23 14:39:44,23438.85,2026-09-29,23350.0,PE,69.4,69.45,69.65,1565023,113833,84208,10.14
2026-09-23 14:39:44,23438.85,2026-09-29,23400.0,CE,141.05,140.75,141.05,2753721,143598,32478,8.59
2026-09-23 14:39:44,23438.85,2026-09-29,23400.0,PE,87.1,86.95,87.15,2967330,271213,177189,10.01
2026-09-23 14:39:44,23438.85,2026-09-29,23450.0,CE,112.1,111.85,112.1,1900819,92633,64835,8.59
2026-09-23 14:39:44,23438.85,2026-09-29,23450.0,PE,108.0,107.8,108.0,1423460,103240,90442,9.87
2026-09-23 14:39:44,23438.85,2026-09-29,23500.0,CE,87.05,87.0,87.1,2318347,194413,56267,8.5
2026-09-23 14:39:44,23438.85,2026-09-29,23500.0,PE,133.0,132.7,133.0,1136956,148533,57081,9.83
2026-09-23 14:39:44,23438.85,2026-09-29,23550.0,CE,65.6,65.45,65.6,988952,62945,39204,8.43
2026-09-23 14:39:44,23438.85,2026-09-29,23550.0,PE,161.85,161.45,161.85,231914,18381,14154,9.76
2026-09-23 14:39:44,23438.85,2026-09-29,23600.0,CE,48.3,48.3,48.45,1249018,120636,55086,8.37
2026-09-23 14:39:44,23438.85,2026-09-29,23600.0,PE,194.65,194.3,194.7,281791,38065,17259,9.79
2026-09-23 14:39:44,23438.85,2026-09-29,23650.0,CE,35.05,34.95,35.1,704950,54405,25099,8.35
2026-09-23 14:39:44,23438.85,2026-09-29,23650.0,PE,230.8,230.55,231.0,51817,7970,3879,9.88
2026-09-23 14:39:44,23438.85,2026-09-29,23700.0,CE,25.15,25.05,25.1,925413,107704,27539,8.37
2026-09-23 14:39:44,23438.85,2026-09-29,23700.0,PE,271.0,270.45,271.0,66627,18620,3108,10.13
2026-09-23 14:39:44,23438.85,2026-09-29,23750.0,CE,17.8,17.7,17.8,417700,40786,13811,8.41
2026-09-23 14:39:44,23438.85,2026-09-29,23750.0,PE,310.75,312.85,313.8,10306,4286,852,10.36
2026-09-23 14:39:44,23438.85,2026-09-29,23800.0,CE,12.55,12.5,12.55,729748,131644,33737,8.48
2026-09-23 14:39:44,23438.85,2026-09-29,23800.0,PE,358.0,357.65,358.5,29378,24268,-1913,10.85
2026-09-23 14:39:44,23438.85,2026-09-29,23850.0,CE,9.1,8.95,9.0,351078,44932,22395,8.63
2026-09-23 14:39:44,23438.85,2026-09-29,23850.0,PE,403.2,404.05,405.15,2187,2138,252,11.58
2026-09-23 14:39:44,23438.85,2026-09-29,23900.0,CE,6.7,6.7,6.8,446072,93147,27465,8.86
2026-09-23 14:39:44,23438.85,2026-09-29,23900.0,PE,452.0,451.25,452.45,5593,15211,-370,11.87
2026-09-23 14:39:44,23438.85,2026-09-29,23950.0,CE,5.2,5.15,5.2,227064,27669,8329,9.12
2026-09-23 14:39:44,23438.85,2026-09-29,23950.0,PE,498.15,498.95,504.05,750,2208,88,13.43
2026-09-23 14:40:44,23440.3,2026-09-29,22950.0,CE,514.85,518.6,520.55,1742,631,470,
2026-09-23 14:40:44,23440.3,2026-09-29,22950.0,PE,11.9,11.9,11.95,213157,32889,18939,12.32
2026-09-23 14:40:44,23440.3,2026-09-29,23000.0,CE,471.25,471.3,472.65,32951,21880,324,
2026-09-23 14:40:44,23440.3,2026-09-29,23000.0,PE,14.7,14.7,14.75,716620,202591,56188,11.98
2026-09-23 14:40:44,23440.3,2026-09-29,23050.0,CE,425.35,424.4,425.65,3726,1431,707,
2026-09-23 14:40:44,23440.3,2026-09-29,23050.0,PE,17.7,17.65,17.75,245282,39130,25176,11.61
2026-09-23 14:40:44,23440.3,2026-09-29,23100.0,CE,379.5,379.0,379.5,39010,10336,3594,7.71
2026-09-23 14:40:44,23440.3,2026-09-29,23100.0,PE,22.0,21.9,22.0,529621,77020,32528,11.3
2026-09-23 14:40:44,23440.3,2026-09-29,23150.0,CE,334.2,334.25,335.05,21308,4576,1984,8.47
2026-09-23 14:40:44,23440.3,2026-09-29,23150.0,PE,27.4,27.3,27.4,396760,40856,18772,11.02
2026-09-23 14:40:44,23440.3,2026-09-29,23200.0,CE,291.85,291.35,291.75,178084,25828,-134,8.51
2026-09-23 14:40:44,23440.3,2026-09-29,23200.0,PE,34.35,34.25,34.4,759552,114192,50506,10.75
2026-09-23 14:40:44,23440.3,2026-09-29,23250.0,CE,250.9,250.3,250.95,143886,17878,2792,8.69
2026-09-23 14:40:44,23440.3,2026-09-29,23250.0,PE,43.0,43.0,43.15,589402,77159,53943,10.52
2026-09-23 14:40:44,23440.3,2026-09-29,23300.0,CE,211.5,211.5,211.95,834454,72806,-8225,8.64
2026-09-23 14:40:44,23440.3,2026-09-29,23300.0,PE,54.55,54.55,54.6,1481029,180020,73507,10.33
2026-09-23 14:40:44,23440.3,2026-09-29,23350.0,CE,175.7,175.7,175.95,1091754,38153,2470,8.67
2026-09-23 14:40:44,23440.3,2026-09-29,23350.0,PE,68.4,68.4,68.55,1566853,113462,83837,10.14
2026-09-23 14:40:44,23440.3,2026-09-29,23400.0,CE,142.65,142.7,143.0,2756058,144002,32882,8.59
2026-09-23 14:40:44,23440.3,2026-09-29,23400.0,PE,85.85,85.8,86.0,2972270,269555,175531,10.01
2026-09-23 14:40:44,23440.3,2026-09-29,23450.0,CE,114.15,113.9,114.2,1903671,92633,64835,8.59
2026-09-23 14:40:44,23440.3,2026-09-29,23450.0,PE,106.3,106.25,106.45,1426729,103240,90442,9.87
2026-09-23 14:40:44,23440.3,2026-09-29,23500.0,CE,88.75,88.5,88.7,2322647,194413,56267,8.5
2026-09-23 14:40:44,23440.3,2026-09-29,23500.0,PE,131.05,131.05,131.2,1140010,148533,57081,9.83
2026-09-23 14:40:44,23440.3,2026-09-29,23550.0,CE,66.85,66.85,67.0,990203,62945,39204,8.43
2026-09-23 14:40:44,23440.3,2026-09-29,23550.0,PE,159.7,159.35,159.75,232399,18381,14154,9.76
2026-09-23 14:40:44,23440.3,2026-09-29,23600.0,CE,49.65,49.5,49.65,1250914,120636,55086,8.37
2026-09-23 14:40:44,23440.3,2026-09-29,23600.0,PE,191.75,191.8,192.3,282299,38065,17259,9.79
2026-09-23 14:40:44,23440.3,2026-09-29,23650.0,CE,35.9,35.9,36.05,706197,54405,25099,8.35
2026-09-23 14:40:44,23440.3,2026-09-29,23650.0,PE,227.8,227.95,228.5,51953,7988,3897,9.88
2026-09-23 14:40:44,23440.3,2026-09-29,23700.0,CE,25.7,25.8,25.85,927392,107740,27575,8.37
2026-09-23 14:40:44,23440.3,2026-09-29,23700.0,PE,267.55,267.6,268.35,66723,18641,3129,10.13
2026-09-23 14:40:44,23440.3,2026-09-29,23750.0,CE,18.3,18.2,18.3,418368,40694,13719,8.41
2026-09-23 14:40:44,23440.3,2026-09-29,23750.0,PE,310.9,310.05,310.85,10347,4421,987,10.36
2026-09-23 14:40:44,23440.3,2026-09-29,23800.0,CE,12.9,12.9,12.95,730450,131644,33737,8.48
2026-09-23 14:40:44,23440.3,2026-09-29,23800.0,PE,354.35,354.4,355.25,29407,24250,-1931,10.85
2026-09-23 14:40:44,23440.3,2026-09-29,23850.0,CE,9.3,9.25,9.3,351826,44932,22395,8.63
2026-09-23 14:40:44,23440.3,2026-09-29,23850.0,PE,403.2,400.85,402.15,2187,2138,252,11.58
2026-09-23 14:40:44,23440.3,2026-09-29,23900.0,CE,6.9,6.9,6.95,446879,93147,27465,8.86
2026-09-23 14:40:44,23440.3,2026-09-29,23900.0,PE,448.9,447.75,449.05,5616,15210,-371,11.87
2026-09-23 14:40:44,23440.3,2026-09-29,23950.0,CE,5.35,5.3,5.35,227427,27669,8329,9.12
2026-09-23 14:40:44,23440.3,2026-09-29,23950.0,PE,498.15,495.15,498.4,750,2208,88,13.43
2026-09-23 14:41:45,23436.65,2026-09-29,22950.0,CE,514.85,510.95,512.75,1742,631,470,
2026-09-23 14:41:45,23436.65,2026-09-29,22950.0,PE,12.1,12.1,12.15,214089,32696,18746,12.2
2026-09-23 14:41:45,23436.65,2026-09-29,23000.0,CE,464.85,463.55,465.05,33148,21888,332,
2026-09-23 14:41:45,23436.65,2026-09-29,23000.0,PE,15.1,15.05,15.1,718479,202043,55640,11.9
2026-09-23 14:41:45,23436.65,2026-09-29,23050.0,CE,417.35,417.45,418.7,3736,1429,705,
2026-09-23 14:41:45,23436.65,2026-09-29,23050.0,PE,18.2,18.1,18.15,246122,38893,24939,11.51
2026-09-23 14:41:45,23436.65,2026-09-29,23100.0,CE,372.6,371.6,372.6,39305,10354,3612,7.31
2026-09-23 14:41:45,23436.65,2026-09-29,23100.0,PE,22.65,22.55,22.65,530796,76634,32142,11.22
2026-09-23 14:41:45,23436.65,2026-09-29,23150.0,CE,326.8,327.6,328.35,21331,4577,1985,7.76
2026-09-23 14:41:45,23436.65,2026-09-29,23150.0,PE,28.25,28.15,28.3,397677,40676,18592,10.95
2026-09-23 14:41:45,23436.65,2026-09-29,23200.0,CE,285.1,284.6,285.3,178548,25796,-166,8.2
2026-09-23 14:41:45,23436.65,2026-09-29,23200.0,PE,35.5,35.45,35.5,762058,113781,50095,10.7
2026-09-23 14:41:45,23436.65,2026-09-29,23250.0,CE,245.0,244.2,244.8,144074,17885,2799,8.36
2026-09-23 14:41:45,23436.65,2026-09-29,23250.0,PE,44.6,44.55,44.7,592200,76837,53621,10.46
2026-09-23 14:41:45,23436.65,2026-09-29,23300.0,CE,206.3,205.8,206.3,836498,72853,-8178,8.36
2026-09-23 14:41:45,23436.65,2026-09-29,23300.0,PE,56.6,56.5,56.6,1486947,178977,72464,10.31
2026-09-23 14:41:45,23436.65,2026-09-29,23350.0,CE,170.4,170.4,170.85,1094002,38092,2409,8.38
2026-09-23 14:41:45,23436.65,2026-09-29,23350.0,PE,70.7,70.7,70.9,1572690,112732,83107,10.13
2026-09-23 14:41:45,23436.65,2026-09-29,23400.0,CE,138.6,138.3,138.65,2764050,144333,33213,8.4
2026-09-23 14:41:45,23436.65,2026-09-29,23400.0,PE,88.85,88.65,88.9,2989006,265044,171020,10.03
2026-09-23 14:41:45,23436.65,2026-09-29,23450.0,CE,109.7,109.7,110.0,1911812,92738,64940,8.38
2026-09-23 14:41:45,23436.65,2026-09-29,23450.0,PE,110.0,109.95,110.2,1437765,102209,89411,9.93
2026-09-23 14:41:45,23436.65,2026-09-29,23500.0,CE,85.3,85.1,85.3,2332555,195514,57368,8.36
2026-09-23 14:41:45,23436.65,2026-09-29,23500.0,PE,135.2,135.2,135.55,1149004,147338,55886,9.92
2026-09-23 14:41:45,23436.65,2026-09-29,23550.0,CE,64.35,64.2,64.35,994282,63236,39495,8.28
2026-09-23 14:41:45,23436.65,2026-09-29,23550.0,PE,164.4,164.3,164.7,234514,17630,13403,9.9
2026-09-23 14:41:45,23436.65,2026-09-29,23600.0,CE,47.45,47.4,47.55,1255726,120735,55185,8.27
2026-09-23 14:41:45,23436.65,2026-09-29,23600.0,PE,197.45,197.4,197.7,284377,37372,16566,9.99
2026-09-23 14:41:45,23436.65,2026-09-29,23650.0,CE,34.45,34.4,34.5,709171,54854,25548,8.29
2026-09-23 14:41:45,23436.65,2026-09-29,23650.0,PE,234.75,234.05,234.6,52282,7884,3793,10.14
2026-09-23 14:41:45,23436.65,2026-09-29,23700.0,CE,24.65,24.6,24.65,932012,108426,28261,8.31
2026-09-23 14:41:45,23436.65,2026-09-29,23700.0,PE,275.25,274.0,274.8,67098,18577,3065,10.43
2026-09-23 14:41:45,23436.65,2026-09-29,23750.0,CE,17.55,17.55,17.6,420312,40932,13957,8.41
2026-09-23 14:41:45,23436.65,2026-09-29,23750.0,PE,318.0,316.8,317.65,10484,4424,990,10.91
2026-09-23 14:41:45,23436.65,2026-09-29,23800.0,CE,12.45,12.4,12.45,732843,131629,33722,8.51
2026-09-23 14:41:45,23436.65,2026-09-29,23800.0,PE,362.4,361.8,362.4,29500,24212,-1969,11.41
2026-09-23 14:41:45,23436.65,2026-09-29,23850.0,CE,9.0,9.0,9.05,352766,44696,22159,8.68
2026-09-23 14:41:45,23436.65,2026-09-29,23850.0,PE,410.55,408.05,409.4,2194,2133,247,12.19
2026-09-23 14:41:45,23436.65,2026-09-29,23900.0,CE,6.75,6.75,6.8,448340,93233,27551,8.94
2026-09-23 14:41:45,23436.65,2026-09-29,23900.0,PE,457.6,455.65,457.0,5636,15207,-374,12.62
2026-09-23 14:41:45,23436.65,2026-09-29,23950.0,CE,5.2,5.2,5.3,228427,27800,8460,9.24
2026-09-23 14:41:45,23436.65,2026-09-29,23950.0,PE,505.0,503.1,506.1,753,2208,88,13.51
2026-09-23 14:42:45,23436.35,2026-09-29,22950.0,CE,512.5,511.45,513.65,1743,631,470,
2026-09-23 14:42:45,23436.35,2026-09-29,22950.0,PE,12.25,12.15,12.2,214515,32696,18746,12.2
2026-09-23 14:42:45,23436.35,2026-09-29,23000.0,CE,465.15,464.1,465.55,33201,21888,332,
2026-09-23 14:42:45,23436.35,2026-09-29,23000.0,PE,15.1,15.1,15.15,720644,202043,55640,11.9
2026-09-23 14:42:45,23436.35,2026-09-29,23050.0,CE,417.0,417.4,418.6,3747,1432,708,
2026-09-23 14:42:45,23436.35,2026-09-29,23050.0,PE,18.15,18.2,18.25,246417,38893,24939,11.51
2026-09-23 14:42:45,23436.35,2026-09-29,23100.0,CE,373.05,372.1,373.05,39343,10354,3612,7.31
2026-09-23 14:42:45,23436.35,2026-09-29,23100.0,PE,22.65,22.6,22.65,531570,76634,32142,11.22
2026-09-23 14:42:45,23436.35,2026-09-29,23150.0,CE,328.75,328.0,328.8,21346,4577,1985,7.76
2026-09-23 14:42:45,23436.35,2026-09-29,23150.0,PE,28.3,28.15,28.25,398363,40676,18592,10.95
2026-09-23 14:42:45,23436.35,2026-09-29,23200.0,CE,285.65,284.85,285.55,178760,25796,-166,8.2
2026-09-23 14:42:45,23436.35,2026-09-29,23200.0,PE,35.55,35.45,35.55,763828,113781,50095,10.7
2026-09-23 14:42:45,23436.35,2026-09-29,23250.0,CE,244.65,244.55,244.9,144209,17885,2799,8.36
2026-09-23 14:42:45,23436.35,2026-09-29,23250.0,PE,44.55,44.55,44.7,593649,76837,53621,10.46
2026-09-23 14:42:45,23436.35,2026-09-29,23300.0,CE,205.95,206.0,206.5,837181,72853,-8178,8.36
2026-09-23 14:42:45,23436.35,2026-09-29,23300.0,PE,56.5,56.35,56.5,1490913,178977,72464,10.31
2026-09-23 14:42:45,23436.35,2026-09-29,23350.0,CE,171.0,170.6,171.0,1095225,38092,2409,8.38
2026-09-23 14:42:45,23436.35,2026-09-29,23350.0,PE,70.7,70.7,70.9,1575639,112732,83107,10.13
2026-09-23 14:42:45,23436.35,2026-09-29,23400.0,CE,138.65,138.55,138.65,2767720,144333,33213,8.4
2026-09-23 14:42:45,23436.35,2026-09-29,23400.0,PE,89.0,88.85,89.0,2997712,265044,171020,10.03
2026-09-23 14:42:45,23436.35,2026-09-29,23450.0,CE,110.45,110.15,110.45,1914752,92738,64940,8.38
2026-09-23 14:42:45,23436.35,2026-09-29,23450.0,PE,110.15,109.8,110.0,1444084,102209,89411,9.93
2026-09-23 14:42:45,23436.35,2026-09-29,23500.0,CE,85.45,85.4,85.6,2336985,195514,57368,8.36
2026-09-23 14:42:45,23436.35,2026-09-29,23500.0,PE,135.4,135.0,135.35,1155141,147338,55886,9.92
2026-09-23 14:42:45,23436.35,2026-09-29,23550.0,CE,64.4,64.35,64.5,995882,63236,39495,8.28
2026-09-23 14:42:45,23436.35,2026-09-29,23550.0,PE,164.15,164.2,164.6,235461,17630,13403,9.9
2026-09-23 14:42:45,23436.35,2026-09-29,23600.0,CE,47.75,47.55,47.7,1258189,120735,55185,8.27
2026-09-23 14:42:45,23436.35,2026-09-29,23600.0,PE,197.6,197.15,197.65,285648,37372,16566,9.99
2026-09-23 14:42:45,23436.35,2026-09-29,23650.0,CE,34.65,34.65,34.75,710091,54854,25548,8.29
2026-09-23 14:42:45,23436.35,2026-09-29,23650.0,PE,233.4,233.9,234.45,52578,7884,3793,10.14
2026-09-23 14:42:45,23436.35,2026-09-29,23700.0,CE,24.95,24.85,24.95,934200,108426,28261,8.31
2026-09-23 14:42:45,23436.35,2026-09-29,23700.0,PE,274.0,274.0,274.7,67283,18577,3065,10.43
2026-09-23 14:42:45,23436.35,2026-09-29,23750.0,CE,17.65,17.7,17.75,420886,40932,13957,8.41
2026-09-23 14:42:45,23436.35,2026-09-29,23750.0,PE,317.45,316.85,317.8,10537,4424,990,10.91
2026-09-23 14:42:45,23436.35,2026-09-29,23800.0,CE,12.6,12.55,12.6,733691,131629,33722,8.51
2026-09-23 14:42:45,23436.35,2026-09-29,23800.0,PE,362.0,361.55,362.45,29590,24212,-1969,11.41
2026-09-23 14:42:45,23436.35,2026-09-29,23850.0,CE,9.15,9.1,9.15,353451,44696,22159,8.68
2026-09-23 14:42:45,23436.35,2026-09-29,23850.0,PE,410.0,408.1,409.4,2224,2133,247,12.19
2026-09-23 14:42:45,23436.35,2026-09-29,23900.0,CE,6.9,6.85,6.9,448823,93233,27551,8.94
2026-09-23 14:42:45,23436.35,2026-09-29,23900.0,PE,458.0,455.65,456.8,5673,15207,-374,12.62
2026-09-23 14:42:45,23436.35,2026-09-29,23950.0,CE,5.3,5.3,5.35,228533,27800,8460,9.24
2026-09-23 14:42:45,23436.35,2026-09-29,23950.0,PE,504.65,503.35,505.8,755,2208,88,13.51
2026-09-23 14:43:45,23437.0,2026-09-29,22950.0,CE,512.5,510.2,512.5,1743,631,470,
2026-09-23 14:43:45,23437.0,2026-09-29,22950.0,PE,12.25,12.2,12.25,214656,32537,18587,12.2
2026-09-23 14:43:45,23437.0,2026-09-29,23000.0,CE,463.2,463.25,464.25,33220,21894,338,
2026-09-23 14:43:45,23437.0,2026-09-29,23000.0,PE,15.25,15.15,15.25,721304,203020,56617,11.9
2026-09-23 14:43:45,23437.0,2026-09-29,23050.0,CE,417.05,416.45,417.6,3748,1435,711,
2026-09-23 14:43:45,23437.0,2026-09-29,23050.0,PE,18.35,18.25,18.35,246716,38864,24910,11.51
2026-09-23 14:43:45,23437.0,2026-09-29,23100.0,CE,370.0,371.1,372.15,39367,10379,3637,7.31
2026-09-23 14:43:45,23437.0,2026-09-29,23100.0,PE,22.85,22.7,22.8,532905,76584,32092,11.22
2026-09-23 14:43:45,23437.0,2026-09-29,23150.0,CE,326.2,327.0,327.8,21361,4577,1985,7.76
2026-09-23 14:43:45,23437.0,2026-09-29,23150.0,PE,28.45,28.35,28.45,398653,40677,18593,10.95
2026-09-23 14:43:45,23437.0,2026-09-29,23200.0,CE,284.8,284.05,284.8,178876,25960,-2,8.2
2026-09-23 14:43:45,23437.0,2026-09-29,23200.0,PE,35.75,35.65,35.8,764755,114217,50531,10.7
2026-09-23 14:43:45,23437.0,2026-09-29,23250.0,CE,243.0,243.75,244.0,144314,17893,2807,8.36
2026-09-23 14:43:45,23437.0,2026-09-29,23250.0,PE,45.0,44.8,44.95,594464,76831,53615,10.46
2026-09-23 14:43:45,23437.0,2026-09-29,23300.0,CE,205.1,205.35,205.8,837909,72909,-8122,8.36
2026-09-23 14:43:45,23437.0,2026-09-29,23300.0,PE,56.7,56.75,56.9,1493496,179967,73454,10.31
2026-09-23 14:43:45,23437.0,2026-09-29,23350.0,CE,169.8,169.9,170.3,1095722,38221,2538,8.38
2026-09-23 14:43:45,23437.0,2026-09-29,23350.0,PE,71.2,71.2,71.35,1577434,113170,83545,10.13
2026-09-23 14:43:45,23437.0,2026-09-29,23400.0,CE,137.75,137.75,138.1,2769896,144290,33170,8.4
2026-09-23 14:43:45,23437.0,2026-09-29,23400.0,PE,89.45,89.3,89.45,3003952,266016,171992,10.03
2026-09-23 14:43:45,23437.0,2026-09-29,23450.0,CE,109.65,109.65,109.9,1917019,92880,65082,8.38
2026-09-23 14:43:45,23437.0,2026-09-29,23450.0,PE,110.4,110.4,110.7,1448128,102120,89322,9.93
2026-09-23 14:43:45,23437.0,2026-09-29,23500.0,CE,84.95,85.0,85.2,2340118,194858,56712,8.36
2026-09-23 14:43:45,23437.0,2026-09-29,23500.0,PE,135.8,135.75,135.9,1158288,147829,56377,9.92
2026-09-23 14:43:45,23437.0,2026-09-29,23550.0,CE,64.3,64.1,64.3,996978,63384,39643,8.28
2026-09-23 14:43:45,23437.0,2026-09-29,23550.0,PE,165.25,165.0,165.3,236032,17388,13161,9.9
2026-09-23 14:43:45,23437.0,2026-09-29,23600.0,CE,47.5,47.35,47.5,1259586,120260,54710,8.27
2026-09-23 14:43:45,23437.0,2026-09-29,23600.0,PE,198.6,198.0,198.55,286274,37367,16561,9.99
2026-09-23 14:43:45,23437.0,2026-09-29,23650.0,CE,34.45,34.45,34.55,710829,54648,25342,8.29
2026-09-23 14:43:45,23437.0,2026-09-29,23650.0,PE,235.5,234.95,235.5,52662,7923,3832,10.14
2026-09-23 14:43:45,23437.0,2026-09-29,23700.0,CE,24.7,24.7,24.8,935170,108203,28038,8.31
2026-09-23 14:43:45,23437.0,2026-09-29,23700.0,PE,276.0,275.2,276.0,67371,18539,3027,10.43
2026-09-23 14:43:45,23437.0,2026-09-29,23750.0,CE,17.65,17.6,17.7,421301,40811,13836,8.41
2026-09-23 14:43:45,23437.0,2026-09-29,23750.0,PE,319.0,317.9,318.8,10551,4395,961,10.91
2026-09-23 14:43:45,23437.0,2026-09-29,23800.0,CE,12.6,12.5,12.55,734486,131401,33494,8.51
2026-09-23 14:43:45,23437.0,2026-09-29,23800.0,PE,364.05,362.75,363.7,29621,24178,-2003,11.41
2026-09-23 14:43:45,23437.0,2026-09-29,23850.0,CE,9.05,9.05,9.1,353748,44591,22054,8.68
2026-09-23 14:43:45,23437.0,2026-09-29,23850.0,PE,411.3,409.25,410.55,2230,2137,251,12.19
2026-09-23 14:43:45,23437.0,2026-09-29,23900.0,CE,6.8,6.8,6.85,449148,93012,27330,8.94
2026-09-23 14:43:45,23437.0,2026-09-29,23900.0,PE,457.8,456.55,457.9,5715,15216,-365,12.62
2026-09-23 14:43:45,23437.0,2026-09-29,23950.0,CE,5.25,5.25,5.3,228560,27786,8446,9.24
2026-09-23 14:43:45,23437.0,2026-09-29,23950.0,PE,504.65,504.2,507.65,755,2208,88,13.51
2026-09-23 14:44:45,23431.2,2026-09-29,22950.0,CE,509.0,505.85,508.05,1746,632,471,
2026-09-23 14:44:45,23431.2,2026-09-29,22950.0,PE,12.4,12.4,12.45,214997,32572,18622,12.2
2026-09-23 14:44:45,23431.2,2026-09-29,23000.0,CE,459.0,459.0,460.35,33290,21889,333,
2026-09-23 14:44:45,23431.2,2026-09-29,23000.0,PE,15.5,15.4,15.45,722927,203053,56650,11.9
2026-09-23 14:44:45,23431.2,2026-09-29,23050.0,CE,420.95,412.75,413.85,3749,1435,711,
2026-09-23 14:44:45,23431.2,2026-09-29,23050.0,PE,18.5,18.55,18.6,247379,38910,24956,11.51
2026-09-23 14:44:45,23431.2,2026-09-29,23100.0,CE,367.85,367.5,368.25,39434,10376,3634,7.31
2026-09-23 14:44:45,23431.2,2026-09-29,23100.0,PE,23.2,23.15,23.2,534170,76834,32342,11.22
2026-09-23 14:44:45,23431.2,2026-09-29,23150.0,CE,323.0,323.15,323.85,21380,4564,1972,7.76
2026-09-23 14:44:45,23431.2,2026-09-29,23150.0,PE,28.95,28.9,29.0,399783,40746,18662,10.95
2026-09-23 14:44:45,23431.2,2026-09-29,23200.0,CE,281.6,280.4,281.1,179146,25940,-22,8.2
2026-09-23 14:44:45,23431.2,2026-09-29,23200.0,PE,36.5,36.35,36.5,767261,114552,50866,10.7
2026-09-23 14:44:45,23431.2,2026-09-29,23250.0,CE,240.55,240.45,241.1,144469,17871,2785,8.36
2026-09-23 14:44:45,23431.2,2026-09-29,23250.0,PE,45.85,45.7,45.8,595922,76816,53600,10.46
2026-09-23 14:44:45,23431.2,2026-09-29,23300.0,CE,202.45,202.0,202.5,839098,72943,-8088,8.36
2026-09-23 14:44:45,23431.2,2026-09-29,23300.0,PE,58.0,57.9,58.0,1497762,179412,72899,10.31
2026-09-23 14:44:45,23431.2,2026-09-29,23350.0,CE,167.0,166.75,167.0,1097326,38195,2512,8.38
2026-09-23 14:44:45,23431.2,2026-09-29,23350.0,PE,72.8,72.7,72.8,1581489,113299,83674,10.13
2026-09-23 14:44:45,23431.2,2026-09-29,23400.0,CE,135.4,135.25,135.6,2775523,144552,33432,8.4
2026-09-23 14:44:45,23431.2,2026-09-29,23400.0,PE,91.0,90.85,91.05,3016653,265254,171230,10.03
2026-09-23 14:44:45,23431.2,2026-09-29,23450.0,CE,107.4,107.4,107.55,1922386,92912,65114,8.38
2026-09-23 14:44:45,23431.2,2026-09-29,23450.0,PE,112.8,112.55,112.8,1456215,101472,88674,9.93
2026-09-23 14:44:45,23431.2,2026-09-29,23500.0,CE,83.0,83.05,83.2,2347695,194595,56449,8.36
2026-09-23 14:44:45,23431.2,2026-09-29,23500.0,PE,138.25,138.15,138.5,1163993,147121,55669,9.92
2026-09-23 14:44:45,23431.2,2026-09-29,23550.0,CE,62.7,62.5,62.65,999627,63428,39687,8.28
2026-09-23 14:44:45,23431.2,2026-09-29,23550.0,PE,167.95,167.95,168.0,237326,17426,13199,9.9
2026-09-23 14:44:45,23431.2,2026-09-29,23600.0,CE,46.2,46.2,46.35,1264496,120054,54504,8.27
2026-09-23 14:44:45,23431.2,2026-09-29,23600.0,PE,201.5,200.85,201.4,288181,37098,16292,9.99
2026-09-23 14:44:45,23431.2,2026-09-29,23650.0,CE,33.45,33.45,33.5,712624,54442,25136,8.29
2026-09-23 14:44:45,23431.2,2026-09-29,23650.0,PE,238.1,238.35,238.95,53127,7911,3820,10.14
2026-09-23 14:44:45,23431.2,2026-09-29,23700.0,CE,24.0,24.0,24.05,938640,108104,27939,8.31
2026-09-23 14:44:45,23431.2,2026-09-29,23700.0,PE,278.85,278.8,279.4,67593,18575,3063,10.43
2026-09-23 14:44:45,23431.2,2026-09-29,23750.0,CE,17.1,17.1,17.2,422315,40752,13777,8.41
2026-09-23 14:44:45,23431.2,2026-09-29,23750.0,PE,321.65,321.45,322.0,10581,4390,956,10.91
2026-09-23 14:44:45,23431.2,2026-09-29,23800.0,CE,12.2,12.15,12.2,735681,130950,33043,8.51
2026-09-23 14:44:45,23431.2,2026-09-29,23800.0,PE,366.6,366.7,367.55,29710,24171,-2010,11.41
2026-09-23 14:44:45,23431.2,2026-09-29,23850.0,CE,8.85,8.85,8.9,354447,44513,21976,8.68
2026-09-23 14:44:45,23431.2,2026-09-29,23850.0,PE,410.7,413.15,414.5,2234,2133,247,12.19
2026-09-23 14:44:45,23431.2,2026-09-29,23900.0,CE,6.7,6.65,6.7,450064,93038,27356,8.94
2026-09-23 14:44:45,23431.2,2026-09-29,23900.0,PE,460.95,460.9,462.0,5773,15219,-362,12.62
2026-09-23 14:44:45,23431.2,2026-09-29,23950.0,CE,5.25,5.2,5.25,228951,27787,8447,9.24
2026-09-23 14:44:45,23431.2,2026-09-29,23950.0,PE,504.65,507.5,510.8,755,2208,88,13.51
2026-09-23 14:45:45,23429.6,2026-09-29,22950.0,CE,505.0,504.45,507.85,1750,636,475,
2026-09-23 14:45:45,23429.6,2026-09-29,22950.0,PE,12.25,12.25,12.35,215623,32586,18636,12.2
2026-09-23 14:45:45,23429.6,2026-09-29,23000.0,CE,458.6,458.6,459.25,33387,21927,371,
2026-09-23 14:45:45,23429.6,2026-09-29,23000.0,PE,15.3,15.25,15.35,725542,203419,57016,11.9
2026-09-23 14:45:45,23429.6,2026-09-29,23050.0,CE,412.4,411.1,412.25,3755,1433,709,
2026-09-23 14:45:45,23429.6,2026-09-29,23050.0,PE,18.35,18.35,18.4,248562,38603,24649,11.51
2026-09-23 14:45:45,23429.6,2026-09-29,23100.0,CE,367.1,366.25,367.2,39707,10401,3659,7.31
2026-09-23 14:45:45,23429.6,2026-09-29,23100.0,PE,22.9,22.85,22.9,536514,76435,31943,11.22
2026-09-23 14:45:45,23429.6,2026-09-29,23150.0,CE,323.4,321.4,322.15,21429,4579,1987,7.76
2026-09-23 14:45:45,23429.6,2026-09-29,23150.0,PE,28.75,28.65,28.75,401212,40553,18469,10.95
2026-09-23 14:45:45,23429.6,2026-09-29,23200.0,CE,279.75,278.8,279.5,179755,25953,-9,8.2
2026-09-23 14:45:45,23429.6,2026-09-29,23200.0,PE,36.2,36.0,36.15,771704,113929,50243,10.7
2026-09-23 14:45:45,23429.6,2026-09-29,23250.0,CE,239.0,238.55,239.15,144938,17931,2845,8.36
2026-09-23 14:45:45,23429.6,2026-09-29,23250.0,PE,45.55,45.4,45.5,599313,76663,53447,10.46
2026-09-23 14:45:45,23429.6,2026-09-29,23300.0,CE,200.85,200.55,201.0,842525,72050,-8981,8.36
2026-09-23 14:45:45,23429.6,2026-09-29,23300.0,PE,57.7,57.5,57.65,1509456,175842,69329,10.31
2026-09-23 14:45:45,23429.6,2026-09-29,23350.0,CE,165.6,165.4,165.6,1100711,37978,2295,8.38
2026-09-23 14:45:45,23429.6,2026-09-29,23350.0,PE,72.55,72.5,72.6,1591873,111884,82259,10.13
2026-09-23 14:45:45,23429.6,2026-09-29,23400.0,CE,133.6,133.6,133.9,2787081,144188,33068,8.4
2026-09-23 14:45:45,23429.6,2026-09-29,23400.0,PE,91.0,90.8,90.95,3038890,265340,171316,10.03
2026-09-23 14:45:45,23429.6,2026-09-29,23450.0,CE,106.6,106.4,106.65,1932359,93391,65593,8.38
2026-09-23 14:45:45,23429.6,2026-09-29,23450.0,PE,112.25,112.0,112.25,1470204,100068,87270,9.93
2026-09-23 14:45:45,23429.6,2026-09-29,23500.0,CE,82.1,81.9,82.1,2361814,195239,57093,8.36
2026-09-23 14:45:45,23429.6,2026-09-29,23500.0,PE,138.65,138.55,138.85,1176290,146396,54944,9.92
2026-09-23 14:45:45,23429.6,2026-09-29,23550.0,CE,61.7,61.6,61.75,1005936,63396,39655,8.28
2026-09-23 14:45:45,23429.6,2026-09-29,23550.0,PE,168.55,168.1,168.55,239781,16819,12592,9.9
2026-09-23 14:45:45,23429.6,2026-09-29,23600.0,CE,45.5,45.5,45.6,1272329,120222,54672,8.27
2026-09-23 14:45:45,23429.6,2026-09-29,23600.0,PE,202.0,201.6,202.0,290424,36202,15396,9.99
2026-09-23 14:45:45,23429.6,2026-09-29,23650.0,CE,33.05,33.0,33.05,718209,54112,24806,8.29
2026-09-23 14:45:45,23429.6,2026-09-29,23650.0,PE,239.15,238.9,239.5,53619,7647,3556,10.14
2026-09-23 14:45:45,23429.6,2026-09-29,23700.0,CE,23.7,23.65,23.7,943360,107884,27719,8.31
2026-09-23 14:45:45,23429.6,2026-09-29,23700.0,PE,279.25,279.45,279.9,68063,18474,2962,10.43
2026-09-23 14:45:45,23429.6,2026-09-29,23750.0,CE,16.85,16.8,16.9,424781,40441,13466,8.41
2026-09-23 14:45:45,23429.6,2026-09-29,23750.0,PE,322.5,322.7,323.25,10849,4317,883,10.91
2026-09-23 14:45:45,23429.6,2026-09-29,23800.0,CE,12.0,12.0,12.05,739280,130902,32995,8.51
2026-09-23 14:45:45,23429.6,2026-09-29,23800.0,PE,368.0,367.8,368.8,29938,24103,-2078,11.41
2026-09-23 14:45:45,23429.6,2026-09-29,23850.0,CE,8.65,8.65,8.75,355615,44349,21812,8.68
2026-09-23 14:45:45,23429.6,2026-09-29,23850.0,PE,412.65,414.7,416.1,2263,2138,252,12.19
2026-09-23 14:45:45,23429.6,2026-09-29,23900.0,CE,6.6,6.6,6.65,451620,93064,27382,8.94
2026-09-23 14:45:45,23429.6,2026-09-29,23900.0,PE,461.0,462.15,463.6,5804,15230,-351,12.62
2026-09-23 14:45:45,23429.6,2026-09-29,23950.0,CE,5.2,5.15,5.2,229336,27540,8200,9.24
2026-09-23 14:45:45,23429.6,2026-09-29,23950.0,PE,510.95,510.15,512.75,756,2208,88,13.51
2026-09-23 14:46:46,23429.9,2026-09-29,22950.0,CE,505.0,507.65,510.2,1750,636,475,
2026-09-23 14:46:46,23429.9,2026-09-29,22950.0,PE,12.15,12.05,12.1,216397,32646,18696,12.19
2026-09-23 14:46:46,23429.9,2026-09-29,23000.0,CE,460.4,461.0,461.75,33503,21908,352,
2026-09-23 14:46:46,23429.9,2026-09-29,23000.0,PE,15.0,15.0,15.05,727468,203170,56767,11.9
2026-09-23 14:46:46,23429.9,2026-09-29,23050.0,CE,414.7,414.15,415.25,3782,1437,713,
2026-09-23 14:46:46,23429.9,2026-09-29,23050.0,PE,18.05,18.0,18.1,249307,38563,24609,11.54
2026-09-23 14:46:46,23429.9,2026-09-29,23100.0,CE,369.4,368.65,369.6,39768,10412,3670,6.22
2026-09-23 14:46:46,23429.9,2026-09-29,23100.0,PE,22.5,22.4,22.5,537915,76572,32080,11.24
2026-09-23 14:46:46,23429.9,2026-09-29,23150.0,CE,324.45,324.4,325.2,21474,4586,1994,7.33
2026-09-23 14:46:46,23429.9,2026-09-29,23150.0,PE,28.25,28.05,28.15,402586,40715,18631,10.97
2026-09-23 14:46:46,23429.9,2026-09-29,23200.0,CE,280.6,281.45,282.2,180304,26031,69,7.83
2026-09-23 14:46:46,23429.9,2026-09-29,23200.0,PE,35.45,35.3,35.45,774411,113623,49937,10.71
2026-09-23 14:46:46,23429.9,2026-09-29,23250.0,CE,240.95,241.15,241.7,145194,17973,2887,8.16
2026-09-23 14:46:46,23429.9,2026-09-29,23250.0,PE,44.55,44.55,44.6,602174,76266,53050,10.49
2026-09-23 14:46:46,23429.9,2026-09-29,23300.0,CE,203.0,202.4,202.85,844248,72372,-8659,8.28
2026-09-23 14:46:46,23429.9,2026-09-29,23300.0,PE,56.9,56.8,56.9,1515587,174934,68421,10.33
2026-09-23 14:46:46,23429.9,2026-09-29,23350.0,CE,167.35,167.0,167.35,1102473,37663,1980,8.28
2026-09-23 14:46:46,23429.9,2026-09-29,23350.0,PE,71.45,71.35,71.6,1599018,109635,80010,10.19
2026-09-23 14:46:46,23429.9,2026-09-29,23400.0,CE,135.25,135.25,135.65,2794011,143598,32478,8.28
2026-09-23 14:46:46,23429.9,2026-09-29,23400.0,PE,89.9,89.65,89.9,3055189,264162,170138,10.09
2026-09-23 14:46:46,23429.9,2026-09-29,23450.0,CE,108.0,107.85,108.05,1939264,93108,65310,8.27
2026-09-23 14:46:46,23429.9,2026-09-29,23450.0,PE,111.05,110.75,110.9,1481033,98642,85844,10.0
2026-09-23 14:46:46,23429.9,2026-09-29,23500.0,CE,83.5,83.45,83.7,2369716,195558,57412,8.28
2026-09-23 14:46:46,23429.9,2026-09-29,23500.0,PE,136.75,136.45,136.8,1183502,144521,53069,10.01
2026-09-23 14:46:46,23429.9,2026-09-29,23550.0,CE,62.85,62.8,63.0,1009530,62226,38485,8.23
2026-09-23 14:46:46,23429.9,2026-09-29,23550.0,PE,166.3,166.0,166.5,241051,16564,12337,10.01
2026-09-23 14:46:46,23429.9,2026-09-29,23600.0,CE,46.45,46.35,46.5,1276814,120291,54741,8.21
2026-09-23 14:46:46,23429.9,2026-09-29,23600.0,PE,199.45,199.15,199.6,291828,35924,15118,10.18
2026-09-23 14:46:46,23429.9,2026-09-29,23650.0,CE,33.6,33.5,33.55,720141,52667,23361,8.23
2026-09-23 14:46:46,23429.9,2026-09-29,23650.0,PE,236.85,236.8,237.35,53950,7608,3517,10.34
2026-09-23 14:46:46,23429.9,2026-09-29,23700.0,CE,24.15,24.05,24.15,945790,108250,28085,8.28
2026-09-23 14:46:46,23429.9,2026-09-29,23700.0,PE,277.0,277.2,278.0,68255,18379,2867,10.68
2026-09-23 14:46:46,23429.9,2026-09-29,23750.0,CE,17.2,17.15,17.25,425781,40171,13196,8.38
2026-09-23 14:46:46,23429.9,2026-09-29,23750.0,PE,320.5,320.15,320.95,10872,4313,879,11.14
2026-09-23 14:46:46,23429.9,2026-09-29,23800.0,CE,12.35,12.3,12.35,740869,130632,32725,8.49
2026-09-23 14:46:46,23429.9,2026-09-29,23800.0,PE,365.8,364.55,365.55,30229,24177,-2004,11.52
2026-09-23 14:46:46,23429.9,2026-09-29,23850.0,CE,8.9,8.9,8.95,356462,44349,21812,8.67
2026-09-23 14:46:46,23429.9,2026-09-29,23850.0,PE,410.55,410.95,412.2,2280,2132,246,12.38
2026-09-23 14:46:46,23429.9,2026-09-29,23900.0,CE,6.7,6.75,6.8,452325,92888,27206,8.92
2026-09-23 14:46:46,23429.9,2026-09-29,23900.0,PE,460.3,458.95,460.25,5836,15234,-347,13.14
2026-09-23 14:46:46,23429.9,2026-09-29,23950.0,CE,5.3,5.25,5.3,229956,27467,8127,9.24
2026-09-23 14:46:46,23429.9,2026-09-29,23950.0,PE,505.9,506.65,510.85,757,2208,88,13.54
2026-09-23 14:47:46,23429.75,2026-09-29,22950.0,CE,510.0,507.25,509.25,1751,639,478,
2026-09-23 14:47:46,23429.75,2026-09-29,22950.0,PE,12.05,12.05,12.1,216417,32461,18511,12.2
2026-09-23 14:47:46,23429.75,2026-09-29,23000.0,CE,460.95,460.4,461.7,33538,21943,387,
2026-09-23 14:47:46,23429.75,2026-09-29,23000.0,PE,14.95,14.95,15.0,728182,203258,56855,11.9
2026-09-23 14:47:46,23429.75,2026-09-29,23050.0,CE,413.95,414.05,415.15,3783,1436,712,
2026-09-23 14:47:46,23429.75,2026-09-29,23050.0,PE,18.05,18.0,18.05,249383,38532,24578,11.51
2026-09-23 14:47:46,23429.75,2026-09-29,23100.0,CE,370.05,368.0,369.05,39810,10381,3639,7.31
2026-09-23 14:47:46,23429.75,2026-09-29,23100.0,PE,22.5,22.5,22.6,538177,76247,31755,11.22
2026-09-23 14:47:46,23429.75,2026-09-29,23150.0,CE,326.4,323.7,324.6,21482,4589,1997,7.76
2026-09-23 14:47:46,23429.75,2026-09-29,23150.0,PE,28.0,28.15,28.25,402993,40450,18366,10.95
2026-09-23 14:47:46,23429.75,2026-09-29,23200.0,CE,282.85,281.05,281.8,180407,26075,113,8.2
2026-09-23 14:47:46,23429.75,2026-09-29,23200.0,PE,35.5,35.35,35.5,774761,113419,49733,10.7
2026-09-23 14:47:46,23429.75,2026-09-29,23250.0,CE,241.0,240.65,241.25,145259,18013,2927,8.36
2026-09-23 14:47:46,23429.75,2026-09-29,23250.0,PE,44.6,44.65,44.7,602582,76056,52840,10.46
2026-09-23 14:47:46,23429.75,2026-09-29,23300.0,CE,202.75,202.5,202.8,844570,72721,-8310,8.36
2026-09-23 14:47:46,23429.75,2026-09-29,23300.0,PE,56.85,56.75,56.85,1516184,174585,68072,10.31
2026-09-23 14:47:46,23429.75,2026-09-29,23350.0,CE,167.45,167.1,167.45,1104309,38985,3302,8.38
2026-09-23 14:47:46,23429.75,2026-09-29,23350.0,PE,71.6,71.4,71.6,1599654,109067,79442,10.13
2026-09-23 14:47:46,23429.75,2026-09-29,23400.0,CE,135.3,135.35,135.65,2795555,144913,33793,8.4
2026-09-23 14:47:46,23429.75,2026-09-29,23400.0,PE,89.7,89.7,89.9,3057420,263087,169063,10.03
2026-09-23 14:47:46,23429.75,2026-09-29,23450.0,CE,107.75,107.55,107.75,1940665,94079,66281,8.38
2026-09-23 14:47:46,23429.75,2026-09-29,23450.0,PE,111.05,111.0,111.25,1482845,98248,85450,9.93
2026-09-23 14:47:46,23429.75,2026-09-29,23500.0,CE,83.1,83.15,83.3,2371901,197007,58861,8.36
2026-09-23 14:47:46,23429.75,2026-09-29,23500.0,PE,137.0,136.95,137.2,1184948,143633,52181,9.92
2026-09-23 14:47:46,23429.75,2026-09-29,23550.0,CE,62.55,62.6,62.7,1010380,62431,38690,8.28
2026-09-23 14:47:46,23429.75,2026-09-29,23550.0,PE,166.8,166.3,166.7,241316,16431,12204,9.9
2026-09-23 14:47:46,23429.75,2026-09-29,23600.0,CE,46.15,46.15,46.3,1278546,120585,55035,8.27
2026-09-23 14:47:46,23429.75,2026-09-29,23600.0,PE,200.3,199.7,200.15,292049,35894,15088,9.99
2026-09-23 14:47:46,23429.75,2026-09-29,23650.0,CE,33.5,33.5,33.6,720646,52943,23637,8.29
2026-09-23 14:47:46,23429.75,2026-09-29,23650.0,PE,236.3,236.85,237.4,53990,7588,3497,10.14
2026-09-23 14:47:46,23429.75,2026-09-29,23700.0,CE,24.1,24.1,24.15,946511,108737,28572,8.31
2026-09-23 14:47:46,23429.75,2026-09-29,23700.0,PE,276.9,277.25,278.0,68302,18336,2824,10.43
2026-09-23 14:47:46,23429.75,2026-09-29,23750.0,CE,17.3,17.2,17.25,426176,40216,13241,8.41
2026-09-23 14:47:46,23429.75,2026-09-29,23750.0,PE,318.6,320.2,321.0,10886,4305,871,10.91
2026-09-23 14:47:46,23429.75,2026-09-29,23800.0,CE,12.3,12.2,12.3,741223,130705,32798,8.51
2026-09-23 14:47:46,23429.75,2026-09-29,23800.0,PE,365.85,365.3,366.45,30262,24202,-1979,11.41
2026-09-23 14:47:46,23429.75,2026-09-29,23850.0,CE,8.9,8.85,8.9,356584,44467,21930,8.68
2026-09-23 14:47:46,23429.75,2026-09-29,23850.0,PE,411.35,411.7,412.9,2284,2125,239,12.19
2026-09-23 14:47:46,23429.75,2026-09-29,23900.0,CE,6.75,6.7,6.75,452499,93074,27392,8.94
2026-09-23 14:47:46,23429.75,2026-09-29,23900.0,PE,458.05,459.6,460.8,5851,15239,-342,12.62
2026-09-23 14:47:46,23429.75,2026-09-29,23950.0,CE,5.3,5.25,5.3,229995,27425,8085,9.24
2026-09-23 14:47:46,23429.75,2026-09-29,23950.0,PE,505.9,507.1,509.7,757,2208,88,13.51
2026-09-23 14:48:46,23424.85,2026-09-29,22900.0,CE,558.0,553.5,554.45,3965,2320,495,
2026-09-23 14:48:46,23424.85,2026-09-29,22900.0,PE,10.05,10.0,10.1,339861,82415,39238,12.56
2026-09-23 14:48:46,23424.85,2026-09-29,22950.0,CE,508.2,505.3,507.7,1755,638,477,
2026-09-23 14:48:46,23424.85,2026-09-29,22950.0,PE,12.1,12.1,12.15,217125,32461,18511,12.2
2026-09-23 14:48:46,23424.85,2026-09-29,23000.0,CE,459.0,458.05,459.5,33566,21943,387,
2026-09-23 14:48:46,23424.85,2026-09-29,23000.0,PE,15.05,15.05,15.1,732813,203258,56855,11.9
2026-09-23 14:48:46,23424.85,2026-09-29,23050.0,CE,412.75,410.85,412.15,3802,1436,712,
2026-09-23 14:48:46,23424.85,2026-09-29,23050.0,PE,18.25,18.2,18.3,250427,38532,24578,11.51
2026-09-23 14:48:46,23424.85,2026-09-29,23100.0,CE,367.1,366.15,367.25,39872,10381,3639,7.31
2026-09-23 14:48:46,23424.85,2026-09-29,23100.0,PE,22.75,22.65,22.7,540988,76247,31755,11.22
2026-09-23 14:48:46,23424.85,2026-09-29,23150.0,CE,323.0,321.5,322.15,21520,4589,1997,7.76
2026-09-23 14:48:46,23424.85,2026-09-29,23150.0,PE,28.55,28.55,28.6,404030,40450,18366,10.95
2026-09-23 14:48:46,23424.85,2026-09-29,23200.0,CE,279.55,279.0,279.55,180924,26075,113,8.2
2026-09-23 14:48:46,23424.85,2026-09-29,23200.0,PE,35.85,35.9,36.0,777132,113419,49733,10.7
2026-09-23 14:48:46,23424.85,2026-09-29,23250.0,CE,239.8,238.8,239.0,145643,18013,2927,8.36
2026-09-23 14:48:46,23424.85,2026-09-29,23250.0,PE,45.35,45.3,45.45,604421,76056,52840,10.46
2026-09-23 14:48:46,23424.85,2026-09-29,23300.0,CE,200.55,200.55,201.1,846581,72721,-8310,8.36
2026-09-23 14:48:46,23424.85,2026-09-29,23300.0,PE,57.5,57.4,57.5,1521734,174585,68072,10.31
2026-09-23 14:48:46,23424.85,2026-09-29,23350.0,CE,165.25,165.25,165.65,1105924,38985,3302,8.38
2026-09-23 14:48:46,23424.85,2026-09-29,23350.0,PE,72.7,72.5,72.7,1604221,109067,79442,10.13
2026-09-23 14:48:46,23424.85,2026-09-29,23400.0,CE,133.65,133.7,134.0,2805373,144913,33793,8.4
2026-09-23 14:48:46,23424.85,2026-09-29,23400.0,PE,90.95,90.95,91.1,3072157,263087,169063,10.03
2026-09-23 14:48:46,23424.85,2026-09-29,23450.0,CE,106.55,106.6,106.75,1948007,94079,66281,8.38
2026-09-23 14:48:46,23424.85,2026-09-29,23450.0,PE,112.4,112.25,112.45,1491894,98248,85450,9.93
2026-09-23 14:48:46,23424.85,2026-09-29,23500.0,CE,82.05,82.05,82.25,2380023,197007,58861,8.36
2026-09-23 14:48:46,23424.85,2026-09-29,23500.0,PE,138.9,138.55,138.9,1192151,143633,52181,9.92
2026-09-23 14:48:46,23424.85,2026-09-29,23550.0,CE,62.05,61.9,62.1,1013416,62431,38690,8.28
2026-09-23 14:48:46,23424.85,2026-09-29,23550.0,PE,168.3,167.9,168.35,242558,16431,12204,9.9
2026-09-23 14:48:46,23424.85,2026-09-29,23600.0,CE,45.6,45.6,45.65,1283230,120585,55035,8.27
2026-09-23 14:48:46,23424.85,2026-09-29,23600.0,PE,201.7,201.8,201.95,293298,35894,15088,9.99
2026-09-23 14:48:46,23424.85,2026-09-29,23650.0,CE,33.15,33.1,33.25,723041,52943,23637,8.29
2026-09-23 14:48:46,23424.85,2026-09-29,23650.0,PE,239.0,238.9,239.45,54186,7588,3497,10.14
2026-09-23 14:48:46,23424.85,2026-09-29,23700.0,CE,23.75,23.75,23.8,949369,108737,28572,8.31
2026-09-23 14:48:46,23424.85,2026-09-29,23700.0,PE,280.0,279.8,280.0,68492,18336,2824,10.43
2026-09-23 14:48:46,23424.85,2026-09-29,23750.0,CE,17.0,16.9,17.0,427382,40216,13241,8.41
2026-09-23 14:48:46,23424.85,2026-09-29,23750.0,PE,321.05,322.85,323.9,10918,4305,871,10.91
2026-09-23 14:48:46,23424.85,2026-09-29,23800.0,CE,12.15,12.15,12.2,743343,130705,32798,8.51
2026-09-23 14:48:46,23424.85,2026-09-29,23800.0,PE,367.95,367.55,368.0,30378,24202,-1979,11.41
2026-09-23 14:48:46,23424.85,2026-09-29,23850.0,CE,8.8,8.75,8.8,357134,44467,21930,8.68
2026-09-23 14:48:46,23424.85,2026-09-29,23850.0,PE,413.15,414.5,416.0,2301,2125,239,12.19
2026-09-23 14:48:46,23424.85,2026-09-29,23900.0,CE,6.7,6.65,6.7,453201,93074,27392,8.94
2026-09-23 14:48:46,23424.85,2026-09-29,23900.0,PE,461.8,462.05,463.1,5892,15239,-342,12.62
2026-09-23 14:49:47,23429.9,2026-09-29,22950.0,CE,505.1,506.2,508.15,1756,639,478,
2026-09-23 14:49:47,23429.9,2026-09-29,22950.0,PE,11.95,11.9,11.95,217649,32465,18515,12.2
2026-09-23 14:49:47,23429.9,2026-09-29,23000.0,CE,457.0,458.75,460.0,33647,21948,392,
2026-09-23 14:49:47,23429.9,2026-09-29,23000.0,PE,14.8,14.75,14.8,734715,202099,55696,11.9
2026-09-23 14:49:47,23429.9,2026-09-29,23050.0,CE,412.4,412.0,413.25,3809,1444,720,
2026-09-23 14:49:47,23429.9,2026-09-29,23050.0,PE,17.9,17.8,17.9,251454,38418,24464,11.51
2026-09-23 14:49:47,23429.9,2026-09-29,23100.0,CE,366.7,366.5,367.6,39951,10377,3635,7.31
2026-09-23 14:49:47,23429.9,2026-09-29,23100.0,PE,22.25,22.2,22.3,542925,75460,30968,11.22
2026-09-23 14:49:47,23429.9,2026-09-29,23150.0,CE,322.55,322.8,323.4,21564,4580,1988,7.76
2026-09-23 14:49:47,23429.9,2026-09-29,23150.0,PE,28.0,27.85,27.95,405273,40254,18170,10.95
2026-09-23 14:49:47,23429.9,2026-09-29,23200.0,CE,279.5,279.7,280.35,181482,26095,133,8.2
2026-09-23 14:49:47,23429.9,2026-09-29,23200.0,PE,35.25,35.15,35.3,780221,113552,49866,10.7
2026-09-23 14:49:47,23429.9,2026-09-29,23250.0,CE,239.15,239.25,239.8,146106,17943,2857,8.36
2026-09-23 14:49:47,23429.9,2026-09-29,23250.0,PE,44.45,44.45,44.55,607734,76268,53052,10.46
2026-09-23 14:49:47,23429.9,2026-09-29,23300.0,CE,201.05,201.25,201.75,848977,73255,-7776,8.36
2026-09-23 14:49:47,23429.9,2026-09-29,23300.0,PE,56.45,56.45,56.6,1529587,173996,67483,10.31
2026-09-23 14:49:47,23429.9,2026-09-29,23350.0,CE,166.3,165.9,166.4,1108395,38999,3316,8.38
2026-09-23 14:49:47,23429.9,2026-09-29,23350.0,PE,71.2,71.15,71.4,1610785,108323,78698,10.13
2026-09-23 14:49:47,23429.9,2026-09-29,23400.0,CE,134.25,134.2,134.45,2814762,146587,35467,8.4
2026-09-23 14:49:47,23429.9,2026-09-29,23400.0,PE,89.8,89.55,89.8,3090254,260395,166371,10.03
2026-09-23 14:49:47,23429.9,2026-09-29,23450.0,CE,106.35,106.35,106.6,1956746,94469,66671,8.38
2026-09-23 14:49:47,23429.9,2026-09-29,23450.0,PE,111.05,111.05,111.35,1504462,96700,83902,9.93
2026-09-23 14:49:47,23429.9,2026-09-29,23500.0,CE,82.25,82.25,82.35,2393996,198306,60160,8.36
2026-09-23 14:49:47,23429.9,2026-09-29,23500.0,PE,137.0,136.8,137.15,1201945,142889,51437,9.92
2026-09-23 14:49:47,23429.9,2026-09-29,23550.0,CE,61.8,61.8,62.0,1018168,62427,38686,8.28
2026-09-23 14:49:47,23429.9,2026-09-29,23550.0,PE,166.75,166.6,167.05,244793,16219,11992,9.9
2026-09-23 14:49:47,23429.9,2026-09-29,23600.0,CE,45.5,45.5,45.65,1289932,120920,55370,8.27
2026-09-23 14:49:47,23429.9,2026-09-29,23600.0,PE,200.65,200.1,200.65,295648,35581,14775,9.99
2026-09-23 14:49:47,23429.9,2026-09-29,23650.0,CE,33.0,32.95,33.05,730671,53123,23817,8.29
2026-09-23 14:49:47,23429.9,2026-09-29,23650.0,PE,237.6,237.45,238.1,54515,7507,3416,10.14
2026-09-23 14:49:47,23429.9,2026-09-29,23700.0,CE,23.95,23.85,23.9,957138,108854,28689,8.31
2026-09-23 14:49:47,23429.9,2026-09-29,23700.0,PE,278.05,277.75,278.5,69057,18280,2768,10.43
2026-09-23 14:49:47,23429.9,2026-09-29,23750.0,CE,17.05,17.0,17.1,428697,40150,13175,8.41
2026-09-23 14:49:47,23429.9,2026-09-29,23750.0,PE,323.2,321.05,322.0,10953,4297,863,10.91
2026-09-23 14:49:47,23429.9,2026-09-29,23800.0,CE,12.15,12.15,12.2,745847,130615,32708,8.51
2026-09-23 14:49:47,23429.9,2026-09-29,23800.0,PE,367.15,366.05,367.05,30491,24176,-2005,11.41
2026-09-23 14:49:47,23429.9,2026-09-29,23850.0,CE,8.9,8.85,8.95,358445,44331,21794,8.68
2026-09-23 14:49:47,23429.9,2026-09-29,23850.0,PE,416.55,412.35,413.75,2331,2132,246,12.19
2026-09-23 14:49:47,23429.9,2026-09-29,23900.0,CE,6.75,6.75,6.8,459592,93196,27514,8.94
2026-09-23 14:49:47,23429.9,2026-09-29,23900.0,PE,461.75,460.55,462.1,5909,15244,-337,12.62
2026-09-23 14:49:47,23429.9,2026-09-29,23950.0,CE,5.35,5.3,5.35,232019,27556,8216,9.24
2026-09-23 14:49:47,23429.9,2026-09-29,23950.0,PE,515.8,508.3,510.6,761,2208,88,13.51
2026-09-23 14:50:47,23430.8,2026-09-29,22950.0,CE,508.3,508.5,511.4,1757,639,478,
2026-09-23 14:50:47,23430.8,2026-09-29,22950.0,PE,11.8,11.8,11.85,217884,32345,18395,12.2
2026-09-23 14:50:47,23430.8,2026-09-29,23000.0,CE,462.0,461.15,462.7,33723,21924,368,
2026-09-23 14:50:47,23430.8,2026-09-29,23000.0,PE,14.55,14.55,14.6,735629,202110,55707,11.9
2026-09-23 14:50:47,23430.8,2026-09-29,23050.0,CE,415.0,414.65,415.9,3815,1441,717,
2026-09-23 14:50:47,23430.8,2026-09-29,23050.0,PE,17.65,17.6,17.65,251813,38375,24421,11.51
2026-09-23 14:50:47,23430.8,2026-09-29,23100.0,CE,370.0,368.9,370.0,40001,10403,3661,7.31
2026-09-23 14:50:47,23430.8,2026-09-29,23100.0,PE,22.05,21.95,22.05,544067,75077,30585,11.22
2026-09-23 14:50:47,23430.8,2026-09-29,23150.0,CE,324.8,324.75,325.65,21570,4575,1983,7.76
2026-09-23 14:50:47,23430.8,2026-09-29,23150.0,PE,27.25,27.45,27.55,405587,40237,18153,10.95
2026-09-23 14:50:47,23430.8,2026-09-29,23200.0,CE,283.0,281.7,282.5,181732,26012,50,8.2
2026-09-23 14:50:47,23430.8,2026-09-29,23200.0,PE,34.6,34.65,34.75,781850,113491,49805,10.7
2026-09-23 14:50:47,23430.8,2026-09-29,23250.0,CE,241.8,241.2,241.75,146190,17880,2794,8.36
2026-09-23 14:50:47,23430.8,2026-09-29,23250.0,PE,43.75,43.75,43.85,608653,76260,53044,10.46
2026-09-23 14:50:47,23430.8,2026-09-29,23300.0,CE,203.4,203.0,203.45,850031,73271,-7760,8.36
2026-09-23 14:50:47,23430.8,2026-09-29,23300.0,PE,55.7,55.65,55.85,1532461,174360,67847,10.31
2026-09-23 14:50:47,23430.8,2026-09-29,23350.0,CE,167.5,167.35,167.8,1109048,38699,3016,8.38
2026-09-23 14:50:47,23430.8,2026-09-29,23350.0,PE,70.25,70.2,70.4,1613391,109006,79381,10.13
2026-09-23 14:50:47,23430.8,2026-09-29,23400.0,CE,135.7,135.5,135.7,2819003,145816,34696,8.4
2026-09-23 14:50:47,23430.8,2026-09-29,23400.0,PE,88.35,88.3,88.55,3096606,262263,168239,10.03
2026-09-23 14:50:47,23430.8,2026-09-29,23450.0,CE,107.65,107.45,107.7,1959682,93313,65515,8.38
2026-09-23 14:50:47,23430.8,2026-09-29,23450.0,PE,109.9,109.65,109.95,1508205,96341,83543,9.93
2026-09-23 14:50:47,23430.8,2026-09-29,23500.0,CE,83.4,83.15,83.4,2397686,196580,58434,8.36
2026-09-23 14:50:47,23430.8,2026-09-29,23500.0,PE,135.5,135.15,135.5,1204798,142836,51384,9.92
2026-09-23 14:50:47,23430.8,2026-09-29,23550.0,CE,62.7,62.5,62.65,1019385,62037,38296,8.28
2026-09-23 14:50:47,23430.8,2026-09-29,23550.0,PE,164.6,164.7,165.1,245344,16255,12028,9.9
2026-09-23 14:50:47,23430.8,2026-09-29,23600.0,CE,46.15,46.0,46.15,1293138,120383,54833,8.27
2026-09-23 14:50:47,23430.8,2026-09-29,23600.0,PE,198.1,197.9,198.45,296398,35740,14934,9.99
2026-09-23 14:50:47,23430.8,2026-09-29,23650.0,CE,33.5,33.35,33.5,733508,56333,27027,8.29
2026-09-23 14:50:47,23430.8,2026-09-29,23650.0,PE,234.6,235.1,235.6,54618,7411,3320,10.14
2026-09-23 14:50:47,23430.8,2026-09-29,23700.0,CE,24.1,24.05,24.15,960073,106219,26054,8.31
2026-09-23 14:50:47,23430.8,2026-09-29,23700.0,PE,276.4,275.6,276.35,69127,18045,2533,10.43
2026-09-23 14:50:47,23430.8,2026-09-29,23750.0,CE,17.35,17.2,17.25,428963,40123,13148,8.41
2026-09-23 14:50:47,23430.8,2026-09-29,23750.0,PE,317.85,318.9,319.6,11013,4276,842,10.91
2026-09-23 14:50:47,23430.8,2026-09-29,23800.0,CE,12.3,12.3,12.35,746325,130418,32511,8.51
2026-09-23 14:50:47,23430.8,2026-09-29,23800.0,PE,364.8,364.0,364.8,30531,24138,-2043,11.41
2026-09-23 14:50:47,23430.8,2026-09-29,23850.0,CE,9.0,8.95,9.0,358713,44067,21530,8.68
2026-09-23 14:50:47,23430.8,2026-09-29,23850.0,PE,411.25,409.65,411.15,2336,2122,236,12.19
2026-09-23 14:50:47,23430.8,2026-09-29,23900.0,CE,6.85,6.8,6.85,460153,96093,30411,8.94
2026-09-23 14:50:47,23430.8,2026-09-29,23900.0,PE,457.75,458.5,459.4,5919,15246,-335,12.62
2026-09-23 14:50:47,23430.8,2026-09-29,23950.0,CE,5.4,5.35,5.4,232397,27522,8182,9.24
2026-09-23 14:50:47,23430.8,2026-09-29,23950.0,PE,508.0,505.1,508.1,763,2210,90,13.51
2026-09-23 14:51:47,23424.4,2026-09-29,22900.0,CE,553.5,551.55,553.55,3966,2320,495,
2026-09-23 14:51:47,23424.4,2026-09-29,22900.0,PE,10.05,10.0,10.05,341297,82946,39769,12.4
2026-09-23 14:51:47,23424.4,2026-09-29,22950.0,CE,508.3,503.9,505.7,1757,639,478,
2026-09-23 14:51:47,23424.4,2026-09-29,22950.0,PE,12.15,12.1,12.15,218178,32236,18286,12.05
2026-09-23 14:51:47,23424.4,2026-09-29,23000.0,CE,458.6,457.05,458.4,33772,21904,348,
2026-09-23 14:51:47,23424.4,2026-09-29,23000.0,PE,15.1,15.05,15.1,736873,202401,55998,11.74
2026-09-23 14:51:47,23424.4,2026-09-29,23050.0,CE,414.65,410.55,411.55,3835,1443,719,
2026-09-23 14:51:47,23424.4,2026-09-29,23050.0,PE,18.35,18.2,18.25,252139,38323,24369,11.37
2026-09-23 14:51:47,23424.4,2026-09-29,23100.0,CE,365.0,364.4,365.4,40058,10437,3695,6.61
2026-09-23 14:51:47,23424.4,2026-09-29,23100.0,PE,22.8,22.8,22.85,545355,74882,30390,11.08
2026-09-23 14:51:47,23424.4,2026-09-29,23150.0,CE,322.2,320.6,321.35,21623,4577,1985,7.4
2026-09-23 14:51:47,23424.4,2026-09-29,23150.0,PE,28.55,28.6,28.7,406600,40224,18140,10.8
2026-09-23 14:51:47,23424.4,2026-09-29,23200.0,CE,278.0,278.0,278.45,181907,25997,35,7.89
2026-09-23 14:51:47,23424.4,2026-09-29,23200.0,PE,36.1,36.0,36.15,784048,113046,49360,10.56
2026-09-23 14:51:47,23424.4,2026-09-29,23250.0,CE,238.0,238.0,238.5,146325,17898,2812,8.11
2026-09-23 14:51:47,23424.4,2026-09-29,23250.0,PE,45.6,45.4,45.45,611647,76661,53445,10.38
2026-09-23 14:51:47,23424.4,2026-09-29,23300.0,CE,200.4,200.05,200.5,851388,73549,-7482,8.1
2026-09-23 14:51:47,23424.4,2026-09-29,23300.0,PE,57.65,57.6,57.75,1536968,174906,68393,10.25
2026-09-23 14:51:47,23424.4,2026-09-29,23350.0,CE,165.2,164.8,165.2,1110422,38796,3113,8.21
2026-09-23 14:51:47,23424.4,2026-09-29,23350.0,PE,72.75,72.55,72.75,1616610,109255,79630,10.07
2026-09-23 14:51:47,23424.4,2026-09-29,23400.0,CE,133.3,133.25,133.55,2824936,146666,35546,8.17
2026-09-23 14:51:47,23424.4,2026-09-29,23400.0,PE,91.3,91.15,91.4,3105556,261726,167702,10.03
2026-09-23 14:51:47,23424.4,2026-09-29,23450.0,CE,105.65,105.35,105.6,1965145,94008,66210,8.22
2026-09-23 14:51:47,23424.4,2026-09-29,23450.0,PE,113.0,113.0,113.3,1514391,96091,83293,9.93
2026-09-23 14:51:47,23424.4,2026-09-29,23500.0,CE,81.5,81.45,81.65,2403659,197597,59451,8.21
2026-09-23 14:51:47,23424.4,2026-09-29,23500.0,PE,138.95,138.9,139.25,1209082,142626,51174,9.95
2026-09-23 14:51:47,23424.4,2026-09-29,23550.0,CE,61.5,61.15,61.35,1022117,62265,38524,8.18
2026-09-23 14:51:47,23424.4,2026-09-29,23550.0,PE,168.8,168.8,169.25,246090,16040,11813,10.02
2026-09-23 14:51:47,23424.4,2026-09-29,23600.0,CE,45.2,45.1,45.25,1297914,122218,56668,8.17
2026-09-23 14:51:47,23424.4,2026-09-29,23600.0,PE,202.85,202.1,202.65,297007,35633,14827,10.14
2026-09-23 14:51:47,23424.4,2026-09-29,23650.0,CE,32.85,32.8,32.9,735713,56991,27685,8.21
2026-09-23 14:51:47,23424.4,2026-09-29,23650.0,PE,240.15,239.5,240.2,54911,7463,3372,10.36
2026-09-23 14:51:47,23424.4,2026-09-29,23700.0,CE,23.65,23.65,23.7,961824,106152,25987,8.33
2026-09-23 14:51:47,23424.4,2026-09-29,23700.0,PE,281.0,280.3,281.15,69284,18016,2504,10.63
2026-09-23 14:51:47,23424.4,2026-09-29,23750.0,CE,16.85,16.9,17.0,429447,40074,13099,8.42
2026-09-23 14:51:47,23424.4,2026-09-29,23750.0,PE,322.85,323.45,324.35,11038,4270,836,11.02
2026-09-23 14:51:47,23424.4,2026-09-29,23800.0,CE,12.1,12.05,12.15,747356,130499,32592,8.58
2026-09-23 14:51:47,23424.4,2026-09-29,23800.0,PE,369.15,369.15,370.0,30586,24151,-2030,11.66
2026-09-23 14:51:47,23424.4,2026-09-29,23850.0,CE,8.9,8.85,8.9,359621,43966,21429,8.8
2026-09-23 14:51:47,23424.4,2026-09-29,23850.0,PE,414.95,415.5,416.75,2338,2120,234,12.25
2026-09-23 14:51:47,23424.4,2026-09-29,23900.0,CE,6.85,6.75,6.8,461703,96073,30391,9.07
2026-09-23 14:51:47,23424.4,2026-09-29,23900.0,PE,462.0,463.3,464.85,5957,15250,-331,13.06
2026-09-23 14:52:47,23431.45,2026-09-29,22950.0,CE,510.1,508.15,510.4,1758,639,478,
2026-09-23 14:52:47,23431.45,2026-09-29,22950.0,PE,12.1,12.05,12.1,218583,32273,18323,12.05
2026-09-23 14:52:47,23431.45,2026-09-29,23000.0,CE,460.5,461.1,462.55,33788,21919,363,
2026-09-23 14:52:47,23431.45,2026-09-29,23000.0,PE,14.9,14.9,15.0,737560,202016,55613,11.74
2026-09-23 14:52:47,23431.45,2026-09-29,23050.0,CE,410.2,414.25,415.55,3844,1461,737,
2026-09-23 14:52:47,23431.45,2026-09-29,23050.0,PE,18.05,18.05,18.1,252885,38300,24346,11.37
2026-09-23 14:52:47,23431.45,2026-09-29,23100.0,CE,368.4,369.6,370.7,40084,10449,3707,6.61
2026-09-23 14:52:47,23431.45,2026-09-29,23100.0,PE,22.45,22.3,22.4,546125,74797,30305,11.08
2026-09-23 14:52:47,23431.45,2026-09-29,23150.0,CE,324.75,324.6,325.45,21644,4565,1973,7.4
2026-09-23 14:52:47,23431.45,2026-09-29,23150.0,PE,28.05,28.1,28.2,407188,40113,18029,10.8
2026-09-23 14:52:47,23431.45,2026-09-29,23200.0,CE,282.45,282.7,283.0,182047,26030,68,7.89
2026-09-23 14:52:47,23431.45,2026-09-29,23200.0,PE,35.55,35.4,35.5,785841,112769,49083,10.56
2026-09-23 14:52:47,23431.45,2026-09-29,23250.0,CE,241.3,241.5,242.0,146630,17935,2849,8.11
2026-09-23 14:52:47,23431.45,2026-09-29,23250.0,PE,44.6,44.65,44.8,612870,76744,53528,10.38
2026-09-23 14:52:47,23431.45,2026-09-29,23300.0,CE,203.15,203.15,203.6,852216,73716,-7315,8.1
2026-09-23 14:52:47,23431.45,2026-09-29,23300.0,PE,56.8,56.8,56.95,1540710,174328,67815,10.25
2026-09-23 14:52:47,23431.45,2026-09-29,23350.0,CE,168.35,168.1,168.5,1111396,38969,3286,8.21
2026-09-23 14:52:47,23431.45,2026-09-29,23350.0,PE,71.5,71.4,71.6,1619929,108679,79054,10.07
2026-09-23 14:52:47,23431.45,2026-09-29,23400.0,CE,136.5,136.35,136.5,2828368,146864,35744,8.17
2026-09-23 14:52:47,23431.45,2026-09-29,23400.0,PE,89.8,89.65,89.85,3113042,261659,167635,10.03
2026-09-23 14:52:47,23431.45,2026-09-29,23450.0,CE,108.6,108.75,108.9,1969056,93901,66103,8.22
2026-09-23 14:52:47,23431.45,2026-09-29,23450.0,PE,110.7,110.7,110.8,1518559,95712,82914,9.93
2026-09-23 14:52:47,23431.45,2026-09-29,23500.0,CE,84.15,84.0,84.15,2408394,198300,60154,8.21
2026-09-23 14:52:47,23431.45,2026-09-29,23500.0,PE,137.0,136.8,137.15,1212584,142626,51174,9.95
2026-09-23 14:52:47,23431.45,2026-09-29,23550.0,CE,63.75,63.75,63.9,1024853,62571,38830,8.18
2026-09-23 14:52:47,23431.45,2026-09-29,23550.0,PE,166.0,165.5,165.9,246677,15944,11717,10.02
2026-09-23 14:52:47,23431.45,2026-09-29,23600.0,CE,46.95,47.0,47.1,1302397,123289,57739,8.17
2026-09-23 14:52:47,23431.45,2026-09-29,23600.0,PE,200.45,199.65,200.15,298297,35647,14841,10.14
2026-09-23 14:52:47,23431.45,2026-09-29,23650.0,CE,34.35,34.35,34.4,738221,57009,27703,8.21
2026-09-23 14:52:47,23431.45,2026-09-29,23650.0,PE,237.6,236.95,237.5,55178,7351,3260,10.36
2026-09-23 14:52:47,23431.45,2026-09-29,23700.0,CE,24.95,24.95,25.0,965272,106072,25907,8.33
2026-09-23 14:52:47,23431.45,2026-09-29,23700.0,PE,277.45,277.35,278.0,69424,18050,2538,10.63
2026-09-23 14:52:47,23431.45,2026-09-29,23750.0,CE,17.9,17.9,17.95,430408,40168,13193,8.42
2026-09-23 14:52:47,23431.45,2026-09-29,23750.0,PE,321.15,320.25,320.95,11069,4270,836,11.02
2026-09-23 14:52:47,23431.45,2026-09-29,23800.0,CE,12.8,12.8,12.85,748947,130539,32632,8.58
2026-09-23 14:52:47,23431.45,2026-09-29,23800.0,PE,365.6,364.25,365.15,30658,24156,-2025,11.66
2026-09-23 14:52:47,23431.45,2026-09-29,23850.0,CE,9.4,9.4,9.45,360461,43996,21459,8.8
2026-09-23 14:52:47,23431.45,2026-09-29,23850.0,PE,412.85,410.25,412.4,2346,2120,234,12.25
2026-09-23 14:52:47,23431.45,2026-09-29,23900.0,CE,7.2,7.15,7.2,462861,96215,30533,9.07
2026-09-23 14:52:47,23431.45,2026-09-29,23900.0,PE,461.25,459.1,460.4,5969,15262,-319,13.06
2026-09-23 14:52:47,23431.45,2026-09-29,23950.0,CE,5.65,5.65,5.7,233015,27320,7980,9.42
2026-09-23 14:52:47,23431.45,2026-09-29,23950.0,PE,508.9,507.7,509.3,765,2210,90,13.82
2026-09-23 14:53:47,23432.55,2026-09-29,22950.0,CE,510.1,510.5,512.1,1758,640,479,
2026-09-23 14:53:47,23432.55,2026-09-29,22950.0,PE,12.0,11.95,12.0,218636,32273,18323,12.05
2026-09-23 14:53:47,23432.55,2026-09-29,23000.0,CE,463.0,463.3,464.5,33789,21919,363,
2026-09-23 14:53:47,23432.55,2026-09-29,23000.0,PE,14.8,14.8,14.85,737617,202016,55613,11.74
2026-09-23 14:53:47,23432.55,2026-09-29,23050.0,CE,410.2,416.95,418.2,3844,1461,737,
2026-09-23 14:53:47,23432.55,2026-09-29,23050.0,PE,17.85,17.8,17.9,253283,38300,24346,11.37
2026-09-23 14:53:47,23432.55,2026-09-29,23100.0,CE,368.4,371.2,372.0,40084,10449,3707,6.61
2026-09-23 14:53:47,23432.55,2026-09-29,23100.0,PE,22.15,22.15,22.2,546403,74797,30305,11.08
2026-09-23 14:53:47,23432.55,2026-09-29,23150.0,CE,327.0,327.05,327.95,21652,4565,1973,7.4
2026-09-23 14:53:47,23432.55,2026-09-29,23150.0,PE,27.75,27.7,27.8,407524,40113,18029,10.8
2026-09-23 14:53:47,23432.55,2026-09-29,23200.0,CE,284.75,283.9,284.6,182102,26030,68,7.89
2026-09-23 14:53:47,23432.55,2026-09-29,23200.0,PE,35.05,34.95,35.0,786127,112769,49083,10.56
2026-09-23 14:53:47,23432.55,2026-09-29,23250.0,CE,243.55,243.4,244.0,146662,17935,2849,8.11
2026-09-23 14:53:47,23432.55,2026-09-29,23250.0,PE,44.1,44.05,44.15,613223,76744,53528,10.38
2026-09-23 14:53:47,23432.55,2026-09-29,23300.0,CE,205.4,204.85,204.95,852645,73716,-7315,8.1
2026-09-23 14:53:47,23432.55,2026-09-29,23300.0,PE,55.9,56.05,56.15,1541294,174328,67815,10.25
2026-09-23 14:53:47,23432.55,2026-09-29,23350.0,CE,169.6,169.6,170.0,1111638,38969,3286,8.21
2026-09-23 14:53:47,23432.55,2026-09-29,23350.0,PE,70.55,70.55,70.75,1620264,108679,79054,10.07
2026-09-23 14:53:47,23432.55,2026-09-29,23400.0,CE,137.6,137.6,137.95,2829415,146864,35744,8.17
2026-09-23 14:53:47,23432.55,2026-09-29,23400.0,PE,88.6,88.6,88.85,3114084,261659,167635,10.03
2026-09-23 14:53:47,23432.55,2026-09-29,23450.0,CE,109.8,109.65,109.8,1969782,93901,66103,8.22
2026-09-23 14:53:47,23432.55,2026-09-29,23450.0,PE,109.55,109.55,109.8,1519351,95712,82914,9.93
2026-09-23 14:53:47,23432.55,2026-09-29,23500.0,CE,85.05,85.15,85.25,2409342,198300,60154,8.21
2026-09-23 14:53:47,23432.55,2026-09-29,23500.0,PE,135.25,135.15,135.5,1212986,142626,51174,9.95
2026-09-23 14:53:47,23432.55,2026-09-29,23550.0,CE,64.55,64.35,64.5,1025142,62571,38830,8.18
2026-09-23 14:53:47,23432.55,2026-09-29,23550.0,PE,164.7,164.4,164.8,246853,15944,11717,10.02
2026-09-23 14:53:47,23432.55,2026-09-29,23600.0,CE,47.6,47.6,47.65,1303009,123289,57739,8.17
2026-09-23 14:53:47,23432.55,2026-09-29,23600.0,PE,197.5,197.65,198.1,298421,35647,14841,10.14
2026-09-23 14:53:47,23432.55,2026-09-29,23650.0,CE,34.95,34.75,34.9,738772,57009,27703,8.21
2026-09-23 14:53:47,23432.55,2026-09-29,23650.0,PE,235.0,235.0,235.55,55194,7351,3260,10.36
2026-09-23 14:53:47,23432.55,2026-09-29,23700.0,CE,25.35,25.35,25.4,965734,106072,25907,8.33
2026-09-23 14:53:47,23432.55,2026-09-29,23700.0,PE,276.1,275.25,275.9,69428,18050,2538,10.63
2026-09-23 14:53:47,23432.55,2026-09-29,23750.0,CE,18.2,18.2,18.3,430690,40168,13193,8.42
2026-09-23 14:53:47,23432.55,2026-09-29,23750.0,PE,319.35,317.9,318.85,11075,4270,836,11.02
2026-09-23 14:53:47,23432.55,2026-09-29,23800.0,CE,13.05,13.0,13.05,749283,130539,32632,8.58
2026-09-23 14:53:47,23432.55,2026-09-29,23800.0,PE,362.5,362.6,363.35,30673,24156,-2025,11.66
2026-09-23 14:53:47,23432.55,2026-09-29,23850.0,CE,9.55,9.5,9.6,360658,43996,21459,8.8
2026-09-23 14:53:47,23432.55,2026-09-29,23850.0,PE,410.4,408.85,410.2,2347,2120,234,12.25
2026-09-23 14:53:47,23432.55,2026-09-29,23900.0,CE,7.3,7.25,7.3,463516,96215,30533,9.07
2026-09-23 14:53:47,23432.55,2026-09-29,23900.0,PE,458.6,456.65,458.05,5970,15262,-319,13.06
2026-09-23 14:53:47,23432.55,2026-09-29,23950.0,CE,5.75,5.75,5.8,233174,27320,7980,9.42
2026-09-23 14:53:47,23432.55,2026-09-29,23950.0,PE,508.9,504.55,506.85,765,2210,90,13.82
2026-09-23 14:54:48,23433.9,2026-09-29,22950.0,CE,514.1,506.6,508.6,1762,638,477,
2026-09-23 14:54:48,23433.9,2026-09-29,22950.0,PE,12.05,11.9,12.0,219262,32528,18578,12.05
2026-09-23 14:54:48,23433.9,2026-09-29,23000.0,CE,460.95,459.9,461.1,33977,21833,277,
2026-09-23 14:54:48,23433.9,2026-09-29,23000.0,PE,14.85,14.8,14.85,740075,200630,54227,11.74
2026-09-23 14:54:48,23433.9,2026-09-29,23050.0,CE,414.6,412.9,414.0,3877,1443,719,
2026-09-23 14:54:48,23433.9,2026-09-29,23050.0,PE,17.95,17.85,17.95,254376,38385,24431,11.37
2026-09-23 14:54:48,23433.9,2026-09-29,23100.0,CE,366.7,366.9,367.95,40179,10388,3646,6.61
2026-09-23 14:54:48,23433.9,2026-09-29,23100.0,PE,22.4,22.4,22.45,548081,74552,30060,11.08
2026-09-23 14:54:48,23433.9,2026-09-29,23150.0,CE,325.9,323.3,323.95,21703,4547,1955,7.4
2026-09-23 14:54:48,23433.9,2026-09-29,23150.0,PE,28.05,27.95,28.0,408695,39960,17876,10.8
2026-09-23 14:54:48,23433.9,2026-09-29,23200.0,CE,280.35,280.4,281.0,182771,25833,-129,7.89
2026-09-23 14:54:48,23433.9,2026-09-29,23200.0,PE,35.3,35.15,35.25,788691,112578,48892,10.56
2026-09-23 14:54:48,23433.9,2026-09-29,23250.0,CE,240.45,239.95,240.55,147123,17924,2838,8.11
2026-09-23 14:54:48,23433.9,2026-09-29,23250.0,PE,44.5,44.4,44.5,615586,75830,52614,10.38
2026-09-23 14:54:48,23433.9,2026-09-29,23300.0,CE,202.2,201.75,202.2,855474,73690,-7341,8.1
2026-09-23 14:54:48,23433.9,2026-09-29,23300.0,PE,56.6,56.5,56.7,1548303,173075,66562,10.25
2026-09-23 14:54:48,23433.9,2026-09-29,23350.0,CE,166.85,166.4,166.85,1114249,38709,3026,8.21
2026-09-23 14:54:48,23433.9,2026-09-29,23350.0,PE,71.4,71.2,71.4,1628111,106152,76527,10.07
2026-09-23 14:54:48,23433.9,2026-09-29,23400.0,CE,134.8,134.65,134.8,2842174,148008,36888,8.17
2026-09-23 14:54:48,23433.9,2026-09-29,23400.0,PE,89.7,89.55,89.75,3131100,258839,164815,10.03
2026-09-23 14:54:48,23433.9,2026-09-29,23450.0,CE,106.9,107.0,107.25,1980892,93241,65443,8.22
2026-09-23 14:54:48,23433.9,2026-09-29,23450.0,PE,110.8,110.8,111.1,1529226,93701,80903,9.93
2026-09-23 14:54:48,23433.9,2026-09-29,23500.0,CE,82.7,82.5,82.7,2419974,198158,60012,8.21
2026-09-23 14:54:48,23433.9,2026-09-29,23500.0,PE,136.9,136.9,137.25,1221045,141342,49890,9.95
2026-09-23 14:54:48,23433.9,2026-09-29,23550.0,CE,62.15,62.2,62.35,1030406,62189,38448,8.18
2026-09-23 14:54:48,23433.9,2026-09-29,23550.0,PE,166.5,166.1,166.45,248366,15588,11361,10.02
2026-09-23 14:54:48,23433.9,2026-09-29,23600.0,CE,45.95,45.9,46.0,1309388,123526,57976,8.17
2026-09-23 14:54:48,23433.9,2026-09-29,23600.0,PE,200.0,200.0,200.15,300809,35374,14568,10.14
2026-09-23 14:54:48,23433.9,2026-09-29,23650.0,CE,33.25,33.2,33.35,741631,55703,26397,8.21
2026-09-23 14:54:48,23433.9,2026-09-29,23650.0,PE,238.0,237.2,237.75,55479,7188,3097,10.36
2026-09-23 14:54:48,23433.9,2026-09-29,23700.0,CE,24.05,24.05,24.1,971497,105646,25481,8.33
2026-09-23 14:54:48,23433.9,2026-09-29,23700.0,PE,278.55,278.25,278.7,70004,18141,2629,10.63
2026-09-23 14:54:48,23433.9,2026-09-29,23750.0,CE,17.2,17.2,17.25,432971,39639,12664,8.42
2026-09-23 14:54:48,23433.9,2026-09-29,23750.0,PE,321.55,320.9,321.85,11158,4230,796,11.02
2026-09-23 14:54:48,23433.9,2026-09-29,23800.0,CE,12.35,12.35,12.4,753124,130471,32564,8.58
2026-09-23 14:54:48,23433.9,2026-09-29,23800.0,PE,367.05,366.55,367.5,30952,24191,-1990,11.66
2026-09-23 14:54:48,23433.9,2026-09-29,23850.0,CE,9.1,9.05,9.1,361439,43762,21225,8.8
2026-09-23 14:54:48,23433.9,2026-09-29,23850.0,PE,411.45,412.65,414.1,2396,2113,227,12.25
2026-09-23 14:54:48,23433.9,2026-09-29,23900.0,CE,6.95,6.95,7.0,468643,98389,32707,9.07
2026-09-23 14:54:48,23433.9,2026-09-29,23900.0,PE,461.6,460.05,461.35,6111,15242,-339,13.06
2026-09-23 14:54:48,23433.9,2026-09-29,23950.0,CE,5.55,5.5,5.55,234306,27325,7985,9.42
2026-09-23 14:54:48,23433.9,2026-09-29,23950.0,PE,511.05,507.8,510.65,768,2211,91,13.82
2026-09-23 14:55:48,23435.0,2026-09-29,22950.0,CE,509.25,509.7,511.8,1763,638,477,
2026-09-23 14:55:48,23435.0,2026-09-29,22950.0,PE,11.6,11.55,11.6,219864,32472,18522,12.05
2026-09-23 14:55:48,23435.0,2026-09-29,23000.0,CE,462.55,462.55,463.9,34025,21837,281,
2026-09-23 14:55:48,23435.0,2026-09-29,23000.0,PE,14.35,14.3,14.35,745962,199387,52984,11.74
2026-09-23 14:55:48,23435.0,2026-09-29,23050.0,CE,417.4,415.9,417.1,3967,1443,719,
2026-09-23 14:55:48,23435.0,2026-09-29,23050.0,PE,17.25,17.3,17.35,255338,38495,24541,11.37
2026-09-23 14:55:48,23435.0,2026-09-29,23100.0,CE,370.3,369.85,370.8,40203,10402,3660,6.61
2026-09-23 14:55:48,23435.0,2026-09-29,23100.0,PE,21.7,21.65,21.7,549684,74591,30099,11.08
2026-09-23 14:55:48,23435.0,2026-09-29,23150.0,CE,325.95,325.6,326.35,21714,4545,1953,7.4
2026-09-23 14:55:48,23435.0,2026-09-29,23150.0,PE,27.15,27.15,27.2,409261,39895,17811,10.8
2026-09-23 14:55:48,23435.0,2026-09-29,23200.0,CE,282.5,283.0,283.2,183011,25782,-180,7.89
2026-09-23 14:55:48,23435.0,2026-09-29,23200.0,PE,34.4,34.3,34.4,791163,112318,48632,10.56
2026-09-23 14:55:48,23435.0,2026-09-29,23250.0,CE,242.9,241.95,242.5,147307,17912,2826,8.11
2026-09-23 14:55:48,23435.0,2026-09-29,23250.0,PE,43.3,43.3,43.45,617870,75923,52707,10.38
2026-09-23 14:55:48,23435.0,2026-09-29,23300.0,CE,204.1,203.8,204.3,856519,73546,-7485,8.1
2026-09-23 14:55:48,23435.0,2026-09-29,23300.0,PE,55.2,55.2,55.4,1551816,172327,65814,10.25
2026-09-23 14:55:48,23435.0,2026-09-29,23350.0,CE,168.6,168.25,168.65,1115643,38633,2950,8.21
2026-09-23 14:55:48,23435.0,2026-09-29,23350.0,PE,69.95,69.85,69.9,1631611,106060,76435,10.07
2026-09-23 14:55:48,23435.0,2026-09-29,23400.0,CE,136.45,136.1,136.4,2846975,148226,37106,8.17
2026-09-23 14:55:48,23435.0,2026-09-29,23400.0,PE,87.95,87.85,88.0,3144881,256994,162970,10.03
2026-09-23 14:55:48,23435.0,2026-09-29,23450.0,CE,108.0,108.0,108.25,1986712,93549,65751,8.22
2026-09-23 14:55:48,23435.0,2026-09-29,23450.0,PE,109.25,109.05,109.2,1534718,92252,79454,9.93
2026-09-23 14:55:48,23435.0,2026-09-29,23500.0,CE,83.8,83.6,83.75,2424778,198601,60455,8.21
2026-09-23 14:55:48,23435.0,2026-09-29,23500.0,PE,134.7,134.75,134.8,1224867,140543,49091,9.95
2026-09-23 14:55:48,23435.0,2026-09-29,23550.0,CE,63.0,62.9,63.0,1032348,62486,38745,8.18
2026-09-23 14:55:48,23435.0,2026-09-29,23550.0,PE,164.0,163.8,164.25,249456,15587,11360,10.02
2026-09-23 14:55:48,23435.0,2026-09-29,23600.0,CE,46.4,46.3,46.4,1312663,123820,58270,8.17
2026-09-23 14:55:48,23435.0,2026-09-29,23600.0,PE,197.15,197.2,197.7,301868,35161,14355,10.14
2026-09-23 14:55:48,23435.0,2026-09-29,23650.0,CE,33.6,33.6,33.75,742889,56013,26707,8.21
2026-09-23 14:55:48,23435.0,2026-09-29,23650.0,PE,234.1,234.45,234.85,55782,7150,3059,10.36
2026-09-23 14:55:48,23435.0,2026-09-29,23700.0,CE,24.25,24.25,24.3,973705,105774,25609,8.33
2026-09-23 14:55:48,23435.0,2026-09-29,23700.0,PE,275.4,275.15,275.6,70252,18146,2634,10.63
2026-09-23 14:55:48,23435.0,2026-09-29,23750.0,CE,17.35,17.25,17.3,433519,39662,12687,8.42
2026-09-23 14:55:48,23435.0,2026-09-29,23750.0,PE,317.95,317.8,318.65,11180,4230,796,11.02
2026-09-23 14:55:48,23435.0,2026-09-29,23800.0,CE,12.35,12.3,12.35,755996,131541,33634,8.58
2026-09-23 14:55:48,23435.0,2026-09-29,23800.0,PE,363.65,362.85,363.8,31097,24178,-2003,11.66
2026-09-23 14:55:48,23435.0,2026-09-29,23850.0,CE,8.95,8.95,9.0,362343,43696,21159,8.8
2026-09-23 14:55:48,23435.0,2026-09-29,23850.0,PE,410.05,409.0,410.3,2413,2108,222,12.25
2026-09-23 14:55:48,23435.0,2026-09-29,23900.0,CE,6.85,6.85,6.9,470133,98687,33005,9.07
2026-09-23 14:55:48,23435.0,2026-09-29,23900.0,PE,457.35,456.9,458.4,6158,15242,-339,13.06
2026-09-23 14:55:48,23435.0,2026-09-29,23950.0,CE,5.45,5.4,5.45,235062,27192,7852,9.42
2026-09-23 14:55:48,23435.0,2026-09-29,23950.0,PE,511.05,504.85,507.15,768,2211,91,13.82
2026-09-23 14:56:48,23430.95,2026-09-29,22950.0,CE,509.25,511.0,513.25,1763,638,477,
2026-09-23 14:56:48,23430.95,2026-09-29,22950.0,PE,11.2,11.2,11.25,220800,32472,18522,12.05
2026-09-23 14:56:48,23430.95,2026-09-29,23000.0,CE,467.5,465.4,466.7,34063,21837,281,
2026-09-23 14:56:48,23430.95,2026-09-29,23000.0,PE,13.85,13.85,13.9,748776,199387,52984,11.74
2026-09-23 14:56:48,23430.95,2026-09-29,23050.0,CE,419.5,417.05,418.4,3973,1443,719,
2026-09-23 14:56:48,23430.95,2026-09-29,23050.0,PE,16.95,16.85,16.95,258565,38495,24541,11.37
2026-09-23 14:56:48,23430.95,2026-09-29,23100.0,CE,371.85,371.4,372.55,40297,10402,3660,6.61
2026-09-23 14:56:48,23430.95,2026-09-29,23100.0,PE,21.0,21.05,21.1,554269,74591,30099,11.08
2026-09-23 14:56:48,23430.95,2026-09-29,23150.0,CE,328.4,327.75,328.55,21736,4545,1953,7.4
2026-09-23 14:56:48,23430.95,2026-09-29,23150.0,PE,26.45,26.45,26.55,411263,39895,17811,10.8
2026-09-23 14:56:48,23430.95,2026-09-29,23200.0,CE,284.0,283.75,284.4,183369,25782,-180,7.89
2026-09-23 14:56:48,23430.95,2026-09-29,23200.0,PE,33.7,33.6,33.7,794189,112318,48632,10.56
2026-09-23 14:56:48,23430.95,2026-09-29,23250.0,CE,244.8,244.1,244.65,147488,17912,2826,8.11
2026-09-23 14:56:48,23430.95,2026-09-29,23250.0,PE,42.35,42.25,42.4,620740,75923,52707,10.38
2026-09-23 14:56:48,23430.95,2026-09-29,23300.0,CE,204.2,204.4,205.0,858132,73546,-7485,8.1
2026-09-23 14:56:48,23430.95,2026-09-29,23300.0,PE,54.45,54.3,54.5,1556795,172327,65814,10.25
2026-09-23 14:56:48,23430.95,2026-09-29,23350.0,CE,169.35,168.85,169.2,1116867,38633,2950,8.21
2026-09-23 14:56:48,23430.95,2026-09-29,23350.0,PE,68.7,68.7,68.9,1635357,106060,76435,10.07
2026-09-23 14:56:48,23430.95,2026-09-29,23400.0,CE,136.7,136.7,136.85,2853228,148226,37106,8.17
2026-09-23 14:56:48,23430.95,2026-09-29,23400.0,PE,86.85,86.95,87.05,3156661,256994,162970,10.03
2026-09-23 14:56:48,23430.95,2026-09-29,23450.0,CE,109.0,109.0,109.05,1992294,93549,65751,8.22
2026-09-23 14:56:48,23430.95,2026-09-29,23450.0,PE,107.55,107.35,107.6,1540798,92252,79454,9.93
2026-09-23 14:56:48,23430.95,2026-09-29,23500.0,CE,84.5,84.4,84.55,2430335,198601,60455,8.21
2026-09-23 14:56:48,23430.95,2026-09-29,23500.0,PE,132.55,132.4,132.75,1229625,140543,49091,9.95
2026-09-23 14:56:48,23430.95,2026-09-29,23550.0,CE,63.3,63.15,63.3,1034648,62486,38745,8.18
2026-09-23 14:56:48,23430.95,2026-09-29,23550.0,PE,163.0,162.7,163.0,250344,15587,11360,10.02
2026-09-23 14:56:48,23430.95,2026-09-29,23600.0,CE,46.85,46.7,46.8,1315329,123820,58270,8.17
2026-09-23 14:56:48,23430.95,2026-09-29,23600.0,PE,194.75,194.2,194.75,303053,35161,14355,10.14
2026-09-23 14:56:48,23430.95,2026-09-29,23650.0,CE,33.8,33.7,33.8,744284,56013,26707,8.21
2026-09-23 14:56:48,23430.95,2026-09-29,23650.0,PE,233.0,232.7,233.3,55969,7150,3059,10.36
2026-09-23 14:56:48,23430.95,2026-09-29,23700.0,CE,24.3,24.25,24.3,975162,105774,25609,8.33
2026-09-23 14:56:48,23430.95,2026-09-29,23700.0,PE,273.5,273.15,273.95,70466,18146,2634,10.63
2026-09-23 14:56:48,23430.95,2026-09-29,23750.0,CE,17.3,17.3,17.35,434060,39662,12687,8.42
2026-09-23 14:56:48,23430.95,2026-09-29,23750.0,PE,315.85,316.4,317.35,11221,4227,793,11.02
2026-09-23 14:56:48,23430.95,2026-09-29,23800.0,CE,12.25,12.2,12.25,757736,131541,33634,8.58
2026-09-23 14:56:48,23430.95,2026-09-29,23800.0,PE,360.0,360.5,361.6,31257,24178,-2003,11.66
2026-09-23 14:56:48,23430.95,2026-09-29,23850.0,CE,9.0,8.95,9.0,362861,43696,21159,8.8
2026-09-23 14:56:48,23430.95,2026-09-29,23850.0,PE,406.45,406.35,407.85,2414,2108,222,12.25
2026-09-23 14:56:48,23430.95,2026-09-29,23900.0,CE,6.85,6.8,6.85,472728,98687,33005,9.07
2026-09-23 14:56:48,23430.95,2026-09-29,23900.0,PE,454.5,455.3,456.7,6186,15242,-339,13.06
2026-09-23 14:56:48,23430.95,2026-09-29,23950.0,CE,5.35,5.3,5.35,235732,27192,7852,9.42
2026-09-23 14:56:48,23430.95,2026-09-29,23950.0,PE,511.05,501.3,504.95,768,2211,91,13.82
2026-09-23 14:57:48,23423.25,2026-09-29,22900.0,CE,560.1,552.0,553.5,3977,2327,502,
2026-09-23 14:57:48,23423.25,2026-09-29,22900.0,PE,9.8,9.75,9.85,344627,82770,39593,12.4
2026-09-23 14:57:48,23423.25,2026-09-29,22950.0,CE,510.25,505.0,505.95,1764,637,476,
2026-09-23 14:57:48,23423.25,2026-09-29,22950.0,PE,11.85,11.85,11.9,221290,32119,18169,12.05
2026-09-23 14:57:48,23423.25,2026-09-29,23000.0,CE,457.3,456.9,458.15,34110,21824,268,
2026-09-23 14:57:48,23423.25,2026-09-29,23000.0,PE,14.7,14.7,14.75,750978,198344,51941,11.74
2026-09-23 14:57:48,23423.25,2026-09-29,23050.0,CE,419.5,410.35,411.55,3973,1443,719,
2026-09-23 14:57:48,23423.25,2026-09-29,23050.0,PE,17.75,17.75,17.8,259627,39671,25717,11.37
2026-09-23 14:57:48,23423.25,2026-09-29,23100.0,CE,366.7,364.4,365.55,40338,10327,3585,6.61
2026-09-23 14:57:48,23423.25,2026-09-29,23100.0,PE,22.15,22.2,22.3,555463,73087,28595,11.08
2026-09-23 14:57:48,23423.25,2026-09-29,23150.0,CE,321.25,321.0,321.4,21791,4499,1907,7.4
2026-09-23 14:57:48,23423.25,2026-09-29,23150.0,PE,28.0,27.95,28.0,412023,39622,17538,10.8
2026-09-23 14:57:48,23423.25,2026-09-29,23200.0,CE,278.2,277.75,278.55,183677,25921,-41,7.89
2026-09-23 14:57:48,23423.25,2026-09-29,23200.0,PE,35.35,35.25,35.4,796790,111433,47747,10.56
2026-09-23 14:57:48,23423.25,2026-09-29,23250.0,CE,238.0,237.4,237.95,147760,17891,2805,8.11
2026-09-23 14:57:48,23423.25,2026-09-29,23250.0,PE,44.55,44.6,44.7,623314,75881,52665,10.38
2026-09-23 14:57:48,23423.25,2026-09-29,23300.0,CE,199.35,199.55,200.0,859742,73875,-7156,8.1
2026-09-23 14:57:48,23423.25,2026-09-29,23300.0,PE,57.05,56.95,57.05,1560879,171673,65160,10.25
2026-09-23 14:57:48,23423.25,2026-09-29,23350.0,CE,164.6,164.45,164.75,1118157,38696,3013,8.21
2026-09-23 14:57:48,23423.25,2026-09-29,23350.0,PE,71.7,71.65,71.85,1638838,105537,75912,10.07
2026-09-23 14:57:48,23423.25,2026-09-29,23400.0,CE,132.7,132.7,133.05,2859302,148458,37338,8.17
2026-09-23 14:57:48,23423.25,2026-09-29,23400.0,PE,90.5,90.25,90.5,3168781,257164,163140,10.03
2026-09-23 14:57:48,23423.25,2026-09-29,23450.0,CE,105.0,105.0,105.2,1998843,93734,65936,8.22
2026-09-23 14:57:48,23423.25,2026-09-29,23450.0,PE,111.8,111.85,112.0,1547934,90473,77675,9.93
2026-09-23 14:57:48,23423.25,2026-09-29,23500.0,CE,81.05,81.05,81.25,2435904,199144,60998,8.21
2026-09-23 14:57:48,23423.25,2026-09-29,23500.0,PE,138.0,137.85,138.0,1234269,139915,48463,9.95
2026-09-23 14:57:48,23423.25,2026-09-29,23550.0,CE,60.85,60.95,61.1,1037298,62628,38887,8.18
2026-09-23 14:57:48,23423.25,2026-09-29,23550.0,PE,167.6,167.6,168.0,251507,15519,11292,10.02
2026-09-23 14:57:48,23423.25,2026-09-29,23600.0,CE,44.6,44.55,44.7,1319675,124505,58955,8.17
2026-09-23 14:57:48,23423.25,2026-09-29,23600.0,PE,201.7,201.6,201.75,304003,34908,14102,10.14
2026-09-23 14:57:48,23423.25,2026-09-29,23650.0,CE,32.35,32.25,32.35,746300,55557,26251,8.21
2026-09-23 14:57:48,23423.25,2026-09-29,23650.0,PE,239.0,238.7,239.25,56251,7078,2987,10.36
2026-09-23 14:57:48,23423.25,2026-09-29,23700.0,CE,23.15,23.15,23.25,977761,105957,25792,8.33
2026-09-23 14:57:48,23423.25,2026-09-29,23700.0,PE,279.3,279.35,280.0,70659,18118,2606,10.63
2026-09-23 14:57:48,23423.25,2026-09-29,23750.0,CE,16.6,16.5,16.6,435010,39612,12637,8.42
2026-09-23 14:57:48,23423.25,2026-09-29,23750.0,PE,323.4,322.85,323.7,11290,4243,809,11.02
2026-09-23 14:57:48,23423.25,2026-09-29,23800.0,CE,11.75,11.75,11.8,760319,132266,34359,8.58
2026-09-23 14:57:48,23423.25,2026-09-29,23800.0,PE,367.55,368.05,368.85,31313,24243,-1938,11.66
2026-09-23 14:57:48,23423.25,2026-09-29,23850.0,CE,8.6,8.6,8.65,363383,43744,21207,8.8
2026-09-23 14:57:48,23423.25,2026-09-29,23850.0,PE,410.2,414.65,415.95,2417,2108,222,12.25
2026-09-23 14:57:48,23423.25,2026-09-29,23900.0,CE,6.55,6.55,6.6,474053,99885,34203,9.07
2026-09-23 14:57:48,23423.25,2026-09-29,23900.0,PE,459.7,462.3,463.8,6197,15245,-336,13.06
2026-09-23 14:58:48,23425.8,2026-09-29,22950.0,CE,504.6,502.8,506.8,1768,636,475,
2026-09-23 14:58:48,23425.8,2026-09-29,22950.0,PE,11.9,11.85,11.9,221993,32119,18169,12.05
2026-09-23 14:58:48,23425.8,2026-09-29,23000.0,CE,456.4,455.4,456.75,34242,21824,268,
2026-09-23 14:58:48,23425.8,2026-09-29,23000.0,PE,14.95,14.85,14.95,753208,198344,51941,11.74
2026-09-23 14:58:48,23425.8,2026-09-29,23050.0,CE,419.5,409.35,410.65,3973,1443,719,
2026-09-23 14:58:48,23425.8,2026-09-29,23050.0,PE,17.9,17.85,17.95,260442,39671,25717,11.37
2026-09-23 14:58:48,23425.8,2026-09-29,23100.0,CE,363.5,362.8,363.95,40400,10327,3585,6.61
2026-09-23 14:58:48,23425.8,2026-09-29,23100.0,PE,22.5,22.45,22.55,556622,73087,28595,11.08
2026-09-23 14:58:48,23425.8,2026-09-29,23150.0,CE,318.9,319.0,319.7,21818,4499,1907,7.4
2026-09-23 14:58:48,23425.8,2026-09-29,23150.0,PE,28.2,28.2,28.3,413094,39622,17538,10.8
2026-09-23 14:58:48,23425.8,2026-09-29,23200.0,CE,276.75,276.8,277.6,183967,25921,-41,7.89
2026-09-23 14:58:48,23425.8,2026-09-29,23200.0,PE,35.55,35.4,35.55,799036,111433,47747,10.56
2026-09-23 14:58:48,23425.8,2026-09-29,23250.0,CE,236.8,235.9,236.55,148105,17891,2805,8.11
2026-09-23 14:58:48,23425.8,2026-09-29,23250.0,PE,45.15,44.95,45.1,625149,75881,52665,10.38
2026-09-23 14:58:48,23425.8,2026-09-29,23300.0,CE,198.85,198.35,198.85,860995,73875,-7156,8.1
2026-09-23 14:58:48,23425.8,2026-09-29,23300.0,PE,57.45,57.25,57.4,1565132,171673,65160,10.25
2026-09-23 14:58:48,23425.8,2026-09-29,23350.0,CE,163.35,163.1,163.4,1119429,38696,3013,8.21
2026-09-23 14:58:48,23425.8,2026-09-29,23350.0,PE,72.55,72.35,72.55,1642712,105537,75912,10.07
2026-09-23 14:58:48,23425.8,2026-09-29,23400.0,CE,132.2,132.15,132.45,2864478,148458,37338,8.17
2026-09-23 14:58:48,23425.8,2026-09-29,23400.0,PE,90.5,90.5,90.75,3180184,257164,163140,10.03
2026-09-23 14:58:48,23425.8,2026-09-29,23450.0,CE,104.15,104.0,104.2,2004369,93734,65936,8.22
2026-09-23 14:58:48,23425.8,2026-09-29,23450.0,PE,112.9,112.65,112.95,1554729,90473,77675,9.93
2026-09-23 14:58:48,23425.8,2026-09-29,23500.0,CE,80.15,80.1,80.3,2442805,199144,60998,8.21
2026-09-23 14:58:48,23425.8,2026-09-29,23500.0,PE,139.0,138.7,139.1,1239141,139915,48463,9.95
2026-09-23 14:58:48,23425.8,2026-09-29,23550.0,CE,60.0,60.2,60.35,1041513,62628,38887,8.18
2026-09-23 14:58:48,23425.8,2026-09-29,23550.0,PE,168.85,168.15,168.3,252839,15519,11292,10.02
2026-09-23 14:58:48,23425.8,2026-09-29,23600.0,CE,43.95,43.95,44.0,1324592,124505,58955,8.17
2026-09-23 14:58:48,23425.8,2026-09-29,23600.0,PE,202.2,202.25,202.9,305564,34908,14102,10.14
2026-09-23 14:58:48,23425.8,2026-09-29,23650.0,CE,31.75,31.85,32.0,748395,55557,26251,8.21
2026-09-23 14:58:48,23425.8,2026-09-29,23650.0,PE,240.0,239.4,240.0,56445,7078,2987,10.36
2026-09-23 14:58:48,23425.8,2026-09-29,23700.0,CE,22.85,22.75,22.85,980721,105957,25792,8.33
2026-09-23 14:58:48,23425.8,2026-09-29,23700.0,PE,281.25,281.2,282.0,70926,18118,2606,10.63
2026-09-23 14:58:48,23425.8,2026-09-29,23750.0,CE,16.3,16.25,16.3,436076,39612,12637,8.42
2026-09-23 14:58:48,23425.8,2026-09-29,23750.0,PE,325.0,323.45,324.35,11359,4243,809,11.02
2026-09-23 14:58:48,23425.8,2026-09-29,23800.0,CE,11.5,11.5,11.6,762390,132266,34359,8.58
2026-09-23 14:58:48,23425.8,2026-09-29,23800.0,PE,370.95,370.1,370.75,31373,24243,-1938,11.66
2026-09-23 14:58:48,23425.8,2026-09-29,23850.0,CE,8.45,8.45,8.5,364176,43744,21207,8.8
2026-09-23 14:58:48,23425.8,2026-09-29,23850.0,PE,416.35,416.55,417.85,2423,2109,223,12.25
2026-09-23 14:58:48,23425.8,2026-09-29,23900.0,CE,6.5,6.45,6.5,476231,99885,34203,9.07
2026-09-23 14:58:48,23425.8,2026-09-29,23900.0,PE,465.05,463.45,464.65,6333,15243,-338,13.06
2026-09-23 14:58:48,23425.8,2026-09-29,23950.0,CE,5.15,5.1,5.15,236420,27220,7880,9.42
2026-09-23 14:58:48,23425.8,2026-09-29,23950.0,PE,508.0,512.3,514.9,769,2209,89,13.82
2026-09-23 14:59:49,23422.05,2026-09-29,22900.0,CE,544.5,545.3,546.9,3996,2325,500,
2026-09-23 14:59:49,23422.05,2026-09-29,22900.0,PE,10.15,10.1,10.15,346568,82575,39398,12.4
2026-09-23 14:59:49,23422.05,2026-09-29,22950.0,CE,499.85,497.6,498.95,1786,637,476,
2026-09-23 14:59:49,23422.05,2026-09-29,22950.0,PE,12.3,12.2,12.25,223033,32167,18217,12.05
2026-09-23 14:59:49,23422.05,2026-09-29,23000.0,CE,450.45,451.0,452.6,34358,21796,240,
2026-09-23 14:59:49,23422.05,2026-09-29,23000.0,PE,15.25,15.2,15.25,756493,198061,51658,11.74
2026-09-23 14:59:49,23422.05,2026-09-29,23050.0,CE,404.0,404.1,405.15,3984,1438,714,
2026-09-23 14:59:49,23422.05,2026-09-29,23050.0,PE,18.4,18.35,18.4,264406,39865,25911,11.37
2026-09-23 14:59:49,23422.05,2026-09-29,23100.0,CE,359.55,359.15,360.2,41108,10292,3550,6.61
2026-09-23 14:59:49,23422.05,2026-09-29,23100.0,PE,22.9,22.9,23.0,560048,72477,27985,11.08
2026-09-23 14:59:49,23422.05,2026-09-29,23150.0,CE,314.85,315.35,316.0,21872,4485,1893,7.4
2026-09-23 14:59:49,23422.05,2026-09-29,23150.0,PE,29.0,28.95,29.0,414762,39434,17350,10.8
2026-09-23 14:59:49,23422.05,2026-09-29,23200.0,CE,272.8,272.25,272.8,185006,25942,-20,7.89
2026-09-23 14:59:49,23422.05,2026-09-29,23200.0,PE,36.5,36.5,36.6,803055,111754,48068,10.56
2026-09-23 14:59:49,23422.05,2026-09-29,23250.0,CE,232.6,232.05,232.6,148623,17787,2701,8.11
2026-09-23 14:59:49,23422.05,2026-09-29,23250.0,PE,46.2,46.1,46.2,627727,75996,52780,10.38
2026-09-23 14:59:49,23422.05,2026-09-29,23300.0,CE,194.4,194.4,194.85,864482,74005,-7026,8.1
2026-09-23 14:59:49,23422.05,2026-09-29,23300.0,PE,59.0,58.85,59.0,1575008,171215,64702,10.25
2026-09-23 14:59:49,23422.05,2026-09-29,23350.0,CE,160.25,160.05,160.2,1123077,38789,3106,8.21
2026-09-23 14:59:49,23422.05,2026-09-29,23350.0,PE,73.85,73.85,74.0,1650453,104752,75127,10.07
2026-09-23 14:59:49,23422.05,2026-09-29,23400.0,CE,128.9,128.8,128.9,2879429,148803,37683,8.17
2026-09-23 14:59:49,23422.05,2026-09-29,23400.0,PE,93.15,92.9,93.15,3204343,255704,161680,10.03
2026-09-23 14:59:49,23422.05,2026-09-29,23450.0,CE,101.85,101.6,101.85,2015356,92479,64681,8.22
2026-09-23 14:59:49,23422.05,2026-09-29,23450.0,PE,114.6,114.6,114.85,1570882,89658,76860,9.93
2026-09-23 14:59:49,23422.05,2026-09-29,23500.0,CE,78.45,78.4,78.6,2456888,197672,59526,8.21
2026-09-23 14:59:49,23422.05,2026-09-29,23500.0,PE,141.25,141.0,141.3,1250996,139146,47694,9.95
2026-09-23 14:59:49,23422.05,2026-09-29,23550.0,CE,58.3,58.3,58.45,1048184,63676,39935,8.18
2026-09-23 14:59:49,23422.05,2026-09-29,23550.0,PE,172.0,172.0,172.15,254901,15311,11084,10.02
2026-09-23 14:59:49,23422.05,2026-09-29,23600.0,CE,42.7,42.7,42.8,1331717,123758,58208,8.17
2026-09-23 14:59:49,23422.05,2026-09-29,23600.0,PE,206.5,206.0,206.45,307499,34859,14053,10.14
2026-09-23 14:59:49,23422.05,2026-09-29,23650.0,CE,30.9,30.85,30.9,752723,55460,26154,8.21
2026-09-23 14:59:49,23422.05,2026-09-29,23650.0,PE,244.25,244.3,244.9,56811,7007,2916,10.36
2026-09-23 14:59:49,23422.05,2026-09-29,23700.0,CE,22.3,22.3,22.35,986320,105722,25557,8.33
2026-09-23 14:59:49,23422.05,2026-09-29,23700.0,PE,286.25,285.2,286.0,71387,17991,2479,10.63
2026-09-23 14:59:49,23422.05,2026-09-29,23750.0,CE,15.9,15.9,15.95,437726,39564,12589,8.42
2026-09-23 14:59:49,23422.05,2026-09-29,23750.0,PE,329.35,328.95,329.85,11496,4212,778,11.02
2026-09-23 14:59:49,23422.05,2026-09-29,23800.0,CE,11.45,11.45,11.5,765858,132119,34212,8.58
2026-09-23 14:59:49,23422.05,2026-09-29,23800.0,PE,374.5,373.6,374.65,32110,24217,-1964,11.66
2026-09-23 14:59:49,23422.05,2026-09-29,23850.0,CE,8.4,8.4,8.45,365660,43594,21057,8.8
2026-09-23 14:59:49,23422.05,2026-09-29,23850.0,PE,424.0,421.5,422.85,2432,2106,220,12.25
2026-09-23 14:59:49,23422.05,2026-09-29,23900.0,CE,6.55,6.55,6.6,480502,100452,34770,9.07
2026-09-23 14:59:49,23422.05,2026-09-29,23900.0,PE,469.6,468.0,470.0,6376,15134,-447,13.06
2026-09-23 15:00:49,23421.65,2026-09-29,22900.0,CE,547.9,548.05,549.65,3997,2325,500,
2026-09-23 15:00:49,23421.65,2026-09-29,22900.0,PE,10.1,10.0,10.05,346848,82575,39398,12.4
2026-09-23 15:00:49,23421.65,2026-09-29,22950.0,CE,499.85,499.65,501.45,1786,637,476,
2026-09-23 15:00:49,23421.65,2026-09-29,22950.0,PE,12.15,12.1,12.15,223105,32167,18217,12.05
2026-09-23 15:00:49,23421.65,2026-09-29,23000.0,CE,454.35,453.1,454.5,34389,21796,240,
2026-09-23 15:00:49,23421.65,2026-09-29,23000.0,PE,15.1,15.0,15.1,756886,198061,51658,11.74
2026-09-23 15:00:49,23421.65,2026-09-29,23050.0,CE,405.2,406.75,407.75,3985,1438,714,
2026-09-23 15:00:49,23421.65,2026-09-29,23050.0,PE,18.2,18.1,18.15,264579,39865,25911,11.37
2026-09-23 15:00:49,23421.65,2026-09-29,23100.0,CE,361.5,361.0,362.0,41124,10292,3550,6.61
2026-09-23 15:00:49,23421.65,2026-09-29,23100.0,PE,22.75,22.7,22.8,560518,72477,27985,11.08
2026-09-23 15:00:49,23421.65,2026-09-29,23150.0,CE,316.0,317.3,317.95,21876,4485,1893,7.4
2026-09-23 15:00:49,23421.65,2026-09-29,23150.0,PE,28.5,28.5,28.6,415084,39434,17350,10.8
2026-09-23 15:00:49,23421.65,2026-09-29,23200.0,CE,274.35,274.45,274.95,185096,25942,-20,7.89
2026-09-23 15:00:49,23421.65,2026-09-29,23200.0,PE,36.05,36.0,36.05,803938,111754,48068,10.56
2026-09-23 15:00:49,23421.65,2026-09-29,23250.0,CE,234.5,234.05,234.6,148662,17787,2701,8.11
2026-09-23 15:00:49,23421.65,2026-09-29,23250.0,PE,45.5,45.45,45.55,628349,75996,52780,10.38
2026-09-23 15:00:49,23421.65,2026-09-29,23300.0,CE,196.45,196.45,196.8,864930,74005,-7026,8.1
2026-09-23 15:00:49,23421.65,2026-09-29,23300.0,PE,58.0,57.9,58.05,1576968,171215,64702,10.25
2026-09-23 15:00:49,23421.65,2026-09-29,23350.0,CE,161.35,161.4,161.75,1123420,38789,3106,8.21
2026-09-23 15:00:49,23421.65,2026-09-29,23350.0,PE,72.8,72.8,72.9,1652150,104752,75127,10.07
2026-09-23 15:00:49,23421.65,2026-09-29,23400.0,CE,130.45,130.2,130.45,2881742,148803,37683,8.17
2026-09-23 15:00:49,23421.65,2026-09-29,23400.0,PE,91.75,91.55,91.8,3208885,255704,161680,10.03
2026-09-23 15:00:49,23421.65,2026-09-29,23450.0,CE,103.0,102.8,103.0,2016554,92479,64681,8.22
2026-09-23 15:00:49,23421.65,2026-09-29,23450.0,PE,113.65,113.4,113.7,1573607,89658,76860,9.93
2026-09-23 15:00:49,23421.65,2026-09-29,23500.0,CE,79.3,79.2,79.3,2458469,197672,59526,8.21
2026-09-23 15:00:49,23421.65,2026-09-29,23500.0,PE,139.5,139.55,139.85,1252590,139146,47694,9.95
2026-09-23 15:00:49,23421.65,2026-09-29,23550.0,CE,59.0,59.0,59.15,1049309,63676,39935,8.18
2026-09-23 15:00:49,23421.65,2026-09-29,23550.0,PE,170.2,169.75,170.2,255388,15311,11084,10.02
2026-09-23 15:00:49,23421.65,2026-09-29,23600.0,CE,43.15,43.15,43.25,1333001,123758,58208,8.17
2026-09-23 15:00:49,23421.65,2026-09-29,23600.0,PE,203.9,203.85,204.2,308123,34859,14053,10.14
2026-09-23 15:00:49,23421.65,2026-09-29,23650.0,CE,31.35,31.25,31.35,753459,55460,26154,8.21
2026-09-23 15:00:49,23421.65,2026-09-29,23650.0,PE,243.0,241.65,242.3,56911,7007,2916,10.36
2026-09-23 15:00:49,23421.65,2026-09-29,23700.0,CE,22.5,22.5,22.55,986821,105722,25557,8.33
2026-09-23 15:00:49,23421.65,2026-09-29,23700.0,PE,283.15,282.7,283.45,71441,17991,2479,10.63
2026-09-23 15:00:49,23421.65,2026-09-29,23750.0,CE,16.1,16.1,16.15,438012,39564,12589,8.42
2026-09-23 15:00:49,23421.65,2026-09-29,23750.0,PE,326.55,326.05,326.95,11501,4212,778,11.02
2026-09-23 15:00:49,23421.65,2026-09-29,23800.0,CE,11.5,11.45,11.55,766479,132119,34212,8.58
2026-09-23 15:00:49,23421.65,2026-09-29,23800.0,PE,373.1,371.7,372.6,32145,24217,-1964,11.66
2026-09-23 15:00:49,23421.65,2026-09-29,23850.0,CE,8.5,8.45,8.5,366076,43594,21057,8.8
2026-09-23 15:00:49,23421.65,2026-09-29,23850.0,PE,421.45,418.25,419.55,2435,2106,220,12.25
2026-09-23 15:00:49,23421.65,2026-09-29,23900.0,CE,6.55,6.5,6.55,482771,100452,34770,9.07
2026-09-23 15:00:49,23421.65,2026-09-29,23900.0,PE,468.3,466.35,467.6,6383,15134,-447,13.06
2026-09-23 15:01:50,23426.6,2026-09-29,22950.0,CE,506.35,504.35,506.05,1821,639,478,
2026-09-23 15:01:50,23426.6,2026-09-29,22950.0,PE,12.05,12.0,12.05,224053,31970,18020,11.98
2026-09-23 15:01:50,23426.6,2026-09-29,23000.0,CE,457.2,456.75,458.0,34521,21775,219,
2026-09-23 15:01:50,23426.6,2026-09-29,23000.0,PE,14.9,14.85,14.95,759856,197995,51592,11.7
2026-09-23 15:01:50,23426.6,2026-09-29,23050.0,CE,403.95,410.1,411.25,4008,1428,704,
2026-09-23 15:01:50,23426.6,2026-09-29,23050.0,PE,17.85,17.85,17.95,267157,39655,25701,11.32
2026-09-23 15:01:50,23426.6,2026-09-29,23100.0,CE,364.4,364.5,365.5,41445,9852,3110,
2026-09-23 15:01:50,23426.6,2026-09-29,23100.0,PE,22.3,22.25,22.35,563891,71978,27486,11.05
2026-09-23 15:01:50,23426.6,2026-09-29,23150.0,CE,321.0,320.5,321.45,21927,4468,1876,6.62
2026-09-23 15:01:50,23426.6,2026-09-29,23150.0,PE,27.85,27.9,28.0,417578,39095,17011,10.8
2026-09-23 15:01:50,23426.6,2026-09-29,23200.0,CE,277.65,277.6,278.35,185813,25829,-133,7.28
2026-09-23 15:01:50,23426.6,2026-09-29,23200.0,PE,35.15,35.15,35.3,809221,111818,48132,10.58
2026-09-23 15:01:50,23426.6,2026-09-29,23250.0,CE,237.15,237.25,237.8,148946,17674,2588,7.64
2026-09-23 15:01:50,23426.6,2026-09-29,23250.0,PE,44.45,44.25,44.4,632234,75524,52308,10.36
2026-09-23 15:01:50,23426.6,2026-09-29,23300.0,CE,199.15,199.15,199.55,867521,73889,-7142,7.81
2026-09-23 15:01:50,23426.6,2026-09-29,23300.0,PE,56.65,56.5,56.7,1586411,170496,63983,10.25
2026-09-23 15:01:50,23426.6,2026-09-29,23350.0,CE,163.95,163.6,163.9,1125504,38092,2409,7.91
2026-09-23 15:01:50,23426.6,2026-09-29,23350.0,PE,71.25,71.25,71.45,1669053,102787,73162,10.11
2026-09-23 15:01:50,23426.6,2026-09-29,23400.0,CE,132.0,132.0,132.25,2891792,148184,37064,7.99
2026-09-23 15:01:50,23426.6,2026-09-29,23400.0,PE,89.35,89.35,89.6,3230643,253850,159826,10.06
2026-09-23 15:01:50,23426.6,2026-09-29,23450.0,CE,104.3,104.25,104.5,2025931,91805,64007,8.02
2026-09-23 15:01:50,23426.6,2026-09-29,23450.0,PE,110.9,110.9,111.2,1588775,87801,75003,10.01
2026-09-23 15:01:50,23426.6,2026-09-29,23500.0,CE,80.2,80.25,80.4,2469720,194910,56764,8.03
2026-09-23 15:01:50,23426.6,2026-09-29,23500.0,PE,136.65,136.6,136.9,1262269,137801,46349,10.01
2026-09-23 15:01:50,23426.6,2026-09-29,23550.0,CE,59.7,59.7,59.85,1055695,64522,40781,8.03
2026-09-23 15:01:50,23426.6,2026-09-29,23550.0,PE,166.35,166.45,166.85,256705,14897,10670,10.11
2026-09-23 15:01:50,23426.6,2026-09-29,23600.0,CE,43.75,43.75,43.85,1340018,122277,56727,8.05
2026-09-23 15:01:50,23426.6,2026-09-29,23600.0,PE,200.1,200.0,200.55,310109,33859,13053,10.25
2026-09-23 15:01:50,23426.6,2026-09-29,23650.0,CE,31.5,31.45,31.6,757471,55058,25752,8.11
2026-09-23 15:01:50,23426.6,2026-09-29,23650.0,PE,239.0,237.95,238.6,57290,6920,2829,10.68
2026-09-23 15:01:50,23426.6,2026-09-29,23700.0,CE,22.55,22.5,22.6,991991,107098,26933,8.22
2026-09-23 15:01:50,23426.6,2026-09-29,23700.0,PE,279.6,278.95,279.6,71942,17891,2379,11.01
2026-09-23 15:01:50,23426.6,2026-09-29,23750.0,CE,16.0,15.95,16.0,439316,39501,12526,8.35
2026-09-23 15:01:50,23426.6,2026-09-29,23750.0,PE,323.1,322.05,322.95,11605,4150,716,11.46
2026-09-23 15:01:50,23426.6,2026-09-29,23800.0,CE,11.3,11.25,11.3,776234,132612,34705,8.52
2026-09-23 15:01:50,23426.6,2026-09-29,23800.0,PE,368.4,367.65,368.45,32257,24270,-1911,12.18
2026-09-23 15:01:50,23426.6,2026-09-29,23850.0,CE,8.35,8.3,8.35,368161,43064,20527,8.76
2026-09-23 15:01:50,23426.6,2026-09-29,23850.0,PE,421.75,414.05,415.4,2449,2097,211,12.41
2026-09-23 15:01:50,23426.6,2026-09-29,23900.0,CE,6.4,6.35,6.4,487560,103288,37606,9.07
2026-09-23 15:01:50,23426.6,2026-09-29,23900.0,PE,463.3,462.1,463.55,6477,15132,-449,13.69
2026-09-23 15:01:50,23426.6,2026-09-29,23950.0,CE,5.15,5.1,5.15,237730,27054,7714,9.45
2026-09-23 15:01:50,23426.6,2026-09-29,23950.0,PE,515.55,510.85,512.6,818,2210,90,12.83
2026-09-23 15:02:50,23421.5,2026-09-29,22900.0,CE,551.9,550.85,552.65,4001,2332,507,
2026-09-23 15:02:50,23421.5,2026-09-29,22900.0,PE,10.0,9.95,10.05,348445,82646,39469,12.34
2026-09-23 15:02:50,23421.5,2026-09-29,22950.0,CE,505.7,503.3,505.05,1822,628,467,
2026-09-23 15:02:50,23421.5,2026-09-29,22950.0,PE,12.05,12.0,12.05,224103,31970,18020,11.98
2026-09-23 15:02:50,23421.5,2026-09-29,23000.0,CE,456.05,456.05,457.25,34582,21775,219,
2026-09-23 15:02:50,23421.5,2026-09-29,23000.0,PE,14.95,14.85,14.95,760621,197995,51592,11.7
2026-09-23 15:02:50,23421.5,2026-09-29,23050.0,CE,409.0,408.65,409.8,4010,1428,704,
2026-09-23 15:02:50,23421.5,2026-09-29,23050.0,PE,18.0,17.95,18.05,267545,39655,25701,11.32
2026-09-23 15:02:50,23421.5,2026-09-29,23100.0,CE,363.05,363.5,364.5,41515,9852,3110,
2026-09-23 15:02:50,23421.5,2026-09-29,23100.0,PE,22.45,22.4,22.5,564336,71978,27486,11.05
2026-09-23 15:02:50,23421.5,2026-09-29,23150.0,CE,319.8,320.1,320.8,21936,4468,1876,6.62
2026-09-23 15:02:50,23421.5,2026-09-29,23150.0,PE,28.05,28.0,28.05,417913,39095,17011,10.8
2026-09-23 15:02:50,23421.5,2026-09-29,23200.0,CE,277.0,276.85,277.05,185962,25829,-133,7.28
2026-09-23 15:02:50,23421.5,2026-09-29,23200.0,PE,35.55,35.4,35.5,810372,111818,48132,10.58
2026-09-23 15:02:50,23421.5,2026-09-29,23250.0,CE,236.5,236.45,237.0,149098,17674,2588,7.64
2026-09-23 15:02:50,23421.5,2026-09-29,23250.0,PE,44.65,44.65,44.8,633601,75524,52308,10.36
2026-09-23 15:02:50,23421.5,2026-09-29,23300.0,CE,198.85,198.4,198.85,868445,73889,-7142,7.81
2026-09-23 15:02:50,23421.5,2026-09-29,23300.0,PE,57.05,56.9,57.05,1588069,170496,63983,10.25
2026-09-23 15:02:50,23421.5,2026-09-29,23350.0,CE,163.55,163.25,163.6,1126161,38092,2409,7.91
2026-09-23 15:02:50,23421.5,2026-09-29,23350.0,PE,71.8,71.6,71.8,1671693,102787,73162,10.11
2026-09-23 15:02:50,23421.5,2026-09-29,23400.0,CE,132.0,131.65,132.0,2893733,148184,37064,7.99
2026-09-23 15:02:50,23421.5,2026-09-29,23400.0,PE,90.0,89.9,90.0,3235106,253850,159826,10.06
2026-09-23 15:02:50,23421.5,2026-09-29,23450.0,CE,104.05,103.85,104.1,2027901,91805,64007,8.02
2026-09-23 15:02:50,23421.5,2026-09-29,23450.0,PE,111.85,111.55,111.85,1591766,87801,75003,10.01
2026-09-23 15:02:50,23421.5,2026-09-29,23500.0,CE,79.95,80.0,80.15,2472252,194910,56764,8.03
2026-09-23 15:02:50,23421.5,2026-09-29,23500.0,PE,137.4,137.35,137.4,1264248,137801,46349,10.01
2026-09-23 15:02:50,23421.5,2026-09-29,23550.0,CE,59.45,59.3,59.45,1056786,64522,40781,8.03
2026-09-23 15:02:50,23421.5,2026-09-29,23550.0,PE,167.5,167.2,167.65,257178,14897,10670,10.11
2026-09-23 15:02:50,23421.5,2026-09-29,23600.0,CE,43.5,43.45,43.55,1341064,122277,56727,8.05
2026-09-23 15:02:50,23421.5,2026-09-29,23600.0,PE,201.5,201.05,201.5,310427,33859,13053,10.25
2026-09-23 15:02:50,23421.5,2026-09-29,23650.0,CE,31.35,31.25,31.35,757971,55058,25752,8.11
2026-09-23 15:02:50,23421.5,2026-09-29,23650.0,PE,239.35,238.75,239.4,57390,6920,2829,10.68
2026-09-23 15:02:50,23421.5,2026-09-29,23700.0,CE,22.4,22.3,22.4,993495,107098,26933,8.22
2026-09-23 15:02:50,23421.5,2026-09-29,23700.0,PE,280.55,279.6,280.4,72117,17891,2379,11.01
2026-09-23 15:02:50,23421.5,2026-09-29,23750.0,CE,15.8,15.75,15.8,439517,39501,12526,8.35
2026-09-23 15:02:50,23421.5,2026-09-29,23750.0,PE,323.45,323.35,324.35,11618,4150,716,11.46
2026-09-23 15:02:50,23421.5,2026-09-29,23800.0,CE,11.2,11.2,11.25,777830,132612,34705,8.52
2026-09-23 15:02:50,23421.5,2026-09-29,23800.0,PE,369.3,368.55,369.45,32275,24270,-1911,12.18
2026-09-23 15:02:50,23421.5,2026-09-29,23850.0,CE,8.25,8.2,8.25,368733,43064,20527,8.76
2026-09-23 15:02:50,23421.5,2026-09-29,23850.0,PE,414.6,415.5,417.1,2450,2097,211,12.41
2026-09-23 15:02:50,23421.5,2026-09-29,23900.0,CE,6.35,6.3,6.35,487893,103288,37606,9.07
2026-09-23 15:02:50,23421.5,2026-09-29,23900.0,PE,463.3,463.2,464.8,6477,15132,-449,13.69
2026-09-23 15:03:50,23410.65,2026-09-29,22900.0,CE,545.15,543.75,545.45,4006,2331,506,
2026-09-23 15:03:50,23410.65,2026-09-29,22900.0,PE,10.25,10.25,10.3,349682,82520,39343,12.34
2026-09-23 15:03:50,23410.65,2026-09-29,22950.0,CE,496.0,495.65,497.15,1825,639,478,
2026-09-23 15:03:50,23410.65,2026-09-29,22950.0,PE,12.4,12.35,12.4,224640,31974,18024,11.98
2026-09-23 15:03:50,23410.65,2026-09-29,23000.0,CE,450.0,448.7,449.85,34834,21734,178,
2026-09-23 15:03:50,23410.65,2026-09-29,23000.0,PE,15.4,15.35,15.45,763949,197856,51453,11.7
2026-09-23 15:03:50,23410.65,2026-09-29,23050.0,CE,402.0,401.8,402.75,4039,1419,695,
2026-09-23 15:03:50,23410.65,2026-09-29,23050.0,PE,18.55,18.5,18.6,268849,39660,25706,11.32
2026-09-23 15:03:50,23410.65,2026-09-29,23100.0,CE,356.4,356.4,357.35,41824,9842,3100,
2026-09-23 15:03:50,23410.65,2026-09-29,23100.0,PE,23.3,23.2,23.3,565896,71323,26831,11.05
2026-09-23 15:03:50,23410.65,2026-09-29,23150.0,CE,312.9,312.95,313.55,22003,4456,1864,6.62
2026-09-23 15:03:50,23410.65,2026-09-29,23150.0,PE,29.2,29.0,29.1,420136,38954,16870,10.8
2026-09-23 15:03:50,23410.65,2026-09-29,23200.0,CE,270.9,270.15,270.85,186760,25760,-202,7.28
2026-09-23 15:03:50,23410.65,2026-09-29,23200.0,PE,36.85,36.7,36.8,813629,111521,47835,10.58
2026-09-23 15:03:50,23410.65,2026-09-29,23250.0,CE,230.45,230.25,230.8,149519,17643,2557,7.64
2026-09-23 15:03:50,23410.65,2026-09-29,23250.0,PE,46.45,46.25,46.45,637390,74626,51410,10.36
2026-09-23 15:03:50,23410.65,2026-09-29,23300.0,CE,192.95,192.6,192.95,871034,73995,-7036,7.81
2026-09-23 15:03:50,23410.65,2026-09-29,23300.0,PE,59.0,59.0,59.2,1596593,169810,63297,10.25
2026-09-23 15:03:50,23410.65,2026-09-29,23350.0,CE,158.25,157.8,158.2,1128495,37944,2261,7.91
2026-09-23 15:03:50,23410.65,2026-09-29,23350.0,PE,74.15,74.15,74.4,1680116,100505,70880,10.11
2026-09-23 15:03:50,23410.65,2026-09-29,23400.0,CE,127.3,127.0,127.3,2903694,148436,37316,7.99
2026-09-23 15:03:50,23410.65,2026-09-29,23400.0,PE,93.0,93.0,93.15,3255188,251044,157020,10.06
2026-09-23 15:03:50,23410.65,2026-09-29,23450.0,CE,99.75,99.75,99.85,2037993,92041,64243,8.02
2026-09-23 15:03:50,23410.65,2026-09-29,23450.0,PE,115.6,115.45,115.65,1605334,86990,74192,10.01
2026-09-23 15:03:50,23410.65,2026-09-29,23500.0,CE,76.6,76.45,76.65,2486344,195769,57623,8.03
2026-09-23 15:03:50,23410.65,2026-09-29,23500.0,PE,141.85,141.85,141.9,1272956,136502,45050,10.01
2026-09-23 15:03:50,23410.65,2026-09-29,23550.0,CE,56.5,56.5,56.6,1062414,65886,42145,8.03
2026-09-23 15:03:50,23410.65,2026-09-29,23550.0,PE,172.65,172.3,172.7,258781,14869,10642,10.11
2026-09-23 15:03:50,23410.65,2026-09-29,23600.0,CE,41.15,41.15,41.3,1350649,122015,56465,8.05
2026-09-23 15:03:50,23410.65,2026-09-29,23600.0,PE,207.15,206.55,207.1,313010,33485,12679,10.25
2026-09-23 15:03:50,23410.65,2026-09-29,23650.0,CE,29.55,29.55,29.6,762377,55436,26130,8.11
2026-09-23 15:03:50,23410.65,2026-09-29,23650.0,PE,245.7,245.0,245.65,57720,6888,2797,10.68
2026-09-23 15:03:50,23410.65,2026-09-29,23700.0,CE,21.05,21.05,21.15,1000600,108448,28283,8.22
2026-09-23 15:03:50,23410.65,2026-09-29,23700.0,PE,286.8,286.0,286.85,72826,17768,2256,11.01
2026-09-23 15:03:50,23410.65,2026-09-29,23750.0,CE,14.95,14.95,15.0,441892,39680,12705,8.35
2026-09-23 15:03:50,23410.65,2026-09-29,23750.0,PE,330.55,329.55,330.4,11671,4148,714,11.46
2026-09-23 15:03:50,23410.65,2026-09-29,23800.0,CE,10.55,10.5,10.55,783166,131360,33453,8.52
2026-09-23 15:03:50,23410.65,2026-09-29,23800.0,PE,376.15,375.7,376.7,32404,24270,-1911,12.18
2026-09-23 15:03:50,23410.65,2026-09-29,23850.0,CE,7.8,7.75,7.8,370952,42715,20178,8.76
2026-09-23 15:03:50,23410.65,2026-09-29,23850.0,PE,424.2,422.0,423.55,2464,2097,211,12.41
2026-09-23 15:03:50,23410.65,2026-09-29,23900.0,CE,5.95,5.95,6.0,497181,103230,37548,9.07
2026-09-23 15:03:50,23410.65,2026-09-29,23900.0,PE,472.75,470.7,472.0,6518,15136,-445,13.69
2026-09-23 15:04:50,23409.15,2026-09-29,22900.0,CE,546.0,541.9,543.95,4007,2331,506,
2026-09-23 15:04:50,23409.15,2026-09-29,22900.0,PE,10.35,10.3,10.4,349892,82148,38971,12.34
2026-09-23 15:04:50,23409.15,2026-09-29,22950.0,CE,497.45,493.95,495.7,1826,639,478,
2026-09-23 15:04:50,23409.15,2026-09-29,22950.0,PE,12.45,12.4,12.5,224955,31930,17980,11.98
2026-09-23 15:04:50,23409.15,2026-09-29,23000.0,CE,448.45,446.9,448.2,34920,21648,92,
2026-09-23 15:04:50,23409.15,2026-09-29,23000.0,PE,15.5,15.45,15.5,767327,197006,50603,11.7
2026-09-23 15:04:50,23409.15,2026-09-29,23050.0,CE,401.0,400.65,401.65,4043,1392,668,
2026-09-23 15:04:50,23409.15,2026-09-29,23050.0,PE,18.7,18.65,18.7,271803,39242,25288,11.32
2026-09-23 15:04:50,23409.15,2026-09-29,23100.0,CE,355.55,354.9,355.9,41908,9821,3079,
2026-09-23 15:04:50,23409.15,2026-09-29,23100.0,PE,23.35,23.35,23.45,566942,71334,26842,11.05
2026-09-23 15:04:50,23409.15,2026-09-29,23150.0,CE,312.15,311.3,312.2,22018,4441,1849,6.62
2026-09-23 15:04:50,23409.15,2026-09-29,23150.0,PE,29.35,29.25,29.35,421138,38737,16653,10.8
2026-09-23 15:04:50,23409.15,2026-09-29,23200.0,CE,269.3,268.65,269.4,186979,25619,-343,7.28
2026-09-23 15:04:50,23409.15,2026-09-29,23200.0,PE,36.9,36.9,37.05,814988,111772,48086,10.58
2026-09-23 15:04:50,23409.15,2026-09-29,23250.0,CE,229.05,228.95,229.55,149756,17573,2487,7.64
2026-09-23 15:04:50,23409.15,2026-09-29,23250.0,PE,46.6,46.55,46.6,638559,74119,50903,10.36
2026-09-23 15:04:50,23409.15,2026-09-29,23300.0,CE,191.25,191.15,191.6,872107,73507,-7524,7.81
2026-09-23 15:04:50,23409.15,2026-09-29,23300.0,PE,59.35,59.3,59.45,1599726,168621,62108,10.25
2026-09-23 15:04:50,23409.15,2026-09-29,23350.0,CE,156.95,156.4,156.75,1129986,37991,2308,7.91
2026-09-23 15:04:50,23409.15,2026-09-29,23350.0,PE,74.45,74.55,74.65,1683547,99711,70086,10.11
2026-09-23 15:04:50,23409.15,2026-09-29,23400.0,CE,125.75,125.9,126.1,2907676,147649,36529,7.99
2026-09-23 15:04:50,23409.15,2026-09-29,23400.0,PE,93.75,93.5,93.75,3265094,248243,154219,10.06
2026-09-23 15:04:50,23409.15,2026-09-29,23450.0,CE,98.8,98.6,98.8,2041404,90422,62624,8.02
2026-09-23 15:04:50,23409.15,2026-09-29,23450.0,PE,116.15,115.95,116.1,1609987,86372,73574,10.01
2026-09-23 15:04:50,23409.15,2026-09-29,23500.0,CE,75.4,75.4,75.6,2492567,196153,58007,8.03
2026-09-23 15:04:50,23409.15,2026-09-29,23500.0,PE,142.75,142.45,142.75,1276402,136544,45092,10.01
2026-09-23 15:04:50,23409.15,2026-09-29,23550.0,CE,55.85,55.75,55.9,1063842,65973,42232,8.03
2026-09-23 15:04:50,23409.15,2026-09-29,23550.0,PE,173.6,173.15,173.6,259249,14760,10533,10.11
2026-09-23 15:04:50,23409.15,2026-09-29,23600.0,CE,40.55,40.55,40.7,1354080,120241,54691,8.05
2026-09-23 15:04:50,23409.15,2026-09-29,23600.0,PE,207.5,207.3,207.8,313676,33122,12316,10.25
2026-09-23 15:04:50,23409.15,2026-09-29,23650.0,CE,29.0,29.0,29.1,763477,54435,25129,8.11
2026-09-23 15:04:50,23409.15,2026-09-29,23650.0,PE,246.65,246.1,246.65,57851,6822,2731,10.68
2026-09-23 15:04:50,23409.15,2026-09-29,23700.0,CE,20.75,20.7,20.75,1002164,108746,28581,8.22
2026-09-23 15:04:50,23409.15,2026-09-29,23700.0,PE,287.35,287.6,288.4,73092,17696,2184,11.01
2026-09-23 15:04:50,23409.15,2026-09-29,23750.0,CE,14.65,14.65,14.7,442642,39540,12565,8.35
2026-09-23 15:04:50,23409.15,2026-09-29,23750.0,PE,332.0,330.8,331.75,11720,4158,724,11.46
2026-09-23 15:04:50,23409.15,2026-09-29,23800.0,CE,10.35,10.35,10.4,784762,131702,33795,8.52
2026-09-23 15:04:50,23409.15,2026-09-29,23800.0,PE,377.95,377.2,378.15,32458,24231,-1950,12.18
2026-09-23 15:04:50,23409.15,2026-09-29,23850.0,CE,7.65,7.65,7.7,371552,42598,20061,8.76
2026-09-23 15:04:50,23409.15,2026-09-29,23850.0,PE,425.1,423.6,425.0,2467,2090,204,12.41
2026-09-23 15:04:50,23409.15,2026-09-29,23900.0,CE,5.9,5.9,5.95,498548,103266,37584,9.07
2026-09-23 15:04:50,23409.15,2026-09-29,23900.0,PE,472.9,471.4,472.75,6526,15137,-444,13.69
2026-09-23 15:05:50,23415.85,2026-09-29,22900.0,CE,542.85,541.45,543.35,4008,2331,506,
2026-09-23 15:05:50,23415.85,2026-09-29,22900.0,PE,10.25,10.2,10.25,350587,81320,38143,12.34
2026-09-23 15:05:50,23415.85,2026-09-29,22950.0,CE,497.45,493.45,495.25,1826,641,480,
2026-09-23 15:05:50,23415.85,2026-09-29,22950.0,PE,12.3,12.3,12.4,225157,31787,17837,11.98
2026-09-23 15:05:50,23415.85,2026-09-29,23000.0,CE,446.5,446.4,448.05,34949,21657,101,
2026-09-23 15:05:50,23415.85,2026-09-29,23000.0,PE,15.45,15.35,15.4,769277,199348,52945,11.7
2026-09-23 15:05:50,23415.85,2026-09-29,23050.0,CE,399.4,399.85,401.1,4045,1388,664,
2026-09-23 15:05:50,23415.85,2026-09-29,23050.0,PE,18.65,18.6,18.65,273097,32844,18890,11.32
2026-09-23 15:05:50,23415.85,2026-09-29,23100.0,CE,355.75,354.2,355.2,41944,9796,3054,
2026-09-23 15:05:50,23415.85,2026-09-29,23100.0,PE,23.35,23.3,23.4,567322,71380,26888,11.05
2026-09-23 15:05:50,23415.85,2026-09-29,23150.0,CE,311.15,310.8,311.65,22022,4421,1829,6.62
2026-09-23 15:05:50,23415.85,2026-09-29,23150.0,PE,29.3,29.2,29.35,421594,38363,16279,10.8
2026-09-23 15:05:50,23415.85,2026-09-29,23200.0,CE,268.7,268.15,268.85,187155,25517,-445,7.28
2026-09-23 15:05:50,23415.85,2026-09-29,23200.0,PE,36.9,36.9,37.05,816263,110313,46627,10.58
2026-09-23 15:05:50,23415.85,2026-09-29,23250.0,CE,228.85,228.05,228.65,149860,17517,2431,7.64
2026-09-23 15:05:50,23415.85,2026-09-29,23250.0,PE,46.6,46.6,46.75,639635,73022,49806,10.36
2026-09-23 15:05:50,23415.85,2026-09-29,23300.0,CE,190.65,190.6,191.05,872417,73872,-7159,7.81
2026-09-23 15:05:50,23415.85,2026-09-29,23300.0,PE,59.45,59.35,59.45,1601347,168037,61524,10.25
2026-09-23 15:05:50,23415.85,2026-09-29,23350.0,CE,156.35,155.95,156.35,1130443,37785,2102,7.91
2026-09-23 15:05:50,23415.85,2026-09-29,23350.0,PE,74.8,74.7,74.85,1685292,99497,69872,10.11
2026-09-23 15:05:50,23415.85,2026-09-29,23400.0,CE,125.3,125.0,125.25,2909876,149153,38033,7.99
2026-09-23 15:05:50,23415.85,2026-09-29,23400.0,PE,93.8,93.6,93.8,3270204,246456,152432,10.06
2026-09-23 15:05:50,23415.85,2026-09-29,23450.0,CE,98.2,98.15,98.4,2043189,90426,62628,8.02
2026-09-23 15:05:50,23415.85,2026-09-29,23450.0,PE,116.35,116.1,116.35,1614965,84169,71371,10.01
2026-09-23 15:05:50,23415.85,2026-09-29,23500.0,CE,75.1,75.15,75.3,2495037,195376,57230,8.03
2026-09-23 15:05:50,23415.85,2026-09-29,23500.0,PE,142.75,142.5,142.85,1278512,135939,44487,10.01
2026-09-23 15:05:50,23415.85,2026-09-29,23550.0,CE,55.6,55.5,55.6,1064867,66839,43098,8.03
2026-09-23 15:05:50,23415.85,2026-09-29,23550.0,PE,173.5,173.45,173.8,259542,14590,10363,10.11
2026-09-23 15:05:50,23415.85,2026-09-29,23600.0,CE,40.3,40.25,40.35,1356128,119973,54423,8.05
2026-09-23 15:05:50,23415.85,2026-09-29,23600.0,PE,208.1,207.9,208.45,314294,33036,12230,10.25
2026-09-23 15:05:50,23415.85,2026-09-29,23650.0,CE,28.9,28.9,29.05,764162,54664,25358,8.11
2026-09-23 15:05:50,23415.85,2026-09-29,23650.0,PE,246.45,246.35,247.05,57892,6706,2615,10.68
2026-09-23 15:05:50,23415.85,2026-09-29,23700.0,CE,20.6,20.55,20.65,1003418,108502,28337,8.22
2026-09-23 15:05:50,23415.85,2026-09-29,23700.0,PE,287.7,288.2,288.95,73294,17603,2091,11.01
2026-09-23 15:05:50,23415.85,2026-09-29,23750.0,CE,14.55,14.6,14.7,442864,39412,12437,8.35
2026-09-23 15:05:50,23415.85,2026-09-29,23750.0,PE,332.55,332.0,332.95,11732,4125,691,11.46
2026-09-23 15:05:50,23415.85,2026-09-29,23800.0,CE,10.4,10.3,10.4,785568,131900,33993,8.52
2026-09-23 15:05:50,23415.85,2026-09-29,23800.0,PE,377.9,377.8,378.9,32473,24171,-2010,12.18
2026-09-23 15:05:50,23415.85,2026-09-29,23850.0,CE,7.6,7.6,7.65,371829,42474,19937,8.76
2026-09-23 15:05:50,23415.85,2026-09-29,23850.0,PE,426.3,424.5,425.95,2471,2086,200,12.41
2026-09-23 15:05:50,23415.85,2026-09-29,23900.0,CE,5.85,5.85,5.9,498913,103959,38277,9.07
2026-09-23 15:05:50,23415.85,2026-09-29,23900.0,PE,473.0,472.55,473.85,6540,15126,-455,13.69
2026-09-23 15:06:50,23417.4,2026-09-29,22900.0,CE,543.55,545.45,547.2,4012,2331,506,
2026-09-23 15:06:50,23417.4,2026-09-29,22900.0,PE,10.0,9.95,10.0,352994,81320,38143,12.34
2026-09-23 15:06:50,23417.4,2026-09-29,22950.0,CE,496.75,497.35,499.3,1831,639,478,
2026-09-23 15:06:50,23417.4,2026-09-29,22950.0,PE,11.95,11.95,12.05,226576,31787,17837,11.98
2026-09-23 15:06:50,23417.4,2026-09-29,23000.0,CE,450.0,450.15,451.6,35017,21657,101,
2026-09-23 15:06:50,23417.4,2026-09-29,23000.0,PE,14.85,14.9,14.95,776212,199348,52945,11.7
2026-09-23 15:06:50,23417.4,2026-09-29,23050.0,CE,402.05,403.6,404.6,4080,1367,643,
2026-09-23 15:06:50,23417.4,2026-09-29,23050.0,PE,18.2,18.15,18.2,282419,32844,18890,11.32
2026-09-23 15:06:50,23417.4,2026-09-29,23100.0,CE,359.0,357.95,358.85,42025,9796,3054,
2026-09-23 15:06:50,23417.4,2026-09-29,23100.0,PE,22.55,22.55,22.6,569555,71380,26888,11.05
2026-09-23 15:06:50,23417.4,2026-09-29,23150.0,CE,314.3,314.05,314.85,22080,4421,1829,6.62
2026-09-23 15:06:50,23417.4,2026-09-29,23150.0,PE,28.45,28.4,28.45,423051,38363,16279,10.8
2026-09-23 15:06:50,23417.4,2026-09-29,23200.0,CE,271.55,271.6,271.95,187580,25517,-445,7.28
2026-09-23 15:06:50,23417.4,2026-09-29,23200.0,PE,35.75,35.8,35.9,820083,110313,46627,10.58
2026-09-23 15:06:50,23417.4,2026-09-29,23250.0,CE,230.95,231.1,231.7,150107,17517,2431,7.64
2026-09-23 15:06:50,23417.4,2026-09-29,23250.0,PE,45.15,45.15,45.25,642666,73022,49806,10.36
2026-09-23 15:06:50,23417.4,2026-09-29,23300.0,CE,194.0,193.35,193.7,873925,73872,-7159,7.81
2026-09-23 15:06:50,23417.4,2026-09-29,23300.0,PE,57.55,57.6,57.75,1607053,168037,61524,10.25
2026-09-23 15:06:50,23417.4,2026-09-29,23350.0,CE,158.65,158.4,158.6,1131863,37785,2102,7.91
2026-09-23 15:06:50,23417.4,2026-09-29,23350.0,PE,72.85,72.65,72.85,1690661,99497,69872,10.11
2026-09-23 15:06:50,23417.4,2026-09-29,23400.0,CE,127.05,127.1,127.4,2915765,149153,38033,7.99
2026-09-23 15:06:50,23417.4,2026-09-29,23400.0,PE,91.55,91.3,91.55,3285797,246456,152432,10.06
2026-09-23 15:06:50,23417.4,2026-09-29,23450.0,CE,99.9,99.8,100.0,2048519,90426,62628,8.02
2026-09-23 15:06:50,23417.4,2026-09-29,23450.0,PE,113.35,113.4,113.7,1622489,84169,71371,10.01
2026-09-23 15:06:50,23417.4,2026-09-29,23500.0,CE,76.5,76.3,76.5,2501743,195376,57230,8.03
2026-09-23 15:06:50,23417.4,2026-09-29,23500.0,PE,139.8,139.75,139.95,1284489,135939,44487,10.01
2026-09-23 15:06:50,23417.4,2026-09-29,23550.0,CE,56.65,56.65,56.8,1067761,66839,43098,8.03
2026-09-23 15:06:50,23417.4,2026-09-29,23550.0,PE,170.15,170.05,170.4,260760,14590,10363,10.11
2026-09-23 15:06:50,23417.4,2026-09-29,23600.0,CE,41.05,41.05,41.2,1359967,119973,54423,8.05
2026-09-23 15:06:50,23417.4,2026-09-29,23600.0,PE,204.8,204.2,204.75,315558,33036,12230,10.25
2026-09-23 15:06:50,23417.4,2026-09-29,23650.0,CE,29.5,29.45,29.55,765886,54664,25358,8.11
2026-09-23 15:06:50,23417.4,2026-09-29,23650.0,PE,243.25,242.45,242.9,58093,6706,2615,10.68
2026-09-23 15:06:50,23417.4,2026-09-29,23700.0,CE,20.95,20.95,21.05,1007081,108502,28337,8.22
2026-09-23 15:06:50,23417.4,2026-09-29,23700.0,PE,284.55,284.05,284.75,73810,17603,2091,11.01
2026-09-23 15:06:50,23417.4,2026-09-29,23750.0,CE,14.9,14.85,14.95,444153,39412,12437,8.35
2026-09-23 15:06:50,23417.4,2026-09-29,23750.0,PE,328.3,327.85,328.7,11803,4125,691,11.46
2026-09-23 15:06:50,23417.4,2026-09-29,23800.0,CE,10.55,10.5,10.55,789112,131900,33993,8.52
2026-09-23 15:06:50,23417.4,2026-09-29,23800.0,PE,374.55,373.65,374.65,32575,24171,-2010,12.18
2026-09-23 15:06:50,23417.4,2026-09-29,23850.0,CE,7.7,7.7,7.75,373052,42474,19937,8.76
2026-09-23 15:06:50,23417.4,2026-09-29,23850.0,PE,422.05,420.2,422.05,2479,2086,200,12.41
2026-09-23 15:06:50,23417.4,2026-09-29,23900.0,CE,5.95,5.95,6.0,500503,103959,38277,9.07
2026-09-23 15:06:50,23417.4,2026-09-29,23900.0,PE,469.35,468.55,470.0,6566,15126,-455,13.69
2026-09-23 15:07:51,23420.45,2026-09-29,22900.0,CE,551.75,551.6,553.45,4013,2333,508,
2026-09-23 15:07:51,23420.45,2026-09-29,22900.0,PE,9.45,9.45,9.5,355946,79960,36783,12.34
2026-09-23 15:07:51,23420.45,2026-09-29,22950.0,CE,500.9,504.3,506.1,1832,639,478,
2026-09-23 15:07:51,23420.45,2026-09-29,22950.0,PE,11.45,11.4,11.45,227572,31616,17666,11.98
2026-09-23 15:07:51,23420.45,2026-09-29,23000.0,CE,456.0,456.15,457.4,35071,21634,78,
2026-09-23 15:07:51,23420.45,2026-09-29,23000.0,PE,14.15,14.1,14.15,783558,200309,53906,11.7
2026-09-23 15:07:51,23420.45,2026-09-29,23050.0,CE,409.0,409.45,410.5,4111,1354,630,
2026-09-23 15:07:51,23420.45,2026-09-29,23050.0,PE,17.2,17.15,17.2,287142,31580,17626,11.32
2026-09-23 15:07:51,23420.45,2026-09-29,23100.0,CE,364.05,364.0,365.0,42212,9861,3119,
2026-09-23 15:07:51,23420.45,2026-09-29,23100.0,PE,21.35,21.35,21.4,572375,70884,26392,11.05
2026-09-23 15:07:51,23420.45,2026-09-29,23150.0,CE,320.5,319.85,320.5,22153,4382,1790,6.62
2026-09-23 15:07:51,23420.45,2026-09-29,23150.0,PE,26.95,26.85,26.9,425840,38170,16086,10.8
2026-09-23 15:07:51,23420.45,2026-09-29,23200.0,CE,276.75,276.6,277.15,188348,25253,-709,7.28
2026-09-23 15:07:51,23420.45,2026-09-29,23200.0,PE,33.95,34.0,34.1,824960,109585,45899,10.58
2026-09-23 15:07:51,23420.45,2026-09-29,23250.0,CE,236.6,236.05,236.65,150842,17344,2258,7.64
2026-09-23 15:07:51,23420.45,2026-09-29,23250.0,PE,43.1,43.0,43.1,647124,71621,48405,10.36
2026-09-23 15:07:51,23420.45,2026-09-29,23300.0,CE,197.75,197.75,198.0,876694,73297,-7734,7.81
2026-09-23 15:07:51,23420.45,2026-09-29,23300.0,PE,55.0,55.0,55.2,1615390,167161,60648,10.25
2026-09-23 15:07:51,23420.45,2026-09-29,23350.0,CE,162.15,162.1,162.55,1134091,37489,1806,7.91
2026-09-23 15:07:51,23420.45,2026-09-29,23350.0,PE,69.6,69.6,69.8,1698190,98205,68580,10.11
2026-09-23 15:07:51,23420.45,2026-09-29,23400.0,CE,130.4,130.4,130.8,2925562,149007,37887,7.99
2026-09-23 15:07:51,23420.45,2026-09-29,23400.0,PE,87.7,87.7,87.95,3306402,241486,147462,10.06
2026-09-23 15:07:51,23420.45,2026-09-29,23450.0,CE,103.0,102.8,103.0,2057469,89032,61234,8.02
2026-09-23 15:07:51,23420.45,2026-09-29,23450.0,PE,109.0,109.0,109.3,1634431,82890,70092,10.01
2026-09-23 15:07:51,23420.45,2026-09-29,23500.0,CE,78.95,78.8,79.0,2509810,195369,57223,8.03
2026-09-23 15:07:51,23420.45,2026-09-29,23500.0,PE,135.4,135.1,135.4,1291646,134975,43523,10.01
2026-09-23 15:07:51,23420.45,2026-09-29,23550.0,CE,58.4,58.4,58.55,1071757,67258,43517,8.03
2026-09-23 15:07:51,23420.45,2026-09-29,23550.0,PE,165.35,165.0,165.4,262433,14530,10303,10.11
2026-09-23 15:07:51,23420.45,2026-09-29,23600.0,CE,42.6,42.55,42.7,1365316,120123,54573,8.05
2026-09-23 15:07:51,23420.45,2026-09-29,23600.0,PE,198.65,198.65,199.15,317924,32549,11743,10.25
2026-09-23 15:07:51,23420.45,2026-09-29,23650.0,CE,30.65,30.55,30.65,770540,55223,25917,8.11
2026-09-23 15:07:51,23420.45,2026-09-29,23650.0,PE,236.8,236.6,237.2,58486,6563,2472,10.68
2026-09-23 15:07:51,23420.45,2026-09-29,23700.0,CE,21.8,21.75,21.85,1011099,109315,29150,8.22
2026-09-23 15:07:51,23420.45,2026-09-29,23700.0,PE,278.65,277.9,278.75,74278,17520,2008,11.01
2026-09-23 15:07:51,23420.45,2026-09-29,23750.0,CE,15.35,15.35,15.4,445527,39599,12624,8.35
2026-09-23 15:07:51,23420.45,2026-09-29,23750.0,PE,322.05,321.45,322.4,11872,4095,661,11.46
2026-09-23 15:07:51,23420.45,2026-09-29,23800.0,CE,10.95,10.85,10.95,791443,131874,33967,8.52
2026-09-23 15:07:51,23420.45,2026-09-29,23800.0,PE,367.55,366.55,367.6,32705,24151,-2030,12.18
2026-09-23 15:07:51,23420.45,2026-09-29,23850.0,CE,8.0,7.95,8.0,374577,42464,19927,8.76
2026-09-23 15:07:51,23420.45,2026-09-29,23850.0,PE,414.95,413.8,415.25,2492,2081,195,12.41
2026-09-23 15:07:51,23420.45,2026-09-29,23900.0,CE,6.1,6.05,6.1,504113,104876,39194,9.07
2026-09-23 15:07:51,23420.45,2026-09-29,23900.0,PE,463.65,461.45,463.0,6608,15112,-469,13.69
2026-09-23 15:08:51,23419.1,2026-09-29,22900.0,CE,552.6,551.25,553.05,4020,2328,503,
2026-09-23 15:08:51,23419.1,2026-09-29,22900.0,PE,9.65,9.65,9.75,359918,78463,35286,12.34
2026-09-23 15:08:51,23419.1,2026-09-29,22950.0,CE,504.75,503.5,505.2,1833,639,478,
2026-09-23 15:08:51,23419.1,2026-09-29,22950.0,PE,11.75,11.7,11.75,230082,30524,16574,11.98
2026-09-23 15:08:51,23419.1,2026-09-29,23000.0,CE,456.0,456.05,457.3,35179,21588,32,
2026-09-23 15:08:51,23419.1,2026-09-29,23000.0,PE,14.35,14.35,14.4,788639,200491,54088,11.7
2026-09-23 15:08:51,23419.1,2026-09-29,23050.0,CE,409.0,409.2,410.3,4137,1328,604,
2026-09-23 15:08:51,23419.1,2026-09-29,23050.0,PE,17.45,17.45,17.55,288577,30188,16234,11.32
2026-09-23 15:08:51,23419.1,2026-09-29,23100.0,CE,363.15,363.55,364.65,42298,9832,3090,
2026-09-23 15:08:51,23419.1,2026-09-29,23100.0,PE,21.85,21.75,21.85,574632,70517,26025,11.05
2026-09-23 15:08:51,23419.1,2026-09-29,23150.0,CE,320.1,319.6,320.4,22264,4328,1736,6.62
2026-09-23 15:08:51,23419.1,2026-09-29,23150.0,PE,27.3,27.3,27.4,427370,38086,16002,10.8
2026-09-23 15:08:51,23419.1,2026-09-29,23200.0,CE,277.3,276.55,277.35,188871,25242,-720,7.28
2026-09-23 15:08:51,23419.1,2026-09-29,23200.0,PE,34.6,34.6,34.7,827928,108943,45257,10.58
2026-09-23 15:08:51,23419.1,2026-09-29,23250.0,CE,235.85,235.85,236.5,151468,17223,2137,7.64
2026-09-23 15:08:51,23419.1,2026-09-29,23250.0,PE,43.9,43.75,43.85,650960,70451,47235,10.36
2026-09-23 15:08:51,23419.1,2026-09-29,23300.0,CE,197.9,197.9,198.3,878951,73075,-7956,7.81
2026-09-23 15:08:51,23419.1,2026-09-29,23300.0,PE,55.95,55.8,55.95,1620947,165803,59290,10.25
2026-09-23 15:08:51,23419.1,2026-09-29,23350.0,CE,163.0,162.65,163.0,1136206,37391,1708,7.91
2026-09-23 15:08:51,23419.1,2026-09-29,23350.0,PE,70.55,70.35,70.55,1703764,97141,67516,10.11
2026-09-23 15:08:51,23419.1,2026-09-29,23400.0,CE,131.2,130.85,131.2,2935429,149568,38448,7.99
2026-09-23 15:08:51,23419.1,2026-09-29,23400.0,PE,88.65,88.65,88.8,3320444,238851,144827,10.06
2026-09-23 15:08:51,23419.1,2026-09-29,23450.0,CE,103.2,103.2,103.5,2065176,89792,61994,8.02
2026-09-23 15:08:51,23419.1,2026-09-29,23450.0,PE,110.55,110.25,110.55,1641562,82233,69435,10.01
2026-09-23 15:08:51,23419.1,2026-09-29,23500.0,CE,79.5,79.35,79.5,2520151,195227,57081,8.03
2026-09-23 15:08:51,23419.1,2026-09-29,23500.0,PE,136.1,136.15,136.4,1299220,133078,41626,10.01
2026-09-23 15:08:51,23419.1,2026-09-29,23550.0,CE,59.1,58.95,59.1,1076575,67299,43558,8.03
2026-09-23 15:08:51,23419.1,2026-09-29,23550.0,PE,166.05,166.2,166.65,263384,14396,10169,10.11
2026-09-23 15:08:51,23419.1,2026-09-29,23600.0,CE,43.25,43.1,43.25,1370461,120409,54859,8.05
2026-09-23 15:08:51,23419.1,2026-09-29,23600.0,PE,200.5,200.3,200.6,319303,32322,11516,10.25
2026-09-23 15:08:51,23419.1,2026-09-29,23650.0,CE,31.15,31.15,31.25,773111,55318,26012,8.11
2026-09-23 15:08:51,23419.1,2026-09-29,23650.0,PE,238.95,237.85,238.5,59071,6407,2316,10.68
2026-09-23 15:08:51,23419.1,2026-09-29,23700.0,CE,22.35,22.35,22.4,1017092,109473,29308,8.22
2026-09-23 15:08:51,23419.1,2026-09-29,23700.0,PE,279.6,278.75,279.6,74635,17407,1895,11.01
2026-09-23 15:08:51,23419.1,2026-09-29,23750.0,CE,15.9,15.85,15.9,446878,39568,12593,8.35
2026-09-23 15:08:51,23419.1,2026-09-29,23750.0,PE,322.95,322.55,323.4,11962,4071,637,11.46
2026-09-23 15:08:51,23419.1,2026-09-29,23800.0,CE,11.25,11.25,11.35,793750,131490,33583,8.52
2026-09-23 15:08:51,23419.1,2026-09-29,23800.0,PE,369.6,367.95,368.85,32798,24104,-2077,12.18
2026-09-23 15:08:51,23419.1,2026-09-29,23850.0,CE,8.35,8.3,8.4,375552,42339,19802,8.76
2026-09-23 15:08:51,23419.1,2026-09-29,23850.0,PE,416.2,414.9,416.2,2513,2068,182,12.41
2026-09-23 15:08:51,23419.1,2026-09-29,23900.0,CE,6.4,6.4,6.45,508943,105241,39559,9.07
2026-09-23 15:08:51,23419.1,2026-09-29,23900.0,PE,463.25,462.6,463.9,6627,15117,-464,13.69
2026-09-23 15:09:51,23418.65,2026-09-29,22900.0,CE,552.65,552.6,554.35,4022,2327,502,
2026-09-23 15:09:51,23418.65,2026-09-29,22900.0,PE,9.55,9.55,9.6,362751,77578,34401,12.34
2026-09-23 15:09:51,23418.65,2026-09-29,22950.0,CE,505.0,504.9,506.65,1835,640,479,
2026-09-23 15:09:51,23418.65,2026-09-29,22950.0,PE,11.6,11.55,11.6,231179,30155,16205,11.98
2026-09-23 15:09:51,23418.65,2026-09-29,23000.0,CE,457.0,456.9,457.95,35339,21554,-2,
2026-09-23 15:09:51,23418.65,2026-09-29,23000.0,PE,14.2,14.2,14.3,792358,199853,53450,11.7
2026-09-23 15:09:51,23418.65,2026-09-29,23050.0,CE,411.0,410.1,411.45,4176,1326,602,
2026-09-23 15:09:51,23418.65,2026-09-29,23050.0,PE,17.35,17.25,17.35,289958,30167,16213,11.32
2026-09-23 15:09:51,23418.65,2026-09-29,23100.0,CE,364.65,364.65,365.55,42442,9790,3048,
2026-09-23 15:09:51,23418.65,2026-09-29,23100.0,PE,21.65,21.55,21.65,580113,70823,26331,11.05
2026-09-23 15:09:51,23418.65,2026-09-29,23150.0,CE,321.15,321.1,321.7,22383,4241,1649,6.62
2026-09-23 15:09:51,23418.65,2026-09-29,23150.0,PE,26.95,26.9,27.0,429770,37898,15814,10.8
2026-09-23 15:09:51,23418.65,2026-09-29,23200.0,CE,277.2,277.25,278.0,189852,25232,-730,7.28
2026-09-23 15:09:51,23418.65,2026-09-29,23200.0,PE,34.25,34.2,34.3,831328,108732,45046,10.58
2026-09-23 15:09:51,23418.65,2026-09-29,23250.0,CE,236.6,236.6,237.15,152093,17204,2118,7.64
2026-09-23 15:09:51,23418.65,2026-09-29,23250.0,PE,43.35,43.25,43.4,654987,69853,46637,10.36
2026-09-23 15:09:51,23418.65,2026-09-29,23300.0,CE,199.0,198.8,199.0,880988,72796,-8235,7.81
2026-09-23 15:09:51,23418.65,2026-09-29,23300.0,PE,55.2,55.2,55.35,1626821,166095,59582,10.25
2026-09-23 15:09:51,23418.65,2026-09-29,23350.0,CE,163.15,163.1,163.5,1138436,37123,1440,7.91
2026-09-23 15:09:51,23418.65,2026-09-29,23350.0,PE,69.75,69.6,69.8,1716246,95128,65503,10.11
2026-09-23 15:09:51,23418.65,2026-09-29,23400.0,CE,131.5,131.2,131.5,2946028,148896,37776,7.99
2026-09-23 15:09:51,23418.65,2026-09-29,23400.0,PE,88.0,87.75,87.95,3336483,240356,146332,10.06
2026-09-23 15:09:51,23418.65,2026-09-29,23450.0,CE,103.75,103.55,103.75,2072566,89816,62018,8.02
2026-09-23 15:09:51,23418.65,2026-09-29,23450.0,PE,109.5,109.3,109.5,1649557,82198,69400,10.01
2026-09-23 15:09:51,23418.65,2026-09-29,23500.0,CE,80.0,79.8,80.0,2528205,195536,57390,8.03
2026-09-23 15:09:51,23418.65,2026-09-29,23500.0,PE,135.45,135.05,135.4,1305212,132817,41365,10.01
2026-09-23 15:09:51,23418.65,2026-09-29,23550.0,CE,59.35,59.2,59.3,1084408,68194,44453,8.03
2026-09-23 15:09:51,23418.65,2026-09-29,23550.0,PE,165.45,165.0,165.45,264564,14385,10158,10.11
2026-09-23 15:09:51,23418.65,2026-09-29,23600.0,CE,43.15,43.15,43.25,1377143,120545,54995,8.05
2026-09-23 15:09:51,23418.65,2026-09-29,23600.0,PE,199.4,198.95,199.5,320806,32239,11433,10.25
2026-09-23 15:09:51,23418.65,2026-09-29,23650.0,CE,31.25,31.15,31.25,776066,54946,25640,8.11
2026-09-23 15:09:51,23418.65,2026-09-29,23650.0,PE,237.3,236.7,237.3,59328,6319,2228,10.68
2026-09-23 15:09:51,23418.65,2026-09-29,23700.0,CE,22.2,22.2,22.25,1022119,111081,30916,8.22
2026-09-23 15:09:51,23418.65,2026-09-29,23700.0,PE,278.5,277.75,278.5,74876,17313,1801,11.01
2026-09-23 15:09:51,23418.65,2026-09-29,23750.0,CE,15.85,15.8,15.9,448645,39702,12727,8.35
2026-09-23 15:09:51,23418.65,2026-09-29,23750.0,PE,322.05,321.25,322.05,12076,4040,606,11.46
2026-09-23 15:09:51,23418.65,2026-09-29,23800.0,CE,11.25,11.2,11.25,797920,132051,34144,8.52
2026-09-23 15:09:51,23418.65,2026-09-29,23800.0,PE,367.5,366.6,367.45,32964,24053,-2128,12.18
2026-09-23 15:09:51,23418.65,2026-09-29,23850.0,CE,8.35,8.3,8.35,378356,42244,19707,8.76
2026-09-23 15:09:51,23418.65,2026-09-29,23850.0,PE,414.65,413.7,415.1,2537,2048,162,12.41
2026-09-23 15:09:51,23418.65,2026-09-29,23900.0,CE,6.45,6.4,6.45,512846,104627,38945,9.07
2026-09-23 15:09:51,23418.65,2026-09-29,23900.0,PE,462.1,461.35,462.8,6645,15110,-471,13.69
2026-09-23 15:10:51,23416.35,2026-09-29,22900.0,CE,549.35,549.3,550.4,4023,2327,502,
2026-09-23 15:10:51,23416.35,2026-09-29,22900.0,PE,9.8,9.8,9.85,363537,77523,34346,12.3
2026-09-23 15:10:51,23416.35,2026-09-29,22950.0,CE,502.4,501.5,503.3,1838,639,478,
2026-09-23 15:10:51,23416.35,2026-09-29,22950.0,PE,11.9,11.9,11.95,232105,29802,15852,11.95
2026-09-23 15:10:51,23416.35,2026-09-29,23000.0,CE,455.0,453.7,454.95,35381,21504,-52,
2026-09-23 15:10:51,23416.35,2026-09-29,23000.0,PE,14.7,14.65,14.75,793783,199609,53206,11.65
2026-09-23 15:10:51,23416.35,2026-09-29,23050.0,CE,406.85,407.2,408.35,4181,1297,573,
2026-09-23 15:10:51,23416.35,2026-09-29,23050.0,PE,17.9,17.9,17.95,290705,30098,16144,11.28
2026-09-23 15:10:51,23416.35,2026-09-29,23100.0,CE,362.15,361.8,362.85,42518,9749,3007,6.09
2026-09-23 15:10:51,23416.35,2026-09-29,23100.0,PE,22.4,22.3,22.4,581315,70709,26217,11.0
2026-09-23 15:10:51,23416.35,2026-09-29,23150.0,CE,318.7,317.95,318.6,22438,4198,1606,7.33
2026-09-23 15:10:51,23416.35,2026-09-29,23150.0,PE,27.85,27.9,27.95,430699,37849,15765,10.72
2026-09-23 15:10:51,23416.35,2026-09-29,23200.0,CE,275.55,275.1,275.4,190120,25112,-850,7.82
2026-09-23 15:10:51,23416.35,2026-09-29,23200.0,PE,35.35,35.3,35.4,833335,108433,44747,10.51
2026-09-23 15:10:51,23416.35,2026-09-29,23250.0,CE,234.5,234.45,235.0,152355,17107,2021,8.06
2026-09-23 15:10:51,23416.35,2026-09-29,23250.0,PE,44.6,44.6,44.7,656977,69411,46195,10.28
2026-09-23 15:10:51,23416.35,2026-09-29,23300.0,CE,196.75,196.75,196.95,881911,72470,-8561,8.13
2026-09-23 15:10:51,23416.35,2026-09-29,23300.0,PE,56.9,56.9,57.0,1630045,166297,59784,10.15
2026-09-23 15:10:51,23416.35,2026-09-29,23350.0,CE,161.35,161.35,161.65,1139370,36582,899,8.16
2026-09-23 15:10:51,23416.35,2026-09-29,23350.0,PE,71.45,71.4,71.45,1719645,91064,61439,10.0
2026-09-23 15:10:51,23416.35,2026-09-29,23400.0,CE,130.0,129.85,130.0,2949582,147918,36798,8.18
2026-09-23 15:10:51,23416.35,2026-09-29,23400.0,PE,89.95,89.95,90.0,3343780,239085,145061,9.91
2026-09-23 15:10:51,23416.35,2026-09-29,23450.0,CE,102.3,102.3,102.55,2075231,89338,61540,8.2
2026-09-23 15:10:51,23416.35,2026-09-29,23450.0,PE,111.75,111.6,111.8,1653149,81099,68301,9.86
2026-09-23 15:10:51,23416.35,2026-09-29,23500.0,CE,78.7,78.55,78.65,2532057,195750,57604,8.17
2026-09-23 15:10:51,23416.35,2026-09-29,23500.0,PE,137.8,137.6,137.8,1308207,132133,40681,9.84
2026-09-23 15:10:51,23416.35,2026-09-29,23550.0,CE,58.35,58.35,58.45,1086110,68351,44610,8.12
2026-09-23 15:10:51,23416.35,2026-09-29,23550.0,PE,168.0,168.15,168.5,265261,14345,10118,9.93
2026-09-23 15:10:51,23416.35,2026-09-29,23600.0,CE,42.65,42.55,42.65,1380246,120891,55341,8.14
2026-09-23 15:10:51,23416.35,2026-09-29,23600.0,PE,202.05,202.15,202.4,321604,32197,11391,10.07
2026-09-23 15:10:51,23416.35,2026-09-29,23650.0,CE,30.85,30.75,30.85,777847,54809,25503,8.18
2026-09-23 15:10:51,23416.35,2026-09-29,23650.0,PE,240.75,240.15,240.75,59504,6308,2217,10.35
2026-09-23 15:10:51,23416.35,2026-09-29,23700.0,CE,21.95,21.95,22.05,1023632,110283,30118,8.29
2026-09-23 15:10:51,23416.35,2026-09-29,23700.0,PE,281.95,281.3,281.95,74980,17289,1777,10.68
2026-09-23 15:10:51,23416.35,2026-09-29,23750.0,CE,15.65,15.65,15.75,449599,39697,12722,8.4
2026-09-23 15:10:51,23416.35,2026-09-29,23750.0,PE,325.2,324.65,325.6,12159,4020,586,10.99
2026-09-23 15:10:51,23416.35,2026-09-29,23800.0,CE,11.25,11.2,11.25,799908,132376,34469,8.55
2026-09-23 15:10:51,23416.35,2026-09-29,23800.0,PE,370.65,370.35,371.0,33031,24038,-2143,11.69
2026-09-23 15:10:51,23416.35,2026-09-29,23850.0,CE,8.3,8.3,8.35,379004,42204,19667,8.78
2026-09-23 15:10:51,23416.35,2026-09-29,23850.0,PE,418.3,416.9,418.45,2548,2042,156,12.44
2026-09-23 15:10:51,23416.35,2026-09-29,23900.0,CE,6.45,6.4,6.45,514954,105290,39608,9.09
2026-09-23 15:10:51,23416.35,2026-09-29,23900.0,PE,464.9,464.95,465.95,6661,15105,-476,13.13
2026-09-23 15:11:52,23417.3,2026-09-29,22900.0,CE,549.95,550.5,552.2,4026,2325,500,
2026-09-23 15:11:52,23417.3,2026-09-29,22900.0,PE,9.65,9.55,9.65,364845,77201,34024,12.19
2026-09-23 15:11:52,23417.3,2026-09-29,22950.0,CE,500.7,502.8,504.55,1840,639,478,
2026-09-23 15:11:52,23417.3,2026-09-29,22950.0,PE,11.65,11.6,11.65,233888,29396,15446,11.81
2026-09-23 15:11:52,23417.3,2026-09-29,23000.0,CE,455.2,455.2,456.0,35421,21473,-83,
2026-09-23 15:11:52,23417.3,2026-09-29,23000.0,PE,14.5,14.45,14.5,797192,198919,52516,11.51
2026-09-23 15:11:52,23417.3,2026-09-29,23050.0,CE,408.0,408.65,409.8,4209,1296,572,7.02
2026-09-23 15:11:52,23417.3,2026-09-29,23050.0,PE,17.65,17.65,17.7,291730,29856,15902,11.1
2026-09-23 15:11:52,23417.3,2026-09-29,23100.0,CE,363.0,363.05,364.1,42649,9709,2967,7.9
2026-09-23 15:11:52,23417.3,2026-09-29,23100.0,PE,22.1,22.1,22.15,583576,70196,25704,10.8
2026-09-23 15:11:52,23417.3,2026-09-29,23150.0,CE,319.6,319.4,319.95,22481,4154,1562,8.19
2026-09-23 15:11:52,23417.3,2026-09-29,23150.0,PE,27.75,27.75,27.8,432378,36964,14880,10.54
2026-09-23 15:11:52,23417.3,2026-09-29,23200.0,CE,276.3,276.25,276.6,190452,25008,-954,8.33
2026-09-23 15:11:52,23417.3,2026-09-29,23200.0,PE,35.05,35.05,35.15,835763,107781,44095,10.27
2026-09-23 15:11:52,23417.3,2026-09-29,23250.0,CE,235.75,235.8,236.35,152486,17032,1946,8.36
2026-09-23 15:11:52,23417.3,2026-09-29,23250.0,PE,44.4,44.3,44.4,658879,68559,45343,10.04
2026-09-23 15:11:52,23417.3,2026-09-29,23300.0,CE,197.9,197.9,198.0,882846,72154,-8877,8.36
2026-09-23 15:11:52,23417.3,2026-09-29,23300.0,PE,56.55,56.5,56.65,1634608,165718,59205,9.88
2026-09-23 15:11:52,23417.3,2026-09-29,23350.0,CE,162.7,162.5,162.8,1140186,36129,446,8.33
2026-09-23 15:11:52,23417.3,2026-09-29,23350.0,PE,71.1,70.9,71.1,1722374,90191,60566,9.69
2026-09-23 15:11:52,23417.3,2026-09-29,23400.0,CE,131.0,130.8,131.0,2953294,147459,36339,8.28
2026-09-23 15:11:52,23417.3,2026-09-29,23400.0,PE,89.45,89.3,89.45,3351596,238564,144540,9.6
2026-09-23 15:11:52,23417.3,2026-09-29,23450.0,CE,103.4,103.35,103.5,2078374,88526,60728,8.27
2026-09-23 15:11:52,23417.3,2026-09-29,23450.0,PE,110.9,110.9,111.15,1657884,80146,67348,9.5
2026-09-23 15:11:52,23417.3,2026-09-29,23500.0,CE,79.25,79.3,79.45,2535861,194799,56653,8.24
2026-09-23 15:11:52,23417.3,2026-09-29,23500.0,PE,137.1,137.1,137.3,1311351,131969,40517,9.5
2026-09-23 15:11:52,23417.3,2026-09-29,23550.0,CE,59.15,58.95,59.1,1088380,67672,43931,8.16
2026-09-23 15:11:52,23417.3,2026-09-29,23550.0,PE,167.0,167.0,167.35,265790,14337,10110,9.52
2026-09-23 15:11:52,23417.3,2026-09-29,23600.0,CE,43.1,43.0,43.1,1383398,119829,54279,8.15
2026-09-23 15:11:52,23417.3,2026-09-29,23600.0,PE,200.65,200.65,201.1,322267,31947,11141,9.64
2026-09-23 15:11:52,23417.3,2026-09-29,23650.0,CE,31.05,31.05,31.15,779588,53983,24677,8.19
2026-09-23 15:11:52,23417.3,2026-09-29,23650.0,PE,239.25,239.0,239.3,59662,6212,2121,9.89
2026-09-23 15:11:52,23417.3,2026-09-29,23700.0,CE,22.1,22.1,22.2,1025416,109832,29667,8.27
2026-09-23 15:11:52,23417.3,2026-09-29,23700.0,PE,280.45,280.05,280.4,75124,17205,1693,10.08
2026-09-23 15:11:52,23417.3,2026-09-29,23750.0,CE,15.75,15.7,15.75,450887,39608,12633,8.38
2026-09-23 15:11:52,23417.3,2026-09-29,23750.0,PE,323.65,323.1,323.9,12239,3958,524,10.51
2026-09-23 15:11:52,23417.3,2026-09-29,23800.0,CE,11.15,11.15,11.2,802128,131044,33137,8.52
2026-09-23 15:11:52,23417.3,2026-09-29,23800.0,PE,371.2,368.55,369.5,33089,24023,-2158,11.18
2026-09-23 15:11:52,23417.3,2026-09-29,23850.0,CE,8.25,8.25,8.3,380293,42302,19765,8.76
2026-09-23 15:11:52,23417.3,2026-09-29,23850.0,PE,418.7,415.5,417.05,2552,2038,152,11.8
2026-09-23 15:11:52,23417.3,2026-09-29,23900.0,CE,6.45,6.4,6.45,517116,105871,40189,9.07
2026-09-23 15:11:52,23417.3,2026-09-29,23900.0,PE,465.95,463.45,464.75,6666,15100,-481,12.41
2026-09-23 15:12:52,23420.65,2026-09-29,22900.0,CE,552.65,551.1,552.85,4030,2325,500,
2026-09-23 15:12:52,23420.65,2026-09-29,22900.0,PE,9.45,9.45,9.55,366038,76994,33817,12.19
2026-09-23 15:12:52,23420.65,2026-09-29,22950.0,CE,500.7,503.25,505.75,1840,639,478,
2026-09-23 15:12:52,23420.65,2026-09-29,22950.0,PE,11.5,11.5,11.55,234627,29527,15577,11.81
2026-09-23 15:12:52,23420.65,2026-09-29,23000.0,CE,457.2,456.25,457.2,35495,21486,-70,
2026-09-23 15:12:52,23420.65,2026-09-29,23000.0,PE,14.3,14.3,14.35,799310,198723,52320,11.51
2026-09-23 15:12:52,23420.65,2026-09-29,23050.0,CE,409.75,409.9,411.15,4219,1320,596,7.02
2026-09-23 15:12:52,23420.65,2026-09-29,23050.0,PE,17.55,17.5,17.55,292421,29789,15835,11.1
2026-09-23 15:12:52,23420.65,2026-09-29,23100.0,CE,364.9,364.0,365.0,42708,9636,2894,7.9
2026-09-23 15:12:52,23420.65,2026-09-29,23100.0,PE,21.85,21.9,21.95,585315,69220,24728,10.8
2026-09-23 15:12:52,23420.65,2026-09-29,23150.0,CE,320.9,320.35,321.1,22513,4135,1543,8.19
2026-09-23 15:12:52,23420.65,2026-09-29,23150.0,PE,27.5,27.5,27.55,433325,36926,14842,10.54
2026-09-23 15:12:52,23420.65,2026-09-29,23200.0,CE,277.0,277.1,277.75,190636,24951,-1011,8.33
2026-09-23 15:12:52,23420.65,2026-09-29,23200.0,PE,34.85,34.85,34.9,837082,107470,43784,10.27
2026-09-23 15:12:52,23420.65,2026-09-29,23250.0,CE,236.6,236.1,236.7,152670,16998,1912,8.36
2026-09-23 15:12:52,23420.65,2026-09-29,23250.0,PE,44.2,44.05,44.2,659982,68200,44984,10.04
2026-09-23 15:12:52,23420.65,2026-09-29,23300.0,CE,198.6,198.15,198.65,883527,71858,-9173,8.36
2026-09-23 15:12:52,23420.65,2026-09-29,23300.0,PE,56.35,56.25,56.4,1636786,165001,58488,9.88
2026-09-23 15:12:52,23420.65,2026-09-29,23350.0,CE,163.5,163.4,163.45,1140985,35816,133,8.33
2026-09-23 15:12:52,23420.65,2026-09-29,23350.0,PE,70.6,70.6,70.75,1724498,88163,58538,9.69
2026-09-23 15:12:52,23420.65,2026-09-29,23400.0,CE,131.45,131.15,131.4,2956890,146389,35269,8.28
2026-09-23 15:12:52,23420.65,2026-09-29,23400.0,PE,89.25,89.0,89.25,3356976,235862,141838,9.6
2026-09-23 15:12:52,23420.65,2026-09-29,23450.0,CE,103.95,103.95,104.0,2081508,87809,60011,8.27
2026-09-23 15:12:52,23420.65,2026-09-29,23450.0,PE,110.3,110.3,110.5,1660541,78500,65702,9.5
2026-09-23 15:12:52,23420.65,2026-09-29,23500.0,CE,80.1,80.1,80.15,2539076,193549,55403,8.24
2026-09-23 15:12:52,23420.65,2026-09-29,23500.0,PE,136.35,136.35,136.4,1313734,131692,40240,9.5
2026-09-23 15:12:52,23420.65,2026-09-29,23550.0,CE,59.65,59.65,59.75,1089679,67607,43866,8.16
2026-09-23 15:12:52,23420.65,2026-09-29,23550.0,PE,166.05,166.05,166.5,266080,14190,9963,9.52
2026-09-23 15:12:52,23420.65,2026-09-29,23600.0,CE,43.35,43.4,43.5,1386393,118738,53188,8.15
2026-09-23 15:12:52,23420.65,2026-09-29,23600.0,PE,200.6,200.3,200.75,322728,31679,10873,9.64
2026-09-23 15:12:52,23420.65,2026-09-29,23650.0,CE,31.4,31.35,31.45,780965,54009,24703,8.19
2026-09-23 15:12:52,23420.65,2026-09-29,23650.0,PE,238.75,238.35,239.0,59795,6161,2070,9.89
2026-09-23 15:12:52,23420.65,2026-09-29,23700.0,CE,22.55,22.45,22.55,1026496,109746,29581,8.27
2026-09-23 15:12:52,23420.65,2026-09-29,23700.0,PE,279.65,278.6,279.0,75405,17108,1596,10.08
2026-09-23 15:12:52,23420.65,2026-09-29,23750.0,CE,15.95,15.9,16.0,451695,39617,12642,8.38
2026-09-23 15:12:52,23420.65,2026-09-29,23750.0,PE,323.65,322.75,323.6,12272,3938,504,10.51
2026-09-23 15:12:52,23420.65,2026-09-29,23800.0,CE,11.35,11.3,11.35,803466,131438,33531,8.52
2026-09-23 15:12:52,23420.65,2026-09-29,23800.0,PE,367.6,367.35,368.15,33115,24015,-2166,11.18
2026-09-23 15:12:52,23420.65,2026-09-29,23850.0,CE,8.4,8.35,8.4,381151,42177,19640,8.76
2026-09-23 15:12:52,23420.65,2026-09-29,23850.0,PE,415.75,414.2,415.7,2563,2034,148,11.8
2026-09-23 15:12:52,23420.65,2026-09-29,23900.0,CE,6.5,6.45,6.5,518905,105659,39977,9.07
2026-09-23 15:12:52,23420.65,2026-09-29,23900.0,PE,464.0,462.05,463.5,6669,15100,-481,12.41
2026-09-23 15:13:52,23422.2,2026-09-29,22900.0,CE,552.65,552.25,554.0,4030,2325,500,
2026-09-23 15:13:52,23422.2,2026-09-29,22900.0,PE,9.5,9.5,9.6,366875,76994,33817,12.19
2026-09-23 15:13:52,23422.2,2026-09-29,22950.0,CE,500.7,504.6,506.4,1840,639,478,
2026-09-23 15:13:52,23422.2,2026-09-29,22950.0,PE,11.5,11.5,11.6,235125,29527,15577,11.81
2026-09-23 15:13:52,23422.2,2026-09-29,23000.0,CE,457.0,456.8,457.9,35544,21486,-70,
2026-09-23 15:13:52,23422.2,2026-09-29,23000.0,PE,14.35,14.35,14.4,800429,198723,52320,11.51
2026-09-23 15:13:52,23422.2,2026-09-29,23050.0,CE,408.95,410.4,411.5,4221,1320,596,7.02
2026-09-23 15:13:52,23422.2,2026-09-29,23050.0,PE,17.5,17.5,17.55,292653,29789,15835,11.1
2026-09-23 15:13:52,23422.2,2026-09-29,23100.0,CE,365.1,364.75,365.6,42727,9636,2894,7.9
2026-09-23 15:13:52,23422.2,2026-09-29,23100.0,PE,21.95,21.85,21.95,586259,69220,24728,10.8
2026-09-23 15:13:52,23422.2,2026-09-29,23150.0,CE,321.0,320.9,321.7,22529,4135,1543,8.19
2026-09-23 15:13:52,23422.2,2026-09-29,23150.0,PE,27.4,27.4,27.5,433647,36926,14842,10.54
2026-09-23 15:13:52,23422.2,2026-09-29,23200.0,CE,277.65,277.65,278.4,190724,24951,-1011,8.33
2026-09-23 15:13:52,23422.2,2026-09-29,23200.0,PE,34.75,34.75,34.8,837613,107470,43784,10.27
2026-09-23 15:13:52,23422.2,2026-09-29,23250.0,CE,237.15,237.0,237.65,152730,16998,1912,8.36
2026-09-23 15:13:52,23422.2,2026-09-29,23250.0,PE,43.95,43.85,43.95,660572,68200,44984,10.04
2026-09-23 15:13:52,23422.2,2026-09-29,23300.0,CE,199.15,199.15,199.25,883900,71858,-9173,8.36
2026-09-23 15:13:52,23422.2,2026-09-29,23300.0,PE,55.9,55.85,56.0,1637980,165001,58488,9.88
2026-09-23 15:13:52,23422.2,2026-09-29,23350.0,CE,163.6,163.6,163.65,1142095,35816,133,8.33
2026-09-23 15:13:52,23422.2,2026-09-29,23350.0,PE,70.25,70.25,70.45,1725313,88163,58538,9.69
2026-09-23 15:13:52,23422.2,2026-09-29,23400.0,CE,131.7,131.7,132.0,2958784,146389,35269,8.28
2026-09-23 15:13:52,23422.2,2026-09-29,23400.0,PE,88.45,88.45,88.7,3359013,235862,141838,9.6
2026-09-23 15:13:52,23422.2,2026-09-29,23450.0,CE,104.15,104.15,104.2,2083086,87809,60011,8.27
2026-09-23 15:13:52,23422.2,2026-09-29,23450.0,PE,110.0,109.9,110.1,1661716,78500,65702,9.5
2026-09-23 15:13:52,23422.2,2026-09-29,23500.0,CE,80.4,80.25,80.4,2541240,193549,55403,8.24
2026-09-23 15:13:52,23422.2,2026-09-29,23500.0,PE,135.75,135.75,136.1,1315030,131692,40240,9.5
2026-09-23 15:13:52,23422.2,2026-09-29,23550.0,CE,59.8,59.8,59.95,1090644,67607,43866,8.16
2026-09-23 15:13:52,23422.2,2026-09-29,23550.0,PE,166.0,165.8,166.2,266192,14190,9963,9.52
2026-09-23 15:13:52,23422.2,2026-09-29,23600.0,CE,43.85,43.75,43.85,1387846,118738,53188,8.15
2026-09-23 15:13:52,23422.2,2026-09-29,23600.0,PE,199.4,199.4,199.7,322856,31679,10873,9.64
2026-09-23 15:13:52,23422.2,2026-09-29,23650.0,CE,31.7,31.6,31.7,781601,54009,24703,8.19
2026-09-23 15:13:52,23422.2,2026-09-29,23650.0,PE,237.9,237.3,237.95,59814,6161,2070,9.89
2026-09-23 15:13:52,23422.2,2026-09-29,23700.0,CE,22.6,22.6,22.7,1027106,109746,29581,8.27
2026-09-23 15:13:52,23422.2,2026-09-29,23700.0,PE,279.65,278.2,279.0,75469,17108,1596,10.08
2026-09-23 15:13:52,23422.2,2026-09-29,23750.0,CE,16.1,16.1,16.15,452032,39617,12642,8.38
2026-09-23 15:13:52,23422.2,2026-09-29,23750.0,PE,322.5,321.7,322.45,12286,3938,504,10.51
2026-09-23 15:13:52,23422.2,2026-09-29,23800.0,CE,11.45,11.4,11.45,804019,131438,33531,8.52
2026-09-23 15:13:52,23422.2,2026-09-29,23800.0,PE,368.95,366.75,367.7,33141,24015,-2166,11.18
2026-09-23 15:13:52,23422.2,2026-09-29,23850.0,CE,8.5,8.45,8.5,381852,42177,19640,8.76
2026-09-23 15:13:52,23422.2,2026-09-29,23850.0,PE,415.2,413.65,415.2,2576,2034,148,11.8
2026-09-23 15:13:52,23422.2,2026-09-29,23900.0,CE,6.6,6.5,6.6,519255,105659,39977,9.07
2026-09-23 15:13:52,23422.2,2026-09-29,23900.0,PE,463.65,461.55,462.95,6672,15097,-484,12.41
2026-09-23 15:14:53,23422.3,2026-09-29,22900.0,CE,550.15,550.0,551.9,4033,2320,495,
2026-09-23 15:14:53,23422.3,2026-09-29,22900.0,PE,9.55,9.5,9.55,368666,76840,33663,12.19
2026-09-23 15:14:53,23422.3,2026-09-29,22950.0,CE,500.7,502.1,504.3,1840,639,478,
2026-09-23 15:14:53,23422.3,2026-09-29,22950.0,PE,11.55,11.55,11.6,236041,29257,15307,11.81
2026-09-23 15:14:53,23422.3,2026-09-29,23000.0,CE,456.25,454.3,455.7,35585,21439,-117,
2026-09-23 15:14:53,23422.3,2026-09-29,23000.0,PE,14.4,14.35,14.4,804604,196742,50339,11.51
2026-09-23 15:14:53,23422.3,2026-09-29,23050.0,CE,408.95,407.75,409.0,4228,1317,593,7.02
2026-09-23 15:14:53,23422.3,2026-09-29,23050.0,PE,17.6,17.5,17.6,293679,29191,15237,11.1
2026-09-23 15:14:53,23422.3,2026-09-29,23100.0,CE,362.2,362.5,363.3,42792,9547,2805,7.9
2026-09-23 15:14:53,23422.3,2026-09-29,23100.0,PE,22.0,21.95,22.0,588225,68244,23752,10.8
2026-09-23 15:14:53,23422.3,2026-09-29,23150.0,CE,318.85,318.75,319.3,22597,4049,1457,8.19
2026-09-23 15:14:53,23422.3,2026-09-29,23150.0,PE,27.6,27.55,27.65,434860,37744,15660,10.54
2026-09-23 15:14:53,23422.3,2026-09-29,23200.0,CE,276.0,275.3,276.0,191058,24824,-1138,8.33
2026-09-23 15:14:53,23422.3,2026-09-29,23200.0,PE,34.95,34.95,35.05,840217,106708,43022,10.27
2026-09-23 15:14:53,23422.3,2026-09-29,23250.0,CE,235.1,235.1,235.5,152901,16933,1847,8.36
2026-09-23 15:14:53,23422.3,2026-09-29,23250.0,PE,44.15,44.15,44.25,662050,67322,44106,10.04
2026-09-23 15:14:53,23422.3,2026-09-29,23300.0,CE,197.1,197.05,197.45,884650,71459,-9572,8.36
2026-09-23 15:14:53,23422.3,2026-09-29,23300.0,PE,56.6,56.5,56.6,1640476,164428,57915,9.88
2026-09-23 15:14:53,23422.3,2026-09-29,23350.0,CE,162.15,161.85,162.05,1143138,34986,-697,8.33
2026-09-23 15:14:53,23422.3,2026-09-29,23350.0,PE,71.1,71.0,71.15,1727726,86518,56893,9.69
2026-09-23 15:14:53,23422.3,2026-09-29,23400.0,CE,130.05,130.1,130.4,2962352,145669,34549,8.28
2026-09-23 15:14:53,23422.3,2026-09-29,23400.0,PE,89.55,89.3,89.55,3364766,233094,139070,9.6
2026-09-23 15:14:53,23422.3,2026-09-29,23450.0,CE,102.9,102.75,102.95,2086666,87652,59854,8.27
2026-09-23 15:14:53,23422.3,2026-09-29,23450.0,PE,110.75,110.85,111.1,1664469,76959,64161,9.5
2026-09-23 15:14:53,23422.3,2026-09-29,23500.0,CE,78.85,78.8,78.95,2546378,191028,52882,8.24
2026-09-23 15:14:53,23422.3,2026-09-29,23500.0,PE,137.1,137.1,137.25,1317099,130366,38914,9.5
2026-09-23 15:14:53,23422.3,2026-09-29,23550.0,CE,58.85,58.75,58.85,1092340,67791,44050,8.16
2026-09-23 15:14:53,23422.3,2026-09-29,23550.0,PE,167.45,167.15,167.45,266528,13776,9549,9.52
2026-09-23 15:14:53,23422.3,2026-09-29,23600.0,CE,43.0,42.95,43.0,1391603,116552,51002,8.15
2026-09-23 15:14:53,23422.3,2026-09-29,23600.0,PE,201.1,201.1,201.3,323338,31424,10618,9.64
2026-09-23 15:14:53,23422.3,2026-09-29,23650.0,CE,31.05,31.0,31.05,782978,53981,24675,8.19
2026-09-23 15:14:53,23422.3,2026-09-29,23650.0,PE,240.35,239.3,239.9,59952,6094,2003,9.89
2026-09-23 15:14:53,23422.3,2026-09-29,23700.0,CE,22.15,22.15,22.2,1028630,109842,29677,8.27
2026-09-23 15:14:53,23422.3,2026-09-29,23700.0,PE,279.7,280.25,281.05,75610,17005,1493,10.08
2026-09-23 15:14:53,23422.3,2026-09-29,23750.0,CE,15.8,15.8,15.85,452914,39507,12532,8.38
2026-09-23 15:14:53,23422.3,2026-09-29,23750.0,PE,324.6,323.85,324.75,12328,3901,467,10.51
2026-09-23 15:14:53,23422.3,2026-09-29,23800.0,CE,11.3,11.25,11.3,805355,130923,33016,8.52
2026-09-23 15:14:53,23422.3,2026-09-29,23800.0,PE,370.0,369.0,370.0,33178,24037,-2144,11.18
2026-09-23 15:14:53,23422.3,2026-09-29,23850.0,CE,8.35,8.35,8.4,382798,41566,19029,8.76
2026-09-23 15:14:53,23422.3,2026-09-29,23850.0,PE,417.6,416.05,417.45,2600,1992,106,11.8
2026-09-23 15:14:53,23422.3,2026-09-29,23900.0,CE,6.4,6.4,6.45,520339,106991,41309,9.07
2026-09-23 15:14:53,23422.3,2026-09-29,23900.0,PE,464.3,464.05,465.4,6683,15088,-493,12.41
2026-09-23 15:15:53,23431.35,2026-09-29,22950.0,CE,507.1,505.9,507.65,1844,643,482,
2026-09-23 15:15:53,23431.35,2026-09-29,22950.0,PE,11.5,11.5,11.55,239104,28767,14817,11.81
2026-09-23 15:15:53,23431.35,2026-09-29,23000.0,CE,459.8,458.25,459.45,35760,21391,-165,
2026-09-23 15:15:53,23431.35,2026-09-29,23000.0,PE,14.25,14.25,14.3,812184,196657,50254,11.51
2026-09-23 15:15:53,23431.35,2026-09-29,23050.0,CE,412.3,411.5,412.6,4246,1312,588,7.02
2026-09-23 15:15:53,23431.35,2026-09-29,23050.0,PE,17.3,17.3,17.35,295888,28996,15042,11.1
2026-09-23 15:15:53,23431.35,2026-09-29,23100.0,CE,365.45,365.95,366.8,42936,9497,2755,7.9
2026-09-23 15:15:53,23431.35,2026-09-29,23100.0,PE,21.65,21.7,21.75,592476,67876,23384,10.8
2026-09-23 15:15:53,23431.35,2026-09-29,23150.0,CE,322.55,322.6,323.15,22690,4049,1457,8.19
2026-09-23 15:15:53,23431.35,2026-09-29,23150.0,PE,27.2,27.15,27.25,438907,37606,15522,10.54
2026-09-23 15:15:53,23431.35,2026-09-29,23200.0,CE,278.7,278.8,279.35,192003,24548,-1414,8.33
2026-09-23 15:15:53,23431.35,2026-09-29,23200.0,PE,34.4,34.4,34.45,845844,105906,42220,10.27
2026-09-23 15:15:53,23431.35,2026-09-29,23250.0,CE,238.4,238.15,238.3,153275,16866,1780,8.36
2026-09-23 15:15:53,23431.35,2026-09-29,23250.0,PE,43.35,43.35,43.4,665368,66862,43646,10.04
2026-09-23 15:15:53,23431.35,2026-09-29,23300.0,CE,200.35,200.05,200.35,887331,70848,-10183,8.36
2026-09-23 15:15:53,23431.35,2026-09-29,23300.0,PE,55.45,55.3,55.45,1648872,163316,56803,9.88
2026-09-23 15:15:53,23431.35,2026-09-29,23350.0,CE,164.45,164.45,164.55,1145959,34471,-1212,8.33
2026-09-23 15:15:53,23431.35,2026-09-29,23350.0,PE,69.75,69.65,69.85,1735529,84785,55160,9.69
2026-09-23 15:15:53,23431.35,2026-09-29,23400.0,CE,132.4,132.4,132.7,2974448,142194,31074,8.28
2026-09-23 15:15:53,23431.35,2026-09-29,23400.0,PE,87.9,87.7,87.9,3381787,230268,136244,9.6
2026-09-23 15:15:53,23431.35,2026-09-29,23450.0,CE,104.7,104.65,104.7,2098923,84463,56665,8.27
2026-09-23 15:15:53,23431.35,2026-09-29,23450.0,PE,108.9,108.8,109.0,1673802,76231,63433,9.5
2026-09-23 15:15:53,23431.35,2026-09-29,23500.0,CE,80.8,80.6,80.8,2558658,189620,51474,8.24
2026-09-23 15:15:53,23431.35,2026-09-29,23500.0,PE,134.7,134.4,134.6,1322437,129569,38117,9.5
2026-09-23 15:15:53,23431.35,2026-09-29,23550.0,CE,60.15,60.0,60.15,1098481,67244,43503,8.16
2026-09-23 15:15:53,23431.35,2026-09-29,23550.0,PE,164.45,164.45,164.85,267786,13611,9384,9.52
2026-09-23 15:15:53,23431.35,2026-09-29,23600.0,CE,43.85,43.8,43.95,1399659,116448,50898,8.15
2026-09-23 15:15:53,23431.35,2026-09-29,23600.0,PE,198.55,198.25,198.5,325032,31374,10568,9.64
2026-09-23 15:15:53,23431.35,2026-09-29,23650.0,CE,31.8,31.7,31.8,786563,53670,24364,8.19
2026-09-23 15:15:53,23431.35,2026-09-29,23650.0,PE,236.15,235.95,236.5,60220,6037,1946,9.89
2026-09-23 15:15:53,23431.35,2026-09-29,23700.0,CE,22.7,22.65,22.75,1032938,109488,29323,8.27
2026-09-23 15:15:53,23431.35,2026-09-29,23700.0,PE,276.9,277.2,277.8,76041,16927,1415,10.08
2026-09-23 15:15:53,23431.35,2026-09-29,23750.0,CE,16.15,16.15,16.2,455636,39366,12391,8.38
2026-09-23 15:15:53,23431.35,2026-09-29,23750.0,PE,321.1,320.2,321.0,12408,3888,454,10.51
2026-09-23 15:15:53,23431.35,2026-09-29,23800.0,CE,11.55,11.45,11.55,809175,130358,32451,8.52
2026-09-23 15:15:53,23431.35,2026-09-29,23800.0,PE,365.6,365.4,366.4,33342,24021,-2160,11.18
2026-09-23 15:15:53,23431.35,2026-09-29,23850.0,CE,8.55,8.5,8.55,386488,40964,18427,8.76
2026-09-23 15:15:53,23431.35,2026-09-29,23850.0,PE,413.4,412.55,414.0,2626,1980,94,11.8
2026-09-23 15:15:53,23431.35,2026-09-29,23900.0,CE,6.55,6.55,6.6,523598,106799,41117,9.07
2026-09-23 15:15:53,23431.35,2026-09-29,23900.0,PE,460.35,460.45,461.6,6712,15088,-493,12.41
2026-09-23 15:15:53,23431.35,2026-09-29,23950.0,CE,5.35,5.3,5.35,250308,25075,5735,9.48
2026-09-23 15:15:53,23431.35,2026-09-29,23950.0,PE,512.2,507.6,510.45,847,2173,53,13.29
2026-09-23 15:16:53,23431.35,2026-09-29,22950.0,CE,507.1,510.8,512.9,1844,643,482,
2026-09-23 15:16:53,23431.35,2026-09-29,22950.0,PE,11.25,11.25,11.3,239406,28767,14817,11.81
2026-09-23 15:16:53,23431.35,2026-09-29,23000.0,CE,464.55,463.55,464.45,36133,21391,-165,
2026-09-23 15:16:53,23431.35,2026-09-29,23000.0,PE,13.9,13.9,13.95,813735,196657,50254,11.51
2026-09-23 15:16:53,23431.35,2026-09-29,23050.0,CE,418.25,416.25,417.5,4258,1303,579,7.02
2026-09-23 15:16:53,23431.35,2026-09-29,23050.0,PE,16.85,16.8,16.85,296230,28996,15042,11.1
2026-09-23 15:16:53,23431.35,2026-09-29,23100.0,CE,372.15,370.2,371.1,42982,9497,2755,7.9
2026-09-23 15:16:53,23431.35,2026-09-29,23100.0,PE,21.2,21.1,21.15,593189,67876,23384,10.8
2026-09-23 15:16:53,23431.35,2026-09-29,23150.0,CE,325.8,326.4,327.3,22718,3994,1402,8.19
2026-09-23 15:16:53,23431.35,2026-09-29,23150.0,PE,26.45,26.3,26.45,439884,37606,15522,10.54
2026-09-23 15:16:53,23431.35,2026-09-29,23200.0,CE,283.45,283.0,283.75,192266,24548,-1414,8.33
2026-09-23 15:16:53,23431.35,2026-09-29,23200.0,PE,33.45,33.3,33.4,848203,105906,42220,10.27
2026-09-23 15:16:53,23431.35,2026-09-29,23250.0,CE,242.35,242.0,242.4,153504,16866,1780,8.36
2026-09-23 15:16:53,23431.35,2026-09-29,23250.0,PE,42.2,42.15,42.25,667059,66862,43646,10.04
2026-09-23 15:16:53,23431.35,2026-09-29,23300.0,CE,203.8,203.35,203.85,888495,70848,-10183,8.36
2026-09-23 15:16:53,23431.35,2026-09-29,23300.0,PE,53.8,53.8,53.9,1651646,163316,56803,9.88
2026-09-23 15:16:53,23431.35,2026-09-29,23350.0,CE,167.65,167.4,167.75,1147030,34471,-1212,8.33
2026-09-23 15:16:53,23431.35,2026-09-29,23350.0,PE,67.8,67.8,67.95,1737615,84785,55160,9.69
2026-09-23 15:16:53,23431.35,2026-09-29,23400.0,CE,135.35,135.05,135.35,2979748,142194,31074,8.28
2026-09-23 15:16:53,23431.35,2026-09-29,23400.0,PE,85.5,85.3,85.5,3388582,230268,136244,9.6
2026-09-23 15:16:53,23431.35,2026-09-29,23450.0,CE,107.05,106.8,107.05,2103433,84463,56665,8.27
2026-09-23 15:16:53,23431.35,2026-09-29,23450.0,PE,106.25,106.25,106.5,1677011,76231,63433,9.5
2026-09-23 15:16:53,23431.35,2026-09-29,23500.0,CE,82.3,82.3,82.55,2563410,189620,51474,8.24
2026-09-23 15:16:53,23431.35,2026-09-29,23500.0,PE,131.25,131.35,131.65,1325397,129569,38117,9.5
2026-09-23 15:16:53,23431.35,2026-09-29,23550.0,CE,61.6,61.55,61.6,1100564,67244,43503,8.16
2026-09-23 15:16:53,23431.35,2026-09-29,23550.0,PE,160.75,160.6,161.05,268550,13611,9384,9.52
2026-09-23 15:16:53,23431.35,2026-09-29,23600.0,CE,45.05,44.95,45.0,1402011,116448,50898,8.15
2026-09-23 15:16:53,23431.35,2026-09-29,23600.0,PE,194.35,194.25,194.75,325594,31374,10568,9.64
2026-09-23 15:16:53,23431.35,2026-09-29,23650.0,CE,32.55,32.5,32.6,787609,53670,24364,8.19
2026-09-23 15:16:53,23431.35,2026-09-29,23650.0,PE,231.8,231.5,232.05,60365,6037,1946,9.89
2026-09-23 15:16:53,23431.35,2026-09-29,23700.0,CE,23.25,23.2,23.3,1034151,109488,29323,8.27
2026-09-23 15:16:53,23431.35,2026-09-29,23700.0,PE,273.4,272.7,273.35,76154,16927,1415,10.08
2026-09-23 15:16:53,23431.35,2026-09-29,23750.0,CE,16.6,16.5,16.6,456103,39366,12391,8.38
2026-09-23 15:16:53,23431.35,2026-09-29,23750.0,PE,314.4,315.15,316.0,12443,3888,454,10.51
2026-09-23 15:16:53,23431.35,2026-09-29,23800.0,CE,11.75,11.7,11.75,809657,130358,32451,8.52
2026-09-23 15:16:53,23431.35,2026-09-29,23800.0,PE,360.65,360.75,361.75,33370,24021,-2160,11.18
2026-09-23 15:16:53,23431.35,2026-09-29,23850.0,CE,8.65,8.6,8.65,386823,40964,18427,8.76
2026-09-23 15:16:53,23431.35,2026-09-29,23850.0,PE,407.8,407.15,408.7,2630,1980,94,11.8
2026-09-23 15:16:53,23431.35,2026-09-29,23900.0,CE,6.6,6.6,6.65,524086,106799,41117,9.07
2026-09-23 15:16:53,23431.35,2026-09-29,23900.0,PE,455.35,454.85,456.3,6717,15069,-512,12.41
2026-09-23 15:16:53,23431.35,2026-09-29,23950.0,CE,5.4,5.35,5.4,250433,25075,5735,9.48
2026-09-23 15:16:53,23431.35,2026-09-29,23950.0,PE,512.2,502.8,505.35,847,2172,52,13.29
2026-09-23 15:17:53,23431.35,2026-09-29,22950.0,CE,510.25,510.55,512.75,1864,632,471,
2026-09-23 15:17:53,23431.35,2026-09-29,22950.0,PE,11.3,11.25,11.3,240005,28316,14366,11.81
2026-09-23 15:17:53,23431.35,2026-09-29,23000.0,CE,463.9,463.55,464.8,36279,21166,-390,
2026-09-23 15:17:53,23431.35,2026-09-29,23000.0,PE,13.9,13.9,13.95,816728,195896,49493,11.51
2026-09-23 15:17:53,23431.35,2026-09-29,23050.0,CE,419.0,415.9,417.2,4272,1293,569,7.02
2026-09-23 15:17:53,23431.35,2026-09-29,23050.0,PE,16.9,16.85,16.95,296851,28638,14684,11.1
2026-09-23 15:17:53,23431.35,2026-09-29,23100.0,CE,372.0,370.45,371.4,43026,9384,2642,7.9
2026-09-23 15:17:53,23431.35,2026-09-29,23100.0,PE,21.1,21.1,21.2,594868,67969,23477,10.8
2026-09-23 15:17:53,23431.35,2026-09-29,23150.0,CE,327.65,325.9,326.75,22734,3994,1402,8.19
2026-09-23 15:17:53,23431.35,2026-09-29,23150.0,PE,26.35,26.4,26.5,440986,37431,15347,10.54
2026-09-23 15:17:53,23431.35,2026-09-29,23200.0,CE,282.5,282.55,283.2,192741,24376,-1586,8.33
2026-09-23 15:17:53,23431.35,2026-09-29,23200.0,PE,33.45,33.4,33.5,850379,105325,41639,10.27
2026-09-23 15:17:53,23431.35,2026-09-29,23250.0,CE,242.75,241.7,242.15,153669,16658,1572,8.36
2026-09-23 15:17:53,23431.35,2026-09-29,23250.0,PE,42.25,42.25,42.35,669578,65556,42340,10.04
2026-09-23 15:17:53,23431.35,2026-09-29,23300.0,CE,203.45,203.45,203.95,890466,69646,-11385,8.36
2026-09-23 15:17:53,23431.35,2026-09-29,23300.0,PE,53.95,53.85,53.95,1656004,161158,54645,9.88
2026-09-23 15:17:53,23431.35,2026-09-29,23350.0,CE,167.2,167.2,167.65,1148674,33554,-2129,8.33
2026-09-23 15:17:53,23431.35,2026-09-29,23350.0,PE,67.75,67.75,67.9,1742454,81937,52312,9.69
2026-09-23 15:17:53,23431.35,2026-09-29,23400.0,CE,135.3,135.0,135.3,2985945,139098,27978,8.28
2026-09-23 15:17:53,23431.35,2026-09-29,23400.0,PE,85.7,85.4,85.6,3397553,225276,131252,9.6
2026-09-23 15:17:53,23431.35,2026-09-29,23450.0,CE,107.35,107.25,107.35,2109166,83636,55838,8.27
2026-09-23 15:17:53,23431.35,2026-09-29,23450.0,PE,106.4,106.25,106.4,1681728,73742,60944,9.5
2026-09-23 15:17:53,23431.35,2026-09-29,23500.0,CE,82.3,82.25,82.5,2569450,189604,51458,8.24
2026-09-23 15:17:53,23431.35,2026-09-29,23500.0,PE,131.75,131.75,132.0,1328909,127262,35810,9.5
2026-09-23 15:17:53,23431.35,2026-09-29,23550.0,CE,61.5,61.45,61.65,1103555,67956,44215,8.16
2026-09-23 15:17:53,23431.35,2026-09-29,23550.0,PE,161.45,161.15,161.55,269038,13159,8932,9.52
2026-09-23 15:17:53,23431.35,2026-09-29,23600.0,CE,45.0,44.95,45.05,1405047,115881,50331,8.15
2026-09-23 15:17:53,23431.35,2026-09-29,23600.0,PE,194.05,194.5,194.95,326472,30641,9835,9.64
2026-09-23 15:17:53,23431.35,2026-09-29,23650.0,CE,32.6,32.6,32.65,789067,53511,24205,8.19
2026-09-23 15:17:53,23431.35,2026-09-29,23650.0,PE,231.6,231.7,232.2,60475,5959,1868,9.89
2026-09-23 15:17:53,23431.35,2026-09-29,23700.0,CE,23.35,23.3,23.35,1035903,109752,29587,8.27
2026-09-23 15:17:53,23431.35,2026-09-29,23700.0,PE,273.25,272.7,273.4,76303,16866,1354,10.08
2026-09-23 15:17:53,23431.35,2026-09-29,23750.0,CE,16.6,16.55,16.65,456926,39369,12394,8.38
2026-09-23 15:17:53,23431.35,2026-09-29,23750.0,PE,315.5,315.7,316.55,12453,3906,472,10.51
2026-09-23 15:17:53,23431.35,2026-09-29,23800.0,CE,11.75,11.75,11.8,810625,130318,32411,8.52
2026-09-23 15:17:53,23431.35,2026-09-29,23800.0,PE,360.8,360.55,361.55,33445,24011,-2170,11.18
2026-09-23 15:17:53,23431.35,2026-09-29,23850.0,CE,8.65,8.65,8.7,387734,41005,18468,8.76
2026-09-23 15:17:53,23431.35,2026-09-29,23850.0,PE,405.35,407.25,408.7,2649,1978,92,11.8
2026-09-23 15:17:53,23431.35,2026-09-29,23900.0,CE,6.65,6.65,6.7,525853,107525,41843,9.07
2026-09-23 15:17:53,23431.35,2026-09-29,23900.0,PE,454.05,455.35,456.7,6730,15063,-518,12.41
2026-09-23 15:17:53,23431.35,2026-09-29,23950.0,CE,5.4,5.4,5.45,250686,25033,5693,9.48
2026-09-23 15:17:53,23431.35,2026-09-29,23950.0,PE,512.2,503.5,505.6,847,2172,52,13.29
2026-09-23 15:18:54,23431.35,2026-09-29,22950.0,CE,511.7,509.9,511.75,1865,632,471,
2026-09-23 15:18:54,23431.35,2026-09-29,22950.0,PE,11.4,11.35,11.4,240363,28316,14366,11.81
2026-09-23 15:18:54,23431.35,2026-09-29,23000.0,CE,465.0,463.05,464.45,36495,21166,-390,
2026-09-23 15:18:54,23431.35,2026-09-29,23000.0,PE,14.05,13.95,14.05,818318,195896,49493,11.51
2026-09-23 15:18:54,23431.35,2026-09-29,23050.0,CE,416.9,415.8,416.95,4280,1294,570,7.02
2026-09-23 15:18:54,23431.35,2026-09-29,23050.0,PE,17.05,17.0,17.05,297672,28638,14684,11.1
2026-09-23 15:18:54,23431.35,2026-09-29,23100.0,CE,370.45,370.0,371.1,43045,9384,2642,7.9
2026-09-23 15:18:54,23431.35,2026-09-29,23100.0,PE,21.2,21.2,21.3,595658,67969,23477,10.8
2026-09-23 15:18:54,23431.35,2026-09-29,23150.0,CE,325.85,326.15,326.95,22745,3989,1397,8.19
2026-09-23 15:18:54,23431.35,2026-09-29,23150.0,PE,26.6,26.55,26.7,441496,37431,15347,10.54
2026-09-23 15:18:54,23431.35,2026-09-29,23200.0,CE,283.65,282.5,283.2,192965,24376,-1586,8.33
2026-09-23 15:18:54,23431.35,2026-09-29,23200.0,PE,33.65,33.5,33.65,851173,105325,41639,10.27
2026-09-23 15:18:54,23431.35,2026-09-29,23250.0,CE,242.15,241.65,242.2,153732,16658,1572,8.36
2026-09-23 15:18:54,23431.35,2026-09-29,23250.0,PE,42.3,42.3,42.45,670340,65556,42340,10.04
2026-09-23 15:18:54,23431.35,2026-09-29,23300.0,CE,203.5,202.95,203.45,891038,69646,-11385,8.36
2026-09-23 15:18:54,23431.35,2026-09-29,23300.0,PE,54.05,54.05,54.2,1657696,161158,54645,9.88
2026-09-23 15:18:54,23431.35,2026-09-29,23350.0,CE,167.5,167.45,167.7,1149208,33554,-2129,8.33
2026-09-23 15:18:54,23431.35,2026-09-29,23350.0,PE,68.0,67.9,68.1,1744574,81937,52312,9.69
2026-09-23 15:18:54,23431.35,2026-09-29,23400.0,CE,134.9,134.9,135.25,2989627,139098,27978,8.28
2026-09-23 15:18:54,23431.35,2026-09-29,23400.0,PE,85.75,85.55,85.8,3401553,225276,131252,9.6
2026-09-23 15:18:54,23431.35,2026-09-29,23450.0,CE,106.85,106.9,107.15,2111339,83636,55838,8.27
2026-09-23 15:18:54,23431.35,2026-09-29,23450.0,PE,106.4,106.45,106.7,1683765,73742,60944,9.5
2026-09-23 15:18:54,23431.35,2026-09-29,23500.0,CE,82.4,82.35,82.6,2572783,189604,51458,8.24
2026-09-23 15:18:54,23431.35,2026-09-29,23500.0,PE,132.3,131.9,132.2,1330286,127262,35810,9.5
2026-09-23 15:18:54,23431.35,2026-09-29,23550.0,CE,61.75,61.6,61.75,1105189,67956,44215,8.16
2026-09-23 15:18:54,23431.35,2026-09-29,23550.0,PE,161.85,161.55,161.85,269183,13159,8932,9.52
2026-09-23 15:18:54,23431.35,2026-09-29,23600.0,CE,44.95,44.95,45.1,1406822,115881,50331,8.15
2026-09-23 15:18:54,23431.35,2026-09-29,23600.0,PE,195.0,194.7,195.0,326750,30641,9835,9.64
2026-09-23 15:18:54,23431.35,2026-09-29,23650.0,CE,32.7,32.6,32.7,789533,53511,24205,8.19
2026-09-23 15:18:54,23431.35,2026-09-29,23650.0,PE,233.0,232.25,232.85,60518,5959,1868,9.89
2026-09-23 15:18:54,23431.35,2026-09-29,23700.0,CE,23.35,23.3,23.35,1036939,109752,29587,8.27
2026-09-23 15:18:54,23431.35,2026-09-29,23700.0,PE,272.2,272.8,273.6,76359,16866,1354,10.08
2026-09-23 15:18:54,23431.35,2026-09-29,23750.0,CE,16.7,16.65,16.7,457537,39369,12394,8.38
2026-09-23 15:18:54,23431.35,2026-09-29,23750.0,PE,315.9,316.05,316.9,12459,3905,471,10.51
2026-09-23 15:18:54,23431.35,2026-09-29,23800.0,CE,11.85,11.8,11.85,812281,130318,32411,8.52
2026-09-23 15:18:54,23431.35,2026-09-29,23800.0,PE,362.15,361.05,362.1,33467,24017,-2164,11.18
2026-09-23 15:18:54,23431.35,2026-09-29,23850.0,CE,8.75,8.7,8.8,388331,41005,18468,8.76
2026-09-23 15:18:54,23431.35,2026-09-29,23850.0,PE,409.0,408.05,409.55,2650,1978,92,11.8
2026-09-23 15:18:54,23431.35,2026-09-29,23900.0,CE,6.8,6.7,6.75,526544,107525,41843,9.07
2026-09-23 15:18:54,23431.35,2026-09-29,23900.0,PE,455.85,455.65,456.95,6733,15063,-518,12.41
2026-09-23 15:18:54,23431.35,2026-09-29,23950.0,CE,5.45,5.45,5.5,250781,25033,5693,9.48
2026-09-23 15:18:54,23431.35,2026-09-29,23950.0,PE,512.2,503.1,505.9,847,2172,52,13.29
2026-09-23 15:19:54,23431.35,2026-09-29,22950.0,CE,511.7,507.95,509.85,1865,632,471,
2026-09-23 15:19:54,23431.35,2026-09-29,22950.0,PE,11.6,11.55,11.6,240829,28157,14207,11.81
2026-09-23 15:19:54,23431.35,2026-09-29,23000.0,CE,462.05,460.7,462.05,36694,21092,-464,
2026-09-23 15:19:54,23431.35,2026-09-29,23000.0,PE,14.25,14.2,14.25,820060,195533,49130,11.51
2026-09-23 15:19:54,23431.35,2026-09-29,23050.0,CE,413.35,413.35,414.65,4286,1294,570,7.02
2026-09-23 15:19:54,23431.35,2026-09-29,23050.0,PE,17.25,17.2,17.25,298087,28475,14521,11.1
2026-09-23 15:19:54,23431.35,2026-09-29,23100.0,CE,368.05,367.85,368.7,43052,9383,2641,7.9
2026-09-23 15:19:54,23431.35,2026-09-29,23100.0,PE,21.55,21.45,21.55,596814,67776,23284,10.8
2026-09-23 15:19:54,23431.35,2026-09-29,23150.0,CE,324.0,324.1,324.6,22763,3987,1395,8.19
2026-09-23 15:19:54,23431.35,2026-09-29,23150.0,PE,26.85,26.8,26.9,442244,37301,15217,10.54
2026-09-23 15:19:54,23431.35,2026-09-29,23200.0,CE,280.2,280.3,281.0,193150,24344,-1618,8.33
2026-09-23 15:19:54,23431.35,2026-09-29,23200.0,PE,33.95,33.85,34.0,852857,105437,41751,10.27
2026-09-23 15:19:54,23431.35,2026-09-29,23250.0,CE,240.1,239.45,240.0,153806,16648,1562,8.36
2026-09-23 15:19:54,23431.35,2026-09-29,23250.0,PE,42.65,42.7,42.75,671004,65492,42276,10.04
2026-09-23 15:19:54,23431.35,2026-09-29,23300.0,CE,201.6,201.1,201.6,892270,69585,-11446,8.36
2026-09-23 15:19:54,23431.35,2026-09-29,23300.0,PE,54.6,54.55,54.65,1660727,160248,53735,9.88
2026-09-23 15:19:54,23431.35,2026-09-29,23350.0,CE,165.9,165.45,165.9,1150237,33366,-2317,8.33
2026-09-23 15:19:54,23431.35,2026-09-29,23350.0,PE,68.45,68.45,68.6,1746603,81646,52021,9.69
2026-09-23 15:19:54,23431.35,2026-09-29,23400.0,CE,133.15,133.15,133.35,2994192,138247,27127,8.28
2026-09-23 15:19:54,23431.35,2026-09-29,23400.0,PE,86.55,86.35,86.55,3407713,224412,130388,9.6
2026-09-23 15:19:54,23431.35,2026-09-29,23450.0,CE,105.6,105.3,105.6,2116391,81883,54085,8.27
2026-09-23 15:19:54,23431.35,2026-09-29,23450.0,PE,107.35,107.35,107.6,1687120,73376,60578,9.5
2026-09-23 15:19:54,23431.35,2026-09-29,23500.0,CE,80.95,81.0,81.2,2578925,188357,50211,8.24
2026-09-23 15:19:54,23431.35,2026-09-29,23500.0,PE,133.35,133.0,133.35,1332359,126906,35454,9.5
2026-09-23 15:19:54,23431.35,2026-09-29,23550.0,CE,60.5,60.5,60.6,1107894,68443,44702,8.16
2026-09-23 15:19:54,23431.35,2026-09-29,23550.0,PE,163.1,162.65,163.1,269638,12999,8772,9.52
2026-09-23 15:19:54,23431.35,2026-09-29,23600.0,CE,44.2,44.05,44.15,1410649,115594,50044,8.15
2026-09-23 15:19:54,23431.35,2026-09-29,23600.0,PE,196.2,196.2,196.7,327669,30591,9785,9.64
2026-09-23 15:19:54,23431.35,2026-09-29,23650.0,CE,32.0,31.85,32.0,791168,52873,23567,8.19
2026-09-23 15:19:54,23431.35,2026-09-29,23650.0,PE,234.05,233.9,234.3,60555,5950,1859,9.89
2026-09-23 15:19:54,23431.35,2026-09-29,23700.0,CE,22.8,22.8,22.9,1039165,109420,29255,8.27
2026-09-23 15:19:54,23431.35,2026-09-29,23700.0,PE,274.7,274.6,275.25,76440,16870,1358,10.08
2026-09-23 15:19:54,23431.35,2026-09-29,23750.0,CE,16.3,16.25,16.3,458600,39366,12391,8.38
2026-09-23 15:19:54,23431.35,2026-09-29,23750.0,PE,320.1,318.2,319.15,12489,3892,458,10.51
2026-09-23 15:19:54,23431.35,2026-09-29,23800.0,CE,11.65,11.55,11.65,814360,130253,32346,8.52
2026-09-23 15:19:54,23431.35,2026-09-29,23800.0,PE,364.35,363.25,364.25,33497,24017,-2164,11.18
2026-09-23 15:19:54,23431.35,2026-09-29,23850.0,CE,8.65,8.6,8.65,388919,40976,18439,8.76
2026-09-23 15:19:54,23431.35,2026-09-29,23850.0,PE,412.25,410.5,411.9,2658,1978,92,11.8
2026-09-23 15:19:54,23431.35,2026-09-29,23900.0,CE,6.7,6.65,6.7,528396,107368,41686,9.07
2026-09-23 15:19:54,23431.35,2026-09-29,23900.0,PE,459.05,458.25,459.5,6740,15062,-519,12.41
2026-09-23 15:19:54,23431.35,2026-09-29,23950.0,CE,5.4,5.4,5.45,251235,25091,5751,9.48
2026-09-23 15:19:54,23431.35,2026-09-29,23950.0,PE,512.2,506.05,508.4,847,2172,52,13.29
2026-09-23 15:20:54,23431.35,2026-09-29,22950.0,CE,511.7,507.9,509.9,1865,632,471,
2026-09-23 15:20:54,23431.35,2026-09-29,22950.0,PE,11.5,11.45,11.5,241195,28113,14163,11.81
2026-09-23 15:20:54,23431.35,2026-09-29,23000.0,CE,461.25,460.9,462.05,36703,21046,-510,
2026-09-23 15:20:54,23431.35,2026-09-29,23000.0,PE,14.2,14.15,14.25,821648,194884,48481,11.51
2026-09-23 15:20:54,23431.35,2026-09-29,23050.0,CE,413.25,413.45,414.85,4287,1292,568,7.02
2026-09-23 15:20:54,23431.35,2026-09-29,23050.0,PE,17.25,17.15,17.25,298543,28518,14564,11.1
2026-09-23 15:20:54,23431.35,2026-09-29,23100.0,CE,367.05,367.65,368.5,43055,9406,2664,7.9
2026-09-23 15:20:54,23431.35,2026-09-29,23100.0,PE,21.5,21.45,21.5,597338,67490,22998,10.8
2026-09-23 15:20:54,23431.35,2026-09-29,23150.0,CE,324.0,323.65,324.45,22782,3982,1390,8.19
2026-09-23 15:20:54,23431.35,2026-09-29,23150.0,PE,26.9,26.8,26.9,442720,37292,15208,10.54
2026-09-23 15:20:54,23431.35,2026-09-29,23200.0,CE,279.7,280.05,280.7,193284,24303,-1659,8.33
2026-09-23 15:20:54,23431.35,2026-09-29,23200.0,PE,33.9,33.75,33.9,854042,105260,41574,10.27
2026-09-23 15:20:54,23431.35,2026-09-29,23250.0,CE,239.5,239.45,240.0,153833,16636,1550,8.36
2026-09-23 15:20:54,23431.35,2026-09-29,23250.0,PE,42.65,42.6,42.75,672127,65369,42153,10.04
2026-09-23 15:20:54,23431.35,2026-09-29,23300.0,CE,200.9,201.25,201.35,892609,69716,-11315,8.36
2026-09-23 15:20:54,23431.35,2026-09-29,23300.0,PE,54.6,54.45,54.6,1662274,159606,53093,9.88
2026-09-23 15:20:54,23431.35,2026-09-29,23350.0,CE,165.65,165.4,165.7,1150716,33194,-2489,8.33
2026-09-23 15:20:54,23431.35,2026-09-29,23350.0,PE,68.45,68.45,68.6,1748165,81173,51548,9.69
2026-09-23 15:20:54,23431.35,2026-09-29,23400.0,CE,133.35,133.15,133.5,2995698,138149,27029,8.28
2026-09-23 15:20:54,23431.35,2026-09-29,23400.0,PE,86.5,86.35,86.55,3410855,223488,129464,9.6
2026-09-23 15:20:54,23431.35,2026-09-29,23450.0,CE,105.6,105.2,105.5,2117899,81444,53646,8.27
2026-09-23 15:20:54,23431.35,2026-09-29,23450.0,PE,107.35,107.5,107.8,1689034,73309,60511,9.5
2026-09-23 15:20:54,23431.35,2026-09-29,23500.0,CE,81.0,80.95,81.0,2581024,188315,50169,8.24
2026-09-23 15:20:54,23431.35,2026-09-29,23500.0,PE,133.35,133.35,133.6,1333416,126726,35274,9.5
2026-09-23 15:20:54,23431.35,2026-09-29,23550.0,CE,60.45,60.45,60.6,1108959,68553,44812,8.16
2026-09-23 15:20:54,23431.35,2026-09-29,23550.0,PE,163.45,163.0,163.35,269757,12899,8672,9.52
2026-09-23 15:20:54,23431.35,2026-09-29,23600.0,CE,44.2,44.05,44.2,1412069,115868,50318,8.15
2026-09-23 15:20:54,23431.35,2026-09-29,23600.0,PE,196.85,196.3,196.75,327936,30594,9788,9.64
2026-09-23 15:20:54,23431.35,2026-09-29,23650.0,CE,32.0,31.9,32.0,792033,53183,23877,8.19
2026-09-23 15:20:54,23431.35,2026-09-29,23650.0,PE,234.05,234.05,234.45,60614,5901,1810,9.89
2026-09-23 15:20:54,23431.35,2026-09-29,23700.0,CE,22.85,22.75,22.85,1040026,109445,29280,8.27
2026-09-23 15:20:54,23431.35,2026-09-29,23700.0,PE,276.75,274.65,275.35,76493,16830,1318,10.08
2026-09-23 15:20:54,23431.35,2026-09-29,23750.0,CE,16.3,16.3,16.35,459019,39428,12453,8.38
2026-09-23 15:20:54,23431.35,2026-09-29,23750.0,PE,320.7,318.25,319.0,12507,3914,480,10.51
2026-09-23 15:20:54,23431.35,2026-09-29,23800.0,CE,11.65,11.55,11.65,814950,130216,32309,8.52
2026-09-23 15:20:54,23431.35,2026-09-29,23800.0,PE,364.15,363.35,364.35,33523,24012,-2169,11.18
2026-09-23 15:20:54,23431.35,2026-09-29,23850.0,CE,8.65,8.6,8.65,389526,41238,18701,8.76
2026-09-23 15:20:54,23431.35,2026-09-29,23850.0,PE,412.25,410.35,411.75,2658,1978,92,11.8
2026-09-23 15:20:54,23431.35,2026-09-29,23900.0,CE,6.7,6.65,6.7,529575,107580,41898,9.07
2026-09-23 15:20:54,23431.35,2026-09-29,23900.0,PE,460.6,458.0,459.35,6743,15058,-523,12.41
2026-09-23 15:20:54,23431.35,2026-09-29,23950.0,CE,5.4,5.4,5.45,251533,25073,5733,9.48
2026-09-23 15:20:54,23431.35,2026-09-29,23950.0,PE,512.2,506.05,508.45,847,2172,52,13.29
2026-09-23 15:21:54,23431.35,2026-09-29,22950.0,CE,516.55,515.0,516.7,1882,623,462,
2026-09-23 15:21:54,23431.35,2026-09-29,22950.0,PE,10.8,10.8,10.85,243865,28664,14714,11.95
2026-09-23 15:21:54,23431.35,2026-09-29,23000.0,CE,469.65,467.15,468.4,36955,20969,-587,
2026-09-23 15:21:54,23431.35,2026-09-29,23000.0,PE,13.35,13.3,13.4,831976,194718,48315,11.66
2026-09-23 15:21:54,23431.35,2026-09-29,23050.0,CE,421.0,419.55,420.8,4338,1295,571,
2026-09-23 15:21:54,23431.35,2026-09-29,23050.0,PE,16.15,16.15,16.25,301016,28374,14420,11.3
2026-09-23 15:21:54,23431.35,2026-09-29,23100.0,CE,375.0,373.8,374.4,43866,9261,2519,
2026-09-23 15:21:54,23431.35,2026-09-29,23100.0,PE,20.3,20.25,20.3,602587,66850,22358,11.01
2026-09-23 15:21:54,23431.35,2026-09-29,23150.0,CE,330.75,329.15,330.0,23327,3999,1407,7.07
2026-09-23 15:21:54,23431.35,2026-09-29,23150.0,PE,25.3,25.25,25.4,447110,36846,14762,10.74
2026-09-23 15:21:54,23431.35,2026-09-29,23200.0,CE,285.6,285.6,286.05,195073,23813,-2149,7.26
2026-09-23 15:21:54,23431.35,2026-09-29,23200.0,PE,32.1,32.05,32.1,863150,104570,40884,10.51
2026-09-23 15:21:54,23431.35,2026-09-29,23250.0,CE,245.7,244.4,244.9,154939,16513,1427,7.6
2026-09-23 15:21:54,23431.35,2026-09-29,23250.0,PE,40.65,40.55,40.65,679428,64775,41559,10.27
2026-09-23 15:21:54,23431.35,2026-09-29,23300.0,CE,205.4,205.4,205.8,897163,69298,-11733,7.77
2026-09-23 15:21:54,23431.35,2026-09-29,23300.0,PE,51.8,51.8,51.95,1679925,158269,51756,10.13
2026-09-23 15:21:54,23431.35,2026-09-29,23350.0,CE,169.45,169.45,169.8,1155301,32643,-3040,7.86
2026-09-23 15:21:54,23431.35,2026-09-29,23350.0,PE,65.5,65.4,65.6,1759420,79690,50065,9.95
2026-09-23 15:21:54,23431.35,2026-09-29,23400.0,CE,137.0,136.7,136.95,3014202,136394,25274,7.91
2026-09-23 15:21:54,23431.35,2026-09-29,23400.0,PE,82.9,82.65,82.9,3434780,220948,126924,9.84
2026-09-23 15:21:54,23431.35,2026-09-29,23450.0,CE,108.45,108.2,108.45,2133205,79620,51822,7.97
2026-09-23 15:21:54,23431.35,2026-09-29,23450.0,PE,103.65,103.4,103.65,1703980,72236,59438,9.77
2026-09-23 15:21:54,23431.35,2026-09-29,23500.0,CE,83.6,83.35,83.55,2600647,186155,48009,7.95
2026-09-23 15:21:54,23431.35,2026-09-29,23500.0,PE,128.6,128.65,128.8,1344981,125834,34382,9.84
2026-09-23 15:21:54,23431.35,2026-09-29,23550.0,CE,62.35,62.35,62.5,1118804,68739,44998,7.95
2026-09-23 15:21:54,23431.35,2026-09-29,23550.0,PE,158.2,158.0,158.2,272671,13000,8773,9.94
2026-09-23 15:21:54,23431.35,2026-09-29,23600.0,CE,45.75,45.55,45.7,1424671,115452,49902,7.95
2026-09-23 15:21:54,23431.35,2026-09-29,23600.0,PE,190.95,190.7,190.95,331007,30703,9897,10.08
2026-09-23 15:21:54,23431.35,2026-09-29,23650.0,CE,33.0,33.0,33.05,799657,52970,23664,8.02
2026-09-23 15:21:54,23431.35,2026-09-29,23650.0,PE,227.95,228.15,228.45,61684,6046,1955,10.34
2026-09-23 15:21:54,23431.35,2026-09-29,23700.0,CE,23.7,23.55,23.65,1047839,108837,28672,8.12
2026-09-23 15:21:54,23431.35,2026-09-29,23700.0,PE,268.6,268.5,269.15,77336,16903,1391,10.73
2026-09-23 15:21:54,23431.35,2026-09-29,23750.0,CE,16.75,16.75,16.85,463085,39178,12203,8.24
2026-09-23 15:21:54,23431.35,2026-09-29,23750.0,PE,310.0,311.5,312.35,12980,3977,543,11.25
2026-09-23 15:21:54,23431.35,2026-09-29,23800.0,CE,11.85,11.85,11.95,819742,130059,32152,8.4
2026-09-23 15:21:54,23431.35,2026-09-29,23800.0,PE,356.0,356.85,357.85,33980,24053,-2128,11.81
2026-09-23 15:21:54,23431.35,2026-09-29,23850.0,CE,8.8,8.75,8.85,392933,41027,18490,8.67
2026-09-23 15:21:54,23431.35,2026-09-29,23850.0,PE,406.5,403.65,404.85,3004,2097,211,12.69
2026-09-23 15:21:54,23431.35,2026-09-29,23900.0,CE,6.8,6.75,6.8,536918,108971,43289,8.99
2026-09-23 15:21:54,23431.35,2026-09-29,23900.0,PE,449.3,451.15,452.6,6824,15062,-519,13.35
2026-09-23 15:21:54,23431.35,2026-09-29,23950.0,CE,5.5,5.45,5.5,254185,25014,5674,9.41
2026-09-23 15:21:54,23431.35,2026-09-29,23950.0,PE,500.45,500.45,501.4,850,2172,52,14.8
2026-09-23 15:22:54,23431.35,2026-09-29,22950.0,CE,515.15,514.35,516.25,1897,625,464,
2026-09-23 15:22:54,23431.35,2026-09-29,22950.0,PE,10.7,10.7,10.75,245486,28752,14802,11.95
2026-09-23 15:22:54,23431.35,2026-09-29,23000.0,CE,468.25,466.9,468.2,37012,20941,-615,
2026-09-23 15:22:54,23431.35,2026-09-29,23000.0,PE,13.3,13.25,13.3,837931,196034,49631,11.66
2026-09-23 15:22:54,23431.35,2026-09-29,23050.0,CE,419.2,419.4,420.45,4349,1300,576,
2026-09-23 15:22:54,23431.35,2026-09-29,23050.0,PE,16.05,16.05,16.1,302841,28496,14542,11.3
2026-09-23 15:22:54,23431.35,2026-09-29,23100.0,CE,373.45,373.25,374.15,43960,9220,2478,
2026-09-23 15:22:54,23431.35,2026-09-29,23100.0,PE,20.1,20.05,20.15,610527,66009,21517,11.01
2026-09-23 15:22:54,23431.35,2026-09-29,23150.0,CE,329.45,329.1,329.85,23412,3979,1387,7.07
2026-09-23 15:22:54,23431.35,2026-09-29,23150.0,PE,25.15,25.05,25.15,448890,36631,14547,10.74
2026-09-23 15:22:54,23431.35,2026-09-29,23200.0,CE,285.0,284.95,285.65,195412,23765,-2197,7.26
2026-09-23 15:22:54,23431.35,2026-09-29,23200.0,PE,31.85,31.75,31.85,867746,103398,39712,10.51
2026-09-23 15:22:54,23431.35,2026-09-29,23250.0,CE,243.8,243.65,244.25,155515,16514,1428,7.6
2026-09-23 15:22:54,23431.35,2026-09-29,23250.0,PE,40.35,40.15,40.35,682893,64110,40894,10.27
2026-09-23 15:22:54,23431.35,2026-09-29,23300.0,CE,205.0,205.0,205.45,898825,69122,-11909,7.77
2026-09-23 15:22:54,23431.35,2026-09-29,23300.0,PE,51.35,51.35,51.45,1690402,157308,50795,10.13
2026-09-23 15:22:54,23431.35,2026-09-29,23350.0,CE,169.2,168.85,169.2,1157682,32086,-3597,7.86
2026-09-23 15:22:54,23431.35,2026-09-29,23350.0,PE,65.15,65.1,65.3,1765043,78155,48530,9.95
2026-09-23 15:22:54,23431.35,2026-09-29,23400.0,CE,136.05,136.05,136.4,3021289,135835,24715,7.91
2026-09-23 15:22:54,23431.35,2026-09-29,23400.0,PE,82.6,82.35,82.6,3446377,219419,125395,9.84
2026-09-23 15:22:54,23431.35,2026-09-29,23450.0,CE,107.8,107.85,108.0,2139922,78039,50241,7.97
2026-09-23 15:22:54,23431.35,2026-09-29,23450.0,PE,103.1,103.1,103.35,1713026,71645,58847,9.77
2026-09-23 15:22:54,23431.35,2026-09-29,23500.0,CE,83.25,83.25,83.35,2610907,184344,46198,7.95
2026-09-23 15:22:54,23431.35,2026-09-29,23500.0,PE,128.2,128.2,128.3,1350272,125688,34236,9.84
2026-09-23 15:22:54,23431.35,2026-09-29,23550.0,CE,62.45,62.25,62.4,1124393,69602,45861,7.95
2026-09-23 15:22:54,23431.35,2026-09-29,23550.0,PE,157.9,157.85,158.25,274078,13259,9032,9.94
2026-09-23 15:22:54,23431.35,2026-09-29,23600.0,CE,45.6,45.5,45.6,1433059,114814,49264,7.95
2026-09-23 15:22:54,23431.35,2026-09-29,23600.0,PE,191.0,191.0,191.5,332653,30436,9630,10.08
2026-09-23 15:22:54,23431.35,2026-09-29,23650.0,CE,33.05,32.95,33.05,802964,52908,23602,8.02
2026-09-23 15:22:54,23431.35,2026-09-29,23650.0,PE,228.4,228.2,228.7,61885,6030,1939,10.34
2026-09-23 15:22:54,23431.35,2026-09-29,23700.0,CE,23.55,23.55,23.6,1052115,108370,28205,8.12
2026-09-23 15:22:54,23431.35,2026-09-29,23700.0,PE,268.75,268.65,269.25,77572,16857,1345,10.73
2026-09-23 15:22:54,23431.35,2026-09-29,23750.0,CE,16.8,16.8,16.85,465240,39067,12092,8.24
2026-09-23 15:22:54,23431.35,2026-09-29,23750.0,PE,312.5,311.85,312.6,13054,3972,538,11.25
2026-09-23 15:22:54,23431.35,2026-09-29,23800.0,CE,11.95,11.95,12.0,824643,130539,32632,8.4
2026-09-23 15:22:54,23431.35,2026-09-29,23800.0,PE,357.75,356.75,357.85,34094,24037,-2144,11.81
2026-09-23 15:22:54,23431.35,2026-09-29,23850.0,CE,8.85,8.8,8.85,394942,41022,18485,8.67
2026-09-23 15:22:54,23431.35,2026-09-29,23850.0,PE,404.95,403.4,404.8,3035,2086,200,12.69
2026-09-23 15:22:54,23431.35,2026-09-29,23900.0,CE,6.8,6.75,6.8,539237,108948,43266,8.99
2026-09-23 15:22:54,23431.35,2026-09-29,23900.0,PE,452.35,451.3,452.65,6832,15060,-521,13.35
2026-09-23 15:22:54,23431.35,2026-09-29,23950.0,CE,5.45,5.45,5.5,254808,24926,5586,9.41
2026-09-23 15:22:54,23431.35,2026-09-29,23950.0,PE,500.45,499.05,501.8,856,2172,52,14.8
2026-09-23 15:23:55,23431.35,2026-09-29,22950.0,CE,513.8,513.3,515.3,1899,625,464,
2026-09-23 15:23:55,23431.35,2026-09-29,22950.0,PE,11.1,11.05,11.1,246635,29530,15580,11.95
2026-09-23 15:23:55,23431.35,2026-09-29,23000.0,CE,467.0,464.8,466.1,37060,20941,-615,
2026-09-23 15:23:55,23431.35,2026-09-29,23000.0,PE,13.75,13.7,13.75,840663,195942,49539,11.66
2026-09-23 15:23:55,23431.35,2026-09-29,23050.0,CE,418.0,417.7,418.6,4355,1300,576,
2026-09-23 15:23:55,23431.35,2026-09-29,23050.0,PE,16.6,16.55,16.6,303502,27956,14002,11.3
2026-09-23 15:23:55,23431.35,2026-09-29,23100.0,CE,373.0,371.5,372.45,43977,9220,2478,
2026-09-23 15:23:55,23431.35,2026-09-29,23100.0,PE,20.6,20.6,20.65,612528,64890,20398,11.01
2026-09-23 15:23:55,23431.35,2026-09-29,23150.0,CE,327.3,327.75,328.65,23427,3979,1387,7.07
2026-09-23 15:23:55,23431.35,2026-09-29,23150.0,PE,25.7,25.65,25.75,450138,36221,14137,10.74
2026-09-23 15:23:55,23431.35,2026-09-29,23200.0,CE,284.15,283.85,284.15,195536,23716,-2246,7.26
2026-09-23 15:23:55,23431.35,2026-09-29,23200.0,PE,32.45,32.35,32.5,870259,102862,39176,10.51
2026-09-23 15:23:55,23431.35,2026-09-29,23250.0,CE,242.9,242.85,243.5,155618,16514,1428,7.6
2026-09-23 15:23:55,23431.35,2026-09-29,23250.0,PE,40.65,40.6,40.75,683972,63633,40417,10.27
2026-09-23 15:23:55,23431.35,2026-09-29,23300.0,CE,204.1,204.15,204.7,899685,68976,-12055,7.77
2026-09-23 15:23:55,23431.35,2026-09-29,23300.0,PE,52.1,51.95,52.1,1696300,155824,49311,10.13
2026-09-23 15:23:55,23431.35,2026-09-29,23350.0,CE,167.95,167.95,168.25,1158620,31402,-4281,7.86
2026-09-23 15:23:55,23431.35,2026-09-29,23350.0,PE,65.8,65.9,66.1,1768296,76917,47292,9.95
2026-09-23 15:23:55,23431.35,2026-09-29,23400.0,CE,135.1,135.1,135.15,3024411,134917,23797,7.91
2026-09-23 15:23:55,23431.35,2026-09-29,23400.0,PE,83.65,83.7,83.9,3451626,217099,123075,9.84
2026-09-23 15:23:55,23431.35,2026-09-29,23450.0,CE,106.95,106.95,107.2,2143113,77025,49227,7.97
2026-09-23 15:23:55,23431.35,2026-09-29,23450.0,PE,104.9,104.7,104.9,1716528,72649,59851,9.77
2026-09-23 15:23:55,23431.35,2026-09-29,23500.0,CE,82.7,82.65,82.85,2615741,183545,45399,7.95
2026-09-23 15:23:55,23431.35,2026-09-29,23500.0,PE,129.4,129.55,129.8,1352720,125589,34137,9.84
2026-09-23 15:23:55,23431.35,2026-09-29,23550.0,CE,61.9,61.9,62.05,1127194,69373,45632,7.95
2026-09-23 15:23:55,23431.35,2026-09-29,23550.0,PE,159.6,159.6,159.9,274494,13058,8831,9.94
2026-09-23 15:23:55,23431.35,2026-09-29,23600.0,CE,45.5,45.35,45.5,1437033,114167,48617,7.95
2026-09-23 15:23:55,23431.35,2026-09-29,23600.0,PE,192.5,192.2,192.65,333426,30093,9287,10.08
2026-09-23 15:23:55,23431.35,2026-09-29,23650.0,CE,32.95,32.85,32.95,804876,52522,23216,8.02
2026-09-23 15:23:55,23431.35,2026-09-29,23650.0,PE,230.95,229.6,230.05,61967,6000,1909,10.34
2026-09-23 15:23:55,23431.35,2026-09-29,23700.0,CE,23.5,23.45,23.55,1054072,106961,26796,8.12
2026-09-23 15:23:55,23431.35,2026-09-29,23700.0,PE,270.25,270.7,271.0,77890,16889,1377,10.73
2026-09-23 15:23:55,23431.35,2026-09-29,23750.0,CE,16.8,16.75,16.8,466013,39095,12120,8.24
2026-09-23 15:23:55,23431.35,2026-09-29,23750.0,PE,313.75,314.4,315.0,13095,3972,538,11.25
2026-09-23 15:23:55,23431.35,2026-09-29,23800.0,CE,11.95,11.95,12.0,826318,130707,32800,8.4
2026-09-23 15:23:55,23431.35,2026-09-29,23800.0,PE,359.0,359.15,359.35,34123,24007,-2174,11.81
2026-09-23 15:23:55,23431.35,2026-09-29,23850.0,CE,8.9,8.85,8.9,395783,41305,18768,8.67
2026-09-23 15:23:55,23431.35,2026-09-29,23850.0,PE,404.5,405.85,407.15,3039,2086,200,12.69
2026-09-23 15:23:55,23431.35,2026-09-29,23900.0,CE,6.8,6.8,6.85,540204,109248,43566,8.99
2026-09-23 15:23:55,23431.35,2026-09-29,23900.0,PE,452.6,453.4,454.6,6839,15060,-521,13.35
2026-09-23 15:23:55,23431.35,2026-09-29,23950.0,CE,5.55,5.5,5.55,255176,24815,5475,9.41
2026-09-23 15:23:55,23431.35,2026-09-29,23950.0,PE,500.45,500.5,501.95,856,2172,52,14.8
2026-09-23 15:24:55,23431.35,2026-09-29,22950.0,CE,513.8,511.85,515.6,1900,639,478,
2026-09-23 15:24:55,23431.35,2026-09-29,22950.0,PE,11.4,11.4,11.45,248519,29530,15580,11.95
2026-09-23 15:24:55,23431.35,2026-09-29,23000.0,CE,464.75,465.1,466.0,37071,20908,-648,
2026-09-23 15:24:55,23431.35,2026-09-29,23000.0,PE,14.05,14.0,14.1,842649,195942,49539,11.66
2026-09-23 15:24:55,23431.35,2026-09-29,23050.0,CE,417.0,418.35,419.7,4356,1300,576,
2026-09-23 15:24:55,23431.35,2026-09-29,23050.0,PE,16.9,16.9,17.0,304722,27956,14002,11.3
2026-09-23 15:24:55,23431.35,2026-09-29,23100.0,CE,373.7,372.15,373.25,44321,9208,2466,
2026-09-23 15:24:55,23431.35,2026-09-29,23100.0,PE,21.1,21.1,21.15,615450,64890,20398,11.01
2026-09-23 15:24:55,23431.35,2026-09-29,23150.0,CE,328.8,328.05,328.75,23754,3970,1378,7.07
2026-09-23 15:24:55,23431.35,2026-09-29,23150.0,PE,26.25,26.25,26.35,451797,36221,14137,10.74
2026-09-23 15:24:55,23431.35,2026-09-29,23200.0,CE,283.85,284.05,284.7,196083,23716,-2246,7.26
2026-09-23 15:24:55,23431.35,2026-09-29,23200.0,PE,33.15,33.1,33.2,872747,102862,39176,10.51
2026-09-23 15:24:55,23431.35,2026-09-29,23250.0,CE,243.4,243.35,243.85,156171,16371,1285,7.6
2026-09-23 15:24:55,23431.35,2026-09-29,23250.0,PE,41.65,41.55,41.7,686184,63633,40417,10.27
2026-09-23 15:24:55,23431.35,2026-09-29,23300.0,CE,204.5,204.45,204.95,900989,68976,-12055,7.77
2026-09-23 15:24:55,23431.35,2026-09-29,23300.0,PE,53.05,53.05,53.1,1700694,155824,49311,10.13
2026-09-23 15:24:55,23431.35,2026-09-29,23350.0,CE,168.4,168.35,168.7,1159964,31402,-4281,7.86
2026-09-23 15:24:55,23431.35,2026-09-29,23350.0,PE,66.9,66.85,67.0,1771486,76917,47292,9.95
2026-09-23 15:24:55,23431.35,2026-09-29,23400.0,CE,135.75,135.75,136.0,3027934,134917,23797,7.91
2026-09-23 15:24:55,23431.35,2026-09-29,23400.0,PE,84.3,84.25,84.45,3456841,217099,123075,9.84
2026-09-23 15:24:55,23431.35,2026-09-29,23450.0,CE,107.85,107.6,107.9,2146982,77025,49227,7.97
2026-09-23 15:24:55,23431.35,2026-09-29,23450.0,PE,105.35,105.25,105.5,1719879,72649,59851,9.77
2026-09-23 15:24:55,23431.35,2026-09-29,23500.0,CE,83.0,83.05,83.25,2620949,183545,45399,7.95
2026-09-23 15:24:55,23431.35,2026-09-29,23500.0,PE,130.75,130.7,131.05,1355655,125589,34137,9.84
2026-09-23 15:24:55,23431.35,2026-09-29,23550.0,CE,62.35,62.3,62.45,1129974,69373,45632,7.95
2026-09-23 15:24:55,23431.35,2026-09-29,23550.0,PE,160.3,160.35,160.8,275276,13058,8831,9.94
2026-09-23 15:24:55,23431.35,2026-09-29,23600.0,CE,45.8,45.7,45.8,1440536,114167,48617,7.95
2026-09-23 15:24:55,23431.35,2026-09-29,23600.0,PE,194.1,193.15,193.65,334282,30093,9287,10.08
2026-09-23 15:24:55,23431.35,2026-09-29,23650.0,CE,33.05,33.05,33.1,806600,52522,23216,8.02
2026-09-23 15:24:55,23431.35,2026-09-29,23650.0,PE,231.3,230.65,231.3,62103,6000,1909,10.34
2026-09-23 15:24:55,23431.35,2026-09-29,23700.0,CE,23.7,23.7,23.75,1056303,106961,26796,8.12
2026-09-23 15:24:55,23431.35,2026-09-29,23700.0,PE,271.2,271.1,271.7,78018,16889,1377,10.73
2026-09-23 15:24:55,23431.35,2026-09-29,23750.0,CE,16.95,16.95,17.05,467258,39095,12120,8.24
2026-09-23 15:24:55,23431.35,2026-09-29,23750.0,PE,315.95,315.0,315.3,13113,3973,539,11.25
2026-09-23 15:24:55,23431.35,2026-09-29,23800.0,CE,12.1,12.1,12.15,827614,130707,32800,8.4
2026-09-23 15:24:55,23431.35,2026-09-29,23800.0,PE,360.75,359.2,360.1,34191,24007,-2174,11.81
2026-09-23 15:24:55,23431.35,2026-09-29,23850.0,CE,9.0,8.95,9.0,397919,41305,18768,8.67
2026-09-23 15:24:55,23431.35,2026-09-29,23850.0,PE,408.0,405.5,406.7,3061,2086,200,12.69
2026-09-23 15:24:55,23431.35,2026-09-29,23900.0,CE,6.9,6.85,6.9,541532,109248,43566,8.99
2026-09-23 15:24:55,23431.35,2026-09-29,23900.0,PE,455.0,453.7,455.05,6852,15061,-520,13.35
2026-09-23 15:24:55,23431.35,2026-09-29,23950.0,CE,5.55,5.55,5.6,256043,24815,5475,9.41
2026-09-23 15:24:55,23431.35,2026-09-29,23950.0,PE,502.0,500.6,506.2,862,2172,52,14.8
2026-09-23 15:25:55,23431.35,2026-09-29,22950.0,CE,513.8,511.25,513.25,1900,640,479,
2026-09-23 15:25:55,23431.35,2026-09-29,22950.0,PE,11.15,11.15,11.2,249326,30089,16139,11.95
2026-09-23 15:25:55,23431.35,2026-09-29,23000.0,CE,466.0,465.15,466.2,37072,20898,-658,
2026-09-23 15:25:55,23431.35,2026-09-29,23000.0,PE,13.75,13.75,13.8,843291,195678,49275,11.66
2026-09-23 15:25:55,23431.35,2026-09-29,23050.0,CE,418.6,417.75,418.95,4360,1301,577,
2026-09-23 15:25:55,23431.35,2026-09-29,23050.0,PE,16.75,16.65,16.75,305085,27906,13952,11.3
2026-09-23 15:25:55,23431.35,2026-09-29,23100.0,CE,372.9,371.15,372.0,44337,9202,2460,
2026-09-23 15:25:55,23431.35,2026-09-29,23100.0,PE,20.8,20.8,20.9,616388,64626,20134,11.01
2026-09-23 15:25:55,23431.35,2026-09-29,23150.0,CE,328.1,327.5,328.2,23901,3966,1374,7.07
2026-09-23 15:25:55,23431.35,2026-09-29,23150.0,PE,25.95,25.9,26.0,452251,35799,13715,10.74
2026-09-23 15:25:55,23431.35,2026-09-29,23200.0,CE,283.6,283.0,283.7,196153,23719,-2243,7.26
2026-09-23 15:25:55,23431.35,2026-09-29,23200.0,PE,32.75,32.8,32.95,873548,102563,38877,10.51
2026-09-23 15:25:55,23431.35,2026-09-29,23250.0,CE,243.0,242.05,242.7,156212,16349,1263,7.6
2026-09-23 15:25:55,23431.35,2026-09-29,23250.0,PE,41.4,41.35,41.5,686937,63412,40196,10.27
2026-09-23 15:25:55,23431.35,2026-09-29,23300.0,CE,203.95,203.45,203.95,901259,68778,-12253,7.77
2026-09-23 15:25:55,23431.35,2026-09-29,23300.0,PE,52.8,52.75,52.95,1701987,155108,48595,10.13
2026-09-23 15:25:55,23431.35,2026-09-29,23350.0,CE,168.0,167.85,168.25,1160257,31163,-4520,7.86
2026-09-23 15:25:55,23431.35,2026-09-29,23350.0,PE,66.9,66.85,66.95,1772373,76348,46723,9.95
2026-09-23 15:25:55,23431.35,2026-09-29,23400.0,CE,135.15,134.9,135.15,3029508,134238,23118,7.91
2026-09-23 15:25:55,23431.35,2026-09-29,23400.0,PE,84.5,84.25,84.5,3459410,215718,121694,9.84
2026-09-23 15:25:55,23431.35,2026-09-29,23450.0,CE,106.75,106.75,107.0,2147991,76722,48924,7.97
2026-09-23 15:25:55,23431.35,2026-09-29,23450.0,PE,105.35,105.3,105.5,1720848,72124,59326,9.77
2026-09-23 15:25:55,23431.35,2026-09-29,23500.0,CE,82.75,82.65,82.8,2622498,183318,45172,7.95
2026-09-23 15:25:55,23431.35,2026-09-29,23500.0,PE,130.35,130.35,130.45,1356409,124824,33372,9.84
2026-09-23 15:25:55,23431.35,2026-09-29,23550.0,CE,61.85,61.7,61.9,1131177,69464,45723,7.95
2026-09-23 15:25:55,23431.35,2026-09-29,23550.0,PE,160.2,160.3,160.7,275547,12989,8762,9.94
2026-09-23 15:25:55,23431.35,2026-09-29,23600.0,CE,45.05,45.05,45.2,1442000,114177,48627,7.95
2026-09-23 15:25:55,23431.35,2026-09-29,23600.0,PE,193.15,193.5,193.7,334514,30016,9210,10.08
2026-09-23 15:25:55,23431.35,2026-09-29,23650.0,CE,32.7,32.55,32.7,807369,52486,23180,8.02
2026-09-23 15:25:55,23431.35,2026-09-29,23650.0,PE,230.0,230.9,231.45,62190,5981,1890,10.34
2026-09-23 15:25:55,23431.35,2026-09-29,23700.0,CE,23.45,23.4,23.5,1056985,106864,26699,8.12
2026-09-23 15:25:55,23431.35,2026-09-29,23700.0,PE,271.35,270.95,271.6,78025,16839,1327,10.73
2026-09-23 15:25:55,23431.35,2026-09-29,23750.0,CE,16.75,16.65,16.75,467924,38977,12002,8.24
2026-09-23 15:25:55,23431.35,2026-09-29,23750.0,PE,314.85,315.4,315.75,13140,3967,533,11.25
2026-09-23 15:25:55,23431.35,2026-09-29,23800.0,CE,11.85,11.8,11.85,828779,130618,32711,8.4
2026-09-23 15:25:55,23431.35,2026-09-29,23800.0,PE,358.95,359.75,360.75,34197,23998,-2183,11.81
2026-09-23 15:25:55,23431.35,2026-09-29,23850.0,CE,8.8,8.75,8.8,399102,41308,18771,8.67
2026-09-23 15:25:55,23431.35,2026-09-29,23850.0,PE,406.2,405.95,407.25,3062,2080,194,12.69
2026-09-23 15:25:55,23431.35,2026-09-29,23900.0,CE,6.7,6.7,6.75,542529,109431,43749,8.99
2026-09-23 15:25:55,23431.35,2026-09-29,23900.0,PE,455.0,453.8,455.0,6852,15058,-523,13.35
2026-09-23 15:25:55,23431.35,2026-09-29,23950.0,CE,5.45,5.45,5.5,256564,24890,5550,9.41
2026-09-23 15:25:55,23431.35,2026-09-29,23950.0,PE,502.0,501.65,504.85,862,2172,52,14.8
2026-09-23 15:26:55,23431.35,2026-09-29,22950.0,CE,513.8,511.9,513.95,1900,640,479,
2026-09-23 15:26:55,23431.35,2026-09-29,22950.0,PE,11.35,11.35,11.4,250568,30344,16394,11.95
2026-09-23 15:26:55,23431.35,2026-09-29,23000.0,CE,465.0,464.65,465.95,37104,20888,-668,
2026-09-23 15:26:55,23431.35,2026-09-29,23000.0,PE,14.0,14.0,14.05,845429,194936,48533,11.66
2026-09-23 15:26:55,23431.35,2026-09-29,23050.0,CE,418.3,417.35,418.7,4361,1301,577,
2026-09-23 15:26:55,23431.35,2026-09-29,23050.0,PE,16.8,16.85,16.9,305722,27941,13987,11.3
2026-09-23 15:26:55,23431.35,2026-09-29,23100.0,CE,372.55,371.45,372.35,44431,9170,2428,
2026-09-23 15:26:55,23431.35,2026-09-29,23100.0,PE,21.0,20.95,21.0,617795,64087,19595,11.01
2026-09-23 15:26:55,23431.35,2026-09-29,23150.0,CE,328.0,327.25,328.05,23974,3788,1196,7.07
2026-09-23 15:26:55,23431.35,2026-09-29,23150.0,PE,26.25,26.2,26.25,453595,35642,13558,10.74
2026-09-23 15:26:55,23431.35,2026-09-29,23200.0,CE,284.25,283.45,284.2,196365,23486,-2476,7.26
2026-09-23 15:26:55,23431.35,2026-09-29,23200.0,PE,32.9,32.9,33.0,875054,102461,38775,10.51
2026-09-23 15:26:55,23431.35,2026-09-29,23250.0,CE,243.05,242.45,243.0,156412,16056,970,7.6
2026-09-23 15:26:55,23431.35,2026-09-29,23250.0,PE,41.55,41.55,41.65,688012,62953,39737,10.27
2026-09-23 15:26:55,23431.35,2026-09-29,23300.0,CE,203.8,203.8,204.3,902014,68286,-12745,7.77
2026-09-23 15:26:55,23431.35,2026-09-29,23300.0,PE,52.9,52.95,53.0,1704617,154764,48251,10.13
2026-09-23 15:26:55,23431.35,2026-09-29,23350.0,CE,167.75,167.75,168.05,1160868,30401,-5282,7.86
2026-09-23 15:26:55,23431.35,2026-09-29,23350.0,PE,67.05,66.9,67.05,1774946,75933,46308,9.95
2026-09-23 15:26:55,23431.35,2026-09-29,23400.0,CE,135.5,135.25,135.55,3032574,133271,22151,7.91
2026-09-23 15:26:55,23431.35,2026-09-29,23400.0,PE,84.4,84.35,84.4,3464952,215450,121426,9.84
2026-09-23 15:26:55,23431.35,2026-09-29,23450.0,CE,107.1,107.1,107.25,2150898,74507,46709,7.97
2026-09-23 15:26:55,23431.35,2026-09-29,23450.0,PE,105.45,105.3,105.45,1723146,71551,58753,9.77
2026-09-23 15:26:55,23431.35,2026-09-29,23500.0,CE,82.7,82.6,82.7,2625612,181644,43498,7.95
2026-09-23 15:26:55,23431.35,2026-09-29,23500.0,PE,130.85,130.8,130.9,1358460,124399,32947,9.84
2026-09-23 15:26:55,23431.35,2026-09-29,23550.0,CE,62.15,62.0,62.15,1133392,69364,45623,7.95
2026-09-23 15:26:55,23431.35,2026-09-29,23550.0,PE,160.35,160.45,160.8,276023,12714,8487,9.94
2026-09-23 15:26:55,23431.35,2026-09-29,23600.0,CE,45.4,45.3,45.4,1444653,113304,47754,7.95
2026-09-23 15:26:55,23431.35,2026-09-29,23600.0,PE,194.0,193.5,194.0,334917,29632,8826,10.08
2026-09-23 15:26:55,23431.35,2026-09-29,23650.0,CE,32.75,32.75,32.85,809439,52376,23070,8.02
2026-09-23 15:26:55,23431.35,2026-09-29,23650.0,PE,231.5,230.95,231.35,62377,5876,1785,10.34
2026-09-23 15:26:55,23431.35,2026-09-29,23700.0,CE,23.45,23.45,23.55,1058281,106910,26745,8.12
2026-09-23 15:26:55,23431.35,2026-09-29,23700.0,PE,272.3,271.45,271.9,78174,16808,1296,10.73
2026-09-23 15:26:55,23431.35,2026-09-29,23750.0,CE,16.75,16.75,16.8,468846,38802,11827,8.24
2026-09-23 15:26:55,23431.35,2026-09-29,23750.0,PE,315.35,315.15,315.6,13209,4001,567,11.25
2026-09-23 15:26:55,23431.35,2026-09-29,23800.0,CE,11.9,11.9,12.0,829946,130769,32862,8.4
2026-09-23 15:26:55,23431.35,2026-09-29,23800.0,PE,360.3,359.65,360.75,34223,23969,-2212,11.81
2026-09-23 15:26:55,23431.35,2026-09-29,23850.0,CE,8.85,8.8,8.9,400865,41125,18588,8.67
2026-09-23 15:26:55,23431.35,2026-09-29,23850.0,PE,407.8,406.65,407.8,3066,2076,190,12.69
2026-09-23 15:26:55,23431.35,2026-09-29,23900.0,CE,6.8,6.75,6.8,544076,109819,44137,8.99
2026-09-23 15:26:55,23431.35,2026-09-29,23900.0,PE,454.2,454.2,455.4,6856,15062,-519,13.35
2026-09-23 15:26:55,23431.35,2026-09-29,23950.0,CE,5.55,5.55,5.6,257700,25077,5737,9.41
2026-09-23 15:26:55,23431.35,2026-09-29,23950.0,PE,502.0,502.0,504.75,862,2172,52,14.8
2026-09-23 15:27:55,23431.35,2026-09-29,22950.0,CE,511.75,509.45,511.8,1907,640,479,
2026-09-23 15:27:55,23431.35,2026-09-29,22950.0,PE,11.1,11.05,11.1,251375,30486,16536,11.95
2026-09-23 15:27:55,23431.35,2026-09-29,23000.0,CE,463.55,462.15,463.55,37133,20887,-669,
2026-09-23 15:27:55,23431.35,2026-09-29,23000.0,PE,13.7,13.7,13.75,848107,194454,48051,11.66
2026-09-23 15:27:55,23431.35,2026-09-29,23050.0,CE,416.7,415.1,416.65,4366,1301,577,
2026-09-23 15:27:55,23431.35,2026-09-29,23050.0,PE,16.7,16.6,16.7,306725,28077,14123,11.3
2026-09-23 15:27:55,23431.35,2026-09-29,23100.0,CE,370.3,369.4,370.4,44496,9124,2382,
2026-09-23 15:27:55,23431.35,2026-09-29,23100.0,PE,20.7,20.7,20.75,619239,63865,19373,11.01
2026-09-23 15:27:55,23431.35,2026-09-29,23150.0,CE,326.0,325.35,326.1,23996,3785,1193,7.07
2026-09-23 15:27:55,23431.35,2026-09-29,23150.0,PE,25.85,25.9,25.95,454701,35163,13079,10.74
2026-09-23 15:27:55,23431.35,2026-09-29,23200.0,CE,281.65,281.6,281.8,196483,23453,-2509,7.26
2026-09-23 15:27:55,23431.35,2026-09-29,23200.0,PE,32.8,32.75,32.85,877082,102107,38421,10.51
2026-09-23 15:27:55,23431.35,2026-09-29,23250.0,CE,240.7,240.4,240.95,156588,16027,941,7.6
2026-09-23 15:27:55,23431.35,2026-09-29,23250.0,PE,41.35,41.4,41.45,689732,62670,39454,10.27
2026-09-23 15:27:55,23431.35,2026-09-29,23300.0,CE,201.6,201.75,202.25,902793,68290,-12741,7.77
2026-09-23 15:27:55,23431.35,2026-09-29,23300.0,PE,52.85,52.75,52.85,1710202,154762,48249,10.13
2026-09-23 15:27:55,23431.35,2026-09-29,23350.0,CE,165.75,165.75,166.2,1162077,30202,-5481,7.86
2026-09-23 15:27:55,23431.35,2026-09-29,23350.0,PE,66.9,66.8,66.95,1779172,75375,45750,9.95
2026-09-23 15:27:55,23431.35,2026-09-29,23400.0,CE,133.3,133.3,133.65,3037661,132523,21403,7.91
2026-09-23 15:27:55,23431.35,2026-09-29,23400.0,PE,84.25,84.25,84.45,3472997,213999,119975,9.84
2026-09-23 15:27:55,23431.35,2026-09-29,23450.0,CE,105.3,105.3,105.6,2156283,73588,45790,7.97
2026-09-23 15:27:55,23431.35,2026-09-29,23450.0,PE,105.4,105.35,105.5,1727581,71078,58280,9.77
2026-09-23 15:27:55,23431.35,2026-09-29,23500.0,CE,81.0,81.2,81.3,2631718,180813,42667,7.95
2026-09-23 15:27:55,23431.35,2026-09-29,23500.0,PE,131.25,131.0,131.25,1361424,123944,32492,9.84
2026-09-23 15:27:55,23431.35,2026-09-29,23550.0,CE,60.7,60.65,60.7,1137060,69156,45415,7.95
2026-09-23 15:27:55,23431.35,2026-09-29,23550.0,PE,161.05,161.1,161.2,276372,12672,8445,9.94
2026-09-23 15:27:55,23431.35,2026-09-29,23600.0,CE,44.25,44.25,44.4,1449406,113172,47622,7.95
2026-09-23 15:27:55,23431.35,2026-09-29,23600.0,PE,194.2,194.05,194.5,335498,29476,8670,10.08
2026-09-23 15:27:55,23431.35,2026-09-29,23650.0,CE,32.0,31.95,32.05,811589,51885,22579,8.02
2026-09-23 15:27:55,23431.35,2026-09-29,23650.0,PE,231.6,231.65,231.8,62523,5799,1708,10.34
2026-09-23 15:27:55,23431.35,2026-09-29,23700.0,CE,22.9,22.9,22.95,1060128,106778,26613,8.12
2026-09-23 15:27:55,23431.35,2026-09-29,23700.0,PE,272.55,272.5,272.8,78405,16782,1270,10.73
2026-09-23 15:27:55,23431.35,2026-09-29,23750.0,CE,16.3,16.35,16.4,470609,38696,11721,8.24
2026-09-23 15:27:55,23431.35,2026-09-29,23750.0,PE,316.25,316.35,317.15,13279,4031,597,11.25
2026-09-23 15:27:55,23431.35,2026-09-29,23800.0,CE,11.7,11.6,11.7,831815,130812,32905,8.4
2026-09-23 15:27:55,23431.35,2026-09-29,23800.0,PE,361.0,361.05,361.95,34275,23950,-2231,11.81
2026-09-23 15:27:55,23431.35,2026-09-29,23850.0,CE,8.65,8.6,8.7,402269,40978,18441,8.67
2026-09-23 15:27:55,23431.35,2026-09-29,23850.0,PE,407.75,407.95,409.5,3075,2077,191,12.69
2026-09-23 15:27:55,23431.35,2026-09-29,23900.0,CE,6.6,6.6,6.65,547190,110167,44485,8.99
2026-09-23 15:27:55,23431.35,2026-09-29,23900.0,PE,455.6,455.85,456.6,6870,15062,-519,13.35
2026-09-23 15:27:55,23431.35,2026-09-29,23950.0,CE,5.45,5.4,5.45,259448,24724,5384,9.41
2026-09-23 15:27:55,23431.35,2026-09-29,23950.0,PE,503.25,503.85,506.55,869,2172,52,14.8
2026-09-23 15:28:55,23431.35,2026-09-29,22950.0,CE,511.75,512.65,515.3,1907,640,479,
2026-09-23 15:28:55,23431.35,2026-09-29,22950.0,PE,11.25,11.15,11.25,251842,30252,16302,11.95
2026-09-23 15:28:55,23431.35,2026-09-29,23000.0,CE,465.75,465.55,466.8,37161,20878,-678,
2026-09-23 15:28:55,23431.35,2026-09-29,23000.0,PE,13.75,13.75,13.85,849851,193843,47440,11.66
2026-09-23 15:28:55,23431.35,2026-09-29,23050.0,CE,417.6,418.45,420.0,4370,1301,577,
2026-09-23 15:28:55,23431.35,2026-09-29,23050.0,PE,16.6,16.6,16.65,307338,28034,14080,11.3
2026-09-23 15:28:55,23431.35,2026-09-29,23100.0,CE,373.0,372.25,373.3,44522,9080,2338,
2026-09-23 15:28:55,23431.35,2026-09-29,23100.0,PE,20.65,20.6,20.65,619874,63640,19148,11.01
2026-09-23 15:28:55,23431.35,2026-09-29,23150.0,CE,328.65,328.5,329.0,24030,3778,1186,7.07
2026-09-23 15:28:55,23431.35,2026-09-29,23150.0,PE,25.7,25.7,25.8,455143,34881,12797,10.74
2026-09-23 15:28:55,23431.35,2026-09-29,23200.0,CE,284.6,284.25,284.95,196560,23424,-2538,7.26
2026-09-23 15:28:55,23431.35,2026-09-29,23200.0,PE,32.45,32.45,32.55,877787,101480,37794,10.51
2026-09-23 15:28:55,23431.35,2026-09-29,23250.0,CE,243.6,242.85,243.45,156659,15953,867,7.6
2026-09-23 15:28:55,23431.35,2026-09-29,23250.0,PE,41.05,41.05,41.2,690615,62334,39118,10.27
2026-09-23 15:28:55,23431.35,2026-09-29,23300.0,CE,204.75,204.25,204.7,903226,67954,-13077,7.77
2026-09-23 15:28:55,23431.35,2026-09-29,23300.0,PE,52.45,52.35,52.4,1712271,152672,46159,10.13
2026-09-23 15:28:55,23431.35,2026-09-29,23350.0,CE,168.2,168.2,168.65,1162799,29511,-6172,7.86
2026-09-23 15:28:55,23431.35,2026-09-29,23350.0,PE,66.25,66.25,66.3,1780894,73959,44334,9.95
2026-09-23 15:28:55,23431.35,2026-09-29,23400.0,CE,135.55,135.5,135.8,3040335,131823,20703,7.91
2026-09-23 15:28:55,23431.35,2026-09-29,23400.0,PE,83.5,83.45,83.55,3477761,212147,118123,9.84
2026-09-23 15:28:55,23431.35,2026-09-29,23450.0,CE,107.25,107.25,107.55,2158786,71978,44180,7.97
2026-09-23 15:28:55,23431.35,2026-09-29,23450.0,PE,104.3,104.3,104.4,1729726,69764,56966,9.77
2026-09-23 15:28:55,23431.35,2026-09-29,23500.0,CE,82.55,82.55,82.75,2635096,178651,40505,7.95
2026-09-23 15:28:55,23431.35,2026-09-29,23500.0,PE,130.1,129.7,130.05,1362803,123185,31733,9.84
2026-09-23 15:28:55,23431.35,2026-09-29,23550.0,CE,62.3,62.05,62.3,1139297,68937,45196,7.95
2026-09-23 15:28:55,23431.35,2026-09-29,23550.0,PE,159.0,159.0,159.5,276530,12464,8237,9.94
2026-09-23 15:28:55,23431.35,2026-09-29,23600.0,CE,45.5,45.4,45.5,1451632,112087,46537,7.95
2026-09-23 15:28:55,23431.35,2026-09-29,23600.0,PE,192.3,192.3,192.85,335850,29301,8495,10.08
2026-09-23 15:28:55,23431.35,2026-09-29,23650.0,CE,32.95,32.95,33.0,813054,51299,21993,8.02
2026-09-23 15:28:55,23431.35,2026-09-29,23650.0,PE,229.6,229.6,230.1,62584,5736,1645,10.34
2026-09-23 15:28:55,23431.35,2026-09-29,23700.0,CE,23.6,23.55,23.65,1061095,106503,26338,8.12
2026-09-23 15:28:55,23431.35,2026-09-29,23700.0,PE,270.55,270.2,270.65,78475,16720,1208,10.73
2026-09-23 15:28:55,23431.35,2026-09-29,23750.0,CE,16.85,16.85,16.9,471259,38036,11061,8.24
2026-09-23 15:28:55,23431.35,2026-09-29,23750.0,PE,313.5,313.45,314.4,13291,4016,582,11.25
2026-09-23 15:28:55,23431.35,2026-09-29,23800.0,CE,12.05,12.0,12.05,833205,130438,32531,8.4
2026-09-23 15:28:55,23431.35,2026-09-29,23800.0,PE,358.3,358.4,359.3,34314,23941,-2240,11.81
2026-09-23 15:28:55,23431.35,2026-09-29,23850.0,CE,8.9,8.85,8.9,403248,40901,18364,8.67
2026-09-23 15:28:55,23431.35,2026-09-29,23850.0,PE,406.4,404.95,406.3,3082,2081,195,12.69
2026-09-23 15:28:55,23431.35,2026-09-29,23900.0,CE,6.85,6.8,6.85,549033,109799,44117,8.99
2026-09-23 15:28:55,23431.35,2026-09-29,23900.0,PE,454.6,452.9,454.25,6875,15062,-519,13.35
2026-09-23 15:28:55,23431.35,2026-09-29,23950.0,CE,5.6,5.55,5.6,260141,24156,4816,9.41
2026-09-23 15:28:55,23431.35,2026-09-29,23950.0,PE,503.9,500.7,503.45,870,2172,52,14.8
2026-09-23 15:29:56,23431.35,2026-09-29,22950.0,CE,511.75,512.3,515.05,1907,640,479,
2026-09-23 15:29:56,23431.35,2026-09-29,22950.0,PE,11.25,11.2,11.25,252152,30171,16221,11.95
2026-09-23 15:29:56,23431.35,2026-09-29,23000.0,CE,465.75,464.75,466.2,37162,20857,-699,
2026-09-23 15:29:56,23431.35,2026-09-29,23000.0,PE,13.8,13.75,13.85,850339,193785,47382,11.66
2026-09-23 15:29:56,23431.35,2026-09-29,23050.0,CE,418.95,417.8,419.1,4371,1306,582,
2026-09-23 15:29:56,23431.35,2026-09-29,23050.0,PE,16.55,16.55,16.65,307715,27808,13854,11.3
2026-09-23 15:29:56,23431.35,2026-09-29,23100.0,CE,374.2,371.7,372.8,44542,9068,2326,
2026-09-23 15:29:56,23431.35,2026-09-29,23100.0,PE,20.65,20.55,20.65,620272,63456,18964,11.01
2026-09-23 15:29:56,23431.35,2026-09-29,23150.0,CE,328.0,327.6,328.35,24054,3764,1172,7.07
2026-09-23 15:29:56,23431.35,2026-09-29,23150.0,PE,25.7,25.65,25.75,455368,34734,12650,10.74
2026-09-23 15:29:56,23431.35,2026-09-29,23200.0,CE,283.6,283.45,284.05,196671,23377,-2585,7.26
2026-09-23 15:29:56,23431.35,2026-09-29,23200.0,PE,32.45,32.35,32.5,878828,100842,37156,10.51
2026-09-23 15:29:56,23431.35,2026-09-29,23250.0,CE,242.9,242.35,242.95,156723,15918,832,7.6
2026-09-23 15:29:56,23431.35,2026-09-29,23250.0,PE,41.0,40.9,41.0,691131,62120,38904,10.27
2026-09-23 15:29:56,23431.35,2026-09-29,23300.0,CE,203.65,203.45,203.95,903492,67731,-13300,7.77
2026-09-23 15:29:56,23431.35,2026-09-29,23300.0,PE,52.1,52.1,52.25,1713980,152236,45723,10.13
2026-09-23 15:29:56,23431.35,2026-09-29,23350.0,CE,167.55,167.45,167.85,1163064,29122,-6561,7.86
2026-09-23 15:29:56,23431.35,2026-09-29,23350.0,PE,66.2,66.05,66.2,1782404,72605,42980,9.95
2026-09-23 15:29:56,23431.35,2026-09-29,23400.0,CE,134.8,134.8,135.1,3041351,131626,20506,7.91
2026-09-23 15:29:56,23431.35,2026-09-29,23400.0,PE,83.45,83.3,83.5,3480484,208205,114181,9.84
2026-09-23 15:29:56,23431.35,2026-09-29,23450.0,CE,106.6,106.6,106.85,2159647,70914,43116,7.97
2026-09-23 15:29:56,23431.35,2026-09-29,23450.0,PE,104.2,104.25,104.5,1732001,69374,56576,9.77
2026-09-23 15:29:56,23431.35,2026-09-29,23500.0,CE,82.05,82.05,82.25,2636291,177548,39402,7.95
2026-09-23 15:29:56,23431.35,2026-09-29,23500.0,PE,129.6,129.65,129.95,1363704,122614,31162,9.84
2026-09-23 15:29:56,23431.35,2026-09-29,23550.0,CE,61.75,61.6,61.8,1140951,69486,45745,7.95
2026-09-23 15:29:56,23431.35,2026-09-29,23550.0,PE,159.5,159.3,159.65,276631,12416,8189,9.94
2026-09-23 15:29:56,23431.35,2026-09-29,23600.0,CE,45.1,45.0,45.1,1453013,111982,46432,7.95
2026-09-23 15:29:56,23431.35,2026-09-29,23600.0,PE,192.3,192.45,192.9,336012,29311,8505,10.08
2026-09-23 15:29:56,23431.35,2026-09-29,23650.0,CE,32.6,32.55,32.65,813664,51077,21771,8.02
2026-09-23 15:29:56,23431.35,2026-09-29,23650.0,PE,229.45,229.8,230.15,62790,5598,1507,10.34
2026-09-23 15:29:56,23431.35,2026-09-29,23700.0,CE,23.4,23.3,23.4,1061385,106179,26014,8.12
2026-09-23 15:29:56,23431.35,2026-09-29,23700.0,PE,270.85,270.45,271.0,78513,16700,1188,10.73
2026-09-23 15:29:56,23431.35,2026-09-29,23750.0,CE,16.65,16.65,16.75,472261,37530,10555,8.24
2026-09-23 15:29:56,23431.35,2026-09-29,23750.0,PE,313.95,313.9,314.8,13298,4018,584,11.25
2026-09-23 15:29:56,23431.35,2026-09-29,23800.0,CE,11.95,11.9,11.95,833637,130383,32476,8.4
2026-09-23 15:29:56,23431.35,2026-09-29,23800.0,PE,358.0,358.8,359.55,34329,23917,-2264,11.81
2026-09-23 15:29:56,23431.35,2026-09-29,23850.0,CE,8.85,8.8,8.85,403460,40735,18198,8.67
2026-09-23 15:29:56,23431.35,2026-09-29,23850.0,PE,404.7,405.5,406.8,3083,2081,195,12.69
2026-09-23 15:29:56,23431.35,2026-09-29,23900.0,CE,6.85,6.8,6.85,549758,110281,44599,8.99
2026-09-23 15:29:56,23431.35,2026-09-29,23900.0,PE,454.6,453.2,454.45,6875,15061,-520,13.35
2026-09-23 15:29:56,23431.35,2026-09-29,23950.0,CE,5.55,5.55,5.6,260556,23725,4385,9.41
2026-09-23 15:29:56,23431.35,2026-09-29,23950.0,PE,503.9,500.1,503.5,870,2172,52,14.8
