timestamp,nifty_spot,expiry,strike,option_type,ltp,bid,ask,volume,oi,oi_change,iv
2026-09-18 13:51:26,23317.7,2026-09-22,22800.0,CE,524.0,524.85,526.6,3560,1718,126,
2026-09-18 13:51:26,23317.7,2026-09-22,22800.0,PE,6.5,6.5,6.55,576105,114345,31545,13.51
2026-09-18 13:51:26,23317.7,2026-09-22,22850.0,CE,477.0,476.65,478.1,988,821,-65,
2026-09-18 13:51:26,23317.7,2026-09-22,22850.0,PE,8.05,8.0,8.05,352755,43155,15439,12.99
2026-09-18 13:51:26,23317.7,2026-09-22,22900.0,CE,427.95,428.95,430.45,6337,2417,491,
2026-09-18 13:51:26,23317.7,2026-09-22,22900.0,PE,10.0,10.0,10.05,575738,71466,16202,12.52
2026-09-18 13:51:26,23317.7,2026-09-22,22950.0,CE,382.0,381.9,383.05,4620,1338,254,
2026-09-18 13:51:26,23317.7,2026-09-22,22950.0,PE,12.7,12.7,12.75,503380,47354,10266,12.06
2026-09-18 13:51:26,23317.7,2026-09-22,23000.0,CE,335.0,335.35,336.15,82521,14572,632,7.96
2026-09-18 13:51:26,23317.7,2026-09-22,23000.0,PE,16.55,16.5,16.6,1344663,198940,50437,11.7
2026-09-18 13:51:26,23317.7,2026-09-22,23050.0,CE,289.6,290.55,291.25,25996,3699,965,8.41
2026-09-18 13:51:26,23317.7,2026-09-22,23050.0,PE,21.25,21.25,21.35,700471,74637,26360,11.29
2026-09-18 13:51:26,23317.7,2026-09-22,23100.0,CE,248.35,247.75,248.4,148324,16808,4150,8.7
2026-09-18 13:51:26,23317.7,2026-09-22,23100.0,PE,28.25,28.15,28.3,1313040,129799,47314,11.0
2026-09-18 13:51:26,23317.7,2026-09-22,23150.0,CE,207.65,206.8,207.35,164850,14334,6520,8.96
2026-09-18 13:51:26,23317.7,2026-09-22,23150.0,PE,37.4,37.4,37.55,982247,85801,39327,10.74
2026-09-18 13:51:26,23317.7,2026-09-22,23200.0,CE,169.15,168.75,169.15,936678,70804,19620,8.96
2026-09-18 13:51:26,23317.7,2026-09-22,23200.0,PE,49.35,49.35,49.5,2305165,243717,109886,10.53
2026-09-18 13:51:26,23317.7,2026-09-22,23250.0,CE,134.7,134.6,134.8,1084431,66883,19431,8.93
2026-09-18 13:51:26,23317.7,2026-09-22,23250.0,PE,65.0,64.85,65.05,1953528,161018,89215,10.35
2026-09-18 13:51:26,23317.7,2026-09-22,23300.0,CE,104.4,104.2,104.45,4068924,260686,159078,8.94
2026-09-18 13:51:26,23317.7,2026-09-22,23300.0,PE,84.7,84.45,84.7,4945822,358011,253503,10.27
2026-09-18 13:51:26,23317.7,2026-09-22,23350.0,CE,78.0,77.85,78.05,3459949,218703,165138,8.86
2026-09-18 13:51:26,23317.7,2026-09-22,23350.0,PE,108.8,108.55,108.8,2429617,121362,96967,10.19
2026-09-18 13:51:26,23317.7,2026-09-22,23400.0,CE,56.65,56.5,56.65,2776746,262380,162024,8.84
2026-09-18 13:51:26,23317.7,2026-09-22,23400.0,PE,137.15,136.8,137.15,1520744,99598,53754,10.16
2026-09-18 13:51:26,23317.7,2026-09-22,23450.0,CE,39.15,39.1,39.25,1513659,161562,108066,8.74
2026-09-18 13:51:26,23317.7,2026-09-22,23450.0,PE,170.0,169.75,170.0,421871,23844,14407,10.22
2026-09-18 13:51:26,23317.7,2026-09-22,23500.0,CE,26.95,26.85,26.95,2045539,224233,86018,8.77
2026-09-18 13:51:26,23317.7,2026-09-22,23500.0,PE,207.45,207.35,207.85,441596,44649,10011,10.36
2026-09-18 13:51:26,23317.7,2026-09-22,23550.0,CE,17.75,17.8,17.85,1014311,96090,46042,8.77
2026-09-18 13:51:26,23317.7,2026-09-22,23550.0,PE,249.9,248.1,248.9,76058,6853,2509,10.68
2026-09-18 13:51:26,23317.7,2026-09-22,23600.0,CE,11.8,11.85,11.9,1190429,150143,47566,8.86
2026-09-18 13:51:26,23317.7,2026-09-22,23600.0,PE,293.0,291.6,292.3,73159,13327,1787,11.1
2026-09-18 13:51:26,23317.7,2026-09-22,23650.0,CE,8.05,8.0,8.05,658290,69569,22229,9.01
2026-09-18 13:51:26,23317.7,2026-09-22,23650.0,PE,338.3,337.4,338.55,13841,3570,72,11.6
2026-09-18 13:51:26,23317.7,2026-09-22,23700.0,CE,5.65,5.6,5.65,716654,150557,34230,9.22
2026-09-18 13:51:26,23317.7,2026-09-22,23700.0,PE,387.95,385.2,386.4,16567,9252,-1643,12.21
2026-09-18 13:51:26,23317.7,2026-09-22,23750.0,CE,4.15,4.15,4.2,348942,77401,18911,9.51
2026-09-18 13:51:26,23317.7,2026-09-22,23750.0,PE,434.75,433.3,434.85,2086,1559,-111,12.93
2026-09-18 13:51:26,23317.7,2026-09-22,23800.0,CE,3.3,3.3,3.35,474289,159241,30505,9.96
2026-09-18 13:51:26,23317.7,2026-09-22,23800.0,PE,483.3,482.35,484.1,4850,7249,-203,13.87
2026-09-18 13:52:26,23327.0,2026-09-22,22850.0,CE,482.25,482.45,484.0,993,821,-65,
2026-09-18 13:52:26,23327.0,2026-09-22,22850.0,PE,7.7,7.7,7.75,353822,43281,15565,13.05
2026-09-18 13:52:26,23327.0,2026-09-22,22900.0,CE,436.0,434.5,435.9,6362,2418,492,
2026-09-18 13:52:26,23327.0,2026-09-22,22900.0,PE,9.6,9.55,9.65,577344,71590,16326,12.62
2026-09-18 13:52:26,23327.0,2026-09-22,22950.0,CE,385.95,387.3,388.35,4727,1339,255,
2026-09-18 13:52:26,23327.0,2026-09-22,22950.0,PE,12.15,12.1,12.2,504687,47307,10219,12.24
2026-09-18 13:52:26,23327.0,2026-09-22,23000.0,CE,341.1,341.1,341.5,82629,14575,635,
2026-09-18 13:52:26,23327.0,2026-09-22,23000.0,PE,15.8,15.75,15.8,1348009,198564,50061,11.88
2026-09-18 13:52:26,23327.0,2026-09-22,23050.0,CE,295.4,296.05,296.75,26004,3701,967,
2026-09-18 13:52:26,23327.0,2026-09-22,23050.0,PE,20.3,20.25,20.35,702422,75063,26786,11.54
2026-09-18 13:52:26,23327.0,2026-09-22,23100.0,CE,251.95,252.65,252.9,148581,16873,4215,6.23
2026-09-18 13:52:26,23327.0,2026-09-22,23100.0,PE,26.9,26.85,26.95,1316919,129673,47188,11.3
2026-09-18 13:52:26,23327.0,2026-09-22,23150.0,CE,211.15,211.7,212.0,165301,14308,6494,7.56
2026-09-18 13:52:26,23327.0,2026-09-22,23150.0,PE,35.6,35.55,35.7,985357,86019,39545,11.07
2026-09-18 13:52:26,23327.0,2026-09-22,23200.0,CE,172.85,172.85,173.3,939148,70891,19707,7.94
2026-09-18 13:52:26,23327.0,2026-09-22,23200.0,PE,47.15,47.1,47.2,2312373,243499,109668,10.91
2026-09-18 13:52:26,23327.0,2026-09-22,23250.0,CE,138.0,138.0,138.35,1087460,67147,19695,8.08
2026-09-18 13:52:26,23327.0,2026-09-22,23250.0,PE,62.0,62.0,62.2,1960446,161236,89433,10.83
2026-09-18 13:52:26,23327.0,2026-09-22,23300.0,CE,106.85,106.95,107.25,4081345,261960,160352,8.23
2026-09-18 13:52:26,23327.0,2026-09-22,23300.0,PE,81.35,81.25,81.45,4963810,358918,254410,10.81
2026-09-18 13:52:26,23327.0,2026-09-22,23350.0,CE,80.5,80.4,80.45,3469629,219522,165957,8.3
2026-09-18 13:52:26,23327.0,2026-09-22,23350.0,PE,104.6,104.35,104.6,2437964,122033,97638,10.81
2026-09-18 13:52:26,23327.0,2026-09-22,23400.0,CE,58.45,58.35,58.45,2787564,261560,161204,8.35
2026-09-18 13:52:26,23327.0,2026-09-22,23400.0,PE,132.85,132.5,132.85,1526196,100191,54347,10.95
2026-09-18 13:52:26,23327.0,2026-09-22,23450.0,CE,40.4,40.4,40.55,1518545,161355,107859,8.33
2026-09-18 13:52:26,23327.0,2026-09-22,23450.0,PE,165.7,165.25,165.7,423180,23896,14459,11.16
2026-09-18 13:52:26,23327.0,2026-09-22,23500.0,CE,27.95,27.85,27.95,2051335,223770,85555,8.44
2026-09-18 13:52:26,23327.0,2026-09-22,23500.0,PE,202.0,202.0,202.15,443165,44656,10018,11.46
2026-09-18 13:52:26,23327.0,2026-09-22,23550.0,CE,18.55,18.5,18.55,1017130,96071,46023,8.51
2026-09-18 13:52:26,23327.0,2026-09-22,23550.0,PE,243.0,242.45,243.0,76161,6840,2496,12.09
2026-09-18 13:52:26,23327.0,2026-09-22,23600.0,CE,12.3,12.3,12.35,1194691,150587,48010,8.66
2026-09-18 13:52:26,23327.0,2026-09-22,23600.0,PE,286.6,286.0,286.55,73369,13371,1831,12.63
2026-09-18 13:52:26,23327.0,2026-09-22,23650.0,CE,8.35,8.3,8.35,659792,69570,22230,8.9
2026-09-18 13:52:26,23327.0,2026-09-22,23650.0,PE,333.6,331.75,332.85,13910,3537,39,13.67
2026-09-18 13:52:26,23327.0,2026-09-22,23700.0,CE,5.9,5.85,5.9,718993,150734,34407,9.22
2026-09-18 13:52:26,23327.0,2026-09-22,23700.0,PE,380.0,379.1,380.05,16586,9247,-1648,14.5
2026-09-18 13:52:26,23327.0,2026-09-22,23750.0,CE,4.25,4.25,4.3,349457,77395,18905,9.58
2026-09-18 13:52:26,23327.0,2026-09-22,23750.0,PE,430.0,427.05,428.65,2092,1561,-109,15.77
2026-09-18 13:52:26,23327.0,2026-09-22,23800.0,CE,3.45,3.4,3.45,477883,159485,30749,10.14
2026-09-18 13:52:26,23327.0,2026-09-22,23800.0,PE,479.8,476.15,477.95,4878,7248,-204,16.78
2026-09-18 13:52:26,23327.0,2026-09-22,23850.0,CE,2.85,2.85,2.9,182311,59801,16450,10.75
2026-09-18 13:52:26,23327.0,2026-09-22,23850.0,PE,535.0,524.8,528.0,468,1080,13,18.34
2026-09-18 13:53:27,23328.1,2026-09-22,22850.0,CE,491.9,489.3,490.9,994,822,-64,
2026-09-18 13:53:27,23328.1,2026-09-22,22850.0,PE,7.25,7.25,7.3,356225,42858,15142,13.05
2026-09-18 13:53:27,23328.1,2026-09-22,22900.0,CE,442.5,441.5,442.95,6448,2407,481,
2026-09-18 13:53:27,23328.1,2026-09-22,22900.0,PE,9.05,9.0,9.05,581851,71363,16099,12.62
2026-09-18 13:53:27,23328.1,2026-09-22,22950.0,CE,393.55,394.3,395.45,4862,1123,39,
2026-09-18 13:53:27,23328.1,2026-09-22,22950.0,PE,11.45,11.35,11.45,509577,47410,10322,12.24
2026-09-18 13:53:27,23328.1,2026-09-22,23000.0,CE,347.15,347.25,348.15,83520,14052,112,
2026-09-18 13:53:27,23328.1,2026-09-22,23000.0,PE,14.8,14.8,14.85,1360562,197363,48860,11.88
2026-09-18 13:53:27,23328.1,2026-09-22,23050.0,CE,302.0,301.95,302.7,26198,3679,945,
2026-09-18 13:53:27,23328.1,2026-09-22,23050.0,PE,19.05,19.1,19.2,708696,75054,26777,11.54
2026-09-18 13:53:27,23328.1,2026-09-22,23100.0,CE,258.25,258.6,259.25,150113,16588,3930,6.23
2026-09-18 13:53:27,23328.1,2026-09-22,23100.0,PE,25.45,25.35,25.4,1328308,128862,46377,11.3
2026-09-18 13:53:27,23328.1,2026-09-22,23150.0,CE,216.35,217.05,217.55,167246,13787,5973,7.56
2026-09-18 13:53:27,23328.1,2026-09-22,23150.0,PE,33.65,33.65,33.8,998331,87074,40600,11.07
2026-09-18 13:53:27,23328.1,2026-09-22,23200.0,CE,178.15,178.25,178.7,946757,69402,18218,7.94
2026-09-18 13:53:27,23328.1,2026-09-22,23200.0,PE,44.6,44.6,44.75,2333088,241604,107773,10.91
2026-09-18 13:53:27,23328.1,2026-09-22,23250.0,CE,142.95,142.65,142.9,1099102,65247,17795,8.08
2026-09-18 13:53:27,23328.1,2026-09-22,23250.0,PE,59.25,59.3,59.5,1978833,158791,86988,10.83
2026-09-18 13:53:27,23328.1,2026-09-22,23300.0,CE,111.05,111.05,111.3,4123700,261583,159975,8.23
2026-09-18 13:53:27,23328.1,2026-09-22,23300.0,PE,78.05,77.8,78.05,5014417,346820,242312,10.81
2026-09-18 13:53:27,23328.1,2026-09-22,23350.0,CE,83.75,83.75,83.95,3505407,216615,163050,8.3
2026-09-18 13:53:27,23328.1,2026-09-22,23350.0,PE,100.55,100.55,100.8,2461003,118444,94049,10.81
2026-09-18 13:53:27,23328.1,2026-09-22,23400.0,CE,61.2,61.2,61.35,2818704,257882,157526,8.35
2026-09-18 13:53:27,23328.1,2026-09-22,23400.0,PE,128.35,128.05,128.35,1542459,97712,51868,10.95
2026-09-18 13:53:27,23328.1,2026-09-22,23450.0,CE,42.9,42.75,42.9,1534793,161022,107526,8.33
2026-09-18 13:53:27,23328.1,2026-09-22,23450.0,PE,160.35,159.75,160.1,428316,23266,13829,11.16
2026-09-18 13:53:27,23328.1,2026-09-22,23500.0,CE,29.65,29.55,29.65,2081785,221178,82963,8.44
2026-09-18 13:53:27,23328.1,2026-09-22,23500.0,PE,196.45,196.05,196.6,447854,44282,9644,11.46
2026-09-18 13:53:27,23328.1,2026-09-22,23550.0,CE,19.65,19.65,19.7,1024986,95888,45840,8.51
2026-09-18 13:53:27,23328.1,2026-09-22,23550.0,PE,237.7,235.95,236.65,76853,6821,2477,12.09
2026-09-18 13:53:27,23328.1,2026-09-22,23600.0,CE,13.0,13.0,13.1,1204589,149703,47126,8.66
2026-09-18 13:53:27,23328.1,2026-09-22,23600.0,PE,280.2,279.45,280.2,74194,13427,1887,12.63
2026-09-18 13:53:27,23328.1,2026-09-22,23650.0,CE,8.75,8.75,8.8,664058,69404,22064,8.9
2026-09-18 13:53:27,23328.1,2026-09-22,23650.0,PE,325.8,324.8,325.7,13999,3538,40,13.67
2026-09-18 13:53:27,23328.1,2026-09-22,23700.0,CE,6.1,6.1,6.15,725872,149826,33499,9.22
2026-09-18 13:53:27,23328.1,2026-09-22,23700.0,PE,373.35,372.0,373.15,16740,9240,-1655,14.5
2026-09-18 13:53:27,23328.1,2026-09-22,23750.0,CE,4.45,4.4,4.45,351297,77275,18785,9.58
2026-09-18 13:53:27,23328.1,2026-09-22,23750.0,PE,421.85,419.9,421.6,2108,1566,-104,15.77
2026-09-18 13:53:27,23328.1,2026-09-22,23800.0,CE,3.45,3.45,3.5,479998,159161,30425,10.14
2026-09-18 13:53:27,23328.1,2026-09-22,23800.0,PE,468.4,468.95,470.9,4895,7247,-205,16.78
2026-09-18 13:53:27,23328.1,2026-09-22,23850.0,CE,2.95,2.9,2.95,182657,59851,16500,10.75
2026-09-18 13:53:27,23328.1,2026-09-22,23850.0,PE,518.35,517.6,520.95,471,1080,13,18.34
2026-09-18 13:54:27,23328.1,2026-09-22,22850.0,CE,491.9,489.3,490.9,994,822,-64,
2026-09-18 13:54:27,23328.1,2026-09-22,22850.0,PE,7.25,7.25,7.3,356225,42858,15142,13.05
2026-09-18 13:54:27,23328.1,2026-09-22,22900.0,CE,442.5,441.5,442.95,6448,2407,481,
2026-09-18 13:54:27,23328.1,2026-09-22,22900.0,PE,9.05,9.0,9.05,581851,71363,16099,12.62
2026-09-18 13:54:27,23328.1,2026-09-22,22950.0,CE,393.55,394.3,395.45,4862,1123,39,
2026-09-18 13:54:27,23328.1,2026-09-22,22950.0,PE,11.45,11.35,11.45,509577,47410,10322,12.24
2026-09-18 13:54:27,23328.1,2026-09-22,23000.0,CE,347.15,347.25,348.15,83520,14052,112,
2026-09-18 13:54:27,23328.1,2026-09-22,23000.0,PE,14.8,14.8,14.85,1360562,197363,48860,11.88
2026-09-18 13:54:27,23328.1,2026-09-22,23050.0,CE,302.0,301.95,302.7,26198,3679,945,
2026-09-18 13:54:27,23328.1,2026-09-22,23050.0,PE,19.05,19.1,19.2,708696,75054,26777,11.54
2026-09-18 13:54:27,23328.1,2026-09-22,23100.0,CE,258.25,258.6,259.25,150113,16588,3930,6.23
2026-09-18 13:54:27,23328.1,2026-09-22,23100.0,PE,25.45,25.35,25.4,1328308,128862,46377,11.3
2026-09-18 13:54:27,23328.1,2026-09-22,23150.0,CE,216.35,217.05,217.55,167246,13787,5973,7.56
2026-09-18 13:54:27,23328.1,2026-09-22,23150.0,PE,33.65,33.65,33.8,998331,87074,40600,11.07
2026-09-18 13:54:27,23328.1,2026-09-22,23200.0,CE,178.15,178.25,178.7,946757,69402,18218,7.94
2026-09-18 13:54:27,23328.1,2026-09-22,23200.0,PE,44.6,44.6,44.75,2333088,241604,107773,10.91
2026-09-18 13:54:27,23328.1,2026-09-22,23250.0,CE,142.95,142.65,142.9,1099102,65247,17795,8.08
2026-09-18 13:54:27,23328.1,2026-09-22,23250.0,PE,59.25,59.3,59.5,1978833,158791,86988,10.83
2026-09-18 13:54:27,23328.1,2026-09-22,23300.0,CE,111.05,111.05,111.3,4123700,261583,159975,8.23
2026-09-18 13:54:27,23328.1,2026-09-22,23300.0,PE,78.05,77.8,78.05,5014417,346820,242312,10.81
2026-09-18 13:54:27,23328.1,2026-09-22,23350.0,CE,83.75,83.75,83.95,3505407,216615,163050,8.3
2026-09-18 13:54:27,23328.1,2026-09-22,23350.0,PE,100.55,100.55,100.8,2461003,118444,94049,10.81
2026-09-18 13:54:27,23328.1,2026-09-22,23400.0,CE,61.2,61.2,61.35,2818704,257882,157526,8.35
2026-09-18 13:54:27,23328.1,2026-09-22,23400.0,PE,128.35,128.05,128.35,1542459,97712,51868,10.95
2026-09-18 13:54:27,23328.1,2026-09-22,23450.0,CE,42.9,42.75,42.9,1534793,161022,107526,8.33
2026-09-18 13:54:27,23328.1,2026-09-22,23450.0,PE,160.35,159.75,160.1,428316,23266,13829,11.16
2026-09-18 13:54:27,23328.1,2026-09-22,23500.0,CE,29.65,29.55,29.65,2081785,221178,82963,8.44
2026-09-18 13:54:27,23328.1,2026-09-22,23500.0,PE,196.45,196.05,196.6,447854,44282,9644,11.46
2026-09-18 13:54:27,23328.1,2026-09-22,23550.0,CE,19.65,19.65,19.7,1024986,95888,45840,8.51
2026-09-18 13:54:27,23328.1,2026-09-22,23550.0,PE,237.7,235.95,236.65,76853,6821,2477,12.09
2026-09-18 13:54:27,23328.1,2026-09-22,23600.0,CE,13.0,13.0,13.1,1204589,149703,47126,8.66
2026-09-18 13:54:27,23328.1,2026-09-22,23600.0,PE,280.2,279.45,280.2,74194,13427,1887,12.63
2026-09-18 13:54:27,23328.1,2026-09-22,23650.0,CE,8.75,8.75,8.8,664058,69404,22064,8.9
2026-09-18 13:54:27,23328.1,2026-09-22,23650.0,PE,325.8,324.8,325.7,13999,3538,40,13.67
2026-09-18 13:54:27,23328.1,2026-09-22,23700.0,CE,6.1,6.1,6.15,725872,149826,33499,9.22
2026-09-18 13:54:27,23328.1,2026-09-22,23700.0,PE,373.35,372.0,373.15,16740,9240,-1655,14.5
2026-09-18 13:54:27,23328.1,2026-09-22,23750.0,CE,4.45,4.4,4.45,351297,77275,18785,9.58
2026-09-18 13:54:27,23328.1,2026-09-22,23750.0,PE,421.85,419.9,421.6,2108,1566,-104,15.77
2026-09-18 13:54:27,23328.1,2026-09-22,23800.0,CE,3.45,3.45,3.5,479998,159161,30425,10.14
2026-09-18 13:54:27,23328.1,2026-09-22,23800.0,PE,468.4,468.95,470.9,4895,7247,-205,16.78
2026-09-18 13:54:27,23328.1,2026-09-22,23850.0,CE,2.95,2.9,2.95,182657,59851,16500,10.75
2026-09-18 13:54:27,23328.1,2026-09-22,23850.0,PE,518.35,517.6,520.95,471,1080,13,18.34
2026-09-18 13:55:27,23331.85,2026-09-22,22850.0,CE,491.9,488.45,489.75,994,822,-64,
2026-09-18 13:55:27,23331.85,2026-09-22,22850.0,PE,7.2,7.2,7.25,357451,43034,15318,13.05
2026-09-18 13:55:27,23331.85,2026-09-22,22900.0,CE,441.65,440.4,441.85,6451,2408,482,
2026-09-18 13:55:27,23331.85,2026-09-22,22900.0,PE,9.0,8.95,9.0,583901,71706,16442,12.62
2026-09-18 13:55:27,23331.85,2026-09-22,22950.0,CE,391.8,392.85,393.9,4874,1121,37,
2026-09-18 13:55:27,23331.85,2026-09-22,22950.0,PE,11.4,11.35,11.4,511402,47610,10522,12.24
2026-09-18 13:55:27,23331.85,2026-09-22,23000.0,CE,347.0,346.25,347.15,83705,14051,111,
2026-09-18 13:55:27,23331.85,2026-09-22,23000.0,PE,14.8,14.8,14.85,1365337,197647,49144,11.88
2026-09-18 13:55:27,23331.85,2026-09-22,23050.0,CE,300.75,300.8,301.65,26238,3678,944,
2026-09-18 13:55:27,23331.85,2026-09-22,23050.0,PE,19.05,19.05,19.1,711830,75936,27659,11.54
2026-09-18 13:55:27,23331.85,2026-09-22,23100.0,CE,258.0,257.3,257.85,150602,16500,3842,6.23
2026-09-18 13:55:27,23331.85,2026-09-22,23100.0,PE,25.35,25.35,25.45,1334016,129505,47020,11.3
2026-09-18 13:55:27,23331.85,2026-09-22,23150.0,CE,216.35,215.95,216.35,167915,13815,6001,7.56
2026-09-18 13:55:27,23331.85,2026-09-22,23150.0,PE,33.75,33.7,33.8,1007988,89363,42889,11.07
2026-09-18 13:55:27,23331.85,2026-09-22,23200.0,CE,177.1,177.0,177.45,950661,68993,17809,7.94
2026-09-18 13:55:27,23331.85,2026-09-22,23200.0,PE,44.95,44.8,44.95,2342740,242622,108791,10.91
2026-09-18 13:55:27,23331.85,2026-09-22,23250.0,CE,141.85,141.8,142.1,1104053,65263,17811,8.08
2026-09-18 13:55:27,23331.85,2026-09-22,23250.0,PE,59.55,59.45,59.6,1986677,158543,86740,10.83
2026-09-18 13:55:27,23331.85,2026-09-22,23300.0,CE,110.65,110.55,110.65,4142898,260341,158733,8.23
2026-09-18 13:55:27,23331.85,2026-09-22,23300.0,PE,78.45,78.25,78.4,5037227,351752,247244,10.81
2026-09-18 13:55:27,23331.85,2026-09-22,23350.0,CE,83.3,83.25,83.5,3522125,217986,164421,8.3
2026-09-18 13:55:27,23331.85,2026-09-22,23350.0,PE,101.2,101.0,101.2,2473426,120237,95842,10.81
2026-09-18 13:55:27,23331.85,2026-09-22,23400.0,CE,60.8,60.75,60.9,2833642,255859,155503,8.35
2026-09-18 13:55:27,23331.85,2026-09-22,23400.0,PE,128.85,128.65,128.85,1548488,98404,52560,10.95
2026-09-18 13:55:27,23331.85,2026-09-22,23450.0,CE,42.4,42.4,42.55,1543587,161620,108124,8.33
2026-09-18 13:55:27,23331.85,2026-09-22,23450.0,PE,161.05,160.7,161.1,430324,23206,13769,11.16
2026-09-18 13:55:27,23331.85,2026-09-22,23500.0,CE,29.5,29.4,29.5,2092535,222275,84060,8.44
2026-09-18 13:55:27,23331.85,2026-09-22,23500.0,PE,197.45,197.05,197.55,449932,44558,9920,11.46
2026-09-18 13:55:27,23331.85,2026-09-22,23550.0,CE,19.6,19.6,19.65,1030789,95913,45865,8.51
2026-09-18 13:55:27,23331.85,2026-09-22,23550.0,PE,238.0,237.25,237.85,77092,6835,2491,12.09
2026-09-18 13:55:27,23331.85,2026-09-22,23600.0,CE,13.1,13.0,13.1,1211610,150656,48079,8.66
2026-09-18 13:55:27,23331.85,2026-09-22,23600.0,PE,281.0,280.4,281.15,74501,13594,2054,12.63
2026-09-18 13:55:27,23331.85,2026-09-22,23650.0,CE,8.8,8.75,8.85,666694,69000,21660,8.9
2026-09-18 13:55:27,23331.85,2026-09-22,23650.0,PE,327.25,325.9,327.0,14035,3558,60,13.67
2026-09-18 13:55:27,23331.85,2026-09-22,23700.0,CE,6.15,6.1,6.15,730048,149811,33484,9.22
2026-09-18 13:55:27,23331.85,2026-09-22,23700.0,PE,376.0,373.1,374.2,16790,9240,-1655,14.5
2026-09-18 13:55:27,23331.85,2026-09-22,23750.0,CE,4.5,4.45,4.5,353492,77109,18619,9.58
2026-09-18 13:55:27,23331.85,2026-09-22,23750.0,PE,421.65,421.25,422.85,2128,1570,-100,15.77
2026-09-18 13:55:27,23331.85,2026-09-22,23800.0,CE,3.55,3.5,3.55,481730,159189,30453,10.14
2026-09-18 13:55:27,23331.85,2026-09-22,23800.0,PE,472.5,470.15,471.85,4901,7243,-209,16.78
2026-09-18 13:55:27,23331.85,2026-09-22,23850.0,CE,3.0,3.0,3.05,184115,59790,16439,10.75
2026-09-18 13:55:27,23331.85,2026-09-22,23850.0,PE,519.05,519.15,521.05,476,1080,13,18.34
2026-09-18 13:56:27,23332.6,2026-09-22,22850.0,CE,491.9,488.9,491.45,994,822,-64,
2026-09-18 13:56:27,23332.6,2026-09-22,22850.0,PE,7.2,7.15,7.25,357598,43034,15318,13.05
2026-09-18 13:56:27,23332.6,2026-09-22,22900.0,CE,441.65,440.55,441.85,6451,2408,482,
2026-09-18 13:56:27,23332.6,2026-09-22,22900.0,PE,8.95,8.9,9.0,583929,71706,16442,12.62
2026-09-18 13:56:27,23332.6,2026-09-22,22950.0,CE,391.8,392.85,394.05,4874,1121,37,
2026-09-18 13:56:27,23332.6,2026-09-22,22950.0,PE,11.3,11.3,11.4,511411,47610,10522,12.24
2026-09-18 13:56:27,23332.6,2026-09-22,23000.0,CE,347.75,346.95,347.75,83707,14051,111,
2026-09-18 13:56:27,23332.6,2026-09-22,23000.0,PE,14.8,14.7,14.75,1365657,197647,49144,11.88
2026-09-18 13:56:27,23332.6,2026-09-22,23050.0,CE,300.7,301.1,301.9,26240,3678,944,
2026-09-18 13:56:27,23332.6,2026-09-22,23050.0,PE,19.05,19.05,19.1,711843,75936,27659,11.54
2026-09-18 13:56:27,23332.6,2026-09-22,23100.0,CE,258.25,257.95,258.5,150715,16500,3842,6.23
2026-09-18 13:56:27,23332.6,2026-09-22,23100.0,PE,25.25,25.25,25.35,1334296,129505,47020,11.3
2026-09-18 13:56:27,23332.6,2026-09-22,23150.0,CE,216.35,216.05,216.6,167917,13815,6001,7.56
2026-09-18 13:56:27,23332.6,2026-09-22,23150.0,PE,33.75,33.7,33.75,1008046,89363,42889,11.07
2026-09-18 13:56:27,23332.6,2026-09-22,23200.0,CE,177.4,177.45,177.6,950681,68993,17809,7.94
2026-09-18 13:56:27,23332.6,2026-09-22,23200.0,PE,44.85,44.75,44.8,2342879,242622,108791,10.91
2026-09-18 13:56:27,23332.6,2026-09-22,23250.0,CE,142.25,142.25,142.65,1104174,65263,17811,8.08
2026-09-18 13:56:27,23332.6,2026-09-22,23250.0,PE,59.25,59.25,59.4,1986842,158543,86740,10.83
2026-09-18 13:56:27,23332.6,2026-09-22,23300.0,CE,110.7,110.4,110.65,4143015,260341,158733,8.23
2026-09-18 13:56:27,23332.6,2026-09-22,23300.0,PE,78.2,78.2,78.4,5037352,351752,247244,10.81
2026-09-18 13:56:27,23332.6,2026-09-22,23350.0,CE,83.7,83.75,83.9,3522386,217986,164421,8.3
2026-09-18 13:56:27,23332.6,2026-09-22,23350.0,PE,100.9,100.65,100.85,2473736,120237,95842,10.81
2026-09-18 13:56:27,23332.6,2026-09-22,23400.0,CE,61.0,60.85,60.9,2833820,255859,155503,8.35
2026-09-18 13:56:27,23332.6,2026-09-22,23400.0,PE,128.7,128.35,128.65,1548587,98404,52560,10.95
2026-09-18 13:56:27,23332.6,2026-09-22,23450.0,CE,42.7,42.7,42.85,1543960,161620,108124,8.33
2026-09-18 13:56:27,23332.6,2026-09-22,23450.0,PE,160.15,160.2,160.55,430366,23206,13769,11.16
2026-09-18 13:56:27,23332.6,2026-09-22,23500.0,CE,29.5,29.45,29.5,2092592,222275,84060,8.44
2026-09-18 13:56:27,23332.6,2026-09-22,23500.0,PE,196.9,196.55,197.0,449990,44558,9920,11.46
2026-09-18 13:56:27,23332.6,2026-09-22,23550.0,CE,19.8,19.75,19.85,1030931,95913,45865,8.51
2026-09-18 13:56:27,23332.6,2026-09-22,23550.0,PE,238.0,237.0,237.4,77092,6835,2491,12.09
2026-09-18 13:56:27,23332.6,2026-09-22,23600.0,CE,13.2,13.1,13.15,1211717,150656,48079,8.66
2026-09-18 13:56:27,23332.6,2026-09-22,23600.0,PE,279.95,279.75,280.0,74523,13594,2054,12.63
2026-09-18 13:56:27,23332.6,2026-09-22,23650.0,CE,8.75,8.75,8.85,666753,69000,21660,8.9
2026-09-18 13:56:27,23332.6,2026-09-22,23650.0,PE,327.25,325.8,326.9,14035,3558,60,13.67
2026-09-18 13:56:27,23332.6,2026-09-22,23700.0,CE,6.2,6.15,6.2,730244,149811,33484,9.22
2026-09-18 13:56:27,23332.6,2026-09-22,23700.0,PE,373.0,372.35,373.45,16793,9240,-1655,14.5
2026-09-18 13:56:27,23332.6,2026-09-22,23750.0,CE,4.45,4.45,4.5,353514,77109,18619,9.58
2026-09-18 13:56:27,23332.6,2026-09-22,23750.0,PE,421.65,419.85,421.95,2128,1570,-100,15.77
2026-09-18 13:56:27,23332.6,2026-09-22,23800.0,CE,3.55,3.55,3.6,481788,159189,30453,10.14
2026-09-18 13:56:27,23332.6,2026-09-22,23800.0,PE,472.5,469.3,470.95,4901,7243,-209,16.78
2026-09-18 13:56:27,23332.6,2026-09-22,23850.0,CE,3.0,3.0,3.05,184116,59790,16439,10.75
2026-09-18 13:56:27,23332.6,2026-09-22,23850.0,PE,519.05,517.4,520.8,476,1080,13,18.34
2026-09-18 13:57:28,23332.0,2026-09-22,22850.0,CE,491.9,488.9,491.45,994,822,-64,
2026-09-18 13:57:28,23332.0,2026-09-22,22850.0,PE,7.2,7.15,7.25,357598,43034,15318,13.05
2026-09-18 13:57:28,23332.0,2026-09-22,22900.0,CE,441.65,440.55,441.85,6451,2408,482,
2026-09-18 13:57:28,23332.0,2026-09-22,22900.0,PE,8.95,8.9,9.0,583929,71706,16442,12.62
2026-09-18 13:57:28,23332.0,2026-09-22,22950.0,CE,391.8,392.85,394.05,4874,1121,37,
2026-09-18 13:57:28,23332.0,2026-09-22,22950.0,PE,11.3,11.3,11.4,511411,47610,10522,12.24
2026-09-18 13:57:28,23332.0,2026-09-22,23000.0,CE,347.75,346.95,347.75,83707,14051,111,
2026-09-18 13:57:28,23332.0,2026-09-22,23000.0,PE,14.8,14.7,14.75,1365657,197647,49144,11.88
2026-09-18 13:57:28,23332.0,2026-09-22,23050.0,CE,300.7,301.1,301.9,26240,3678,944,
2026-09-18 13:57:28,23332.0,2026-09-22,23050.0,PE,19.05,19.05,19.1,711843,75936,27659,11.54
2026-09-18 13:57:28,23332.0,2026-09-22,23100.0,CE,258.25,257.95,258.5,150715,16500,3842,6.23
2026-09-18 13:57:28,23332.0,2026-09-22,23100.0,PE,25.25,25.25,25.35,1334296,129505,47020,11.3
2026-09-18 13:57:28,23332.0,2026-09-22,23150.0,CE,216.35,216.05,216.6,167917,13815,6001,7.56
2026-09-18 13:57:28,23332.0,2026-09-22,23150.0,PE,33.75,33.7,33.75,1008046,89363,42889,11.07
2026-09-18 13:57:28,23332.0,2026-09-22,23200.0,CE,177.4,177.45,177.6,950681,68993,17809,7.94
2026-09-18 13:57:28,23332.0,2026-09-22,23200.0,PE,44.85,44.75,44.8,2342879,242622,108791,10.91
2026-09-18 13:57:28,23332.0,2026-09-22,23250.0,CE,142.25,142.25,142.65,1104174,65263,17811,8.08
2026-09-18 13:57:28,23332.0,2026-09-22,23250.0,PE,59.25,59.25,59.4,1986842,158543,86740,10.83
2026-09-18 13:57:28,23332.0,2026-09-22,23300.0,CE,110.7,110.4,110.65,4143015,260341,158733,8.23
2026-09-18 13:57:28,23332.0,2026-09-22,23300.0,PE,78.2,78.2,78.4,5037352,351752,247244,10.81
2026-09-18 13:57:28,23332.0,2026-09-22,23350.0,CE,83.7,83.75,83.9,3522386,217986,164421,8.3
2026-09-18 13:57:28,23332.0,2026-09-22,23350.0,PE,100.9,100.65,100.85,2473736,120237,95842,10.81
2026-09-18 13:57:28,23332.0,2026-09-22,23400.0,CE,61.0,60.85,60.9,2833820,255859,155503,8.35
2026-09-18 13:57:28,23332.0,2026-09-22,23400.0,PE,128.7,128.35,128.65,1548587,98404,52560,10.95
2026-09-18 13:57:28,23332.0,2026-09-22,23450.0,CE,42.7,42.7,42.85,1543960,161620,108124,8.33
2026-09-18 13:57:28,23332.0,2026-09-22,23450.0,PE,160.15,160.2,160.55,430366,23206,13769,11.16
2026-09-18 13:57:28,23332.0,2026-09-22,23500.0,CE,29.5,29.45,29.5,2092592,222275,84060,8.44
2026-09-18 13:57:28,23332.0,2026-09-22,23500.0,PE,196.9,196.55,197.0,449990,44558,9920,11.46
2026-09-18 13:57:28,23332.0,2026-09-22,23550.0,CE,19.8,19.75,19.85,1030931,95913,45865,8.51
2026-09-18 13:57:28,23332.0,2026-09-22,23550.0,PE,238.0,237.0,237.4,77092,6835,2491,12.09
2026-09-18 13:57:28,23332.0,2026-09-22,23600.0,CE,13.2,13.1,13.15,1211717,150656,48079,8.66
2026-09-18 13:57:28,23332.0,2026-09-22,23600.0,PE,279.95,279.75,280.0,74523,13594,2054,12.63
2026-09-18 13:57:28,23332.0,2026-09-22,23650.0,CE,8.75,8.75,8.85,666753,69000,21660,8.9
2026-09-18 13:57:28,23332.0,2026-09-22,23650.0,PE,327.25,325.8,326.9,14035,3558,60,13.67
2026-09-18 13:57:28,23332.0,2026-09-22,23700.0,CE,6.2,6.15,6.2,730244,149811,33484,9.22
2026-09-18 13:57:28,23332.0,2026-09-22,23700.0,PE,373.0,372.35,373.45,16793,9240,-1655,14.5
2026-09-18 13:57:28,23332.0,2026-09-22,23750.0,CE,4.45,4.45,4.5,353514,77109,18619,9.58
2026-09-18 13:57:28,23332.0,2026-09-22,23750.0,PE,421.65,419.85,421.95,2128,1570,-100,15.77
2026-09-18 13:57:28,23332.0,2026-09-22,23800.0,CE,3.55,3.55,3.6,481788,159189,30453,10.14
2026-09-18 13:57:28,23332.0,2026-09-22,23800.0,PE,472.5,469.3,470.95,4901,7243,-209,16.78
2026-09-18 13:57:28,23332.0,2026-09-22,23850.0,CE,3.0,3.0,3.05,184116,59790,16439,10.75
2026-09-18 13:57:28,23332.0,2026-09-22,23850.0,PE,519.05,517.4,520.8,476,1080,13,18.34
2026-09-18 13:58:28,23333.05,2026-09-22,22850.0,CE,491.9,492.75,494.15,994,823,-63,
2026-09-18 13:58:28,23333.05,2026-09-22,22850.0,PE,7.0,6.95,7.0,360116,42615,14899,13.05
2026-09-18 13:58:28,23333.05,2026-09-22,22900.0,CE,446.9,444.7,446.05,6456,2408,482,
2026-09-18 13:58:28,23333.05,2026-09-22,22900.0,PE,8.7,8.65,8.7,586679,71686,16422,12.62
2026-09-18 13:58:28,23333.05,2026-09-22,22950.0,CE,397.2,396.7,397.75,4881,1122,38,
2026-09-18 13:58:28,23333.05,2026-09-22,22950.0,PE,10.9,10.9,11.0,514178,47228,10140,12.24
2026-09-18 13:58:28,23333.05,2026-09-22,23000.0,CE,350.8,350.1,350.9,84025,14100,160,
2026-09-18 13:58:28,23333.05,2026-09-22,23000.0,PE,14.25,14.2,14.25,1372867,196847,48344,11.88
2026-09-18 13:58:28,23333.05,2026-09-22,23050.0,CE,305.5,304.45,305.3,26273,3682,948,
2026-09-18 13:58:28,23333.05,2026-09-22,23050.0,PE,18.4,18.4,18.5,715705,75713,27436,11.54
2026-09-18 13:58:28,23333.05,2026-09-22,23100.0,CE,261.35,261.3,261.55,151558,16471,3813,6.23
2026-09-18 13:58:28,23333.05,2026-09-22,23100.0,PE,24.6,24.5,24.6,1340910,128380,45895,11.3
2026-09-18 13:58:28,23333.05,2026-09-22,23150.0,CE,219.95,219.15,219.75,168858,13904,6090,7.56
2026-09-18 13:58:28,23333.05,2026-09-22,23150.0,PE,32.75,32.7,32.85,1013451,89064,42590,11.07
2026-09-18 13:58:28,23333.05,2026-09-22,23200.0,CE,180.75,180.1,180.55,955397,69213,18029,7.94
2026-09-18 13:58:28,23333.05,2026-09-22,23200.0,PE,43.6,43.6,43.75,2355464,242520,108689,10.91
2026-09-18 13:58:28,23333.05,2026-09-22,23250.0,CE,144.95,144.55,144.95,1109836,65060,17608,8.08
2026-09-18 13:58:28,23333.05,2026-09-22,23250.0,PE,58.0,57.8,57.95,1997670,157116,85313,10.83
2026-09-18 13:58:28,23333.05,2026-09-22,23300.0,CE,112.9,112.7,112.9,4169611,261707,160099,8.23
2026-09-18 13:58:28,23333.05,2026-09-22,23300.0,PE,76.4,76.45,76.5,5065029,352920,248412,10.81
2026-09-18 13:58:28,23333.05,2026-09-22,23350.0,CE,85.45,85.4,85.65,3547068,218502,164937,8.3
2026-09-18 13:58:28,23333.05,2026-09-22,23350.0,PE,98.95,98.65,98.9,2487462,121656,97261,10.81
2026-09-18 13:58:28,23333.05,2026-09-22,23400.0,CE,62.55,62.4,62.55,2859154,252427,152071,8.35
2026-09-18 13:58:28,23333.05,2026-09-22,23400.0,PE,126.35,126.1,126.4,1555909,98611,52767,10.95
2026-09-18 13:58:28,23333.05,2026-09-22,23450.0,CE,43.85,43.85,44.0,1555556,160958,107462,8.33
2026-09-18 13:58:28,23333.05,2026-09-22,23450.0,PE,158.2,157.75,158.1,432045,23321,13884,11.16
2026-09-18 13:58:28,23333.05,2026-09-22,23500.0,CE,30.5,30.4,30.5,2109929,223189,84974,8.44
2026-09-18 13:58:28,23333.05,2026-09-22,23500.0,PE,194.3,193.9,194.35,452550,44926,10288,11.46
2026-09-18 13:58:28,23333.05,2026-09-22,23550.0,CE,20.35,20.35,20.4,1037973,96740,46692,8.51
2026-09-18 13:58:28,23333.05,2026-09-22,23550.0,PE,234.2,233.7,234.35,77370,6881,2537,12.09
2026-09-18 13:58:28,23333.05,2026-09-22,23600.0,CE,13.6,13.55,13.6,1218529,150747,48170,8.66
2026-09-18 13:58:28,23333.05,2026-09-22,23600.0,PE,277.45,276.45,277.2,74868,13543,2003,12.63
2026-09-18 13:58:28,23333.05,2026-09-22,23650.0,CE,9.1,9.1,9.15,670770,69800,22460,8.9
2026-09-18 13:58:28,23333.05,2026-09-22,23650.0,PE,322.8,322.1,323.15,14082,3558,60,13.67
2026-09-18 13:58:28,23333.05,2026-09-22,23700.0,CE,6.35,6.3,6.35,733797,150087,33760,9.22
2026-09-18 13:58:28,23333.05,2026-09-22,23700.0,PE,368.95,368.95,370.05,16926,9225,-1670,14.5
2026-09-18 13:58:28,23333.05,2026-09-22,23750.0,CE,4.6,4.55,4.6,355765,77340,18850,9.58
2026-09-18 13:58:28,23333.05,2026-09-22,23750.0,PE,417.1,416.9,418.6,2133,1578,-92,15.77
2026-09-18 13:58:28,23333.05,2026-09-22,23800.0,CE,3.6,3.55,3.6,484431,159328,30592,10.14
2026-09-18 13:58:28,23333.05,2026-09-22,23800.0,PE,466.65,466.05,467.5,4905,7243,-209,16.78
2026-09-18 13:58:28,23333.05,2026-09-22,23850.0,CE,3.05,3.0,3.05,184830,59959,16608,10.75
2026-09-18 13:58:28,23333.05,2026-09-22,23850.0,PE,518.0,514.7,517.0,477,1080,13,18.34
2026-09-18 13:59:28,23335.8,2026-09-22,22850.0,CE,490.0,488.1,489.95,996,823,-63,
2026-09-18 13:59:28,23335.8,2026-09-22,22850.0,PE,7.25,7.2,7.25,361016,42445,14729,13.05
2026-09-18 13:59:28,23335.8,2026-09-22,22900.0,CE,439.85,440.7,442.1,6461,2409,483,
2026-09-18 13:59:28,23335.8,2026-09-22,22900.0,PE,9.0,8.9,8.95,587463,71898,16634,12.62
2026-09-18 13:59:28,23335.8,2026-09-22,22950.0,CE,391.6,392.75,394.0,4888,1127,43,
2026-09-18 13:59:28,23335.8,2026-09-22,22950.0,PE,11.35,11.25,11.35,514901,47434,10346,12.24
2026-09-18 13:59:28,23335.8,2026-09-22,23000.0,CE,346.4,346.25,347.05,84151,14036,96,
2026-09-18 13:59:28,23335.8,2026-09-22,23000.0,PE,14.7,14.7,14.75,1374877,197056,48553,11.88
2026-09-18 13:59:28,23335.8,2026-09-22,23050.0,CE,301.0,300.55,301.0,26294,3686,952,
2026-09-18 13:59:28,23335.8,2026-09-22,23050.0,PE,19.15,19.05,19.1,717017,75895,27618,11.54
2026-09-18 13:59:28,23335.8,2026-09-22,23100.0,CE,257.45,257.35,257.95,151890,16565,3907,6.23
2026-09-18 13:59:28,23335.8,2026-09-22,23100.0,PE,25.4,25.35,25.4,1344036,128779,46294,11.3
2026-09-18 13:59:28,23335.8,2026-09-22,23150.0,CE,216.25,216.05,216.6,169257,13922,6108,7.56
2026-09-18 13:59:28,23335.8,2026-09-22,23150.0,PE,33.8,33.7,33.8,1015568,90172,43698,11.07
2026-09-18 13:59:28,23335.8,2026-09-22,23200.0,CE,177.25,177.2,177.65,957283,69386,18202,7.94
2026-09-18 13:59:28,23335.8,2026-09-22,23200.0,PE,44.95,44.85,45.0,2361420,243529,109698,10.91
2026-09-18 13:59:28,23335.8,2026-09-22,23250.0,CE,142.15,141.85,142.25,1112094,65042,17590,8.08
2026-09-18 13:59:28,23335.8,2026-09-22,23250.0,PE,59.65,59.5,59.6,2002023,157589,85786,10.83
2026-09-18 13:59:28,23335.8,2026-09-22,23300.0,CE,110.1,110.1,110.4,4179165,262076,160468,8.23
2026-09-18 13:59:28,23335.8,2026-09-22,23300.0,PE,78.7,78.55,78.65,5077673,357295,252787,10.81
2026-09-18 13:59:28,23335.8,2026-09-22,23350.0,CE,83.4,83.4,83.6,3557765,218041,164476,8.3
2026-09-18 13:59:28,23335.8,2026-09-22,23350.0,PE,101.15,101.0,101.25,2495470,123424,99029,10.81
2026-09-18 13:59:28,23335.8,2026-09-22,23400.0,CE,60.75,60.75,60.9,2868056,252026,151670,8.35
2026-09-18 13:59:28,23335.8,2026-09-22,23400.0,PE,129.15,129.0,129.15,1559949,99789,53945,10.95
2026-09-18 13:59:28,23335.8,2026-09-22,23450.0,CE,42.7,42.65,42.75,1561426,160906,107410,8.33
2026-09-18 13:59:28,23335.8,2026-09-22,23450.0,PE,161.0,160.75,161.05,433329,23441,14004,11.16
2026-09-18 13:59:28,23335.8,2026-09-22,23500.0,CE,29.5,29.55,29.6,2116074,222483,84268,8.44
2026-09-18 13:59:28,23335.8,2026-09-22,23500.0,PE,197.2,197.1,197.6,453476,45201,10563,11.46
2026-09-18 13:59:28,23335.8,2026-09-22,23550.0,CE,19.65,19.65,19.75,1040919,96355,46307,8.51
2026-09-18 13:59:28,23335.8,2026-09-22,23550.0,PE,237.8,237.25,237.85,77480,6915,2571,12.09
2026-09-18 13:59:28,23335.8,2026-09-22,23600.0,CE,13.15,13.1,13.2,1223436,150251,47674,8.66
2026-09-18 13:59:28,23335.8,2026-09-22,23600.0,PE,281.0,280.1,280.9,75047,13573,2033,12.63
2026-09-18 13:59:28,23335.8,2026-09-22,23650.0,CE,8.85,8.8,8.85,672973,69695,22355,8.9
2026-09-18 13:59:28,23335.8,2026-09-22,23650.0,PE,328.2,325.8,326.85,14119,3564,66,13.67
2026-09-18 13:59:28,23335.8,2026-09-22,23700.0,CE,6.15,6.15,6.2,736246,150121,33794,9.22
2026-09-18 13:59:28,23335.8,2026-09-22,23700.0,PE,373.05,373.1,374.2,16955,9238,-1657,14.5
2026-09-18 13:59:28,23335.8,2026-09-22,23750.0,CE,4.45,4.45,4.5,356865,77147,18657,9.58
2026-09-18 13:59:28,23335.8,2026-09-22,23750.0,PE,423.45,421.05,423.15,2135,1578,-92,15.77
2026-09-18 13:59:28,23335.8,2026-09-22,23800.0,CE,3.5,3.5,3.55,485150,159205,30469,10.14
2026-09-18 13:59:28,23335.8,2026-09-22,23800.0,PE,468.7,471.1,472.6,4908,7243,-209,16.78
2026-09-18 13:59:28,23335.8,2026-09-22,23850.0,CE,3.05,3.0,3.05,185360,60006,16655,10.75
2026-09-18 13:59:28,23335.8,2026-09-22,23850.0,PE,518.0,518.7,522.2,477,1080,13,18.34
2026-09-18 14:00:28,23329.95,2026-09-22,22850.0,CE,493.55,492.3,493.9,997,824,-62,
2026-09-18 14:00:28,23329.95,2026-09-22,22850.0,PE,7.0,7.0,7.05,362934,43259,15543,13.05
2026-09-18 14:00:28,23329.95,2026-09-22,22900.0,CE,443.95,444.45,445.8,6469,2412,486,
2026-09-18 14:00:28,23329.95,2026-09-22,22900.0,PE,8.7,8.7,8.8,588511,71889,16625,12.62
2026-09-18 14:00:28,23329.95,2026-09-22,22950.0,CE,397.2,396.4,397.65,4907,1127,43,
2026-09-18 14:00:28,23329.95,2026-09-22,22950.0,PE,11.0,11.0,11.1,516451,47401,10313,12.24
2026-09-18 14:00:28,23329.95,2026-09-22,23000.0,CE,350.55,349.9,350.7,84328,13936,-4,
2026-09-18 14:00:28,23329.95,2026-09-22,23000.0,PE,14.35,14.3,14.35,1376790,196724,48221,11.88
2026-09-18 14:00:28,23329.95,2026-09-22,23050.0,CE,304.7,304.35,305.3,26310,3681,947,
2026-09-18 14:00:28,23329.95,2026-09-22,23050.0,PE,18.6,18.55,18.6,720628,75376,27099,11.54
2026-09-18 14:00:28,23329.95,2026-09-22,23100.0,CE,260.7,260.8,261.25,152386,16512,3854,6.23
2026-09-18 14:00:28,23329.95,2026-09-22,23100.0,PE,24.65,24.65,24.7,1347413,128424,45939,11.3
2026-09-18 14:00:28,23329.95,2026-09-22,23150.0,CE,219.85,219.3,219.85,169761,13953,6139,7.56
2026-09-18 14:00:28,23329.95,2026-09-22,23150.0,PE,32.8,32.85,32.95,1018873,90525,44051,11.07
2026-09-18 14:00:28,23329.95,2026-09-22,23200.0,CE,180.5,180.1,180.6,959666,69018,17834,7.94
2026-09-18 14:00:28,23329.95,2026-09-22,23200.0,PE,43.8,43.8,43.95,2367216,244266,110435,10.91
2026-09-18 14:00:28,23329.95,2026-09-22,23250.0,CE,144.8,144.4,144.75,1114909,64864,17412,8.08
2026-09-18 14:00:28,23329.95,2026-09-22,23250.0,PE,58.25,58.2,58.3,2006265,157580,85777,10.83
2026-09-18 14:00:28,23329.95,2026-09-22,23300.0,CE,112.75,112.75,113.05,4192533,260494,158886,8.23
2026-09-18 14:00:28,23329.95,2026-09-22,23300.0,PE,76.9,76.65,76.9,5090537,356481,251973,10.81
2026-09-18 14:00:28,23329.95,2026-09-22,23350.0,CE,85.65,85.5,85.7,3569693,216018,162453,8.3
2026-09-18 14:00:28,23329.95,2026-09-22,23350.0,PE,99.0,99.0,99.25,2501997,123710,99315,10.81
2026-09-18 14:00:28,23329.95,2026-09-22,23400.0,CE,62.6,62.45,62.65,2875583,252923,152567,8.35
2026-09-18 14:00:28,23329.95,2026-09-22,23400.0,PE,126.35,126.35,126.6,1563525,100355,54511,10.95
2026-09-18 14:00:28,23329.95,2026-09-22,23450.0,CE,44.0,43.9,44.0,1565972,160372,106876,8.33
2026-09-18 14:00:28,23329.95,2026-09-22,23450.0,PE,158.45,158.0,158.35,434352,23450,14013,11.16
2026-09-18 14:00:28,23329.95,2026-09-22,23500.0,CE,30.5,30.5,30.6,2123069,222595,84380,8.44
2026-09-18 14:00:28,23329.95,2026-09-22,23500.0,PE,194.5,194.05,194.5,454760,45161,10523,11.46
2026-09-18 14:00:28,23329.95,2026-09-22,23550.0,CE,20.45,20.35,20.4,1043477,96837,46789,8.51
2026-09-18 14:00:28,23329.95,2026-09-22,23550.0,PE,233.7,234.05,234.65,77633,6900,2556,12.09
2026-09-18 14:00:28,23329.95,2026-09-22,23600.0,CE,13.55,13.55,13.6,1227549,149773,47196,8.66
2026-09-18 14:00:28,23329.95,2026-09-22,23600.0,PE,277.5,277.5,277.8,75212,13603,2063,12.63
2026-09-18 14:00:28,23329.95,2026-09-22,23650.0,CE,9.2,9.1,9.2,674436,69564,22224,8.9
2026-09-18 14:00:28,23329.95,2026-09-22,23650.0,PE,323.9,322.25,323.2,14132,3555,57,13.67
2026-09-18 14:00:28,23329.95,2026-09-22,23700.0,CE,6.4,6.35,6.4,737313,150083,33756,9.22
2026-09-18 14:00:28,23329.95,2026-09-22,23700.0,PE,370.45,369.35,370.35,16984,9246,-1649,14.5
2026-09-18 14:00:28,23329.95,2026-09-22,23750.0,CE,4.6,4.55,4.6,357559,77112,18622,9.58
2026-09-18 14:00:28,23329.95,2026-09-22,23750.0,PE,419.25,416.9,418.85,2136,1573,-97,15.77
2026-09-18 14:00:28,23329.95,2026-09-22,23800.0,CE,3.6,3.55,3.6,485868,159003,30267,10.14
2026-09-18 14:00:28,23329.95,2026-09-22,23800.0,PE,468.0,466.25,467.85,4915,7238,-214,16.78
2026-09-18 14:00:28,23329.95,2026-09-22,23850.0,CE,3.05,3.0,3.05,185654,60021,16670,10.75
2026-09-18 14:00:28,23329.95,2026-09-22,23850.0,PE,515.0,514.9,517.4,478,1080,13,18.34
2026-09-18 14:01:29,23330.15,2026-09-22,22850.0,CE,495.0,492.75,494.35,998,824,-62,
2026-09-18 14:01:29,23330.15,2026-09-22,22850.0,PE,7.1,7.0,7.05,363769,43076,15360,13.05
2026-09-18 14:01:29,23330.15,2026-09-22,22900.0,CE,445.85,445.25,446.5,6494,2428,502,
2026-09-18 14:01:29,23330.15,2026-09-22,22900.0,PE,8.7,8.7,8.75,590812,71992,16728,12.62
2026-09-18 14:01:29,23330.15,2026-09-22,22950.0,CE,400.0,397.1,398.3,4962,1172,88,
2026-09-18 14:01:29,23330.15,2026-09-22,22950.0,PE,11.0,11.0,11.05,518405,47186,10098,12.24
2026-09-18 14:01:29,23330.15,2026-09-22,23000.0,CE,350.8,350.5,351.3,84562,13974,34,
2026-09-18 14:01:29,23330.15,2026-09-22,23000.0,PE,14.25,14.25,14.35,1381643,196833,48330,11.88
2026-09-18 14:01:29,23330.15,2026-09-22,23050.0,CE,305.35,304.95,305.75,26357,3690,956,
2026-09-18 14:01:29,23330.15,2026-09-22,23050.0,PE,18.55,18.45,18.55,724779,75230,26953,11.54
2026-09-18 14:01:29,23330.15,2026-09-22,23100.0,CE,261.2,261.3,262.0,152858,16543,3885,6.23
2026-09-18 14:01:29,23330.15,2026-09-22,23100.0,PE,24.55,24.55,24.7,1352311,128013,45528,11.3
2026-09-18 14:01:29,23330.15,2026-09-22,23150.0,CE,219.6,219.7,220.3,170341,13971,6157,7.56
2026-09-18 14:01:29,23330.15,2026-09-22,23150.0,PE,32.85,32.75,32.85,1021665,90407,43933,11.07
2026-09-18 14:01:29,23330.15,2026-09-22,23200.0,CE,181.0,180.7,181.0,962590,68692,17508,7.94
2026-09-18 14:01:29,23330.15,2026-09-22,23200.0,PE,43.75,43.65,43.8,2373807,244144,110313,10.91
2026-09-18 14:01:29,23330.15,2026-09-22,23250.0,CE,145.05,145.05,145.25,1118705,64990,17538,8.08
2026-09-18 14:01:29,23330.15,2026-09-22,23250.0,PE,57.9,57.9,58.05,2013129,158957,87154,10.83
2026-09-18 14:01:29,23330.15,2026-09-22,23300.0,CE,113.15,113.2,113.5,4208923,259897,158289,8.23
2026-09-18 14:01:29,23330.15,2026-09-22,23300.0,PE,76.3,76.3,76.45,5107582,355441,250933,10.81
2026-09-18 14:01:29,23330.15,2026-09-22,23350.0,CE,85.7,85.65,85.85,3583747,216840,163275,8.3
2026-09-18 14:01:29,23330.15,2026-09-22,23350.0,PE,99.0,98.8,99.0,2510174,124635,100240,10.81
2026-09-18 14:01:29,23330.15,2026-09-22,23400.0,CE,62.85,62.7,62.85,2886632,253481,153125,8.35
2026-09-18 14:01:29,23330.15,2026-09-22,23400.0,PE,126.2,125.9,126.25,1568196,100149,54305,10.95
2026-09-18 14:01:29,23330.15,2026-09-22,23450.0,CE,44.2,44.1,44.2,1571920,160477,106981,8.33
2026-09-18 14:01:29,23330.15,2026-09-22,23450.0,PE,157.95,157.55,157.95,435541,23421,13984,11.16
2026-09-18 14:01:29,23330.15,2026-09-22,23500.0,CE,30.7,30.65,30.8,2131108,224328,86113,8.44
2026-09-18 14:01:29,23330.15,2026-09-22,23500.0,PE,194.2,193.9,194.1,456027,45388,10750,11.46
2026-09-18 14:01:29,23330.15,2026-09-22,23550.0,CE,20.6,20.5,20.55,1047103,97202,47154,8.51
2026-09-18 14:01:29,23330.15,2026-09-22,23550.0,PE,234.3,233.5,234.2,77763,6928,2584,12.09
2026-09-18 14:01:29,23330.15,2026-09-22,23600.0,CE,13.7,13.65,13.7,1230524,150435,47858,8.66
2026-09-18 14:01:29,23330.15,2026-09-22,23600.0,PE,277.15,276.5,277.25,75438,13586,2046,12.63
2026-09-18 14:01:29,23330.15,2026-09-22,23650.0,CE,9.25,9.2,9.25,676490,69613,22273,8.9
2026-09-18 14:01:29,23330.15,2026-09-22,23650.0,PE,322.5,321.65,322.75,14162,3568,70,13.67
2026-09-18 14:01:29,23330.15,2026-09-22,23700.0,CE,6.4,6.4,6.45,738559,150197,33870,9.22
2026-09-18 14:01:29,23330.15,2026-09-22,23700.0,PE,368.85,368.8,369.85,17012,9243,-1652,14.5
2026-09-18 14:01:29,23330.15,2026-09-22,23750.0,CE,4.6,4.6,4.65,358449,77633,19143,9.58
2026-09-18 14:01:29,23330.15,2026-09-22,23750.0,PE,416.55,416.5,418.0,2148,1573,-97,15.77
2026-09-18 14:01:29,23330.15,2026-09-22,23800.0,CE,3.65,3.6,3.65,487645,158708,29972,10.14
2026-09-18 14:01:29,23330.15,2026-09-22,23800.0,PE,467.15,466.05,467.35,4921,7239,-213,16.78
2026-09-18 14:01:29,23330.15,2026-09-22,23850.0,CE,3.05,3.05,3.1,186446,60009,16658,10.75
2026-09-18 14:01:29,23330.15,2026-09-22,23850.0,PE,515.0,514.6,517.2,478,1080,13,18.34
2026-09-18 14:02:29,23330.0,2026-09-22,22850.0,CE,490.7,487.6,489.5,999,824,-62,
2026-09-18 14:02:29,23330.0,2026-09-22,22850.0,PE,7.25,7.25,7.3,364563,43066,15350,13.0
2026-09-18 14:02:29,23330.0,2026-09-22,22900.0,CE,441.0,439.35,440.85,6506,2431,505,
2026-09-18 14:02:29,23330.0,2026-09-22,22900.0,PE,9.0,9.0,9.05,592099,72182,16918,12.55
2026-09-18 14:02:29,23330.0,2026-09-22,22950.0,CE,394.8,392.05,393.3,4975,1178,94,
2026-09-18 14:02:29,23330.0,2026-09-22,22950.0,PE,11.35,11.35,11.4,519686,47141,10053,12.14
2026-09-18 14:02:29,23330.0,2026-09-22,23000.0,CE,346.3,345.35,346.15,84747,13938,-2,
2026-09-18 14:02:29,23330.0,2026-09-22,23000.0,PE,14.85,14.8,14.85,1385820,196850,48347,11.77
2026-09-18 14:02:29,23330.0,2026-09-22,23050.0,CE,301.25,299.6,300.45,26378,3699,965,
2026-09-18 14:02:29,23330.0,2026-09-22,23050.0,PE,19.1,19.1,19.2,727329,74978,26701,11.42
2026-09-18 14:02:29,23330.0,2026-09-22,23100.0,CE,257.0,256.15,256.7,153453,16356,3698,6.77
2026-09-18 14:02:29,23330.0,2026-09-22,23100.0,PE,25.5,25.4,25.5,1356091,128194,45709,11.15
2026-09-18 14:02:29,23330.0,2026-09-22,23150.0,CE,215.2,215.25,215.75,170881,13884,6070,7.61
2026-09-18 14:02:29,23330.0,2026-09-22,23150.0,PE,33.8,33.75,33.8,1024531,90411,43937,10.92
2026-09-18 14:02:29,23330.0,2026-09-22,23200.0,CE,176.5,176.4,176.9,965574,68600,17416,7.98
2026-09-18 14:02:29,23330.0,2026-09-22,23200.0,PE,44.95,44.95,45.0,2385928,246171,112340,10.72
2026-09-18 14:02:29,23330.0,2026-09-22,23250.0,CE,141.15,141.1,141.4,1122232,64670,17218,8.19
2026-09-18 14:02:29,23330.0,2026-09-22,23250.0,PE,59.7,59.55,59.65,2019642,158915,87112,10.63
2026-09-18 14:02:29,23330.0,2026-09-22,23300.0,CE,110.0,109.75,110.05,4225602,258462,156854,8.29
2026-09-18 14:02:29,23330.0,2026-09-22,23300.0,PE,78.55,78.3,78.55,5127705,357934,253426,10.59
2026-09-18 14:02:29,23330.0,2026-09-22,23350.0,CE,82.6,82.6,82.7,3599382,215850,162285,8.37
2026-09-18 14:02:29,23330.0,2026-09-22,23350.0,PE,101.35,101.3,101.45,2521538,125805,101410,10.59
2026-09-18 14:02:29,23330.0,2026-09-22,23400.0,CE,60.4,60.4,60.5,2900466,254357,154001,8.41
2026-09-18 14:02:29,23330.0,2026-09-22,23400.0,PE,129.5,129.25,129.5,1573665,100410,54566,10.66
2026-09-18 14:02:29,23330.0,2026-09-22,23450.0,CE,42.05,42.1,42.2,1579327,160321,106825,8.38
2026-09-18 14:02:29,23330.0,2026-09-22,23450.0,PE,161.8,161.45,161.85,437349,23363,13926,10.85
2026-09-18 14:02:29,23330.0,2026-09-22,23500.0,CE,29.35,29.35,29.45,2139662,223992,85777,8.48
2026-09-18 14:02:29,23330.0,2026-09-22,23500.0,PE,198.2,197.6,198.15,457619,45513,10875,11.17
2026-09-18 14:02:29,23330.0,2026-09-22,23550.0,CE,19.65,19.65,19.75,1051582,97575,47527,8.55
2026-09-18 14:02:29,23330.0,2026-09-22,23550.0,PE,238.3,237.9,238.45,78084,6920,2576,11.62
2026-09-18 14:02:29,23330.0,2026-09-22,23600.0,CE,13.15,13.15,13.2,1235462,149531,46954,8.67
2026-09-18 14:02:29,23330.0,2026-09-22,23600.0,PE,282.0,281.1,281.95,75679,13544,2004,12.1
2026-09-18 14:02:29,23330.0,2026-09-22,23650.0,CE,8.9,8.9,8.95,679137,69466,22126,8.88
2026-09-18 14:02:29,23330.0,2026-09-22,23650.0,PE,327.15,326.75,327.85,14199,3570,72,12.78
2026-09-18 14:02:29,23330.0,2026-09-22,23700.0,CE,6.25,6.25,6.3,740055,149911,33584,9.17
2026-09-18 14:02:29,23330.0,2026-09-22,23700.0,PE,374.7,374.05,375.05,17060,9254,-1641,13.78
2026-09-18 14:02:29,23330.0,2026-09-22,23750.0,CE,4.6,4.55,4.6,360115,77460,18970,9.5
2026-09-18 14:02:29,23330.0,2026-09-22,23750.0,PE,422.15,422.05,423.7,2151,1572,-98,14.65
2026-09-18 14:02:29,23330.0,2026-09-22,23800.0,CE,3.7,3.65,3.7,489294,158618,29882,9.99
2026-09-18 14:02:29,23330.0,2026-09-22,23800.0,PE,470.55,471.3,473.15,4940,7242,-210,16.02
2026-09-18 14:02:29,23330.0,2026-09-22,23850.0,CE,3.15,3.1,3.15,187602,60326,16975,10.61
2026-09-18 14:02:29,23330.0,2026-09-22,23850.0,PE,515.0,520.4,523.25,478,1080,13,16.82
2026-09-18 14:03:29,23328.3,2026-09-22,22850.0,CE,490.3,489.55,491.7,1005,827,-59,
2026-09-18 14:03:29,23328.3,2026-09-22,22850.0,PE,7.2,7.2,7.25,364887,43122,15406,13.0
2026-09-18 14:03:29,23328.3,2026-09-22,22900.0,CE,443.25,441.8,443.2,6519,2431,505,
2026-09-18 14:03:29,23328.3,2026-09-22,22900.0,PE,8.95,8.9,8.95,593048,72320,17056,12.55
2026-09-18 14:03:29,23328.3,2026-09-22,22950.0,CE,395.0,394.05,395.3,4984,1178,94,
2026-09-18 14:03:29,23328.3,2026-09-22,22950.0,PE,11.25,11.25,11.3,520737,47437,10349,12.14
2026-09-18 14:03:29,23328.3,2026-09-22,23000.0,CE,347.8,347.4,348.2,84820,13940,0,
2026-09-18 14:03:29,23328.3,2026-09-22,23000.0,PE,14.6,14.6,14.7,1387902,197278,48775,11.77
2026-09-18 14:03:29,23328.3,2026-09-22,23050.0,CE,302.75,302.2,303.0,26411,3694,960,
2026-09-18 14:03:29,23328.3,2026-09-22,23050.0,PE,18.85,18.85,18.95,728902,75481,27204,11.42
2026-09-18 14:03:29,23328.3,2026-09-22,23100.0,CE,258.55,258.4,259.0,153677,16347,3689,6.77
2026-09-18 14:03:29,23328.3,2026-09-22,23100.0,PE,25.2,25.1,25.2,1358210,128558,46073,11.15
2026-09-18 14:03:29,23328.3,2026-09-22,23150.0,CE,217.4,217.0,217.5,171179,13941,6127,7.61
2026-09-18 14:03:29,23328.3,2026-09-22,23150.0,PE,33.5,33.4,33.5,1025847,90478,44004,10.92
2026-09-18 14:03:29,23328.3,2026-09-22,23200.0,CE,178.0,178.05,178.5,966619,68608,17424,7.98
2026-09-18 14:03:29,23328.3,2026-09-22,23200.0,PE,44.5,44.55,44.7,2391135,246541,112710,10.72
2026-09-18 14:03:29,23328.3,2026-09-22,23250.0,CE,142.95,142.55,142.9,1124097,64736,17284,8.19
2026-09-18 14:03:29,23328.3,2026-09-22,23250.0,PE,59.2,59.05,59.2,2023425,159300,87497,10.63
2026-09-18 14:03:29,23328.3,2026-09-22,23300.0,CE,111.55,111.3,111.55,4233471,259608,158000,8.29
2026-09-18 14:03:29,23328.3,2026-09-22,23300.0,PE,77.9,77.7,77.9,5138925,360593,256085,10.59
2026-09-18 14:03:29,23328.3,2026-09-22,23350.0,CE,84.05,84.05,84.1,3605543,216483,162918,8.37
2026-09-18 14:03:29,23328.3,2026-09-22,23350.0,PE,100.65,100.45,100.65,2527634,126875,102480,10.59
2026-09-18 14:03:29,23328.3,2026-09-22,23400.0,CE,61.55,61.4,61.55,2905813,255266,154910,8.41
2026-09-18 14:03:29,23328.3,2026-09-22,23400.0,PE,128.3,127.95,128.25,1577499,101305,55461,10.66
2026-09-18 14:03:29,23328.3,2026-09-22,23450.0,CE,43.1,43.05,43.1,1582180,160623,107127,8.38
2026-09-18 14:03:29,23328.3,2026-09-22,23450.0,PE,160.5,159.9,160.3,438128,23355,13918,10.85
2026-09-18 14:03:29,23328.3,2026-09-22,23500.0,CE,30.0,30.0,30.1,2145624,224751,86536,8.48
2026-09-18 14:03:29,23328.3,2026-09-22,23500.0,PE,196.7,196.3,196.65,458635,45780,11142,11.17
2026-09-18 14:03:29,23328.3,2026-09-22,23550.0,CE,20.05,20.05,20.15,1053628,97327,47279,8.55
2026-09-18 14:03:29,23328.3,2026-09-22,23550.0,PE,236.85,236.5,237.05,78172,6920,2576,11.62
2026-09-18 14:03:29,23328.3,2026-09-22,23600.0,CE,13.4,13.4,13.5,1237903,149276,46699,8.67
2026-09-18 14:03:29,23328.3,2026-09-22,23600.0,PE,279.9,279.7,280.4,75878,13587,2047,12.1
2026-09-18 14:03:29,23328.3,2026-09-22,23650.0,CE,9.15,9.1,9.15,680400,69825,22485,8.88
2026-09-18 14:03:29,23328.3,2026-09-22,23650.0,PE,325.8,324.85,325.9,14213,3574,76,12.78
2026-09-18 14:03:29,23328.3,2026-09-22,23700.0,CE,6.45,6.4,6.45,742850,149415,33088,9.17
2026-09-18 14:03:29,23328.3,2026-09-22,23700.0,PE,372.05,372.05,373.25,17111,9254,-1641,13.78
2026-09-18 14:03:29,23328.3,2026-09-22,23750.0,CE,4.65,4.65,4.7,361581,76796,18306,9.5
2026-09-18 14:03:29,23328.3,2026-09-22,23750.0,PE,423.05,419.85,421.6,2153,1572,-98,14.65
2026-09-18 14:03:29,23328.3,2026-09-22,23800.0,CE,3.7,3.7,3.75,490146,158960,30224,9.99
2026-09-18 14:03:29,23328.3,2026-09-22,23800.0,PE,469.9,469.05,470.75,4943,7242,-210,16.02
2026-09-18 14:03:29,23328.3,2026-09-22,23850.0,CE,3.15,3.1,3.15,188293,60390,17039,10.61
2026-09-18 14:03:29,23328.3,2026-09-22,23850.0,PE,515.0,517.8,520.45,478,1080,13,16.82
2026-09-18 14:04:29,23333.95,2026-09-22,22850.0,CE,495.8,494.15,495.4,1017,827,-59,
2026-09-18 14:04:29,23333.95,2026-09-22,22850.0,PE,7.3,7.25,7.3,366367,42537,14821,13.0
2026-09-18 14:04:29,23333.95,2026-09-22,22900.0,CE,447.25,445.4,446.85,6525,2432,506,
2026-09-18 14:04:29,23333.95,2026-09-22,22900.0,PE,8.9,8.9,8.95,594588,72304,17040,12.55
2026-09-18 14:04:29,23333.95,2026-09-22,22950.0,CE,399.35,398.0,399.2,4999,1179,95,
2026-09-18 14:04:29,23333.95,2026-09-22,22950.0,PE,11.25,11.2,11.25,522013,47277,10189,12.14
2026-09-18 14:04:29,23333.95,2026-09-22,23000.0,CE,352.35,351.25,352.2,85167,13867,-73,
2026-09-18 14:04:29,23333.95,2026-09-22,23000.0,PE,14.5,14.5,14.6,1391609,197292,48789,11.77
2026-09-18 14:04:29,23333.95,2026-09-22,23050.0,CE,305.65,305.7,306.55,26470,3694,960,
2026-09-18 14:04:29,23333.95,2026-09-22,23050.0,PE,18.75,18.75,18.8,731546,75206,26929,11.42
2026-09-18 14:04:29,23333.95,2026-09-22,23100.0,CE,262.45,262.0,262.3,154252,16273,3615,6.77
2026-09-18 14:04:29,23333.95,2026-09-22,23100.0,PE,24.75,24.8,24.85,1362416,129445,46960,11.15
2026-09-18 14:04:29,23333.95,2026-09-22,23150.0,CE,220.85,220.45,220.95,171723,13868,6054,7.61
2026-09-18 14:04:29,23333.95,2026-09-22,23150.0,PE,32.9,32.9,32.95,1029380,90600,44126,10.92
2026-09-18 14:04:29,23333.95,2026-09-22,23200.0,CE,181.65,181.3,181.65,969878,68029,16845,7.98
2026-09-18 14:04:29,23333.95,2026-09-22,23200.0,PE,43.8,43.75,43.8,2401276,247145,113314,10.72
2026-09-18 14:04:29,23333.95,2026-09-22,23250.0,CE,145.65,145.25,145.6,1128767,64829,17377,8.19
2026-09-18 14:04:29,23333.95,2026-09-22,23250.0,PE,58.05,57.95,58.05,2031622,160844,89041,10.63
2026-09-18 14:04:29,23333.95,2026-09-22,23300.0,CE,113.65,113.4,113.7,4249819,255384,153776,8.29
2026-09-18 14:04:29,23333.95,2026-09-22,23300.0,PE,76.25,76.25,76.45,5161404,363178,258670,10.59
2026-09-18 14:04:29,23333.95,2026-09-22,23350.0,CE,86.2,86.0,86.2,3621333,214140,160575,8.37
2026-09-18 14:04:29,23333.95,2026-09-22,23350.0,PE,98.65,98.4,98.65,2539821,129599,105204,10.59
2026-09-18 14:04:29,23333.95,2026-09-22,23400.0,CE,63.0,62.9,63.0,2919369,252910,152554,8.41
2026-09-18 14:04:29,23333.95,2026-09-22,23400.0,PE,126.15,125.7,126.0,1583751,102071,56227,10.66
2026-09-18 14:04:29,23333.95,2026-09-22,23450.0,CE,44.4,44.35,44.4,1588142,160609,107113,8.38
2026-09-18 14:04:29,23333.95,2026-09-22,23450.0,PE,157.65,157.5,157.9,439885,23542,14105,10.85
2026-09-18 14:04:29,23333.95,2026-09-22,23500.0,CE,31.0,30.95,31.0,2156907,223011,84796,8.48
2026-09-18 14:04:29,23333.95,2026-09-22,23500.0,PE,194.15,193.3,193.8,461284,45688,11050,11.17
2026-09-18 14:04:29,23333.95,2026-09-22,23550.0,CE,20.8,20.8,20.9,1058877,96326,46278,8.55
2026-09-18 14:04:29,23333.95,2026-09-22,23550.0,PE,233.75,233.05,233.65,78468,6922,2578,11.62
2026-09-18 14:04:29,23333.95,2026-09-22,23600.0,CE,14.0,13.95,14.0,1243760,148798,46221,8.67
2026-09-18 14:04:29,23333.95,2026-09-22,23600.0,PE,276.25,276.45,277.15,76065,13609,2069,12.1
2026-09-18 14:04:29,23333.95,2026-09-22,23650.0,CE,9.5,9.45,9.5,685082,69339,21999,8.88
2026-09-18 14:04:29,23333.95,2026-09-22,23650.0,PE,320.4,321.3,322.4,14248,3593,95,12.78
2026-09-18 14:04:29,23333.95,2026-09-22,23700.0,CE,6.65,6.65,6.7,747374,150276,33949,9.17
2026-09-18 14:04:29,23333.95,2026-09-22,23700.0,PE,367.85,368.35,369.4,17142,9234,-1661,13.78
2026-09-18 14:04:29,23333.95,2026-09-22,23750.0,CE,4.85,4.8,4.85,365907,75793,17303,9.5
2026-09-18 14:04:29,23333.95,2026-09-22,23750.0,PE,415.65,416.05,417.8,2158,1572,-98,14.65
2026-09-18 14:04:29,23333.95,2026-09-22,23800.0,CE,3.75,3.75,3.8,492267,158845,30109,9.99
2026-09-18 14:04:29,23333.95,2026-09-22,23800.0,PE,464.05,465.3,467.05,4949,7242,-210,16.02
2026-09-18 14:04:29,23333.95,2026-09-22,23850.0,CE,3.2,3.15,3.2,188733,60363,17012,10.61
2026-09-18 14:04:29,23333.95,2026-09-22,23850.0,PE,515.0,513.8,516.45,483,1082,15,16.82
2026-09-18 14:05:29,23337.35,2026-09-22,22850.0,CE,495.25,495.5,497.7,1023,827,-59,
2026-09-18 14:05:29,23337.35,2026-09-22,22850.0,PE,7.3,7.25,7.3,366806,42432,14716,13.0
2026-09-18 14:05:29,23337.35,2026-09-22,22900.0,CE,447.2,447.15,449.0,6528,2432,506,
2026-09-18 14:05:29,23337.35,2026-09-22,22900.0,PE,8.9,8.9,8.95,595299,72276,17012,12.55
2026-09-18 14:05:29,23337.35,2026-09-22,22950.0,CE,399.15,399.65,400.0,5006,1180,96,
2026-09-18 14:05:29,23337.35,2026-09-22,22950.0,PE,11.15,11.1,11.2,523199,47431,10343,12.14
2026-09-18 14:05:29,23337.35,2026-09-22,23000.0,CE,353.0,352.8,353.0,85306,13983,43,
2026-09-18 14:05:29,23337.35,2026-09-22,23000.0,PE,14.4,14.4,14.45,1392616,197414,48911,11.77
2026-09-18 14:05:29,23337.35,2026-09-22,23050.0,CE,307.5,307.45,308.15,26528,3694,960,
2026-09-18 14:05:29,23337.35,2026-09-22,23050.0,PE,18.5,18.45,18.5,732437,75016,26739,11.42
2026-09-18 14:05:29,23337.35,2026-09-22,23100.0,CE,263.4,263.6,263.75,154572,16201,3543,6.77
2026-09-18 14:05:29,23337.35,2026-09-22,23100.0,PE,24.4,24.4,24.5,1364849,129352,46867,11.15
2026-09-18 14:05:29,23337.35,2026-09-22,23150.0,CE,221.6,221.55,222.05,172194,13858,6044,7.61
2026-09-18 14:05:29,23337.35,2026-09-22,23150.0,PE,32.5,32.55,32.65,1031106,90612,44138,10.92
2026-09-18 14:05:29,23337.35,2026-09-22,23200.0,CE,182.55,182.7,182.95,971584,68137,16953,7.98
2026-09-18 14:05:29,23337.35,2026-09-22,23200.0,PE,43.2,43.1,43.2,2411001,246892,113061,10.72
2026-09-18 14:05:29,23337.35,2026-09-22,23250.0,CE,146.75,146.5,146.8,1131652,64380,16928,8.19
2026-09-18 14:05:29,23337.35,2026-09-22,23250.0,PE,57.05,57.3,57.45,2035711,160825,89022,10.63
2026-09-18 14:05:29,23337.35,2026-09-22,23300.0,CE,114.85,114.6,114.85,4260511,255469,153861,8.29
2026-09-18 14:05:29,23337.35,2026-09-22,23300.0,PE,75.45,75.3,75.4,5171591,363567,259059,10.59
2026-09-18 14:05:29,23337.35,2026-09-22,23350.0,CE,86.85,86.65,86.85,3631104,214118,160553,8.37
2026-09-18 14:05:29,23337.35,2026-09-22,23350.0,PE,97.75,97.75,97.95,2546721,131120,106725,10.59
2026-09-18 14:05:29,23337.35,2026-09-22,23400.0,CE,63.65,63.65,63.8,2926654,252650,152294,8.41
2026-09-18 14:05:29,23337.35,2026-09-22,23400.0,PE,124.65,124.35,124.65,1586790,102775,56931,10.66
2026-09-18 14:05:29,23337.35,2026-09-22,23450.0,CE,44.95,44.85,44.95,1592191,160574,107078,8.38
2026-09-18 14:05:29,23337.35,2026-09-22,23450.0,PE,156.0,156.0,156.1,440466,23560,14123,10.85
2026-09-18 14:05:29,23337.35,2026-09-22,23500.0,CE,31.15,31.15,31.25,2163799,222654,84439,8.48
2026-09-18 14:05:29,23337.35,2026-09-22,23500.0,PE,192.5,192.05,192.55,462243,45768,11130,11.17
2026-09-18 14:05:29,23337.35,2026-09-22,23550.0,CE,21.05,21.05,21.1,1061866,96605,46557,8.55
2026-09-18 14:05:29,23337.35,2026-09-22,23550.0,PE,232.25,231.4,232.0,78572,6921,2577,11.62
2026-09-18 14:05:29,23337.35,2026-09-22,23600.0,CE,14.1,14.05,14.1,1248543,148626,46049,8.67
2026-09-18 14:05:29,23337.35,2026-09-22,23600.0,PE,275.45,274.7,275.45,76356,13706,2166,12.1
2026-09-18 14:05:29,23337.35,2026-09-22,23650.0,CE,9.6,9.55,9.6,687402,69186,21846,8.88
2026-09-18 14:05:29,23337.35,2026-09-22,23650.0,PE,319.9,319.55,320.6,14271,3595,97,12.78
2026-09-18 14:05:29,23337.35,2026-09-22,23700.0,CE,6.75,6.7,6.75,749354,150166,33839,9.17
2026-09-18 14:05:29,23337.35,2026-09-22,23700.0,PE,368.1,367.45,367.7,17158,9241,-1654,13.78
2026-09-18 14:05:29,23337.35,2026-09-22,23750.0,CE,4.85,4.85,4.95,367262,75688,17198,9.5
2026-09-18 14:05:29,23337.35,2026-09-22,23750.0,PE,416.15,414.25,415.85,2160,1571,-99,14.65
2026-09-18 14:05:29,23337.35,2026-09-22,23800.0,CE,3.8,3.8,3.85,494572,158947,30211,9.99
2026-09-18 14:05:29,23337.35,2026-09-22,23800.0,PE,465.35,463.3,466.05,4950,7242,-210,16.02
2026-09-18 14:05:29,23337.35,2026-09-22,23850.0,CE,3.2,3.2,3.25,191002,59382,16031,10.61
2026-09-18 14:05:29,23337.35,2026-09-22,23850.0,PE,514.95,512.0,514.75,484,1082,15,16.82
2026-09-18 14:06:29,23340.55,2026-09-22,22850.0,CE,502.65,500.95,503.45,1025,827,-59,
2026-09-18 14:06:29,23340.55,2026-09-22,22850.0,PE,7.1,7.1,7.15,368010,42432,14716,13.0
2026-09-18 14:06:29,23340.55,2026-09-22,22900.0,CE,452.95,452.95,454.6,6541,2437,511,
2026-09-18 14:06:29,23340.55,2026-09-22,22900.0,PE,8.65,8.65,8.7,596957,72276,17012,12.55
2026-09-18 14:06:29,23340.55,2026-09-22,22950.0,CE,406.95,405.2,406.55,5022,1183,99,
2026-09-18 14:06:29,23340.55,2026-09-22,22950.0,PE,10.8,10.85,10.9,525079,47431,10343,12.14
2026-09-18 14:06:29,23340.55,2026-09-22,23000.0,CE,358.45,358.3,359.1,85647,13983,43,
2026-09-18 14:06:29,23340.55,2026-09-22,23000.0,PE,14.0,13.95,14.0,1396948,197414,48911,11.77
2026-09-18 14:06:29,23340.55,2026-09-22,23050.0,CE,313.05,312.6,313.45,26713,3710,976,
2026-09-18 14:06:29,23340.55,2026-09-22,23050.0,PE,17.9,17.85,17.95,735457,75016,26739,11.42
2026-09-18 14:06:29,23340.55,2026-09-22,23100.0,CE,268.35,268.5,269.15,155693,16201,3543,6.77
2026-09-18 14:06:29,23340.55,2026-09-22,23100.0,PE,23.6,23.65,23.75,1370537,129352,46867,11.15
2026-09-18 14:06:29,23340.55,2026-09-22,23150.0,CE,227.1,226.45,227.0,173348,13858,6044,7.61
2026-09-18 14:06:29,23340.55,2026-09-22,23150.0,PE,31.35,31.35,31.5,1036386,90612,44138,10.92
2026-09-18 14:06:29,23340.55,2026-09-22,23200.0,CE,186.7,186.7,187.2,977837,68137,16953,7.98
2026-09-18 14:06:29,23340.55,2026-09-22,23200.0,PE,41.7,41.7,41.85,2428141,246892,113061,10.72
2026-09-18 14:06:29,23340.55,2026-09-22,23250.0,CE,150.9,150.55,150.9,1138724,64380,16928,8.19
2026-09-18 14:06:29,23340.55,2026-09-22,23250.0,PE,55.3,55.3,55.5,2047091,160825,89022,10.63
2026-09-18 14:06:29,23340.55,2026-09-22,23300.0,CE,118.35,118.05,118.35,4288520,255469,153861,8.29
2026-09-18 14:06:29,23340.55,2026-09-22,23300.0,PE,73.0,72.8,73.0,5206343,363567,259059,10.59
2026-09-18 14:06:29,23340.55,2026-09-22,23350.0,CE,90.05,89.8,90.0,3654595,214118,160553,8.37
2026-09-18 14:06:29,23340.55,2026-09-22,23350.0,PE,94.45,94.5,94.75,2563925,131120,106725,10.59
2026-09-18 14:06:29,23340.55,2026-09-22,23400.0,CE,66.3,66.1,66.3,2948935,252650,152294,8.41
2026-09-18 14:06:29,23340.55,2026-09-22,23400.0,PE,121.45,121.2,121.4,1596195,102775,56931,10.66
2026-09-18 14:06:29,23340.55,2026-09-22,23450.0,CE,46.7,46.75,46.85,1602625,160574,107078,8.38
2026-09-18 14:06:29,23340.55,2026-09-22,23450.0,PE,152.6,152.15,152.5,442725,23560,14123,10.85
2026-09-18 14:06:29,23340.55,2026-09-22,23500.0,CE,32.75,32.75,32.85,2176598,222654,84439,8.48
2026-09-18 14:06:29,23340.55,2026-09-22,23500.0,PE,187.75,187.4,187.85,465200,45768,11130,11.17
2026-09-18 14:06:29,23340.55,2026-09-22,23550.0,CE,22.1,22.1,22.15,1068095,96605,46557,8.55
2026-09-18 14:06:29,23340.55,2026-09-22,23550.0,PE,226.6,226.9,227.5,78885,6921,2577,11.62
2026-09-18 14:06:29,23340.55,2026-09-22,23600.0,CE,14.85,14.85,14.9,1253831,148626,46049,8.67
2026-09-18 14:06:29,23340.55,2026-09-22,23600.0,PE,270.0,269.5,270.2,77294,13706,2166,12.1
2026-09-18 14:06:29,23340.55,2026-09-22,23650.0,CE,10.05,10.05,10.1,689271,69186,21846,8.88
2026-09-18 14:06:29,23340.55,2026-09-22,23650.0,PE,314.0,314.5,315.55,14332,3595,97,12.78
2026-09-18 14:06:29,23340.55,2026-09-22,23700.0,CE,7.05,7.0,7.05,751531,150166,33839,9.17
2026-09-18 14:06:29,23340.55,2026-09-22,23700.0,PE,362.05,361.25,362.4,17256,9241,-1654,13.78
2026-09-18 14:06:29,23340.55,2026-09-22,23750.0,CE,5.1,5.05,5.15,368429,75688,17198,9.5
2026-09-18 14:06:29,23340.55,2026-09-22,23750.0,PE,410.0,408.8,410.4,2169,1570,-100,14.65
2026-09-18 14:06:29,23340.55,2026-09-22,23800.0,CE,4.0,3.95,4.0,495641,158947,30211,9.99
2026-09-18 14:06:29,23340.55,2026-09-22,23800.0,PE,457.35,457.7,459.4,4956,7240,-212,16.02
2026-09-18 14:06:29,23340.55,2026-09-22,23850.0,CE,3.3,3.25,3.3,191280,59382,16031,10.61
2026-09-18 14:06:29,23340.55,2026-09-22,23850.0,PE,514.95,506.0,508.9,484,1080,13,16.82
2026-09-18 14:07:30,23343.55,2026-09-22,22850.0,CE,502.05,500.15,502.5,1033,827,-59,
2026-09-18 14:07:30,23343.55,2026-09-22,22850.0,PE,7.1,7.05,7.1,368890,42109,14393,13.0
2026-09-18 14:07:30,23343.55,2026-09-22,22900.0,CE,452.55,452.4,453.9,6557,2434,508,
2026-09-18 14:07:30,23343.55,2026-09-22,22900.0,PE,8.6,8.65,8.7,598280,72728,17464,12.55
2026-09-18 14:07:30,23343.55,2026-09-22,22950.0,CE,404.1,404.45,405.8,5044,1181,97,
2026-09-18 14:07:30,23343.55,2026-09-22,22950.0,PE,10.85,10.8,10.85,526131,47958,10870,12.14
2026-09-18 14:07:30,23343.55,2026-09-22,23000.0,CE,358.05,357.4,358.25,85969,13907,-33,
2026-09-18 14:07:30,23343.55,2026-09-22,23000.0,PE,13.95,13.95,14.0,1400537,197158,48655,11.77
2026-09-18 14:07:30,23343.55,2026-09-22,23050.0,CE,311.75,312.25,312.8,26836,3668,934,
2026-09-18 14:07:30,23343.55,2026-09-22,23050.0,PE,17.8,17.8,17.9,737243,75091,26814,11.42
2026-09-18 14:07:30,23343.55,2026-09-22,23100.0,CE,268.7,268.2,268.75,156282,16119,3461,6.77
2026-09-18 14:07:30,23343.55,2026-09-22,23100.0,PE,23.65,23.65,23.7,1376067,129685,47200,11.15
2026-09-18 14:07:30,23343.55,2026-09-22,23150.0,CE,226.25,226.2,226.7,174006,13545,5731,7.61
2026-09-18 14:07:30,23343.55,2026-09-22,23150.0,PE,31.5,31.45,31.55,1040128,90929,44455,10.92
2026-09-18 14:07:30,23343.55,2026-09-22,23200.0,CE,187.0,186.6,187.0,980703,67619,16435,7.98
2026-09-18 14:07:30,23343.55,2026-09-22,23200.0,PE,41.9,41.8,41.95,2436439,245627,111796,10.72
2026-09-18 14:07:30,23343.55,2026-09-22,23250.0,CE,150.25,150.05,150.3,1145003,63372,15920,8.19
2026-09-18 14:07:30,23343.55,2026-09-22,23250.0,PE,55.9,55.75,55.9,2053467,159626,87823,10.63
2026-09-18 14:07:30,23343.55,2026-09-22,23300.0,CE,117.65,117.65,117.9,4306209,251421,149813,8.29
2026-09-18 14:07:30,23343.55,2026-09-22,23300.0,PE,73.5,73.6,73.7,5230538,362551,258043,10.59
2026-09-18 14:07:30,23343.55,2026-09-22,23350.0,CE,89.5,89.5,89.75,3672933,211618,158053,8.37
2026-09-18 14:07:30,23343.55,2026-09-22,23350.0,PE,95.6,95.4,95.55,2575477,129428,105033,10.59
2026-09-18 14:07:30,23343.55,2026-09-22,23400.0,CE,66.05,66.05,66.25,2971799,251000,150644,8.41
2026-09-18 14:07:30,23343.55,2026-09-22,23400.0,PE,121.8,121.6,121.8,1600528,101566,55722,10.66
2026-09-18 14:07:30,23343.55,2026-09-22,23450.0,CE,46.95,46.85,46.9,1615053,159997,106501,8.38
2026-09-18 14:07:30,23343.55,2026-09-22,23450.0,PE,152.45,152.65,152.85,443874,23526,14089,10.85
2026-09-18 14:07:30,23343.55,2026-09-22,23500.0,CE,32.8,32.75,32.9,2190301,222138,83923,8.48
2026-09-18 14:07:30,23343.55,2026-09-22,23500.0,PE,188.8,188.15,188.65,467044,45468,10830,11.17
2026-09-18 14:07:30,23343.55,2026-09-22,23550.0,CE,22.15,22.1,22.2,1074723,96230,46182,8.55
2026-09-18 14:07:30,23343.55,2026-09-22,23550.0,PE,228.0,227.15,227.85,79432,6923,2579,11.62
2026-09-18 14:07:30,23343.55,2026-09-22,23600.0,CE,14.8,14.8,14.85,1261408,148536,45959,8.67
2026-09-18 14:07:30,23343.55,2026-09-22,23600.0,PE,271.1,270.4,271.1,77693,14029,2489,12.1
2026-09-18 14:07:30,23343.55,2026-09-22,23650.0,CE,10.05,10.0,10.05,693531,69229,21889,8.88
2026-09-18 14:07:30,23343.55,2026-09-22,23650.0,PE,316.75,315.3,316.4,14380,3589,91,12.78
2026-09-18 14:07:30,23343.55,2026-09-22,23700.0,CE,7.0,6.95,7.0,755854,150264,33937,9.17
2026-09-18 14:07:30,23343.55,2026-09-22,23700.0,PE,361.5,362.1,363.2,17311,9264,-1631,13.78
2026-09-18 14:07:30,23343.55,2026-09-22,23750.0,CE,5.05,5.05,5.1,370945,75698,17208,9.5
2026-09-18 14:07:30,23343.55,2026-09-22,23750.0,PE,411.0,409.55,411.45,2178,1568,-102,14.65
2026-09-18 14:07:30,23343.55,2026-09-22,23800.0,CE,3.9,3.9,3.95,497774,158983,30247,9.99
2026-09-18 14:07:30,23343.55,2026-09-22,23800.0,PE,461.1,458.0,460.2,4962,7240,-212,16.02
2026-09-18 14:07:30,23343.55,2026-09-22,23850.0,CE,3.25,3.25,3.3,192652,59045,15694,10.61
2026-09-18 14:07:30,23343.55,2026-09-22,23850.0,PE,514.95,507.0,509.6,484,1080,13,16.82
2026-09-18 14:08:30,23346.35,2026-09-22,22850.0,CE,500.6,502.5,504.3,1034,826,-60,
2026-09-18 14:08:30,23346.35,2026-09-22,22850.0,PE,7.1,7.05,7.1,369567,41734,14018,13.0
2026-09-18 14:08:30,23346.35,2026-09-22,22900.0,CE,455.2,454.65,456.1,6560,2446,520,
2026-09-18 14:08:30,23346.35,2026-09-22,22900.0,PE,8.65,8.6,8.65,599615,72370,17106,12.55
2026-09-18 14:08:30,23346.35,2026-09-22,22950.0,CE,404.1,405.5,407.3,5044,1191,107,
2026-09-18 14:08:30,23346.35,2026-09-22,22950.0,PE,10.85,10.85,10.9,530792,47575,10487,12.14
2026-09-18 14:08:30,23346.35,2026-09-22,23000.0,CE,360.0,359.1,359.65,86340,14036,96,
2026-09-18 14:08:30,23346.35,2026-09-22,23000.0,PE,13.95,13.9,13.95,1403903,195895,47392,11.77
2026-09-18 14:08:30,23346.35,2026-09-22,23050.0,CE,314.65,313.95,314.9,26907,3645,911,
2026-09-18 14:08:30,23346.35,2026-09-22,23050.0,PE,17.75,17.7,17.75,739975,74790,26513,11.42
2026-09-18 14:08:30,23346.35,2026-09-22,23100.0,CE,270.55,269.9,270.6,156619,16083,3425,6.77
2026-09-18 14:08:30,23346.35,2026-09-22,23100.0,PE,23.55,23.5,23.6,1380788,128299,45814,11.15
2026-09-18 14:08:30,23346.35,2026-09-22,23150.0,CE,228.65,228.05,228.65,174432,13557,5743,7.61
2026-09-18 14:08:30,23346.35,2026-09-22,23150.0,PE,31.3,31.25,31.3,1043175,90708,44234,10.92
2026-09-18 14:08:30,23346.35,2026-09-22,23200.0,CE,188.4,188.0,188.4,984440,68088,16904,7.98
2026-09-18 14:08:30,23346.35,2026-09-22,23200.0,PE,41.85,41.85,42.0,2450148,245345,111514,10.72
2026-09-18 14:08:30,23346.35,2026-09-22,23250.0,CE,152.25,152.0,152.25,1149698,63771,16319,8.19
2026-09-18 14:08:30,23346.35,2026-09-22,23250.0,PE,55.4,55.25,55.4,2059448,158010,86207,10.63
2026-09-18 14:08:30,23346.35,2026-09-22,23300.0,CE,119.25,119.25,119.5,4325210,252983,151375,8.29
2026-09-18 14:08:30,23346.35,2026-09-22,23300.0,PE,73.0,73.0,73.2,5244372,367014,262506,10.59
2026-09-18 14:08:30,23346.35,2026-09-22,23350.0,CE,90.7,90.5,90.7,3687357,212212,158647,8.37
2026-09-18 14:08:30,23346.35,2026-09-22,23350.0,PE,95.2,95.05,95.25,2582749,132298,107903,10.59
2026-09-18 14:08:30,23346.35,2026-09-22,23400.0,CE,67.2,66.9,67.1,2987876,258229,157873,8.41
2026-09-18 14:08:30,23346.35,2026-09-22,23400.0,PE,121.05,120.95,121.2,1608285,102446,56602,10.66
2026-09-18 14:08:30,23346.35,2026-09-22,23450.0,CE,47.85,47.8,47.9,1620972,162070,108574,8.38
2026-09-18 14:08:30,23346.35,2026-09-22,23450.0,PE,151.95,151.65,152.05,445242,23407,13970,10.85
2026-09-18 14:08:30,23346.35,2026-09-22,23500.0,CE,33.7,33.6,33.7,2199209,223745,85530,8.48
2026-09-18 14:08:30,23346.35,2026-09-22,23500.0,PE,187.5,186.95,187.45,468199,45539,10901,11.17
2026-09-18 14:08:30,23346.35,2026-09-22,23550.0,CE,22.55,22.55,22.6,1079433,96136,46088,8.55
2026-09-18 14:08:30,23346.35,2026-09-22,23550.0,PE,226.75,226.8,227.35,79557,6832,2488,11.62
2026-09-18 14:08:30,23346.35,2026-09-22,23600.0,CE,15.3,15.2,15.3,1266810,148457,45880,8.67
2026-09-18 14:08:30,23346.35,2026-09-22,23600.0,PE,269.5,268.65,269.3,78634,14077,2537,12.1
2026-09-18 14:08:30,23346.35,2026-09-22,23650.0,CE,10.3,10.3,10.35,695272,69407,22067,8.88
2026-09-18 14:08:30,23346.35,2026-09-22,23650.0,PE,314.25,314.15,315.25,14410,3601,103,12.78
2026-09-18 14:08:30,23346.35,2026-09-22,23700.0,CE,7.1,7.1,7.15,759089,150314,33987,9.17
2026-09-18 14:08:30,23346.35,2026-09-22,23700.0,PE,359.6,361.0,362.15,17365,9271,-1624,13.78
2026-09-18 14:08:30,23346.35,2026-09-22,23750.0,CE,5.2,5.15,5.2,372114,75800,17310,9.5
2026-09-18 14:08:30,23346.35,2026-09-22,23750.0,PE,408.0,407.2,409.1,2179,1576,-94,14.65
2026-09-18 14:08:30,23346.35,2026-09-22,23800.0,CE,4.05,4.0,4.05,498961,158999,30263,9.99
2026-09-18 14:08:30,23346.35,2026-09-22,23800.0,PE,455.5,455.95,457.75,4967,7239,-213,16.02
2026-09-18 14:08:30,23346.35,2026-09-22,23850.0,CE,3.35,3.3,3.35,193340,58615,15264,10.61
2026-09-18 14:08:30,23346.35,2026-09-22,23850.0,PE,504.0,505.5,508.6,486,1080,13,16.82
2026-09-18 14:09:30,23348.45,2026-09-22,22850.0,CE,504.85,504.8,506.7,1035,826,-60,
2026-09-18 14:09:30,23348.45,2026-09-22,22850.0,PE,7.1,7.05,7.1,370712,41722,14006,13.0
2026-09-18 14:09:30,23348.45,2026-09-22,22900.0,CE,456.55,457.05,458.6,6565,2447,521,
2026-09-18 14:09:30,23348.45,2026-09-22,22900.0,PE,8.6,8.55,8.65,601045,72484,17220,12.55
2026-09-18 14:09:30,23348.45,2026-09-22,22950.0,CE,410.5,408.5,409.95,5074,1194,110,
2026-09-18 14:09:30,23348.45,2026-09-22,22950.0,PE,10.75,10.7,10.75,532223,46210,9122,12.14
2026-09-18 14:09:30,23348.45,2026-09-22,23000.0,CE,361.3,361.65,362.0,86686,13789,-151,
2026-09-18 14:09:30,23348.45,2026-09-22,23000.0,PE,13.8,13.75,13.8,1410473,195349,46846,11.77
2026-09-18 14:09:30,23348.45,2026-09-22,23050.0,CE,317.2,316.2,317.05,26978,3637,903,
2026-09-18 14:09:30,23348.45,2026-09-22,23050.0,PE,17.6,17.55,17.6,747459,77576,29299,11.42
2026-09-18 14:09:30,23348.45,2026-09-22,23100.0,CE,272.75,271.9,272.5,157274,16023,3365,6.77
2026-09-18 14:09:30,23348.45,2026-09-22,23100.0,PE,23.4,23.3,23.4,1385583,126303,43818,11.15
2026-09-18 14:09:30,23348.45,2026-09-22,23150.0,CE,230.0,230.0,230.2,175102,13341,5527,7.61
2026-09-18 14:09:30,23348.45,2026-09-22,23150.0,PE,31.05,30.95,31.05,1047090,91320,44846,10.92
2026-09-18 14:09:30,23348.45,2026-09-22,23200.0,CE,190.85,190.45,190.85,988989,67779,16595,7.98
2026-09-18 14:09:30,23348.45,2026-09-22,23200.0,PE,41.25,41.15,41.25,2465593,241400,107569,10.72
2026-09-18 14:09:30,23348.45,2026-09-22,23250.0,CE,153.95,153.7,153.95,1156044,62290,14838,8.19
2026-09-18 14:09:30,23348.45,2026-09-22,23250.0,PE,54.7,54.5,54.7,2078476,161826,90023,10.63
2026-09-18 14:09:30,23348.45,2026-09-22,23300.0,CE,121.0,120.75,121.0,4353340,246096,144488,8.29
2026-09-18 14:09:30,23348.45,2026-09-22,23300.0,PE,72.15,72.05,72.2,5267535,368635,264127,10.59
2026-09-18 14:09:30,23348.45,2026-09-22,23350.0,CE,92.25,92.25,92.45,3713170,210958,157393,8.37
2026-09-18 14:09:30,23348.45,2026-09-22,23350.0,PE,93.65,93.45,93.6,2593400,132896,108501,10.59
2026-09-18 14:09:30,23348.45,2026-09-22,23400.0,CE,68.35,68.3,68.35,3007543,259517,159161,8.41
2026-09-18 14:09:30,23348.45,2026-09-22,23400.0,PE,119.55,119.7,119.85,1614074,105057,59213,10.66
2026-09-18 14:09:30,23348.45,2026-09-22,23450.0,CE,48.5,48.5,48.65,1632969,161357,107861,8.38
2026-09-18 14:09:30,23348.45,2026-09-22,23450.0,PE,150.4,150.1,150.4,446679,23764,14327,10.85
2026-09-18 14:09:30,23348.45,2026-09-22,23500.0,CE,34.2,34.1,34.2,2215004,221942,83727,8.48
2026-09-18 14:09:30,23348.45,2026-09-22,23500.0,PE,185.65,185.4,185.9,470210,45931,11293,11.17
2026-09-18 14:09:30,23348.45,2026-09-22,23550.0,CE,23.1,23.1,23.2,1087393,95474,45426,8.55
2026-09-18 14:09:30,23348.45,2026-09-22,23550.0,PE,224.7,224.05,224.75,80058,6920,2576,11.62
2026-09-18 14:09:30,23348.45,2026-09-22,23600.0,CE,15.65,15.55,15.65,1274357,148023,45446,8.67
2026-09-18 14:09:30,23348.45,2026-09-22,23600.0,PE,267.05,266.25,266.95,78932,14648,3108,12.1
2026-09-18 14:09:30,23348.45,2026-09-22,23650.0,CE,10.55,10.5,10.55,700092,68896,21556,8.88
2026-09-18 14:09:30,23348.45,2026-09-22,23650.0,PE,311.75,311.3,312.3,14447,3613,115,12.78
2026-09-18 14:09:30,23348.45,2026-09-22,23700.0,CE,7.25,7.25,7.3,764445,149996,33669,9.17
2026-09-18 14:09:30,23348.45,2026-09-22,23700.0,PE,357.95,357.85,358.95,17409,9294,-1601,13.78
2026-09-18 14:09:30,23348.45,2026-09-22,23750.0,CE,5.2,5.2,5.25,375403,75812,17322,9.5
2026-09-18 14:09:30,23348.45,2026-09-22,23750.0,PE,405.95,405.45,407.05,2191,1576,-94,14.65
2026-09-18 14:09:30,23348.45,2026-09-22,23800.0,CE,4.0,4.0,4.05,501967,158700,29964,9.99
2026-09-18 14:09:30,23348.45,2026-09-22,23800.0,PE,454.0,453.9,455.4,5003,7239,-213,16.02
2026-09-18 14:09:30,23348.45,2026-09-22,23850.0,CE,3.3,3.3,3.35,195521,58758,15407,10.61
2026-09-18 14:09:30,23348.45,2026-09-22,23850.0,PE,504.0,502.7,505.85,486,1080,13,16.82
2026-09-18 14:10:31,23356.45,2026-09-22,22850.0,CE,507.45,506.9,509.0,1046,823,-63,
2026-09-18 14:10:31,23356.45,2026-09-22,22850.0,PE,7.05,7.05,7.1,371831,41505,13789,13.0
2026-09-18 14:10:31,23356.45,2026-09-22,22900.0,CE,458.6,459.1,460.55,6572,2448,522,
2026-09-18 14:10:31,23356.45,2026-09-22,22900.0,PE,8.6,8.6,8.65,602891,72202,16938,12.55
2026-09-18 14:10:31,23356.45,2026-09-22,22950.0,CE,410.55,411.1,412.0,5090,1198,114,
2026-09-18 14:10:31,23356.45,2026-09-22,22950.0,PE,10.75,10.7,10.75,532932,46164,9076,12.14
2026-09-18 14:10:31,23356.45,2026-09-22,23000.0,CE,364.75,363.8,364.75,86987,13570,-370,
2026-09-18 14:10:31,23356.45,2026-09-22,23000.0,PE,13.75,13.7,13.8,1413807,194938,46435,11.77
2026-09-18 14:10:31,23356.45,2026-09-22,23050.0,CE,318.45,318.75,319.55,27053,3620,886,
2026-09-18 14:10:31,23356.45,2026-09-22,23050.0,PE,17.45,17.45,17.5,749029,79253,30976,11.42
2026-09-18 14:10:31,23356.45,2026-09-22,23100.0,CE,274.2,273.7,274.15,158107,15955,3297,6.77
2026-09-18 14:10:31,23356.45,2026-09-22,23100.0,PE,23.3,23.2,23.3,1388885,126011,43526,11.15
2026-09-18 14:10:31,23356.45,2026-09-22,23150.0,CE,231.9,232.0,232.5,175769,13240,5426,7.61
2026-09-18 14:10:31,23356.45,2026-09-22,23150.0,PE,30.7,30.7,30.8,1049906,91591,45117,10.92
2026-09-18 14:10:31,23356.45,2026-09-22,23200.0,CE,192.35,191.85,192.35,993733,67114,15930,7.98
2026-09-18 14:10:31,23356.45,2026-09-22,23200.0,PE,40.85,40.85,40.95,2478970,240875,107044,10.72
2026-09-18 14:10:31,23356.45,2026-09-22,23250.0,CE,155.45,155.05,155.5,1161785,61644,14192,8.19
2026-09-18 14:10:31,23356.45,2026-09-22,23250.0,PE,53.9,53.9,54.05,2092263,165574,93771,10.63
2026-09-18 14:10:31,23356.45,2026-09-22,23300.0,CE,122.6,122.25,122.6,4376391,241216,139608,8.29
2026-09-18 14:10:31,23356.45,2026-09-22,23300.0,PE,71.05,71.05,71.2,5289834,371171,266663,10.59
2026-09-18 14:10:31,23356.45,2026-09-22,23350.0,CE,93.55,93.35,93.55,3733135,207126,153561,8.37
2026-09-18 14:10:31,23356.45,2026-09-22,23350.0,PE,92.45,92.45,92.6,2605999,136063,111668,10.59
2026-09-18 14:10:31,23356.45,2026-09-22,23400.0,CE,69.35,69.15,69.3,3027041,255835,155479,8.41
2026-09-18 14:10:31,23356.45,2026-09-22,23400.0,PE,118.2,118.25,118.5,1620759,106318,60474,10.66
2026-09-18 14:10:31,23356.45,2026-09-22,23450.0,CE,49.35,49.25,49.35,1643210,158682,105186,8.38
2026-09-18 14:10:31,23356.45,2026-09-22,23450.0,PE,148.6,148.8,149.1,448399,23795,14358,10.85
2026-09-18 14:10:31,23356.45,2026-09-22,23500.0,CE,34.7,34.7,34.8,2232100,222695,84480,8.48
2026-09-18 14:10:31,23356.45,2026-09-22,23500.0,PE,184.05,183.6,184.05,472001,45905,11267,11.17
2026-09-18 14:10:31,23356.45,2026-09-22,23550.0,CE,23.55,23.45,23.55,1094711,94691,44643,8.55
2026-09-18 14:10:31,23356.45,2026-09-22,23550.0,PE,223.2,222.35,223.0,80385,6792,2448,11.62
2026-09-18 14:10:31,23356.45,2026-09-22,23600.0,CE,15.75,15.75,15.8,1282023,148501,45924,8.67
2026-09-18 14:10:31,23356.45,2026-09-22,23600.0,PE,264.8,264.5,265.15,79349,14749,3209,12.1
2026-09-18 14:10:31,23356.45,2026-09-22,23650.0,CE,10.7,10.7,10.75,704996,69448,22108,8.88
2026-09-18 14:10:31,23356.45,2026-09-22,23650.0,PE,310.0,309.0,309.8,14492,3615,117,12.78
2026-09-18 14:10:31,23356.45,2026-09-22,23700.0,CE,7.4,7.4,7.45,769423,149854,33527,9.17
2026-09-18 14:10:31,23356.45,2026-09-22,23700.0,PE,356.9,356.0,356.75,17459,9299,-1596,13.78
2026-09-18 14:10:31,23356.45,2026-09-22,23750.0,CE,5.3,5.3,5.35,377944,76088,17598,9.5
2026-09-18 14:10:31,23356.45,2026-09-22,23750.0,PE,404.85,402.75,404.3,2205,1575,-95,14.65
2026-09-18 14:10:31,23356.45,2026-09-22,23800.0,CE,4.05,4.05,4.1,504161,158607,29871,9.99
2026-09-18 14:10:31,23356.45,2026-09-22,23800.0,PE,453.65,452.05,453.5,5017,7263,-189,16.02
2026-09-18 14:10:31,23356.45,2026-09-22,23850.0,CE,3.4,3.35,3.4,196264,58254,14903,10.61
2026-09-18 14:10:31,23356.45,2026-09-22,23850.0,PE,504.0,501.05,503.35,486,1080,13,16.82
2026-09-18 14:11:31,23356.55,2026-09-22,22850.0,CE,513.05,514.9,517.15,1047,825,-61,
2026-09-18 14:11:31,23356.55,2026-09-22,22850.0,PE,7.0,6.95,7.0,372664,41384,13668,13.0
2026-09-18 14:11:31,23356.55,2026-09-22,22900.0,CE,465.0,467.3,468.95,6580,2447,521,
2026-09-18 14:11:31,23356.55,2026-09-22,22900.0,PE,8.45,8.45,8.5,604433,72226,16962,12.55
2026-09-18 14:11:31,23356.55,2026-09-22,22950.0,CE,418.35,419.4,420.75,5112,1193,109,
2026-09-18 14:11:31,23356.55,2026-09-22,22950.0,PE,10.55,10.45,10.5,534138,46117,9029,12.14
2026-09-18 14:11:31,23356.55,2026-09-22,23000.0,CE,371.45,372.2,373.05,87462,13464,-476,
2026-09-18 14:11:31,23356.55,2026-09-22,23000.0,PE,13.35,13.3,13.35,1416618,194549,46046,11.77
2026-09-18 14:11:31,23356.55,2026-09-22,23050.0,CE,326.2,325.9,326.8,27158,3590,856,
2026-09-18 14:11:31,23356.55,2026-09-22,23050.0,PE,17.0,16.95,17.0,751866,79333,31056,11.42
2026-09-18 14:11:31,23356.55,2026-09-22,23100.0,CE,281.3,281.7,282.0,159795,15662,3004,6.77
2026-09-18 14:11:31,23356.55,2026-09-22,23100.0,PE,22.3,22.3,22.4,1393244,126373,43888,11.15
2026-09-18 14:11:31,23356.55,2026-09-22,23150.0,CE,238.8,239.05,239.6,176825,12919,5105,7.61
2026-09-18 14:11:31,23356.55,2026-09-22,23150.0,PE,29.65,29.55,29.65,1055043,91384,44910,10.92
2026-09-18 14:11:31,23356.55,2026-09-22,23200.0,CE,198.65,198.7,199.2,1002654,66617,15433,7.98
2026-09-18 14:11:31,23356.55,2026-09-22,23200.0,PE,39.3,39.2,39.35,2491750,238637,104806,10.72
2026-09-18 14:11:31,23356.55,2026-09-22,23250.0,CE,161.7,161.3,161.7,1169541,60175,12723,8.19
2026-09-18 14:11:31,23356.55,2026-09-22,23250.0,PE,52.0,51.8,51.95,2099988,168962,97159,10.63
2026-09-18 14:11:31,23356.55,2026-09-22,23300.0,CE,128.25,127.95,128.25,4403561,237183,135575,8.29
2026-09-18 14:11:31,23356.55,2026-09-22,23300.0,PE,68.35,68.35,68.55,5320019,369816,265308,10.59
2026-09-18 14:11:31,23356.55,2026-09-22,23350.0,CE,98.5,98.55,98.8,3759055,205123,151558,8.37
2026-09-18 14:11:31,23356.55,2026-09-22,23350.0,PE,88.7,88.7,88.85,2623890,138077,113682,10.59
2026-09-18 14:11:31,23356.55,2026-09-22,23400.0,CE,73.45,73.4,73.65,3049499,250062,149706,8.41
2026-09-18 14:11:31,23356.55,2026-09-22,23400.0,PE,114.15,113.9,114.15,1629551,106954,61110,10.66
2026-09-18 14:11:31,23356.55,2026-09-22,23450.0,CE,52.75,52.75,52.8,1654464,156505,103009,8.38
2026-09-18 14:11:31,23356.55,2026-09-22,23450.0,PE,144.2,143.6,143.95,450252,24140,14703,10.85
2026-09-18 14:11:31,23356.55,2026-09-22,23500.0,CE,37.4,37.25,37.4,2245972,224302,86087,8.48
2026-09-18 14:11:31,23356.55,2026-09-22,23500.0,PE,178.15,177.85,178.2,475053,46144,11506,11.17
2026-09-18 14:11:31,23356.55,2026-09-22,23550.0,CE,25.5,25.5,25.55,1102525,95055,45007,8.55
2026-09-18 14:11:31,23356.55,2026-09-22,23550.0,PE,216.55,215.75,216.35,80887,6809,2465,11.62
2026-09-18 14:11:31,23356.55,2026-09-22,23600.0,CE,17.2,17.15,17.2,1293061,147998,45421,8.67
2026-09-18 14:11:31,23356.55,2026-09-22,23600.0,PE,258.15,258.15,258.25,80215,14834,3294,12.1
2026-09-18 14:11:31,23356.55,2026-09-22,23650.0,CE,11.65,11.65,11.7,709848,68906,21566,8.88
2026-09-18 14:11:31,23356.55,2026-09-22,23650.0,PE,301.45,301.6,302.4,14560,3626,128,12.78
2026-09-18 14:11:31,23356.55,2026-09-22,23700.0,CE,8.05,8.05,8.1,775476,150541,34214,9.17
2026-09-18 14:11:31,23356.55,2026-09-22,23700.0,PE,348.35,348.1,349.2,17591,9310,-1585,13.78
2026-09-18 14:11:31,23356.55,2026-09-22,23750.0,CE,5.75,5.75,5.8,380604,75995,17505,9.5
2026-09-18 14:11:31,23356.55,2026-09-22,23750.0,PE,396.0,395.45,396.8,2218,1577,-93,14.65
2026-09-18 14:11:31,23356.55,2026-09-22,23800.0,CE,4.35,4.35,4.4,507308,158636,29900,9.99
2026-09-18 14:11:31,23356.55,2026-09-22,23800.0,PE,446.0,443.8,445.45,5040,7255,-197,16.02
2026-09-18 14:11:31,23356.55,2026-09-22,23850.0,CE,3.6,3.55,3.6,198062,58262,14911,10.61
2026-09-18 14:11:31,23356.55,2026-09-22,23850.0,PE,493.75,493.0,494.8,515,1080,13,16.82
2026-09-18 14:12:31,23357.25,2026-09-22,22850.0,CE,517.95,513.95,516.0,1061,824,-62,
2026-09-18 14:12:31,23357.25,2026-09-22,22850.0,PE,7.1,7.1,7.15,376900,40684,12968,13.19
2026-09-18 14:12:31,23357.25,2026-09-22,22900.0,CE,469.2,465.45,466.95,6909,2174,248,
2026-09-18 14:12:31,23357.25,2026-09-22,22900.0,PE,8.55,8.55,8.6,610840,71313,16049,12.67
2026-09-18 14:12:31,23357.25,2026-09-22,22950.0,CE,417.8,417.9,419.15,5145,1199,115,8.44
2026-09-18 14:12:31,23357.25,2026-09-22,22950.0,PE,10.55,10.5,10.6,539908,45116,8028,12.2
2026-09-18 14:12:31,23357.25,2026-09-22,23000.0,CE,370.05,370.3,371.2,89407,12795,-1145,9.01
2026-09-18 14:12:31,23357.25,2026-09-22,23000.0,PE,13.4,13.4,13.45,1431668,192800,44297,11.79
2026-09-18 14:12:31,23357.25,2026-09-22,23050.0,CE,324.5,324.45,325.4,27567,3442,708,9.16
2026-09-18 14:12:31,23357.25,2026-09-22,23050.0,PE,16.95,16.95,17.05,760015,80367,32090,11.36
2026-09-18 14:12:31,23357.25,2026-09-22,23100.0,CE,279.9,279.9,280.65,162205,14558,1900,9.29
2026-09-18 14:12:31,23357.25,2026-09-22,23100.0,PE,22.4,22.4,22.5,1406707,126100,43615,11.03
2026-09-18 14:12:31,23357.25,2026-09-22,23150.0,CE,237.65,237.55,238.15,179486,12100,4286,9.25
2026-09-18 14:12:31,23357.25,2026-09-22,23150.0,PE,29.65,29.65,29.7,1066819,90074,43600,10.74
2026-09-18 14:12:31,23357.25,2026-09-22,23200.0,CE,197.15,197.1,197.55,1022408,64277,13093,9.22
2026-09-18 14:12:31,23357.25,2026-09-22,23200.0,PE,39.25,39.25,39.35,2523446,237505,103674,10.51
2026-09-18 14:12:31,23357.25,2026-09-22,23250.0,CE,160.0,160.0,160.4,1189773,56633,9181,9.15
2026-09-18 14:12:31,23357.25,2026-09-22,23250.0,PE,51.9,51.9,52.0,2124914,173804,102001,10.29
2026-09-18 14:12:31,23357.25,2026-09-22,23300.0,CE,126.4,126.55,126.85,4477178,216873,115265,9.1
2026-09-18 14:12:31,23357.25,2026-09-22,23300.0,PE,68.8,68.65,68.8,5381258,370183,265675,10.18
2026-09-18 14:12:31,23357.25,2026-09-22,23350.0,CE,97.2,97.2,97.5,3845421,191389,137824,9.06
2026-09-18 14:12:31,23357.25,2026-09-22,23350.0,PE,89.4,89.3,89.4,2668229,146623,122228,10.03
2026-09-18 14:12:31,23357.25,2026-09-22,23400.0,CE,72.7,72.45,72.6,3131463,240112,139756,8.94
2026-09-18 14:12:31,23357.25,2026-09-22,23400.0,PE,114.65,114.65,114.9,1652605,111322,65478,10.03
2026-09-18 14:12:31,23357.25,2026-09-22,23450.0,CE,52.05,52.05,52.2,1724184,139259,85763,8.89
2026-09-18 14:12:31,23357.25,2026-09-22,23450.0,PE,144.45,144.45,144.75,455945,25098,15661,10.01
2026-09-18 14:12:31,23357.25,2026-09-22,23500.0,CE,36.8,36.7,36.85,2309656,212756,74541,8.92
2026-09-18 14:12:31,23357.25,2026-09-22,23500.0,PE,179.25,178.85,179.3,482740,48114,13476,10.14
2026-09-18 14:12:31,23357.25,2026-09-22,23550.0,CE,25.05,25.0,25.05,1135048,90092,40044,8.93
2026-09-18 14:12:31,23357.25,2026-09-22,23550.0,PE,217.6,216.85,217.5,82153,7495,3151,10.34
2026-09-18 14:12:31,23357.25,2026-09-22,23600.0,CE,16.7,16.7,16.75,1334765,147825,45248,9.0
2026-09-18 14:12:31,23357.25,2026-09-22,23600.0,PE,259.0,258.65,259.0,83710,15955,4415,10.72
2026-09-18 14:12:31,23357.25,2026-09-22,23650.0,CE,11.25,11.25,11.3,732957,67236,19896,9.16
2026-09-18 14:12:31,23357.25,2026-09-22,23650.0,PE,303.65,302.7,303.7,14766,3650,152,11.09
2026-09-18 14:12:31,23357.25,2026-09-22,23700.0,CE,7.75,7.7,7.75,797749,150181,33854,9.41
2026-09-18 14:12:31,23357.25,2026-09-22,23700.0,PE,349.55,349.1,350.1,17909,9322,-1573,11.78
2026-09-18 14:12:31,23357.25,2026-09-22,23750.0,CE,5.45,5.4,5.45,398046,75929,17439,9.72
2026-09-18 14:12:31,23357.25,2026-09-22,23750.0,PE,396.55,396.6,397.9,2287,1573,-97,12.37
2026-09-18 14:12:31,23357.25,2026-09-22,23800.0,CE,4.05,4.05,4.1,525623,157959,29223,10.16
2026-09-18 14:12:31,23357.25,2026-09-22,23800.0,PE,446.45,444.8,446.55,5107,7263,-189,13.18
2026-09-18 14:12:31,23357.25,2026-09-22,23850.0,CE,3.25,3.25,3.3,213924,54063,10712,10.69
2026-09-18 14:12:31,23357.25,2026-09-22,23850.0,PE,493.55,493.75,495.55,526,1071,4,14.08
2026-09-18 14:13:32,23356.2,2026-09-22,22850.0,CE,516.1,514.35,516.05,1062,824,-62,
2026-09-18 14:13:32,23356.2,2026-09-22,22850.0,PE,7.05,7.0,7.05,377110,40684,12968,13.19
2026-09-18 14:13:32,23356.2,2026-09-22,22900.0,CE,467.55,465.2,467.15,6913,2174,248,
2026-09-18 14:13:32,23356.2,2026-09-22,22900.0,PE,8.6,8.55,8.6,611875,71313,16049,12.67
2026-09-18 14:13:32,23356.2,2026-09-22,22950.0,CE,419.3,418.0,419.25,5148,1199,115,8.44
2026-09-18 14:13:32,23356.2,2026-09-22,22950.0,PE,10.5,10.5,10.55,539971,45116,8028,12.2
2026-09-18 14:13:32,23356.2,2026-09-22,23000.0,CE,370.7,370.7,371.3,89472,12795,-1145,9.01
2026-09-18 14:13:32,23356.2,2026-09-22,23000.0,PE,13.35,13.35,13.4,1432543,192800,44297,11.79
2026-09-18 14:13:32,23356.2,2026-09-22,23050.0,CE,325.8,324.7,325.5,27572,3442,708,9.16
2026-09-18 14:13:32,23356.2,2026-09-22,23050.0,PE,17.0,16.95,17.0,760191,80367,32090,11.36
2026-09-18 14:13:32,23356.2,2026-09-22,23100.0,CE,280.7,280.15,280.9,162272,14558,1900,9.29
2026-09-18 14:13:32,23356.2,2026-09-22,23100.0,PE,22.35,22.35,22.45,1407295,126100,43615,11.03
2026-09-18 14:13:32,23356.2,2026-09-22,23150.0,CE,238.25,238.05,238.35,179559,12100,4286,9.25
2026-09-18 14:13:32,23356.2,2026-09-22,23150.0,PE,29.7,29.6,29.7,1067111,90074,43600,10.74
2026-09-18 14:13:32,23356.2,2026-09-22,23200.0,CE,197.3,197.35,197.65,1022704,64277,13093,9.22
2026-09-18 14:13:32,23356.2,2026-09-22,23200.0,PE,39.45,39.25,39.35,2524808,237505,103674,10.51
2026-09-18 14:13:32,23356.2,2026-09-22,23250.0,CE,160.65,160.15,160.55,1190148,56633,9181,9.15
2026-09-18 14:13:32,23356.2,2026-09-22,23250.0,PE,51.95,51.85,51.95,2125950,173804,102001,10.29
2026-09-18 14:13:32,23356.2,2026-09-22,23300.0,CE,126.6,126.65,126.95,4479605,216873,115265,9.1
2026-09-18 14:13:32,23356.2,2026-09-22,23300.0,PE,68.8,68.65,68.8,5383100,370183,265675,10.18
2026-09-18 14:13:32,23356.2,2026-09-22,23350.0,CE,97.65,97.45,97.65,3848440,191389,137824,9.06
2026-09-18 14:13:32,23356.2,2026-09-22,23350.0,PE,89.45,89.2,89.45,2670424,146623,122228,10.03
2026-09-18 14:13:32,23356.2,2026-09-22,23400.0,CE,72.55,72.55,72.75,3133364,240112,139756,8.94
2026-09-18 14:13:32,23356.2,2026-09-22,23400.0,PE,114.85,114.6,114.85,1653662,111322,65478,10.03
2026-09-18 14:13:32,23356.2,2026-09-22,23450.0,CE,52.25,52.2,52.25,1725444,139259,85763,8.89
2026-09-18 14:13:32,23356.2,2026-09-22,23450.0,PE,144.3,144.35,144.7,456208,25098,15661,10.01
2026-09-18 14:13:32,23356.2,2026-09-22,23500.0,CE,36.75,36.65,36.8,2310765,212756,74541,8.92
2026-09-18 14:13:32,23356.2,2026-09-22,23500.0,PE,178.9,178.6,178.8,483075,48114,13476,10.14
2026-09-18 14:13:32,23356.2,2026-09-22,23550.0,CE,24.95,24.95,25.0,1135951,90092,40044,8.93
2026-09-18 14:13:32,23356.2,2026-09-22,23550.0,PE,217.4,216.7,217.3,82211,7495,3151,10.34
2026-09-18 14:13:32,23356.2,2026-09-22,23600.0,CE,16.75,16.65,16.75,1335608,147825,45248,9.0
2026-09-18 14:13:32,23356.2,2026-09-22,23600.0,PE,259.1,258.8,259.4,83730,15955,4415,10.72
2026-09-18 14:13:32,23356.2,2026-09-22,23650.0,CE,11.25,11.2,11.25,733310,67236,19896,9.16
2026-09-18 14:13:32,23356.2,2026-09-22,23650.0,PE,302.55,302.55,303.45,14775,3650,152,11.09
2026-09-18 14:13:32,23356.2,2026-09-22,23700.0,CE,7.65,7.65,7.7,799516,150181,33854,9.41
2026-09-18 14:13:32,23356.2,2026-09-22,23700.0,PE,349.95,349.25,350.25,17950,9322,-1573,11.78
2026-09-18 14:13:32,23356.2,2026-09-22,23750.0,CE,5.4,5.35,5.4,398505,75929,17439,9.72
2026-09-18 14:13:32,23356.2,2026-09-22,23750.0,PE,396.2,396.25,397.55,2291,1573,-97,12.37
2026-09-18 14:13:32,23356.2,2026-09-22,23800.0,CE,4.0,4.0,4.05,526922,157959,29223,10.16
2026-09-18 14:13:32,23356.2,2026-09-22,23800.0,PE,444.85,444.8,446.35,5110,7263,-189,13.18
2026-09-18 14:13:32,23356.2,2026-09-22,23850.0,CE,3.25,3.2,3.25,214834,54063,10712,10.69
2026-09-18 14:13:32,23356.2,2026-09-22,23850.0,PE,493.95,493.55,495.3,527,1071,4,14.08
2026-09-18 14:14:32,23350.35,2026-09-22,22850.0,CE,509.65,508.05,509.7,1065,825,-61,
2026-09-18 14:14:32,23350.35,2026-09-22,22850.0,PE,7.2,7.15,7.2,378686,40538,12822,13.19
2026-09-18 14:14:32,23350.35,2026-09-22,22900.0,CE,461.0,459.55,461.25,6958,2183,257,
2026-09-18 14:14:32,23350.35,2026-09-22,22900.0,PE,8.75,8.65,8.7,614680,70986,15722,12.67
2026-09-18 14:14:32,23350.35,2026-09-22,22950.0,CE,413.1,412.1,413.55,5171,1211,127,8.44
2026-09-18 14:14:32,23350.35,2026-09-22,22950.0,PE,10.8,10.7,10.8,542763,45733,8645,12.2
2026-09-18 14:14:32,23350.35,2026-09-22,23000.0,CE,365.2,364.75,365.6,89850,12317,-1623,9.01
2026-09-18 14:14:32,23350.35,2026-09-22,23000.0,PE,13.75,13.65,13.7,1437453,193077,44574,11.79
2026-09-18 14:14:32,23350.35,2026-09-22,23050.0,CE,319.4,318.55,319.45,27745,3484,750,9.16
2026-09-18 14:14:32,23350.35,2026-09-22,23050.0,PE,17.4,17.3,17.4,762768,80713,32436,11.36
2026-09-18 14:14:32,23350.35,2026-09-22,23100.0,CE,275.0,274.2,274.95,162963,14393,1735,9.29
2026-09-18 14:14:32,23350.35,2026-09-22,23100.0,PE,22.95,22.95,23.05,1413884,126045,43560,11.03
2026-09-18 14:14:32,23350.35,2026-09-22,23150.0,CE,232.5,232.15,232.75,180380,11648,3834,9.25
2026-09-18 14:14:32,23350.35,2026-09-22,23150.0,PE,30.45,30.35,30.45,1071362,90444,43970,10.74
2026-09-18 14:14:32,23350.35,2026-09-22,23200.0,CE,192.0,192.15,192.65,1028803,63835,12651,9.22
2026-09-18 14:14:32,23350.35,2026-09-22,23200.0,PE,40.35,40.35,40.45,2539457,239024,105193,10.51
2026-09-18 14:14:32,23350.35,2026-09-22,23250.0,CE,155.4,155.2,155.4,1196853,55119,7667,9.15
2026-09-18 14:14:32,23350.35,2026-09-22,23250.0,PE,53.5,53.45,53.5,2136983,177745,105942,10.29
2026-09-18 14:14:32,23350.35,2026-09-22,23300.0,CE,122.8,122.5,122.8,4507458,209132,107524,9.1
2026-09-18 14:14:32,23350.35,2026-09-22,23300.0,PE,70.7,70.5,70.7,5408803,376373,271865,10.18
2026-09-18 14:14:32,23350.35,2026-09-22,23350.0,CE,93.8,93.6,93.8,3880790,187809,134244,9.06
2026-09-18 14:14:32,23350.35,2026-09-22,23350.0,PE,91.85,91.6,91.8,2698825,157007,132612,10.03
2026-09-18 14:14:32,23350.35,2026-09-22,23400.0,CE,69.4,69.25,69.4,3161942,237416,137060,8.94
2026-09-18 14:14:32,23350.35,2026-09-22,23400.0,PE,117.9,117.6,117.9,1670792,116649,70805,10.03
2026-09-18 14:14:32,23350.35,2026-09-22,23450.0,CE,49.55,49.4,49.55,1740872,136210,82714,8.89
2026-09-18 14:14:32,23350.35,2026-09-22,23450.0,PE,148.5,148.15,148.5,460275,25091,15654,10.01
2026-09-18 14:14:32,23350.35,2026-09-22,23500.0,CE,34.6,34.65,34.75,2331159,210731,72516,8.92
2026-09-18 14:14:32,23350.35,2026-09-22,23500.0,PE,183.3,182.8,183.3,487992,49124,14486,10.14
2026-09-18 14:14:32,23350.35,2026-09-22,23550.0,CE,23.4,23.4,23.5,1146883,88010,37962,8.93
2026-09-18 14:14:32,23350.35,2026-09-22,23550.0,PE,221.7,221.45,222.0,82989,7710,3366,10.34
2026-09-18 14:14:32,23350.35,2026-09-22,23600.0,CE,15.65,15.55,15.6,1346735,148903,46326,9.0
2026-09-18 14:14:32,23350.35,2026-09-22,23600.0,PE,264.3,263.85,264.6,84869,16000,4460,10.72
2026-09-18 14:14:32,23350.35,2026-09-22,23650.0,CE,10.5,10.45,10.5,742118,66758,19418,9.16
2026-09-18 14:14:32,23350.35,2026-09-22,23650.0,PE,309.3,308.0,308.85,14992,3652,154,11.09
2026-09-18 14:14:32,23350.35,2026-09-22,23700.0,CE,7.2,7.15,7.2,809460,149412,33085,9.41
2026-09-18 14:14:32,23350.35,2026-09-22,23700.0,PE,354.55,354.4,355.45,18199,9312,-1583,11.78
2026-09-18 14:14:32,23350.35,2026-09-22,23750.0,CE,5.05,5.0,5.05,404001,75200,16710,9.72
2026-09-18 14:14:32,23350.35,2026-09-22,23750.0,PE,402.35,402.1,403.55,2322,1571,-99,12.37
2026-09-18 14:14:32,23350.35,2026-09-22,23800.0,CE,3.8,3.75,3.8,546384,155866,27130,10.16
2026-09-18 14:14:32,23350.35,2026-09-22,23800.0,PE,451.85,450.9,452.35,5161,7241,-211,13.18
2026-09-18 14:14:32,23350.35,2026-09-22,23850.0,CE,3.15,3.1,3.15,217980,53880,10529,10.69
2026-09-18 14:14:32,23350.35,2026-09-22,23850.0,PE,500.25,500.0,501.7,536,1072,5,14.08
2026-09-18 14:15:32,23351.3,2026-09-22,22850.0,CE,509.5,505.4,507.15,1069,827,-59,
2026-09-18 14:15:32,23351.3,2026-09-22,22850.0,PE,7.25,7.2,7.25,380822,41163,13447,13.19
2026-09-18 14:15:32,23351.3,2026-09-22,22900.0,CE,461.8,455.5,457.9,6967,2193,267,
2026-09-18 14:15:32,23351.3,2026-09-22,22900.0,PE,8.8,8.75,8.8,616814,71253,15989,12.67
2026-09-18 14:15:32,23351.3,2026-09-22,22950.0,CE,410.0,408.0,410.4,5181,1218,134,8.44
2026-09-18 14:15:32,23351.3,2026-09-22,22950.0,PE,10.9,10.9,10.95,544543,46214,9126,12.2
2026-09-18 14:15:32,23351.3,2026-09-22,23000.0,CE,362.3,362.05,362.7,90130,12369,-1571,9.01
2026-09-18 14:15:32,23351.3,2026-09-22,23000.0,PE,13.9,13.85,13.9,1444526,193351,44848,11.79
2026-09-18 14:15:32,23351.3,2026-09-22,23050.0,CE,314.95,315.35,316.35,27852,3454,720,9.16
2026-09-18 14:15:32,23351.3,2026-09-22,23050.0,PE,17.7,17.6,17.7,765469,80938,32661,11.36
2026-09-18 14:15:32,23351.3,2026-09-22,23100.0,CE,272.5,271.8,272.5,163586,14413,1755,9.29
2026-09-18 14:15:32,23351.3,2026-09-22,23100.0,PE,23.4,23.3,23.4,1419785,126981,44496,11.03
2026-09-18 14:15:32,23351.3,2026-09-22,23150.0,CE,230.2,230.05,230.7,181128,11704,3890,9.25
2026-09-18 14:15:32,23351.3,2026-09-22,23150.0,PE,30.9,30.75,30.85,1076343,90669,44195,10.74
2026-09-18 14:15:32,23351.3,2026-09-22,23200.0,CE,189.75,189.75,190.25,1032904,64043,12859,9.22
2026-09-18 14:15:32,23351.3,2026-09-22,23200.0,PE,41.0,40.95,41.0,2554251,239526,105695,10.51
2026-09-18 14:15:32,23351.3,2026-09-22,23250.0,CE,153.5,153.1,153.5,1201575,55504,8052,9.15
2026-09-18 14:15:32,23351.3,2026-09-22,23250.0,PE,54.2,54.05,54.2,2145948,178227,106424,10.29
2026-09-18 14:15:32,23351.3,2026-09-22,23300.0,CE,120.45,120.1,120.4,4528443,209309,107701,9.1
2026-09-18 14:15:32,23351.3,2026-09-22,23300.0,PE,71.55,71.45,71.55,5432612,380067,275559,10.18
2026-09-18 14:15:32,23351.3,2026-09-22,23350.0,CE,91.65,91.45,91.65,3905191,189614,136049,9.06
2026-09-18 14:15:32,23351.3,2026-09-22,23350.0,PE,92.85,92.6,92.85,2722462,160353,135958,10.03
2026-09-18 14:15:32,23351.3,2026-09-22,23400.0,CE,67.05,66.9,67.05,3187601,236189,135833,8.94
2026-09-18 14:15:32,23351.3,2026-09-22,23400.0,PE,119.05,119.0,119.3,1684624,117995,72151,10.03
2026-09-18 14:15:32,23351.3,2026-09-22,23450.0,CE,47.95,47.8,47.95,1754737,136581,83085,8.89
2026-09-18 14:15:32,23351.3,2026-09-22,23450.0,PE,149.25,149.4,149.65,462968,24977,15540,10.01
2026-09-18 14:15:32,23351.3,2026-09-22,23500.0,CE,33.0,33.0,33.1,2349988,209237,71022,8.92
2026-09-18 14:15:32,23351.3,2026-09-22,23500.0,PE,184.85,184.25,184.5,491995,48724,14086,10.14
2026-09-18 14:15:32,23351.3,2026-09-22,23550.0,CE,22.25,22.3,22.35,1154857,87527,37479,8.93
2026-09-18 14:15:32,23351.3,2026-09-22,23550.0,PE,223.9,223.2,223.85,83487,7670,3326,10.34
2026-09-18 14:15:32,23351.3,2026-09-22,23600.0,CE,14.7,14.65,14.7,1355692,148377,45800,9.0
2026-09-18 14:15:32,23351.3,2026-09-22,23600.0,PE,266.0,265.55,266.0,85752,16003,4463,10.72
2026-09-18 14:15:32,23351.3,2026-09-22,23650.0,CE,9.75,9.7,9.75,750068,67102,19762,9.16
2026-09-18 14:15:32,23351.3,2026-09-22,23650.0,PE,310.9,310.4,311.4,15096,3641,143,11.09
2026-09-18 14:15:32,23351.3,2026-09-22,23700.0,CE,6.65,6.6,6.65,818151,148492,32165,9.41
2026-09-18 14:15:32,23351.3,2026-09-22,23700.0,PE,357.55,357.0,358.0,18358,9342,-1553,11.78
2026-09-18 14:15:32,23351.3,2026-09-22,23750.0,CE,4.6,4.55,4.6,410007,75692,17202,9.72
2026-09-18 14:15:32,23351.3,2026-09-22,23750.0,PE,406.3,405.35,406.95,2350,1565,-105,12.37
2026-09-18 14:15:32,23351.3,2026-09-22,23800.0,CE,3.5,3.45,3.5,563600,154605,25869,10.16
2026-09-18 14:15:32,23351.3,2026-09-22,23800.0,PE,452.1,453.5,454.95,5186,7239,-213,13.18
2026-09-18 14:15:32,23351.3,2026-09-22,23850.0,CE,2.9,2.9,2.95,221946,53732,10381,10.69
2026-09-18 14:15:32,23351.3,2026-09-22,23850.0,PE,498.75,502.6,504.1,541,1072,5,14.08
2026-09-18 14:16:33,23353.0,2026-09-22,22850.0,CE,513.8,511.8,514.2,1071,827,-59,
2026-09-18 14:16:33,23353.0,2026-09-22,22850.0,PE,7.05,7.05,7.1,380952,41163,13447,13.19
2026-09-18 14:16:33,23353.0,2026-09-22,22900.0,CE,461.8,463.65,465.3,6967,2193,267,
2026-09-18 14:16:33,23353.0,2026-09-22,22900.0,PE,8.55,8.55,8.6,617095,71253,15989,12.67
2026-09-18 14:16:33,23353.0,2026-09-22,22950.0,CE,415.65,415.7,417.2,5182,1218,134,8.44
2026-09-18 14:16:33,23353.0,2026-09-22,22950.0,PE,10.6,10.6,10.65,545576,46214,9126,12.2
2026-09-18 14:16:33,23353.0,2026-09-22,23000.0,CE,369.6,368.5,369.45,90308,12369,-1571,9.01
2026-09-18 14:16:33,23353.0,2026-09-22,23000.0,PE,13.5,13.5,13.55,1446332,193351,44848,11.79
2026-09-18 14:16:33,23353.0,2026-09-22,23050.0,CE,323.55,322.55,323.4,27928,3454,720,9.16
2026-09-18 14:16:33,23353.0,2026-09-22,23050.0,PE,17.1,17.1,17.15,765969,80938,32661,11.36
2026-09-18 14:16:33,23353.0,2026-09-22,23100.0,CE,279.0,278.15,278.95,164026,14413,1755,9.29
2026-09-18 14:16:33,23353.0,2026-09-22,23100.0,PE,22.65,22.65,22.7,1421547,126981,44496,11.03
2026-09-18 14:16:33,23353.0,2026-09-22,23150.0,CE,235.95,235.65,236.25,181415,11704,3890,9.25
2026-09-18 14:16:33,23353.0,2026-09-22,23150.0,PE,29.9,29.85,30.0,1078018,90669,44195,10.74
2026-09-18 14:16:33,23353.0,2026-09-22,23200.0,CE,195.45,195.45,195.95,1034827,64043,12859,9.22
2026-09-18 14:16:33,23353.0,2026-09-22,23200.0,PE,39.6,39.6,39.75,2558016,239526,105695,10.51
2026-09-18 14:16:33,23353.0,2026-09-22,23250.0,CE,158.3,158.3,158.65,1204155,55504,8052,9.15
2026-09-18 14:16:33,23353.0,2026-09-22,23250.0,PE,52.5,52.35,52.5,2148681,178227,106424,10.29
2026-09-18 14:16:33,23353.0,2026-09-22,23300.0,CE,125.0,124.75,125.0,4538098,209309,107701,9.1
2026-09-18 14:16:33,23353.0,2026-09-22,23300.0,PE,69.2,69.2,69.35,5441072,380067,275559,10.18
2026-09-18 14:16:33,23353.0,2026-09-22,23350.0,CE,95.55,95.55,95.75,3918627,189614,136049,9.06
2026-09-18 14:16:33,23353.0,2026-09-22,23350.0,PE,90.05,89.85,90.05,2730790,160353,135958,10.03
2026-09-18 14:16:33,23353.0,2026-09-22,23400.0,CE,71.2,71.0,71.2,3197290,236189,135833,8.94
2026-09-18 14:16:33,23353.0,2026-09-22,23400.0,PE,115.25,115.25,115.6,1688966,117995,72151,10.03
2026-09-18 14:16:33,23353.0,2026-09-22,23450.0,CE,50.95,50.8,50.85,1759678,136581,83085,8.89
2026-09-18 14:16:33,23353.0,2026-09-22,23450.0,PE,145.5,145.25,145.6,463966,24977,15540,10.01
2026-09-18 14:16:33,23353.0,2026-09-22,23500.0,CE,35.5,35.5,35.65,2359442,209237,71022,8.92
2026-09-18 14:16:33,23353.0,2026-09-22,23500.0,PE,180.35,180.0,180.3,493303,48724,14086,10.14
2026-09-18 14:16:33,23353.0,2026-09-22,23550.0,CE,24.05,23.95,24.05,1159157,87527,37479,8.93
2026-09-18 14:16:33,23353.0,2026-09-22,23550.0,PE,218.6,218.1,218.6,83903,7670,3326,10.34
2026-09-18 14:16:33,23353.0,2026-09-22,23600.0,CE,15.85,15.85,15.9,1360815,148377,45800,9.0
2026-09-18 14:16:33,23353.0,2026-09-22,23600.0,PE,260.6,260.1,260.75,85981,16003,4463,10.72
2026-09-18 14:16:33,23353.0,2026-09-22,23650.0,CE,10.6,10.5,10.6,754118,67102,19762,9.16
2026-09-18 14:16:33,23353.0,2026-09-22,23650.0,PE,307.1,304.5,305.25,15121,3641,143,11.09
2026-09-18 14:16:33,23353.0,2026-09-22,23700.0,CE,7.15,7.1,7.15,819645,148492,32165,9.41
2026-09-18 14:16:33,23353.0,2026-09-22,23700.0,PE,352.6,351.0,351.85,18418,9342,-1553,11.78
2026-09-18 14:16:33,23353.0,2026-09-22,23750.0,CE,5.0,4.95,5.0,411397,75692,17202,9.72
2026-09-18 14:16:33,23353.0,2026-09-22,23750.0,PE,400.0,398.25,399.6,2352,1565,-105,12.37
2026-09-18 14:16:33,23353.0,2026-09-22,23800.0,CE,3.7,3.65,3.7,567496,154605,25869,10.16
2026-09-18 14:16:33,23353.0,2026-09-22,23800.0,PE,449.1,448.0,448.45,5196,7239,-213,13.18
2026-09-18 14:16:33,23353.0,2026-09-22,23850.0,CE,3.0,3.0,3.05,223921,53732,10381,10.69
2026-09-18 14:16:33,23353.0,2026-09-22,23850.0,PE,498.7,495.4,497.25,542,1072,5,14.08
2026-09-18 14:17:33,23355.05,2026-09-22,22850.0,CE,513.25,510.15,511.85,1072,830,-56,
2026-09-18 14:17:33,23355.05,2026-09-22,22850.0,PE,7.05,7.05,7.1,381300,41478,13762,13.19
2026-09-18 14:17:33,23355.05,2026-09-22,22900.0,CE,463.3,461.85,463.55,6974,2194,268,
2026-09-18 14:17:33,23355.05,2026-09-22,22900.0,PE,8.6,8.6,8.65,617660,71272,16008,12.67
2026-09-18 14:17:33,23355.05,2026-09-22,22950.0,CE,414.95,413.8,415.25,5191,1221,137,8.44
2026-09-18 14:17:33,23355.05,2026-09-22,22950.0,PE,10.7,10.65,10.7,546762,46956,9868,12.2
2026-09-18 14:17:33,23355.05,2026-09-22,23000.0,CE,367.6,367.05,367.95,90473,12421,-1519,9.01
2026-09-18 14:17:33,23355.05,2026-09-22,23000.0,PE,13.6,13.6,13.65,1449081,192999,44496,11.79
2026-09-18 14:17:33,23355.05,2026-09-22,23050.0,CE,321.6,320.9,321.8,27968,3424,690,9.16
2026-09-18 14:17:33,23355.05,2026-09-22,23050.0,PE,17.3,17.3,17.35,766800,80977,32700,11.36
2026-09-18 14:17:33,23355.05,2026-09-22,23100.0,CE,276.35,276.3,276.95,164226,14409,1751,9.29
2026-09-18 14:17:33,23355.05,2026-09-22,23100.0,PE,22.95,22.85,22.95,1423628,127361,44876,11.03
2026-09-18 14:17:33,23355.05,2026-09-22,23150.0,CE,234.75,234.35,234.75,181757,11697,3883,9.25
2026-09-18 14:17:33,23355.05,2026-09-22,23150.0,PE,29.95,29.95,30.0,1080268,91371,44897,10.74
2026-09-18 14:17:33,23355.05,2026-09-22,23200.0,CE,193.9,193.95,194.4,1036588,64299,13115,9.22
2026-09-18 14:17:33,23355.05,2026-09-22,23200.0,PE,40.05,40.05,40.15,2561427,237543,103712,10.51
2026-09-18 14:17:33,23355.05,2026-09-22,23250.0,CE,157.05,157.1,157.45,1206705,56448,8996,9.15
2026-09-18 14:17:33,23355.05,2026-09-22,23250.0,PE,53.05,52.9,53.0,2151160,179127,107324,10.29
2026-09-18 14:17:33,23355.05,2026-09-22,23300.0,CE,123.9,123.55,123.9,4546110,211384,109776,9.1
2026-09-18 14:17:33,23355.05,2026-09-22,23300.0,PE,69.9,69.9,70.05,5449446,380686,276178,10.18
2026-09-18 14:17:33,23355.05,2026-09-22,23350.0,CE,95.9,95.8,95.9,3929680,190981,137416,9.06
2026-09-18 14:17:33,23355.05,2026-09-22,23350.0,PE,89.9,89.9,90.05,2738605,161519,137124,10.03
2026-09-18 14:17:33,23355.05,2026-09-22,23400.0,CE,70.45,70.2,70.45,3208248,238494,138138,8.94
2026-09-18 14:17:33,23355.05,2026-09-22,23400.0,PE,116.55,116.25,116.55,1692992,118996,73152,10.03
2026-09-18 14:17:33,23355.05,2026-09-22,23450.0,CE,50.05,50.0,50.15,1765336,137452,83956,8.89
2026-09-18 14:17:33,23355.05,2026-09-22,23450.0,PE,146.9,146.65,146.95,464792,25308,15871,10.01
2026-09-18 14:17:33,23355.05,2026-09-22,23500.0,CE,35.15,35.05,35.15,2368487,214689,76474,8.92
2026-09-18 14:17:33,23355.05,2026-09-22,23500.0,PE,181.1,181.0,181.5,494471,49757,15119,10.14
2026-09-18 14:17:33,23355.05,2026-09-22,23550.0,CE,23.65,23.6,23.65,1161882,87249,37201,8.93
2026-09-18 14:17:33,23355.05,2026-09-22,23550.0,PE,219.6,219.55,220.25,84076,7730,3386,10.34
2026-09-18 14:17:33,23355.05,2026-09-22,23600.0,CE,15.75,15.65,15.7,1366242,148456,45879,9.0
2026-09-18 14:17:33,23355.05,2026-09-22,23600.0,PE,262.55,261.45,262.2,86160,15860,4320,10.72
2026-09-18 14:17:33,23355.05,2026-09-22,23650.0,CE,10.4,10.35,10.4,756408,67007,19667,9.16
2026-09-18 14:17:33,23355.05,2026-09-22,23650.0,PE,306.9,306.2,307.05,15197,3657,159,11.09
2026-09-18 14:17:33,23355.05,2026-09-22,23700.0,CE,7.1,7.05,7.1,823271,149488,33161,9.41
2026-09-18 14:17:33,23355.05,2026-09-22,23700.0,PE,352.45,352.35,353.35,18471,9330,-1565,11.78
2026-09-18 14:17:33,23355.05,2026-09-22,23750.0,CE,4.95,4.9,4.95,413554,75990,17500,9.72
2026-09-18 14:17:33,23355.05,2026-09-22,23750.0,PE,400.0,397.95,399.6,2373,1563,-107,12.37
2026-09-18 14:17:33,23355.05,2026-09-22,23800.0,CE,3.65,3.65,3.7,571227,153732,24996,10.16
2026-09-18 14:17:33,23355.05,2026-09-22,23800.0,PE,448.8,448.4,449.85,5210,7238,-214,13.18
2026-09-18 14:17:33,23355.05,2026-09-22,23850.0,CE,3.05,3.05,3.1,226102,53594,10243,10.69
2026-09-18 14:17:33,23355.05,2026-09-22,23850.0,PE,500.55,495.5,497.4,544,1072,5,14.08
2026-09-18 14:18:33,23354.6,2026-09-22,22850.0,CE,514.15,512.9,515.5,1074,831,-55,
2026-09-18 14:18:33,23354.6,2026-09-22,22850.0,PE,7.2,7.15,7.2,383847,41478,13762,13.19
2026-09-18 14:18:33,23354.6,2026-09-22,22900.0,CE,467.0,465.1,466.6,6979,2196,270,
2026-09-18 14:18:33,23354.6,2026-09-22,22900.0,PE,8.65,8.65,8.7,620577,71272,16008,12.67
2026-09-18 14:18:33,23354.6,2026-09-22,22950.0,CE,417.55,417.1,418.35,5225,1222,138,8.44
2026-09-18 14:18:33,23354.6,2026-09-22,22950.0,PE,10.75,10.7,10.75,549831,46956,9868,12.2
2026-09-18 14:18:33,23354.6,2026-09-22,23000.0,CE,370.5,370.1,370.95,91089,12473,-1467,9.01
2026-09-18 14:18:33,23354.6,2026-09-22,23000.0,PE,13.55,13.55,13.6,1453086,193685,45182,11.79
2026-09-18 14:18:33,23354.6,2026-09-22,23050.0,CE,324.75,323.8,324.65,28066,3410,676,9.16
2026-09-18 14:18:33,23354.6,2026-09-22,23050.0,PE,17.25,17.15,17.25,768796,81227,32950,11.36
2026-09-18 14:18:33,23354.6,2026-09-22,23100.0,CE,280.65,279.15,279.9,164807,14409,1751,9.29
2026-09-18 14:18:33,23354.6,2026-09-22,23100.0,PE,22.7,22.6,22.7,1428293,127361,44876,11.03
2026-09-18 14:18:33,23354.6,2026-09-22,23150.0,CE,236.9,236.95,237.6,182451,11697,3883,9.25
2026-09-18 14:18:33,23354.6,2026-09-22,23150.0,PE,29.95,29.8,29.9,1083300,91371,44897,10.74
2026-09-18 14:18:33,23354.6,2026-09-22,23200.0,CE,196.55,196.55,197.05,1040692,64299,13115,9.22
2026-09-18 14:18:33,23354.6,2026-09-22,23200.0,PE,39.45,39.45,39.6,2570147,237543,103712,10.51
2026-09-18 14:18:33,23354.6,2026-09-22,23250.0,CE,159.7,159.3,159.6,1211720,56448,8996,9.15
2026-09-18 14:18:33,23354.6,2026-09-22,23250.0,PE,52.3,52.1,52.3,2157108,179127,107324,10.29
2026-09-18 14:18:33,23354.6,2026-09-22,23300.0,CE,125.65,125.55,125.9,4561142,211384,109776,9.1
2026-09-18 14:18:33,23354.6,2026-09-22,23300.0,PE,68.9,68.9,69.0,5461560,380686,276178,10.18
2026-09-18 14:18:33,23354.6,2026-09-22,23350.0,CE,96.6,96.5,96.6,3948900,193446,139881,9.06
2026-09-18 14:18:33,23354.6,2026-09-22,23350.0,PE,89.4,89.35,89.6,2748627,164304,139909,10.03
2026-09-18 14:18:33,23354.6,2026-09-22,23400.0,CE,71.5,71.55,71.7,3226175,240313,139957,8.94
2026-09-18 14:18:33,23354.6,2026-09-22,23400.0,PE,115.15,114.85,115.15,1700750,121188,75344,10.03
2026-09-18 14:18:33,23354.6,2026-09-22,23450.0,CE,51.35,51.2,51.35,1775200,137452,83956,8.89
2026-09-18 14:18:33,23354.6,2026-09-22,23450.0,PE,144.6,144.65,145.0,467615,25308,15871,10.01
2026-09-18 14:18:33,23354.6,2026-09-22,23500.0,CE,35.95,35.85,35.95,2380584,214689,76474,8.92
2026-09-18 14:18:33,23354.6,2026-09-22,23500.0,PE,179.1,178.95,179.35,497187,49757,15119,10.14
2026-09-18 14:18:33,23354.6,2026-09-22,23550.0,CE,24.3,24.3,24.35,1168910,87249,37201,8.93
2026-09-18 14:18:33,23354.6,2026-09-22,23550.0,PE,217.25,216.95,217.6,84600,7730,3386,10.34
2026-09-18 14:18:33,23354.6,2026-09-22,23600.0,CE,16.2,16.15,16.2,1376396,148456,45879,9.0
2026-09-18 14:18:33,23354.6,2026-09-22,23600.0,PE,258.9,259.05,259.7,86710,15860,4320,10.72
2026-09-18 14:18:33,23354.6,2026-09-22,23650.0,CE,10.8,10.75,10.8,764585,67007,19667,9.16
2026-09-18 14:18:33,23354.6,2026-09-22,23650.0,PE,303.25,303.3,304.2,15304,3648,150,11.09
2026-09-18 14:18:33,23354.6,2026-09-22,23700.0,CE,7.35,7.3,7.35,831775,149650,33323,9.41
2026-09-18 14:18:33,23354.6,2026-09-22,23700.0,PE,349.3,349.4,350.4,18622,9359,-1536,11.78
2026-09-18 14:18:33,23354.6,2026-09-22,23750.0,CE,5.1,5.05,5.1,418381,76436,17946,9.72
2026-09-18 14:18:33,23354.6,2026-09-22,23750.0,PE,398.0,397.0,398.35,2405,1565,-105,12.37
2026-09-18 14:18:33,23354.6,2026-09-22,23800.0,CE,3.75,3.75,3.8,575672,153732,24996,10.16
2026-09-18 14:18:33,23354.6,2026-09-22,23800.0,PE,445.3,445.4,446.8,5225,7239,-213,13.18
2026-09-18 14:18:33,23354.6,2026-09-22,23850.0,CE,3.1,3.1,3.15,229590,53594,10243,10.69
2026-09-18 14:18:33,23354.6,2026-09-22,23850.0,PE,500.55,494.45,496.3,544,1072,5,14.08
2026-09-18 14:19:33,23350.5,2026-09-22,22850.0,CE,514.15,510.2,512.6,1074,831,-55,
2026-09-18 14:19:33,23350.5,2026-09-22,22850.0,PE,7.25,7.2,7.25,384579,41698,13982,13.19
2026-09-18 14:19:33,23350.5,2026-09-22,22900.0,CE,464.4,462.5,463.95,6984,2198,272,
2026-09-18 14:19:33,23350.5,2026-09-22,22900.0,PE,8.75,8.7,8.8,621602,72092,16828,12.67
2026-09-18 14:19:33,23350.5,2026-09-22,22950.0,CE,414.4,414.55,415.85,5227,1230,146,8.44
2026-09-18 14:19:33,23350.5,2026-09-22,22950.0,PE,10.8,10.75,10.85,550547,46502,9414,12.2
2026-09-18 14:19:33,23350.5,2026-09-22,23000.0,CE,368.0,367.05,367.95,91232,12902,-1038,9.01
2026-09-18 14:19:33,23350.5,2026-09-22,23000.0,PE,13.8,13.75,13.8,1456304,193195,44692,11.79
2026-09-18 14:19:33,23350.5,2026-09-22,23050.0,CE,322.2,321.4,322.2,28115,3392,658,9.16
2026-09-18 14:19:33,23350.5,2026-09-22,23050.0,PE,17.4,17.35,17.4,769913,81627,33350,11.36
2026-09-18 14:19:33,23350.5,2026-09-22,23100.0,CE,277.05,276.75,277.45,165089,14400,1742,9.29
2026-09-18 14:19:33,23350.5,2026-09-22,23100.0,PE,22.95,22.9,22.95,1432514,128035,45550,11.03
2026-09-18 14:19:33,23350.5,2026-09-22,23150.0,CE,235.15,234.4,235.0,182880,11803,3989,9.25
2026-09-18 14:19:33,23350.5,2026-09-22,23150.0,PE,30.25,30.25,30.35,1085336,91935,45461,10.74
2026-09-18 14:19:33,23350.5,2026-09-22,23200.0,CE,194.2,194.2,194.7,1042334,64115,12931,9.22
2026-09-18 14:19:33,23350.5,2026-09-22,23200.0,PE,40.05,40.05,40.2,2575565,237474,103643,10.51
2026-09-18 14:19:33,23350.5,2026-09-22,23250.0,CE,157.65,157.25,157.65,1213551,56251,8799,9.15
2026-09-18 14:19:33,23350.5,2026-09-22,23250.0,PE,52.95,52.85,53.0,2160323,179727,107924,10.29
2026-09-18 14:19:33,23350.5,2026-09-22,23300.0,CE,124.0,124.1,124.2,4567927,211342,109734,9.1
2026-09-18 14:19:33,23350.5,2026-09-22,23300.0,PE,69.95,69.75,69.9,5469308,380834,276326,10.18
2026-09-18 14:19:33,23350.5,2026-09-22,23350.0,CE,95.0,94.8,95.0,3958846,194303,140738,9.06
2026-09-18 14:19:33,23350.5,2026-09-22,23350.0,PE,90.85,90.55,90.8,2755262,166135,141740,10.03
2026-09-18 14:19:33,23350.5,2026-09-22,23400.0,CE,70.35,70.3,70.4,3235852,241685,141329,8.94
2026-09-18 14:19:33,23350.5,2026-09-22,23400.0,PE,116.45,116.2,116.5,1704858,122852,77008,10.03
2026-09-18 14:19:33,23350.5,2026-09-22,23450.0,CE,50.25,50.1,50.2,1780476,136744,83248,8.89
2026-09-18 14:19:33,23350.5,2026-09-22,23450.0,PE,146.4,146.2,146.5,468719,26007,16570,10.01
2026-09-18 14:19:33,23350.5,2026-09-22,23500.0,CE,34.9,34.95,35.05,2387466,213652,75437,8.92
2026-09-18 14:19:33,23350.5,2026-09-22,23500.0,PE,181.0,181.0,181.1,498284,50090,15452,10.14
2026-09-18 14:19:33,23350.5,2026-09-22,23550.0,CE,23.7,23.6,23.7,1173260,86473,36425,8.93
2026-09-18 14:19:33,23350.5,2026-09-22,23550.0,PE,219.2,219.35,219.95,84786,7936,3592,10.34
2026-09-18 14:19:33,23350.5,2026-09-22,23600.0,CE,15.75,15.7,15.75,1381707,148793,46216,9.0
2026-09-18 14:19:33,23350.5,2026-09-22,23600.0,PE,261.3,261.4,262.05,86869,15836,4296,10.72
2026-09-18 14:19:33,23350.5,2026-09-22,23650.0,CE,10.5,10.45,10.5,768902,68553,21213,9.16
2026-09-18 14:19:33,23350.5,2026-09-22,23650.0,PE,306.15,305.75,306.7,15320,3666,168,11.09
2026-09-18 14:19:33,23350.5,2026-09-22,23700.0,CE,7.1,7.1,7.15,835340,150644,34317,9.41
2026-09-18 14:19:33,23350.5,2026-09-22,23700.0,PE,352.0,352.25,353.2,18640,9336,-1559,11.78
2026-09-18 14:19:33,23350.5,2026-09-22,23750.0,CE,5.0,4.95,5.0,420283,76459,17969,9.72
2026-09-18 14:19:33,23350.5,2026-09-22,23750.0,PE,399.55,399.65,401.0,2421,1586,-84,12.37
2026-09-18 14:19:33,23350.5,2026-09-22,23800.0,CE,3.75,3.7,3.75,577184,153846,25110,10.16
2026-09-18 14:19:33,23350.5,2026-09-22,23800.0,PE,445.3,448.1,449.65,5225,7239,-213,13.18
2026-09-18 14:19:33,23350.5,2026-09-22,23850.0,CE,3.05,3.05,3.1,231299,53653,10302,10.69
2026-09-18 14:19:33,23350.5,2026-09-22,23850.0,PE,500.55,497.0,498.6,544,1072,5,14.08
2026-09-18 14:20:33,23353.75,2026-09-22,22850.0,CE,514.15,510.9,513.1,1074,831,-55,
2026-09-18 14:20:33,23353.75,2026-09-22,22850.0,PE,7.15,7.1,7.15,384907,41880,14164,13.19
2026-09-18 14:20:33,23353.75,2026-09-22,22900.0,CE,464.4,462.65,464.4,6984,2202,276,
2026-09-18 14:20:33,23353.75,2026-09-22,22900.0,PE,8.7,8.65,8.7,621927,72294,17030,12.67
2026-09-18 14:20:33,23353.75,2026-09-22,22950.0,CE,415.55,414.8,416.15,5229,1230,146,8.44
2026-09-18 14:20:33,23353.75,2026-09-22,22950.0,PE,10.65,10.65,10.7,550659,46335,9247,12.2
2026-09-18 14:20:33,23353.75,2026-09-22,23000.0,CE,368.3,367.8,368.65,91498,12984,-956,9.01
2026-09-18 14:20:33,23353.75,2026-09-22,23000.0,PE,13.55,13.55,13.6,1457291,192354,43851,11.79
2026-09-18 14:20:33,23353.75,2026-09-22,23050.0,CE,319.6,321.5,322.35,28119,3394,660,9.16
2026-09-18 14:20:33,23353.75,2026-09-22,23050.0,PE,17.15,17.15,17.2,770276,80940,32663,11.36
2026-09-18 14:20:33,23353.75,2026-09-22,23100.0,CE,276.6,276.95,277.65,165220,14404,1746,9.29
2026-09-18 14:20:33,23353.75,2026-09-22,23100.0,PE,22.7,22.6,22.7,1433977,127174,44689,11.03
2026-09-18 14:20:33,23353.75,2026-09-22,23150.0,CE,235.45,234.75,235.3,182996,11792,3978,9.25
2026-09-18 14:20:33,23353.75,2026-09-22,23150.0,PE,30.0,29.9,30.05,1085874,91341,44867,10.74
2026-09-18 14:20:33,23353.75,2026-09-22,23200.0,CE,194.5,194.65,195.0,1043086,63846,12662,9.22
2026-09-18 14:20:33,23353.75,2026-09-22,23200.0,PE,39.65,39.65,39.8,2577484,237303,103472,10.51
2026-09-18 14:20:33,23353.75,2026-09-22,23250.0,CE,157.8,157.5,157.8,1214377,56326,8874,9.15
2026-09-18 14:20:33,23353.75,2026-09-22,23250.0,PE,52.5,52.5,52.55,2161885,180263,108460,10.29
2026-09-18 14:20:33,23353.75,2026-09-22,23300.0,CE,123.95,123.85,124.15,4571628,210640,109032,9.1
2026-09-18 14:20:33,23353.75,2026-09-22,23300.0,PE,69.5,69.35,69.55,5473513,383333,278825,10.18
2026-09-18 14:20:33,23353.75,2026-09-22,23350.0,CE,94.95,94.9,95.15,3963821,191416,137851,9.06
2026-09-18 14:20:33,23353.75,2026-09-22,23350.0,PE,90.0,90.0,90.15,2759474,169372,144977,10.03
2026-09-18 14:20:33,23353.75,2026-09-22,23400.0,CE,70.4,70.2,70.4,3240103,244240,143884,8.94
2026-09-18 14:20:33,23353.75,2026-09-22,23400.0,PE,115.9,115.9,116.0,1707436,125330,79486,10.03
2026-09-18 14:20:33,23353.75,2026-09-22,23450.0,CE,50.15,50.15,50.25,1782836,136335,82839,8.89
2026-09-18 14:20:33,23353.75,2026-09-22,23450.0,PE,146.0,145.65,146.0,469253,26315,16878,10.01
2026-09-18 14:20:33,23353.75,2026-09-22,23500.0,CE,35.0,35.0,35.1,2391930,211987,73772,8.92
2026-09-18 14:20:33,23353.75,2026-09-22,23500.0,PE,180.65,180.35,180.75,498937,50733,16095,10.14
2026-09-18 14:20:33,23353.75,2026-09-22,23550.0,CE,23.75,23.65,23.75,1174255,86124,36076,8.93
2026-09-18 14:20:33,23353.75,2026-09-22,23550.0,PE,219.15,218.6,219.25,84849,7959,3615,10.34
2026-09-18 14:20:33,23353.75,2026-09-22,23600.0,CE,15.8,15.75,15.8,1383209,148446,45869,9.0
2026-09-18 14:20:33,23353.75,2026-09-22,23600.0,PE,262.8,260.7,261.4,86989,15813,4273,10.72
2026-09-18 14:20:33,23353.75,2026-09-22,23650.0,CE,10.45,10.45,10.55,769834,67543,20203,9.16
2026-09-18 14:20:33,23353.75,2026-09-22,23650.0,PE,306.15,305.55,306.3,15348,3677,179,11.09
2026-09-18 14:20:33,23353.75,2026-09-22,23700.0,CE,7.1,7.1,7.15,836228,150587,34260,9.41
2026-09-18 14:20:33,23353.75,2026-09-22,23700.0,PE,353.2,351.5,352.5,18648,9338,-1557,11.78
2026-09-18 14:20:33,23353.75,2026-09-22,23750.0,CE,5.0,4.95,5.0,420560,76680,18190,9.72
2026-09-18 14:20:33,23353.75,2026-09-22,23750.0,PE,399.55,399.55,400.75,2421,1583,-87,12.37
2026-09-18 14:20:33,23353.75,2026-09-22,23800.0,CE,3.7,3.7,3.75,577364,153894,25158,10.16
2026-09-18 14:20:33,23353.75,2026-09-22,23800.0,PE,450.45,447.85,449.2,5226,7236,-216,13.18
2026-09-18 14:20:33,23353.75,2026-09-22,23850.0,CE,3.1,3.05,3.1,231316,53596,10245,10.69
2026-09-18 14:20:33,23353.75,2026-09-22,23850.0,PE,500.55,496.8,498.6,544,1072,5,14.08
2026-09-18 14:21:33,23354.25,2026-09-22,22850.0,CE,514.15,509.55,511.8,1074,831,-55,
2026-09-18 14:21:33,23354.25,2026-09-22,22850.0,PE,7.1,7.1,7.15,384987,41880,14164,13.19
2026-09-18 14:21:33,23354.25,2026-09-22,22900.0,CE,464.4,461.6,463.3,6984,2202,276,
2026-09-18 14:21:33,23354.25,2026-09-22,22900.0,PE,8.65,8.6,8.65,622312,72294,17030,12.67
2026-09-18 14:21:33,23354.25,2026-09-22,22950.0,CE,415.55,413.45,415.2,5229,1230,146,8.44
2026-09-18 14:21:33,23354.25,2026-09-22,22950.0,PE,10.65,10.65,10.7,550988,46335,9247,12.2
2026-09-18 14:21:33,23354.25,2026-09-22,23000.0,CE,367.4,366.9,367.3,91514,12984,-956,9.01
2026-09-18 14:21:33,23354.25,2026-09-22,23000.0,PE,13.6,13.6,13.65,1457892,192354,43851,11.79
2026-09-18 14:21:33,23354.25,2026-09-22,23050.0,CE,320.55,320.45,321.25,28121,3393,659,9.16
2026-09-18 14:21:33,23354.25,2026-09-22,23050.0,PE,17.2,17.2,17.25,770730,80940,32663,11.36
2026-09-18 14:21:33,23354.25,2026-09-22,23100.0,CE,277.15,275.8,276.6,165301,14404,1746,9.29
2026-09-18 14:21:33,23354.25,2026-09-22,23100.0,PE,22.7,22.7,22.8,1434640,127174,44689,11.03
2026-09-18 14:21:33,23354.25,2026-09-22,23150.0,CE,234.3,233.5,234.2,183030,11792,3978,9.25
2026-09-18 14:21:33,23354.25,2026-09-22,23150.0,PE,30.1,30.05,30.15,1086458,91341,44867,10.74
2026-09-18 14:21:33,23354.25,2026-09-22,23200.0,CE,193.75,193.7,194.0,1043420,63846,12662,9.22
2026-09-18 14:21:33,23354.25,2026-09-22,23200.0,PE,40.0,39.8,39.95,2579161,237303,103472,10.51
2026-09-18 14:21:33,23354.25,2026-09-22,23250.0,CE,156.4,156.6,157.0,1214825,56326,8874,9.15
2026-09-18 14:21:33,23354.25,2026-09-22,23250.0,PE,52.75,52.7,52.8,2162931,180263,108460,10.29
2026-09-18 14:21:33,23354.25,2026-09-22,23300.0,CE,123.3,123.35,123.65,4574061,210640,109032,9.1
2026-09-18 14:21:33,23354.25,2026-09-22,23300.0,PE,69.9,69.75,69.95,5475936,383333,278825,10.18
2026-09-18 14:21:33,23354.25,2026-09-22,23350.0,CE,94.25,94.1,94.35,3966999,191416,137851,9.06
2026-09-18 14:21:33,23354.25,2026-09-22,23350.0,PE,90.6,90.6,90.85,2762781,169372,144977,10.03
2026-09-18 14:21:33,23354.25,2026-09-22,23400.0,CE,69.85,69.7,69.8,3243177,244240,143884,8.94
2026-09-18 14:21:33,23354.25,2026-09-22,23400.0,PE,116.6,116.4,116.6,1709161,125330,79486,10.03
2026-09-18 14:21:33,23354.25,2026-09-22,23450.0,CE,49.75,49.6,49.75,1784080,136335,82839,8.89
2026-09-18 14:21:33,23354.25,2026-09-22,23450.0,PE,146.45,146.45,146.7,469591,26315,16878,10.01
2026-09-18 14:21:33,23354.25,2026-09-22,23500.0,CE,34.75,34.65,34.75,2394068,211987,73772,8.92
2026-09-18 14:21:33,23354.25,2026-09-22,23500.0,PE,181.0,181.05,181.5,499395,50733,16095,10.14
2026-09-18 14:21:33,23354.25,2026-09-22,23550.0,CE,23.3,23.35,23.45,1175266,86124,36076,8.93
2026-09-18 14:21:33,23354.25,2026-09-22,23550.0,PE,220.35,219.4,220.0,84927,7959,3615,10.34
2026-09-18 14:21:33,23354.25,2026-09-22,23600.0,CE,15.55,15.5,15.55,1384267,148446,45869,9.0
2026-09-18 14:21:33,23354.25,2026-09-22,23600.0,PE,262.3,261.65,262.3,87001,15813,4273,10.72
2026-09-18 14:21:33,23354.25,2026-09-22,23650.0,CE,10.35,10.3,10.35,770715,67543,20203,9.16
2026-09-18 14:21:33,23354.25,2026-09-22,23650.0,PE,306.1,306.2,306.5,15367,3677,179,11.09
2026-09-18 14:21:33,23354.25,2026-09-22,23700.0,CE,7.05,7.0,7.05,836741,150587,34260,9.41
2026-09-18 14:21:33,23354.25,2026-09-22,23700.0,PE,352.1,352.85,353.8,18669,9338,-1557,11.78
2026-09-18 14:21:33,23354.25,2026-09-22,23750.0,CE,4.95,4.9,4.95,420905,76680,18190,9.72
2026-09-18 14:21:33,23354.25,2026-09-22,23750.0,PE,400.65,400.4,401.8,2425,1585,-85,12.37
2026-09-18 14:21:33,23354.25,2026-09-22,23800.0,CE,3.65,3.65,3.7,578020,153894,25158,10.16
2026-09-18 14:21:33,23354.25,2026-09-22,23800.0,PE,450.45,448.95,450.45,5226,7236,-216,13.18
2026-09-18 14:21:33,23354.25,2026-09-22,23850.0,CE,3.05,3.05,3.1,231377,53596,10245,10.69
2026-09-18 14:21:33,23354.25,2026-09-22,23850.0,PE,500.55,498.25,500.05,544,1072,5,14.08
2026-09-18 14:22:34,23354.95,2026-09-22,22850.0,CE,512.55,512.05,514.65,1075,831,-55,
2026-09-18 14:22:34,23354.95,2026-09-22,22850.0,PE,7.1,7.05,7.1,385903,41877,14161,13.47
2026-09-18 14:22:34,23354.95,2026-09-22,22900.0,CE,465.45,464.0,465.8,6998,2202,276,
2026-09-18 14:22:34,23354.95,2026-09-22,22900.0,PE,8.55,8.55,8.6,625095,72884,17620,12.98
2026-09-18 14:22:34,23354.95,2026-09-22,22950.0,CE,417.65,416.25,417.55,5231,1232,148,
2026-09-18 14:22:34,23354.95,2026-09-22,22950.0,PE,10.6,10.55,10.6,551633,46397,9309,12.52
2026-09-18 14:22:34,23354.95,2026-09-22,23000.0,CE,369.0,368.95,369.8,91758,12987,-953,
2026-09-18 14:22:34,23354.95,2026-09-22,23000.0,PE,13.5,13.45,13.5,1461062,192558,44055,12.11
2026-09-18 14:22:34,23354.95,2026-09-22,23050.0,CE,322.15,322.85,323.75,28152,3400,666,
2026-09-18 14:22:34,23354.95,2026-09-22,23050.0,PE,17.05,17.0,17.1,771809,81020,32743,11.71
2026-09-18 14:22:34,23354.95,2026-09-22,23100.0,CE,278.65,278.2,278.9,165527,14411,1753,
2026-09-18 14:22:34,23354.95,2026-09-22,23100.0,PE,22.45,22.45,22.5,1438005,127205,44720,11.41
2026-09-18 14:22:34,23354.95,2026-09-22,23150.0,CE,235.65,236.0,236.65,183251,11777,3963,6.29
2026-09-18 14:22:34,23354.95,2026-09-22,23150.0,PE,29.75,29.65,29.75,1088231,91251,44777,11.16
2026-09-18 14:22:34,23354.95,2026-09-22,23200.0,CE,195.65,195.7,196.2,1045057,63823,12639,7.35
2026-09-18 14:22:34,23354.95,2026-09-22,23200.0,PE,39.35,39.35,39.5,2584541,237554,103723,10.94
2026-09-18 14:22:34,23354.95,2026-09-22,23250.0,CE,158.8,158.5,158.9,1216863,56284,8832,7.74
2026-09-18 14:22:34,23354.95,2026-09-22,23250.0,PE,52.1,52.1,52.2,2166605,180122,108319,10.79
2026-09-18 14:22:34,23354.95,2026-09-22,23300.0,CE,125.25,124.95,125.25,4583090,210864,109256,7.98
2026-09-18 14:22:34,23354.95,2026-09-22,23300.0,PE,69.05,68.9,69.1,5486170,383669,279161,10.77
2026-09-18 14:22:34,23354.95,2026-09-22,23350.0,CE,95.7,95.65,95.9,3981112,192949,139384,8.12
2026-09-18 14:22:34,23354.95,2026-09-22,23350.0,PE,89.75,89.5,89.75,2772722,170861,146466,10.75
2026-09-18 14:22:34,23354.95,2026-09-22,23400.0,CE,71.15,71.05,71.15,3253999,244386,144030,8.15
2026-09-18 14:22:34,23354.95,2026-09-22,23400.0,PE,115.25,115.1,115.4,1714506,126034,80190,10.89
2026-09-18 14:22:34,23354.95,2026-09-22,23450.0,CE,50.8,50.65,50.8,1789562,136516,83020,8.2
2026-09-18 14:22:34,23354.95,2026-09-22,23450.0,PE,145.35,145.05,145.35,470716,26553,17116,11.04
2026-09-18 14:22:34,23354.95,2026-09-22,23500.0,CE,35.55,35.45,35.55,2401654,212620,74405,8.31
2026-09-18 14:22:34,23354.95,2026-09-22,23500.0,PE,179.75,179.35,179.85,500534,50663,16025,11.34
2026-09-18 14:22:34,23354.95,2026-09-22,23550.0,CE,23.95,23.95,24.0,1179758,86016,35968,8.38
2026-09-18 14:22:34,23354.95,2026-09-22,23550.0,PE,218.15,217.7,218.2,85185,8058,3714,11.71
2026-09-18 14:22:34,23354.95,2026-09-22,23600.0,CE,15.85,15.85,15.9,1389194,148627,46050,8.49
2026-09-18 14:22:34,23354.95,2026-09-22,23600.0,PE,259.8,259.35,259.8,87522,15854,4314,12.33
2026-09-18 14:22:34,23354.95,2026-09-22,23650.0,CE,10.6,10.5,10.6,773194,67712,20372,8.67
2026-09-18 14:22:34,23354.95,2026-09-22,23650.0,PE,305.65,304.0,304.75,15410,3698,200,13.0
2026-09-18 14:22:34,23354.95,2026-09-22,23700.0,CE,7.15,7.15,7.2,840864,150551,34224,8.91
2026-09-18 14:22:34,23354.95,2026-09-22,23700.0,PE,351.05,350.2,351.2,18689,9336,-1559,13.96
2026-09-18 14:22:34,23354.95,2026-09-22,23750.0,CE,5.0,4.95,5.0,422787,76969,18479,9.21
2026-09-18 14:22:34,23354.95,2026-09-22,23750.0,PE,398.75,398.0,399.2,2436,1583,-87,15.07
2026-09-18 14:22:34,23354.95,2026-09-22,23800.0,CE,3.7,3.65,3.7,580526,154214,25478,9.63
2026-09-18 14:22:34,23354.95,2026-09-22,23800.0,PE,448.0,446.5,448.0,5245,7236,-216,16.35
2026-09-18 14:22:34,23354.95,2026-09-22,23850.0,CE,3.05,3.05,3.1,232489,53615,10264,10.19
2026-09-18 14:22:34,23354.95,2026-09-22,23850.0,PE,497.3,495.2,497.0,545,1073,6,17.64
2026-09-18 14:23:34,23359.5,2026-09-22,22850.0,CE,515.5,514.9,517.4,1082,832,-54,
2026-09-18 14:23:34,23359.5,2026-09-22,22850.0,PE,7.0,6.95,7.0,387062,41874,14158,13.47
2026-09-18 14:23:34,23359.5,2026-09-22,22900.0,CE,466.0,466.0,467.7,7003,2203,277,
2026-09-18 14:23:34,23359.5,2026-09-22,22900.0,PE,8.45,8.45,8.5,630142,71826,16562,12.98
2026-09-18 14:23:34,23359.5,2026-09-22,22950.0,CE,419.2,418.15,419.2,5286,1234,150,
2026-09-18 14:23:34,23359.5,2026-09-22,22950.0,PE,10.4,10.4,10.5,555582,48122,11034,12.52
2026-09-18 14:23:34,23359.5,2026-09-22,23000.0,CE,370.95,371.3,372.0,92054,12933,-1007,
2026-09-18 14:23:34,23359.5,2026-09-22,23000.0,PE,13.35,13.3,13.35,1465038,192237,43734,12.11
2026-09-18 14:23:34,23359.5,2026-09-22,23050.0,CE,325.5,325.45,326.2,28285,3366,632,
2026-09-18 14:23:34,23359.5,2026-09-22,23050.0,PE,16.75,16.75,16.85,773175,81049,32772,11.71
2026-09-18 14:23:34,23359.5,2026-09-22,23100.0,CE,281.4,280.05,280.8,166022,14419,1761,
2026-09-18 14:23:34,23359.5,2026-09-22,23100.0,PE,22.15,22.2,22.3,1441463,126868,44383,11.41
2026-09-18 14:23:34,23359.5,2026-09-22,23150.0,CE,238.25,238.35,238.9,184032,11832,4018,6.29
2026-09-18 14:23:34,23359.5,2026-09-22,23150.0,PE,29.3,29.25,29.35,1090373,91088,44614,11.16
2026-09-18 14:23:34,23359.5,2026-09-22,23200.0,CE,197.6,197.2,197.5,1047293,63847,12663,7.35
2026-09-18 14:23:34,23359.5,2026-09-22,23200.0,PE,39.05,38.95,39.1,2592045,237980,104149,10.94
2026-09-18 14:23:34,23359.5,2026-09-22,23250.0,CE,160.8,160.3,160.65,1220239,55564,8112,7.74
2026-09-18 14:23:34,23359.5,2026-09-22,23250.0,PE,51.4,51.4,51.5,2171862,180021,108218,10.79
2026-09-18 14:23:34,23359.5,2026-09-22,23300.0,CE,126.7,126.6,126.95,4595947,210400,108792,7.98
2026-09-18 14:23:34,23359.5,2026-09-22,23300.0,PE,68.15,68.1,68.25,5498949,384298,279790,10.77
2026-09-18 14:23:34,23359.5,2026-09-22,23350.0,CE,97.4,97.35,97.5,4000919,194723,141158,8.12
2026-09-18 14:23:34,23359.5,2026-09-22,23350.0,PE,88.55,88.4,88.6,2783483,171539,147144,10.75
2026-09-18 14:23:34,23359.5,2026-09-22,23400.0,CE,72.4,72.4,72.6,3270895,244899,144543,8.15
2026-09-18 14:23:34,23359.5,2026-09-22,23400.0,PE,113.9,113.65,113.85,1722415,126948,81104,10.89
2026-09-18 14:23:34,23359.5,2026-09-22,23450.0,CE,51.6,51.6,51.75,1797362,136656,83160,8.2
2026-09-18 14:23:34,23359.5,2026-09-22,23450.0,PE,144.05,143.9,144.15,472472,26838,17401,11.04
2026-09-18 14:23:34,23359.5,2026-09-22,23500.0,CE,36.45,36.45,36.55,2415508,210725,72510,8.31
2026-09-18 14:23:34,23359.5,2026-09-22,23500.0,PE,177.95,177.6,178.05,502651,50795,16157,11.34
2026-09-18 14:23:34,23359.5,2026-09-22,23550.0,CE,24.6,24.5,24.55,1185440,85979,35931,8.38
2026-09-18 14:23:34,23359.5,2026-09-22,23550.0,PE,216.65,216.35,217.0,85503,8197,3853,11.71
2026-09-18 14:23:34,23359.5,2026-09-22,23600.0,CE,16.45,16.4,16.45,1395753,148049,45472,8.49
2026-09-18 14:23:34,23359.5,2026-09-22,23600.0,PE,258.0,257.7,258.45,87949,15641,4101,12.33
2026-09-18 14:23:34,23359.5,2026-09-22,23650.0,CE,11.0,10.95,11.0,777965,67029,19689,8.67
2026-09-18 14:23:34,23359.5,2026-09-22,23650.0,PE,303.15,302.0,302.9,15449,3700,202,13.0
2026-09-18 14:23:34,23359.5,2026-09-22,23700.0,CE,7.5,7.45,7.55,846216,149728,33401,8.91
2026-09-18 14:23:34,23359.5,2026-09-22,23700.0,PE,348.7,348.0,348.9,18773,9328,-1567,13.96
2026-09-18 14:23:34,23359.5,2026-09-22,23750.0,CE,5.25,5.2,5.25,424585,77176,18686,9.21
2026-09-18 14:23:34,23359.5,2026-09-22,23750.0,PE,396.65,395.25,396.6,2444,1585,-85,15.07
2026-09-18 14:23:34,23359.5,2026-09-22,23800.0,CE,3.85,3.8,3.85,586032,155005,26269,9.63
2026-09-18 14:23:34,23359.5,2026-09-22,23800.0,PE,445.45,444.7,446.2,5254,7253,-199,16.35
2026-09-18 14:23:34,23359.5,2026-09-22,23850.0,CE,3.2,3.15,3.2,235756,53647,10296,10.19
2026-09-18 14:23:34,23359.5,2026-09-22,23850.0,PE,494.05,492.75,494.8,546,1073,6,17.64
2026-09-18 14:24:34,23356.55,2026-09-22,22850.0,CE,515.5,511.1,513.55,1082,832,-54,
2026-09-18 14:24:34,23356.55,2026-09-22,22850.0,PE,6.95,6.95,7.0,388740,41640,13924,13.47
2026-09-18 14:24:34,23356.55,2026-09-22,22900.0,CE,464.0,463.05,464.7,7035,2220,294,
2026-09-18 14:24:34,23356.55,2026-09-22,22900.0,PE,8.5,8.45,8.5,634017,72188,16924,12.98
2026-09-18 14:24:34,23356.55,2026-09-22,22950.0,CE,418.05,415.25,416.45,5292,1234,150,
2026-09-18 14:24:34,23356.55,2026-09-22,22950.0,PE,10.45,10.45,10.5,556545,48239,11151,12.52
2026-09-18 14:24:34,23356.55,2026-09-22,23000.0,CE,368.7,368.1,368.95,92424,12755,-1185,
2026-09-18 14:24:34,23356.55,2026-09-22,23000.0,PE,13.45,13.35,13.45,1468913,192027,43524,12.11
2026-09-18 14:24:34,23356.55,2026-09-22,23050.0,CE,323.4,322.1,323.0,28348,3353,619,
2026-09-18 14:24:34,23356.55,2026-09-22,23050.0,PE,17.0,16.9,17.0,775217,80848,32571,11.71
2026-09-18 14:24:34,23356.55,2026-09-22,23100.0,CE,278.0,277.7,278.4,166563,14479,1821,
2026-09-18 14:24:34,23356.55,2026-09-22,23100.0,PE,22.4,22.35,22.45,1445198,126640,44155,11.41
2026-09-18 14:24:34,23356.55,2026-09-22,23150.0,CE,235.85,235.4,235.9,184649,11871,4057,6.29
2026-09-18 14:24:34,23356.55,2026-09-22,23150.0,PE,29.75,29.65,29.75,1093445,90666,44192,11.16
2026-09-18 14:24:34,23356.55,2026-09-22,23200.0,CE,195.3,194.8,195.3,1050580,63721,12537,7.35
2026-09-18 14:24:34,23356.55,2026-09-22,23200.0,PE,39.6,39.4,39.5,2600479,236538,102707,10.94
2026-09-18 14:24:34,23356.55,2026-09-22,23250.0,CE,157.8,157.75,158.15,1225105,55325,7873,7.74
2026-09-18 14:24:34,23356.55,2026-09-22,23250.0,PE,52.2,52.25,52.35,2177766,179443,107640,10.79
2026-09-18 14:24:34,23356.55,2026-09-22,23300.0,CE,124.7,124.35,124.75,4613965,210402,108794,7.98
2026-09-18 14:24:34,23356.55,2026-09-22,23300.0,PE,69.2,69.05,69.25,5518279,383418,278910,10.77
2026-09-18 14:24:34,23356.55,2026-09-22,23350.0,CE,95.65,95.6,95.7,4023142,192003,138438,8.12
2026-09-18 14:24:34,23356.55,2026-09-22,23350.0,PE,90.0,89.75,90.0,2797753,170897,146502,10.75
2026-09-18 14:24:34,23356.55,2026-09-22,23400.0,CE,70.85,70.8,71.0,3291722,245214,144858,8.15
2026-09-18 14:24:34,23356.55,2026-09-22,23400.0,PE,115.35,115.4,115.7,1730962,126214,80370,10.89
2026-09-18 14:24:34,23356.55,2026-09-22,23450.0,CE,50.65,50.65,50.8,1807158,135703,82207,8.2
2026-09-18 14:24:34,23356.55,2026-09-22,23450.0,PE,145.95,145.6,145.95,474101,26891,17454,11.04
2026-09-18 14:24:34,23356.55,2026-09-22,23500.0,CE,35.6,35.5,35.6,2430664,211558,73343,8.31
2026-09-18 14:24:34,23356.55,2026-09-22,23500.0,PE,180.75,180.15,180.6,505152,51029,16391,11.34
2026-09-18 14:24:34,23356.55,2026-09-22,23550.0,CE,24.05,24.05,24.15,1193604,84906,34858,8.38
2026-09-18 14:24:34,23356.55,2026-09-22,23550.0,PE,218.7,218.4,218.85,85753,8239,3895,11.71
2026-09-18 14:24:34,23356.55,2026-09-22,23600.0,CE,16.1,16.05,16.1,1405377,147437,44860,8.49
2026-09-18 14:24:34,23356.55,2026-09-22,23600.0,PE,261.0,260.5,261.0,89146,16309,4769,12.33
2026-09-18 14:24:34,23356.55,2026-09-22,23650.0,CE,10.8,10.75,10.8,783318,66398,19058,8.67
2026-09-18 14:24:34,23356.55,2026-09-22,23650.0,PE,304.8,304.7,305.65,15469,3713,215,13.0
2026-09-18 14:24:34,23356.55,2026-09-22,23700.0,CE,7.3,7.3,7.35,851214,149419,33092,8.91
2026-09-18 14:24:34,23356.55,2026-09-22,23700.0,PE,349.95,351.15,352.2,18813,9343,-1552,13.96
2026-09-18 14:24:34,23356.55,2026-09-22,23750.0,CE,5.15,5.1,5.15,427521,77176,18686,9.21
2026-09-18 14:24:34,23356.55,2026-09-22,23750.0,PE,398.5,398.8,400.2,2454,1592,-78,15.07
2026-09-18 14:24:34,23356.55,2026-09-22,23800.0,CE,3.75,3.75,3.8,588955,155085,26349,9.63
2026-09-18 14:24:34,23356.55,2026-09-22,23800.0,PE,443.65,447.05,448.0,5287,7253,-199,16.35
2026-09-18 14:24:34,23356.55,2026-09-22,23850.0,CE,3.15,3.1,3.15,237432,53498,10147,10.19
2026-09-18 14:24:34,23356.55,2026-09-22,23850.0,PE,492.85,496.35,498.2,554,1073,6,17.64
2026-09-18 14:25:34,23355.4,2026-09-22,22850.0,CE,514.8,509.1,511.55,1083,833,-53,
2026-09-18 14:25:34,23355.4,2026-09-22,22850.0,PE,7.0,6.95,7.05,389963,41685,13969,13.47
2026-09-18 14:25:34,23355.4,2026-09-22,22900.0,CE,464.2,461.15,462.9,7044,2230,304,
2026-09-18 14:25:34,23355.4,2026-09-22,22900.0,PE,8.55,8.5,8.55,638172,72022,16758,12.93
2026-09-18 14:25:34,23355.4,2026-09-22,22950.0,CE,418.05,413.5,414.85,5294,1230,146,
2026-09-18 14:25:34,23355.4,2026-09-22,22950.0,PE,10.6,10.5,10.6,557114,48204,11116,12.49
2026-09-18 14:25:34,23355.4,2026-09-22,23000.0,CE,366.25,366.05,366.9,92542,12702,-1238,
2026-09-18 14:25:34,23355.4,2026-09-22,23000.0,PE,13.5,13.45,13.55,1471333,192692,44189,12.07
2026-09-18 14:25:34,23355.4,2026-09-22,23050.0,CE,321.5,320.25,321.0,28388,3351,617,
2026-09-18 14:25:34,23355.4,2026-09-22,23050.0,PE,17.1,17.05,17.15,776322,80881,32604,11.66
2026-09-18 14:25:34,23355.4,2026-09-22,23100.0,CE,275.65,275.7,276.4,166876,14354,1696,
2026-09-18 14:25:34,23355.4,2026-09-22,23100.0,PE,22.7,22.6,22.7,1447951,126683,44198,11.37
2026-09-18 14:25:34,23355.4,2026-09-22,23150.0,CE,234.3,233.6,234.15,184854,11852,4038,6.73
2026-09-18 14:25:34,23355.4,2026-09-22,23150.0,PE,30.05,30.0,30.1,1095022,90719,44245,11.1
2026-09-18 14:25:34,23355.4,2026-09-22,23200.0,CE,193.25,193.25,193.8,1052526,63360,12176,7.43
2026-09-18 14:25:34,23355.4,2026-09-22,23200.0,PE,39.8,39.75,39.85,2603879,238090,104259,10.92
2026-09-18 14:25:34,23355.4,2026-09-22,23250.0,CE,156.25,156.3,156.7,1227868,54635,7183,7.84
2026-09-18 14:25:34,23355.4,2026-09-22,23250.0,PE,52.8,52.65,52.8,2180622,179664,107861,10.75
2026-09-18 14:25:34,23355.4,2026-09-22,23300.0,CE,123.05,123.05,123.4,4622045,209168,107560,8.0
2026-09-18 14:25:34,23355.4,2026-09-22,23300.0,PE,69.9,69.75,69.9,5525050,384359,279851,10.73
2026-09-18 14:25:34,23355.4,2026-09-22,23350.0,CE,94.4,94.4,94.65,4033497,191509,137944,8.13
2026-09-18 14:25:34,23355.4,2026-09-22,23350.0,PE,90.6,90.6,90.85,2805356,173174,148779,10.67
2026-09-18 14:25:34,23355.4,2026-09-22,23400.0,CE,69.85,69.85,70.0,3300820,244757,144401,8.23
2026-09-18 14:25:34,23355.4,2026-09-22,23400.0,PE,116.7,116.45,116.75,1735572,128119,82275,10.8
2026-09-18 14:25:34,23355.4,2026-09-22,23450.0,CE,49.85,49.85,50.0,1812045,135611,82115,8.27
2026-09-18 14:25:34,23355.4,2026-09-22,23450.0,PE,147.15,146.85,147.15,475482,27005,17568,10.94
2026-09-18 14:25:34,23355.4,2026-09-22,23500.0,CE,35.0,34.95,35.05,2438486,213424,75209,8.34
2026-09-18 14:25:34,23355.4,2026-09-22,23500.0,PE,182.0,181.5,181.95,506317,51600,16962,11.25
2026-09-18 14:25:34,23355.4,2026-09-22,23550.0,CE,23.65,23.65,23.75,1198523,84623,34575,8.38
2026-09-18 14:25:34,23355.4,2026-09-22,23550.0,PE,220.15,220.1,220.7,85981,8339,3995,11.74
2026-09-18 14:25:34,23355.4,2026-09-22,23600.0,CE,15.75,15.75,15.8,1408628,146633,44056,8.52
2026-09-18 14:25:34,23355.4,2026-09-22,23600.0,PE,262.25,262.15,262.85,90398,16416,4876,12.24
2026-09-18 14:25:34,23355.4,2026-09-22,23650.0,CE,10.6,10.55,10.6,785460,66618,19278,8.69
2026-09-18 14:25:34,23355.4,2026-09-22,23650.0,PE,306.75,306.85,307.75,15504,3720,222,13.14
2026-09-18 14:25:34,23355.4,2026-09-22,23700.0,CE,7.2,7.2,7.25,853013,149516,33189,8.92
2026-09-18 14:25:34,23355.4,2026-09-22,23700.0,PE,354.0,353.05,354.05,18872,9357,-1538,14.2
2026-09-18 14:25:34,23355.4,2026-09-22,23750.0,CE,5.1,5.05,5.1,429032,76881,18391,9.21
2026-09-18 14:25:34,23355.4,2026-09-22,23750.0,PE,397.0,400.35,401.75,2459,1592,-78,14.83
2026-09-18 14:25:34,23355.4,2026-09-22,23800.0,CE,3.75,3.75,3.8,590225,155229,26493,9.63
2026-09-18 14:25:34,23355.4,2026-09-22,23800.0,PE,449.65,449.3,450.8,5322,7278,-174,16.36
2026-09-18 14:25:34,23355.4,2026-09-22,23850.0,CE,3.15,3.1,3.15,237731,53352,10001,10.22
2026-09-18 14:25:34,23355.4,2026-09-22,23850.0,PE,494.7,498.4,500.05,555,1073,6,17.66
2026-09-18 14:26:35,23352.5,2026-09-22,22850.0,CE,515.5,512.45,514.65,1082,832,-54,
2026-09-18 14:26:35,23352.5,2026-09-22,22850.0,PE,6.95,6.9,6.95,389544,41640,13924,13.47
2026-09-18 14:26:35,23352.5,2026-09-22,22900.0,CE,464.95,464.3,465.9,7037,2220,294,
2026-09-18 14:26:35,23352.5,2026-09-22,22900.0,PE,8.4,8.35,8.4,634865,72188,16924,12.98
2026-09-18 14:26:35,23352.5,2026-09-22,22950.0,CE,418.05,416.8,418.0,5294,1234,150,
2026-09-18 14:26:35,23352.5,2026-09-22,22950.0,PE,10.35,10.3,10.4,556808,48239,11151,12.52
2026-09-18 14:26:35,23352.5,2026-09-22,23000.0,CE,369.9,369.4,370.25,92490,12755,-1185,
2026-09-18 14:26:35,23352.5,2026-09-22,23000.0,PE,13.25,13.2,13.25,1470398,192027,43524,12.11
2026-09-18 14:26:35,23352.5,2026-09-22,23050.0,CE,324.55,323.15,323.95,28358,3353,619,
2026-09-18 14:26:35,23352.5,2026-09-22,23050.0,PE,16.85,16.75,16.85,775795,80848,32571,11.71
2026-09-18 14:26:35,23352.5,2026-09-22,23100.0,CE,278.6,278.95,279.7,166664,14479,1821,
2026-09-18 14:26:35,23352.5,2026-09-22,23100.0,PE,22.15,22.15,22.25,1446777,126640,44155,11.41
2026-09-18 14:26:35,23352.5,2026-09-22,23150.0,CE,236.55,236.5,237.15,184694,11871,4057,6.29
2026-09-18 14:26:35,23352.5,2026-09-22,23150.0,PE,29.45,29.35,29.45,1094474,90666,44192,11.16
2026-09-18 14:26:35,23352.5,2026-09-22,23200.0,CE,196.2,196.1,196.65,1051330,63721,12537,7.35
2026-09-18 14:26:35,23352.5,2026-09-22,23200.0,PE,39.15,39.0,39.15,2602454,236538,102707,10.94
2026-09-18 14:26:35,23352.5,2026-09-22,23250.0,CE,158.55,158.6,158.95,1226803,55325,7873,7.74
2026-09-18 14:26:35,23352.5,2026-09-22,23250.0,PE,51.95,51.8,51.95,2179242,179443,107640,10.79
2026-09-18 14:26:35,23352.5,2026-09-22,23300.0,CE,125.45,125.45,125.75,4617469,210402,108794,7.98
2026-09-18 14:26:35,23352.5,2026-09-22,23300.0,PE,68.6,68.45,68.65,5521695,383418,278910,10.77
2026-09-18 14:26:35,23352.5,2026-09-22,23350.0,CE,96.2,96.2,96.35,4027940,192003,138438,8.12
2026-09-18 14:26:35,23352.5,2026-09-22,23350.0,PE,89.55,89.35,89.55,2801641,170897,146502,10.75
2026-09-18 14:26:35,23352.5,2026-09-22,23400.0,CE,71.35,71.35,71.55,3295719,245214,144858,8.15
2026-09-18 14:26:35,23352.5,2026-09-22,23400.0,PE,115.05,114.8,115.05,1733058,126214,80370,10.89
2026-09-18 14:26:35,23352.5,2026-09-22,23450.0,CE,51.2,51.25,51.35,1809084,135703,82207,8.2
2026-09-18 14:26:35,23352.5,2026-09-22,23450.0,PE,145.2,144.45,144.85,474907,26891,17454,11.04
2026-09-18 14:26:35,23352.5,2026-09-22,23500.0,CE,35.95,35.9,35.95,2434278,211558,73343,8.31
2026-09-18 14:26:35,23352.5,2026-09-22,23500.0,PE,179.75,179.15,179.55,505663,51029,16391,11.34
2026-09-18 14:26:35,23352.5,2026-09-22,23550.0,CE,24.35,24.3,24.45,1195706,84906,34858,8.38
2026-09-18 14:26:35,23352.5,2026-09-22,23550.0,PE,217.5,217.1,217.8,85867,8239,3895,11.71
2026-09-18 14:26:35,23352.5,2026-09-22,23600.0,CE,16.2,16.15,16.2,1406988,147437,44860,8.49
2026-09-18 14:26:35,23352.5,2026-09-22,23600.0,PE,260.0,259.45,260.0,89349,16309,4769,12.33
2026-09-18 14:26:35,23352.5,2026-09-22,23650.0,CE,10.85,10.85,10.9,784522,66398,19058,8.67
2026-09-18 14:26:35,23352.5,2026-09-22,23650.0,PE,303.65,303.15,304.15,15493,3713,215,13.0
2026-09-18 14:26:35,23352.5,2026-09-22,23700.0,CE,7.4,7.35,7.4,852292,149419,33092,8.91
2026-09-18 14:26:35,23352.5,2026-09-22,23700.0,PE,350.15,350.0,350.8,18863,9343,-1552,13.96
2026-09-18 14:26:35,23352.5,2026-09-22,23750.0,CE,5.1,5.1,5.15,428168,77176,18686,9.21
2026-09-18 14:26:35,23352.5,2026-09-22,23750.0,PE,396.85,397.6,398.85,2455,1592,-78,15.07
2026-09-18 14:26:35,23352.5,2026-09-22,23800.0,CE,3.8,3.8,3.85,589412,155085,26349,9.63
2026-09-18 14:26:35,23352.5,2026-09-22,23800.0,PE,446.05,445.5,447.05,5293,7253,-199,16.35
2026-09-18 14:26:35,23352.5,2026-09-22,23850.0,CE,3.1,3.1,3.15,237515,53498,10147,10.19
2026-09-18 14:26:35,23352.5,2026-09-22,23850.0,PE,492.85,494.6,496.3,554,1073,6,17.64
2026-09-18 14:27:35,23353.2,2026-09-22,22850.0,CE,511.55,509.9,511.75,1091,833,-53,
2026-09-18 14:27:35,23353.2,2026-09-22,22850.0,PE,7.05,6.95,7.05,391212,41821,14105,13.47
2026-09-18 14:27:35,23353.2,2026-09-22,22900.0,CE,461.85,461.55,463.1,7052,2235,309,
2026-09-18 14:27:35,23353.2,2026-09-22,22900.0,PE,8.5,8.5,8.55,639422,71169,15905,12.98
2026-09-18 14:27:35,23353.2,2026-09-22,22950.0,CE,414.85,413.85,415.15,5315,1235,151,
2026-09-18 14:27:35,23353.2,2026-09-22,22950.0,PE,10.5,10.5,10.6,558499,48093,11005,12.52
2026-09-18 14:27:35,23353.2,2026-09-22,23000.0,CE,366.4,366.05,366.9,92788,12664,-1276,
2026-09-18 14:27:35,23353.2,2026-09-22,23000.0,PE,13.45,13.45,13.5,1477204,193501,44998,12.11
2026-09-18 14:27:35,23353.2,2026-09-22,23050.0,CE,320.15,320.3,321.25,28426,3338,604,
2026-09-18 14:27:35,23353.2,2026-09-22,23050.0,PE,17.1,17.05,17.15,777623,80871,32594,11.71
2026-09-18 14:27:35,23353.2,2026-09-22,23100.0,CE,275.6,275.8,276.55,167197,14384,1726,
2026-09-18 14:27:35,23353.2,2026-09-22,23100.0,PE,22.65,22.6,22.65,1450634,126086,43601,11.41
2026-09-18 14:27:35,23353.2,2026-09-22,23150.0,CE,234.6,233.65,234.25,185337,11609,3795,6.29
2026-09-18 14:27:35,23353.2,2026-09-22,23150.0,PE,29.95,29.95,30.0,1097635,91137,44663,11.16
2026-09-18 14:27:35,23353.2,2026-09-22,23200.0,CE,194.0,194.0,194.15,1054666,62839,11655,7.35
2026-09-18 14:27:35,23353.2,2026-09-22,23200.0,PE,39.75,39.8,39.9,2611071,238344,104513,10.94
2026-09-18 14:27:35,23353.2,2026-09-22,23250.0,CE,157.05,156.65,157.0,1230646,54447,6995,7.74
2026-09-18 14:27:35,23353.2,2026-09-22,23250.0,PE,52.7,52.6,52.7,2185294,180084,108281,10.79
2026-09-18 14:27:35,23353.2,2026-09-22,23300.0,CE,123.2,123.15,123.5,4634809,207767,106159,7.98
2026-09-18 14:27:35,23353.2,2026-09-22,23300.0,PE,69.8,69.7,69.8,5540032,383560,279052,10.77
2026-09-18 14:27:35,23353.2,2026-09-22,23350.0,CE,94.55,94.4,94.65,4048273,191501,137936,8.12
2026-09-18 14:27:35,23353.2,2026-09-22,23350.0,PE,90.9,90.65,90.85,2820279,174441,150046,10.75
2026-09-18 14:27:35,23353.2,2026-09-22,23400.0,CE,70.0,70.05,70.15,3316415,245340,144984,8.15
2026-09-18 14:27:35,23353.2,2026-09-22,23400.0,PE,116.85,116.55,116.85,1745737,129780,83936,10.89
2026-09-18 14:27:35,23353.2,2026-09-22,23450.0,CE,50.1,50.0,50.1,1819045,136737,83241,8.2
2026-09-18 14:27:35,23353.2,2026-09-22,23450.0,PE,147.1,146.8,147.15,477110,27354,17917,11.04
2026-09-18 14:27:35,23353.2,2026-09-22,23500.0,CE,35.1,35.05,35.15,2447282,213453,75238,8.31
2026-09-18 14:27:35,23353.2,2026-09-22,23500.0,PE,181.85,181.55,181.95,508572,51679,17041,11.34
2026-09-18 14:27:35,23353.2,2026-09-22,23550.0,CE,23.8,23.8,23.85,1202969,84285,34237,8.38
2026-09-18 14:27:35,23353.2,2026-09-22,23550.0,PE,220.4,220.0,220.5,86358,8290,3946,11.71
2026-09-18 14:27:35,23353.2,2026-09-22,23600.0,CE,15.95,15.85,15.95,1414362,146771,44194,8.49
2026-09-18 14:27:35,23353.2,2026-09-22,23600.0,PE,262.4,262.1,262.8,90639,16848,5308,12.33
2026-09-18 14:27:35,23353.2,2026-09-22,23650.0,CE,10.6,10.55,10.65,790354,66614,19274,8.67
2026-09-18 14:27:35,23353.2,2026-09-22,23650.0,PE,307.3,306.55,307.35,15561,3714,216,13.0
2026-09-18 14:27:35,23353.2,2026-09-22,23700.0,CE,7.2,7.2,7.25,858335,148321,31994,8.91
2026-09-18 14:27:35,23353.2,2026-09-22,23700.0,PE,353.1,353.0,354.05,18929,9364,-1531,13.96
2026-09-18 14:27:35,23353.2,2026-09-22,23750.0,CE,5.05,5.0,5.05,431068,76475,17985,9.21
2026-09-18 14:27:35,23353.2,2026-09-22,23750.0,PE,400.45,400.25,401.75,2467,1589,-81,15.07
2026-09-18 14:27:35,23353.2,2026-09-22,23800.0,CE,3.8,3.75,3.8,592332,155318,26582,9.63
2026-09-18 14:27:35,23353.2,2026-09-22,23800.0,PE,449.2,448.65,450.25,5328,7294,-158,16.35
2026-09-18 14:27:35,23353.2,2026-09-22,23850.0,CE,3.15,3.1,3.15,238887,53409,10058,10.19
2026-09-18 14:27:35,23353.2,2026-09-22,23850.0,PE,498.05,498.05,499.7,556,1073,6,17.64
2026-09-18 14:28:35,23359.3,2026-09-22,22850.0,CE,515.0,517.0,519.85,1092,831,-55,
2026-09-18 14:28:35,23359.3,2026-09-22,22850.0,PE,6.8,6.8,6.9,391497,41878,14162,13.47
2026-09-18 14:28:35,23359.3,2026-09-22,22900.0,CE,467.65,468.05,469.0,7059,2237,311,
2026-09-18 14:28:35,23359.3,2026-09-22,22900.0,PE,8.35,8.3,8.35,641801,71169,15905,12.98
2026-09-18 14:28:35,23359.3,2026-09-22,22950.0,CE,418.35,420.35,421.65,5325,1239,155,
2026-09-18 14:28:35,23359.3,2026-09-22,22950.0,PE,10.3,10.2,10.3,559041,47928,10840,12.52
2026-09-18 14:28:35,23359.3,2026-09-22,23000.0,CE,374.2,373.05,373.95,93042,12652,-1288,
2026-09-18 14:28:35,23359.3,2026-09-22,23000.0,PE,13.0,13.0,13.05,1482072,193443,44940,12.11
2026-09-18 14:28:35,23359.3,2026-09-22,23050.0,CE,327.25,327.0,327.85,28448,3334,600,
2026-09-18 14:28:35,23359.3,2026-09-22,23050.0,PE,16.5,16.45,16.55,779453,80841,32564,11.71
2026-09-18 14:28:35,23359.3,2026-09-22,23100.0,CE,283.2,282.5,283.25,167455,14338,1680,
2026-09-18 14:28:35,23359.3,2026-09-22,23100.0,PE,21.7,21.7,21.75,1454015,126425,43940,11.41
2026-09-18 14:28:35,23359.3,2026-09-22,23150.0,CE,240.0,239.9,240.0,185650,11531,3717,6.29
2026-09-18 14:28:35,23359.3,2026-09-22,23150.0,PE,28.7,28.7,28.75,1100676,91323,44849,11.16
2026-09-18 14:28:35,23359.3,2026-09-22,23200.0,CE,199.55,199.05,199.6,1056598,62839,11655,7.35
2026-09-18 14:28:35,23359.3,2026-09-22,23200.0,PE,38.25,38.3,38.4,2617301,238344,104513,10.94
2026-09-18 14:28:35,23359.3,2026-09-22,23250.0,CE,161.6,161.6,161.95,1233476,54652,7200,7.74
2026-09-18 14:28:35,23359.3,2026-09-22,23250.0,PE,50.6,50.6,50.75,2189989,180027,108224,10.79
2026-09-18 14:28:35,23359.3,2026-09-22,23300.0,CE,128.1,127.8,128.15,4644564,207072,105464,7.98
2026-09-18 14:28:35,23359.3,2026-09-22,23300.0,PE,67.2,67.2,67.4,5550187,384291,279783,10.77
2026-09-18 14:28:35,23359.3,2026-09-22,23350.0,CE,98.4,98.4,98.6,4061328,191208,137643,8.12
2026-09-18 14:28:35,23359.3,2026-09-22,23350.0,PE,87.35,87.4,87.6,2832507,176145,151750,10.75
2026-09-18 14:28:35,23359.3,2026-09-22,23400.0,CE,73.3,73.3,73.5,3327812,244932,144576,8.15
2026-09-18 14:28:35,23359.3,2026-09-22,23400.0,PE,112.65,112.65,112.9,1753120,131350,85506,10.89
2026-09-18 14:28:35,23359.3,2026-09-22,23450.0,CE,52.9,52.8,52.9,1824980,135379,81883,8.2
2026-09-18 14:28:35,23359.3,2026-09-22,23450.0,PE,142.0,142.0,142.3,479134,27677,18240,11.04
2026-09-18 14:28:35,23359.3,2026-09-22,23500.0,CE,37.15,37.15,37.3,2454136,211737,73522,8.31
2026-09-18 14:28:35,23359.3,2026-09-22,23500.0,PE,176.15,176.2,176.6,509995,51781,17143,11.34
2026-09-18 14:28:35,23359.3,2026-09-22,23550.0,CE,25.25,25.3,25.35,1206320,84285,34237,8.38
2026-09-18 14:28:35,23359.3,2026-09-22,23550.0,PE,215.0,214.75,215.0,86693,8290,3946,11.71
2026-09-18 14:28:35,23359.3,2026-09-22,23600.0,CE,17.0,16.95,17.0,1418229,146922,44345,8.49
2026-09-18 14:28:35,23359.3,2026-09-22,23600.0,PE,256.25,256.25,256.75,90857,16829,5289,12.33
2026-09-18 14:28:35,23359.3,2026-09-22,23650.0,CE,11.35,11.35,11.4,793179,65972,18632,8.67
2026-09-18 14:28:35,23359.3,2026-09-22,23650.0,PE,301.05,300.3,301.05,15612,3716,218,13.0
2026-09-18 14:28:35,23359.3,2026-09-22,23700.0,CE,7.7,7.7,7.75,860225,148608,32281,8.91
2026-09-18 14:28:35,23359.3,2026-09-22,23700.0,PE,347.0,347.0,347.25,18950,9357,-1538,13.96
2026-09-18 14:28:35,23359.3,2026-09-22,23750.0,CE,5.3,5.3,5.35,433092,76365,17875,9.21
2026-09-18 14:28:35,23359.3,2026-09-22,23750.0,PE,395.8,393.6,394.95,2470,1587,-83,15.07
2026-09-18 14:28:35,23359.3,2026-09-22,23800.0,CE,3.95,3.9,3.95,594565,154821,26085,9.63
2026-09-18 14:28:35,23359.3,2026-09-22,23800.0,PE,444.0,441.85,443.25,5343,7296,-156,16.35
2026-09-18 14:28:35,23359.3,2026-09-22,23850.0,CE,3.15,3.15,3.2,239922,52911,9560,10.19
2026-09-18 14:28:35,23359.3,2026-09-22,23850.0,PE,498.05,492.0,493.1,556,1073,6,17.64
2026-09-18 14:29:35,23362.4,2026-09-22,22850.0,CE,515.0,516.75,518.7,1092,831,-55,
2026-09-18 14:29:35,23362.4,2026-09-22,22850.0,PE,6.95,6.9,6.95,391840,41878,14162,13.47
2026-09-18 14:29:35,23362.4,2026-09-22,22900.0,CE,468.4,468.45,469.85,7067,2238,312,
2026-09-18 14:29:35,23362.4,2026-09-22,22900.0,PE,8.35,8.35,8.45,644011,70785,15521,12.98
2026-09-18 14:29:35,23362.4,2026-09-22,22950.0,CE,420.05,420.75,421.9,5336,1241,157,
2026-09-18 14:29:35,23362.4,2026-09-22,22950.0,PE,10.3,10.3,10.35,560951,47973,10885,12.52
2026-09-18 14:29:35,23362.4,2026-09-22,23000.0,CE,374.35,373.4,374.35,93525,12617,-1323,
2026-09-18 14:29:35,23362.4,2026-09-22,23000.0,PE,13.1,13.1,13.2,1486412,193981,45478,12.11
2026-09-18 14:29:35,23362.4,2026-09-22,23050.0,CE,327.95,327.35,328.25,28532,3332,598,
2026-09-18 14:29:35,23362.4,2026-09-22,23050.0,PE,16.6,16.55,16.6,781091,81327,33050,11.71
2026-09-18 14:29:35,23362.4,2026-09-22,23100.0,CE,283.3,282.55,283.25,167774,14338,1680,
2026-09-18 14:29:35,23362.4,2026-09-22,23100.0,PE,21.9,21.9,22.0,1458260,126425,43940,11.41
2026-09-18 14:29:35,23362.4,2026-09-22,23150.0,CE,240.6,240.2,240.55,186025,11531,3717,6.29
2026-09-18 14:29:35,23362.4,2026-09-22,23150.0,PE,28.95,28.95,29.05,1103729,91323,44849,11.16
2026-09-18 14:29:35,23362.4,2026-09-22,23200.0,CE,199.55,199.6,199.85,1058880,62558,11374,7.35
2026-09-18 14:29:35,23362.4,2026-09-22,23200.0,PE,38.4,38.4,38.5,2624888,238562,104731,10.94
2026-09-18 14:29:35,23362.4,2026-09-22,23250.0,CE,162.5,162.1,162.5,1236484,54348,6896,7.74
2026-09-18 14:29:35,23362.4,2026-09-22,23250.0,PE,50.65,50.65,50.75,2194336,180150,108347,10.79
2026-09-18 14:29:35,23362.4,2026-09-22,23300.0,CE,128.1,128.05,128.35,4657358,205894,104286,7.98
2026-09-18 14:29:35,23362.4,2026-09-22,23300.0,PE,67.55,67.4,67.55,5564945,385150,280642,10.77
2026-09-18 14:29:35,23362.4,2026-09-22,23350.0,CE,98.9,98.7,98.95,4075815,189580,136015,8.12
2026-09-18 14:29:35,23362.4,2026-09-22,23350.0,PE,87.95,87.75,87.9,2842248,177478,153083,10.75
2026-09-18 14:29:35,23362.4,2026-09-22,23400.0,CE,73.7,73.7,73.85,3341689,242245,141889,8.15
2026-09-18 14:29:35,23362.4,2026-09-22,23400.0,PE,112.8,112.8,112.85,1761386,131904,86060,10.89
2026-09-18 14:29:35,23362.4,2026-09-22,23450.0,CE,52.9,52.85,53.0,1830693,135379,81883,8.2
2026-09-18 14:29:35,23362.4,2026-09-22,23450.0,PE,142.6,142.5,142.8,480605,27677,18240,11.04
2026-09-18 14:29:35,23362.4,2026-09-22,23500.0,CE,37.2,37.25,37.35,2462022,211737,73522,8.31
2026-09-18 14:29:35,23362.4,2026-09-22,23500.0,PE,176.95,176.75,176.85,511741,51781,17143,11.34
2026-09-18 14:29:35,23362.4,2026-09-22,23550.0,CE,25.35,25.3,25.4,1209530,83587,33539,8.38
2026-09-18 14:29:35,23362.4,2026-09-22,23550.0,PE,214.9,214.2,214.8,86971,8364,4020,11.71
2026-09-18 14:29:35,23362.4,2026-09-22,23600.0,CE,17.0,17.0,17.05,1422531,146885,44308,8.49
2026-09-18 14:29:35,23362.4,2026-09-22,23600.0,PE,255.75,255.8,256.45,91992,16886,5346,12.33
2026-09-18 14:29:35,23362.4,2026-09-22,23650.0,CE,11.3,11.3,11.35,796499,65548,18208,8.67
2026-09-18 14:29:35,23362.4,2026-09-22,23650.0,PE,299.85,300.05,300.9,15651,3699,201,13.0
2026-09-18 14:29:35,23362.4,2026-09-22,23700.0,CE,7.7,7.7,7.75,862699,147888,31561,8.91
2026-09-18 14:29:35,23362.4,2026-09-22,23700.0,PE,346.5,346.5,347.25,19027,9362,-1533,13.96
2026-09-18 14:29:35,23362.4,2026-09-22,23750.0,CE,5.35,5.3,5.35,434797,75854,17364,9.21
2026-09-18 14:29:35,23362.4,2026-09-22,23750.0,PE,395.05,392.95,394.4,2473,1587,-83,15.07
2026-09-18 14:29:35,23362.4,2026-09-22,23800.0,CE,3.9,3.9,3.95,595903,154821,26085,9.63
2026-09-18 14:29:35,23362.4,2026-09-22,23800.0,PE,441.9,441.8,443.4,5369,7291,-161,16.35
2026-09-18 14:29:35,23362.4,2026-09-22,23850.0,CE,3.2,3.15,3.2,241228,52911,9560,10.19
2026-09-18 14:29:35,23362.4,2026-09-22,23850.0,PE,492.0,490.6,492.25,557,1073,6,17.64
2026-09-18 14:30:35,23365.9,2026-09-22,22850.0,CE,525.7,524.2,527.0,1120,831,-55,
2026-09-18 14:30:35,23365.9,2026-09-22,22850.0,PE,6.85,6.8,6.85,394086,41764,14048,13.47
2026-09-18 14:30:35,23365.9,2026-09-22,22900.0,CE,476.8,476.2,478.05,7121,2238,312,
2026-09-18 14:30:35,23365.9,2026-09-22,22900.0,PE,8.15,8.2,8.25,647293,70425,15161,12.98
2026-09-18 14:30:35,23365.9,2026-09-22,22950.0,CE,428.75,428.55,429.75,5380,1244,160,
2026-09-18 14:30:35,23365.9,2026-09-22,22950.0,PE,10.0,10.0,10.1,564652,48465,11377,12.52
2026-09-18 14:30:35,23365.9,2026-09-22,23000.0,CE,381.85,380.85,381.15,94638,12560,-1380,
2026-09-18 14:30:35,23365.9,2026-09-22,23000.0,PE,12.7,12.7,12.75,1496022,192581,44078,12.11
2026-09-18 14:30:35,23365.9,2026-09-22,23050.0,CE,334.95,334.4,335.0,28747,3290,556,
2026-09-18 14:30:35,23365.9,2026-09-22,23050.0,PE,16.1,16.05,16.1,785811,81171,32894,11.71
2026-09-18 14:30:35,23365.9,2026-09-22,23100.0,CE,289.6,289.85,290.0,169873,14420,1762,
2026-09-18 14:30:35,23365.9,2026-09-22,23100.0,PE,21.1,21.1,21.15,1469149,125590,43105,11.41
2026-09-18 14:30:35,23365.9,2026-09-22,23150.0,CE,246.95,246.75,246.95,189222,11534,3720,6.29
2026-09-18 14:30:35,23365.9,2026-09-22,23150.0,PE,28.0,27.85,27.95,1113609,90504,44030,11.16
2026-09-18 14:30:35,23365.9,2026-09-22,23200.0,CE,206.4,205.8,206.35,1069739,62465,11281,7.35
2026-09-18 14:30:35,23365.9,2026-09-22,23200.0,PE,37.1,37.0,37.1,2645135,236515,102684,10.94
2026-09-18 14:30:35,23365.9,2026-09-22,23250.0,CE,168.3,167.85,168.3,1249258,54065,6613,7.74
2026-09-18 14:30:35,23365.9,2026-09-22,23250.0,PE,48.95,48.9,48.95,2210380,179240,107437,10.79
2026-09-18 14:30:35,23365.9,2026-09-22,23300.0,CE,133.7,133.7,133.9,4705230,204764,103156,7.98
2026-09-18 14:30:35,23365.9,2026-09-22,23300.0,PE,64.95,64.75,64.95,5612553,379627,275119,10.77
2026-09-18 14:30:35,23365.9,2026-09-22,23350.0,CE,103.85,103.55,103.7,4135894,188662,135097,8.12
2026-09-18 14:30:35,23365.9,2026-09-22,23350.0,PE,84.75,84.55,84.75,2877131,176192,151797,10.75
2026-09-18 14:30:35,23365.9,2026-09-22,23400.0,CE,77.7,77.65,77.8,3396217,242714,142358,8.15
2026-09-18 14:30:35,23365.9,2026-09-22,23400.0,PE,109.45,109.2,109.45,1786407,131313,85469,10.89
2026-09-18 14:30:35,23365.9,2026-09-22,23450.0,CE,56.5,56.35,56.4,1856182,134157,80661,8.2
2026-09-18 14:30:35,23365.9,2026-09-22,23450.0,PE,137.8,137.85,138.15,486840,27778,18341,11.04
2026-09-18 14:30:35,23365.9,2026-09-22,23500.0,CE,40.0,39.95,40.05,2498864,211876,73661,8.31
2026-09-18 14:30:35,23365.9,2026-09-22,23500.0,PE,171.85,171.4,171.8,519089,51172,16534,11.34
2026-09-18 14:30:35,23365.9,2026-09-22,23550.0,CE,27.5,27.45,27.5,1231429,83470,33422,8.38
2026-09-18 14:30:35,23365.9,2026-09-22,23550.0,PE,209.3,208.55,209.2,88655,8452,4108,11.71
2026-09-18 14:30:35,23365.9,2026-09-22,23600.0,CE,18.4,18.45,18.5,1446071,146051,43474,8.49
2026-09-18 14:30:35,23365.9,2026-09-22,23600.0,PE,250.0,250.0,250.3,93255,17771,6231,12.33
2026-09-18 14:30:35,23365.9,2026-09-22,23650.0,CE,12.45,12.4,12.45,813454,65110,17770,8.67
2026-09-18 14:30:35,23365.9,2026-09-22,23650.0,PE,294.0,293.0,293.85,16052,3708,210,13.0
2026-09-18 14:30:35,23365.9,2026-09-22,23700.0,CE,8.4,8.4,8.45,880193,148166,31839,8.91
2026-09-18 14:30:35,23365.9,2026-09-22,23700.0,PE,340.6,339.35,340.35,19438,9383,-1512,13.96
2026-09-18 14:30:35,23365.9,2026-09-22,23750.0,CE,5.8,5.75,5.8,443561,76160,17670,9.21
2026-09-18 14:30:35,23365.9,2026-09-22,23750.0,PE,386.6,385.85,387.3,2522,1587,-83,15.07
2026-09-18 14:30:35,23365.9,2026-09-22,23800.0,CE,4.2,4.15,4.2,605531,154773,26037,9.63
2026-09-18 14:30:35,23365.9,2026-09-22,23800.0,PE,436.0,434.2,435.8,5448,7287,-165,16.35
2026-09-18 14:30:35,23365.9,2026-09-22,23850.0,CE,3.35,3.3,3.35,247497,52850,9499,10.19
2026-09-18 14:30:35,23365.9,2026-09-22,23850.0,PE,484.15,483.3,485.0,589,1073,6,17.64
2026-09-18 14:31:35,23368.85,2026-09-22,22850.0,CE,525.7,531.55,533.9,1120,832,-54,
2026-09-18 14:31:35,23368.85,2026-09-22,22850.0,PE,6.7,6.65,6.7,396930,41175,13459,13.27
2026-09-18 14:31:35,23368.85,2026-09-22,22900.0,CE,482.6,483.45,485.3,7166,2230,304,10.08
2026-09-18 14:31:35,23368.85,2026-09-22,22900.0,PE,8.05,8.0,8.05,651880,69458,14194,12.75
2026-09-18 14:31:35,23368.85,2026-09-22,22950.0,CE,435.6,434.95,436.3,5411,1259,175,10.07
2026-09-18 14:31:35,23368.85,2026-09-22,22950.0,PE,9.8,9.75,9.85,567595,47816,10728,12.23
2026-09-18 14:31:35,23368.85,2026-09-22,23000.0,CE,388.0,387.95,388.85,95866,12583,-1357,10.12
2026-09-18 14:31:35,23368.85,2026-09-22,23000.0,PE,12.35,12.35,12.4,1507798,191137,42634,11.79
2026-09-18 14:31:35,23368.85,2026-09-22,23050.0,CE,340.9,340.85,341.75,28953,3214,480,9.8
2026-09-18 14:31:35,23368.85,2026-09-22,23050.0,PE,15.55,15.5,15.55,790564,81081,32804,11.34
2026-09-18 14:31:35,23368.85,2026-09-22,23100.0,CE,295.6,295.95,296.6,171542,13525,867,9.55
2026-09-18 14:31:35,23368.85,2026-09-22,23100.0,PE,20.5,20.4,20.45,1478595,124810,42325,11.0
2026-09-18 14:31:35,23368.85,2026-09-22,23150.0,CE,252.9,252.4,252.9,190818,10159,2345,9.54
2026-09-18 14:31:35,23368.85,2026-09-22,23150.0,PE,27.0,26.9,27.05,1122306,88914,42440,10.71
2026-09-18 14:31:35,23368.85,2026-09-22,23200.0,CE,211.5,210.95,211.45,1079112,58696,7512,9.48
2026-09-18 14:31:35,23368.85,2026-09-22,23200.0,PE,35.75,35.7,35.8,2666813,231330,97499,10.46
2026-09-18 14:31:35,23368.85,2026-09-22,23250.0,CE,173.55,173.75,174.1,1260450,53177,5725,9.39
2026-09-18 14:31:35,23368.85,2026-09-22,23250.0,PE,47.05,47.0,47.1,2225135,178590,106787,10.19
2026-09-18 14:31:35,23368.85,2026-09-22,23300.0,CE,137.7,137.7,138.05,4749865,198885,97277,9.28
2026-09-18 14:31:35,23368.85,2026-09-22,23300.0,PE,62.4,62.4,62.6,5654931,371805,267297,10.07
2026-09-18 14:31:35,23368.85,2026-09-22,23350.0,CE,108.1,108.1,108.4,4191916,180277,126712,9.26
2026-09-18 14:31:35,23368.85,2026-09-22,23350.0,PE,81.5,81.5,81.6,2908305,172446,148051,9.95
2026-09-18 14:31:35,23368.85,2026-09-22,23400.0,CE,81.2,81.2,81.4,3455905,237380,137024,9.15
2026-09-18 14:31:35,23368.85,2026-09-22,23400.0,PE,105.85,105.6,105.85,1805998,128630,82786,9.89
2026-09-18 14:31:35,23368.85,2026-09-22,23450.0,CE,59.25,59.15,59.25,1886725,129797,76301,9.03
2026-09-18 14:31:35,23368.85,2026-09-22,23450.0,PE,134.0,133.85,134.2,492460,28617,19180,9.91
2026-09-18 14:31:35,23368.85,2026-09-22,23500.0,CE,42.1,42.05,42.2,2543218,202903,64688,9.02
2026-09-18 14:31:35,23368.85,2026-09-22,23500.0,PE,167.3,167.0,167.3,524748,51018,16380,9.93
2026-09-18 14:31:35,23368.85,2026-09-22,23550.0,CE,29.15,29.1,29.25,1251221,77297,27249,9.03
2026-09-18 14:31:35,23368.85,2026-09-22,23550.0,PE,204.25,203.75,204.0,89944,8639,4295,10.05
2026-09-18 14:31:35,23368.85,2026-09-22,23600.0,CE,20.0,19.9,19.95,1472911,146755,44178,9.08
2026-09-18 14:31:35,23368.85,2026-09-22,23600.0,PE,244.0,244.0,244.35,94302,17682,6142,10.28
2026-09-18 14:31:35,23368.85,2026-09-22,23650.0,CE,13.4,13.35,13.4,830013,63158,15818,9.18
2026-09-18 14:31:35,23368.85,2026-09-22,23650.0,PE,288.25,287.2,288.1,16198,3681,183,10.56
2026-09-18 14:31:35,23368.85,2026-09-22,23700.0,CE,9.2,9.2,9.25,898052,146823,30496,9.36
2026-09-18 14:31:35,23368.85,2026-09-22,23700.0,PE,333.0,332.5,333.5,19706,9417,-1478,11.2
2026-09-18 14:31:35,23368.85,2026-09-22,23750.0,CE,6.2,6.2,6.25,453929,76671,18181,9.6
2026-09-18 14:31:35,23368.85,2026-09-22,23750.0,PE,381.3,379.0,380.15,2536,1590,-80,11.78
2026-09-18 14:31:35,23368.85,2026-09-22,23800.0,CE,4.55,4.5,4.55,615398,154812,26076,9.92
2026-09-18 14:31:35,23368.85,2026-09-22,23800.0,PE,427.35,427.7,429.35,5572,7279,-173,12.47
2026-09-18 14:31:35,23368.85,2026-09-22,23850.0,CE,3.6,3.55,3.6,255354,53184,9833,10.4
2026-09-18 14:31:35,23368.85,2026-09-22,23850.0,PE,477.7,476.65,478.65,596,1066,-1,13.77
2026-09-18 14:32:35,23367.7,2026-09-22,22850.0,CE,532.3,528.25,530.75,1121,809,-77,
2026-09-18 14:32:35,23367.7,2026-09-22,22850.0,PE,6.7,6.65,6.7,398059,40212,12496,13.27
2026-09-18 14:32:35,23367.7,2026-09-22,22900.0,CE,482.3,479.65,481.45,7172,2205,279,10.08
2026-09-18 14:32:35,23367.7,2026-09-22,22900.0,PE,8.05,8.0,8.05,652984,68928,13664,12.75
2026-09-18 14:32:35,23367.7,2026-09-22,22950.0,CE,434.65,431.65,432.9,5427,1253,169,10.07
2026-09-18 14:32:35,23367.7,2026-09-22,22950.0,PE,9.8,9.8,9.85,568835,46929,9841,12.23
2026-09-18 14:32:35,23367.7,2026-09-22,23000.0,CE,385.15,384.45,385.45,96188,12755,-1185,10.12
2026-09-18 14:32:35,23367.7,2026-09-22,23000.0,PE,12.45,12.45,12.5,1511505,189229,40726,11.79
2026-09-18 14:32:35,23367.7,2026-09-22,23050.0,CE,338.0,337.7,338.7,29008,3202,468,9.8
2026-09-18 14:32:35,23367.7,2026-09-22,23050.0,PE,15.6,15.6,15.7,792845,80203,31926,11.34
2026-09-18 14:32:35,23367.7,2026-09-22,23100.0,CE,293.35,292.55,293.4,171853,13472,814,9.55
2026-09-18 14:32:35,23367.7,2026-09-22,23100.0,PE,20.55,20.6,20.65,1483240,124602,42117,11.0
2026-09-18 14:32:35,23367.7,2026-09-22,23150.0,CE,250.1,249.5,250.2,191348,10073,2259,9.54
2026-09-18 14:32:35,23367.7,2026-09-22,23150.0,PE,27.25,27.15,27.25,1125104,89057,42583,10.71
2026-09-18 14:32:35,23367.7,2026-09-22,23200.0,CE,208.1,208.2,208.7,1081755,58238,7054,9.48
2026-09-18 14:32:35,23367.7,2026-09-22,23200.0,PE,36.2,36.1,36.2,2675126,230438,96607,10.46
2026-09-18 14:32:35,23367.7,2026-09-22,23250.0,CE,170.7,170.4,170.8,1264876,50744,3292,9.39
2026-09-18 14:32:35,23367.7,2026-09-22,23250.0,PE,47.65,47.6,47.65,2229127,178476,106673,10.19
2026-09-18 14:32:35,23367.7,2026-09-22,23300.0,CE,135.45,135.45,135.75,4766097,190551,88943,9.28
2026-09-18 14:32:35,23367.7,2026-09-22,23300.0,PE,63.25,63.25,63.35,5668958,368727,264219,10.07
2026-09-18 14:32:35,23367.7,2026-09-22,23350.0,CE,105.3,105.3,105.6,4211451,172518,118953,9.26
2026-09-18 14:32:35,23367.7,2026-09-22,23350.0,PE,82.55,82.55,82.8,2919093,175454,151059,9.95
2026-09-18 14:32:35,23367.7,2026-09-22,23400.0,CE,79.15,78.9,79.15,3477353,231801,131445,9.15
2026-09-18 14:32:35,23367.7,2026-09-22,23400.0,PE,106.95,106.75,107.0,1814406,133516,87672,9.89
2026-09-18 14:32:35,23367.7,2026-09-22,23450.0,CE,57.5,57.35,57.5,1898658,129590,76094,9.03
2026-09-18 14:32:35,23367.7,2026-09-22,23450.0,PE,135.75,135.4,135.75,493873,29227,19790,9.91
2026-09-18 14:32:35,23367.7,2026-09-22,23500.0,CE,40.65,40.65,40.75,2559153,201231,63016,9.02
2026-09-18 14:32:35,23367.7,2026-09-22,23500.0,PE,168.9,168.75,168.95,526472,51828,17190,9.93
2026-09-18 14:32:35,23367.7,2026-09-22,23550.0,CE,27.95,27.95,28.0,1260608,76309,26261,9.03
2026-09-18 14:32:35,23367.7,2026-09-22,23550.0,PE,205.55,205.55,206.15,90299,8845,4501,10.05
2026-09-18 14:32:35,23367.7,2026-09-22,23600.0,CE,18.8,18.85,18.9,1483866,144505,41928,9.08
2026-09-18 14:32:35,23367.7,2026-09-22,23600.0,PE,247.35,246.7,247.25,94632,18130,6590,10.28
2026-09-18 14:32:35,23367.7,2026-09-22,23650.0,CE,12.7,12.7,12.75,837365,62605,15265,9.18
2026-09-18 14:32:35,23367.7,2026-09-22,23650.0,PE,291.05,289.9,290.6,16247,3788,290,10.56
2026-09-18 14:32:35,23367.7,2026-09-22,23700.0,CE,8.6,8.6,8.65,910565,145590,29263,9.36
2026-09-18 14:32:35,23367.7,2026-09-22,23700.0,PE,335.95,335.55,336.4,19778,9542,-1353,11.2
2026-09-18 14:32:35,23367.7,2026-09-22,23750.0,CE,5.9,5.9,5.95,458206,77759,19269,9.6
2026-09-18 14:32:35,23367.7,2026-09-22,23750.0,PE,382.65,382.25,383.5,2547,1592,-78,11.78
2026-09-18 14:32:35,23367.7,2026-09-22,23800.0,CE,4.3,4.3,4.35,620119,155741,27005,9.92
2026-09-18 14:32:35,23367.7,2026-09-22,23800.0,PE,430.75,430.9,432.5,5590,7297,-155,12.47
2026-09-18 14:32:35,23367.7,2026-09-22,23850.0,CE,3.45,3.4,3.5,258752,53110,9759,10.4
2026-09-18 14:32:35,23367.7,2026-09-22,23850.0,PE,477.4,479.45,481.3,599,1063,-4,13.77
2026-09-18 14:33:36,23373.75,2026-09-22,22850.0,CE,530.75,530.8,533.45,1125,809,-77,
2026-09-18 14:33:36,23373.75,2026-09-22,22850.0,PE,6.7,6.7,6.75,401040,40310,12594,13.27
2026-09-18 14:33:36,23373.75,2026-09-22,22900.0,CE,483.4,483.2,485.1,7205,2203,277,10.08
2026-09-18 14:33:36,23373.75,2026-09-22,22900.0,PE,8.05,8.05,8.1,655753,68752,13488,12.75
2026-09-18 14:33:36,23373.75,2026-09-22,22950.0,CE,435.5,435.15,436.45,5438,1257,173,10.07
2026-09-18 14:33:36,23373.75,2026-09-22,22950.0,PE,9.85,9.8,9.9,573809,45573,8485,12.23
2026-09-18 14:33:36,23373.75,2026-09-22,23000.0,CE,388.85,387.4,388.4,96835,12794,-1146,10.12
2026-09-18 14:33:36,23373.75,2026-09-22,23000.0,PE,12.35,12.35,12.45,1519964,188949,40446,11.79
2026-09-18 14:33:36,23373.75,2026-09-22,23050.0,CE,342.3,341.15,341.95,29120,3226,492,9.8
2026-09-18 14:33:36,23373.75,2026-09-22,23050.0,PE,15.6,15.6,15.65,797336,80693,32416,11.34
2026-09-18 14:33:36,23373.75,2026-09-22,23100.0,CE,295.75,295.85,296.65,172698,13430,772,9.55
2026-09-18 14:33:36,23373.75,2026-09-22,23100.0,PE,20.45,20.45,20.5,1490736,124742,42257,11.0
2026-09-18 14:33:36,23373.75,2026-09-22,23150.0,CE,253.1,252.8,253.45,192183,9927,2113,9.54
2026-09-18 14:33:36,23373.75,2026-09-22,23150.0,PE,26.95,26.9,26.95,1131246,88506,42032,10.71
2026-09-18 14:33:36,23373.75,2026-09-22,23200.0,CE,211.5,211.5,211.9,1087413,57807,6623,9.48
2026-09-18 14:33:36,23373.75,2026-09-22,23200.0,PE,35.5,35.45,35.5,2689115,230950,97119,10.46
2026-09-18 14:33:36,23373.75,2026-09-22,23250.0,CE,173.0,173.0,173.4,1271725,50111,2659,9.39
2026-09-18 14:33:36,23373.75,2026-09-22,23250.0,PE,46.75,46.75,46.9,2240859,178890,107087,10.19
2026-09-18 14:33:36,23373.75,2026-09-22,23300.0,CE,137.95,137.7,137.95,4794828,187782,86174,9.28
2026-09-18 14:33:36,23373.75,2026-09-22,23300.0,PE,62.2,62.2,62.3,5695654,369426,264918,10.07
2026-09-18 14:33:36,23373.75,2026-09-22,23350.0,CE,107.3,107.05,107.3,4248854,169397,115832,9.26
2026-09-18 14:33:36,23373.75,2026-09-22,23350.0,PE,81.5,81.3,81.5,2939298,178385,153990,9.95
2026-09-18 14:33:36,23373.75,2026-09-22,23400.0,CE,80.9,80.65,80.9,3524633,229692,129336,9.15
2026-09-18 14:33:36,23373.75,2026-09-22,23400.0,PE,105.35,105.15,105.4,1831872,137321,91477,9.89
2026-09-18 14:33:36,23373.75,2026-09-22,23450.0,CE,58.6,58.6,58.75,1923963,129452,75956,9.03
2026-09-18 14:33:36,23373.75,2026-09-22,23450.0,PE,133.55,133.25,133.5,498347,29781,20344,9.91
2026-09-18 14:33:36,23373.75,2026-09-22,23500.0,CE,41.6,41.45,41.6,2594933,199502,61287,9.02
2026-09-18 14:33:36,23373.75,2026-09-22,23500.0,PE,166.1,166.05,166.4,530787,52092,17454,9.93
2026-09-18 14:33:36,23373.75,2026-09-22,23550.0,CE,28.6,28.6,28.7,1276990,75014,24966,9.03
2026-09-18 14:33:36,23373.75,2026-09-22,23550.0,PE,202.75,202.35,202.9,91227,9057,4713,10.05
2026-09-18 14:33:36,23373.75,2026-09-22,23600.0,CE,19.05,19.1,19.15,1507118,144447,41870,9.08
2026-09-18 14:33:36,23373.75,2026-09-22,23600.0,PE,244.0,243.35,243.85,95507,18278,6738,10.28
2026-09-18 14:33:36,23373.75,2026-09-22,23650.0,CE,12.7,12.7,12.75,848434,61929,14589,9.18
2026-09-18 14:33:36,23373.75,2026-09-22,23650.0,PE,287.95,286.7,287.55,16396,3756,258,10.56
2026-09-18 14:33:36,23373.75,2026-09-22,23700.0,CE,8.6,8.55,8.6,923155,145020,28693,9.36
2026-09-18 14:33:36,23373.75,2026-09-22,23700.0,PE,333.05,333.0,333.45,19965,9555,-1340,11.2
2026-09-18 14:33:36,23373.75,2026-09-22,23750.0,CE,5.85,5.8,5.85,464096,77986,19496,9.6
2026-09-18 14:33:36,23373.75,2026-09-22,23750.0,PE,378.55,379.1,380.35,2561,1583,-87,11.78
2026-09-18 14:33:36,23373.75,2026-09-22,23800.0,CE,4.15,4.15,4.2,633235,156085,27349,9.92
2026-09-18 14:33:36,23373.75,2026-09-22,23800.0,PE,427.25,427.25,428.9,5634,7301,-151,12.47
2026-09-18 14:33:36,23373.75,2026-09-22,23850.0,CE,3.35,3.3,3.35,268373,53243,9892,10.4
2026-09-18 14:33:36,23373.75,2026-09-22,23850.0,PE,476.2,475.85,477.65,616,1062,-5,13.77
2026-09-18 14:34:36,23369.75,2026-09-22,22850.0,CE,539.0,539.15,542.2,1126,809,-77,
2026-09-18 14:34:36,23369.75,2026-09-22,22850.0,PE,6.7,6.65,6.7,402050,40310,12594,13.27
2026-09-18 14:34:36,23369.75,2026-09-22,22900.0,CE,490.1,491.0,492.8,7221,2203,277,10.08
2026-09-18 14:34:36,23369.75,2026-09-22,22900.0,PE,8.0,7.95,8.0,658018,68752,13488,12.75
2026-09-18 14:34:36,23369.75,2026-09-22,22950.0,CE,444.0,442.65,444.2,5440,1257,173,10.07
2026-09-18 14:34:36,23369.75,2026-09-22,22950.0,PE,9.65,9.65,9.7,574557,45573,8485,12.23
2026-09-18 14:34:36,23369.75,2026-09-22,23000.0,CE,395.75,394.75,395.9,97135,12794,-1146,10.12
2026-09-18 14:34:36,23369.75,2026-09-22,23000.0,PE,12.05,12.05,12.15,1524970,188949,40446,11.79
2026-09-18 14:34:36,23369.75,2026-09-22,23050.0,CE,350.55,348.1,349.05,29248,3226,492,9.8
2026-09-18 14:34:36,23369.75,2026-09-22,23050.0,PE,15.15,15.15,15.2,800447,80693,32416,11.34
2026-09-18 14:34:36,23369.75,2026-09-22,23100.0,CE,302.75,302.6,303.4,173471,13430,772,9.55
2026-09-18 14:34:36,23369.75,2026-09-22,23100.0,PE,19.8,19.8,19.85,1498887,124742,42257,11.0
2026-09-18 14:34:36,23369.75,2026-09-22,23150.0,CE,259.2,259.1,259.8,193021,9927,2113,9.54
2026-09-18 14:34:36,23369.75,2026-09-22,23150.0,PE,25.95,25.95,26.0,1134799,88506,42032,10.71
2026-09-18 14:34:36,23369.75,2026-09-22,23200.0,CE,218.45,217.9,218.5,1092229,57807,6623,9.48
2026-09-18 14:34:36,23369.75,2026-09-22,23200.0,PE,34.3,34.3,34.35,2702655,230950,97119,10.46
2026-09-18 14:34:36,23369.75,2026-09-22,23250.0,CE,179.8,179.45,179.8,1277648,50111,2659,9.39
2026-09-18 14:34:36,23369.75,2026-09-22,23250.0,PE,45.0,45.0,45.05,2248693,178890,107087,10.19
2026-09-18 14:34:36,23369.75,2026-09-22,23300.0,CE,144.3,144.25,144.55,4816527,187782,86174,9.28
2026-09-18 14:34:36,23369.75,2026-09-22,23300.0,PE,59.2,59.2,59.25,5718453,369426,264918,10.07
2026-09-18 14:34:36,23369.75,2026-09-22,23350.0,CE,112.35,112.25,112.45,4274654,169397,115832,9.26
2026-09-18 14:34:36,23369.75,2026-09-22,23350.0,PE,77.85,77.9,78.05,2959325,178385,153990,9.95
2026-09-18 14:34:36,23369.75,2026-09-22,23400.0,CE,84.6,84.6,84.8,3551821,229692,129336,9.15
2026-09-18 14:34:36,23369.75,2026-09-22,23400.0,PE,101.35,101.35,101.6,1844029,137321,91477,9.89
2026-09-18 14:34:36,23369.75,2026-09-22,23450.0,CE,61.65,61.65,61.8,1936053,129452,75956,9.03
2026-09-18 14:34:36,23369.75,2026-09-22,23450.0,PE,129.0,128.8,129.1,502055,29781,20344,9.91
2026-09-18 14:34:36,23369.75,2026-09-22,23500.0,CE,43.95,43.85,43.95,2609989,199502,61287,9.02
2026-09-18 14:34:36,23369.75,2026-09-22,23500.0,PE,160.75,160.8,161.2,534809,52092,17454,9.93
2026-09-18 14:34:36,23369.75,2026-09-22,23550.0,CE,30.4,30.35,30.45,1285171,75014,24966,9.03
2026-09-18 14:34:36,23369.75,2026-09-22,23550.0,PE,196.55,196.45,196.95,91962,9057,4713,10.05
2026-09-18 14:34:36,23369.75,2026-09-22,23600.0,CE,20.5,20.45,20.55,1515827,144447,41870,9.08
2026-09-18 14:34:36,23369.75,2026-09-22,23600.0,PE,237.0,236.9,237.55,99112,18278,6738,10.28
2026-09-18 14:34:36,23369.75,2026-09-22,23650.0,CE,13.85,13.85,13.9,855646,61929,14589,9.18
2026-09-18 14:34:36,23369.75,2026-09-22,23650.0,PE,279.0,279.7,280.7,16515,3756,258,10.56
2026-09-18 14:34:36,23369.75,2026-09-22,23700.0,CE,9.15,9.1,9.15,930067,145020,28693,9.36
2026-09-18 14:34:36,23369.75,2026-09-22,23700.0,PE,323.85,325.3,326.3,20120,9555,-1340,11.2
2026-09-18 14:34:36,23369.75,2026-09-22,23750.0,CE,6.15,6.15,6.2,468277,77986,19496,9.6
2026-09-18 14:34:36,23369.75,2026-09-22,23750.0,PE,372.05,371.2,372.4,2608,1583,-87,11.78
2026-09-18 14:34:36,23369.75,2026-09-22,23800.0,CE,4.4,4.4,4.45,637405,156085,27349,9.92
2026-09-18 14:34:36,23369.75,2026-09-22,23800.0,PE,420.0,419.4,421.05,5721,7301,-151,12.47
2026-09-18 14:34:36,23369.75,2026-09-22,23850.0,CE,3.5,3.45,3.5,271812,53243,9892,10.4
2026-09-18 14:34:36,23369.75,2026-09-22,23850.0,PE,468.75,467.9,469.95,625,1062,-5,13.77
2026-09-18 14:35:36,23368.95,2026-09-22,22850.0,CE,532.75,534.7,536.0,1127,806,-80,
2026-09-18 14:35:36,23368.95,2026-09-22,22850.0,PE,6.8,6.75,6.8,403682,40037,12321,13.27
2026-09-18 14:35:36,23368.95,2026-09-22,22900.0,CE,486.45,486.45,488.2,7247,2203,277,10.08
2026-09-18 14:35:36,23368.95,2026-09-22,22900.0,PE,8.1,8.1,8.15,661787,70340,15076,12.75
2026-09-18 14:35:36,23368.95,2026-09-22,22950.0,CE,437.2,438.1,439.45,5476,1254,170,10.07
2026-09-18 14:35:36,23368.95,2026-09-22,22950.0,PE,9.95,9.9,9.95,577796,49363,12275,12.23
2026-09-18 14:35:36,23368.95,2026-09-22,23000.0,CE,390.45,390.45,391.0,97872,12679,-1261,10.12
2026-09-18 14:35:36,23368.95,2026-09-22,23000.0,PE,12.4,12.4,12.45,1537243,188165,39662,11.79
2026-09-18 14:35:36,23368.95,2026-09-22,23050.0,CE,343.2,344.1,344.85,29357,3188,454,9.8
2026-09-18 14:35:36,23368.95,2026-09-22,23050.0,PE,15.65,15.6,15.7,803367,79303,31026,11.34
2026-09-18 14:35:36,23368.95,2026-09-22,23100.0,CE,299.5,298.75,299.5,174082,13155,497,9.55
2026-09-18 14:35:36,23368.95,2026-09-22,23100.0,PE,20.5,20.4,20.5,1504955,122954,40469,11.0
2026-09-18 14:35:36,23368.95,2026-09-22,23150.0,CE,256.0,255.4,256.1,193899,9698,1884,9.54
2026-09-18 14:35:36,23368.95,2026-09-22,23150.0,PE,26.75,26.75,26.85,1140652,86209,39735,10.71
2026-09-18 14:35:36,23368.95,2026-09-22,23200.0,CE,214.2,214.4,214.9,1096559,56199,5015,9.48
2026-09-18 14:35:36,23368.95,2026-09-22,23200.0,PE,35.35,35.3,35.35,2725941,223764,89933,10.46
2026-09-18 14:35:36,23368.95,2026-09-22,23250.0,CE,175.2,175.5,175.8,1284001,48013,561,9.39
2026-09-18 14:35:36,23368.95,2026-09-22,23250.0,PE,46.35,46.3,46.4,2258563,178113,106310,10.19
2026-09-18 14:35:36,23368.95,2026-09-22,23300.0,CE,140.3,140.3,140.7,4840587,182295,80687,9.28
2026-09-18 14:35:36,23368.95,2026-09-22,23300.0,PE,61.4,61.25,61.4,5744554,367204,262696,10.07
2026-09-18 14:35:36,23368.95,2026-09-22,23350.0,CE,109.2,109.2,109.45,4306309,163472,109907,9.26
2026-09-18 14:35:36,23368.95,2026-09-22,23350.0,PE,80.5,80.3,80.45,2976781,181152,156757,9.95
2026-09-18 14:35:36,23368.95,2026-09-22,23400.0,CE,82.35,82.35,82.55,3585106,230604,130248,9.15
2026-09-18 14:35:36,23368.95,2026-09-22,23400.0,PE,103.85,103.8,104.0,1859490,143185,97341,9.89
2026-09-18 14:35:36,23368.95,2026-09-22,23450.0,CE,60.1,59.9,60.1,1954204,127525,74029,9.03
2026-09-18 14:35:36,23368.95,2026-09-22,23450.0,PE,131.65,131.45,131.75,507486,28770,19333,9.91
2026-09-18 14:35:36,23368.95,2026-09-22,23500.0,CE,42.45,42.45,42.6,2634840,199575,61360,9.02
2026-09-18 14:35:36,23368.95,2026-09-22,23500.0,PE,164.45,164.0,164.45,542783,56329,21691,9.93
2026-09-18 14:35:36,23368.95,2026-09-22,23550.0,CE,29.3,29.3,29.35,1295881,74826,24778,9.03
2026-09-18 14:35:36,23368.95,2026-09-22,23550.0,PE,200.95,200.0,200.5,92870,9283,4939,10.05
2026-09-18 14:35:36,23368.95,2026-09-22,23600.0,CE,19.6,19.55,19.6,1529803,147927,45350,9.08
2026-09-18 14:35:36,23368.95,2026-09-22,23600.0,PE,241.0,240.6,241.0,100016,16436,4896,10.28
2026-09-18 14:35:36,23368.95,2026-09-22,23650.0,CE,13.0,13.0,13.05,865587,62108,14768,9.18
2026-09-18 14:35:36,23368.95,2026-09-22,23650.0,PE,285.25,284.25,284.75,16665,3757,259,10.56
2026-09-18 14:35:36,23368.95,2026-09-22,23700.0,CE,8.6,8.6,8.7,940185,145115,28788,9.36
2026-09-18 14:35:36,23368.95,2026-09-22,23700.0,PE,330.2,330.0,330.55,20285,9609,-1286,11.2
2026-09-18 14:35:36,23368.95,2026-09-22,23750.0,CE,5.85,5.8,5.85,472221,77826,19336,9.6
2026-09-18 14:35:36,23368.95,2026-09-22,23750.0,PE,377.45,376.7,377.3,2637,1618,-52,11.78
2026-09-18 14:35:36,23368.95,2026-09-22,23800.0,CE,4.1,4.1,4.15,642387,155419,26683,9.92
2026-09-18 14:35:36,23368.95,2026-09-22,23800.0,PE,427.15,424.35,425.95,5752,7328,-124,12.47
2026-09-18 14:35:36,23368.95,2026-09-22,23850.0,CE,3.25,3.25,3.3,275138,51647,8296,10.4
2026-09-18 14:35:36,23368.95,2026-09-22,23850.0,PE,471.9,473.0,474.6,629,1061,-6,13.77
2026-09-18 14:36:36,23370.1,2026-09-22,22850.0,CE,536.0,530.1,532.4,1129,806,-80,
2026-09-18 14:36:36,23370.1,2026-09-22,22850.0,PE,6.8,6.8,6.85,404901,39777,12061,13.27
2026-09-18 14:36:36,23370.1,2026-09-22,22900.0,CE,484.6,482.8,484.45,7261,2208,282,10.08
2026-09-18 14:36:36,23370.1,2026-09-22,22900.0,PE,8.15,8.15,8.2,665101,70621,15357,12.75
2026-09-18 14:36:36,23370.1,2026-09-22,22950.0,CE,436.0,434.05,435.25,5484,1255,171,10.07
2026-09-18 14:36:36,23370.1,2026-09-22,22950.0,PE,9.95,9.95,10.0,591440,51070,13982,12.23
2026-09-18 14:36:36,23370.1,2026-09-22,23000.0,CE,387.0,386.5,387.4,98279,12749,-1191,10.12
2026-09-18 14:36:36,23370.1,2026-09-22,23000.0,PE,12.55,12.55,12.6,1545370,188443,39940,11.79
2026-09-18 14:36:36,23370.1,2026-09-22,23050.0,CE,342.5,340.15,341.05,29416,3188,454,9.8
2026-09-18 14:36:36,23370.1,2026-09-22,23050.0,PE,15.9,15.85,15.9,807129,78565,30288,11.34
2026-09-18 14:36:36,23370.1,2026-09-22,23100.0,CE,295.65,295.9,296.7,174514,13120,462,9.55
2026-09-18 14:36:36,23370.1,2026-09-22,23100.0,PE,20.75,20.7,20.75,1510569,121949,39464,11.0
2026-09-18 14:36:36,23370.1,2026-09-22,23150.0,CE,252.95,252.2,252.9,194403,9586,1772,9.54
2026-09-18 14:36:36,23370.1,2026-09-22,23150.0,PE,27.3,27.25,27.35,1145026,86065,39591,10.71
2026-09-18 14:36:36,23370.1,2026-09-22,23200.0,CE,210.8,210.05,210.6,1101224,55650,4466,9.48
2026-09-18 14:36:36,23370.1,2026-09-22,23200.0,PE,36.2,36.05,36.2,2740780,222951,89120,10.46
2026-09-18 14:36:36,23370.1,2026-09-22,23250.0,CE,173.15,172.8,173.2,1288235,47717,265,9.39
2026-09-18 14:36:36,23370.1,2026-09-22,23250.0,PE,47.15,47.15,47.25,2267608,177531,105728,10.19
2026-09-18 14:36:36,23370.1,2026-09-22,23300.0,CE,137.15,137.1,137.5,4859847,182194,80586,9.28
2026-09-18 14:36:36,23370.1,2026-09-22,23300.0,PE,62.75,62.6,62.75,5772745,369534,265026,10.07
2026-09-18 14:36:36,23370.1,2026-09-22,23350.0,CE,106.85,106.55,106.85,4329555,162648,109083,9.26
2026-09-18 14:36:36,23370.1,2026-09-22,23350.0,PE,81.9,81.9,82.1,2992457,182804,158409,9.95
2026-09-18 14:36:36,23370.1,2026-09-22,23400.0,CE,80.4,80.25,80.45,3615954,231880,131524,9.15
2026-09-18 14:36:36,23370.1,2026-09-22,23400.0,PE,106.1,105.9,106.1,1876750,147825,101981,9.89
2026-09-18 14:36:36,23370.1,2026-09-22,23450.0,CE,58.55,58.5,58.65,1968770,127530,74034,9.03
2026-09-18 14:36:36,23370.1,2026-09-22,23450.0,PE,133.6,133.5,133.65,510470,29261,19824,9.91
2026-09-18 14:36:36,23370.1,2026-09-22,23500.0,CE,41.4,41.25,41.35,2652910,200328,62113,9.02
2026-09-18 14:36:36,23370.1,2026-09-22,23500.0,PE,166.3,166.4,166.55,545804,56316,21678,9.93
2026-09-18 14:36:36,23370.1,2026-09-22,23550.0,CE,28.0,27.95,28.05,1305329,75033,24985,9.03
2026-09-18 14:36:36,23370.1,2026-09-22,23550.0,PE,203.65,203.6,204.15,93627,9249,4905,10.05
2026-09-18 14:36:36,23370.1,2026-09-22,23600.0,CE,18.85,18.75,18.85,1543469,148777,46200,9.08
2026-09-18 14:36:36,23370.1,2026-09-22,23600.0,PE,243.2,243.5,244.0,100675,16217,4677,10.28
2026-09-18 14:36:36,23370.1,2026-09-22,23650.0,CE,12.4,12.4,12.45,872071,63111,15771,9.18
2026-09-18 14:36:36,23370.1,2026-09-22,23650.0,PE,287.35,287.6,288.4,16766,3786,288,10.56
2026-09-18 14:36:36,23370.1,2026-09-22,23700.0,CE,8.3,8.3,8.35,946399,145811,29484,9.36
2026-09-18 14:36:36,23370.1,2026-09-22,23700.0,PE,333.75,333.45,334.3,20604,9577,-1318,11.2
2026-09-18 14:36:36,23370.1,2026-09-22,23750.0,CE,5.6,5.6,5.65,475483,78034,19544,9.6
2026-09-18 14:36:36,23370.1,2026-09-22,23750.0,PE,378.15,380.0,381.3,2648,1618,-52,11.78
2026-09-18 14:36:36,23370.1,2026-09-22,23800.0,CE,4.0,4.0,4.05,645609,154932,26196,9.92
2026-09-18 14:36:36,23370.1,2026-09-22,23800.0,PE,430.0,427.55,429.2,5762,7325,-127,12.47
2026-09-18 14:36:36,23370.1,2026-09-22,23850.0,CE,3.2,3.15,3.2,277992,51500,8149,10.4
2026-09-18 14:36:36,23370.1,2026-09-22,23850.0,PE,474.35,477.45,479.4,632,1061,-6,13.77
2026-09-18 14:37:36,23369.85,2026-09-22,22850.0,CE,536.0,532.4,534.7,1129,806,-80,
2026-09-18 14:37:36,23369.85,2026-09-22,22850.0,PE,6.8,6.8,6.85,405601,39777,12061,13.27
2026-09-18 14:37:36,23369.85,2026-09-22,22900.0,CE,484.2,484.1,485.8,7262,2208,282,10.08
2026-09-18 14:37:36,23369.85,2026-09-22,22900.0,PE,8.2,8.1,8.15,665770,70621,15357,12.75
2026-09-18 14:37:36,23369.85,2026-09-22,22950.0,CE,435.75,435.7,437.1,5492,1255,171,10.07
2026-09-18 14:37:36,23369.85,2026-09-22,22950.0,PE,9.9,9.9,9.95,592196,51070,13982,12.23
2026-09-18 14:37:36,23369.85,2026-09-22,23000.0,CE,388.0,388.35,389.25,98355,12749,-1191,10.12
2026-09-18 14:37:36,23369.85,2026-09-22,23000.0,PE,12.5,12.45,12.5,1546935,188443,39940,11.79
2026-09-18 14:37:36,23369.85,2026-09-22,23050.0,CE,342.55,342.2,343.05,29440,3191,457,9.8
2026-09-18 14:37:36,23369.85,2026-09-22,23050.0,PE,15.7,15.7,15.8,808291,78565,30288,11.34
2026-09-18 14:37:36,23369.85,2026-09-22,23100.0,CE,297.8,297.1,297.85,174701,13120,462,9.55
2026-09-18 14:37:36,23369.85,2026-09-22,23100.0,PE,20.6,20.6,20.65,1512404,121949,39464,11.0
2026-09-18 14:37:36,23369.85,2026-09-22,23150.0,CE,254.0,253.6,254.25,194521,9586,1772,9.54
2026-09-18 14:37:36,23369.85,2026-09-22,23150.0,PE,27.0,27.0,27.1,1146469,86065,39591,10.71
2026-09-18 14:37:36,23369.85,2026-09-22,23200.0,CE,212.7,212.15,212.6,1102862,55650,4466,9.48
2026-09-18 14:37:36,23369.85,2026-09-22,23200.0,PE,35.8,35.7,35.8,2746024,222951,89120,10.46
2026-09-18 14:37:36,23369.85,2026-09-22,23250.0,CE,173.65,173.6,174.0,1289439,47717,265,9.39
2026-09-18 14:37:36,23369.85,2026-09-22,23250.0,PE,46.9,46.85,46.95,2271586,177531,105728,10.19
2026-09-18 14:37:36,23369.85,2026-09-22,23300.0,CE,138.6,138.6,138.85,4864865,182194,80586,9.28
2026-09-18 14:37:36,23369.85,2026-09-22,23300.0,PE,62.2,62.1,62.2,5781788,369534,265026,10.07
2026-09-18 14:37:36,23369.85,2026-09-22,23350.0,CE,107.9,107.9,108.0,4337946,162648,109083,9.26
2026-09-18 14:37:36,23369.85,2026-09-22,23350.0,PE,81.3,81.2,81.3,2998886,182804,158409,9.95
2026-09-18 14:37:36,23369.85,2026-09-22,23400.0,CE,81.55,81.3,81.55,3625709,231880,131524,9.15
2026-09-18 14:37:36,23369.85,2026-09-22,23400.0,PE,105.1,105.0,105.1,1880504,147825,101981,9.89
2026-09-18 14:37:36,23369.85,2026-09-22,23450.0,CE,59.25,59.25,59.4,1976224,127530,74034,9.03
2026-09-18 14:37:36,23369.85,2026-09-22,23450.0,PE,132.65,132.65,132.95,511474,29261,19824,9.91
2026-09-18 14:37:36,23369.85,2026-09-22,23500.0,CE,41.85,41.85,42.0,2659833,200328,62113,9.02
2026-09-18 14:37:36,23369.85,2026-09-22,23500.0,PE,165.9,165.5,165.75,547104,56316,21678,9.93
2026-09-18 14:37:36,23369.85,2026-09-22,23550.0,CE,28.85,28.75,28.8,1308589,75033,24985,9.03
2026-09-18 14:37:36,23369.85,2026-09-22,23550.0,PE,203.05,202.0,202.45,93829,9249,4905,10.05
2026-09-18 14:37:36,23369.85,2026-09-22,23600.0,CE,19.1,19.1,19.2,1548084,148777,46200,9.08
2026-09-18 14:37:36,23369.85,2026-09-22,23600.0,PE,244.1,242.55,243.15,101391,16217,4677,10.28
2026-09-18 14:37:36,23369.85,2026-09-22,23650.0,CE,12.85,12.75,12.8,874677,63111,15771,9.18
2026-09-18 14:37:36,23369.85,2026-09-22,23650.0,PE,285.95,285.95,286.85,16844,3786,288,10.56
2026-09-18 14:37:36,23369.85,2026-09-22,23700.0,CE,8.55,8.55,8.6,949509,145811,29484,9.36
2026-09-18 14:37:36,23369.85,2026-09-22,23700.0,PE,333.0,332.0,332.7,20642,9577,-1318,11.2
2026-09-18 14:37:36,23369.85,2026-09-22,23750.0,CE,5.8,5.75,5.8,477111,78034,19544,9.6
2026-09-18 14:37:36,23369.85,2026-09-22,23750.0,PE,378.45,378.15,379.35,2650,1618,-52,11.78
2026-09-18 14:37:36,23369.85,2026-09-22,23800.0,CE,4.1,4.1,4.15,647486,154932,26196,9.92
2026-09-18 14:37:36,23369.85,2026-09-22,23800.0,PE,427.0,427.0,428.1,5786,7325,-127,12.47
2026-09-18 14:37:36,23369.85,2026-09-22,23850.0,CE,3.25,3.25,3.3,279510,51500,8149,10.4
2026-09-18 14:37:36,23369.85,2026-09-22,23850.0,PE,474.35,475.1,476.95,632,1061,-6,13.77
2026-09-18 14:38:36,23369.4,2026-09-22,22850.0,CE,533.45,531.05,533.1,1130,803,-83,
2026-09-18 14:38:36,23369.4,2026-09-22,22850.0,PE,6.95,6.9,6.95,407804,39435,11719,13.27
2026-09-18 14:38:36,23369.4,2026-09-22,22900.0,CE,484.4,482.8,484.65,7271,2209,283,10.08
2026-09-18 14:38:36,23369.4,2026-09-22,22900.0,PE,8.2,8.2,8.25,668556,70239,14975,12.75
2026-09-18 14:38:36,23369.4,2026-09-22,22950.0,CE,435.45,434.9,436.3,5497,1248,164,10.07
2026-09-18 14:38:36,23369.4,2026-09-22,22950.0,PE,10.05,10.0,10.1,593703,50905,13817,12.23
2026-09-18 14:38:36,23369.4,2026-09-22,23000.0,CE,387.45,387.1,388.0,98554,12755,-1185,10.12
2026-09-18 14:38:36,23369.4,2026-09-22,23000.0,PE,12.65,12.6,12.7,1553693,188216,39713,11.79
2026-09-18 14:38:36,23369.4,2026-09-22,23050.0,CE,341.35,341.6,342.5,29466,3201,467,9.8
2026-09-18 14:38:36,23369.4,2026-09-22,23050.0,PE,16.0,15.9,16.0,810479,78049,29772,11.34
2026-09-18 14:38:36,23369.4,2026-09-22,23100.0,CE,295.8,295.95,296.75,174978,13099,441,9.55
2026-09-18 14:38:36,23369.4,2026-09-22,23100.0,PE,20.85,20.8,20.85,1517673,121889,39404,11.0
2026-09-18 14:38:36,23369.4,2026-09-22,23150.0,CE,252.5,252.8,253.4,194885,9696,1882,9.54
2026-09-18 14:38:36,23369.4,2026-09-22,23150.0,PE,27.3,27.3,27.4,1150207,85488,39014,10.71
2026-09-18 14:38:36,23369.4,2026-09-22,23200.0,CE,211.8,211.85,212.0,1104604,55612,4428,9.48
2026-09-18 14:38:36,23369.4,2026-09-22,23200.0,PE,36.0,35.9,36.05,2753021,222650,88819,10.46
2026-09-18 14:38:36,23369.4,2026-09-22,23250.0,CE,173.3,172.9,173.3,1291522,47252,-200,9.39
2026-09-18 14:38:36,23369.4,2026-09-22,23250.0,PE,47.4,47.4,47.5,2281244,175356,103553,10.19
2026-09-18 14:38:36,23369.4,2026-09-22,23300.0,CE,137.9,137.9,138.25,4874556,182190,80582,9.28
2026-09-18 14:38:36,23369.4,2026-09-22,23300.0,PE,62.55,62.55,62.7,5802237,370840,266332,10.07
2026-09-18 14:38:36,23369.4,2026-09-22,23350.0,CE,107.1,107.2,107.45,4350405,161987,108422,9.26
2026-09-18 14:38:36,23369.4,2026-09-22,23350.0,PE,81.9,81.75,81.9,3009681,184818,160423,9.95
2026-09-18 14:38:36,23369.4,2026-09-22,23400.0,CE,81.25,81.15,81.25,3644559,232734,132378,9.15
2026-09-18 14:38:36,23369.4,2026-09-22,23400.0,PE,105.5,105.3,105.55,1888584,149337,103493,9.89
2026-09-18 14:38:36,23369.4,2026-09-22,23450.0,CE,58.95,58.8,58.95,1986647,128395,74899,9.03
2026-09-18 14:38:36,23369.4,2026-09-22,23450.0,PE,133.6,133.55,133.75,513461,30158,20721,9.91
2026-09-18 14:38:36,23369.4,2026-09-22,23500.0,CE,41.55,41.55,41.6,2670790,200414,62199,9.02
2026-09-18 14:38:36,23369.4,2026-09-22,23500.0,PE,166.8,166.3,166.7,548743,57097,22459,9.93
2026-09-18 14:38:36,23369.4,2026-09-22,23550.0,CE,28.65,28.65,28.7,1314773,74778,24730,9.03
2026-09-18 14:38:36,23369.4,2026-09-22,23550.0,PE,203.45,203.15,203.65,94131,9338,4994,10.05
2026-09-18 14:38:36,23369.4,2026-09-22,23600.0,CE,19.05,18.95,19.05,1555925,148864,46287,9.08
2026-09-18 14:38:36,23369.4,2026-09-22,23600.0,PE,244.0,243.5,244.2,102197,15665,4125,10.28
2026-09-18 14:38:36,23369.4,2026-09-22,23650.0,CE,12.65,12.65,12.7,879856,63403,16063,9.18
2026-09-18 14:38:36,23369.4,2026-09-22,23650.0,PE,288.05,286.7,287.6,16915,3782,284,10.56
2026-09-18 14:38:36,23369.4,2026-09-22,23700.0,CE,8.45,8.45,8.5,954798,145937,29610,9.36
2026-09-18 14:38:36,23369.4,2026-09-22,23700.0,PE,332.55,332.7,333.65,20752,9587,-1308,11.2
2026-09-18 14:38:36,23369.4,2026-09-22,23750.0,CE,5.7,5.7,5.75,479919,77804,19314,9.6
2026-09-18 14:38:36,23369.4,2026-09-22,23750.0,PE,378.4,379.4,380.6,2658,1623,-47,11.78
2026-09-18 14:38:36,23369.4,2026-09-22,23800.0,CE,4.1,4.05,4.1,651518,154428,25692,9.92
2026-09-18 14:38:36,23369.4,2026-09-22,23800.0,PE,429.55,427.6,429.2,5823,7311,-141,12.47
2026-09-18 14:38:36,23369.4,2026-09-22,23850.0,CE,3.25,3.25,3.3,282197,52026,8675,10.4
2026-09-18 14:38:36,23369.4,2026-09-22,23850.0,PE,476.65,475.7,477.7,644,1061,-6,13.77
2026-09-18 14:39:36,23366.9,2026-09-22,22850.0,CE,533.7,526.45,528.8,1131,804,-82,
2026-09-18 14:39:36,23366.9,2026-09-22,22850.0,PE,6.95,6.9,6.95,408237,39435,11719,13.27
2026-09-18 14:39:36,23366.9,2026-09-22,22900.0,CE,480.0,477.9,479.85,7274,2209,283,10.08
2026-09-18 14:39:36,23366.9,2026-09-22,22900.0,PE,8.35,8.3,8.4,671674,70239,14975,12.75
2026-09-18 14:39:36,23366.9,2026-09-22,22950.0,CE,430.7,430.05,431.35,5500,1252,168,10.07
2026-09-18 14:39:36,23366.9,2026-09-22,22950.0,PE,10.15,10.1,10.15,594595,50561,13473,12.23
2026-09-18 14:39:36,23366.9,2026-09-22,23000.0,CE,382.4,383.15,384.0,98687,12691,-1249,10.12
2026-09-18 14:39:36,23366.9,2026-09-22,23000.0,PE,12.75,12.75,12.85,1556085,186635,38132,11.79
2026-09-18 14:39:36,23366.9,2026-09-22,23050.0,CE,336.85,336.2,337.2,29486,3200,466,9.8
2026-09-18 14:39:36,23366.9,2026-09-22,23050.0,PE,16.2,16.2,16.25,811226,77508,29231,11.34
2026-09-18 14:39:36,23366.9,2026-09-22,23100.0,CE,292.65,291.75,292.5,175277,13127,469,9.55
2026-09-18 14:39:36,23366.9,2026-09-22,23100.0,PE,21.25,21.15,21.25,1520140,121889,39404,11.0
2026-09-18 14:39:36,23366.9,2026-09-22,23150.0,CE,248.1,248.1,248.75,195158,9696,1882,9.54
2026-09-18 14:39:36,23366.9,2026-09-22,23150.0,PE,27.95,27.85,27.95,1151938,85488,39014,10.71
2026-09-18 14:39:36,23366.9,2026-09-22,23200.0,CE,207.2,207.1,207.6,1106282,55612,4428,9.48
2026-09-18 14:39:36,23366.9,2026-09-22,23200.0,PE,36.75,36.75,36.85,2757034,222650,88819,10.46
2026-09-18 14:39:36,23366.9,2026-09-22,23250.0,CE,169.3,168.9,169.35,1293507,47252,-200,9.39
2026-09-18 14:39:36,23366.9,2026-09-22,23250.0,PE,48.6,48.45,48.6,2285701,175356,103553,10.19
2026-09-18 14:39:36,23366.9,2026-09-22,23300.0,CE,134.15,134.15,134.5,4884590,181314,79706,9.28
2026-09-18 14:39:36,23366.9,2026-09-22,23300.0,PE,64.1,63.95,64.1,5811003,371666,267158,10.07
2026-09-18 14:39:36,23366.9,2026-09-22,23350.0,CE,104.4,104.25,104.4,4362130,160476,106911,9.26
2026-09-18 14:39:36,23366.9,2026-09-22,23350.0,PE,83.35,83.35,83.45,3018163,185974,161579,9.95
2026-09-18 14:39:36,23366.9,2026-09-22,23400.0,CE,78.55,78.4,78.55,3661710,231499,131143,9.15
2026-09-18 14:39:36,23366.9,2026-09-22,23400.0,PE,107.85,107.6,107.85,1895883,150195,104351,9.89
2026-09-18 14:39:36,23366.9,2026-09-22,23450.0,CE,56.75,56.75,56.9,1994136,128395,74899,9.03
2026-09-18 14:39:36,23366.9,2026-09-22,23450.0,PE,136.3,136.1,136.25,514840,30158,20721,9.91
2026-09-18 14:39:36,23366.9,2026-09-22,23500.0,CE,39.65,39.65,39.8,2682167,200414,62199,9.02
2026-09-18 14:39:36,23366.9,2026-09-22,23500.0,PE,169.95,169.5,169.85,550520,57097,22459,9.93
2026-09-18 14:39:36,23366.9,2026-09-22,23550.0,CE,27.3,27.25,27.35,1320807,74778,24730,9.03
2026-09-18 14:39:36,23366.9,2026-09-22,23550.0,PE,206.4,206.35,206.9,94508,9338,4994,10.05
2026-09-18 14:39:36,23366.9,2026-09-22,23600.0,CE,18.1,18.05,18.15,1563721,148864,46287,9.08
2026-09-18 14:39:36,23366.9,2026-09-22,23600.0,PE,248.0,247.45,248.1,102441,15665,4125,10.28
2026-09-18 14:39:36,23366.9,2026-09-22,23650.0,CE,12.05,12.0,12.05,883965,62462,15122,9.18
2026-09-18 14:39:36,23366.9,2026-09-22,23650.0,PE,291.1,291.25,292.0,16975,3767,269,10.56
2026-09-18 14:39:36,23366.9,2026-09-22,23700.0,CE,8.1,8.1,8.15,958524,145876,29549,9.36
2026-09-18 14:39:36,23366.9,2026-09-22,23700.0,PE,337.9,336.65,337.55,20812,9599,-1296,11.2
2026-09-18 14:39:36,23366.9,2026-09-22,23750.0,CE,5.5,5.45,5.5,483718,77841,19351,9.6
2026-09-18 14:39:36,23366.9,2026-09-22,23750.0,PE,381.25,384.1,385.0,2663,1621,-49,11.78
2026-09-18 14:39:36,23366.9,2026-09-22,23800.0,CE,4.0,3.95,4.0,653480,154428,25692,9.92
2026-09-18 14:39:36,23366.9,2026-09-22,23800.0,PE,433.05,431.85,433.5,5840,7311,-141,12.47
2026-09-18 14:39:36,23366.9,2026-09-22,23850.0,CE,3.2,3.15,3.2,283102,52026,8675,10.4
2026-09-18 14:39:36,23366.9,2026-09-22,23850.0,PE,476.95,480.9,482.7,651,1069,2,13.77
2026-09-18 14:40:37,23368.15,2026-09-22,22850.0,CE,528.45,528.05,531.3,1132,804,-82,
2026-09-18 14:40:37,23368.15,2026-09-22,22850.0,PE,6.9,6.9,6.95,408611,39448,11732,13.27
2026-09-18 14:40:37,23368.15,2026-09-22,22900.0,CE,480.45,479.7,481.5,7279,2212,286,10.08
2026-09-18 14:40:37,23368.15,2026-09-22,22900.0,PE,8.3,8.25,8.3,672269,70115,14851,12.75
2026-09-18 14:40:37,23368.15,2026-09-22,22950.0,CE,432.0,431.65,432.4,5507,1251,167,10.07
2026-09-18 14:40:37,23368.15,2026-09-22,22950.0,PE,10.05,10.0,10.1,596021,51025,13937,12.23
2026-09-18 14:40:37,23368.15,2026-09-22,23000.0,CE,384.45,384.45,385.0,98746,12654,-1286,10.12
2026-09-18 14:40:37,23368.15,2026-09-22,23000.0,PE,12.7,12.65,12.7,1558343,186835,38332,11.79
2026-09-18 14:40:37,23368.15,2026-09-22,23050.0,CE,337.95,337.8,338.6,29498,3197,463,9.8
2026-09-18 14:40:37,23368.15,2026-09-22,23050.0,PE,16.1,16.0,16.1,812722,77678,29401,11.34
2026-09-18 14:40:37,23368.15,2026-09-22,23100.0,CE,293.5,293.05,293.6,175410,13086,428,9.55
2026-09-18 14:40:37,23368.15,2026-09-22,23100.0,PE,20.9,20.95,21.05,1522931,121602,39117,11.0
2026-09-18 14:40:37,23368.15,2026-09-22,23150.0,CE,249.25,249.05,249.75,195376,9713,1899,9.54
2026-09-18 14:40:37,23368.15,2026-09-22,23150.0,PE,27.65,27.55,27.65,1154984,85135,38661,10.71
2026-09-18 14:40:37,23368.15,2026-09-22,23200.0,CE,208.9,208.35,208.9,1107710,55322,4138,9.48
2026-09-18 14:40:37,23368.15,2026-09-22,23200.0,PE,36.55,36.45,36.55,2761755,222362,88531,10.46
2026-09-18 14:40:37,23368.15,2026-09-22,23250.0,CE,170.5,169.9,170.4,1295024,46840,-612,9.39
2026-09-18 14:40:37,23368.15,2026-09-22,23250.0,PE,47.9,47.9,48.0,2290522,174220,102417,10.19
2026-09-18 14:40:37,23368.15,2026-09-22,23300.0,CE,135.35,135.05,135.35,4893133,179833,78225,9.28
2026-09-18 14:40:37,23368.15,2026-09-22,23300.0,PE,63.2,63.2,63.4,5823723,371543,267035,10.07
2026-09-18 14:40:37,23368.15,2026-09-22,23350.0,CE,105.2,105.15,105.45,4371816,156847,103282,9.26
2026-09-18 14:40:37,23368.15,2026-09-22,23350.0,PE,82.8,82.5,82.75,3027192,186069,161674,9.95
2026-09-18 14:40:37,23368.15,2026-09-22,23400.0,CE,78.95,78.8,78.95,3673534,230878,130522,9.15
2026-09-18 14:40:37,23368.15,2026-09-22,23400.0,PE,107.0,106.9,107.0,1904108,149857,104013,9.89
2026-09-18 14:40:37,23368.15,2026-09-22,23450.0,CE,57.35,57.2,57.35,2000858,127069,73573,9.03
2026-09-18 14:40:37,23368.15,2026-09-22,23450.0,PE,135.05,135.05,135.35,516706,29586,20149,9.91
2026-09-18 14:40:37,23368.15,2026-09-22,23500.0,CE,40.4,40.25,40.4,2692668,199276,61061,9.02
2026-09-18 14:40:37,23368.15,2026-09-22,23500.0,PE,168.55,168.5,168.9,552129,57142,22504,9.93
2026-09-18 14:40:37,23368.15,2026-09-22,23550.0,CE,27.6,27.5,27.6,1325414,73845,23797,9.03
2026-09-18 14:40:37,23368.15,2026-09-22,23550.0,PE,205.4,205.15,205.65,94892,9404,5060,10.05
2026-09-18 14:40:37,23368.15,2026-09-22,23600.0,CE,18.3,18.25,18.3,1570993,147898,45321,9.08
2026-09-18 14:40:37,23368.15,2026-09-22,23600.0,PE,246.65,246.1,246.75,102725,15584,4044,10.28
2026-09-18 14:40:37,23368.15,2026-09-22,23650.0,CE,12.2,12.15,12.2,890330,62849,15509,9.18
2026-09-18 14:40:37,23368.15,2026-09-22,23650.0,PE,289.85,289.5,290.25,17047,3774,276,10.56
2026-09-18 14:40:37,23368.15,2026-09-22,23700.0,CE,8.2,8.15,8.2,963389,145788,29461,9.36
2026-09-18 14:40:37,23368.15,2026-09-22,23700.0,PE,336.3,335.05,336.1,20889,9603,-1292,11.2
2026-09-18 14:40:37,23368.15,2026-09-22,23750.0,CE,5.55,5.5,5.55,486672,78881,20391,9.6
2026-09-18 14:40:37,23368.15,2026-09-22,23750.0,PE,383.35,382.25,383.4,2667,1622,-48,11.78
2026-09-18 14:40:37,23368.15,2026-09-22,23800.0,CE,3.95,3.95,4.0,655081,153990,25254,9.92
2026-09-18 14:40:37,23368.15,2026-09-22,23800.0,PE,432.2,431.0,432.3,5844,7306,-146,12.47
2026-09-18 14:40:37,23368.15,2026-09-22,23850.0,CE,3.2,3.15,3.2,284021,51894,8543,10.4
2026-09-18 14:40:37,23368.15,2026-09-22,23850.0,PE,480.85,479.3,481.1,667,1067,0,13.77
2026-09-18 14:41:37,23364.55,2026-09-22,22850.0,CE,528.45,528.05,531.3,1132,804,-82,
2026-09-18 14:41:37,23364.55,2026-09-22,22850.0,PE,6.9,6.9,6.95,408611,39448,11732,13.27
2026-09-18 14:41:37,23364.55,2026-09-22,22900.0,CE,480.45,479.7,481.5,7279,2212,286,10.08
2026-09-18 14:41:37,23364.55,2026-09-22,22900.0,PE,8.3,8.25,8.3,672269,70115,14851,12.75
2026-09-18 14:41:37,23364.55,2026-09-22,22950.0,CE,432.0,431.65,432.4,5507,1251,167,10.07
2026-09-18 14:41:37,23364.55,2026-09-22,22950.0,PE,10.05,10.0,10.1,596021,51025,13937,12.23
2026-09-18 14:41:37,23364.55,2026-09-22,23000.0,CE,384.45,384.45,385.0,98746,12654,-1286,10.12
2026-09-18 14:41:37,23364.55,2026-09-22,23000.0,PE,12.7,12.65,12.7,1558343,186835,38332,11.79
2026-09-18 14:41:37,23364.55,2026-09-22,23050.0,CE,337.95,337.8,338.6,29498,3197,463,9.8
2026-09-18 14:41:37,23364.55,2026-09-22,23050.0,PE,16.1,16.0,16.1,812722,77678,29401,11.34
2026-09-18 14:41:37,23364.55,2026-09-22,23100.0,CE,293.5,293.05,293.6,175410,13086,428,9.55
2026-09-18 14:41:37,23364.55,2026-09-22,23100.0,PE,20.9,20.95,21.05,1522931,121602,39117,11.0
2026-09-18 14:41:37,23364.55,2026-09-22,23150.0,CE,249.25,249.05,249.75,195376,9713,1899,9.54
2026-09-18 14:41:37,23364.55,2026-09-22,23150.0,PE,27.65,27.55,27.65,1154984,85135,38661,10.71
2026-09-18 14:41:37,23364.55,2026-09-22,23200.0,CE,208.9,208.35,208.9,1107710,55322,4138,9.48
2026-09-18 14:41:37,23364.55,2026-09-22,23200.0,PE,36.55,36.45,36.55,2761755,222362,88531,10.46
2026-09-18 14:41:37,23364.55,2026-09-22,23250.0,CE,170.5,169.9,170.4,1295024,46840,-612,9.39
2026-09-18 14:41:37,23364.55,2026-09-22,23250.0,PE,47.9,47.9,48.0,2290522,174220,102417,10.19
2026-09-18 14:41:37,23364.55,2026-09-22,23300.0,CE,135.35,135.05,135.35,4893133,179833,78225,9.28
2026-09-18 14:41:37,23364.55,2026-09-22,23300.0,PE,63.2,63.2,63.4,5823723,371543,267035,10.07
2026-09-18 14:41:37,23364.55,2026-09-22,23350.0,CE,105.2,105.15,105.45,4371816,156847,103282,9.26
2026-09-18 14:41:37,23364.55,2026-09-22,23350.0,PE,82.8,82.5,82.75,3027192,186069,161674,9.95
2026-09-18 14:41:37,23364.55,2026-09-22,23400.0,CE,78.95,78.8,78.95,3673534,230878,130522,9.15
2026-09-18 14:41:37,23364.55,2026-09-22,23400.0,PE,107.0,106.9,107.0,1904108,149857,104013,9.89
2026-09-18 14:41:37,23364.55,2026-09-22,23450.0,CE,57.35,57.2,57.35,2000858,127069,73573,9.03
2026-09-18 14:41:37,23364.55,2026-09-22,23450.0,PE,135.05,135.05,135.35,516706,29586,20149,9.91
2026-09-18 14:41:37,23364.55,2026-09-22,23500.0,CE,40.4,40.25,40.4,2692668,199276,61061,9.02
2026-09-18 14:41:37,23364.55,2026-09-22,23500.0,PE,168.55,168.5,168.9,552129,57142,22504,9.93
2026-09-18 14:41:37,23364.55,2026-09-22,23550.0,CE,27.6,27.5,27.6,1325414,73845,23797,9.03
2026-09-18 14:41:37,23364.55,2026-09-22,23550.0,PE,205.4,205.15,205.65,94892,9404,5060,10.05
2026-09-18 14:41:37,23364.55,2026-09-22,23600.0,CE,18.3,18.25,18.3,1570993,147898,45321,9.08
2026-09-18 14:41:37,23364.55,2026-09-22,23600.0,PE,246.65,246.1,246.75,102725,15584,4044,10.28
2026-09-18 14:41:37,23364.55,2026-09-22,23650.0,CE,12.2,12.15,12.2,890330,62849,15509,9.18
2026-09-18 14:41:37,23364.55,2026-09-22,23650.0,PE,289.85,289.5,290.25,17047,3774,276,10.56
2026-09-18 14:41:37,23364.55,2026-09-22,23700.0,CE,8.2,8.15,8.2,963389,145788,29461,9.36
2026-09-18 14:41:37,23364.55,2026-09-22,23700.0,PE,336.3,335.05,336.1,20889,9603,-1292,11.2
2026-09-18 14:41:37,23364.55,2026-09-22,23750.0,CE,5.55,5.5,5.55,486672,78881,20391,9.6
2026-09-18 14:41:37,23364.55,2026-09-22,23750.0,PE,383.35,382.25,383.4,2667,1622,-48,11.78
2026-09-18 14:41:37,23364.55,2026-09-22,23800.0,CE,3.95,3.95,4.0,655081,153990,25254,9.92
2026-09-18 14:41:37,23364.55,2026-09-22,23800.0,PE,432.2,431.0,432.3,5844,7306,-146,12.47
2026-09-18 14:41:37,23364.55,2026-09-22,23850.0,CE,3.2,3.15,3.2,284021,51894,8543,10.4
2026-09-18 14:41:37,23364.55,2026-09-22,23850.0,PE,480.85,479.3,481.1,667,1067,0,13.77
2026-09-18 14:42:37,23363.45,2026-09-22,22850.0,CE,524.0,524.1,525.85,1134,805,-81,
2026-09-18 14:42:37,23363.45,2026-09-22,22850.0,PE,6.85,6.85,6.9,410065,38992,11276,13.64
2026-09-18 14:42:37,23363.45,2026-09-22,22900.0,CE,475.9,475.4,476.95,7296,2216,290,
2026-09-18 14:42:37,23363.45,2026-09-22,22900.0,PE,8.25,8.25,8.3,674813,69379,14115,13.12
2026-09-18 14:42:37,23363.45,2026-09-22,22950.0,CE,428.85,427.8,429.25,5523,1254,170,
2026-09-18 14:42:37,23363.45,2026-09-22,22950.0,PE,10.05,10.05,10.1,598350,51763,14675,12.6
2026-09-18 14:42:37,23363.45,2026-09-22,23000.0,CE,381.3,380.25,381.15,99072,12611,-1329,
2026-09-18 14:42:37,23363.45,2026-09-22,23000.0,PE,12.85,12.75,12.85,1570300,185762,37259,12.19
2026-09-18 14:42:37,23363.45,2026-09-22,23050.0,CE,334.65,334.05,334.95,29548,3193,459,
2026-09-18 14:42:37,23363.45,2026-09-22,23050.0,PE,16.15,16.15,16.2,815230,77271,28994,11.77
2026-09-18 14:42:37,23363.45,2026-09-22,23100.0,CE,289.5,289.2,289.8,176102,12923,265,5.9
2026-09-18 14:42:37,23363.45,2026-09-22,23100.0,PE,21.2,21.1,21.2,1529362,121023,38538,11.42
2026-09-18 14:42:37,23363.45,2026-09-22,23150.0,CE,246.25,246.05,246.5,196077,9481,1667,7.24
2026-09-18 14:42:37,23363.45,2026-09-22,23150.0,PE,27.8,27.75,27.85,1160170,84914,38440,11.16
2026-09-18 14:42:37,23363.45,2026-09-22,23200.0,CE,204.65,204.9,205.05,1112626,54791,3607,7.96
2026-09-18 14:42:37,23363.45,2026-09-22,23200.0,PE,36.8,36.8,36.95,2776079,222438,88607,10.93
2026-09-18 14:42:37,23363.45,2026-09-22,23250.0,CE,167.15,166.9,167.05,1300306,46652,-800,8.2
2026-09-18 14:42:37,23363.45,2026-09-22,23250.0,PE,48.5,48.5,48.6,2301531,174548,102745,10.69
2026-09-18 14:42:37,23363.45,2026-09-22,23300.0,CE,132.5,132.35,132.5,4914498,178041,76433,8.29
2026-09-18 14:42:37,23363.45,2026-09-22,23300.0,PE,64.15,64.0,64.15,5851791,370805,266297,10.57
2026-09-18 14:42:37,23363.45,2026-09-22,23350.0,CE,102.4,102.2,102.45,4400244,151460,97895,8.42
2026-09-18 14:42:37,23363.45,2026-09-22,23350.0,PE,83.9,83.9,84.0,3055827,188549,164154,10.54
2026-09-18 14:42:37,23363.45,2026-09-22,23400.0,CE,76.6,76.5,76.6,3710782,230320,129964,8.46
2026-09-18 14:42:37,23363.45,2026-09-22,23400.0,PE,108.55,108.3,108.55,1925887,150987,105143,10.59
2026-09-18 14:42:37,23363.45,2026-09-22,23450.0,CE,55.1,55.1,55.3,2019464,124194,70698,8.48
2026-09-18 14:42:37,23363.45,2026-09-22,23450.0,PE,136.95,137.0,137.35,521177,29250,19813,10.64
2026-09-18 14:42:37,23363.45,2026-09-22,23500.0,CE,38.7,38.65,38.8,2719028,196780,58565,8.51
2026-09-18 14:42:37,23363.45,2026-09-22,23500.0,PE,170.3,170.35,170.75,557895,56842,22204,10.89
2026-09-18 14:42:37,23363.45,2026-09-22,23550.0,CE,26.35,26.25,26.35,1336985,73024,22976,8.55
2026-09-18 14:42:37,23363.45,2026-09-22,23550.0,PE,208.05,208.0,208.55,96036,9270,4926,11.17
2026-09-18 14:42:37,23363.45,2026-09-22,23600.0,CE,17.5,17.4,17.5,1584123,145931,43354,8.6
2026-09-18 14:42:37,23363.45,2026-09-22,23600.0,PE,249.75,249.0,249.65,103726,15445,3905,11.69
2026-09-18 14:42:37,23363.45,2026-09-22,23650.0,CE,11.65,11.55,11.65,900862,63032,15692,8.75
2026-09-18 14:42:37,23363.45,2026-09-22,23650.0,PE,293.95,292.55,293.3,17181,3799,301,12.23
2026-09-18 14:42:37,23363.45,2026-09-22,23700.0,CE,7.75,7.7,7.75,971446,144848,28521,8.95
2026-09-18 14:42:37,23363.45,2026-09-22,23700.0,PE,339.7,338.85,339.75,21030,9582,-1313,13.09
2026-09-18 14:42:37,23363.45,2026-09-22,23750.0,CE,5.25,5.25,5.3,490959,77920,19430,9.18
2026-09-18 14:42:37,23363.45,2026-09-22,23750.0,PE,386.25,385.8,387.2,2681,1625,-45,13.92
2026-09-18 14:42:37,23363.45,2026-09-22,23800.0,CE,3.8,3.8,3.85,658359,154060,25324,9.51
2026-09-18 14:42:37,23363.45,2026-09-22,23800.0,PE,435.25,434.3,435.8,5875,7297,-155,14.99
2026-09-18 14:42:37,23363.45,2026-09-22,23850.0,CE,3.05,3.05,3.1,288182,52285,8934,10.05
2026-09-18 14:42:37,23363.45,2026-09-22,23850.0,PE,483.75,483.05,484.75,683,1062,-5,15.96
2026-09-18 14:43:37,23361.1,2026-09-22,22850.0,CE,525.0,519.3,522.0,1135,805,-81,
2026-09-18 14:43:37,23361.1,2026-09-22,22850.0,PE,6.9,6.9,6.95,410186,38992,11276,13.64
2026-09-18 14:43:37,23361.1,2026-09-22,22900.0,CE,473.0,471.05,472.65,7308,2222,296,
2026-09-18 14:43:37,23361.1,2026-09-22,22900.0,PE,8.35,8.25,8.35,675065,69379,14115,13.12
2026-09-18 14:43:37,23361.1,2026-09-22,22950.0,CE,423.75,423.4,424.8,5539,1265,181,
2026-09-18 14:43:37,23361.1,2026-09-22,22950.0,PE,10.15,10.1,10.15,598859,52107,15019,12.6
2026-09-18 14:43:37,23361.1,2026-09-22,23000.0,CE,376.55,375.7,376.7,99221,12610,-1330,
2026-09-18 14:43:37,23361.1,2026-09-22,23000.0,PE,12.85,12.85,12.9,1574508,186250,37747,12.19
2026-09-18 14:43:37,23361.1,2026-09-22,23050.0,CE,328.9,329.7,330.65,29581,3203,469,
2026-09-18 14:43:37,23361.1,2026-09-22,23050.0,PE,16.4,16.3,16.35,815809,77355,29078,11.77
2026-09-18 14:43:37,23361.1,2026-09-22,23100.0,CE,285.45,284.95,285.7,176393,12923,265,5.9
2026-09-18 14:43:37,23361.1,2026-09-22,23100.0,PE,21.45,21.4,21.5,1532326,121023,38538,11.42
2026-09-18 14:43:37,23361.1,2026-09-22,23150.0,CE,241.55,241.65,242.35,196342,9481,1667,7.24
2026-09-18 14:43:37,23361.1,2026-09-22,23150.0,PE,28.3,28.2,28.3,1161671,84914,38440,11.16
2026-09-18 14:43:37,23361.1,2026-09-22,23200.0,CE,201.0,200.65,201.0,1114550,54791,3607,7.96
2026-09-18 14:43:37,23361.1,2026-09-22,23200.0,PE,37.35,37.4,37.5,2779202,222438,88607,10.93
2026-09-18 14:43:37,23361.1,2026-09-22,23250.0,CE,163.2,162.75,163.2,1302165,46597,-855,8.2
2026-09-18 14:43:37,23361.1,2026-09-22,23250.0,PE,49.45,49.3,49.45,2305727,174800,102997,10.69
2026-09-18 14:43:37,23361.1,2026-09-22,23300.0,CE,128.75,128.75,129.1,4926591,178247,76639,8.29
2026-09-18 14:43:37,23361.1,2026-09-22,23300.0,PE,65.45,65.25,65.45,5861840,370815,266307,10.57
2026-09-18 14:43:37,23361.1,2026-09-22,23350.0,CE,99.05,99.1,99.3,4414925,154104,100539,8.42
2026-09-18 14:43:37,23361.1,2026-09-22,23350.0,PE,85.45,85.35,85.6,3064717,188868,164473,10.54
2026-09-18 14:43:37,23361.1,2026-09-22,23400.0,CE,74.0,73.95,74.15,3730559,233317,132961,8.46
2026-09-18 14:43:37,23361.1,2026-09-22,23400.0,PE,110.65,110.35,110.7,1933634,151789,105945,10.59
2026-09-18 14:43:37,23361.1,2026-09-22,23450.0,CE,53.15,53.15,53.25,2029602,124194,70698,8.48
2026-09-18 14:43:37,23361.1,2026-09-22,23450.0,PE,139.7,139.45,139.7,523291,29250,19813,10.64
2026-09-18 14:43:37,23361.1,2026-09-22,23500.0,CE,37.1,37.0,37.1,2732877,196780,58565,8.51
2026-09-18 14:43:37,23361.1,2026-09-22,23500.0,PE,173.9,173.55,173.95,560014,56842,22204,10.89
2026-09-18 14:43:37,23361.1,2026-09-22,23550.0,CE,25.15,25.05,25.15,1341990,73024,22976,8.55
2026-09-18 14:43:37,23361.1,2026-09-22,23550.0,PE,211.55,211.35,211.85,96444,9270,4926,11.17
2026-09-18 14:43:37,23361.1,2026-09-22,23600.0,CE,16.7,16.6,16.7,1590476,145473,42896,8.6
2026-09-18 14:43:37,23361.1,2026-09-22,23600.0,PE,253.55,253.0,253.5,103991,15445,3905,11.69
2026-09-18 14:43:37,23361.1,2026-09-22,23650.0,CE,11.05,11.05,11.15,906993,63198,15858,8.75
2026-09-18 14:43:37,23361.1,2026-09-22,23650.0,PE,297.8,296.75,297.5,17232,3816,318,12.23
2026-09-18 14:43:37,23361.1,2026-09-22,23700.0,CE,7.35,7.35,7.45,975657,144993,28666,8.95
2026-09-18 14:43:37,23361.1,2026-09-22,23700.0,PE,343.3,343.1,344.05,21156,9553,-1342,13.09
2026-09-18 14:43:37,23361.1,2026-09-22,23750.0,CE,5.1,5.05,5.1,492897,77507,19017,9.18
2026-09-18 14:43:37,23361.1,2026-09-22,23750.0,PE,390.9,390.2,391.45,2690,1626,-44,13.92
2026-09-18 14:43:37,23361.1,2026-09-22,23800.0,CE,3.65,3.65,3.7,660127,154060,25324,9.51
2026-09-18 14:43:37,23361.1,2026-09-22,23800.0,PE,441.35,439.15,440.45,5892,7297,-155,14.99
2026-09-18 14:43:37,23361.1,2026-09-22,23850.0,CE,3.0,3.0,3.05,289044,52285,8934,10.05
2026-09-18 14:43:37,23361.1,2026-09-22,23850.0,PE,488.3,487.8,489.65,690,1062,-5,15.96
2026-09-18 14:44:37,23358.75,2026-09-22,22850.0,CE,525.0,517.55,519.75,1135,808,-78,
2026-09-18 14:44:37,23358.75,2026-09-22,22850.0,PE,6.95,6.95,7.0,412050,38641,10925,13.64
2026-09-18 14:44:37,23358.75,2026-09-22,22900.0,CE,470.0,469.6,471.2,7320,2233,307,
2026-09-18 14:44:37,23358.75,2026-09-22,22900.0,PE,8.4,8.35,8.4,675698,69558,14294,13.12
2026-09-18 14:44:37,23358.75,2026-09-22,22950.0,CE,426.3,421.75,423.0,5544,1269,185,
2026-09-18 14:44:37,23358.75,2026-09-22,22950.0,PE,10.25,10.2,10.25,599636,52518,15430,12.6
2026-09-18 14:44:37,23358.75,2026-09-22,23000.0,CE,374.05,374.15,375.0,99450,12638,-1302,
2026-09-18 14:44:37,23358.75,2026-09-22,23000.0,PE,13.05,13.0,13.05,1579157,186127,37624,12.19
2026-09-18 14:44:37,23358.75,2026-09-22,23050.0,CE,328.5,327.95,328.85,29624,3201,467,
2026-09-18 14:44:37,23358.75,2026-09-22,23050.0,PE,16.5,16.45,16.55,817271,77303,29026,11.77
2026-09-18 14:44:37,23358.75,2026-09-22,23100.0,CE,283.85,283.2,283.9,176736,12812,154,5.9
2026-09-18 14:44:37,23358.75,2026-09-22,23100.0,PE,21.65,21.65,21.7,1535916,121121,38636,11.42
2026-09-18 14:44:37,23358.75,2026-09-22,23150.0,CE,240.25,240.25,240.9,196727,9510,1696,7.24
2026-09-18 14:44:37,23358.75,2026-09-22,23150.0,PE,28.6,28.5,28.6,1165312,85179,38705,11.16
2026-09-18 14:44:37,23358.75,2026-09-22,23200.0,CE,199.35,199.35,199.75,1116428,54669,3485,7.96
2026-09-18 14:44:37,23358.75,2026-09-22,23200.0,PE,37.9,37.75,37.9,2789202,223624,89793,10.93
2026-09-18 14:44:37,23358.75,2026-09-22,23250.0,CE,161.75,161.75,162.1,1304349,46441,-1011,8.2
2026-09-18 14:44:37,23358.75,2026-09-22,23250.0,PE,49.8,49.75,49.9,2313547,175839,104036,10.69
2026-09-18 14:44:37,23358.75,2026-09-22,23300.0,CE,127.65,127.55,127.9,4937369,176488,74880,8.29
2026-09-18 14:44:37,23358.75,2026-09-22,23300.0,PE,65.8,65.75,65.8,5881907,372433,267925,10.57
2026-09-18 14:44:37,23358.75,2026-09-22,23350.0,CE,98.15,98.0,98.15,4430826,153192,99627,8.42
2026-09-18 14:44:37,23358.75,2026-09-22,23350.0,PE,86.15,86.05,86.15,3085857,189915,165520,10.54
2026-09-18 14:44:37,23358.75,2026-09-22,23400.0,CE,72.8,72.85,73.0,3748955,231336,130980,8.46
2026-09-18 14:44:37,23358.75,2026-09-22,23400.0,PE,111.15,111.15,111.5,1949822,156171,110327,10.59
2026-09-18 14:44:37,23358.75,2026-09-22,23450.0,CE,52.1,52.1,52.15,2039219,122888,69392,8.48
2026-09-18 14:44:37,23358.75,2026-09-22,23450.0,PE,140.5,140.45,140.75,526717,28808,19371,10.64
2026-09-18 14:44:37,23358.75,2026-09-22,23500.0,CE,36.35,36.35,36.45,2747615,195746,57531,8.51
2026-09-18 14:44:37,23358.75,2026-09-22,23500.0,PE,174.95,174.5,174.95,563245,55623,20985,10.89
2026-09-18 14:44:37,23358.75,2026-09-22,23550.0,CE,24.5,24.55,24.6,1348415,71666,21618,8.55
2026-09-18 14:44:37,23358.75,2026-09-22,23550.0,PE,212.55,212.55,213.15,97075,8893,4549,11.17
2026-09-18 14:44:37,23358.75,2026-09-22,23600.0,CE,16.25,16.25,16.3,1600150,143396,40819,8.6
2026-09-18 14:44:37,23358.75,2026-09-22,23600.0,PE,254.55,254.0,254.5,104613,15285,3745,11.69
2026-09-18 14:44:37,23358.75,2026-09-22,23650.0,CE,10.7,10.7,10.75,911688,62637,15297,8.75
2026-09-18 14:44:37,23358.75,2026-09-22,23650.0,PE,298.6,298.2,299.0,17296,3785,287,12.23
2026-09-18 14:44:37,23358.75,2026-09-22,23700.0,CE,7.15,7.15,7.2,981759,144050,27723,8.95
2026-09-18 14:44:37,23358.75,2026-09-22,23700.0,PE,346.5,344.7,345.65,21247,9496,-1399,13.09
2026-09-18 14:44:37,23358.75,2026-09-22,23750.0,CE,4.85,4.9,4.95,495137,76713,18223,9.18
2026-09-18 14:44:37,23358.75,2026-09-22,23750.0,PE,391.25,391.85,393.1,2700,1626,-44,13.92
2026-09-18 14:44:37,23358.75,2026-09-22,23800.0,CE,3.6,3.55,3.6,663558,153655,24919,9.51
2026-09-18 14:44:37,23358.75,2026-09-22,23800.0,PE,440.75,440.35,441.55,6016,7265,-187,14.99
2026-09-18 14:44:37,23358.75,2026-09-22,23850.0,CE,2.9,2.9,2.95,290634,52238,8887,10.05
2026-09-18 14:44:37,23358.75,2026-09-22,23850.0,PE,486.9,489.8,491.55,691,1064,-3,15.96
2026-09-18 14:45:38,23353.75,2026-09-22,22850.0,CE,519.15,516.1,518.4,1136,808,-78,
2026-09-18 14:45:38,23353.75,2026-09-22,22850.0,PE,7.0,6.95,7.0,413585,38676,10960,13.64
2026-09-18 14:45:38,23353.75,2026-09-22,22900.0,CE,470.75,468.1,469.8,7322,2233,307,
2026-09-18 14:45:38,23353.75,2026-09-22,22900.0,PE,8.4,8.35,8.4,677437,69716,14452,13.12
2026-09-18 14:45:38,23353.75,2026-09-22,22950.0,CE,420.2,420.1,421.5,5558,1269,185,
2026-09-18 14:45:38,23353.75,2026-09-22,22950.0,PE,10.3,10.25,10.3,601628,52220,15132,12.6
2026-09-18 14:45:38,23353.75,2026-09-22,23000.0,CE,372.7,372.8,373.6,99703,12664,-1276,
2026-09-18 14:45:38,23353.75,2026-09-22,23000.0,PE,13.05,13.0,13.05,1584409,185512,37009,12.19
2026-09-18 14:45:38,23353.75,2026-09-22,23050.0,CE,325.75,326.35,327.4,29689,3195,461,
2026-09-18 14:45:38,23353.75,2026-09-22,23050.0,PE,16.5,16.5,16.55,819028,77129,28852,11.77
2026-09-18 14:45:38,23353.75,2026-09-22,23100.0,CE,281.8,281.75,282.4,177134,12763,105,5.9
2026-09-18 14:45:38,23353.75,2026-09-22,23100.0,PE,21.8,21.7,21.8,1541117,120692,38207,11.42
2026-09-18 14:45:38,23353.75,2026-09-22,23150.0,CE,238.5,238.8,239.3,197168,9536,1722,7.24
2026-09-18 14:45:38,23353.75,2026-09-22,23150.0,PE,28.6,28.55,28.65,1169907,84855,38381,11.16
2026-09-18 14:45:38,23353.75,2026-09-22,23200.0,CE,198.25,197.85,198.3,1119566,54779,3595,7.96
2026-09-18 14:45:38,23353.75,2026-09-22,23200.0,PE,38.05,37.9,38.05,2797601,224125,90294,10.93
2026-09-18 14:45:38,23353.75,2026-09-22,23250.0,CE,160.6,160.4,160.65,1308260,46179,-1273,8.2
2026-09-18 14:45:38,23353.75,2026-09-22,23250.0,PE,49.95,50.0,50.1,2321356,175836,104033,10.69
2026-09-18 14:45:38,23353.75,2026-09-22,23300.0,CE,126.6,126.3,126.6,4955391,174791,73183,8.29
2026-09-18 14:45:38,23353.75,2026-09-22,23300.0,PE,66.3,66.2,66.35,5904063,374419,269911,10.57
2026-09-18 14:45:38,23353.75,2026-09-22,23350.0,CE,97.2,96.95,97.2,4451737,152358,98793,8.42
2026-09-18 14:45:38,23353.75,2026-09-22,23350.0,PE,86.4,86.4,86.65,3109161,189701,165306,10.54
2026-09-18 14:45:38,23353.75,2026-09-22,23400.0,CE,72.1,71.9,72.1,3772415,231221,130865,8.46
2026-09-18 14:45:38,23353.75,2026-09-22,23400.0,PE,111.75,111.75,111.85,1968092,156522,110678,10.59
2026-09-18 14:45:38,23353.75,2026-09-22,23450.0,CE,51.45,51.35,51.5,2051550,123725,70229,8.48
2026-09-18 14:45:38,23353.75,2026-09-22,23450.0,PE,141.25,141.2,141.55,530513,28656,19219,10.64
2026-09-18 14:45:38,23353.75,2026-09-22,23500.0,CE,35.65,35.65,35.8,2765416,195327,57112,8.51
2026-09-18 14:45:38,23353.75,2026-09-22,23500.0,PE,175.35,175.4,175.65,568572,53537,18899,10.89
2026-09-18 14:45:38,23353.75,2026-09-22,23550.0,CE,24.0,24.0,24.1,1355654,70960,20912,8.55
2026-09-18 14:45:38,23353.75,2026-09-22,23550.0,PE,213.55,213.7,214.0,97792,8593,4249,11.17
2026-09-18 14:45:38,23353.75,2026-09-22,23600.0,CE,15.85,15.85,15.9,1608468,142753,40176,8.6
2026-09-18 14:45:38,23353.75,2026-09-22,23600.0,PE,255.2,255.15,255.7,105307,14965,3425,11.69
2026-09-18 14:45:38,23353.75,2026-09-22,23650.0,CE,10.45,10.45,10.5,917454,62211,14871,8.75
2026-09-18 14:45:38,23353.75,2026-09-22,23650.0,PE,300.0,300.0,300.45,17460,3713,215,12.23
2026-09-18 14:45:38,23353.75,2026-09-22,23700.0,CE,7.0,6.95,7.0,988061,143821,27494,8.95
2026-09-18 14:45:38,23353.75,2026-09-22,23700.0,PE,346.8,345.75,346.7,21516,9379,-1516,13.09
2026-09-18 14:45:38,23353.75,2026-09-22,23750.0,CE,4.75,4.75,4.8,498822,76526,18036,9.18
2026-09-18 14:45:38,23353.75,2026-09-22,23750.0,PE,395.1,393.15,394.45,2708,1627,-43,13.92
2026-09-18 14:45:38,23353.75,2026-09-22,23800.0,CE,3.45,3.45,3.5,667217,153095,24359,9.51
2026-09-18 14:45:38,23353.75,2026-09-22,23800.0,PE,444.0,442.2,443.45,6058,7266,-186,14.99
2026-09-18 14:45:38,23353.75,2026-09-22,23850.0,CE,2.8,2.8,2.85,294408,52189,8838,10.05
2026-09-18 14:45:38,23353.75,2026-09-22,23850.0,PE,490.65,491.15,492.95,695,1065,-2,15.96
2026-09-18 14:46:38,23359.7,2026-09-22,22850.0,CE,514.2,513.55,516.3,1138,808,-78,
2026-09-18 14:46:38,23359.7,2026-09-22,22850.0,PE,7.05,7.05,7.1,416147,38676,10960,13.64
2026-09-18 14:46:38,23359.7,2026-09-22,22900.0,CE,465.55,465.85,467.5,7347,2238,312,
2026-09-18 14:46:38,23359.7,2026-09-22,22900.0,PE,8.55,8.5,8.55,679461,69716,14452,13.12
2026-09-18 14:46:38,23359.7,2026-09-22,22950.0,CE,415.0,418.1,419.6,5564,1279,195,
2026-09-18 14:46:38,23359.7,2026-09-22,22950.0,PE,10.45,10.45,10.5,604838,52220,15132,12.6
2026-09-18 14:46:38,23359.7,2026-09-22,23000.0,CE,370.15,370.9,371.9,100114,12664,-1276,
2026-09-18 14:46:38,23359.7,2026-09-22,23000.0,PE,13.3,13.3,13.4,1592183,185512,37009,12.19
2026-09-18 14:46:38,23359.7,2026-09-22,23050.0,CE,325.2,324.65,325.5,29779,3195,461,
2026-09-18 14:46:38,23359.7,2026-09-22,23050.0,PE,17.0,16.95,17.0,822062,77129,28852,11.77
2026-09-18 14:46:38,23359.7,2026-09-22,23100.0,CE,280.35,279.55,280.35,177608,12763,105,5.9
2026-09-18 14:46:38,23359.7,2026-09-22,23100.0,PE,22.25,22.3,22.35,1548198,120692,38207,11.42
2026-09-18 14:46:38,23359.7,2026-09-22,23150.0,CE,237.3,237.2,237.85,197714,9536,1722,7.24
2026-09-18 14:46:38,23359.7,2026-09-22,23150.0,PE,29.3,29.25,29.3,1175689,84855,38381,11.16
2026-09-18 14:46:38,23359.7,2026-09-22,23200.0,CE,196.7,196.35,196.7,1123930,54779,3595,7.96
2026-09-18 14:46:38,23359.7,2026-09-22,23200.0,PE,38.85,38.8,38.95,2810381,224125,90294,10.93
2026-09-18 14:46:38,23359.7,2026-09-22,23250.0,CE,159.15,159.1,159.5,1312810,46179,-1273,8.2
2026-09-18 14:46:38,23359.7,2026-09-22,23250.0,PE,51.2,51.1,51.2,2332767,175836,104033,10.69
2026-09-18 14:46:38,23359.7,2026-09-22,23300.0,CE,125.35,125.0,125.35,4973213,174791,73183,8.29
2026-09-18 14:46:38,23359.7,2026-09-22,23300.0,PE,67.6,67.4,67.6,5931752,374419,269911,10.57
2026-09-18 14:46:38,23359.7,2026-09-22,23350.0,CE,96.3,96.1,96.3,4474176,152358,98793,8.42
2026-09-18 14:46:38,23359.7,2026-09-22,23350.0,PE,88.05,88.05,88.1,3138977,189701,165306,10.54
2026-09-18 14:46:38,23359.7,2026-09-22,23400.0,CE,71.4,71.2,71.4,3804597,231221,130865,8.46
2026-09-18 14:46:38,23359.7,2026-09-22,23400.0,PE,113.75,113.45,113.75,1993125,156522,110678,10.59
2026-09-18 14:46:38,23359.7,2026-09-22,23450.0,CE,50.6,50.6,50.75,2067127,123725,70229,8.48
2026-09-18 14:46:38,23359.7,2026-09-22,23450.0,PE,143.5,143.3,143.45,534765,28656,19219,10.64
2026-09-18 14:46:38,23359.7,2026-09-22,23500.0,CE,35.1,35.1,35.2,2786416,195327,57112,8.51
2026-09-18 14:46:38,23359.7,2026-09-22,23500.0,PE,177.2,177.3,177.8,573160,53537,18899,10.89
2026-09-18 14:46:38,23359.7,2026-09-22,23550.0,CE,23.6,23.5,23.6,1363837,70960,20912,8.55
2026-09-18 14:46:38,23359.7,2026-09-22,23550.0,PE,215.85,215.65,215.9,98638,8593,4249,11.17
2026-09-18 14:46:38,23359.7,2026-09-22,23600.0,CE,15.55,15.5,15.55,1618367,142753,40176,8.6
2026-09-18 14:46:38,23359.7,2026-09-22,23600.0,PE,257.7,257.1,257.6,106148,14965,3425,11.69
2026-09-18 14:46:38,23359.7,2026-09-22,23650.0,CE,10.15,10.1,10.15,924907,62211,14871,8.75
2026-09-18 14:46:38,23359.7,2026-09-22,23650.0,PE,301.95,301.7,302.35,17624,3713,215,12.23
2026-09-18 14:46:38,23359.7,2026-09-22,23700.0,CE,6.7,6.7,6.75,995954,143821,27494,8.95
2026-09-18 14:46:38,23359.7,2026-09-22,23700.0,PE,348.45,347.9,348.8,21728,9379,-1516,13.09
2026-09-18 14:46:38,23359.7,2026-09-22,23750.0,CE,4.55,4.5,4.55,502583,76526,18036,9.18
2026-09-18 14:46:38,23359.7,2026-09-22,23750.0,PE,398.55,395.45,396.85,2716,1627,-43,13.92
2026-09-18 14:46:38,23359.7,2026-09-22,23800.0,CE,3.25,3.25,3.3,671063,153095,24359,9.51
2026-09-18 14:46:38,23359.7,2026-09-22,23800.0,PE,445.5,444.2,445.6,6156,7266,-186,14.99
2026-09-18 14:46:38,23359.7,2026-09-22,23850.0,CE,2.65,2.65,2.7,299698,52189,8838,10.05
2026-09-18 14:46:38,23359.7,2026-09-22,23850.0,PE,495.6,493.1,494.75,696,1065,-2,15.96
2026-09-18 14:47:38,23362.1,2026-09-22,22850.0,CE,516.55,518.0,520.6,1140,811,-75,
2026-09-18 14:47:38,23362.1,2026-09-22,22850.0,PE,6.85,6.85,6.9,418502,38645,10929,13.64
2026-09-18 14:47:38,23362.1,2026-09-22,22900.0,CE,470.0,469.8,471.45,7395,2242,316,
2026-09-18 14:47:38,23362.1,2026-09-22,22900.0,PE,8.3,8.3,8.35,680251,70058,14794,13.12
2026-09-18 14:47:38,23362.1,2026-09-22,22950.0,CE,423.6,421.75,423.0,5616,1279,195,
2026-09-18 14:47:38,23362.1,2026-09-22,22950.0,PE,10.2,10.2,10.25,606083,52630,15542,12.6
2026-09-18 14:47:38,23362.1,2026-09-22,23000.0,CE,375.65,374.75,375.75,100371,12718,-1222,
2026-09-18 14:47:38,23362.1,2026-09-22,23000.0,PE,13.0,12.9,13.0,1596917,185787,37284,12.19
2026-09-18 14:47:38,23362.1,2026-09-22,23050.0,CE,329.0,328.4,329.35,29950,3171,437,
2026-09-18 14:47:38,23362.1,2026-09-22,23050.0,PE,16.4,16.35,16.45,824150,76911,28634,11.77
2026-09-18 14:47:38,23362.1,2026-09-22,23100.0,CE,283.4,283.35,284.0,178663,13127,469,5.9
2026-09-18 14:47:38,23362.1,2026-09-22,23100.0,PE,21.5,21.5,21.55,1554501,121323,38838,11.42
2026-09-18 14:47:38,23362.1,2026-09-22,23150.0,CE,241.05,240.1,240.7,198541,9500,1686,7.24
2026-09-18 14:47:38,23362.1,2026-09-22,23150.0,PE,28.45,28.4,28.5,1178621,84787,38313,11.16
2026-09-18 14:47:38,23362.1,2026-09-22,23200.0,CE,199.9,199.2,199.55,1127385,54689,3505,7.96
2026-09-18 14:47:38,23362.1,2026-09-22,23200.0,PE,37.7,37.65,37.75,2820085,222122,88291,10.93
2026-09-18 14:47:38,23362.1,2026-09-22,23250.0,CE,161.65,161.5,161.9,1316295,45549,-1903,8.2
2026-09-18 14:47:38,23362.1,2026-09-22,23250.0,PE,49.7,49.6,49.7,2339645,173852,102049,10.69
2026-09-18 14:47:38,23362.1,2026-09-22,23300.0,CE,127.5,127.35,127.7,4987441,173181,71573,8.29
2026-09-18 14:47:38,23362.1,2026-09-22,23300.0,PE,65.5,65.6,65.75,5951467,373201,268693,10.57
2026-09-18 14:47:38,23362.1,2026-09-22,23350.0,CE,98.15,98.15,98.3,4491069,150211,96646,8.42
2026-09-18 14:47:38,23362.1,2026-09-22,23350.0,PE,85.95,85.75,85.95,3158458,191283,166888,10.54
2026-09-18 14:47:38,23362.1,2026-09-22,23400.0,CE,73.0,73.0,73.15,3826490,233554,133198,8.46
2026-09-18 14:47:38,23362.1,2026-09-22,23400.0,PE,110.85,110.85,111.05,2006413,153643,107799,10.59
2026-09-18 14:47:38,23362.1,2026-09-22,23450.0,CE,52.3,52.15,52.3,2076035,122595,69099,8.48
2026-09-18 14:47:38,23362.1,2026-09-22,23450.0,PE,140.0,140.1,140.4,537310,28034,18597,10.64
2026-09-18 14:47:38,23362.1,2026-09-22,23500.0,CE,36.35,36.2,36.3,2797706,195811,57596,8.51
2026-09-18 14:47:38,23362.1,2026-09-22,23500.0,PE,174.0,174.5,174.9,576245,52990,18352,10.89
2026-09-18 14:47:38,23362.1,2026-09-22,23550.0,CE,24.4,24.35,24.4,1367932,70429,20381,8.55
2026-09-18 14:47:38,23362.1,2026-09-22,23550.0,PE,212.2,212.25,212.85,99086,8290,3946,11.17
2026-09-18 14:47:38,23362.1,2026-09-22,23600.0,CE,16.1,16.0,16.1,1624228,141906,39329,8.6
2026-09-18 14:47:38,23362.1,2026-09-22,23600.0,PE,253.6,253.85,254.25,107075,14421,2881,11.69
2026-09-18 14:47:38,23362.1,2026-09-22,23650.0,CE,10.55,10.5,10.55,927868,62130,14790,8.75
2026-09-18 14:47:38,23362.1,2026-09-22,23650.0,PE,298.5,297.9,298.85,17697,3722,224,12.23
2026-09-18 14:47:38,23362.1,2026-09-22,23700.0,CE,7.0,7.0,7.05,1000006,144161,27834,8.95
2026-09-18 14:47:38,23362.1,2026-09-22,23700.0,PE,345.45,344.0,344.9,21784,9251,-1644,13.09
2026-09-18 14:47:38,23362.1,2026-09-22,23750.0,CE,4.7,4.7,4.75,504532,75904,17414,9.18
2026-09-18 14:47:38,23362.1,2026-09-22,23750.0,PE,394.6,391.05,392.35,2749,1631,-39,13.92
2026-09-18 14:47:38,23362.1,2026-09-22,23800.0,CE,3.35,3.35,3.4,674385,151856,23120,9.51
2026-09-18 14:47:38,23362.1,2026-09-22,23800.0,PE,442.0,439.9,441.4,6230,7236,-216,14.99
2026-09-18 14:47:38,23362.1,2026-09-22,23850.0,CE,2.7,2.7,2.75,301768,50288,6937,10.05
2026-09-18 14:47:38,23362.1,2026-09-22,23850.0,PE,492.5,490.0,491.55,697,1064,-3,15.96
2026-09-18 14:48:38,23364.95,2026-09-22,22850.0,CE,516.55,520.35,522.35,1140,811,-75,
2026-09-18 14:48:38,23364.95,2026-09-22,22850.0,PE,6.9,6.9,6.95,422306,38645,10929,13.64
2026-09-18 14:48:38,23364.95,2026-09-22,22900.0,CE,472.25,471.75,473.0,7413,2261,335,
2026-09-18 14:48:38,23364.95,2026-09-22,22900.0,PE,8.4,8.35,8.4,682200,70058,14794,13.12
2026-09-18 14:48:38,23364.95,2026-09-22,22950.0,CE,424.35,424.05,425.4,5627,1247,163,
2026-09-18 14:48:38,23364.95,2026-09-22,22950.0,PE,10.15,10.15,10.2,606738,52745,15657,12.6
2026-09-18 14:48:38,23364.95,2026-09-22,23000.0,CE,377.95,376.7,377.55,100597,12709,-1231,
2026-09-18 14:48:38,23364.95,2026-09-22,23000.0,PE,12.9,12.85,12.95,1600359,184852,36349,12.19
2026-09-18 14:48:38,23364.95,2026-09-22,23050.0,CE,331.35,330.25,331.25,30078,3117,383,
2026-09-18 14:48:38,23364.95,2026-09-22,23050.0,PE,16.2,16.2,16.3,825703,76811,28534,11.77
2026-09-18 14:48:38,23364.95,2026-09-22,23100.0,CE,285.9,285.0,285.85,179306,13127,469,5.9
2026-09-18 14:48:38,23364.95,2026-09-22,23100.0,PE,21.3,21.3,21.4,1557657,121323,38838,11.42
2026-09-18 14:48:38,23364.95,2026-09-22,23150.0,CE,242.1,242.2,242.85,199067,9500,1686,7.24
2026-09-18 14:48:38,23364.95,2026-09-22,23150.0,PE,28.1,28.0,28.1,1181435,84787,38313,11.16
2026-09-18 14:48:38,23364.95,2026-09-22,23200.0,CE,201.55,201.0,201.45,1130152,54689,3505,7.96
2026-09-18 14:48:38,23364.95,2026-09-22,23200.0,PE,37.2,37.1,37.25,2826331,222122,88291,10.93
2026-09-18 14:48:38,23364.95,2026-09-22,23250.0,CE,163.65,163.4,163.65,1319331,45549,-1903,8.2
2026-09-18 14:48:38,23364.95,2026-09-22,23250.0,PE,48.95,48.95,49.05,2344524,173852,102049,10.69
2026-09-18 14:48:38,23364.95,2026-09-22,23300.0,CE,129.2,128.8,129.15,4999701,174275,72667,8.29
2026-09-18 14:48:38,23364.95,2026-09-22,23300.0,PE,64.6,64.65,64.8,5964140,369625,265117,10.57
2026-09-18 14:48:38,23364.95,2026-09-22,23350.0,CE,99.2,99.25,99.45,4505975,153347,99782,8.42
2026-09-18 14:48:38,23364.95,2026-09-22,23350.0,PE,84.7,84.65,84.95,3170681,187893,163498,10.54
2026-09-18 14:48:38,23364.95,2026-09-22,23400.0,CE,74.05,73.85,74.0,3845241,235612,135256,8.46
2026-09-18 14:48:38,23364.95,2026-09-22,23400.0,PE,109.7,109.8,110.0,2015667,150576,104732,10.59
2026-09-18 14:48:38,23364.95,2026-09-22,23450.0,CE,52.8,52.8,52.95,2083976,122595,69099,8.48
2026-09-18 14:48:38,23364.95,2026-09-22,23450.0,PE,139.15,138.85,139.2,538734,28034,18597,10.64
2026-09-18 14:48:38,23364.95,2026-09-22,23500.0,CE,36.85,36.8,36.95,2808551,195811,57596,8.51
2026-09-18 14:48:38,23364.95,2026-09-22,23500.0,PE,172.45,172.45,172.85,578107,52990,18352,10.89
2026-09-18 14:48:38,23364.95,2026-09-22,23550.0,CE,24.9,24.75,24.85,1371208,70429,20381,8.55
2026-09-18 14:48:38,23364.95,2026-09-22,23550.0,PE,210.25,210.15,210.7,99453,8290,3946,11.17
2026-09-18 14:48:38,23364.95,2026-09-22,23600.0,CE,16.4,16.35,16.4,1631249,141906,39329,8.6
2026-09-18 14:48:38,23364.95,2026-09-22,23600.0,PE,251.45,251.5,252.0,107264,14421,2881,11.69
2026-09-18 14:48:38,23364.95,2026-09-22,23650.0,CE,10.75,10.7,10.75,931132,62008,14668,8.75
2026-09-18 14:48:38,23364.95,2026-09-22,23650.0,PE,296.6,295.8,296.75,17728,3700,202,12.23
2026-09-18 14:48:38,23364.95,2026-09-22,23700.0,CE,7.1,7.1,7.15,1005419,144573,28246,8.95
2026-09-18 14:48:38,23364.95,2026-09-22,23700.0,PE,343.4,342.15,343.0,21899,9245,-1650,13.09
2026-09-18 14:48:38,23364.95,2026-09-22,23750.0,CE,4.75,4.75,4.8,505408,75738,17248,9.18
2026-09-18 14:48:38,23364.95,2026-09-22,23750.0,PE,389.85,389.15,390.35,2764,1617,-53,13.92
2026-09-18 14:48:38,23364.95,2026-09-22,23800.0,CE,3.4,3.4,3.45,675925,151856,23120,9.51
2026-09-18 14:48:38,23364.95,2026-09-22,23800.0,PE,440.9,438.15,439.7,6242,7250,-202,14.99
2026-09-18 14:48:38,23364.95,2026-09-22,23850.0,CE,2.8,2.75,2.8,302405,50288,6937,10.05
2026-09-18 14:48:38,23364.95,2026-09-22,23850.0,PE,491.15,487.2,488.95,701,1064,-3,15.96
2026-09-18 14:49:38,23363.25,2026-09-22,22850.0,CE,516.55,518.75,521.3,1140,811,-75,
2026-09-18 14:49:38,23363.25,2026-09-22,22850.0,PE,6.9,6.85,6.9,424591,39616,11900,13.64
2026-09-18 14:49:38,23363.25,2026-09-22,22900.0,CE,473.0,470.55,472.1,7419,2262,336,
2026-09-18 14:49:38,23363.25,2026-09-22,22900.0,PE,8.3,8.3,8.35,684276,69964,14700,13.12
2026-09-18 14:49:38,23363.25,2026-09-22,22950.0,CE,426.15,422.65,423.95,5634,1250,166,
2026-09-18 14:49:38,23363.25,2026-09-22,22950.0,PE,10.2,10.2,10.25,607241,52816,15728,12.6
2026-09-18 14:49:38,23363.25,2026-09-22,23000.0,CE,375.95,375.1,376.0,100711,12629,-1311,
2026-09-18 14:49:38,23363.25,2026-09-22,23000.0,PE,13.0,12.95,13.0,1602502,184212,35709,12.19
2026-09-18 14:49:38,23363.25,2026-09-22,23050.0,CE,330.0,328.75,329.75,30136,3067,333,
2026-09-18 14:49:38,23363.25,2026-09-22,23050.0,PE,16.45,16.4,16.5,826815,76110,27833,11.77
2026-09-18 14:49:38,23363.25,2026-09-22,23100.0,CE,284.3,284.3,285.05,179683,12965,307,5.9
2026-09-18 14:49:38,23363.25,2026-09-22,23100.0,PE,21.5,21.5,21.6,1560066,121527,39042,11.42
2026-09-18 14:49:38,23363.25,2026-09-22,23150.0,CE,241.5,241.3,241.65,199325,9418,1604,7.24
2026-09-18 14:49:38,23363.25,2026-09-22,23150.0,PE,28.4,28.35,28.4,1184326,84261,37787,11.16
2026-09-18 14:49:38,23363.25,2026-09-22,23200.0,CE,200.3,200.5,200.95,1132319,54740,3556,7.96
2026-09-18 14:49:38,23363.25,2026-09-22,23200.0,PE,37.55,37.35,37.5,2830659,221540,87709,10.93
2026-09-18 14:49:38,23363.25,2026-09-22,23250.0,CE,163.1,162.7,163.05,1322851,45630,-1822,8.2
2026-09-18 14:49:38,23363.25,2026-09-22,23250.0,PE,49.6,49.55,49.6,2348520,173519,101716,10.69
2026-09-18 14:49:38,23363.25,2026-09-22,23300.0,CE,128.15,128.15,128.5,5011192,175274,73666,8.29
2026-09-18 14:49:38,23363.25,2026-09-22,23300.0,PE,65.45,65.4,65.6,5976546,368068,263560,10.57
2026-09-18 14:49:38,23363.25,2026-09-22,23350.0,CE,98.85,98.7,98.9,4521672,154338,100773,8.42
2026-09-18 14:49:38,23363.25,2026-09-22,23350.0,PE,85.65,85.65,85.9,3180980,186688,162293,10.54
2026-09-18 14:49:38,23363.25,2026-09-22,23400.0,CE,73.55,73.4,73.55,3862877,236733,136377,8.46
2026-09-18 14:49:38,23363.25,2026-09-22,23400.0,PE,111.0,110.9,111.0,2022911,150155,104311,10.59
2026-09-18 14:49:38,23363.25,2026-09-22,23450.0,CE,52.85,52.7,52.85,2091365,122883,69387,8.48
2026-09-18 14:49:38,23363.25,2026-09-22,23450.0,PE,139.6,139.9,140.0,540524,28303,18866,10.64
2026-09-18 14:49:38,23363.25,2026-09-22,23500.0,CE,36.65,36.6,36.7,2818929,196315,58100,8.51
2026-09-18 14:49:38,23363.25,2026-09-22,23500.0,PE,173.45,173.55,173.95,579886,52440,17802,10.89
2026-09-18 14:49:38,23363.25,2026-09-22,23550.0,CE,24.65,24.6,24.7,1374540,70537,20489,8.55
2026-09-18 14:49:38,23363.25,2026-09-22,23550.0,PE,211.35,211.6,212.15,99859,8255,3911,11.17
2026-09-18 14:49:38,23363.25,2026-09-22,23600.0,CE,16.25,16.2,16.3,1635719,142027,39450,8.6
2026-09-18 14:49:38,23363.25,2026-09-22,23600.0,PE,252.95,252.95,253.65,107716,14390,2850,11.69
2026-09-18 14:49:38,23363.25,2026-09-22,23650.0,CE,10.65,10.65,10.7,933912,61904,14564,8.75
2026-09-18 14:49:38,23363.25,2026-09-22,23650.0,PE,297.35,297.25,298.05,17771,3686,188,12.23
2026-09-18 14:49:38,23363.25,2026-09-22,23700.0,CE,7.05,7.05,7.1,1008358,143622,27295,8.95
2026-09-18 14:49:38,23363.25,2026-09-22,23700.0,PE,344.55,343.6,344.55,21996,9257,-1638,13.09
2026-09-18 14:49:38,23363.25,2026-09-22,23750.0,CE,4.8,4.75,4.8,506825,75887,17397,9.18
2026-09-18 14:49:38,23363.25,2026-09-22,23750.0,PE,391.95,390.7,392.0,2775,1614,-56,13.92
2026-09-18 14:49:38,23363.25,2026-09-22,23800.0,CE,3.45,3.4,3.45,678393,151484,22748,9.51
2026-09-18 14:49:38,23363.25,2026-09-22,23800.0,PE,440.0,439.1,440.7,6264,7245,-207,14.99
2026-09-18 14:49:38,23363.25,2026-09-22,23850.0,CE,2.75,2.75,2.8,304160,50051,6700,10.05
2026-09-18 14:49:38,23363.25,2026-09-22,23850.0,PE,491.15,488.5,490.85,701,1064,-3,15.96
2026-09-18 14:50:38,23367.45,2026-09-22,22850.0,CE,516.55,522.6,525.2,1140,811,-75,
2026-09-18 14:50:38,23367.45,2026-09-22,22850.0,PE,6.85,6.8,6.85,425769,41087,13371,13.64
2026-09-18 14:50:38,23367.45,2026-09-22,22900.0,CE,476.25,474.15,475.6,7421,2262,336,
2026-09-18 14:50:38,23367.45,2026-09-22,22900.0,PE,8.3,8.3,8.35,684529,68348,13084,13.12
2026-09-18 14:50:38,23367.45,2026-09-22,22950.0,CE,424.7,426.2,427.5,5637,1250,166,
2026-09-18 14:50:38,23367.45,2026-09-22,22950.0,PE,10.1,10.1,10.15,607672,52816,15728,12.6
2026-09-18 14:50:38,23367.45,2026-09-22,23000.0,CE,379.1,379.05,379.9,100794,12629,-1311,
2026-09-18 14:50:38,23367.45,2026-09-22,23000.0,PE,12.75,12.75,12.8,1603760,184212,35709,12.19
2026-09-18 14:50:38,23367.45,2026-09-22,23050.0,CE,333.15,332.7,333.55,30159,3067,333,
2026-09-18 14:50:38,23367.45,2026-09-22,23050.0,PE,16.1,16.1,16.2,827193,76110,27833,11.77
2026-09-18 14:50:38,23367.45,2026-09-22,23100.0,CE,287.8,287.5,287.8,179789,13151,493,5.9
2026-09-18 14:50:38,23367.45,2026-09-22,23100.0,PE,21.15,21.15,21.25,1560832,121269,38784,11.42
2026-09-18 14:50:38,23367.45,2026-09-22,23150.0,CE,244.25,243.9,244.5,199427,9459,1645,7.24
2026-09-18 14:50:38,23367.45,2026-09-22,23150.0,PE,27.9,27.9,28.0,1184803,84135,37661,11.16
2026-09-18 14:50:38,23367.45,2026-09-22,23200.0,CE,202.9,203.0,203.4,1133033,54881,3697,7.96
2026-09-18 14:50:38,23367.45,2026-09-22,23200.0,PE,36.9,36.9,36.95,2832405,221431,87600,10.93
2026-09-18 14:50:38,23367.45,2026-09-22,23250.0,CE,165.0,165.0,165.2,1323587,46744,-708,8.2
2026-09-18 14:50:38,23367.45,2026-09-22,23250.0,PE,48.8,48.65,48.8,2350287,172399,100596,10.69
2026-09-18 14:50:38,23367.45,2026-09-22,23300.0,CE,130.7,130.5,130.6,5014397,175274,73666,8.29
2026-09-18 14:50:38,23367.45,2026-09-22,23300.0,PE,64.55,64.4,64.55,5979904,368068,263560,10.57
2026-09-18 14:50:38,23367.45,2026-09-22,23350.0,CE,101.15,101.1,101.3,4525824,154338,100773,8.42
2026-09-18 14:50:38,23367.45,2026-09-22,23350.0,PE,84.0,83.95,84.15,3185452,186688,162293,10.54
2026-09-18 14:50:38,23367.45,2026-09-22,23400.0,CE,75.5,75.3,75.5,3869390,236733,136377,8.46
2026-09-18 14:50:38,23367.45,2026-09-22,23400.0,PE,109.0,109.05,109.3,2025854,150155,104311,10.59
2026-09-18 14:50:38,23367.45,2026-09-22,23450.0,CE,54.1,54.0,54.1,2094523,123975,70479,8.48
2026-09-18 14:50:38,23367.45,2026-09-22,23450.0,PE,138.2,138.0,138.2,541088,28430,18993,10.64
2026-09-18 14:50:38,23367.45,2026-09-22,23500.0,CE,37.7,37.7,37.85,2822951,197502,59287,8.51
2026-09-18 14:50:38,23367.45,2026-09-22,23500.0,PE,171.75,171.65,172.1,580450,52675,18037,10.89
2026-09-18 14:50:38,23367.45,2026-09-22,23550.0,CE,25.6,25.55,25.65,1375815,70890,20842,8.55
2026-09-18 14:50:38,23367.45,2026-09-22,23550.0,PE,209.3,208.75,209.3,99946,8125,3781,11.17
2026-09-18 14:50:38,23367.45,2026-09-22,23600.0,CE,16.95,16.85,16.95,1637883,142685,40108,8.6
2026-09-18 14:50:38,23367.45,2026-09-22,23600.0,PE,250.0,250.2,250.85,107804,14390,2850,11.69
2026-09-18 14:50:38,23367.45,2026-09-22,23650.0,CE,11.15,11.1,11.15,934878,61904,14564,8.75
2026-09-18 14:50:38,23367.45,2026-09-22,23650.0,PE,296.1,294.35,295.1,17779,3686,188,12.23
2026-09-18 14:50:38,23367.45,2026-09-22,23700.0,CE,7.45,7.4,7.45,1009933,143622,27295,8.95
2026-09-18 14:50:38,23367.45,2026-09-22,23700.0,PE,342.0,340.0,340.65,22002,9257,-1638,13.09
2026-09-18 14:50:38,23367.45,2026-09-22,23750.0,CE,4.95,4.95,5.0,507334,75887,17397,9.18
2026-09-18 14:50:38,23367.45,2026-09-22,23750.0,PE,391.05,386.6,387.9,2777,1614,-56,13.92
2026-09-18 14:50:38,23367.45,2026-09-22,23800.0,CE,3.5,3.5,3.55,679186,151575,22839,9.51
2026-09-18 14:50:38,23367.45,2026-09-22,23800.0,PE,440.0,436.25,437.8,6264,7245,-207,14.99
2026-09-18 14:50:38,23367.45,2026-09-22,23850.0,CE,2.9,2.85,2.9,305904,49756,6405,10.05
2026-09-18 14:50:38,23367.45,2026-09-22,23850.0,PE,484.85,484.95,486.65,703,1064,-3,15.96
2026-09-18 14:51:39,23369.4,2026-09-22,22850.0,CE,516.55,523.9,526.15,1140,811,-75,
2026-09-18 14:51:39,23369.4,2026-09-22,22850.0,PE,6.7,6.7,6.75,427827,42758,15042,13.64
2026-09-18 14:51:39,23369.4,2026-09-22,22900.0,CE,476.25,475.55,477.0,7421,2260,334,
2026-09-18 14:51:39,23369.4,2026-09-22,22900.0,PE,8.1,8.1,8.15,684847,68481,13217,13.12
2026-09-18 14:51:39,23369.4,2026-09-22,22950.0,CE,426.95,427.5,428.9,5642,1259,175,
2026-09-18 14:51:39,23369.4,2026-09-22,22950.0,PE,9.9,9.9,9.95,608672,52996,15908,12.6
2026-09-18 14:51:39,23369.4,2026-09-22,23000.0,CE,380.0,379.7,380.0,100834,12563,-1377,
2026-09-18 14:51:39,23369.4,2026-09-22,23000.0,PE,12.65,12.6,12.65,1604546,184131,35628,12.19
2026-09-18 14:51:39,23369.4,2026-09-22,23050.0,CE,333.0,333.25,334.0,30162,3091,357,
2026-09-18 14:51:39,23369.4,2026-09-22,23050.0,PE,15.9,15.9,16.0,827775,75879,27602,11.77
2026-09-18 14:51:39,23369.4,2026-09-22,23100.0,CE,288.8,288.4,288.6,179956,13053,395,5.9
2026-09-18 14:51:39,23369.4,2026-09-22,23100.0,PE,20.9,20.85,20.95,1562524,121613,39128,11.42
2026-09-18 14:51:39,23369.4,2026-09-22,23150.0,CE,245.9,245.55,246.0,199540,9371,1557,7.24
2026-09-18 14:51:39,23369.4,2026-09-22,23150.0,PE,27.45,27.4,27.5,1185537,84215,37741,11.16
2026-09-18 14:51:39,23369.4,2026-09-22,23200.0,CE,203.95,203.9,204.0,1133925,54844,3660,7.96
2026-09-18 14:51:39,23369.4,2026-09-22,23200.0,PE,36.6,36.5,36.6,2834608,221831,88000,10.93
2026-09-18 14:51:39,23369.4,2026-09-22,23250.0,CE,166.25,165.7,166.1,1325097,46522,-930,8.2
2026-09-18 14:51:39,23369.4,2026-09-22,23250.0,PE,48.1,48.15,48.3,2351617,172851,101048,10.69
2026-09-18 14:51:39,23369.4,2026-09-22,23300.0,CE,131.8,131.55,131.8,5018691,175186,73578,8.29
2026-09-18 14:51:39,23369.4,2026-09-22,23300.0,PE,63.7,63.55,63.7,5985515,366848,262340,10.57
2026-09-18 14:51:39,23369.4,2026-09-22,23350.0,CE,101.6,101.3,101.6,4530970,151790,98225,8.42
2026-09-18 14:51:39,23369.4,2026-09-22,23350.0,PE,83.6,83.45,83.65,3188412,186838,162443,10.54
2026-09-18 14:51:39,23369.4,2026-09-22,23400.0,CE,75.75,75.75,76.0,3876370,236529,136173,8.46
2026-09-18 14:51:39,23369.4,2026-09-22,23400.0,PE,108.2,108.15,108.45,2028667,149299,103455,10.59
2026-09-18 14:51:39,23369.4,2026-09-22,23450.0,CE,54.55,54.5,54.55,2097122,124190,70694,8.48
2026-09-18 14:51:39,23369.4,2026-09-22,23450.0,PE,137.15,136.7,137.0,541655,28403,18966,10.64
2026-09-18 14:51:39,23369.4,2026-09-22,23500.0,CE,38.3,38.15,38.3,2827303,195838,57623,8.51
2026-09-18 14:51:39,23369.4,2026-09-22,23500.0,PE,170.25,170.2,170.25,581196,52906,18268,10.89
2026-09-18 14:51:39,23369.4,2026-09-22,23550.0,CE,25.75,25.7,25.8,1378005,70781,20733,8.55
2026-09-18 14:51:39,23369.4,2026-09-22,23550.0,PE,207.8,207.55,208.0,100036,8099,3755,11.17
2026-09-18 14:51:39,23369.4,2026-09-22,23600.0,CE,17.0,16.95,17.0,1639721,142340,39763,8.6
2026-09-18 14:51:39,23369.4,2026-09-22,23600.0,PE,249.2,249.0,249.5,107948,14555,3015,11.69
2026-09-18 14:51:39,23369.4,2026-09-22,23650.0,CE,11.2,11.2,11.25,935911,62827,15487,8.75
2026-09-18 14:51:39,23369.4,2026-09-22,23650.0,PE,295.4,292.6,293.25,17847,3648,150,12.23
2026-09-18 14:51:39,23369.4,2026-09-22,23700.0,CE,7.35,7.4,7.45,1011398,143959,27632,8.95
2026-09-18 14:51:39,23369.4,2026-09-22,23700.0,PE,340.0,338.95,339.85,22020,9294,-1601,13.09
2026-09-18 14:51:39,23369.4,2026-09-22,23750.0,CE,4.95,4.95,5.0,508152,75838,17348,9.18
2026-09-18 14:51:39,23369.4,2026-09-22,23750.0,PE,388.95,385.85,387.15,2780,1606,-64,13.92
2026-09-18 14:51:39,23369.4,2026-09-22,23800.0,CE,3.6,3.55,3.6,679536,151629,22893,9.51
2026-09-18 14:51:39,23369.4,2026-09-22,23800.0,PE,438.1,434.2,435.85,6273,7272,-180,14.99
2026-09-18 14:51:39,23369.4,2026-09-22,23850.0,CE,2.9,2.85,2.9,307490,49486,6135,10.05
2026-09-18 14:51:39,23369.4,2026-09-22,23850.0,PE,487.05,483.5,485.35,704,1065,-2,15.96
2026-09-18 14:52:39,23374.35,2026-09-22,22850.0,CE,516.55,533.45,535.7,1140,811,-75,
2026-09-18 14:52:39,23374.35,2026-09-22,22850.0,PE,6.5,6.5,6.55,431767,43838,16122,13.34
2026-09-18 14:52:39,23374.35,2026-09-22,22900.0,CE,483.0,484.5,485.0,7436,2261,335,
2026-09-18 14:52:39,23374.35,2026-09-22,22900.0,PE,7.9,7.85,7.9,687217,68354,13090,12.85
2026-09-18 14:52:39,23374.35,2026-09-22,22950.0,CE,434.65,436.6,437.9,5655,1263,179,
2026-09-18 14:52:39,23374.35,2026-09-22,22950.0,PE,9.5,9.5,9.55,611041,52961,15873,12.32
2026-09-18 14:52:39,23374.35,2026-09-22,23000.0,CE,389.0,389.0,389.3,101415,12475,-1465,
2026-09-18 14:52:39,23374.35,2026-09-22,23000.0,PE,12.05,12.05,12.1,1612952,183011,34508,11.94
2026-09-18 14:52:39,23374.35,2026-09-22,23050.0,CE,342.95,342.05,343.0,30317,3083,349,6.91
2026-09-18 14:52:39,23374.35,2026-09-22,23050.0,PE,15.25,15.2,15.25,831030,75528,27251,11.49
2026-09-18 14:52:39,23374.35,2026-09-22,23100.0,CE,296.8,296.7,297.5,181055,13006,348,7.96
2026-09-18 14:52:39,23374.35,2026-09-22,23100.0,PE,19.75,19.75,19.85,1572344,121308,38823,11.14
2026-09-18 14:52:39,23374.35,2026-09-22,23150.0,CE,253.5,253.25,253.8,200348,9345,1531,8.51
2026-09-18 14:52:39,23374.35,2026-09-22,23150.0,PE,26.05,26.0,26.1,1192386,83827,37353,10.86
2026-09-18 14:52:39,23374.35,2026-09-22,23200.0,CE,212.0,211.65,212.0,1141335,54535,3351,8.51
2026-09-18 14:52:39,23374.35,2026-09-22,23200.0,PE,34.45,34.45,34.55,2849698,221296,87465,10.59
2026-09-18 14:52:39,23374.35,2026-09-22,23250.0,CE,173.05,172.7,173.1,1332778,46449,-1003,8.65
2026-09-18 14:52:39,23374.35,2026-09-22,23250.0,PE,45.6,45.55,45.7,2367776,170334,98531,10.36
2026-09-18 14:52:39,23374.35,2026-09-22,23300.0,CE,137.95,137.6,137.95,5050731,175754,74146,8.61
2026-09-18 14:52:39,23374.35,2026-09-22,23300.0,PE,60.45,60.3,60.45,6021527,366532,262024,10.23
2026-09-18 14:52:39,23374.35,2026-09-22,23350.0,CE,106.85,106.8,107.15,4570880,153409,99844,8.66
2026-09-18 14:52:39,23374.35,2026-09-22,23350.0,PE,79.25,79.25,79.45,3220529,186596,162201,10.14
2026-09-18 14:52:39,23374.35,2026-09-22,23400.0,CE,80.35,80.35,80.6,3924605,237958,137602,8.66
2026-09-18 14:52:39,23374.35,2026-09-22,23400.0,PE,103.4,103.4,103.5,2051940,149829,103985,10.16
2026-09-18 14:52:39,23374.35,2026-09-22,23450.0,CE,58.25,58.25,58.45,2120542,123257,69761,8.6
2026-09-18 14:52:39,23374.35,2026-09-22,23450.0,PE,131.0,131.0,131.35,546896,28470,19033,10.24
2026-09-18 14:52:39,23374.35,2026-09-22,23500.0,CE,41.2,41.2,41.3,2858132,199059,60844,8.59
2026-09-18 14:52:39,23374.35,2026-09-22,23500.0,PE,164.1,163.65,164.1,587271,53006,18368,10.37
2026-09-18 14:52:39,23374.35,2026-09-22,23550.0,CE,28.2,28.1,28.2,1389681,71089,21041,8.6
2026-09-18 14:52:39,23374.35,2026-09-22,23550.0,PE,200.05,200.1,200.45,101239,8050,3706,10.58
2026-09-18 14:52:39,23374.35,2026-09-22,23600.0,CE,18.7,18.7,18.75,1653861,142781,40204,8.67
2026-09-18 14:52:39,23374.35,2026-09-22,23600.0,PE,240.95,240.9,241.45,110250,14682,3142,11.01
2026-09-18 14:52:39,23374.35,2026-09-22,23650.0,CE,12.45,12.35,12.45,943641,63519,16179,8.79
2026-09-18 14:52:39,23374.35,2026-09-22,23650.0,PE,285.6,284.4,285.25,17960,3641,143,11.58
2026-09-18 14:52:39,23374.35,2026-09-22,23700.0,CE,8.25,8.2,8.25,1019673,144035,27708,8.98
2026-09-18 14:52:39,23374.35,2026-09-22,23700.0,PE,330.05,330.2,331.15,22167,9273,-1622,12.29
2026-09-18 14:52:39,23374.35,2026-09-22,23750.0,CE,5.5,5.5,5.55,512348,75876,17386,9.21
2026-09-18 14:52:39,23374.35,2026-09-22,23750.0,PE,378.15,377.25,378.5,2797,1599,-71,13.03
2026-09-18 14:52:39,23374.35,2026-09-22,23800.0,CE,3.9,3.9,3.95,684291,151686,22950,9.55
2026-09-18 14:52:39,23374.35,2026-09-22,23800.0,PE,427.85,425.45,427.0,6328,7269,-183,14.06
2026-09-18 14:52:39,23374.35,2026-09-22,23850.0,CE,3.0,3.05,3.1,313118,49701,6350,10.07
2026-09-18 14:52:39,23374.35,2026-09-22,23850.0,PE,487.05,475.0,476.45,704,1064,-3,15.01
2026-09-18 14:53:39,23376.2,2026-09-22,22900.0,CE,483.0,484.5,485.0,7436,2261,335,
2026-09-18 14:53:39,23376.2,2026-09-22,22900.0,PE,7.9,7.85,7.9,687217,68354,13090,12.85
2026-09-18 14:53:39,23376.2,2026-09-22,22950.0,CE,434.65,436.6,437.9,5655,1263,179,
2026-09-18 14:53:39,23376.2,2026-09-22,22950.0,PE,9.5,9.5,9.55,611041,52961,15873,12.32
2026-09-18 14:53:39,23376.2,2026-09-22,23000.0,CE,389.0,389.0,389.3,101415,12475,-1465,
2026-09-18 14:53:39,23376.2,2026-09-22,23000.0,PE,12.05,12.05,12.1,1612952,183011,34508,11.94
2026-09-18 14:53:39,23376.2,2026-09-22,23050.0,CE,342.95,342.05,343.0,30317,3083,349,6.91
2026-09-18 14:53:39,23376.2,2026-09-22,23050.0,PE,15.25,15.2,15.25,831030,75528,27251,11.49
2026-09-18 14:53:39,23376.2,2026-09-22,23100.0,CE,296.8,296.7,297.5,181055,13006,348,7.96
2026-09-18 14:53:39,23376.2,2026-09-22,23100.0,PE,19.75,19.75,19.85,1572344,121308,38823,11.14
2026-09-18 14:53:39,23376.2,2026-09-22,23150.0,CE,253.5,253.25,253.8,200348,9345,1531,8.51
2026-09-18 14:53:39,23376.2,2026-09-22,23150.0,PE,26.05,26.0,26.1,1192386,83827,37353,10.86
2026-09-18 14:53:39,23376.2,2026-09-22,23200.0,CE,212.0,211.65,212.0,1141335,54535,3351,8.51
2026-09-18 14:53:39,23376.2,2026-09-22,23200.0,PE,34.45,34.45,34.55,2849698,221296,87465,10.59
2026-09-18 14:53:39,23376.2,2026-09-22,23250.0,CE,173.05,172.7,173.1,1332778,46449,-1003,8.65
2026-09-18 14:53:39,23376.2,2026-09-22,23250.0,PE,45.6,45.55,45.7,2367776,170334,98531,10.36
2026-09-18 14:53:39,23376.2,2026-09-22,23300.0,CE,137.95,137.6,137.95,5050731,175754,74146,8.61
2026-09-18 14:53:39,23376.2,2026-09-22,23300.0,PE,60.45,60.3,60.45,6021527,366532,262024,10.23
2026-09-18 14:53:39,23376.2,2026-09-22,23350.0,CE,106.85,106.8,107.15,4570880,153409,99844,8.66
2026-09-18 14:53:39,23376.2,2026-09-22,23350.0,PE,79.25,79.25,79.45,3220529,186596,162201,10.14
2026-09-18 14:53:39,23376.2,2026-09-22,23400.0,CE,80.35,80.35,80.6,3924605,237958,137602,8.66
2026-09-18 14:53:39,23376.2,2026-09-22,23400.0,PE,103.4,103.4,103.5,2051940,149829,103985,10.16
2026-09-18 14:53:39,23376.2,2026-09-22,23450.0,CE,58.25,58.25,58.45,2120542,123257,69761,8.6
2026-09-18 14:53:39,23376.2,2026-09-22,23450.0,PE,131.0,131.0,131.35,546896,28470,19033,10.24
2026-09-18 14:53:39,23376.2,2026-09-22,23500.0,CE,41.2,41.2,41.3,2858132,199059,60844,8.59
2026-09-18 14:53:39,23376.2,2026-09-22,23500.0,PE,164.1,163.65,164.1,587271,53006,18368,10.37
2026-09-18 14:53:39,23376.2,2026-09-22,23550.0,CE,28.2,28.1,28.2,1389681,71089,21041,8.6
2026-09-18 14:53:39,23376.2,2026-09-22,23550.0,PE,200.05,200.1,200.45,101239,8050,3706,10.58
2026-09-18 14:53:39,23376.2,2026-09-22,23600.0,CE,18.7,18.7,18.75,1653861,142781,40204,8.67
2026-09-18 14:53:39,23376.2,2026-09-22,23600.0,PE,240.95,240.9,241.45,110250,14682,3142,11.01
2026-09-18 14:53:39,23376.2,2026-09-22,23650.0,CE,12.45,12.35,12.45,943641,63519,16179,8.79
2026-09-18 14:53:39,23376.2,2026-09-22,23650.0,PE,285.6,284.4,285.25,17960,3641,143,11.58
2026-09-18 14:53:39,23376.2,2026-09-22,23700.0,CE,8.25,8.2,8.25,1019673,144035,27708,8.98
2026-09-18 14:53:39,23376.2,2026-09-22,23700.0,PE,330.05,330.2,331.15,22167,9273,-1622,12.29
2026-09-18 14:53:39,23376.2,2026-09-22,23750.0,CE,5.5,5.5,5.55,512348,75876,17386,9.21
2026-09-18 14:53:39,23376.2,2026-09-22,23750.0,PE,378.15,377.25,378.5,2797,1599,-71,13.03
2026-09-18 14:53:39,23376.2,2026-09-22,23800.0,CE,3.9,3.9,3.95,684291,151686,22950,9.55
2026-09-18 14:53:39,23376.2,2026-09-22,23800.0,PE,427.85,425.45,427.0,6328,7269,-183,14.06
2026-09-18 14:53:39,23376.2,2026-09-22,23850.0,CE,3.0,3.05,3.1,313118,49701,6350,10.07
2026-09-18 14:53:39,23376.2,2026-09-22,23850.0,PE,487.05,475.0,476.45,704,1064,-3,15.01
2026-09-18 14:53:39,23376.2,2026-09-22,23900.0,CE,2.65,2.6,2.65,566143,100409,-4279,10.71
2026-09-18 14:53:39,23376.2,2026-09-22,23900.0,PE,525.6,523.6,525.25,980,6804,-138,16.56
2026-09-18 14:54:39,23384.8,2026-09-22,22900.0,CE,495.0,492.8,494.5,7582,2234,308,
2026-09-18 14:54:39,23384.8,2026-09-22,22900.0,PE,7.6,7.6,7.65,693020,68351,13087,12.85
2026-09-18 14:54:39,23384.8,2026-09-22,22950.0,CE,443.15,444.4,445.95,5744,1256,172,
2026-09-18 14:54:39,23384.8,2026-09-22,22950.0,PE,9.1,9.1,9.15,615332,52183,15095,12.32
2026-09-18 14:54:39,23384.8,2026-09-22,23000.0,CE,396.95,397.1,397.45,102595,12155,-1785,
2026-09-18 14:54:39,23384.8,2026-09-22,23000.0,PE,11.4,11.4,11.45,1626952,181895,33392,11.94
2026-09-18 14:54:39,23384.8,2026-09-22,23050.0,CE,350.3,349.85,350.75,30559,3012,278,6.91
2026-09-18 14:54:39,23384.8,2026-09-22,23050.0,PE,14.35,14.3,14.35,844233,71945,23668,11.49
2026-09-18 14:54:39,23384.8,2026-09-22,23100.0,CE,304.0,303.75,304.35,183315,12117,-541,7.96
2026-09-18 14:54:39,23384.8,2026-09-22,23100.0,PE,18.65,18.6,18.65,1589645,124881,42396,11.14
2026-09-18 14:54:39,23384.8,2026-09-22,23150.0,CE,259.95,259.75,260.35,202546,8924,1110,8.51
2026-09-18 14:54:39,23384.8,2026-09-22,23150.0,PE,24.55,24.5,24.6,1202362,83307,36833,10.86
2026-09-18 14:54:39,23384.8,2026-09-22,23200.0,CE,218.0,217.55,218.0,1151387,52715,1531,8.51
2026-09-18 14:54:39,23384.8,2026-09-22,23200.0,PE,32.55,32.55,32.6,2883616,221432,87601,10.59
2026-09-18 14:54:39,23384.8,2026-09-22,23250.0,CE,178.55,178.55,178.95,1344867,43845,-3607,8.65
2026-09-18 14:54:39,23384.8,2026-09-22,23250.0,PE,42.95,43.0,43.1,2396791,165048,93245,10.36
2026-09-18 14:54:39,23384.8,2026-09-22,23300.0,CE,142.65,142.65,143.0,5099387,168049,66441,8.61
2026-09-18 14:54:39,23384.8,2026-09-22,23300.0,PE,57.05,57.05,57.2,6082712,370674,266166,10.23
2026-09-18 14:54:39,23384.8,2026-09-22,23350.0,CE,111.3,111.2,111.45,4628943,142476,88911,8.66
2026-09-18 14:54:39,23384.8,2026-09-22,23350.0,PE,75.45,75.35,75.45,3267927,186158,161763,10.14
2026-09-18 14:54:39,23384.8,2026-09-22,23400.0,CE,84.2,84.0,84.2,4004669,232152,131796,8.66
2026-09-18 14:54:39,23384.8,2026-09-22,23400.0,PE,98.55,98.5,98.6,2091376,149734,103890,10.16
2026-09-18 14:54:39,23384.8,2026-09-22,23450.0,CE,61.15,61.15,61.25,2156008,118395,64899,8.6
2026-09-18 14:54:39,23384.8,2026-09-22,23450.0,PE,125.75,125.7,125.9,555672,28385,18948,10.24
2026-09-18 14:54:39,23384.8,2026-09-22,23500.0,CE,43.15,43.15,43.25,2902346,197165,58950,8.59
2026-09-18 14:54:39,23384.8,2026-09-22,23500.0,PE,158.05,157.7,158.05,596642,53280,18642,10.37
2026-09-18 14:54:39,23384.8,2026-09-22,23550.0,CE,29.55,29.45,29.55,1412954,72469,22421,8.6
2026-09-18 14:54:39,23384.8,2026-09-22,23550.0,PE,194.05,193.7,194.15,103191,8218,3874,10.58
2026-09-18 14:54:39,23384.8,2026-09-22,23600.0,CE,19.7,19.7,19.8,1685737,143741,41164,8.67
2026-09-18 14:54:39,23384.8,2026-09-22,23600.0,PE,234.15,233.7,234.25,112926,16038,4498,11.01
2026-09-18 14:54:39,23384.8,2026-09-22,23650.0,CE,13.05,13.05,13.1,961683,65081,17741,8.79
2026-09-18 14:54:39,23384.8,2026-09-22,23650.0,PE,277.45,276.95,277.65,18344,3760,262,11.58
2026-09-18 14:54:39,23384.8,2026-09-22,23700.0,CE,8.65,8.65,8.75,1034207,145068,28741,8.98
2026-09-18 14:54:39,23384.8,2026-09-22,23700.0,PE,322.7,322.2,323.1,22700,9285,-1610,12.29
2026-09-18 14:54:39,23384.8,2026-09-22,23750.0,CE,5.85,5.8,5.85,522600,76348,17858,9.21
2026-09-18 14:54:39,23384.8,2026-09-22,23750.0,PE,369.0,368.9,370.2,2912,1598,-72,13.03
2026-09-18 14:54:39,23384.8,2026-09-22,23800.0,CE,4.15,4.1,4.15,694316,152272,23536,9.55
2026-09-18 14:54:39,23384.8,2026-09-22,23800.0,PE,418.0,416.8,418.35,6543,7219,-233,14.06
2026-09-18 14:54:39,23384.8,2026-09-22,23850.0,CE,3.25,3.2,3.25,318526,49490,6139,10.07
2026-09-18 14:54:39,23384.8,2026-09-22,23850.0,PE,467.2,457.85,467.55,746,1074,7,15.01
2026-09-18 14:54:39,23384.8,2026-09-22,23900.0,CE,2.75,2.75,2.8,571127,100779,-3909,10.71
2026-09-18 14:54:39,23384.8,2026-09-22,23900.0,PE,515.2,515.3,516.9,1027,6796,-146,16.56
2026-09-18 14:55:39,23384.9,2026-09-22,22900.0,CE,492.0,491.75,493.6,7589,2234,308,
2026-09-18 14:55:39,23384.9,2026-09-22,22900.0,PE,7.65,7.65,7.75,695387,68351,13087,12.85
2026-09-18 14:55:39,23384.9,2026-09-22,22950.0,CE,443.85,443.55,445.0,5762,1256,172,
2026-09-18 14:55:39,23384.9,2026-09-22,22950.0,PE,9.2,9.2,9.25,617104,52183,15095,12.32
2026-09-18 14:55:39,23384.9,2026-09-22,23000.0,CE,395.1,395.7,396.85,102800,12155,-1785,
2026-09-18 14:55:39,23384.9,2026-09-22,23000.0,PE,11.6,11.5,11.6,1630586,181895,33392,11.94
2026-09-18 14:55:39,23384.9,2026-09-22,23050.0,CE,349.0,348.85,349.85,30626,3012,278,6.91
2026-09-18 14:55:39,23384.9,2026-09-22,23050.0,PE,14.5,14.45,14.5,852606,71945,23668,11.49
2026-09-18 14:55:39,23384.9,2026-09-22,23100.0,CE,303.9,303.1,303.9,183604,12117,-541,7.96
2026-09-18 14:55:39,23384.9,2026-09-22,23100.0,PE,18.65,18.65,18.75,1599560,124881,42396,11.14
2026-09-18 14:55:39,23384.9,2026-09-22,23150.0,CE,259.9,259.05,259.7,202817,8924,1110,8.51
2026-09-18 14:55:39,23384.9,2026-09-22,23150.0,PE,24.65,24.6,24.7,1205350,83307,36833,10.86
2026-09-18 14:55:39,23384.9,2026-09-22,23200.0,CE,217.55,217.1,217.6,1153472,52715,1531,8.51
2026-09-18 14:55:39,23384.9,2026-09-22,23200.0,PE,32.7,32.6,32.7,2889895,221432,87601,10.59
2026-09-18 14:55:39,23384.9,2026-09-22,23250.0,CE,178.25,177.8,178.2,1347228,43845,-3607,8.65
2026-09-18 14:55:39,23384.9,2026-09-22,23250.0,PE,43.05,43.05,43.15,2400899,165048,93245,10.36
2026-09-18 14:55:39,23384.9,2026-09-22,23300.0,CE,141.85,141.5,141.85,5111379,168049,66441,8.61
2026-09-18 14:55:39,23384.9,2026-09-22,23300.0,PE,57.55,57.4,57.55,6095771,370674,266166,10.23
2026-09-18 14:55:39,23384.9,2026-09-22,23350.0,CE,110.6,110.6,110.85,4643394,142476,88911,8.66
2026-09-18 14:55:39,23384.9,2026-09-22,23350.0,PE,75.55,75.5,75.65,3279749,186158,161763,10.14
2026-09-18 14:55:39,23384.9,2026-09-22,23400.0,CE,83.6,83.5,83.65,4026206,232152,131796,8.66
2026-09-18 14:55:39,23384.9,2026-09-22,23400.0,PE,98.8,98.75,98.85,2103799,149734,103890,10.16
2026-09-18 14:55:39,23384.9,2026-09-22,23450.0,CE,60.7,60.7,60.85,2165337,118395,64899,8.6
2026-09-18 14:55:39,23384.9,2026-09-22,23450.0,PE,126.15,125.85,126.1,557595,28385,18948,10.24
2026-09-18 14:55:39,23384.9,2026-09-22,23500.0,CE,42.85,42.7,42.85,2917339,197165,58950,8.59
2026-09-18 14:55:39,23384.9,2026-09-22,23500.0,PE,158.1,158.05,158.45,599278,53280,18642,10.37
2026-09-18 14:55:39,23384.9,2026-09-22,23550.0,CE,29.25,29.25,29.35,1420531,72469,22421,8.6
2026-09-18 14:55:39,23384.9,2026-09-22,23550.0,PE,194.95,194.0,194.45,103539,8218,3874,10.58
2026-09-18 14:55:39,23384.9,2026-09-22,23600.0,CE,19.35,19.4,19.45,1695335,143741,41164,8.67
2026-09-18 14:55:39,23384.9,2026-09-22,23600.0,PE,235.05,234.45,235.0,113392,16038,4498,11.01
2026-09-18 14:55:39,23384.9,2026-09-22,23650.0,CE,12.85,12.8,12.85,967159,65081,17741,8.79
2026-09-18 14:55:39,23384.9,2026-09-22,23650.0,PE,278.6,278.0,278.85,18491,3760,262,11.58
2026-09-18 14:55:39,23384.9,2026-09-22,23700.0,CE,8.55,8.5,8.55,1039745,145068,28741,8.98
2026-09-18 14:55:39,23384.9,2026-09-22,23700.0,PE,323.95,323.2,324.1,22771,9285,-1610,12.29
2026-09-18 14:55:39,23384.9,2026-09-22,23750.0,CE,5.7,5.7,5.75,525777,76348,17858,9.21
2026-09-18 14:55:39,23384.9,2026-09-22,23750.0,PE,370.45,369.7,370.9,2917,1598,-72,13.03
2026-09-18 14:55:39,23384.9,2026-09-22,23800.0,CE,4.05,4.0,4.05,697474,152272,23536,9.55
2026-09-18 14:55:39,23384.9,2026-09-22,23800.0,PE,419.4,418.2,419.8,6579,7219,-233,14.06
2026-09-18 14:55:39,23384.9,2026-09-22,23850.0,CE,3.2,3.2,3.25,319819,49490,6139,10.07
2026-09-18 14:55:39,23384.9,2026-09-22,23850.0,PE,466.9,466.65,468.45,761,1074,7,15.01
2026-09-18 14:55:39,23384.9,2026-09-22,23900.0,CE,2.7,2.7,2.75,574790,100779,-3909,10.71
2026-09-18 14:55:39,23384.9,2026-09-22,23900.0,PE,515.2,515.9,518.15,1027,6796,-146,16.56
2026-09-18 14:56:39,23384.4,2026-09-22,22900.0,CE,494.55,493.55,495.15,7651,2247,321,
2026-09-18 14:56:39,23384.4,2026-09-22,22900.0,PE,7.6,7.55,7.6,699195,69494,14230,12.85
2026-09-18 14:56:39,23384.4,2026-09-22,22950.0,CE,445.95,445.1,446.55,5811,1257,173,
2026-09-18 14:56:39,23384.4,2026-09-22,22950.0,PE,9.05,9.05,9.1,620890,51973,14885,12.32
2026-09-18 14:56:39,23384.4,2026-09-22,23000.0,CE,397.05,397.15,398.0,103391,11976,-1964,
2026-09-18 14:56:39,23384.4,2026-09-22,23000.0,PE,11.4,11.35,11.4,1636253,182146,33643,11.94
2026-09-18 14:56:39,23384.4,2026-09-22,23050.0,CE,351.2,350.3,351.25,30777,2841,107,6.91
2026-09-18 14:56:39,23384.4,2026-09-22,23050.0,PE,14.35,14.3,14.35,861616,69468,21191,11.49
2026-09-18 14:56:39,23384.4,2026-09-22,23100.0,CE,305.0,304.6,305.4,184367,11990,-668,7.96
2026-09-18 14:56:39,23384.4,2026-09-22,23100.0,PE,18.45,18.45,18.5,1609239,129601,47116,11.14
2026-09-18 14:56:39,23384.4,2026-09-22,23150.0,CE,261.0,260.5,261.2,203373,8809,995,8.51
2026-09-18 14:56:39,23384.4,2026-09-22,23150.0,PE,24.5,24.4,24.5,1210938,84012,37538,10.86
2026-09-18 14:56:39,23384.4,2026-09-22,23200.0,CE,218.2,218.3,218.9,1158150,51746,562,8.51
2026-09-18 14:56:39,23384.4,2026-09-22,23200.0,PE,32.45,32.45,32.5,2902004,223013,89182,10.59
2026-09-18 14:56:39,23384.4,2026-09-22,23250.0,CE,179.2,179.1,179.55,1352119,42690,-4762,8.65
2026-09-18 14:56:39,23384.4,2026-09-22,23250.0,PE,42.95,42.8,42.95,2409877,166805,95002,10.36
2026-09-18 14:56:39,23384.4,2026-09-22,23300.0,CE,143.25,143.25,143.65,5136817,161621,60013,8.61
2026-09-18 14:56:39,23384.4,2026-09-22,23300.0,PE,56.9,56.9,57.0,6119703,371170,266662,10.23
2026-09-18 14:56:39,23384.4,2026-09-22,23350.0,CE,112.0,111.75,112.0,4669430,136774,83209,8.66
2026-09-18 14:56:39,23384.4,2026-09-22,23350.0,PE,75.3,75.1,75.35,3297223,188297,163902,10.14
2026-09-18 14:56:39,23384.4,2026-09-22,23400.0,CE,84.45,84.45,84.6,4060590,227908,127552,8.66
2026-09-18 14:56:39,23384.4,2026-09-22,23400.0,PE,98.3,98.2,98.3,2118709,157183,111339,10.16
2026-09-18 14:56:39,23384.4,2026-09-22,23450.0,CE,61.75,61.65,61.8,2183112,115104,61608,8.6
2026-09-18 14:56:39,23384.4,2026-09-22,23450.0,PE,125.3,125.25,125.4,561121,29809,20372,10.24
2026-09-18 14:56:39,23384.4,2026-09-22,23500.0,CE,43.65,43.55,43.65,2942990,191561,53346,8.59
2026-09-18 14:56:39,23384.4,2026-09-22,23500.0,PE,157.2,157.15,157.5,602827,55427,20789,10.37
2026-09-18 14:56:39,23384.4,2026-09-22,23550.0,CE,29.8,29.8,29.9,1433714,69457,19409,8.6
2026-09-18 14:56:39,23384.4,2026-09-22,23550.0,PE,193.05,192.95,193.4,104240,8510,4166,10.58
2026-09-18 14:56:39,23384.4,2026-09-22,23600.0,CE,19.85,19.8,19.85,1712945,146978,44401,8.67
2026-09-18 14:56:39,23384.4,2026-09-22,23600.0,PE,233.75,233.3,233.9,114274,16507,4967,11.01
2026-09-18 14:56:39,23384.4,2026-09-22,23650.0,CE,13.2,13.2,13.3,976943,66698,19358,8.79
2026-09-18 14:56:39,23384.4,2026-09-22,23650.0,PE,276.65,276.05,276.95,18596,3842,344,11.58
2026-09-18 14:56:39,23384.4,2026-09-22,23700.0,CE,8.8,8.75,8.8,1052532,143631,27304,8.98
2026-09-18 14:56:39,23384.4,2026-09-22,23700.0,PE,322.75,322.25,322.7,23013,9383,-1512,12.29
2026-09-18 14:56:39,23384.4,2026-09-22,23750.0,CE,5.9,5.9,5.95,532976,77302,18812,9.21
2026-09-18 14:56:39,23384.4,2026-09-22,23750.0,PE,369.55,368.35,369.6,2964,1599,-71,13.03
2026-09-18 14:56:39,23384.4,2026-09-22,23800.0,CE,4.15,4.15,4.2,703728,153030,24294,9.55
2026-09-18 14:56:39,23384.4,2026-09-22,23800.0,PE,416.45,416.45,417.9,6639,7232,-220,14.06
2026-09-18 14:56:39,23384.4,2026-09-22,23850.0,CE,3.3,3.3,3.35,323469,49765,6414,10.07
2026-09-18 14:56:39,23384.4,2026-09-22,23850.0,PE,465.45,464.8,466.55,781,1079,12,15.01
2026-09-18 14:56:39,23384.4,2026-09-22,23900.0,CE,2.75,2.75,2.8,580510,100627,-4061,10.71
2026-09-18 14:56:39,23384.4,2026-09-22,23900.0,PE,516.35,514.1,516.05,1047,6794,-148,16.56
2026-09-18 14:57:40,23380.55,2026-09-22,22900.0,CE,490.0,488.9,490.7,7692,2247,321,
2026-09-18 14:57:40,23380.55,2026-09-22,22900.0,PE,7.7,7.65,7.7,703012,69494,14230,12.85
2026-09-18 14:57:40,23380.55,2026-09-22,22950.0,CE,443.7,441.05,442.3,5820,1268,184,
2026-09-18 14:57:40,23380.55,2026-09-22,22950.0,PE,9.15,9.15,9.2,623185,51973,14885,12.32
2026-09-18 14:57:40,23380.55,2026-09-22,23000.0,CE,392.9,393.5,394.0,103928,11976,-1964,
2026-09-18 14:57:40,23380.55,2026-09-22,23000.0,PE,11.5,11.5,11.55,1640722,182146,33643,11.94
2026-09-18 14:57:40,23380.55,2026-09-22,23050.0,CE,347.1,345.95,346.95,31128,2841,107,6.91
2026-09-18 14:57:40,23380.55,2026-09-22,23050.0,PE,14.5,14.5,14.55,865018,69468,21191,11.49
2026-09-18 14:57:40,23380.55,2026-09-22,23100.0,CE,300.3,300.8,301.5,184911,11880,-778,7.96
2026-09-18 14:57:40,23380.55,2026-09-22,23100.0,PE,18.75,18.7,18.75,1615383,129509,47024,11.14
2026-09-18 14:57:40,23380.55,2026-09-22,23150.0,CE,257.2,256.05,256.7,203958,8722,908,8.51
2026-09-18 14:57:40,23380.55,2026-09-22,23150.0,PE,24.85,24.8,24.85,1215107,84721,38247,10.86
2026-09-18 14:57:40,23380.55,2026-09-22,23200.0,CE,214.0,214.0,214.55,1161536,51398,214,8.51
2026-09-18 14:57:40,23380.55,2026-09-22,23200.0,PE,32.9,32.9,33.0,2910977,223096,89265,10.59
2026-09-18 14:57:40,23380.55,2026-09-22,23250.0,CE,175.5,175.1,175.5,1356096,42690,-4762,8.65
2026-09-18 14:57:40,23380.55,2026-09-22,23250.0,PE,43.65,43.55,43.6,2416400,166805,95002,10.36
2026-09-18 14:57:40,23380.55,2026-09-22,23300.0,CE,139.95,139.95,140.35,5157043,161621,60013,8.61
2026-09-18 14:57:40,23380.55,2026-09-22,23300.0,PE,57.75,57.55,57.75,6141788,371170,266662,10.23
2026-09-18 14:57:40,23380.55,2026-09-22,23350.0,CE,108.9,108.85,109.15,4694744,136774,83209,8.66
2026-09-18 14:57:40,23380.55,2026-09-22,23350.0,PE,76.25,76.0,76.2,3313155,188297,163902,10.14
2026-09-18 14:57:40,23380.55,2026-09-22,23400.0,CE,81.4,81.35,81.6,4096195,227908,127552,8.66
2026-09-18 14:57:40,23380.55,2026-09-22,23400.0,PE,99.8,99.7,99.85,2137749,157183,111339,10.16
2026-09-18 14:57:40,23380.55,2026-09-22,23450.0,CE,59.3,59.25,59.45,2201440,113632,60136,8.6
2026-09-18 14:57:40,23380.55,2026-09-22,23450.0,PE,127.05,126.75,127.05,564593,30171,20734,10.24
2026-09-18 14:57:40,23380.55,2026-09-22,23500.0,CE,41.3,41.3,41.4,2967607,189924,51709,8.59
2026-09-18 14:57:40,23380.55,2026-09-22,23500.0,PE,160.0,159.65,160.0,606587,55294,20656,10.37
2026-09-18 14:57:40,23380.55,2026-09-22,23550.0,CE,28.1,28.1,28.2,1445631,69664,19616,8.6
2026-09-18 14:57:40,23380.55,2026-09-22,23550.0,PE,196.4,196.05,196.55,104787,8600,4256,10.58
2026-09-18 14:57:40,23380.55,2026-09-22,23600.0,CE,18.6,18.6,18.65,1727483,146978,44401,8.67
2026-09-18 14:57:40,23380.55,2026-09-22,23600.0,PE,237.0,236.6,237.0,114888,16507,4967,11.01
2026-09-18 14:57:40,23380.55,2026-09-22,23650.0,CE,12.45,12.4,12.5,982834,66698,19358,8.79
2026-09-18 14:57:40,23380.55,2026-09-22,23650.0,PE,279.0,279.2,280.05,18743,3842,344,11.58
2026-09-18 14:57:40,23380.55,2026-09-22,23700.0,CE,8.25,8.2,8.3,1065269,143631,27304,8.98
2026-09-18 14:57:40,23380.55,2026-09-22,23700.0,PE,326.0,324.95,325.9,23231,9383,-1512,12.29
2026-09-18 14:57:40,23380.55,2026-09-22,23750.0,CE,5.5,5.5,5.55,536803,77302,18812,9.21
2026-09-18 14:57:40,23380.55,2026-09-22,23750.0,PE,372.6,372.8,373.9,2986,1599,-71,13.03
2026-09-18 14:57:40,23380.55,2026-09-22,23800.0,CE,4.0,3.95,4.0,709253,152825,24089,9.55
2026-09-18 14:57:40,23380.55,2026-09-22,23800.0,PE,420.6,420.65,422.0,6668,7240,-212,14.06
2026-09-18 14:57:40,23380.55,2026-09-22,23850.0,CE,3.15,3.15,3.2,325928,49430,6079,10.07
2026-09-18 14:57:40,23380.55,2026-09-22,23850.0,PE,468.2,469.7,471.45,787,1079,12,15.01
2026-09-18 14:57:40,23380.55,2026-09-22,23900.0,CE,2.7,2.7,2.75,584807,100061,-4627,10.71
2026-09-18 14:57:40,23380.55,2026-09-22,23900.0,PE,516.55,518.4,520.0,1050,6794,-148,16.56
2026-09-18 14:58:40,23380.75,2026-09-22,22900.0,CE,486.15,485.05,486.95,7731,2268,342,
2026-09-18 14:58:40,23380.75,2026-09-22,22900.0,PE,7.65,7.6,7.65,705601,69400,14136,12.85
2026-09-18 14:58:40,23380.75,2026-09-22,22950.0,CE,438.55,436.95,438.3,5838,1276,192,
2026-09-18 14:58:40,23380.75,2026-09-22,22950.0,PE,9.15,9.15,9.2,624438,52089,15001,12.32
2026-09-18 14:58:40,23380.75,2026-09-22,23000.0,CE,389.05,389.2,390.3,104202,11980,-1960,
2026-09-18 14:58:40,23380.75,2026-09-22,23000.0,PE,11.55,11.5,11.55,1646124,181860,33357,11.94
2026-09-18 14:58:40,23380.75,2026-09-22,23050.0,CE,342.65,342.5,343.5,31242,2804,70,6.91
2026-09-18 14:58:40,23380.75,2026-09-22,23050.0,PE,14.6,14.55,14.6,867656,69165,20888,11.49
2026-09-18 14:58:40,23380.75,2026-09-22,23100.0,CE,297.65,296.85,297.7,185512,11880,-778,7.96
2026-09-18 14:58:40,23380.75,2026-09-22,23100.0,PE,19.0,18.9,19.0,1620178,129509,47024,11.14
2026-09-18 14:58:40,23380.75,2026-09-22,23150.0,CE,253.75,253.25,253.8,204473,8722,908,8.51
2026-09-18 14:58:40,23380.75,2026-09-22,23150.0,PE,25.05,25.0,25.05,1220077,84721,38247,10.86
2026-09-18 14:58:40,23380.75,2026-09-22,23200.0,CE,211.25,211.1,211.65,1164483,51398,214,8.51
2026-09-18 14:58:40,23380.75,2026-09-22,23200.0,PE,33.45,33.35,33.45,2918527,223096,89265,10.59
2026-09-18 14:58:40,23380.75,2026-09-22,23250.0,CE,172.8,172.3,172.7,1361259,42145,-5307,8.65
2026-09-18 14:58:40,23380.75,2026-09-22,23250.0,PE,44.3,44.15,44.25,2422924,167185,95382,10.36
2026-09-18 14:58:40,23380.75,2026-09-22,23300.0,CE,137.05,136.85,137.1,5174593,160085,58477,8.61
2026-09-18 14:58:40,23380.75,2026-09-22,23300.0,PE,59.0,58.85,59.0,6159964,371987,267479,10.23
2026-09-18 14:58:40,23380.75,2026-09-22,23350.0,CE,106.25,106.05,106.25,4717039,134814,81249,8.66
2026-09-18 14:58:40,23380.75,2026-09-22,23350.0,PE,77.55,77.55,77.8,3329418,189760,165365,10.14
2026-09-18 14:58:40,23380.75,2026-09-22,23400.0,CE,79.9,79.7,79.9,4127183,226386,126030,8.66
2026-09-18 14:58:40,23380.75,2026-09-22,23400.0,PE,101.35,101.35,101.55,2154780,160169,114325,10.16
2026-09-18 14:58:40,23380.75,2026-09-22,23450.0,CE,57.6,57.55,57.6,2216789,113632,60136,8.6
2026-09-18 14:58:40,23380.75,2026-09-22,23450.0,PE,129.3,129.0,129.25,567973,30171,20734,10.24
2026-09-18 14:58:40,23380.75,2026-09-22,23500.0,CE,40.25,40.15,40.3,2989661,189924,51709,8.59
2026-09-18 14:58:40,23380.75,2026-09-22,23500.0,PE,161.85,161.85,162.25,610989,55294,20656,10.37
2026-09-18 14:58:40,23380.75,2026-09-22,23550.0,CE,27.15,27.2,27.3,1455161,69664,19616,8.6
2026-09-18 14:58:40,23380.75,2026-09-22,23550.0,PE,198.5,198.55,199.1,105595,8600,4256,10.58
2026-09-18 14:58:40,23380.75,2026-09-22,23600.0,CE,17.9,17.9,18.0,1740715,146819,44242,8.67
2026-09-18 14:58:40,23380.75,2026-09-22,23600.0,PE,239.9,239.3,239.85,115715,16492,4952,11.01
2026-09-18 14:58:40,23380.75,2026-09-22,23650.0,CE,11.8,11.75,11.85,988987,65984,18644,8.79
2026-09-18 14:58:40,23380.75,2026-09-22,23650.0,PE,282.9,283.1,283.95,18841,3853,355,11.58
2026-09-18 14:58:40,23380.75,2026-09-22,23700.0,CE,7.85,7.8,7.85,1073227,143656,27329,8.98
2026-09-18 14:58:40,23380.75,2026-09-22,23700.0,PE,329.0,329.0,329.7,23391,9395,-1500,12.29
2026-09-18 14:58:40,23380.75,2026-09-22,23750.0,CE,5.25,5.25,5.3,541741,76936,18446,9.21
2026-09-18 14:58:40,23380.75,2026-09-22,23750.0,PE,375.75,375.85,377.0,3004,1599,-71,13.03
2026-09-18 14:58:40,23380.75,2026-09-22,23800.0,CE,3.8,3.75,3.8,714435,152825,24089,9.55
2026-09-18 14:58:40,23380.75,2026-09-22,23800.0,PE,424.3,424.35,425.8,6718,7240,-212,14.06
2026-09-18 14:58:40,23380.75,2026-09-22,23850.0,CE,3.05,3.05,3.1,329141,49430,6079,10.07
2026-09-18 14:58:40,23380.75,2026-09-22,23850.0,PE,473.15,473.25,474.8,790,1079,12,15.01
2026-09-18 14:58:40,23380.75,2026-09-22,23900.0,CE,2.65,2.65,2.7,589998,100061,-4627,10.71
2026-09-18 14:58:40,23380.75,2026-09-22,23900.0,PE,520.0,522.5,524.75,1053,6794,-148,16.56
2026-09-18 14:59:40,23384.45,2026-09-22,22900.0,CE,485.9,485.8,487.7,7749,2254,328,
2026-09-18 14:59:40,23384.45,2026-09-22,22900.0,PE,7.6,7.6,7.65,707144,68799,13535,12.85
2026-09-18 14:59:40,23384.45,2026-09-22,22950.0,CE,438.75,437.7,439.1,5852,1285,201,
2026-09-18 14:59:40,23384.45,2026-09-22,22950.0,PE,9.2,9.2,9.25,625198,52071,14983,12.32
2026-09-18 14:59:40,23384.45,2026-09-22,23000.0,CE,390.2,390.05,390.95,104262,11991,-1949,
2026-09-18 14:59:40,23384.45,2026-09-22,23000.0,PE,11.6,11.55,11.6,1649122,181587,33084,11.94
2026-09-18 14:59:40,23384.45,2026-09-22,23050.0,CE,343.45,343.2,344.15,31266,2763,29,6.91
2026-09-18 14:59:40,23384.45,2026-09-22,23050.0,PE,14.6,14.6,14.65,868920,68791,20514,11.49
2026-09-18 14:59:40,23384.45,2026-09-22,23100.0,CE,298.0,297.3,298.0,185680,11767,-891,7.96
2026-09-18 14:59:40,23384.45,2026-09-22,23100.0,PE,18.95,18.95,19.0,1622367,129219,46734,11.14
2026-09-18 14:59:40,23384.45,2026-09-22,23150.0,CE,254.55,253.9,254.55,204585,8682,868,8.51
2026-09-18 14:59:40,23384.45,2026-09-22,23150.0,PE,25.0,25.0,25.05,1223916,84545,38071,10.86
2026-09-18 14:59:40,23384.45,2026-09-22,23200.0,CE,212.0,211.7,212.0,1165417,50889,-295,8.51
2026-09-18 14:59:40,23384.45,2026-09-22,23200.0,PE,33.3,33.25,33.4,2923327,223568,89737,10.59
2026-09-18 14:59:40,23384.45,2026-09-22,23250.0,CE,172.8,173.0,173.35,1362518,43004,-4448,8.65
2026-09-18 14:59:40,23384.45,2026-09-22,23250.0,PE,44.0,44.0,44.1,2426835,167380,95577,10.36
2026-09-18 14:59:40,23384.45,2026-09-22,23300.0,CE,137.45,137.4,137.8,5180094,158613,57005,8.61
2026-09-18 14:59:40,23384.45,2026-09-22,23300.0,PE,58.75,58.6,58.7,6171924,373408,268900,10.23
2026-09-18 14:59:40,23384.45,2026-09-22,23350.0,CE,106.55,106.4,106.6,4721982,131124,77559,8.66
2026-09-18 14:59:40,23384.45,2026-09-22,23350.0,PE,77.5,77.3,77.45,3337289,190869,166474,10.14
2026-09-18 14:59:40,23384.45,2026-09-22,23400.0,CE,80.0,79.9,80.0,4139479,222800,122444,8.66
2026-09-18 14:59:40,23384.45,2026-09-22,23400.0,PE,101.0,100.95,101.0,2164014,162409,116565,10.16
2026-09-18 14:59:40,23384.45,2026-09-22,23450.0,CE,57.5,57.5,57.6,2221342,113275,59779,8.6
2026-09-18 14:59:40,23384.45,2026-09-22,23450.0,PE,128.5,128.55,128.85,569421,29955,20518,10.24
2026-09-18 14:59:40,23384.45,2026-09-22,23500.0,CE,40.3,40.25,40.35,2996798,189245,51030,8.59
2026-09-18 14:59:40,23384.45,2026-09-22,23500.0,PE,161.05,161.0,161.35,613398,55449,20811,10.37
2026-09-18 14:59:40,23384.45,2026-09-22,23550.0,CE,27.15,27.15,27.25,1457900,69421,19373,8.6
2026-09-18 14:59:40,23384.45,2026-09-22,23550.0,PE,198.0,197.7,198.2,105948,8561,4217,10.58
2026-09-18 14:59:40,23384.45,2026-09-22,23600.0,CE,17.95,17.85,17.95,1745000,146311,43734,8.67
2026-09-18 14:59:40,23384.45,2026-09-22,23600.0,PE,238.65,238.5,239.0,115953,16352,4812,11.01
2026-09-18 14:59:40,23384.45,2026-09-22,23650.0,CE,11.7,11.65,11.7,991174,65463,18123,8.79
2026-09-18 14:59:40,23384.45,2026-09-22,23650.0,PE,283.15,281.95,282.8,18898,3804,306,11.58
2026-09-18 14:59:40,23384.45,2026-09-22,23700.0,CE,7.75,7.7,7.75,1076555,143975,27648,8.98
2026-09-18 14:59:40,23384.45,2026-09-22,23700.0,PE,328.35,328.0,329.0,23454,9356,-1539,12.29
2026-09-18 14:59:40,23384.45,2026-09-22,23750.0,CE,5.15,5.1,5.15,545224,75851,17361,9.21
2026-09-18 14:59:40,23384.45,2026-09-22,23750.0,PE,375.35,375.15,376.35,3012,1597,-73,13.03
2026-09-18 14:59:40,23384.45,2026-09-22,23800.0,CE,3.7,3.65,3.7,719097,152696,23960,9.55
2026-09-18 14:59:40,23384.45,2026-09-22,23800.0,PE,424.0,423.6,425.1,6734,7235,-217,14.06
2026-09-18 14:59:40,23384.45,2026-09-22,23850.0,CE,2.95,2.95,3.0,330371,49630,6279,10.07
2026-09-18 14:59:40,23384.45,2026-09-22,23850.0,PE,473.3,472.25,474.55,791,1079,12,15.01
2026-09-18 14:59:40,23384.45,2026-09-22,23900.0,CE,2.55,2.55,2.6,593864,98214,-6474,10.71
2026-09-18 14:59:40,23384.45,2026-09-22,23900.0,PE,524.0,521.6,523.65,1066,6796,-146,16.56
2026-09-18 15:00:40,23385.85,2026-09-22,22900.0,CE,493.65,493.2,494.95,7806,2245,319,
2026-09-18 15:00:40,23385.85,2026-09-22,22900.0,PE,7.55,7.5,7.55,709899,68975,13711,12.85
2026-09-18 15:00:40,23385.85,2026-09-22,22950.0,CE,447.95,445.25,446.75,5935,1294,210,
2026-09-18 15:00:40,23385.85,2026-09-22,22950.0,PE,9.0,9.0,9.05,629130,52211,15123,12.32
2026-09-18 15:00:40,23385.85,2026-09-22,23000.0,CE,398.75,397.15,398.2,105082,11980,-1960,
2026-09-18 15:00:40,23385.85,2026-09-22,23000.0,PE,11.3,11.25,11.3,1654349,181619,33116,11.94
2026-09-18 15:00:40,23385.85,2026-09-22,23050.0,CE,350.75,350.35,351.15,31387,2764,30,6.91
2026-09-18 15:00:40,23385.85,2026-09-22,23050.0,PE,14.15,14.15,14.2,872741,68682,20405,11.49
2026-09-18 15:00:40,23385.85,2026-09-22,23100.0,CE,305.4,304.3,305.1,186303,11775,-883,7.96
2026-09-18 15:00:40,23385.85,2026-09-22,23100.0,PE,18.15,18.15,18.25,1629421,129184,46699,11.14
2026-09-18 15:00:40,23385.85,2026-09-22,23150.0,CE,261.0,260.35,261.0,205314,8679,865,8.51
2026-09-18 15:00:40,23385.85,2026-09-22,23150.0,PE,24.15,24.1,24.2,1228560,85218,38744,10.86
2026-09-18 15:00:40,23385.85,2026-09-22,23200.0,CE,218.4,217.85,218.4,1169946,50709,-475,8.51
2026-09-18 15:00:40,23385.85,2026-09-22,23200.0,PE,31.95,31.95,32.05,2939401,223269,89438,10.59
2026-09-18 15:00:40,23385.85,2026-09-22,23250.0,CE,178.55,178.55,179.0,1367681,42850,-4602,8.65
2026-09-18 15:00:40,23385.85,2026-09-22,23250.0,PE,42.4,42.3,42.35,2437658,167179,95376,10.36
2026-09-18 15:00:40,23385.85,2026-09-22,23300.0,CE,142.55,142.55,142.95,5201235,158419,56811,8.61
2026-09-18 15:00:40,23385.85,2026-09-22,23300.0,PE,56.15,56.0,56.15,6202608,371744,267236,10.23
2026-09-18 15:00:40,23385.85,2026-09-22,23350.0,CE,110.95,110.75,111.0,4748098,130860,77295,8.66
2026-09-18 15:00:40,23385.85,2026-09-22,23350.0,PE,74.1,74.1,74.25,3363119,191298,166903,10.14
2026-09-18 15:00:40,23385.85,2026-09-22,23400.0,CE,83.45,83.35,83.6,4178406,222406,122050,8.66
2026-09-18 15:00:40,23385.85,2026-09-22,23400.0,PE,96.9,96.95,97.2,2188353,164445,118601,10.16
2026-09-18 15:00:40,23385.85,2026-09-22,23450.0,CE,60.5,60.4,60.5,2239646,113921,60425,8.6
2026-09-18 15:00:40,23385.85,2026-09-22,23450.0,PE,124.0,124.0,124.2,574804,29620,20183,10.24
2026-09-18 15:00:40,23385.85,2026-09-22,23500.0,CE,42.4,42.35,42.45,3017454,189637,51422,8.59
2026-09-18 15:00:40,23385.85,2026-09-22,23500.0,PE,155.8,155.85,156.2,619793,55658,21020,10.37
2026-09-18 15:00:40,23385.85,2026-09-22,23550.0,CE,28.7,28.6,28.7,1467795,69589,19541,8.6
2026-09-18 15:00:40,23385.85,2026-09-22,23550.0,PE,191.5,191.9,192.4,106742,8528,4184,10.58
2026-09-18 15:00:40,23385.85,2026-09-22,23600.0,CE,18.9,18.8,18.9,1758264,145676,43099,8.67
2026-09-18 15:00:40,23385.85,2026-09-22,23600.0,PE,232.4,232.45,232.8,117092,16458,4918,11.01
2026-09-18 15:00:40,23385.85,2026-09-22,23650.0,CE,12.25,12.25,12.35,1000159,65440,18100,8.79
2026-09-18 15:00:40,23385.85,2026-09-22,23650.0,PE,274.9,275.15,275.8,19050,3815,317,11.58
2026-09-18 15:00:40,23385.85,2026-09-22,23700.0,CE,8.0,8.0,8.05,1089069,141769,25442,8.98
2026-09-18 15:00:40,23385.85,2026-09-22,23700.0,PE,322.4,321.05,321.9,23633,9360,-1535,12.29
2026-09-18 15:00:40,23385.85,2026-09-22,23750.0,CE,5.35,5.25,5.3,553036,74667,16177,9.21
2026-09-18 15:00:40,23385.85,2026-09-22,23750.0,PE,365.8,368.5,368.95,3040,1604,-66,13.03
2026-09-18 15:00:40,23385.85,2026-09-22,23800.0,CE,3.7,3.7,3.75,729210,151839,23103,9.55
2026-09-18 15:00:40,23385.85,2026-09-22,23800.0,PE,417.7,415.65,417.1,6769,7234,-218,14.06
2026-09-18 15:00:40,23385.85,2026-09-22,23850.0,CE,3.0,2.95,3.0,339242,49752,6401,10.07
2026-09-18 15:00:40,23385.85,2026-09-22,23850.0,PE,463.2,464.6,466.3,816,1079,12,15.01
2026-09-18 15:00:40,23385.85,2026-09-22,23900.0,CE,2.5,2.5,2.55,606037,96638,-8050,10.71
2026-09-18 15:00:40,23385.85,2026-09-22,23900.0,PE,512.4,514.1,516.4,1072,6788,-154,16.56
2026-09-18 15:01:41,23363.3,2026-09-22,22850.0,CE,523.3,522.65,524.7,1222,802,-84,
2026-09-18 15:01:41,23363.3,2026-09-22,22850.0,PE,6.75,6.75,6.8,458540,45750,18034,13.75
2026-09-18 15:01:41,23363.3,2026-09-22,22900.0,CE,475.0,473.75,475.65,7857,2228,302,
2026-09-18 15:01:41,23363.3,2026-09-22,22900.0,PE,8.2,8.15,8.2,716463,69679,14415,13.23
2026-09-18 15:01:41,23363.3,2026-09-22,22950.0,CE,429.25,425.4,426.75,5949,1238,154,
2026-09-18 15:01:41,23363.3,2026-09-22,22950.0,PE,9.85,9.85,9.9,634758,50903,13815,12.69
2026-09-18 15:01:41,23363.3,2026-09-22,23000.0,CE,379.95,379.0,379.95,105887,11415,-2525,
2026-09-18 15:01:41,23363.3,2026-09-22,23000.0,PE,12.35,12.3,12.35,1665595,179380,30877,12.21
2026-09-18 15:01:41,23363.3,2026-09-22,23050.0,CE,332.6,331.6,332.6,31496,2717,-17,
2026-09-18 15:01:41,23363.3,2026-09-22,23050.0,PE,15.65,15.55,15.6,879393,67313,19036,11.77
2026-09-18 15:01:41,23363.3,2026-09-22,23100.0,CE,286.8,286.2,286.85,187393,11493,-1165,
2026-09-18 15:01:41,23363.3,2026-09-22,23100.0,PE,20.35,20.25,20.35,1649026,122380,39895,11.42
2026-09-18 15:01:41,23363.3,2026-09-22,23150.0,CE,243.35,242.85,243.4,206403,8625,811,
2026-09-18 15:01:41,23363.3,2026-09-22,23150.0,PE,26.8,26.7,26.8,1245854,89499,43025,11.12
2026-09-18 15:01:41,23363.3,2026-09-22,23200.0,CE,201.25,201.3,201.85,1177019,49503,-1681,6.54
2026-09-18 15:01:41,23363.3,2026-09-22,23200.0,PE,35.7,35.6,35.7,2964118,224308,90477,10.87
2026-09-18 15:01:41,23363.3,2026-09-22,23250.0,CE,163.45,163.05,163.45,1376648,41510,-5942,7.28
2026-09-18 15:01:41,23363.3,2026-09-22,23250.0,PE,47.15,47.0,47.15,2456786,166711,94908,10.61
2026-09-18 15:01:41,23363.3,2026-09-22,23300.0,CE,129.25,128.95,129.25,5236697,154802,53194,7.6
2026-09-18 15:01:41,23363.3,2026-09-22,23300.0,PE,62.15,61.95,62.15,6254936,368424,263916,10.5
2026-09-18 15:01:41,23363.3,2026-09-22,23350.0,CE,99.4,99.05,99.3,4793017,120605,67040,7.88
2026-09-18 15:01:41,23363.3,2026-09-22,23350.0,PE,81.8,81.55,81.8,3414349,193265,168870,10.45
2026-09-18 15:01:41,23363.3,2026-09-22,23400.0,CE,73.25,73.3,73.45,4249761,216747,116391,7.99
2026-09-18 15:01:41,23363.3,2026-09-22,23400.0,PE,106.8,106.65,106.75,2243402,163890,118046,10.51
2026-09-18 15:01:41,23363.3,2026-09-22,23450.0,CE,52.05,52.1,52.25,2274335,112190,58694,8.0
2026-09-18 15:01:41,23363.3,2026-09-22,23450.0,PE,136.0,135.8,136.0,585470,29348,19911,10.57
2026-09-18 15:01:41,23363.3,2026-09-22,23500.0,CE,36.0,36.0,36.15,3057688,188396,50181,8.07
2026-09-18 15:01:41,23363.3,2026-09-22,23500.0,PE,169.95,169.6,169.95,630977,55037,20399,10.82
2026-09-18 15:01:41,23363.3,2026-09-22,23550.0,CE,24.05,24.1,24.2,1489576,69171,19123,8.12
2026-09-18 15:01:41,23363.3,2026-09-22,23550.0,PE,206.85,207.3,207.85,108585,8605,4261,11.15
2026-09-18 15:01:41,23363.3,2026-09-22,23600.0,CE,15.7,15.65,15.7,1786450,144046,41469,8.19
2026-09-18 15:01:41,23363.3,2026-09-22,23600.0,PE,249.3,248.85,249.35,119343,16386,4846,11.66
2026-09-18 15:01:41,23363.3,2026-09-22,23650.0,CE,10.25,10.25,10.3,1013873,64671,17331,8.32
2026-09-18 15:01:41,23363.3,2026-09-22,23650.0,PE,293.4,292.15,292.65,19387,3767,269,12.21
2026-09-18 15:01:41,23363.3,2026-09-22,23700.0,CE,6.75,6.75,6.8,1104253,140487,24160,8.48
2026-09-18 15:01:41,23363.3,2026-09-22,23700.0,PE,338.9,338.65,339.55,23977,9369,-1526,13.29
2026-09-18 15:01:41,23363.3,2026-09-22,23750.0,CE,4.5,4.5,4.55,565275,73980,15490,8.71
2026-09-18 15:01:41,23363.3,2026-09-22,23750.0,PE,388.15,386.55,387.9,3071,1605,-65,14.12
2026-09-18 15:01:41,23363.3,2026-09-22,23800.0,CE,3.2,3.2,3.25,747780,147838,19102,9.04
2026-09-18 15:01:41,23363.3,2026-09-22,23800.0,PE,436.0,435.45,436.9,6871,7209,-243,15.24
2026-09-18 15:01:41,23363.3,2026-09-22,23850.0,CE,2.7,2.65,2.7,362069,49374,6023,9.6
2026-09-18 15:01:41,23363.3,2026-09-22,23850.0,PE,485.0,484.2,485.5,834,1092,25,15.68
2026-09-18 15:02:41,23363.55,2026-09-22,22850.0,CE,522.95,529.05,531.05,1223,793,-93,
2026-09-18 15:02:41,23363.55,2026-09-22,22850.0,PE,6.8,6.75,6.8,462831,44094,16378,13.75
2026-09-18 15:02:41,23363.55,2026-09-22,22900.0,CE,481.2,480.5,482.2,7885,2216,290,
2026-09-18 15:02:41,23363.55,2026-09-22,22900.0,PE,8.1,8.05,8.1,717937,70379,15115,13.23
2026-09-18 15:02:41,23363.55,2026-09-22,22950.0,CE,433.85,432.5,433.9,5961,1237,153,
2026-09-18 15:02:41,23363.55,2026-09-22,22950.0,PE,9.75,9.7,9.75,636846,51289,14201,12.69
2026-09-18 15:02:41,23363.55,2026-09-22,23000.0,CE,385.1,385.05,386.05,106167,11522,-2418,
2026-09-18 15:02:41,23363.55,2026-09-22,23000.0,PE,12.15,12.1,12.15,1669566,179324,30821,12.21
2026-09-18 15:02:41,23363.55,2026-09-22,23050.0,CE,339.15,338.15,339.1,31525,2725,-9,
2026-09-18 15:02:41,23363.55,2026-09-22,23050.0,PE,15.2,15.15,15.25,881430,67023,18746,11.77
2026-09-18 15:02:41,23363.55,2026-09-22,23100.0,CE,293.6,292.8,293.6,187730,11441,-1217,
2026-09-18 15:02:41,23363.55,2026-09-22,23100.0,PE,19.65,19.65,19.7,1651689,122246,39761,11.42
2026-09-18 15:02:41,23363.55,2026-09-22,23150.0,CE,249.65,248.8,249.4,206608,8594,780,
2026-09-18 15:02:41,23363.55,2026-09-22,23150.0,PE,25.8,25.8,25.9,1250547,90022,43548,11.12
2026-09-18 15:02:41,23363.55,2026-09-22,23200.0,CE,207.85,206.95,207.5,1178868,49005,-2179,6.54
2026-09-18 15:02:41,23363.55,2026-09-22,23200.0,PE,34.3,34.3,34.4,2978313,222522,88691,10.87
2026-09-18 15:02:41,23363.55,2026-09-22,23250.0,CE,168.6,168.45,168.65,1378863,41009,-6443,7.28
2026-09-18 15:02:41,23363.55,2026-09-22,23250.0,PE,45.2,45.15,45.25,2462956,167271,95468,10.61
2026-09-18 15:02:41,23363.55,2026-09-22,23300.0,CE,133.15,132.8,133.1,5247409,153158,51550,7.6
2026-09-18 15:02:41,23363.55,2026-09-22,23300.0,PE,60.0,60.0,60.15,6270720,368315,263807,10.5
2026-09-18 15:02:41,23363.55,2026-09-22,23350.0,CE,102.75,102.5,102.65,4804881,118775,65210,7.88
2026-09-18 15:02:41,23363.55,2026-09-22,23350.0,PE,79.2,79.0,79.2,3429214,193991,169596,10.45
2026-09-18 15:02:41,23363.55,2026-09-22,23400.0,CE,76.55,76.4,76.6,4268967,212576,112220,7.99
2026-09-18 15:02:41,23363.55,2026-09-22,23400.0,PE,103.4,103.1,103.4,2257970,162265,116421,10.51
2026-09-18 15:02:41,23363.55,2026-09-22,23450.0,CE,54.65,54.55,54.7,2283196,109909,56413,8.0
2026-09-18 15:02:41,23363.55,2026-09-22,23450.0,PE,131.45,131.25,131.45,588555,28039,18602,10.57
2026-09-18 15:02:41,23363.55,2026-09-22,23500.0,CE,38.1,37.95,38.1,3068029,187700,49485,8.07
2026-09-18 15:02:41,23363.55,2026-09-22,23500.0,PE,164.45,164.45,164.5,633381,54320,19682,10.82
2026-09-18 15:02:41,23363.55,2026-09-22,23550.0,CE,25.35,25.35,25.4,1493337,68720,18672,8.12
2026-09-18 15:02:41,23363.55,2026-09-22,23550.0,PE,201.3,201.7,202.2,108960,8302,3958,11.15
2026-09-18 15:02:41,23363.55,2026-09-22,23600.0,CE,16.55,16.5,16.6,1793374,142486,39909,8.19
2026-09-18 15:02:41,23363.55,2026-09-22,23600.0,PE,242.55,242.55,243.15,119877,15917,4377,11.66
2026-09-18 15:02:41,23363.55,2026-09-22,23650.0,CE,10.8,10.75,10.8,1016606,64546,17206,8.32
2026-09-18 15:02:41,23363.55,2026-09-22,23650.0,PE,285.95,286.85,287.65,19440,3704,206,12.21
2026-09-18 15:02:41,23363.55,2026-09-22,23700.0,CE,7.05,7.05,7.1,1106875,140400,24073,8.48
2026-09-18 15:02:41,23363.55,2026-09-22,23700.0,PE,333.0,333.0,333.8,24060,9302,-1593,13.29
2026-09-18 15:02:41,23363.55,2026-09-22,23750.0,CE,4.75,4.7,4.75,567143,74370,15880,8.71
2026-09-18 15:02:41,23363.55,2026-09-22,23750.0,PE,381.2,380.1,381.3,3085,1605,-65,14.12
2026-09-18 15:02:41,23363.55,2026-09-22,23800.0,CE,3.4,3.35,3.4,750057,146440,17704,9.04
2026-09-18 15:02:41,23363.55,2026-09-22,23800.0,PE,428.0,428.6,430.0,6933,7202,-250,15.24
2026-09-18 15:02:41,23363.55,2026-09-22,23850.0,CE,2.75,2.75,2.8,367776,48736,5385,9.6
2026-09-18 15:02:41,23363.55,2026-09-22,23850.0,PE,479.6,477.9,479.45,836,1092,25,15.68
2026-09-18 15:03:41,23358.6,2026-09-22,22850.0,CE,522.95,526.95,528.5,1223,793,-93,
2026-09-18 15:03:41,23358.6,2026-09-22,22850.0,PE,6.95,6.95,7.0,465611,43678,15962,13.75
2026-09-18 15:03:41,23358.6,2026-09-22,22900.0,CE,478.2,478.5,480.2,7889,2211,285,
2026-09-18 15:03:41,23358.6,2026-09-22,22900.0,PE,8.25,8.25,8.3,720267,70291,15027,13.23
2026-09-18 15:03:41,23358.6,2026-09-22,22950.0,CE,429.55,430.25,431.75,5971,1237,153,
2026-09-18 15:03:41,23358.6,2026-09-22,22950.0,PE,9.95,9.9,9.95,637928,51389,14301,12.69
2026-09-18 15:03:41,23358.6,2026-09-22,23000.0,CE,383.55,382.8,383.55,106284,11531,-2409,
2026-09-18 15:03:41,23358.6,2026-09-22,23000.0,PE,12.35,12.35,12.4,1673140,179710,31207,12.21
2026-09-18 15:03:41,23358.6,2026-09-22,23050.0,CE,336.0,335.6,336.6,31545,2725,-9,
2026-09-18 15:03:41,23358.6,2026-09-22,23050.0,PE,15.5,15.4,15.5,883322,66711,18434,11.77
2026-09-18 15:03:41,23358.6,2026-09-22,23100.0,CE,290.55,290.5,291.2,188136,11472,-1186,
2026-09-18 15:03:41,23358.6,2026-09-22,23100.0,PE,19.95,19.9,19.95,1655994,122582,40097,11.42
2026-09-18 15:03:41,23358.6,2026-09-22,23150.0,CE,247.85,246.5,247.1,206955,8626,812,
2026-09-18 15:03:41,23358.6,2026-09-22,23150.0,PE,26.2,26.2,26.25,1253182,89561,43087,11.12
2026-09-18 15:03:41,23358.6,2026-09-22,23200.0,CE,205.25,205.3,205.85,1181132,49045,-2139,6.54
2026-09-18 15:03:41,23358.6,2026-09-22,23200.0,PE,34.8,34.7,34.85,2985121,224356,90525,10.87
2026-09-18 15:03:41,23358.6,2026-09-22,23250.0,CE,166.6,166.7,167.0,1380224,41082,-6370,7.28
2026-09-18 15:03:41,23358.6,2026-09-22,23250.0,PE,45.75,45.75,45.85,2467703,167500,95697,10.61
2026-09-18 15:03:41,23358.6,2026-09-22,23300.0,CE,131.2,131.2,131.55,5255107,153199,51591,7.6
2026-09-18 15:03:41,23358.6,2026-09-22,23300.0,PE,60.95,60.8,60.95,6284712,370898,266390,10.5
2026-09-18 15:03:41,23358.6,2026-09-22,23350.0,CE,101.25,101.1,101.35,4813760,119066,65501,7.88
2026-09-18 15:03:41,23358.6,2026-09-22,23350.0,PE,80.0,80.0,80.15,3443734,196094,171699,10.45
2026-09-18 15:03:41,23358.6,2026-09-22,23400.0,CE,75.2,75.05,75.3,4283482,214360,114004,7.99
2026-09-18 15:03:41,23358.6,2026-09-22,23400.0,PE,104.5,104.4,104.5,2267835,163180,117336,10.51
2026-09-18 15:03:41,23358.6,2026-09-22,23450.0,CE,53.9,53.75,53.9,2289676,110674,57178,8.0
2026-09-18 15:03:41,23358.6,2026-09-22,23450.0,PE,132.85,132.55,132.9,590596,28043,18606,10.57
2026-09-18 15:03:41,23358.6,2026-09-22,23500.0,CE,37.1,37.1,37.2,3076021,188993,50778,8.07
2026-09-18 15:03:41,23358.6,2026-09-22,23500.0,PE,166.5,166.4,166.75,635598,54387,19749,10.82
2026-09-18 15:03:41,23358.6,2026-09-22,23550.0,CE,24.95,24.9,25.0,1496981,68499,18451,8.12
2026-09-18 15:03:41,23358.6,2026-09-22,23550.0,PE,203.55,203.3,203.85,109288,8285,3941,11.15
2026-09-18 15:03:41,23358.6,2026-09-22,23600.0,CE,16.2,16.2,16.3,1799749,143026,40449,8.19
2026-09-18 15:03:41,23358.6,2026-09-22,23600.0,PE,245.25,244.55,245.2,120711,15557,4017,11.66
2026-09-18 15:03:41,23358.6,2026-09-22,23650.0,CE,10.6,10.55,10.6,1020370,64839,17499,8.32
2026-09-18 15:03:41,23358.6,2026-09-22,23650.0,PE,289.65,289.05,289.9,19558,3728,230,12.21
2026-09-18 15:03:41,23358.6,2026-09-22,23700.0,CE,6.95,6.95,7.0,1111035,140902,24575,8.48
2026-09-18 15:03:41,23358.6,2026-09-22,23700.0,PE,335.0,335.1,336.15,24158,9253,-1642,13.29
2026-09-18 15:03:41,23358.6,2026-09-22,23750.0,CE,4.65,4.6,4.65,569842,74102,15612,8.71
2026-09-18 15:03:41,23358.6,2026-09-22,23750.0,PE,383.0,382.6,383.9,3096,1606,-64,14.12
2026-09-18 15:03:41,23358.6,2026-09-22,23800.0,CE,3.35,3.35,3.4,752872,145913,17177,9.04
2026-09-18 15:03:41,23358.6,2026-09-22,23800.0,PE,432.3,430.95,432.3,6965,7202,-250,15.24
2026-09-18 15:03:41,23358.6,2026-09-22,23850.0,CE,2.75,2.75,2.8,371260,48913,5562,9.6
2026-09-18 15:03:41,23358.6,2026-09-22,23850.0,PE,482.7,480.2,482.1,838,1095,28,15.68
2026-09-18 15:04:41,23358.3,2026-09-22,22850.0,CE,522.95,530.3,532.8,1223,793,-93,
2026-09-18 15:04:41,23358.3,2026-09-22,22850.0,PE,6.8,6.75,6.8,467655,43678,15962,13.75
2026-09-18 15:04:41,23358.3,2026-09-22,22900.0,CE,481.8,481.95,483.8,7891,2211,285,
2026-09-18 15:04:41,23358.3,2026-09-22,22900.0,PE,8.05,8.05,8.1,721910,70291,15027,13.23
2026-09-18 15:04:41,23358.3,2026-09-22,22950.0,CE,429.55,433.6,434.65,5971,1237,153,
2026-09-18 15:04:41,23358.3,2026-09-22,22950.0,PE,9.7,9.65,9.7,639643,51389,14301,12.69
2026-09-18 15:04:41,23358.3,2026-09-22,23000.0,CE,386.4,385.85,386.75,106397,11531,-2409,
2026-09-18 15:04:41,23358.3,2026-09-22,23000.0,PE,12.1,12.0,12.1,1677039,179710,31207,12.21
2026-09-18 15:04:41,23358.3,2026-09-22,23050.0,CE,339.9,339.15,340.0,31553,2726,-8,
2026-09-18 15:04:41,23358.3,2026-09-22,23050.0,PE,15.1,15.05,15.15,884927,66711,18434,11.77
2026-09-18 15:04:41,23358.3,2026-09-22,23100.0,CE,294.45,293.5,294.15,188557,11472,-1186,
2026-09-18 15:04:41,23358.3,2026-09-22,23100.0,PE,19.45,19.45,19.5,1659133,122582,40097,11.42
2026-09-18 15:04:41,23358.3,2026-09-22,23150.0,CE,250.45,249.8,250.35,207342,8626,812,
2026-09-18 15:04:41,23358.3,2026-09-22,23150.0,PE,25.5,25.5,25.6,1255892,89561,43087,11.12
2026-09-18 15:04:41,23358.3,2026-09-22,23200.0,CE,208.15,208.0,208.35,1183327,49045,-2139,6.54
2026-09-18 15:04:41,23358.3,2026-09-22,23200.0,PE,34.0,33.95,34.0,2991927,224356,90525,10.87
2026-09-18 15:04:41,23358.3,2026-09-22,23250.0,CE,169.2,168.45,168.85,1381674,41082,-6370,7.28
2026-09-18 15:04:41,23358.3,2026-09-22,23250.0,PE,45.0,44.9,45.0,2472107,167500,95697,10.61
2026-09-18 15:04:41,23358.3,2026-09-22,23300.0,CE,133.55,133.45,133.55,5260920,153199,51591,7.6
2026-09-18 15:04:41,23358.3,2026-09-22,23300.0,PE,59.65,59.65,59.8,6296624,370898,266390,10.5
2026-09-18 15:04:41,23358.3,2026-09-22,23350.0,CE,103.15,102.9,103.15,4822181,119066,65501,7.88
2026-09-18 15:04:41,23358.3,2026-09-22,23350.0,PE,78.8,78.6,78.8,3455478,196094,171699,10.45
2026-09-18 15:04:41,23358.3,2026-09-22,23400.0,CE,77.15,77.0,77.15,4294588,214360,114004,7.99
2026-09-18 15:04:41,23358.3,2026-09-22,23400.0,PE,102.65,102.6,102.8,2275552,163180,117336,10.51
2026-09-18 15:04:41,23358.3,2026-09-22,23450.0,CE,55.25,55.1,55.25,2295476,110674,57178,8.0
2026-09-18 15:04:41,23358.3,2026-09-22,23450.0,PE,130.55,130.55,130.9,592847,28043,18606,10.57
2026-09-18 15:04:41,23358.3,2026-09-22,23500.0,CE,38.4,38.3,38.4,3082421,188993,50778,8.07
2026-09-18 15:04:41,23358.3,2026-09-22,23500.0,PE,163.75,163.65,164.0,637038,54387,19749,10.82
2026-09-18 15:04:41,23358.3,2026-09-22,23550.0,CE,25.65,25.65,25.75,1499643,68499,18451,8.12
2026-09-18 15:04:41,23358.3,2026-09-22,23550.0,PE,200.6,200.45,201.0,109619,8285,3941,11.15
2026-09-18 15:04:41,23358.3,2026-09-22,23600.0,CE,16.6,16.55,16.6,1803470,143026,40449,8.19
2026-09-18 15:04:41,23358.3,2026-09-22,23600.0,PE,242.55,242.35,242.85,121604,15557,4017,11.66
2026-09-18 15:04:41,23358.3,2026-09-22,23650.0,CE,10.8,10.8,10.85,1021812,64839,17499,8.32
2026-09-18 15:04:41,23358.3,2026-09-22,23650.0,PE,286.55,286.15,286.85,19627,3728,230,12.21
2026-09-18 15:04:41,23358.3,2026-09-22,23700.0,CE,7.15,7.1,7.15,1115529,140902,24575,8.48
2026-09-18 15:04:41,23358.3,2026-09-22,23700.0,PE,332.5,332.4,333.2,24219,9253,-1642,13.29
2026-09-18 15:04:41,23358.3,2026-09-22,23750.0,CE,4.7,4.7,4.75,572000,74102,15612,8.71
2026-09-18 15:04:41,23358.3,2026-09-22,23750.0,PE,380.0,379.3,380.55,3100,1611,-59,14.12
2026-09-18 15:04:41,23358.3,2026-09-22,23800.0,CE,3.4,3.4,3.45,755517,145913,17177,9.04
2026-09-18 15:04:41,23358.3,2026-09-22,23800.0,PE,427.65,427.75,429.25,6967,7188,-264,15.24
2026-09-18 15:04:41,23358.3,2026-09-22,23850.0,CE,2.8,2.8,2.85,375326,48913,5562,9.6
2026-09-18 15:04:41,23358.3,2026-09-22,23850.0,PE,480.0,476.75,478.65,839,1095,28,15.68
2026-09-18 15:05:41,23352.0,2026-09-22,22850.0,CE,522.95,526.15,528.1,1223,793,-93,
2026-09-18 15:05:41,23352.0,2026-09-22,22850.0,PE,6.65,6.65,6.7,470303,44064,16348,13.75
2026-09-18 15:05:41,23352.0,2026-09-22,22900.0,CE,477.7,477.8,479.4,7892,2209,283,
2026-09-18 15:05:41,23352.0,2026-09-22,22900.0,PE,7.95,7.95,8.0,724383,70115,14851,13.23
2026-09-18 15:05:41,23352.0,2026-09-22,22950.0,CE,433.5,429.7,431.35,5972,1231,147,
2026-09-18 15:05:41,23352.0,2026-09-22,22950.0,PE,9.65,9.6,9.65,642203,51574,14486,12.69
2026-09-18 15:05:41,23352.0,2026-09-22,23000.0,CE,382.05,382.2,383.3,106511,11454,-2486,
2026-09-18 15:05:41,23352.0,2026-09-22,23000.0,PE,12.0,12.05,12.1,1680590,179109,30606,12.21
2026-09-18 15:05:41,23352.0,2026-09-22,23050.0,CE,338.1,335.2,336.1,31595,2720,-14,
2026-09-18 15:05:41,23352.0,2026-09-22,23050.0,PE,15.15,15.2,15.25,886343,66298,18021,11.77
2026-09-18 15:05:41,23352.0,2026-09-22,23100.0,CE,289.45,289.5,290.25,188731,11271,-1387,
2026-09-18 15:05:41,23352.0,2026-09-22,23100.0,PE,19.65,19.65,19.7,1662141,122531,40046,11.42
2026-09-18 15:05:41,23352.0,2026-09-22,23150.0,CE,246.95,246.4,246.95,207514,8329,515,
2026-09-18 15:05:41,23352.0,2026-09-22,23150.0,PE,26.05,25.9,26.0,1257878,89201,42727,11.12
2026-09-18 15:05:41,23352.0,2026-09-22,23200.0,CE,204.9,204.9,205.25,1184450,48727,-2457,6.54
2026-09-18 15:05:41,23352.0,2026-09-22,23200.0,PE,34.65,34.6,34.65,2998467,223577,89746,10.87
2026-09-18 15:05:41,23352.0,2026-09-22,23250.0,CE,166.4,166.05,166.4,1382970,40986,-6466,7.28
2026-09-18 15:05:41,23352.0,2026-09-22,23250.0,PE,45.9,45.8,45.95,2477399,166678,94875,10.61
2026-09-18 15:05:41,23352.0,2026-09-22,23300.0,CE,130.85,130.9,131.25,5267851,152477,50869,7.6
2026-09-18 15:05:41,23352.0,2026-09-22,23300.0,PE,60.85,60.85,61.0,6309076,368415,263907,10.5
2026-09-18 15:05:41,23352.0,2026-09-22,23350.0,CE,100.9,100.95,101.2,4831558,119510,65945,7.88
2026-09-18 15:05:41,23352.0,2026-09-22,23350.0,PE,80.15,80.15,80.3,3467667,195022,170627,10.45
2026-09-18 15:05:41,23352.0,2026-09-22,23400.0,CE,75.25,75.1,75.25,4308633,215445,115089,7.99
2026-09-18 15:05:41,23352.0,2026-09-22,23400.0,PE,104.9,104.7,104.9,2284102,161583,115739,10.51
2026-09-18 15:05:41,23352.0,2026-09-22,23450.0,CE,53.75,53.55,53.7,2303389,111457,57961,8.0
2026-09-18 15:05:41,23352.0,2026-09-22,23450.0,PE,133.25,133.0,133.35,595150,28137,18700,10.57
2026-09-18 15:05:41,23352.0,2026-09-22,23500.0,CE,37.1,37.1,37.2,3091222,188773,50558,8.07
2026-09-18 15:05:41,23352.0,2026-09-22,23500.0,PE,166.5,166.45,166.9,638742,54368,19730,10.82
2026-09-18 15:05:41,23352.0,2026-09-22,23550.0,CE,24.8,24.8,24.9,1502853,68508,18460,8.12
2026-09-18 15:05:41,23352.0,2026-09-22,23550.0,PE,204.0,203.6,204.0,109879,8300,3956,11.15
2026-09-18 15:05:41,23352.0,2026-09-22,23600.0,CE,16.1,16.1,16.2,1807696,143302,40725,8.19
2026-09-18 15:05:41,23352.0,2026-09-22,23600.0,PE,244.65,245.25,245.35,122017,15250,3710,11.66
2026-09-18 15:05:41,23352.0,2026-09-22,23650.0,CE,10.5,10.45,10.5,1025393,65050,17710,8.32
2026-09-18 15:05:41,23352.0,2026-09-22,23650.0,PE,289.25,289.3,289.8,19682,3732,234,12.21
2026-09-18 15:05:41,23352.0,2026-09-22,23700.0,CE,6.85,6.85,6.9,1118460,140611,24284,8.48
2026-09-18 15:05:41,23352.0,2026-09-22,23700.0,PE,335.9,335.45,336.3,24260,9268,-1627,13.29
2026-09-18 15:05:41,23352.0,2026-09-22,23750.0,CE,4.55,4.55,4.6,573954,74807,16317,8.71
2026-09-18 15:05:41,23352.0,2026-09-22,23750.0,PE,383.0,383.0,384.25,3109,1612,-58,14.12
2026-09-18 15:05:41,23352.0,2026-09-22,23800.0,CE,3.35,3.3,3.35,758274,145585,16849,9.04
2026-09-18 15:05:41,23352.0,2026-09-22,23800.0,PE,429.3,431.4,432.3,6970,7182,-270,15.24
2026-09-18 15:05:41,23352.0,2026-09-22,23850.0,CE,2.75,2.7,2.75,378492,49142,5791,9.6
2026-09-18 15:05:41,23352.0,2026-09-22,23850.0,PE,480.0,480.6,482.35,840,1095,28,15.68
2026-09-18 15:06:41,23353.5,2026-09-22,22850.0,CE,522.95,522.1,524.3,1223,793,-93,
2026-09-18 15:06:41,23353.5,2026-09-22,22850.0,PE,6.7,6.65,6.7,471853,44544,16828,13.75
2026-09-18 15:06:41,23353.5,2026-09-22,22900.0,CE,475.0,474.65,476.35,7895,2209,283,
2026-09-18 15:06:41,23353.5,2026-09-22,22900.0,PE,8.05,8.05,8.1,726498,69923,14659,13.23
2026-09-18 15:06:41,23353.5,2026-09-22,22950.0,CE,427.05,425.7,427.5,5975,1230,146,
2026-09-18 15:06:41,23353.5,2026-09-22,22950.0,PE,9.75,9.7,9.75,645034,51927,14839,12.69
2026-09-18 15:06:41,23353.5,2026-09-22,23000.0,CE,378.15,378.9,379.8,106758,11436,-2504,
2026-09-18 15:06:41,23353.5,2026-09-22,23000.0,PE,12.3,12.25,12.3,1685216,178999,30496,12.21
2026-09-18 15:06:41,23353.5,2026-09-22,23050.0,CE,332.8,332.4,333.3,31655,2726,-8,
2026-09-18 15:06:41,23353.5,2026-09-22,23050.0,PE,15.55,15.45,15.55,889582,66173,17896,11.77
2026-09-18 15:06:41,23353.5,2026-09-22,23100.0,CE,286.5,286.8,287.6,189002,11228,-1430,
2026-09-18 15:06:41,23353.5,2026-09-22,23100.0,PE,20.05,20.0,20.05,1671062,122167,39682,11.42
2026-09-18 15:06:41,23353.5,2026-09-22,23150.0,CE,244.35,243.45,244.1,208084,8315,501,
2026-09-18 15:06:41,23353.5,2026-09-22,23150.0,PE,26.65,26.5,26.6,1266510,89170,42696,11.12
2026-09-18 15:06:41,23353.5,2026-09-22,23200.0,CE,202.1,202.2,202.7,1187302,48859,-2325,6.54
2026-09-18 15:06:41,23353.5,2026-09-22,23200.0,PE,35.35,35.35,35.45,3009517,223961,90130,10.87
2026-09-18 15:06:41,23353.5,2026-09-22,23250.0,CE,164.1,163.65,164.1,1385610,41009,-6443,7.28
2026-09-18 15:06:41,23353.5,2026-09-22,23250.0,PE,46.85,46.75,46.9,2486707,167147,95344,10.61
2026-09-18 15:06:41,23353.5,2026-09-22,23300.0,CE,129.25,129.05,129.25,5279604,151901,50293,7.6
2026-09-18 15:06:41,23353.5,2026-09-22,23300.0,PE,62.05,61.85,62.05,6333339,367616,263108,10.5
2026-09-18 15:06:41,23353.5,2026-09-22,23350.0,CE,99.0,99.0,99.1,4846027,120018,66453,7.88
2026-09-18 15:06:41,23353.5,2026-09-22,23350.0,PE,81.8,81.55,81.8,3487103,193770,169375,10.45
2026-09-18 15:06:41,23353.5,2026-09-22,23400.0,CE,73.45,73.45,73.65,4330179,213897,113541,7.99
2026-09-18 15:06:41,23353.5,2026-09-22,23400.0,PE,106.3,106.05,106.35,2301950,160147,114303,10.51
2026-09-18 15:06:41,23353.5,2026-09-22,23450.0,CE,52.3,52.15,52.3,2314065,112795,59299,8.0
2026-09-18 15:06:41,23353.5,2026-09-22,23450.0,PE,135.05,135.05,135.35,597956,28057,18620,10.57
2026-09-18 15:06:41,23353.5,2026-09-22,23500.0,CE,35.9,35.9,36.0,3105126,189088,50873,8.07
2026-09-18 15:06:41,23353.5,2026-09-22,23500.0,PE,168.8,168.8,169.1,644225,54415,19777,10.82
2026-09-18 15:06:41,23353.5,2026-09-22,23550.0,CE,23.85,23.9,24.0,1509797,68931,18883,8.12
2026-09-18 15:06:41,23353.5,2026-09-22,23550.0,PE,206.0,206.1,206.65,110627,8255,3911,11.15
2026-09-18 15:06:41,23353.5,2026-09-22,23600.0,CE,15.35,15.35,15.45,1818587,143526,40949,8.19
2026-09-18 15:06:41,23353.5,2026-09-22,23600.0,PE,248.0,248.0,248.5,122473,15259,3719,11.66
2026-09-18 15:06:41,23353.5,2026-09-22,23650.0,CE,10.0,10.0,10.05,1032555,65221,17881,8.32
2026-09-18 15:06:41,23353.5,2026-09-22,23650.0,PE,293.3,291.7,292.55,19819,3743,245,12.21
2026-09-18 15:06:41,23353.5,2026-09-22,23700.0,CE,6.6,6.55,6.6,1122744,140865,24538,8.48
2026-09-18 15:06:41,23353.5,2026-09-22,23700.0,PE,339.0,339.1,339.6,24367,9267,-1628,13.29
2026-09-18 15:06:41,23353.5,2026-09-22,23750.0,CE,4.35,4.3,4.35,576391,74825,16335,8.71
2026-09-18 15:06:41,23353.5,2026-09-22,23750.0,PE,386.4,386.3,387.4,3117,1610,-60,14.12
2026-09-18 15:06:41,23353.5,2026-09-22,23800.0,CE,3.15,3.15,3.2,763064,145445,16709,9.04
2026-09-18 15:06:41,23353.5,2026-09-22,23800.0,PE,434.8,434.35,435.8,6997,7182,-270,15.24
2026-09-18 15:06:41,23353.5,2026-09-22,23850.0,CE,2.6,2.6,2.65,387056,48961,5610,9.6
2026-09-18 15:06:41,23353.5,2026-09-22,23850.0,PE,480.0,484.2,486.15,840,1095,28,15.68
2026-09-18 15:07:41,23356.0,2026-09-22,22850.0,CE,522.95,529.15,531.4,1223,793,-93,
2026-09-18 15:07:41,23356.0,2026-09-22,22850.0,PE,6.45,6.45,6.5,473855,44237,16521,13.75
2026-09-18 15:07:41,23356.0,2026-09-22,22900.0,CE,478.9,480.6,482.25,7901,2210,284,
2026-09-18 15:07:41,23356.0,2026-09-22,22900.0,PE,7.75,7.7,7.75,728304,70208,14944,13.23
2026-09-18 15:07:41,23356.0,2026-09-22,22950.0,CE,434.5,432.45,433.9,5980,1228,144,
2026-09-18 15:07:41,23356.0,2026-09-22,22950.0,PE,9.3,9.3,9.35,647319,51875,14787,12.69
2026-09-18 15:07:41,23356.0,2026-09-22,23000.0,CE,384.55,384.55,385.45,106941,11427,-2513,
2026-09-18 15:07:41,23356.0,2026-09-22,23000.0,PE,11.75,11.75,11.8,1691253,178476,29973,12.21
2026-09-18 15:07:41,23356.0,2026-09-22,23050.0,CE,338.1,338.35,339.25,31750,2684,-50,
2026-09-18 15:07:41,23356.0,2026-09-22,23050.0,PE,14.8,14.75,14.85,891714,66001,17724,11.77
2026-09-18 15:07:41,23356.0,2026-09-22,23100.0,CE,292.15,292.25,292.95,189298,11264,-1394,
2026-09-18 15:07:41,23356.0,2026-09-22,23100.0,PE,19.15,19.15,19.25,1675308,122653,40168,11.42
2026-09-18 15:07:41,23356.0,2026-09-22,23150.0,CE,248.95,248.6,249.25,208557,8360,546,
2026-09-18 15:07:41,23356.0,2026-09-22,23150.0,PE,25.4,25.4,25.55,1269981,86420,39946,11.12
2026-09-18 15:07:41,23356.0,2026-09-22,23200.0,CE,207.0,207.1,207.6,1189344,48709,-2475,6.54
2026-09-18 15:07:41,23356.0,2026-09-22,23200.0,PE,33.9,33.85,33.9,3017582,222080,88249,10.87
2026-09-18 15:07:41,23356.0,2026-09-22,23250.0,CE,168.4,168.05,168.4,1387611,40746,-6706,7.28
2026-09-18 15:07:41,23356.0,2026-09-22,23250.0,PE,44.95,44.85,45.0,2493783,166488,94685,10.61
2026-09-18 15:07:41,23356.0,2026-09-22,23300.0,CE,132.75,132.45,132.75,5288392,150180,48572,7.6
2026-09-18 15:07:41,23356.0,2026-09-22,23300.0,PE,59.75,59.65,59.85,6354439,365918,261410,10.5
2026-09-18 15:07:41,23356.0,2026-09-22,23350.0,CE,102.25,102.0,102.25,4857179,119502,65937,7.88
2026-09-18 15:07:41,23356.0,2026-09-22,23350.0,PE,78.85,78.65,78.85,3506828,193656,169261,10.45
2026-09-18 15:07:41,23356.0,2026-09-22,23400.0,CE,76.3,76.25,76.45,4346516,212012,111656,7.99
2026-09-18 15:07:41,23356.0,2026-09-22,23400.0,PE,102.5,102.3,102.55,2315015,158534,112690,10.51
2026-09-18 15:07:41,23356.0,2026-09-22,23450.0,CE,54.1,54.1,54.3,2322263,112209,58713,8.0
2026-09-18 15:07:41,23356.0,2026-09-22,23450.0,PE,130.75,130.75,131.0,600644,27911,18474,10.57
2026-09-18 15:07:41,23356.0,2026-09-22,23500.0,CE,37.45,37.5,37.65,3112911,186488,48273,8.07
2026-09-18 15:07:41,23356.0,2026-09-22,23500.0,PE,164.1,163.75,163.9,647123,52639,18001,10.82
2026-09-18 15:07:41,23356.0,2026-09-22,23550.0,CE,24.9,24.9,24.95,1514292,68569,18521,8.12
2026-09-18 15:07:41,23356.0,2026-09-22,23550.0,PE,201.15,200.85,201.35,111141,8136,3792,11.15
2026-09-18 15:07:41,23356.0,2026-09-22,23600.0,CE,15.95,15.9,15.95,1825239,143629,41052,8.19
2026-09-18 15:07:41,23356.0,2026-09-22,23600.0,PE,242.95,242.25,242.85,122881,15195,3655,11.66
2026-09-18 15:07:41,23356.0,2026-09-22,23650.0,CE,10.2,10.2,10.3,1035418,63349,16009,8.32
2026-09-18 15:07:41,23356.0,2026-09-22,23650.0,PE,287.15,286.45,287.3,19897,3692,194,12.21
2026-09-18 15:07:41,23356.0,2026-09-22,23700.0,CE,6.75,6.65,6.75,1125922,140589,24262,8.48
2026-09-18 15:07:41,23356.0,2026-09-22,23700.0,PE,333.6,332.95,333.6,24438,9221,-1674,13.29
2026-09-18 15:07:41,23356.0,2026-09-22,23750.0,CE,4.45,4.4,4.45,578628,74549,16059,8.71
2026-09-18 15:07:41,23356.0,2026-09-22,23750.0,PE,378.9,379.8,381.05,3144,1611,-59,14.12
2026-09-18 15:07:41,23356.0,2026-09-22,23800.0,CE,3.2,3.15,3.2,766178,145136,16400,9.04
2026-09-18 15:07:41,23356.0,2026-09-22,23800.0,PE,427.15,428.4,429.7,7011,7176,-276,15.24
2026-09-18 15:07:41,23356.0,2026-09-22,23850.0,CE,2.65,2.6,2.65,389394,49336,5985,9.6
2026-09-18 15:07:41,23356.0,2026-09-22,23850.0,PE,480.85,477.75,479.7,843,1095,28,15.68
2026-09-18 15:08:41,23350.05,2026-09-22,22850.0,CE,528.0,523.4,525.5,1230,794,-92,
2026-09-18 15:08:41,23350.05,2026-09-22,22850.0,PE,6.45,6.45,6.5,476204,44099,16383,13.75
2026-09-18 15:08:41,23350.05,2026-09-22,22900.0,CE,478.3,475.05,476.6,7923,2213,287,
2026-09-18 15:08:41,23350.05,2026-09-22,22900.0,PE,7.75,7.75,7.8,730204,69703,14439,13.23
2026-09-18 15:08:41,23350.05,2026-09-22,22950.0,CE,429.2,427.1,428.1,6001,1231,147,
2026-09-18 15:08:41,23350.05,2026-09-22,22950.0,PE,9.5,9.45,9.5,649717,51862,14774,12.69
2026-09-18 15:08:41,23350.05,2026-09-22,23000.0,CE,380.0,379.5,380.35,107205,11401,-2539,
2026-09-18 15:08:41,23350.05,2026-09-22,23000.0,PE,12.05,11.95,12.0,1697772,177160,28657,12.21
2026-09-18 15:08:41,23350.05,2026-09-22,23050.0,CE,333.9,333.1,334.0,31778,2612,-122,
2026-09-18 15:08:41,23350.05,2026-09-22,23050.0,PE,15.35,15.25,15.3,893837,64977,16700,11.77
2026-09-18 15:08:41,23350.05,2026-09-22,23100.0,CE,288.0,288.0,288.45,189532,11304,-1354,
2026-09-18 15:08:41,23350.05,2026-09-22,23100.0,PE,19.8,19.8,19.9,1680387,121614,39129,11.42
2026-09-18 15:08:41,23350.05,2026-09-22,23150.0,CE,245.0,244.65,245.15,208733,8348,534,
2026-09-18 15:08:41,23350.05,2026-09-22,23150.0,PE,26.45,26.35,26.45,1271961,84953,38479,11.12
2026-09-18 15:08:41,23350.05,2026-09-22,23200.0,CE,203.0,202.95,203.5,1191105,48918,-2266,6.54
2026-09-18 15:08:41,23350.05,2026-09-22,23200.0,PE,35.25,35.25,35.4,3023485,218989,85158,10.87
2026-09-18 15:08:41,23350.05,2026-09-22,23250.0,CE,165.0,164.65,165.0,1389857,40699,-6753,7.28
2026-09-18 15:08:41,23350.05,2026-09-22,23250.0,PE,46.8,46.6,46.75,2498904,164267,92464,10.61
2026-09-18 15:08:41,23350.05,2026-09-22,23300.0,CE,129.35,129.35,129.7,5297213,152454,50846,7.6
2026-09-18 15:08:41,23350.05,2026-09-22,23300.0,PE,62.05,62.05,62.1,6371650,361073,256565,10.5
2026-09-18 15:08:41,23350.05,2026-09-22,23350.0,CE,99.6,99.65,99.85,4867841,120038,66473,7.88
2026-09-18 15:08:41,23350.05,2026-09-22,23350.0,PE,81.3,81.25,81.45,3521754,190562,166167,10.45
2026-09-18 15:08:41,23350.05,2026-09-22,23400.0,CE,74.15,74.15,74.25,4362619,212706,112350,7.99
2026-09-18 15:08:41,23350.05,2026-09-22,23400.0,PE,105.8,105.85,106.0,2324519,156221,110377,10.51
2026-09-18 15:08:41,23350.05,2026-09-22,23450.0,CE,52.65,52.5,52.65,2328768,111909,58413,8.0
2026-09-18 15:08:41,23350.05,2026-09-22,23450.0,PE,134.75,134.45,134.75,602859,27773,18336,10.57
2026-09-18 15:08:41,23350.05,2026-09-22,23500.0,CE,36.2,36.2,36.3,3122437,186991,48776,8.07
2026-09-18 15:08:41,23350.05,2026-09-22,23500.0,PE,168.25,167.85,168.3,649792,51771,17133,10.82
2026-09-18 15:08:41,23350.05,2026-09-22,23550.0,CE,23.95,23.85,23.9,1519607,68495,18447,8.12
2026-09-18 15:08:41,23350.05,2026-09-22,23550.0,PE,205.8,205.3,205.85,111425,8095,3751,11.15
2026-09-18 15:08:41,23350.05,2026-09-22,23600.0,CE,15.15,15.15,15.2,1835244,143219,40642,8.19
2026-09-18 15:08:41,23350.05,2026-09-22,23600.0,PE,247.55,247.0,247.4,123216,15163,3623,11.66
2026-09-18 15:08:41,23350.05,2026-09-22,23650.0,CE,9.7,9.7,9.75,1041885,63679,16339,8.32
2026-09-18 15:08:41,23350.05,2026-09-22,23650.0,PE,290.95,291.2,292.0,19953,3693,195,12.21
2026-09-18 15:08:41,23350.05,2026-09-22,23700.0,CE,6.4,6.4,6.45,1130738,140421,24094,8.48
2026-09-18 15:08:41,23350.05,2026-09-22,23700.0,PE,338.8,337.4,338.35,24558,9199,-1696,13.29
2026-09-18 15:08:41,23350.05,2026-09-22,23750.0,CE,4.25,4.2,4.25,581104,74597,16107,8.71
2026-09-18 15:08:41,23350.05,2026-09-22,23750.0,PE,384.2,385.25,386.35,3249,1604,-66,14.12
2026-09-18 15:08:41,23350.05,2026-09-22,23800.0,CE,3.05,3.05,3.1,770005,145130,16394,9.04
2026-09-18 15:08:41,23350.05,2026-09-22,23800.0,PE,433.95,433.55,434.9,7046,7168,-284,15.24
2026-09-18 15:08:41,23350.05,2026-09-22,23850.0,CE,2.55,2.55,2.6,393792,49144,5793,9.6
2026-09-18 15:08:41,23350.05,2026-09-22,23850.0,PE,482.3,483.2,484.9,854,1095,28,15.68
2026-09-18 15:09:42,23344.95,2026-09-22,22850.0,CE,516.9,516.45,518.25,1250,798,-88,
2026-09-18 15:09:42,23344.95,2026-09-22,22850.0,PE,6.65,6.6,6.65,479732,44947,17231,13.75
2026-09-18 15:09:42,23344.95,2026-09-22,22900.0,CE,469.15,468.0,469.65,7984,2220,294,
2026-09-18 15:09:42,23344.95,2026-09-22,22900.0,PE,8.05,8.05,8.1,733920,69046,13782,13.23
2026-09-18 15:09:42,23344.95,2026-09-22,22950.0,CE,422.85,419.95,421.25,6064,1239,155,
2026-09-18 15:09:42,23344.95,2026-09-22,22950.0,PE,9.85,9.8,9.85,656152,51459,14371,12.69
2026-09-18 15:09:42,23344.95,2026-09-22,23000.0,CE,374.15,372.6,373.45,107492,11408,-2532,
2026-09-18 15:09:42,23344.95,2026-09-22,23000.0,PE,12.5,12.5,12.55,1703872,176637,28134,12.21
2026-09-18 15:09:42,23344.95,2026-09-22,23050.0,CE,327.15,326.3,327.25,31898,2631,-103,
2026-09-18 15:09:42,23344.95,2026-09-22,23050.0,PE,15.95,15.95,16.05,898290,64638,16361,11.77
2026-09-18 15:09:42,23344.95,2026-09-22,23100.0,CE,281.6,281.1,281.85,190268,11295,-1363,
2026-09-18 15:09:42,23344.95,2026-09-22,23100.0,PE,20.85,20.8,20.9,1687526,122021,39536,11.42
2026-09-18 15:09:42,23344.95,2026-09-22,23150.0,CE,238.75,238.4,238.95,209300,8322,508,
2026-09-18 15:09:42,23344.95,2026-09-22,23150.0,PE,27.6,27.6,27.7,1278201,84907,38433,11.12
2026-09-18 15:09:42,23344.95,2026-09-22,23200.0,CE,197.3,197.0,197.25,1195092,48765,-2419,6.54
2026-09-18 15:09:42,23344.95,2026-09-22,23200.0,PE,37.0,36.9,37.0,3037414,218737,84906,10.87
2026-09-18 15:09:42,23344.95,2026-09-22,23250.0,CE,159.3,159.3,159.7,1394564,40332,-7120,7.28
2026-09-18 15:09:42,23344.95,2026-09-22,23250.0,PE,48.8,48.75,48.85,2509699,162602,90799,10.61
2026-09-18 15:09:42,23344.95,2026-09-22,23300.0,CE,124.75,124.75,125.05,5311667,152502,50894,7.6
2026-09-18 15:09:42,23344.95,2026-09-22,23300.0,PE,64.65,64.45,64.65,6402791,353090,248582,10.5
2026-09-18 15:09:42,23344.95,2026-09-22,23350.0,CE,95.4,95.25,95.4,4888866,119971,66406,7.88
2026-09-18 15:09:42,23344.95,2026-09-22,23350.0,PE,84.75,84.55,84.75,3552490,187597,163202,10.45
2026-09-18 15:09:42,23344.95,2026-09-22,23400.0,CE,70.4,70.25,70.4,4391590,212433,112077,7.99
2026-09-18 15:09:42,23344.95,2026-09-22,23400.0,PE,109.7,109.7,110.0,2349607,153815,107971,10.51
2026-09-18 15:09:42,23344.95,2026-09-22,23450.0,CE,49.55,49.6,49.7,2343156,111125,57629,8.0
2026-09-18 15:09:42,23344.95,2026-09-22,23450.0,PE,138.95,138.95,139.25,607499,27681,18244,10.57
2026-09-18 15:09:42,23344.95,2026-09-22,23500.0,CE,34.05,33.95,34.05,3143632,186845,48630,8.07
2026-09-18 15:09:42,23344.95,2026-09-22,23500.0,PE,172.85,172.85,173.0,655262,52080,17442,10.82
2026-09-18 15:09:42,23344.95,2026-09-22,23550.0,CE,22.35,22.25,22.3,1528512,68316,18268,8.12
2026-09-18 15:09:42,23344.95,2026-09-22,23550.0,PE,210.95,211.25,211.8,112493,8113,3769,11.15
2026-09-18 15:09:42,23344.95,2026-09-22,23600.0,CE,14.2,14.15,14.2,1847833,142999,40422,8.19
2026-09-18 15:09:42,23344.95,2026-09-22,23600.0,PE,252.7,252.85,253.45,124347,15177,3637,11.66
2026-09-18 15:09:42,23344.95,2026-09-22,23650.0,CE,9.1,9.1,9.15,1049043,64191,16851,8.32
2026-09-18 15:09:42,23344.95,2026-09-22,23650.0,PE,298.35,297.75,298.65,20174,3647,149,12.21
2026-09-18 15:09:42,23344.95,2026-09-22,23700.0,CE,6.0,5.95,6.0,1139733,139562,23235,8.48
2026-09-18 15:09:42,23344.95,2026-09-22,23700.0,PE,344.65,344.7,345.65,24717,9108,-1787,13.29
2026-09-18 15:09:42,23344.95,2026-09-22,23750.0,CE,4.0,3.95,4.0,586807,73752,15262,8.71
2026-09-18 15:09:42,23344.95,2026-09-22,23750.0,PE,392.1,392.05,393.3,3309,1675,5,14.12
2026-09-18 15:09:42,23344.95,2026-09-22,23800.0,CE,2.95,2.95,3.0,777315,144756,16020,9.04
2026-09-18 15:09:42,23344.95,2026-09-22,23800.0,PE,440.55,440.65,441.95,7198,7164,-288,15.24
2026-09-18 15:09:42,23344.95,2026-09-22,23850.0,CE,2.5,2.5,2.55,396488,49398,6047,9.6
2026-09-18 15:09:42,23344.95,2026-09-22,23850.0,PE,488.9,490.6,492.35,873,1095,28,15.68
2026-09-18 15:10:42,23342.4,2026-09-22,22850.0,CE,514.9,510.3,512.0,1253,804,-82,
2026-09-18 15:10:42,23342.4,2026-09-22,22850.0,PE,6.9,6.85,6.9,482439,45877,18161,13.75
2026-09-18 15:10:42,23342.4,2026-09-22,22900.0,CE,462.25,462.0,463.5,8006,2223,297,
2026-09-18 15:10:42,23342.4,2026-09-22,22900.0,PE,8.35,8.35,8.45,738295,68336,13072,13.23
2026-09-18 15:10:42,23342.4,2026-09-22,22950.0,CE,415.05,414.15,415.45,6074,1262,178,
2026-09-18 15:10:42,23342.4,2026-09-22,22950.0,PE,10.3,10.25,10.3,658900,51533,14445,12.69
2026-09-18 15:10:42,23342.4,2026-09-22,23000.0,CE,366.55,366.35,367.2,107733,11297,-2643,
2026-09-18 15:10:42,23342.4,2026-09-22,23000.0,PE,13.1,13.0,13.1,1713598,177201,28698,12.21
2026-09-18 15:10:42,23342.4,2026-09-22,23050.0,CE,320.9,320.5,321.45,31945,2606,-128,
2026-09-18 15:10:42,23342.4,2026-09-22,23050.0,PE,16.7,16.6,16.7,901985,64715,16438,11.77
2026-09-18 15:10:42,23342.4,2026-09-22,23100.0,CE,275.3,275.2,275.85,190906,11195,-1463,
2026-09-18 15:10:42,23342.4,2026-09-22,23100.0,PE,21.75,21.65,21.75,1698610,122025,39540,11.42
2026-09-18 15:10:42,23342.4,2026-09-22,23150.0,CE,232.5,232.7,233.35,209743,8250,436,
2026-09-18 15:10:42,23342.4,2026-09-22,23150.0,PE,28.9,28.9,29.0,1288279,84664,38190,11.12
2026-09-18 15:10:42,23342.4,2026-09-22,23200.0,CE,191.95,192.3,192.6,1198381,48123,-3061,6.54
2026-09-18 15:10:42,23342.4,2026-09-22,23200.0,PE,38.35,38.35,38.45,3054574,218958,85127,10.87
2026-09-18 15:10:42,23342.4,2026-09-22,23250.0,CE,155.0,154.75,155.05,1398144,40355,-7097,7.28
2026-09-18 15:10:42,23342.4,2026-09-22,23250.0,PE,50.85,50.7,50.85,2522591,159751,87948,10.61
2026-09-18 15:10:42,23342.4,2026-09-22,23300.0,CE,120.35,120.35,120.7,5327105,150275,48667,7.6
2026-09-18 15:10:42,23342.4,2026-09-22,23300.0,PE,67.15,66.95,67.15,6444684,349031,244523,10.5
2026-09-18 15:10:42,23342.4,2026-09-22,23350.0,CE,91.45,91.35,91.5,4909129,116665,63100,7.88
2026-09-18 15:10:42,23342.4,2026-09-22,23350.0,PE,87.45,87.5,87.65,3584546,184409,160014,10.45
2026-09-18 15:10:42,23342.4,2026-09-22,23400.0,CE,67.65,67.45,67.65,4423041,205025,104669,7.99
2026-09-18 15:10:42,23342.4,2026-09-22,23400.0,PE,113.05,113.05,113.35,2368885,147830,101986,10.51
2026-09-18 15:10:42,23342.4,2026-09-22,23450.0,CE,47.1,47.0,47.15,2360902,107187,53691,8.0
2026-09-18 15:10:42,23342.4,2026-09-22,23450.0,PE,143.5,143.2,143.5,611921,26192,16755,10.57
2026-09-18 15:10:42,23342.4,2026-09-22,23500.0,CE,31.95,31.95,32.1,3161506,181978,43763,8.07
2026-09-18 15:10:42,23342.4,2026-09-22,23500.0,PE,178.1,177.6,178.15,661157,49327,14689,10.82
2026-09-18 15:10:42,23342.4,2026-09-22,23550.0,CE,21.05,21.05,21.1,1537405,67716,17668,8.12
2026-09-18 15:10:42,23342.4,2026-09-22,23550.0,PE,217.0,216.15,216.75,113228,7505,3161,11.15
2026-09-18 15:10:42,23342.4,2026-09-22,23600.0,CE,13.35,13.35,13.4,1860130,141392,38815,8.19
2026-09-18 15:10:42,23342.4,2026-09-22,23600.0,PE,259.35,258.65,259.3,125041,14591,3051,11.66
2026-09-18 15:10:42,23342.4,2026-09-22,23650.0,CE,8.6,8.6,8.65,1054490,63726,16386,8.32
2026-09-18 15:10:42,23342.4,2026-09-22,23650.0,PE,304.3,304.0,304.75,20265,3602,104,12.21
2026-09-18 15:10:42,23342.4,2026-09-22,23700.0,CE,5.75,5.7,5.75,1144947,139473,23146,8.48
2026-09-18 15:10:42,23342.4,2026-09-22,23700.0,PE,351.7,351.2,352.0,24901,9059,-1836,13.29
2026-09-18 15:10:42,23342.4,2026-09-22,23750.0,CE,3.9,3.85,3.9,590437,73107,14617,8.71
2026-09-18 15:10:42,23342.4,2026-09-22,23750.0,PE,399.6,398.2,399.5,3342,1661,-9,14.12
2026-09-18 15:10:42,23342.4,2026-09-22,23800.0,CE,2.9,2.9,2.95,786183,145087,16351,9.04
2026-09-18 15:10:42,23342.4,2026-09-22,23800.0,PE,448.0,447.65,448.95,7248,7127,-325,15.24
2026-09-18 15:10:42,23342.4,2026-09-22,23850.0,CE,2.45,2.45,2.5,397969,49379,6028,9.6
2026-09-18 15:10:42,23342.4,2026-09-22,23850.0,PE,494.75,496.7,498.5,882,1083,16,15.68
2026-09-18 15:11:42,23341.75,2026-09-22,22850.0,CE,514.9,512.05,513.5,1253,804,-82,
2026-09-18 15:11:42,23341.75,2026-09-22,22850.0,PE,6.85,6.85,6.9,487126,46557,18841,13.15
2026-09-18 15:11:42,23341.75,2026-09-22,22900.0,CE,463.4,463.45,464.85,8030,2215,289,
2026-09-18 15:11:42,23341.75,2026-09-22,22900.0,PE,8.45,8.4,8.45,744570,68683,13419,12.65
2026-09-18 15:11:42,23341.75,2026-09-22,22950.0,CE,416.2,415.75,416.6,6083,1263,179,
2026-09-18 15:11:42,23341.75,2026-09-22,22950.0,PE,10.35,10.3,10.35,662911,51007,13919,12.13
2026-09-18 15:11:42,23341.75,2026-09-22,23000.0,CE,369.65,368.6,369.5,108351,11288,-2652,6.77
2026-09-18 15:11:42,23341.75,2026-09-22,23000.0,PE,13.2,13.2,13.25,1729448,177645,29142,11.71
2026-09-18 15:11:42,23341.75,2026-09-22,23050.0,CE,322.6,322.35,323.15,32040,2597,-137,7.73
2026-09-18 15:11:42,23341.75,2026-09-22,23050.0,PE,16.85,16.85,16.9,909557,62198,13921,11.29
2026-09-18 15:11:42,23341.75,2026-09-22,23100.0,CE,277.95,277.65,278.0,191779,11640,-1018,8.43
2026-09-18 15:11:42,23341.75,2026-09-22,23100.0,PE,22.1,22.1,22.15,1716853,120242,37757,10.91
2026-09-18 15:11:42,23341.75,2026-09-22,23150.0,CE,235.5,235.0,235.5,210393,8157,343,8.59
2026-09-18 15:11:42,23341.75,2026-09-22,23150.0,PE,29.35,29.25,29.35,1298727,83392,36918,10.63
2026-09-18 15:11:42,23341.75,2026-09-22,23200.0,CE,194.55,194.1,194.5,1201583,47818,-3366,8.57
2026-09-18 15:11:42,23341.75,2026-09-22,23200.0,PE,38.85,38.85,38.9,3076053,215224,81393,10.39
2026-09-18 15:11:42,23341.75,2026-09-22,23250.0,CE,156.6,156.6,156.8,1402173,40321,-7131,8.59
2026-09-18 15:11:42,23341.75,2026-09-22,23250.0,PE,51.1,51.1,51.25,2541359,154707,82904,10.14
2026-09-18 15:11:42,23341.75,2026-09-22,23300.0,CE,122.75,122.5,122.7,5346718,149437,47829,8.53
2026-09-18 15:11:42,23341.75,2026-09-22,23300.0,PE,67.45,67.3,67.45,6494941,335208,230700,9.98
2026-09-18 15:11:42,23341.75,2026-09-22,23350.0,CE,93.5,93.4,93.6,4931235,119190,65625,8.49
2026-09-18 15:11:42,23341.75,2026-09-22,23350.0,PE,87.65,87.55,87.65,3626122,175435,151040,9.83
2026-09-18 15:11:42,23341.75,2026-09-22,23400.0,CE,68.75,68.7,68.8,4454226,204148,103792,8.47
2026-09-18 15:11:42,23341.75,2026-09-22,23400.0,PE,113.0,113.0,113.15,2393870,138046,92202,9.84
2026-09-18 15:11:42,23341.75,2026-09-22,23450.0,CE,48.4,48.35,48.4,2378982,103131,49635,8.4
2026-09-18 15:11:42,23341.75,2026-09-22,23450.0,PE,142.85,142.6,142.9,616690,24549,15112,9.85
2026-09-18 15:11:42,23341.75,2026-09-22,23500.0,CE,32.85,32.85,32.95,3181028,177634,39419,8.37
2026-09-18 15:11:42,23341.75,2026-09-22,23500.0,PE,176.8,176.85,177.25,666077,47788,13150,9.92
2026-09-18 15:11:42,23341.75,2026-09-22,23550.0,CE,21.45,21.45,21.55,1547691,68442,18394,8.36
2026-09-18 15:11:42,23341.75,2026-09-22,23550.0,PE,215.9,215.3,215.85,113993,7360,3016,10.22
2026-09-18 15:11:42,23341.75,2026-09-22,23600.0,CE,13.6,13.6,13.65,1872127,139943,37366,8.37
2026-09-18 15:11:42,23341.75,2026-09-22,23600.0,PE,257.8,257.8,258.25,125774,14282,2742,10.61
2026-09-18 15:11:42,23341.75,2026-09-22,23650.0,CE,8.75,8.7,8.75,1061906,63377,16037,8.51
2026-09-18 15:11:42,23341.75,2026-09-22,23650.0,PE,303.5,302.5,303.25,20453,3614,116,11.13
2026-09-18 15:11:42,23341.75,2026-09-22,23700.0,CE,5.8,5.75,5.8,1152669,138938,22611,8.73
2026-09-18 15:11:42,23341.75,2026-09-22,23700.0,PE,350.0,349.35,350.2,25056,8925,-1970,12.01
2026-09-18 15:11:42,23341.75,2026-09-22,23750.0,CE,3.85,3.85,3.9,596753,71557,13067,9.0
2026-09-18 15:11:42,23341.75,2026-09-22,23750.0,PE,398.65,396.9,398.1,3377,1648,-22,12.82
2026-09-18 15:11:42,23341.75,2026-09-22,23800.0,CE,2.9,2.9,2.95,793559,141227,12491,9.42
2026-09-18 15:11:42,23341.75,2026-09-22,23800.0,PE,446.85,445.8,447.2,7264,7120,-332,13.71
2026-09-18 15:11:42,23341.75,2026-09-22,23850.0,CE,2.45,2.4,2.45,400237,49542,6191,10.02
2026-09-18 15:11:42,23341.75,2026-09-22,23850.0,PE,493.15,495.3,496.95,893,1081,14,14.82
2026-09-18 15:12:42,23341.85,2026-09-22,22850.0,CE,517.35,515.95,517.35,1257,802,-84,
2026-09-18 15:12:42,23341.85,2026-09-22,22850.0,PE,6.7,6.65,6.7,489756,46440,18724,13.15
2026-09-18 15:12:42,23341.85,2026-09-22,22900.0,CE,468.55,467.7,469.05,8045,2213,287,
2026-09-18 15:12:42,23341.85,2026-09-22,22900.0,PE,8.2,8.15,8.2,747245,68125,12861,12.65
2026-09-18 15:12:42,23341.85,2026-09-22,22950.0,CE,420.2,420.05,421.2,6093,1262,178,
2026-09-18 15:12:42,23341.85,2026-09-22,22950.0,PE,10.0,9.95,10.0,666205,51232,14144,12.13
2026-09-18 15:12:42,23341.85,2026-09-22,23000.0,CE,373.3,373.2,374.0,108550,11207,-2733,6.77
2026-09-18 15:12:42,23341.85,2026-09-22,23000.0,PE,12.7,12.65,12.75,1738622,177383,28880,11.71
2026-09-18 15:12:42,23341.85,2026-09-22,23050.0,CE,327.05,326.85,327.75,32073,2617,-117,7.73
2026-09-18 15:12:42,23341.85,2026-09-22,23050.0,PE,16.25,16.2,16.25,914650,59704,11427,11.29
2026-09-18 15:12:42,23341.85,2026-09-22,23100.0,CE,282.1,281.95,282.7,192089,11588,-1070,8.43
2026-09-18 15:12:42,23341.85,2026-09-22,23100.0,PE,21.3,21.3,21.35,1725377,117602,35117,10.91
2026-09-18 15:12:42,23341.85,2026-09-22,23150.0,CE,238.5,238.75,239.1,210711,8194,380,8.59
2026-09-18 15:12:42,23341.85,2026-09-22,23150.0,PE,28.35,28.3,28.4,1306300,82305,35831,10.63
2026-09-18 15:12:42,23341.85,2026-09-22,23200.0,CE,198.3,197.8,198.25,1204143,47222,-3962,8.57
2026-09-18 15:12:42,23341.85,2026-09-22,23200.0,PE,37.5,37.45,37.5,3087606,212252,78421,10.39
2026-09-18 15:12:42,23341.85,2026-09-22,23250.0,CE,159.8,159.6,159.8,1404598,40051,-7401,8.59
2026-09-18 15:12:42,23341.85,2026-09-22,23250.0,PE,49.85,49.8,49.9,2550436,153226,81423,10.14
2026-09-18 15:12:42,23341.85,2026-09-22,23300.0,CE,125.5,125.35,125.5,5358309,148020,46412,8.53
2026-09-18 15:12:42,23341.85,2026-09-22,23300.0,PE,65.55,65.45,65.6,6520686,329874,225366,9.98
2026-09-18 15:12:42,23341.85,2026-09-22,23350.0,CE,96.1,96.1,96.2,4943565,119153,65588,8.49
2026-09-18 15:12:42,23341.85,2026-09-22,23350.0,PE,84.95,84.8,85.0,3647158,170597,146202,9.83
2026-09-18 15:12:42,23341.85,2026-09-22,23400.0,CE,71.25,71.05,71.25,4471517,204816,104460,8.47
2026-09-18 15:12:42,23341.85,2026-09-22,23400.0,PE,110.1,110.0,110.1,2407253,134752,88908,9.84
2026-09-18 15:12:42,23341.85,2026-09-22,23450.0,CE,50.1,50.0,50.1,2391385,102174,48678,8.4
2026-09-18 15:12:42,23341.85,2026-09-22,23450.0,PE,139.2,139.05,139.4,619361,23923,14486,9.85
2026-09-18 15:12:42,23341.85,2026-09-22,23500.0,CE,34.05,34.05,34.1,3189237,176663,38448,8.37
2026-09-18 15:12:42,23341.85,2026-09-22,23500.0,PE,173.65,173.25,173.6,668768,47626,12988,9.92
2026-09-18 15:12:42,23341.85,2026-09-22,23550.0,CE,22.2,22.15,22.2,1551829,68276,18228,8.36
2026-09-18 15:12:42,23341.85,2026-09-22,23550.0,PE,211.65,211.1,211.6,114587,7287,2943,10.22
2026-09-18 15:12:42,23341.85,2026-09-22,23600.0,CE,14.1,14.05,14.1,1877895,139861,37284,8.37
2026-09-18 15:12:42,23341.85,2026-09-22,23600.0,PE,254.35,253.85,254.55,126165,14176,2636,10.61
2026-09-18 15:12:42,23341.85,2026-09-22,23650.0,CE,9.1,9.05,9.1,1067051,63324,15984,8.51
2026-09-18 15:12:42,23341.85,2026-09-22,23650.0,PE,298.8,298.15,298.8,20545,3546,48,11.13
2026-09-18 15:12:42,23341.85,2026-09-22,23700.0,CE,6.0,6.0,6.05,1156525,138771,22444,8.73
2026-09-18 15:12:42,23341.85,2026-09-22,23700.0,PE,346.15,344.2,345.1,25113,8893,-2002,12.01
2026-09-18 15:12:42,23341.85,2026-09-22,23750.0,CE,4.05,4.05,4.1,599688,71162,12672,9.0
2026-09-18 15:12:42,23341.85,2026-09-22,23750.0,PE,393.55,391.8,393.05,3398,1648,-22,12.82
2026-09-18 15:12:42,23341.85,2026-09-22,23800.0,CE,3.05,3.0,3.05,799819,138469,9733,9.42
2026-09-18 15:12:42,23341.85,2026-09-22,23800.0,PE,443.1,441.55,442.85,7282,7115,-337,13.71
2026-09-18 15:12:42,23341.85,2026-09-22,23850.0,CE,2.55,2.5,2.55,403680,49185,5834,10.02
2026-09-18 15:12:42,23341.85,2026-09-22,23850.0,PE,493.15,489.5,491.85,893,1076,9,14.82
2026-09-18 15:13:43,23340.9,2026-09-22,22850.0,CE,515.15,510.75,512.65,1260,802,-84,
2026-09-18 15:13:43,23340.9,2026-09-22,22850.0,PE,6.7,6.7,6.75,492906,46440,18724,13.15
2026-09-18 15:13:43,23340.9,2026-09-22,22900.0,CE,465.0,461.85,463.35,8072,2213,287,
2026-09-18 15:13:43,23340.9,2026-09-22,22900.0,PE,8.3,8.2,8.3,749972,68125,12861,12.65
2026-09-18 15:13:43,23340.9,2026-09-22,22950.0,CE,415.2,414.0,415.1,6109,1262,178,
2026-09-18 15:13:43,23340.9,2026-09-22,22950.0,PE,10.05,10.05,10.1,671421,51232,14144,12.13
2026-09-18 15:13:43,23340.9,2026-09-22,23000.0,CE,367.1,367.0,367.85,108713,11207,-2733,6.77
2026-09-18 15:13:43,23340.9,2026-09-22,23000.0,PE,13.05,12.95,13.05,1743497,177383,28880,11.71
2026-09-18 15:13:43,23340.9,2026-09-22,23050.0,CE,321.25,320.65,321.45,32128,2617,-117,7.73
2026-09-18 15:13:43,23340.9,2026-09-22,23050.0,PE,16.7,16.65,16.7,918451,59704,11427,11.29
2026-09-18 15:13:43,23340.9,2026-09-22,23100.0,CE,276.55,276.0,276.6,192365,11588,-1070,8.43
2026-09-18 15:13:43,23340.9,2026-09-22,23100.0,PE,21.95,21.9,22.0,1731283,117602,35117,10.91
2026-09-18 15:13:43,23340.9,2026-09-22,23150.0,CE,233.45,233.4,233.9,211218,8194,380,8.59
2026-09-18 15:13:43,23340.9,2026-09-22,23150.0,PE,29.2,29.1,29.2,1310113,82305,35831,10.63
2026-09-18 15:13:43,23340.9,2026-09-22,23200.0,CE,193.0,192.5,192.95,1206319,47222,-3962,8.57
2026-09-18 15:13:43,23340.9,2026-09-22,23200.0,PE,38.8,38.65,38.8,3094723,212252,78421,10.39
2026-09-18 15:13:43,23340.9,2026-09-22,23250.0,CE,155.05,155.05,155.45,1406716,40051,-7401,8.59
2026-09-18 15:13:43,23340.9,2026-09-22,23250.0,PE,51.1,51.1,51.2,2558439,153226,81423,10.14
2026-09-18 15:13:43,23340.9,2026-09-22,23300.0,CE,121.25,120.95,121.25,5369851,148020,46412,8.53
2026-09-18 15:13:43,23340.9,2026-09-22,23300.0,PE,67.35,67.35,67.55,6541222,329874,225366,9.98
2026-09-18 15:13:43,23340.9,2026-09-22,23350.0,CE,92.15,92.15,92.4,4957099,119153,65588,8.49
2026-09-18 15:13:43,23340.9,2026-09-22,23350.0,PE,87.5,87.5,87.75,3661597,170597,146202,9.83
2026-09-18 15:13:43,23340.9,2026-09-22,23400.0,CE,67.75,67.7,67.75,4486139,204816,104460,8.47
2026-09-18 15:13:43,23340.9,2026-09-22,23400.0,PE,113.5,113.15,113.5,2420836,134752,88908,9.84
2026-09-18 15:13:43,23340.9,2026-09-22,23450.0,CE,47.3,47.3,47.4,2398938,102174,48678,8.4
2026-09-18 15:13:43,23340.9,2026-09-22,23450.0,PE,143.25,142.95,143.0,621226,23923,14486,9.85
2026-09-18 15:13:43,23340.9,2026-09-22,23500.0,CE,32.15,32.05,32.15,3200321,176663,38448,8.37
2026-09-18 15:13:43,23340.9,2026-09-22,23500.0,PE,177.7,177.15,177.7,670708,47626,12988,9.92
2026-09-18 15:13:43,23340.9,2026-09-22,23550.0,CE,20.85,20.85,20.95,1558519,68276,18228,8.36
2026-09-18 15:13:43,23340.9,2026-09-22,23550.0,PE,216.65,216.25,216.75,115311,7287,2943,10.22
2026-09-18 15:13:43,23340.9,2026-09-22,23600.0,CE,13.15,13.15,13.2,1886133,139861,37284,8.37
2026-09-18 15:13:43,23340.9,2026-09-22,23600.0,PE,259.0,258.5,259.0,126405,14176,2636,10.61
2026-09-18 15:13:43,23340.9,2026-09-22,23650.0,CE,8.5,8.5,8.55,1073503,63324,15984,8.51
2026-09-18 15:13:43,23340.9,2026-09-22,23650.0,PE,304.0,303.8,304.65,20620,3546,48,11.13
2026-09-18 15:13:43,23340.9,2026-09-22,23700.0,CE,5.65,5.65,5.7,1160611,138771,22444,8.73
2026-09-18 15:13:43,23340.9,2026-09-22,23700.0,PE,351.35,350.35,351.4,25232,8893,-2002,12.01
2026-09-18 15:13:43,23340.9,2026-09-22,23750.0,CE,3.9,3.85,3.9,602510,71162,12672,9.0
2026-09-18 15:13:43,23340.9,2026-09-22,23750.0,PE,396.6,398.0,399.0,3423,1648,-22,12.82
2026-09-18 15:13:43,23340.9,2026-09-22,23800.0,CE,2.95,2.95,3.0,804754,138469,9733,9.42
2026-09-18 15:13:43,23340.9,2026-09-22,23800.0,PE,447.0,447.05,448.5,7312,7115,-337,13.71
2026-09-18 15:13:43,23340.9,2026-09-22,23850.0,CE,2.5,2.45,2.5,406626,49185,5834,10.02
2026-09-18 15:13:43,23340.9,2026-09-22,23850.0,PE,494.85,496.7,498.55,900,1076,9,14.82
2026-09-18 15:14:43,23340.65,2026-09-22,22850.0,CE,520.9,517.85,519.75,1261,808,-78,
2026-09-18 15:14:43,23340.65,2026-09-22,22850.0,PE,6.25,6.2,6.25,495054,46877,19161,13.15
2026-09-18 15:14:43,23340.65,2026-09-22,22900.0,CE,471.95,469.1,470.7,8118,2213,287,
2026-09-18 15:14:43,23340.65,2026-09-22,22900.0,PE,7.65,7.6,7.65,754332,68315,13051,12.65
2026-09-18 15:14:43,23340.65,2026-09-22,22950.0,CE,422.55,420.95,422.35,6115,1258,174,
2026-09-18 15:14:43,23340.65,2026-09-22,22950.0,PE,9.35,9.25,9.35,676454,53163,16075,12.13
2026-09-18 15:14:43,23340.65,2026-09-22,23000.0,CE,373.8,373.65,374.55,108952,11185,-2755,6.77
2026-09-18 15:14:43,23340.65,2026-09-22,23000.0,PE,11.95,11.9,11.95,1754769,177279,28776,11.71
2026-09-18 15:14:43,23340.65,2026-09-22,23050.0,CE,327.85,327.25,328.05,32155,2634,-100,7.73
2026-09-18 15:14:43,23340.65,2026-09-22,23050.0,PE,15.35,15.3,15.35,922778,58766,10489,11.29
2026-09-18 15:14:43,23340.65,2026-09-22,23100.0,CE,282.25,281.4,282.25,192834,11538,-1120,8.43
2026-09-18 15:14:43,23340.65,2026-09-22,23100.0,PE,20.25,20.25,20.35,1739677,116163,33678,10.91
2026-09-18 15:14:43,23340.65,2026-09-22,23150.0,CE,239.1,239.0,239.65,211563,8145,331,8.59
2026-09-18 15:14:43,23340.65,2026-09-22,23150.0,PE,27.0,26.95,27.0,1317136,81825,35351,10.63
2026-09-18 15:14:43,23340.65,2026-09-22,23200.0,CE,197.6,197.6,198.15,1208651,47159,-4025,8.57
2026-09-18 15:14:43,23340.65,2026-09-22,23200.0,PE,36.15,36.15,36.25,3113306,211562,77731,10.39
2026-09-18 15:14:43,23340.65,2026-09-22,23250.0,CE,159.75,159.75,160.05,1409669,40246,-7206,8.59
2026-09-18 15:14:43,23340.65,2026-09-22,23250.0,PE,48.0,47.95,48.1,2571935,152875,81072,10.14
2026-09-18 15:14:43,23340.65,2026-09-22,23300.0,CE,125.5,125.2,125.5,5383819,147975,46367,8.53
2026-09-18 15:14:43,23340.65,2026-09-22,23300.0,PE,63.85,63.75,63.85,6574805,325661,221153,9.98
2026-09-18 15:14:43,23340.65,2026-09-22,23350.0,CE,95.8,95.55,95.8,4972924,119477,65912,8.49
2026-09-18 15:14:43,23340.65,2026-09-22,23350.0,PE,83.4,83.35,83.55,3688278,168065,143670,9.83
2026-09-18 15:14:43,23340.65,2026-09-22,23400.0,CE,70.7,70.6,70.7,4502689,204642,104286,8.47
2026-09-18 15:14:43,23340.65,2026-09-22,23400.0,PE,108.2,108.35,108.4,2435190,130052,84208,9.84
2026-09-18 15:14:43,23340.65,2026-09-22,23450.0,CE,49.25,49.25,49.35,2408727,102739,49243,8.4
2026-09-18 15:14:43,23340.65,2026-09-22,23450.0,PE,137.7,137.05,137.35,624519,23872,14435,9.85
2026-09-18 15:14:43,23340.65,2026-09-22,23500.0,CE,33.6,33.6,33.7,3212156,177262,39047,8.37
2026-09-18 15:14:43,23340.65,2026-09-22,23500.0,PE,171.65,170.9,171.4,673712,47442,12804,9.92
2026-09-18 15:14:43,23340.65,2026-09-22,23550.0,CE,21.95,21.85,21.95,1564816,68303,18255,8.36
2026-09-18 15:14:43,23340.65,2026-09-22,23550.0,PE,210.05,209.7,210.3,115926,7022,2678,10.22
2026-09-18 15:14:43,23340.65,2026-09-22,23600.0,CE,13.85,13.8,13.85,1894166,139968,37391,8.37
2026-09-18 15:14:43,23340.65,2026-09-22,23600.0,PE,252.2,251.75,252.05,126777,14167,2627,10.61
2026-09-18 15:14:43,23340.65,2026-09-22,23650.0,CE,8.95,8.9,8.95,1079147,62999,15659,8.51
2026-09-18 15:14:43,23340.65,2026-09-22,23650.0,PE,297.0,296.25,297.05,20707,3521,23,11.13
2026-09-18 15:14:43,23340.65,2026-09-22,23700.0,CE,5.9,5.85,5.9,1164515,138724,22397,8.73
2026-09-18 15:14:43,23340.65,2026-09-22,23700.0,PE,344.0,343.2,344.1,25427,8867,-2028,12.01
2026-09-18 15:14:43,23340.65,2026-09-22,23750.0,CE,3.95,3.95,4.0,604793,71355,12865,9.0
2026-09-18 15:14:43,23340.65,2026-09-22,23750.0,PE,391.5,390.75,391.95,3432,1646,-24,12.82
2026-09-18 15:14:43,23340.65,2026-09-22,23800.0,CE,3.05,3.0,3.05,807539,138108,9372,9.42
2026-09-18 15:14:43,23340.65,2026-09-22,23800.0,PE,441.0,439.6,441.3,7326,7105,-347,13.71
2026-09-18 15:14:43,23340.65,2026-09-22,23850.0,CE,2.55,2.5,2.55,407852,49346,5995,10.02
2026-09-18 15:14:43,23340.65,2026-09-22,23850.0,PE,494.85,488.8,490.65,900,1076,9,14.82
2026-09-18 15:15:43,23341.85,2026-09-22,22850.0,CE,515.4,511.0,512.7,1273,808,-78,
2026-09-18 15:15:43,23341.85,2026-09-22,22850.0,PE,6.35,6.35,6.45,496682,46871,19155,13.15
2026-09-18 15:15:43,23341.85,2026-09-22,22900.0,CE,466.55,463.0,464.5,8173,2246,320,
2026-09-18 15:15:43,23341.85,2026-09-22,22900.0,PE,7.85,7.85,7.9,756511,67807,12543,12.65
2026-09-18 15:15:43,23341.85,2026-09-22,22950.0,CE,417.55,414.75,416.1,6141,1262,178,
2026-09-18 15:15:43,23341.85,2026-09-22,22950.0,PE,9.6,9.6,9.65,678634,52298,15210,12.13
2026-09-18 15:15:43,23341.85,2026-09-22,23000.0,CE,369.0,367.85,368.7,109091,11072,-2868,6.77
2026-09-18 15:15:43,23341.85,2026-09-22,23000.0,PE,12.4,12.35,12.45,1759099,176683,28180,11.71
2026-09-18 15:15:43,23341.85,2026-09-22,23050.0,CE,321.7,321.35,322.2,32227,2632,-102,7.73
2026-09-18 15:15:43,23341.85,2026-09-22,23050.0,PE,15.95,15.9,15.95,925696,58006,9729,11.29
2026-09-18 15:15:43,23341.85,2026-09-22,23100.0,CE,276.35,276.3,277.05,193441,11485,-1173,8.43
2026-09-18 15:15:43,23341.85,2026-09-22,23100.0,PE,21.05,21.05,21.1,1745155,115387,32902,10.91
2026-09-18 15:15:43,23341.85,2026-09-22,23150.0,CE,234.3,234.35,234.9,211850,8091,277,8.59
2026-09-18 15:15:43,23341.85,2026-09-22,23150.0,PE,28.05,28.0,28.05,1326451,80195,33721,10.63
2026-09-18 15:15:43,23341.85,2026-09-22,23200.0,CE,193.05,193.3,193.8,1210790,46776,-4408,8.57
2026-09-18 15:15:43,23341.85,2026-09-22,23200.0,PE,37.55,37.5,37.6,3121760,208428,74597,10.39
2026-09-18 15:15:43,23341.85,2026-09-22,23250.0,CE,155.8,155.3,155.75,1411538,39454,-7998,8.59
2026-09-18 15:15:43,23341.85,2026-09-22,23250.0,PE,49.9,49.85,49.9,2581718,150899,79096,10.14
2026-09-18 15:15:43,23341.85,2026-09-22,23300.0,CE,121.65,121.4,121.6,5391858,146803,45195,8.53
2026-09-18 15:15:43,23341.85,2026-09-22,23300.0,PE,66.15,66.15,66.25,6591519,321784,217276,9.98
2026-09-18 15:15:43,23341.85,2026-09-22,23350.0,CE,93.05,93.05,93.2,4986875,118353,64788,8.49
2026-09-18 15:15:43,23341.85,2026-09-22,23350.0,PE,85.7,85.7,85.95,3704497,164515,140120,9.83
2026-09-18 15:15:43,23341.85,2026-09-22,23400.0,CE,67.7,67.7,67.85,4515285,203995,103639,8.47
2026-09-18 15:15:43,23341.85,2026-09-22,23400.0,PE,111.75,111.75,111.9,2441791,126767,80923,9.84
2026-09-18 15:15:43,23341.85,2026-09-22,23450.0,CE,47.4,47.15,47.35,2417553,102458,48962,8.4
2026-09-18 15:15:43,23341.85,2026-09-22,23450.0,PE,141.85,141.5,141.85,626174,23479,14042,9.85
2026-09-18 15:15:43,23341.85,2026-09-22,23500.0,CE,32.15,32.15,32.25,3223280,176621,38406,8.37
2026-09-18 15:15:43,23341.85,2026-09-22,23500.0,PE,175.4,175.35,175.55,675616,46970,12332,9.92
2026-09-18 15:15:43,23341.85,2026-09-22,23550.0,CE,20.9,20.95,21.0,1569489,68225,18177,8.36
2026-09-18 15:15:43,23341.85,2026-09-22,23550.0,PE,214.0,213.5,214.05,116239,6973,2629,10.22
2026-09-18 15:15:43,23341.85,2026-09-22,23600.0,CE,13.0,13.0,13.05,1901860,139158,36581,8.37
2026-09-18 15:15:43,23341.85,2026-09-22,23600.0,PE,257.35,256.8,257.35,127007,14131,2591,10.61
2026-09-18 15:15:43,23341.85,2026-09-22,23650.0,CE,8.4,8.4,8.45,1083775,62856,15516,8.51
2026-09-18 15:15:43,23341.85,2026-09-22,23650.0,PE,302.95,302.05,302.95,20821,3493,-5,11.13
2026-09-18 15:15:43,23341.85,2026-09-22,23700.0,CE,5.6,5.6,5.65,1168679,138913,22586,8.73
2026-09-18 15:15:43,23341.85,2026-09-22,23700.0,PE,348.55,349.2,350.0,25567,8753,-2142,12.01
2026-09-18 15:15:43,23341.85,2026-09-22,23750.0,CE,3.85,3.8,3.85,607341,70984,12494,9.0
2026-09-18 15:15:43,23341.85,2026-09-22,23750.0,PE,396.8,396.9,398.05,3485,1643,-27,12.82
2026-09-18 15:15:43,23341.85,2026-09-22,23800.0,CE,2.95,2.9,2.95,811646,137664,8928,9.42
2026-09-18 15:15:43,23341.85,2026-09-22,23800.0,PE,444.9,445.55,447.3,7373,7107,-345,13.71
2026-09-18 15:15:43,23341.85,2026-09-22,23850.0,CE,2.45,2.45,2.5,408857,49365,6014,10.02
2026-09-18 15:15:43,23341.85,2026-09-22,23850.0,PE,494.6,495.25,497.0,913,1076,9,14.82
2026-09-18 15:16:44,23341.85,2026-09-22,22850.0,CE,515.4,515.5,519.25,1273,808,-78,
2026-09-18 15:16:44,23341.85,2026-09-22,22850.0,PE,6.35,6.3,6.35,497788,46683,18967,13.15
2026-09-18 15:16:44,23341.85,2026-09-22,22900.0,CE,469.0,468.05,469.65,8179,2247,321,
2026-09-18 15:16:44,23341.85,2026-09-22,22900.0,PE,7.75,7.7,7.75,759404,67792,12528,12.65
2026-09-18 15:16:44,23341.85,2026-09-22,22950.0,CE,416.25,420.0,421.05,6145,1270,186,
2026-09-18 15:16:44,23341.85,2026-09-22,22950.0,PE,9.3,9.3,9.35,680663,52103,15015,12.13
2026-09-18 15:16:44,23341.85,2026-09-22,23000.0,CE,373.35,373.2,373.8,109199,11064,-2876,6.77
2026-09-18 15:16:44,23341.85,2026-09-22,23000.0,PE,12.0,12.0,12.05,1763946,176850,28347,11.71
2026-09-18 15:16:44,23341.85,2026-09-22,23050.0,CE,326.75,326.4,327.2,32285,2653,-81,7.73
2026-09-18 15:16:44,23341.85,2026-09-22,23050.0,PE,15.45,15.4,15.45,927960,57395,9118,11.29
2026-09-18 15:16:44,23341.85,2026-09-22,23100.0,CE,281.45,281.1,281.45,193773,11113,-1545,8.43
2026-09-18 15:16:44,23341.85,2026-09-22,23100.0,PE,20.35,20.3,20.35,1750337,115310,32825,10.91
2026-09-18 15:16:44,23341.85,2026-09-22,23150.0,CE,238.9,238.15,238.9,212244,8172,358,8.59
2026-09-18 15:16:44,23341.85,2026-09-22,23150.0,PE,26.95,27.0,27.1,1334740,78505,32031,10.63
2026-09-18 15:16:44,23341.85,2026-09-22,23200.0,CE,197.0,196.55,197.0,1212272,47036,-4148,8.57
2026-09-18 15:16:44,23341.85,2026-09-22,23200.0,PE,36.45,36.35,36.45,3129189,207534,73703,10.39
2026-09-18 15:16:44,23341.85,2026-09-22,23250.0,CE,159.3,158.9,159.3,1412795,39169,-8283,8.59
2026-09-18 15:16:44,23341.85,2026-09-22,23250.0,PE,48.25,48.25,48.4,2589844,150318,78515,10.14
2026-09-18 15:16:44,23341.85,2026-09-22,23300.0,CE,124.75,124.4,124.75,5398474,147001,45393,8.53
2026-09-18 15:16:44,23341.85,2026-09-22,23300.0,PE,63.95,63.95,64.15,6608651,318952,214444,9.98
2026-09-18 15:16:44,23341.85,2026-09-22,23350.0,CE,95.25,95.05,95.25,4995635,118442,64877,8.49
2026-09-18 15:16:44,23341.85,2026-09-22,23350.0,PE,83.6,83.65,83.9,3718091,161633,137238,9.83
2026-09-18 15:16:44,23341.85,2026-09-22,23400.0,CE,69.85,69.85,70.0,4525313,204445,104089,8.47
2026-09-18 15:16:44,23341.85,2026-09-22,23400.0,PE,108.5,108.5,108.8,2449095,125359,79515,9.84
2026-09-18 15:16:44,23341.85,2026-09-22,23450.0,CE,48.95,48.95,49.05,2427502,103139,49643,8.4
2026-09-18 15:16:44,23341.85,2026-09-22,23450.0,PE,137.9,137.85,138.25,628071,22964,13527,9.85
2026-09-18 15:16:44,23341.85,2026-09-22,23500.0,CE,33.25,33.15,33.2,3231856,177606,39391,8.37
2026-09-18 15:16:44,23341.85,2026-09-22,23500.0,PE,172.0,171.35,171.8,677175,46518,11880,9.92
2026-09-18 15:16:44,23341.85,2026-09-22,23550.0,CE,21.55,21.55,21.65,1572575,68094,18046,8.36
2026-09-18 15:16:44,23341.85,2026-09-22,23550.0,PE,210.1,210.25,210.65,116630,6856,2512,10.22
2026-09-18 15:16:44,23341.85,2026-09-22,23600.0,CE,13.7,13.65,13.7,1907744,138753,36176,8.37
2026-09-18 15:16:44,23341.85,2026-09-22,23600.0,PE,253.05,252.4,253.0,127387,14029,2489,10.61
2026-09-18 15:16:44,23341.85,2026-09-22,23650.0,CE,8.8,8.75,8.8,1087992,63712,16372,8.51
2026-09-18 15:16:44,23341.85,2026-09-22,23650.0,PE,297.15,297.2,298.15,20852,3459,-39,11.13
2026-09-18 15:16:44,23341.85,2026-09-22,23700.0,CE,5.9,5.9,5.95,1173458,139001,22674,8.73
2026-09-18 15:16:44,23341.85,2026-09-22,23700.0,PE,344.55,344.05,345.0,25585,8699,-2196,12.01
2026-09-18 15:16:44,23341.85,2026-09-22,23750.0,CE,4.0,4.0,4.05,608998,71059,12569,9.0
2026-09-18 15:16:44,23341.85,2026-09-22,23750.0,PE,397.5,391.9,393.15,3495,1640,-30,12.82
2026-09-18 15:16:44,23341.85,2026-09-22,23800.0,CE,3.05,3.05,3.1,815486,136239,7503,9.42
2026-09-18 15:16:44,23341.85,2026-09-22,23800.0,PE,446.85,440.4,442.3,7380,7125,-327,13.71
2026-09-18 15:16:44,23341.85,2026-09-22,23850.0,CE,2.65,2.6,2.65,411210,49409,6058,10.02
2026-09-18 15:16:44,23341.85,2026-09-22,23850.0,PE,496.2,489.95,492.0,916,1064,-3,14.82
2026-09-18 15:17:44,23341.85,2026-09-22,22850.0,CE,515.4,515.5,519.25,1273,808,-78,
2026-09-18 15:17:44,23341.85,2026-09-22,22850.0,PE,6.35,6.3,6.35,497788,46683,18967,13.15
2026-09-18 15:17:44,23341.85,2026-09-22,22900.0,CE,469.0,468.05,469.65,8179,2247,321,
2026-09-18 15:17:44,23341.85,2026-09-22,22900.0,PE,7.75,7.7,7.75,759404,67792,12528,12.65
2026-09-18 15:17:44,23341.85,2026-09-22,22950.0,CE,416.25,420.0,421.05,6145,1270,186,
2026-09-18 15:17:44,23341.85,2026-09-22,22950.0,PE,9.3,9.3,9.35,680663,52103,15015,12.13
2026-09-18 15:17:44,23341.85,2026-09-22,23000.0,CE,373.35,373.2,373.8,109199,11064,-2876,6.77
2026-09-18 15:17:44,23341.85,2026-09-22,23000.0,PE,12.0,12.0,12.05,1763946,176850,28347,11.71
2026-09-18 15:17:44,23341.85,2026-09-22,23050.0,CE,326.75,326.4,327.2,32285,2653,-81,7.73
2026-09-18 15:17:44,23341.85,2026-09-22,23050.0,PE,15.45,15.4,15.45,927960,57395,9118,11.29
2026-09-18 15:17:44,23341.85,2026-09-22,23100.0,CE,281.45,281.1,281.45,193773,11113,-1545,8.43
2026-09-18 15:17:44,23341.85,2026-09-22,23100.0,PE,20.35,20.3,20.35,1750337,115310,32825,10.91
2026-09-18 15:17:44,23341.85,2026-09-22,23150.0,CE,238.9,238.15,238.9,212244,8172,358,8.59
2026-09-18 15:17:44,23341.85,2026-09-22,23150.0,PE,26.95,27.0,27.1,1334740,78505,32031,10.63
2026-09-18 15:17:44,23341.85,2026-09-22,23200.0,CE,197.0,196.55,197.0,1212272,47036,-4148,8.57
2026-09-18 15:17:44,23341.85,2026-09-22,23200.0,PE,36.45,36.35,36.45,3129189,207534,73703,10.39
2026-09-18 15:17:44,23341.85,2026-09-22,23250.0,CE,159.3,158.9,159.3,1412795,39169,-8283,8.59
2026-09-18 15:17:44,23341.85,2026-09-22,23250.0,PE,48.25,48.25,48.4,2589844,150318,78515,10.14
2026-09-18 15:17:44,23341.85,2026-09-22,23300.0,CE,124.75,124.4,124.75,5398474,147001,45393,8.53
2026-09-18 15:17:44,23341.85,2026-09-22,23300.0,PE,63.95,63.95,64.15,6608651,318952,214444,9.98
2026-09-18 15:17:44,23341.85,2026-09-22,23350.0,CE,95.25,95.05,95.25,4995635,118442,64877,8.49
2026-09-18 15:17:44,23341.85,2026-09-22,23350.0,PE,83.6,83.65,83.9,3718091,161633,137238,9.83
2026-09-18 15:17:44,23341.85,2026-09-22,23400.0,CE,69.85,69.85,70.0,4525313,204445,104089,8.47
2026-09-18 15:17:44,23341.85,2026-09-22,23400.0,PE,108.5,108.5,108.8,2449095,125359,79515,9.84
2026-09-18 15:17:44,23341.85,2026-09-22,23450.0,CE,48.95,48.95,49.05,2427502,103139,49643,8.4
2026-09-18 15:17:44,23341.85,2026-09-22,23450.0,PE,137.9,137.85,138.25,628071,22964,13527,9.85
2026-09-18 15:17:44,23341.85,2026-09-22,23500.0,CE,33.25,33.15,33.2,3231856,177606,39391,8.37
2026-09-18 15:17:44,23341.85,2026-09-22,23500.0,PE,172.0,171.35,171.8,677175,46518,11880,9.92
2026-09-18 15:17:44,23341.85,2026-09-22,23550.0,CE,21.55,21.55,21.65,1572575,68094,18046,8.36
2026-09-18 15:17:44,23341.85,2026-09-22,23550.0,PE,210.1,210.25,210.65,116630,6856,2512,10.22
2026-09-18 15:17:44,23341.85,2026-09-22,23600.0,CE,13.7,13.65,13.7,1907744,138753,36176,8.37
2026-09-18 15:17:44,23341.85,2026-09-22,23600.0,PE,253.05,252.4,253.0,127387,14029,2489,10.61
2026-09-18 15:17:44,23341.85,2026-09-22,23650.0,CE,8.8,8.75,8.8,1087992,63712,16372,8.51
2026-09-18 15:17:44,23341.85,2026-09-22,23650.0,PE,297.15,297.2,298.15,20852,3459,-39,11.13
2026-09-18 15:17:44,23341.85,2026-09-22,23700.0,CE,5.9,5.9,5.95,1173458,139001,22674,8.73
2026-09-18 15:17:44,23341.85,2026-09-22,23700.0,PE,344.55,344.05,345.0,25585,8699,-2196,12.01
2026-09-18 15:17:44,23341.85,2026-09-22,23750.0,CE,4.0,4.0,4.05,608998,71059,12569,9.0
2026-09-18 15:17:44,23341.85,2026-09-22,23750.0,PE,397.5,391.9,393.15,3495,1640,-30,12.82
2026-09-18 15:17:44,23341.85,2026-09-22,23800.0,CE,3.05,3.05,3.1,815486,136239,7503,9.42
2026-09-18 15:17:44,23341.85,2026-09-22,23800.0,PE,446.85,440.4,442.3,7380,7125,-327,13.71
2026-09-18 15:17:44,23341.85,2026-09-22,23850.0,CE,2.65,2.6,2.65,411210,49409,6058,10.02
2026-09-18 15:17:44,23341.85,2026-09-22,23850.0,PE,496.2,489.95,492.0,916,1064,-3,14.82
2026-09-18 15:18:44,23341.85,2026-09-22,22850.0,CE,515.4,514.35,516.7,1273,808,-78,
2026-09-18 15:18:44,23341.85,2026-09-22,22850.0,PE,6.5,6.45,6.5,500855,47763,20047,13.15
2026-09-18 15:18:44,23341.85,2026-09-22,22900.0,CE,468.5,466.3,467.8,8198,2229,303,
2026-09-18 15:18:44,23341.85,2026-09-22,22900.0,PE,7.85,7.85,7.9,763359,68065,12801,12.65
2026-09-18 15:18:44,23341.85,2026-09-22,22950.0,CE,419.25,418.1,419.25,6151,1269,185,
2026-09-18 15:18:44,23341.85,2026-09-22,22950.0,PE,9.5,9.55,9.6,683267,52483,15395,12.13
2026-09-18 15:18:44,23341.85,2026-09-22,23000.0,CE,371.3,371.0,371.95,109470,11144,-2796,6.77
2026-09-18 15:18:44,23341.85,2026-09-22,23000.0,PE,12.3,12.25,12.35,1772546,179076,30573,11.71
2026-09-18 15:18:44,23341.85,2026-09-22,23050.0,CE,325.35,324.45,325.4,32310,2619,-115,7.73
2026-09-18 15:18:44,23341.85,2026-09-22,23050.0,PE,15.75,15.65,15.7,930996,56951,8674,11.29
2026-09-18 15:18:44,23341.85,2026-09-22,23100.0,CE,279.95,279.35,280.0,194136,10897,-1761,8.43
2026-09-18 15:18:44,23341.85,2026-09-22,23100.0,PE,20.7,20.6,20.65,1758183,113394,30909,10.91
2026-09-18 15:18:44,23341.85,2026-09-22,23150.0,CE,236.35,236.35,236.95,212792,7820,6,8.59
2026-09-18 15:18:44,23341.85,2026-09-22,23150.0,PE,27.6,27.55,27.65,1344025,76444,29970,10.63
2026-09-18 15:18:44,23341.85,2026-09-22,23200.0,CE,195.85,195.45,195.85,1214985,45851,-5333,8.57
2026-09-18 15:18:44,23341.85,2026-09-22,23200.0,PE,37.0,36.9,37.0,3141954,205047,71216,10.39
2026-09-18 15:18:44,23341.85,2026-09-22,23250.0,CE,157.45,157.7,158.1,1414869,38881,-8571,8.59
2026-09-18 15:18:44,23341.85,2026-09-22,23250.0,PE,48.85,48.85,48.9,2603073,147570,75767,10.14
2026-09-18 15:18:44,23341.85,2026-09-22,23300.0,CE,123.5,123.35,123.5,5409432,143454,41846,8.53
2026-09-18 15:18:44,23341.85,2026-09-22,23300.0,PE,64.95,64.95,65.0,6632950,309291,204783,9.98
2026-09-18 15:18:44,23341.85,2026-09-22,23350.0,CE,94.15,93.9,94.1,5013352,117408,63843,8.49
2026-09-18 15:18:44,23341.85,2026-09-22,23350.0,PE,84.75,84.55,84.75,3736051,154547,130152,9.83
2026-09-18 15:18:44,23341.85,2026-09-22,23400.0,CE,69.0,68.8,68.9,4542769,200365,100009,8.47
2026-09-18 15:18:44,23341.85,2026-09-22,23400.0,PE,109.45,109.45,109.75,2458077,120295,74451,9.84
2026-09-18 15:18:44,23341.85,2026-09-22,23450.0,CE,48.4,48.3,48.4,2447437,102649,49153,8.4
2026-09-18 15:18:44,23341.85,2026-09-22,23450.0,PE,139.15,138.9,139.15,630198,21641,12204,9.85
2026-09-18 15:18:44,23341.85,2026-09-22,23500.0,CE,32.65,32.6,32.65,3252861,179318,41103,8.37
2026-09-18 15:18:44,23341.85,2026-09-22,23500.0,PE,172.9,172.9,173.3,680129,45514,10876,9.92
2026-09-18 15:18:44,23341.85,2026-09-22,23550.0,CE,21.15,21.1,21.15,1577752,67240,17192,8.36
2026-09-18 15:18:44,23341.85,2026-09-22,23550.0,PE,211.95,211.7,212.0,117202,6446,2102,10.22
2026-09-18 15:18:44,23341.85,2026-09-22,23600.0,CE,13.35,13.3,13.35,1914378,139151,36574,8.37
2026-09-18 15:18:44,23341.85,2026-09-22,23600.0,PE,253.35,254.0,254.5,127713,14078,2538,10.61
2026-09-18 15:18:44,23341.85,2026-09-22,23650.0,CE,8.6,8.6,8.65,1092423,63598,16258,8.51
2026-09-18 15:18:44,23341.85,2026-09-22,23650.0,PE,299.85,299.15,299.95,20939,3444,-54,11.13
2026-09-18 15:18:44,23341.85,2026-09-22,23700.0,CE,5.75,5.7,5.75,1180378,139996,23669,8.73
2026-09-18 15:18:44,23341.85,2026-09-22,23700.0,PE,345.75,346.0,346.95,25661,8679,-2216,12.01
2026-09-18 15:18:44,23341.85,2026-09-22,23750.0,CE,3.9,3.9,3.95,612290,71006,12516,9.0
2026-09-18 15:18:44,23341.85,2026-09-22,23750.0,PE,393.65,393.6,394.55,3527,1637,-33,12.82
2026-09-18 15:18:44,23341.85,2026-09-22,23800.0,CE,3.05,3.0,3.05,822286,135381,6645,9.42
2026-09-18 15:18:44,23341.85,2026-09-22,23800.0,PE,443.4,442.5,443.4,7400,7117,-335,13.71
2026-09-18 15:18:44,23341.85,2026-09-22,23850.0,CE,2.65,2.6,2.65,412762,49232,5881,10.02
2026-09-18 15:18:44,23341.85,2026-09-22,23850.0,PE,494.0,491.85,493.85,919,1066,-1,14.82
2026-09-18 15:19:44,23341.85,2026-09-22,22850.0,CE,515.4,511.55,513.65,1273,808,-78,
2026-09-18 15:19:44,23341.85,2026-09-22,22850.0,PE,6.75,6.75,6.8,501606,47778,20062,13.15
2026-09-18 15:19:44,23341.85,2026-09-22,22900.0,CE,464.15,463.2,464.7,8204,2229,303,
2026-09-18 15:19:44,23341.85,2026-09-22,22900.0,PE,8.2,8.2,8.25,765366,68159,12895,12.65
2026-09-18 15:19:44,23341.85,2026-09-22,22950.0,CE,419.25,415.15,416.3,6151,1269,185,
2026-09-18 15:19:44,23341.85,2026-09-22,22950.0,PE,10.0,9.95,10.0,684091,52860,15772,12.13
2026-09-18 15:19:44,23341.85,2026-09-22,23000.0,CE,368.95,368.15,368.95,109589,11153,-2787,6.77
2026-09-18 15:19:44,23341.85,2026-09-22,23000.0,PE,12.8,12.8,12.85,1776904,180135,31632,11.71
2026-09-18 15:19:44,23341.85,2026-09-22,23050.0,CE,323.0,321.6,322.6,32321,2611,-123,7.73
2026-09-18 15:19:44,23341.85,2026-09-22,23050.0,PE,16.35,16.3,16.35,932729,56653,8376,11.29
2026-09-18 15:19:44,23341.85,2026-09-22,23100.0,CE,279.2,276.75,277.5,194263,10908,-1750,8.43
2026-09-18 15:19:44,23341.85,2026-09-22,23100.0,PE,21.4,21.3,21.4,1761679,113464,30979,10.91
2026-09-18 15:19:44,23341.85,2026-09-22,23150.0,CE,236.0,233.9,234.5,212937,7855,41,8.59
2026-09-18 15:19:44,23341.85,2026-09-22,23150.0,PE,28.5,28.5,28.55,1347027,76038,29564,10.63
2026-09-18 15:19:44,23341.85,2026-09-22,23200.0,CE,192.8,192.5,192.8,1216152,45527,-5657,8.57
2026-09-18 15:19:44,23341.85,2026-09-22,23200.0,PE,38.15,38.05,38.15,3149481,203076,69245,10.39
2026-09-18 15:19:44,23341.85,2026-09-22,23250.0,CE,156.1,155.7,156.1,1416558,38834,-8618,8.59
2026-09-18 15:19:44,23341.85,2026-09-22,23250.0,PE,50.2,50.15,50.2,2610459,147169,75366,10.14
2026-09-18 15:19:44,23341.85,2026-09-22,23300.0,CE,121.6,121.35,121.6,5416052,141470,39862,8.53
2026-09-18 15:19:44,23341.85,2026-09-22,23300.0,PE,66.35,66.15,66.35,6648812,304972,200464,9.98
2026-09-18 15:19:44,23341.85,2026-09-22,23350.0,CE,92.3,92.05,92.3,5023058,112562,58997,8.49
2026-09-18 15:19:44,23341.85,2026-09-22,23350.0,PE,86.1,86.1,86.35,3745732,151618,127223,9.83
2026-09-18 15:19:44,23341.85,2026-09-22,23400.0,CE,67.05,67.05,67.25,4556538,195965,95609,8.47
2026-09-18 15:19:44,23341.85,2026-09-22,23400.0,PE,111.3,111.1,111.4,2463147,117945,72101,9.84
2026-09-18 15:19:44,23341.85,2026-09-22,23450.0,CE,46.6,46.65,46.7,2458128,97726,44230,8.4
2026-09-18 15:19:44,23341.85,2026-09-22,23450.0,PE,140.95,140.7,141.1,631517,21254,11817,9.85
2026-09-18 15:19:44,23341.85,2026-09-22,23500.0,CE,31.2,31.25,31.35,3263093,177148,38933,8.37
2026-09-18 15:19:44,23341.85,2026-09-22,23500.0,PE,175.15,175.15,175.6,681553,44683,10045,9.92
2026-09-18 15:19:44,23341.85,2026-09-22,23550.0,CE,20.3,20.2,20.3,1583935,67078,17030,8.36
2026-09-18 15:19:44,23341.85,2026-09-22,23550.0,PE,214.0,214.6,215.0,117472,6346,2002,10.22
2026-09-18 15:19:44,23341.85,2026-09-22,23600.0,CE,12.6,12.6,12.65,1922609,138250,35673,8.37
2026-09-18 15:19:44,23341.85,2026-09-22,23600.0,PE,256.2,256.9,257.45,127997,13715,2175,10.61
2026-09-18 15:19:44,23341.85,2026-09-22,23650.0,CE,8.15,8.15,8.2,1095232,63148,15808,8.51
2026-09-18 15:19:44,23341.85,2026-09-22,23650.0,PE,301.25,302.0,302.75,20966,3364,-134,11.13
2026-09-18 15:19:44,23341.85,2026-09-22,23700.0,CE,5.45,5.45,5.5,1186724,138917,22590,8.73
2026-09-18 15:19:44,23341.85,2026-09-22,23700.0,PE,348.2,349.15,350.05,25711,8625,-2270,12.01
2026-09-18 15:19:44,23341.85,2026-09-22,23750.0,CE,3.75,3.75,3.8,614818,70920,12430,9.0
2026-09-18 15:19:44,23341.85,2026-09-22,23750.0,PE,397.15,396.9,398.2,3549,1624,-46,12.82
2026-09-18 15:19:44,23341.85,2026-09-22,23800.0,CE,3.0,2.95,3.0,827258,135239,6503,9.42
2026-09-18 15:19:44,23341.85,2026-09-22,23800.0,PE,447.0,445.95,447.75,7414,7119,-333,13.71
2026-09-18 15:19:44,23341.85,2026-09-22,23850.0,CE,2.6,2.55,2.6,413646,49560,6209,10.02
2026-09-18 15:19:44,23341.85,2026-09-22,23850.0,PE,494.0,494.9,497.3,919,1066,-1,14.82
2026-09-18 15:20:45,23341.85,2026-09-22,22850.0,CE,515.4,510.3,512.35,1273,808,-78,
2026-09-18 15:20:45,23341.85,2026-09-22,22850.0,PE,6.55,6.55,6.6,504002,47778,20062,13.15
2026-09-18 15:20:45,23341.85,2026-09-22,22900.0,CE,463.65,462.75,464.1,8240,2229,303,
2026-09-18 15:20:45,23341.85,2026-09-22,22900.0,PE,8.0,8.0,8.05,768822,68159,12895,12.65
2026-09-18 15:20:45,23341.85,2026-09-22,22950.0,CE,414.7,414.6,415.75,6157,1269,185,
2026-09-18 15:20:45,23341.85,2026-09-22,22950.0,PE,9.75,9.7,9.8,686726,52860,15772,12.13
2026-09-18 15:20:45,23341.85,2026-09-22,23000.0,CE,368.45,367.2,368.0,109828,11153,-2787,6.77
2026-09-18 15:20:45,23341.85,2026-09-22,23000.0,PE,12.6,12.5,12.55,1782520,180135,31632,11.71
2026-09-18 15:20:45,23341.85,2026-09-22,23050.0,CE,319.65,320.8,321.55,32369,2611,-123,7.73
2026-09-18 15:20:45,23341.85,2026-09-22,23050.0,PE,16.05,16.0,16.1,934704,56653,8376,11.29
2026-09-18 15:20:45,23341.85,2026-09-22,23100.0,CE,275.8,275.85,276.05,194740,10908,-1750,8.43
2026-09-18 15:20:45,23341.85,2026-09-22,23100.0,PE,21.1,21.0,21.1,1766592,113464,30979,10.91
2026-09-18 15:20:45,23341.85,2026-09-22,23150.0,CE,233.1,232.95,233.55,213436,7855,41,8.59
2026-09-18 15:20:45,23341.85,2026-09-22,23150.0,PE,28.0,28.05,28.15,1351624,76038,29564,10.63
2026-09-18 15:20:45,23341.85,2026-09-22,23200.0,CE,192.3,192.0,192.3,1218571,45527,-5657,8.57
2026-09-18 15:20:45,23341.85,2026-09-22,23200.0,PE,37.5,37.5,37.6,3164366,203076,69245,10.39
2026-09-18 15:20:45,23341.85,2026-09-22,23250.0,CE,154.8,154.5,154.9,1419356,38834,-8618,8.59
2026-09-18 15:20:45,23341.85,2026-09-22,23250.0,PE,49.8,49.7,49.8,2622674,147169,75366,10.14
2026-09-18 15:20:45,23341.85,2026-09-22,23300.0,CE,120.5,120.2,120.5,5429720,141470,39862,8.53
2026-09-18 15:20:45,23341.85,2026-09-22,23300.0,PE,65.65,65.65,65.7,6671747,304972,200464,9.98
2026-09-18 15:20:45,23341.85,2026-09-22,23350.0,CE,90.9,90.95,91.15,5043657,112562,58997,8.49
2026-09-18 15:20:45,23341.85,2026-09-22,23350.0,PE,85.8,85.8,86.05,3764807,151618,127223,9.83
2026-09-18 15:20:45,23341.85,2026-09-22,23400.0,CE,66.35,66.15,66.3,4583432,195965,95609,8.47
2026-09-18 15:20:45,23341.85,2026-09-22,23400.0,PE,111.3,111.0,111.3,2473818,117945,72101,9.84
2026-09-18 15:20:45,23341.85,2026-09-22,23450.0,CE,46.0,46.05,46.1,2474077,97726,44230,8.4
2026-09-18 15:20:45,23341.85,2026-09-22,23450.0,PE,140.7,140.7,141.05,633683,21254,11817,9.85
2026-09-18 15:20:45,23341.85,2026-09-22,23500.0,CE,30.75,30.75,30.85,3280568,177148,38933,8.37
2026-09-18 15:20:45,23341.85,2026-09-22,23500.0,PE,175.0,175.05,175.5,684753,44683,10045,9.92
2026-09-18 15:20:45,23341.85,2026-09-22,23550.0,CE,19.7,19.7,19.8,1592198,67078,17030,8.36
2026-09-18 15:20:45,23341.85,2026-09-22,23550.0,PE,214.95,214.3,214.85,118111,6346,2002,10.22
2026-09-18 15:20:45,23341.85,2026-09-22,23600.0,CE,12.35,12.3,12.35,1932368,138250,35673,8.37
2026-09-18 15:20:45,23341.85,2026-09-22,23600.0,PE,257.05,256.9,257.45,128728,13715,2175,10.61
2026-09-18 15:20:45,23341.85,2026-09-22,23650.0,CE,8.0,7.95,8.0,1101029,63148,15808,8.51
2026-09-18 15:20:45,23341.85,2026-09-22,23650.0,PE,302.05,302.05,302.9,21086,3364,-134,11.13
2026-09-18 15:20:45,23341.85,2026-09-22,23700.0,CE,5.35,5.3,5.35,1193510,138917,22590,8.73
2026-09-18 15:20:45,23341.85,2026-09-22,23700.0,PE,349.2,349.6,350.45,25796,8625,-2270,12.01
2026-09-18 15:20:45,23341.85,2026-09-22,23750.0,CE,3.7,3.65,3.7,618934,70920,12430,9.0
2026-09-18 15:20:45,23341.85,2026-09-22,23750.0,PE,397.25,397.5,398.7,3561,1624,-46,12.82
2026-09-18 15:20:45,23341.85,2026-09-22,23800.0,CE,2.8,2.8,2.85,831740,135239,6503,9.42
2026-09-18 15:20:45,23341.85,2026-09-22,23800.0,PE,449.15,446.4,447.9,7430,7119,-333,13.71
2026-09-18 15:20:45,23341.85,2026-09-22,23850.0,CE,2.45,2.45,2.5,416159,49560,6209,10.02
2026-09-18 15:20:45,23341.85,2026-09-22,23850.0,PE,494.0,495.9,497.85,919,1068,1,14.82
2026-09-18 15:21:45,23341.85,2026-09-22,22850.0,CE,507.25,504.25,506.55,1281,816,-70,
2026-09-18 15:21:45,23341.85,2026-09-22,22850.0,PE,6.45,6.45,6.5,509361,48758,21042,13.04
2026-09-18 15:21:45,23341.85,2026-09-22,22900.0,CE,458.2,456.85,458.25,8360,2230,304,
2026-09-18 15:21:45,23341.85,2026-09-22,22900.0,PE,7.95,7.95,8.0,776328,68761,13497,12.53
2026-09-18 15:21:45,23341.85,2026-09-22,22950.0,CE,409.85,408.8,409.9,6573,1266,182,8.96
2026-09-18 15:21:45,23341.85,2026-09-22,22950.0,PE,9.75,9.7,9.75,694472,53007,15919,12.01
2026-09-18 15:21:45,23341.85,2026-09-22,23000.0,CE,360.75,360.5,361.65,111291,11283,-2657,
2026-09-18 15:21:45,23341.85,2026-09-22,23000.0,PE,12.6,12.55,12.6,1800294,178065,29562,11.58
2026-09-18 15:21:45,23341.85,2026-09-22,23050.0,CE,316.0,315.7,316.45,33461,2733,-1,7.38
2026-09-18 15:21:45,23341.85,2026-09-22,23050.0,PE,16.25,16.15,16.25,945012,56718,8441,11.17
2026-09-18 15:21:45,23341.85,2026-09-22,23100.0,CE,269.95,269.5,270.4,196806,10929,-1729,8.08
2026-09-18 15:21:45,23341.85,2026-09-22,23100.0,PE,21.55,21.45,21.55,1781233,112314,29829,10.81
2026-09-18 15:21:45,23341.85,2026-09-22,23150.0,CE,228.2,227.75,228.55,215572,7899,85,8.27
2026-09-18 15:21:45,23341.85,2026-09-22,23150.0,PE,28.75,28.75,28.85,1367687,75029,28555,10.52
2026-09-18 15:21:45,23341.85,2026-09-22,23200.0,CE,187.65,187.55,188.0,1224465,45758,-5426,8.41
2026-09-18 15:21:45,23341.85,2026-09-22,23200.0,PE,38.55,38.5,38.55,3201755,195743,61912,10.32
2026-09-18 15:21:45,23341.85,2026-09-22,23250.0,CE,150.35,150.55,150.95,1427670,38340,-9112,8.43
2026-09-18 15:21:45,23341.85,2026-09-22,23250.0,PE,51.05,51.15,51.25,2654217,143147,71344,10.06
2026-09-18 15:21:45,23341.85,2026-09-22,23300.0,CE,116.45,116.45,116.75,5455632,140841,39233,8.34
2026-09-18 15:21:45,23341.85,2026-09-22,23300.0,PE,67.75,67.75,67.9,6727375,291376,186868,9.91
2026-09-18 15:21:45,23341.85,2026-09-22,23350.0,CE,87.3,87.05,87.25,5081144,111689,58124,8.31
2026-09-18 15:21:45,23341.85,2026-09-22,23350.0,PE,89.2,89.0,89.2,3808771,143487,119092,9.74
2026-09-18 15:21:45,23341.85,2026-09-22,23400.0,CE,63.55,63.6,63.75,4622269,195493,95137,8.27
2026-09-18 15:21:45,23341.85,2026-09-22,23400.0,PE,113.85,113.85,114.15,2500921,108881,63037,9.71
2026-09-18 15:21:45,23341.85,2026-09-22,23450.0,CE,43.7,43.6,43.75,2505419,95589,42093,8.19
2026-09-18 15:21:45,23341.85,2026-09-22,23450.0,PE,144.95,144.85,145.3,641591,19527,10090,9.72
2026-09-18 15:21:45,23341.85,2026-09-22,23500.0,CE,29.15,29.15,29.3,3318506,175133,36918,8.13
2026-09-18 15:21:45,23341.85,2026-09-22,23500.0,PE,179.8,179.5,179.9,692067,43011,8373,9.75
2026-09-18 15:21:45,23341.85,2026-09-22,23550.0,CE,18.65,18.55,18.65,1613115,65074,15026,8.12
2026-09-18 15:21:45,23341.85,2026-09-22,23550.0,PE,219.55,218.8,219.4,120595,6044,1700,10.13
2026-09-18 15:21:45,23341.85,2026-09-22,23600.0,CE,11.55,11.55,11.65,1958823,135439,32862,8.13
2026-09-18 15:21:45,23341.85,2026-09-22,23600.0,PE,262.05,262.0,262.55,130986,13332,1792,10.48
2026-09-18 15:21:45,23341.85,2026-09-22,23650.0,CE,7.3,7.35,7.4,1121017,63452,16112,8.32
2026-09-18 15:21:45,23341.85,2026-09-22,23650.0,PE,307.95,307.35,308.35,22261,3370,-128,11.34
2026-09-18 15:21:45,23341.85,2026-09-22,23700.0,CE,4.9,4.85,4.9,1212725,140185,23858,8.57
2026-09-18 15:21:45,23341.85,2026-09-22,23700.0,PE,356.0,355.7,356.8,26966,8558,-2337,11.9
2026-09-18 15:21:45,23341.85,2026-09-22,23750.0,CE,3.4,3.35,3.45,629049,70348,11858,8.9
2026-09-18 15:21:45,23341.85,2026-09-22,23750.0,PE,403.85,402.85,404.35,4174,1675,5,12.93
2026-09-18 15:21:45,23341.85,2026-09-22,23800.0,CE,2.65,2.65,2.7,844639,134433,5697,9.39
2026-09-18 15:21:45,23341.85,2026-09-22,23800.0,PE,452.2,453.45,455.8,7475,7128,-324,14.39
2026-09-18 15:21:45,23341.85,2026-09-22,23850.0,CE,2.3,2.3,2.35,420203,50118,6767,10.08
2026-09-18 15:21:45,23341.85,2026-09-22,23850.0,PE,502.5,500.8,503.9,933,1067,0,13.77
2026-09-18 15:22:45,23341.85,2026-09-22,22850.0,CE,505.3,505.7,509.05,1282,816,-70,
2026-09-18 15:22:45,23341.85,2026-09-22,22850.0,PE,6.1,6.05,6.1,511629,48366,20650,13.04
2026-09-18 15:22:45,23341.85,2026-09-22,22900.0,CE,458.85,457.75,459.45,8397,2228,302,
2026-09-18 15:22:45,23341.85,2026-09-22,22900.0,PE,7.5,7.45,7.5,780549,68881,13617,12.53
2026-09-18 15:22:45,23341.85,2026-09-22,22950.0,CE,410.8,410.1,411.3,6607,1411,327,8.96
2026-09-18 15:22:45,23341.85,2026-09-22,22950.0,PE,9.1,9.1,9.2,698788,54257,17169,12.01
2026-09-18 15:22:45,23341.85,2026-09-22,23000.0,CE,363.65,363.0,363.95,111507,11276,-2664,
2026-09-18 15:22:45,23341.85,2026-09-22,23000.0,PE,11.9,11.9,11.95,1810218,177871,29368,11.58
2026-09-18 15:22:45,23341.85,2026-09-22,23050.0,CE,318.2,316.8,317.8,33584,2726,-8,7.38
2026-09-18 15:22:45,23341.85,2026-09-22,23050.0,PE,15.35,15.3,15.35,950590,55598,7321,11.17
2026-09-18 15:22:45,23341.85,2026-09-22,23100.0,CE,271.7,271.35,272.05,197194,10938,-1720,8.08
2026-09-18 15:22:45,23341.85,2026-09-22,23100.0,PE,20.7,20.6,20.7,1788407,112074,29589,10.81
2026-09-18 15:22:45,23341.85,2026-09-22,23150.0,CE,229.45,229.3,229.7,216120,7849,35,8.27
2026-09-18 15:22:45,23341.85,2026-09-22,23150.0,PE,27.65,27.7,27.8,1374701,74966,28492,10.52
2026-09-18 15:22:45,23341.85,2026-09-22,23200.0,CE,188.75,188.0,188.45,1226867,45640,-5544,8.41
2026-09-18 15:22:45,23341.85,2026-09-22,23200.0,PE,37.55,37.4,37.55,3218375,193273,59442,10.32
2026-09-18 15:22:45,23341.85,2026-09-22,23250.0,CE,150.9,150.75,151.1,1431139,38492,-8960,8.43
2026-09-18 15:22:45,23341.85,2026-09-22,23250.0,PE,49.9,49.95,50.1,2668861,141919,70116,10.06
2026-09-18 15:22:45,23341.85,2026-09-22,23300.0,CE,117.8,117.45,117.75,5469828,140092,38484,8.34
2026-09-18 15:22:45,23341.85,2026-09-22,23300.0,PE,66.35,66.2,66.35,6759315,287698,183190,9.91
2026-09-18 15:22:45,23341.85,2026-09-22,23350.0,CE,88.6,88.55,88.6,5097958,111901,58336,8.31
2026-09-18 15:22:45,23341.85,2026-09-22,23350.0,PE,86.85,86.85,87.0,3830462,141482,117087,9.74
2026-09-18 15:22:45,23341.85,2026-09-22,23400.0,CE,64.2,64.2,64.25,4642383,195754,95398,8.27
2026-09-18 15:22:45,23341.85,2026-09-22,23400.0,PE,112.35,112.35,112.45,2514296,108480,62636,9.71
2026-09-18 15:22:45,23341.85,2026-09-22,23450.0,CE,44.5,44.35,44.5,2522189,94310,40814,8.19
2026-09-18 15:22:45,23341.85,2026-09-22,23450.0,PE,143.45,143.15,143.55,644082,19174,9737,9.72
2026-09-18 15:22:45,23341.85,2026-09-22,23500.0,CE,29.7,29.7,29.75,3339606,174024,35809,8.13
2026-09-18 15:22:45,23341.85,2026-09-22,23500.0,PE,177.45,177.55,178.05,694742,42926,8288,9.75
2026-09-18 15:22:45,23341.85,2026-09-22,23550.0,CE,18.95,18.9,19.0,1622657,66191,16143,8.12
2026-09-18 15:22:45,23341.85,2026-09-22,23550.0,PE,217.1,217.5,218.05,121391,6205,1861,10.13
2026-09-18 15:22:45,23341.85,2026-09-22,23600.0,CE,12.0,11.95,12.0,1976189,129918,27341,8.13
2026-09-18 15:22:45,23341.85,2026-09-22,23600.0,PE,260.05,260.3,261.05,131490,13363,1823,10.48
2026-09-18 15:22:45,23341.85,2026-09-22,23650.0,CE,7.65,7.55,7.65,1127250,63737,16397,8.32
2026-09-18 15:22:45,23341.85,2026-09-22,23650.0,PE,305.85,305.4,306.35,22382,3373,-125,11.34
2026-09-18 15:22:45,23341.85,2026-09-22,23700.0,CE,5.05,5.05,5.1,1218894,140357,24030,8.57
2026-09-18 15:22:45,23341.85,2026-09-22,23700.0,PE,352.95,352.8,353.8,27106,8576,-2319,11.9
2026-09-18 15:22:45,23341.85,2026-09-22,23750.0,CE,3.5,3.45,3.5,634167,70285,11795,8.9
2026-09-18 15:22:45,23341.85,2026-09-22,23750.0,PE,401.95,401.35,402.3,4236,1666,-4,12.93
2026-09-18 15:22:45,23341.85,2026-09-22,23800.0,CE,2.65,2.65,2.7,849701,134261,5525,9.39
2026-09-18 15:22:45,23341.85,2026-09-22,23800.0,PE,451.3,450.15,452.05,7496,7125,-327,14.39
2026-09-18 15:22:45,23341.85,2026-09-22,23850.0,CE,2.3,2.3,2.35,422063,49891,6540,10.08
2026-09-18 15:22:45,23341.85,2026-09-22,23850.0,PE,496.7,499.15,501.35,951,1061,-6,13.77
2026-09-18 15:23:46,23341.85,2026-09-22,22850.0,CE,505.3,506.35,508.75,1282,816,-70,
2026-09-18 15:23:46,23341.85,2026-09-22,22850.0,PE,5.85,5.8,5.85,517415,48366,20650,13.04
2026-09-18 15:23:46,23341.85,2026-09-22,22900.0,CE,459.45,458.45,459.4,8444,2228,302,
2026-09-18 15:23:46,23341.85,2026-09-22,22900.0,PE,7.15,7.15,7.2,788268,68881,13617,12.53
2026-09-18 15:23:46,23341.85,2026-09-22,22950.0,CE,411.05,410.1,411.15,6676,1411,327,8.96
2026-09-18 15:23:46,23341.85,2026-09-22,22950.0,PE,8.85,8.8,8.85,704684,54257,17169,12.01
2026-09-18 15:23:46,23341.85,2026-09-22,23000.0,CE,364.0,363.35,363.85,111765,11276,-2664,
2026-09-18 15:23:46,23341.85,2026-09-22,23000.0,PE,11.5,11.5,11.55,1820018,177871,29368,11.58
2026-09-18 15:23:46,23341.85,2026-09-22,23050.0,CE,316.7,316.45,316.95,33720,2726,-8,7.38
2026-09-18 15:23:46,23341.85,2026-09-22,23050.0,PE,14.9,14.85,14.95,955113,55598,7321,11.17
2026-09-18 15:23:46,23341.85,2026-09-22,23100.0,CE,271.4,271.0,271.65,197648,10938,-1720,8.08
2026-09-18 15:23:46,23341.85,2026-09-22,23100.0,PE,20.0,20.0,20.1,1795917,112074,29589,10.81
2026-09-18 15:23:46,23341.85,2026-09-22,23150.0,CE,229.55,228.6,229.25,216742,7849,35,8.27
2026-09-18 15:23:46,23341.85,2026-09-22,23150.0,PE,27.1,27.1,27.15,1381053,74966,28492,10.52
2026-09-18 15:23:46,23341.85,2026-09-22,23200.0,CE,188.05,187.75,188.05,1228806,45640,-5544,8.41
2026-09-18 15:23:46,23341.85,2026-09-22,23200.0,PE,36.85,36.85,36.95,3233010,193273,59442,10.32
2026-09-18 15:23:46,23341.85,2026-09-22,23250.0,CE,150.55,150.3,150.55,1433140,38492,-8960,8.43
2026-09-18 15:23:46,23341.85,2026-09-22,23250.0,PE,49.4,49.25,49.45,2683394,141919,70116,10.06
2026-09-18 15:23:46,23341.85,2026-09-22,23300.0,CE,117.1,116.8,117.05,5476674,140092,38484,8.34
2026-09-18 15:23:46,23341.85,2026-09-22,23300.0,PE,66.0,65.8,66.0,6779877,287698,183190,9.91
2026-09-18 15:23:46,23341.85,2026-09-22,23350.0,CE,88.5,88.4,88.6,5109864,111901,58336,8.31
2026-09-18 15:23:46,23341.85,2026-09-22,23350.0,PE,86.35,86.25,86.4,3845265,141482,117087,9.74
2026-09-18 15:23:46,23341.85,2026-09-22,23400.0,CE,64.3,64.3,64.35,4660337,195754,95398,8.27
2026-09-18 15:23:46,23341.85,2026-09-22,23400.0,PE,111.7,111.8,112.05,2522116,108480,62636,9.71
2026-09-18 15:23:46,23341.85,2026-09-22,23450.0,CE,44.6,44.4,44.5,2536674,94310,40814,8.19
2026-09-18 15:23:46,23341.85,2026-09-22,23450.0,PE,142.8,142.8,143.2,646225,19174,9737,9.72
2026-09-18 15:23:46,23341.85,2026-09-22,23500.0,CE,29.75,29.75,29.8,3359148,174024,35809,8.13
2026-09-18 15:23:46,23341.85,2026-09-22,23500.0,PE,177.45,177.1,177.45,697016,42926,8288,9.75
2026-09-18 15:23:46,23341.85,2026-09-22,23550.0,CE,18.9,18.9,18.95,1634180,66191,16143,8.12
2026-09-18 15:23:46,23341.85,2026-09-22,23550.0,PE,217.05,217.1,217.75,121853,6205,1861,10.13
2026-09-18 15:23:46,23341.85,2026-09-22,23600.0,CE,11.85,11.85,11.9,1983820,129918,27341,8.13
2026-09-18 15:23:46,23341.85,2026-09-22,23600.0,PE,259.2,259.9,260.5,131685,13363,1823,10.48
2026-09-18 15:23:46,23341.85,2026-09-22,23650.0,CE,7.55,7.55,7.6,1131264,63737,16397,8.32
2026-09-18 15:23:46,23341.85,2026-09-22,23650.0,PE,305.7,305.6,306.45,22480,3373,-125,11.34
2026-09-18 15:23:46,23341.85,2026-09-22,23700.0,CE,4.95,4.95,5.0,1223976,140357,24030,8.57
2026-09-18 15:23:46,23341.85,2026-09-22,23700.0,PE,353.05,352.55,353.25,27261,8576,-2319,11.9
2026-09-18 15:23:46,23341.85,2026-09-22,23750.0,CE,3.45,3.4,3.45,638319,70285,11795,8.9
2026-09-18 15:23:46,23341.85,2026-09-22,23750.0,PE,402.25,400.45,401.8,4323,1666,-4,12.93
2026-09-18 15:23:46,23341.85,2026-09-22,23800.0,CE,2.6,2.6,2.65,855623,134261,5525,9.39
2026-09-18 15:23:46,23341.85,2026-09-22,23800.0,PE,450.8,450.15,451.65,7661,7125,-327,14.39
2026-09-18 15:23:46,23341.85,2026-09-22,23850.0,CE,2.25,2.25,2.3,425329,49891,6540,10.08
2026-09-18 15:23:46,23341.85,2026-09-22,23850.0,PE,499.6,499.15,501.15,954,1061,-6,13.77
2026-09-18 15:24:46,23341.85,2026-09-22,22850.0,CE,505.4,505.4,507.8,1284,821,-65,
2026-09-18 15:24:46,23341.85,2026-09-22,22850.0,PE,5.9,5.9,5.95,519117,48428,20712,13.04
2026-09-18 15:24:46,23341.85,2026-09-22,22900.0,CE,457.75,456.1,457.6,8571,2223,297,
2026-09-18 15:24:46,23341.85,2026-09-22,22900.0,PE,7.25,7.25,7.3,790917,67312,12048,12.53
2026-09-18 15:24:46,23341.85,2026-09-22,22950.0,CE,407.45,408.15,409.6,6694,1403,319,8.96
2026-09-18 15:24:46,23341.85,2026-09-22,22950.0,PE,8.9,8.9,8.95,706700,53491,16403,12.01
2026-09-18 15:24:46,23341.85,2026-09-22,23000.0,CE,361.0,360.35,361.3,111913,11193,-2747,
2026-09-18 15:24:46,23341.85,2026-09-22,23000.0,PE,11.75,11.7,11.75,1826325,176407,27904,11.58
2026-09-18 15:24:46,23341.85,2026-09-22,23050.0,CE,315.3,313.65,314.55,33795,2656,-78,7.38
2026-09-18 15:24:46,23341.85,2026-09-22,23050.0,PE,15.25,15.2,15.3,957731,54680,6403,11.17
2026-09-18 15:24:46,23341.85,2026-09-22,23100.0,CE,270.75,269.05,269.65,198191,10650,-2008,8.08
2026-09-18 15:24:46,23341.85,2026-09-22,23100.0,PE,20.4,20.35,20.4,1800309,109998,27513,10.81
2026-09-18 15:24:46,23341.85,2026-09-22,23150.0,CE,227.05,226.95,227.2,217193,7527,-287,8.27
2026-09-18 15:24:46,23341.85,2026-09-22,23150.0,PE,27.65,27.65,27.7,1385300,74372,27898,10.52
2026-09-18 15:24:46,23341.85,2026-09-22,23200.0,CE,186.6,186.1,186.4,1230704,45154,-6030,8.41
2026-09-18 15:24:46,23341.85,2026-09-22,23200.0,PE,37.5,37.45,37.5,3239079,189657,55826,10.32
2026-09-18 15:24:46,23341.85,2026-09-22,23250.0,CE,149.5,149.45,149.75,1434949,38075,-9377,8.43
2026-09-18 15:24:46,23341.85,2026-09-22,23250.0,PE,50.0,49.9,50.0,2691281,137338,65535,10.06
2026-09-18 15:24:46,23341.85,2026-09-22,23300.0,CE,116.4,116.25,116.55,5484991,139772,38164,8.34
2026-09-18 15:24:46,23341.85,2026-09-22,23300.0,PE,66.5,66.45,66.6,6796112,282258,177750,9.91
2026-09-18 15:24:46,23341.85,2026-09-22,23350.0,CE,87.0,87.0,87.15,5121446,110261,56696,8.31
2026-09-18 15:24:46,23341.85,2026-09-22,23350.0,PE,87.7,87.7,87.85,3855691,135921,111526,9.74
2026-09-18 15:24:46,23341.85,2026-09-22,23400.0,CE,63.25,63.05,63.25,4677047,193260,92904,8.27
2026-09-18 15:24:46,23341.85,2026-09-22,23400.0,PE,113.95,113.95,114.0,2528942,105591,59747,9.71
2026-09-18 15:24:46,23341.85,2026-09-22,23450.0,CE,43.75,43.75,43.85,2544857,90421,36925,8.19
2026-09-18 15:24:46,23341.85,2026-09-22,23450.0,PE,144.5,144.4,144.75,647686,18359,8922,9.72
2026-09-18 15:24:46,23341.85,2026-09-22,23500.0,CE,29.1,29.1,29.2,3368696,171670,33455,8.13
2026-09-18 15:24:46,23341.85,2026-09-22,23500.0,PE,179.4,179.4,179.6,698692,42558,7920,9.75
2026-09-18 15:24:46,23341.85,2026-09-22,23550.0,CE,18.6,18.6,18.65,1638988,65964,15916,8.12
2026-09-18 15:24:46,23341.85,2026-09-22,23550.0,PE,219.0,219.1,219.5,122305,5948,1604,10.13
2026-09-18 15:24:46,23341.85,2026-09-22,23600.0,CE,11.75,11.7,11.75,1990702,127763,25186,8.13
2026-09-18 15:24:46,23341.85,2026-09-22,23600.0,PE,261.0,261.45,261.95,132214,13341,1801,10.48
2026-09-18 15:24:46,23341.85,2026-09-22,23650.0,CE,7.65,7.6,7.65,1134868,63000,15660,8.32
2026-09-18 15:24:46,23341.85,2026-09-22,23650.0,PE,306.85,306.9,307.75,22510,3373,-125,11.34
2026-09-18 15:24:46,23341.85,2026-09-22,23700.0,CE,5.05,5.0,5.05,1228128,139940,23613,8.57
2026-09-18 15:24:46,23341.85,2026-09-22,23700.0,PE,353.2,355.2,355.6,27376,8547,-2348,11.9
2026-09-18 15:24:46,23341.85,2026-09-22,23750.0,CE,3.55,3.5,3.55,641047,70199,11709,8.9
2026-09-18 15:24:46,23341.85,2026-09-22,23750.0,PE,401.85,403.3,404.6,4338,1611,-59,12.93
2026-09-18 15:24:46,23341.85,2026-09-22,23800.0,CE,2.7,2.7,2.75,859790,134166,5430,9.39
2026-09-18 15:24:46,23341.85,2026-09-22,23800.0,PE,452.0,451.75,453.0,7679,7121,-331,14.39
2026-09-18 15:24:46,23341.85,2026-09-22,23850.0,CE,2.3,2.3,2.35,426954,48919,5568,10.08
2026-09-18 15:24:46,23341.85,2026-09-22,23850.0,PE,499.6,499.9,502.35,954,1061,-6,13.77
2026-09-18 15:25:46,23341.85,2026-09-22,22850.0,CE,505.4,504.05,506.0,1285,821,-65,
2026-09-18 15:25:46,23341.85,2026-09-22,22850.0,PE,6.05,6.05,6.1,520708,48545,20829,12.96
2026-09-18 15:25:46,23341.85,2026-09-22,22900.0,CE,455.6,455.4,456.95,8588,2215,289,
2026-09-18 15:25:46,23341.85,2026-09-22,22900.0,PE,7.4,7.4,7.45,793980,67392,12128,12.45
2026-09-18 15:25:46,23341.85,2026-09-22,22950.0,CE,407.55,407.8,409.2,6718,1400,316,
2026-09-18 15:25:46,23341.85,2026-09-22,22950.0,PE,9.05,9.05,9.1,709537,53285,16197,11.97
2026-09-18 15:25:46,23341.85,2026-09-22,23000.0,CE,361.25,361.45,362.0,112150,11230,-2710,
2026-09-18 15:25:46,23341.85,2026-09-22,23000.0,PE,11.75,11.75,11.8,1831347,176197,27694,11.57
2026-09-18 15:25:46,23341.85,2026-09-22,23050.0,CE,313.5,313.7,314.65,33926,2579,-155,7.55
2026-09-18 15:25:46,23341.85,2026-09-22,23050.0,PE,15.35,15.3,15.35,960605,54740,6463,11.09
2026-09-18 15:25:46,23341.85,2026-09-22,23100.0,CE,269.55,269.15,269.8,198753,10155,-2503,6.69
2026-09-18 15:25:46,23341.85,2026-09-22,23100.0,PE,20.4,20.4,20.45,1805412,107975,25490,10.88
2026-09-18 15:25:46,23341.85,2026-09-22,23150.0,CE,227.0,226.9,227.0,217759,7445,-369,7.87
2026-09-18 15:25:46,23341.85,2026-09-22,23150.0,PE,27.5,27.5,27.6,1391641,74947,28473,10.49
2026-09-18 15:25:46,23341.85,2026-09-22,23200.0,CE,186.0,185.7,186.0,1232091,44491,-6693,8.01
2026-09-18 15:25:46,23341.85,2026-09-22,23200.0,PE,37.4,37.35,37.4,3248631,189167,55336,10.31
2026-09-18 15:25:46,23341.85,2026-09-22,23250.0,CE,149.35,149.2,149.5,1436335,37824,-9628,8.41
2026-09-18 15:25:46,23341.85,2026-09-22,23250.0,PE,49.6,49.6,49.7,2701378,135583,63780,10.0
2026-09-18 15:25:46,23341.85,2026-09-22,23300.0,CE,115.35,115.15,115.45,5494460,138724,37116,8.04
2026-09-18 15:25:46,23341.85,2026-09-22,23300.0,PE,66.85,66.7,66.85,6816101,279369,174861,10.02
2026-09-18 15:25:46,23341.85,2026-09-22,23350.0,CE,87.45,87.25,87.5,5129761,108250,54685,8.28
2026-09-18 15:25:46,23341.85,2026-09-22,23350.0,PE,87.1,87.15,87.35,3869269,135696,111301,9.71
2026-09-18 15:25:46,23341.85,2026-09-22,23400.0,CE,63.1,63.1,63.25,4689225,190865,90509,8.3
2026-09-18 15:25:46,23341.85,2026-09-22,23400.0,PE,113.0,113.0,113.25,2538544,103700,57856,9.55
2026-09-18 15:25:46,23341.85,2026-09-22,23450.0,CE,43.6,43.55,43.7,2551385,88137,34641,8.1
2026-09-18 15:25:46,23341.85,2026-09-22,23450.0,PE,144.55,144.05,144.45,649351,17527,8090,9.82
2026-09-18 15:25:46,23341.85,2026-09-22,23500.0,CE,29.15,29.1,29.2,3377258,170080,31865,8.05
2026-09-18 15:25:46,23341.85,2026-09-22,23500.0,PE,178.9,178.9,179.2,701232,42186,7548,10.0
2026-09-18 15:25:46,23341.85,2026-09-22,23550.0,CE,18.45,18.45,18.5,1643459,65243,15195,8.11
2026-09-18 15:25:46,23341.85,2026-09-22,23550.0,PE,219.5,219.2,219.6,123297,5429,1085,10.04
2026-09-18 15:25:46,23341.85,2026-09-22,23600.0,CE,11.6,11.55,11.6,1996714,127338,24761,8.1
2026-09-18 15:25:46,23341.85,2026-09-22,23600.0,PE,262.55,261.2,261.45,133722,13065,1525,10.26
2026-09-18 15:25:46,23341.85,2026-09-22,23650.0,CE,7.45,7.4,7.45,1139269,62209,14869,8.23
2026-09-18 15:25:46,23341.85,2026-09-22,23650.0,PE,308.6,308.35,308.9,22666,3329,-169,11.65
2026-09-18 15:25:46,23341.85,2026-09-22,23700.0,CE,4.95,4.95,5.0,1232190,139725,23398,8.5
2026-09-18 15:25:46,23341.85,2026-09-22,23700.0,PE,355.65,354.2,355.15,27523,8507,-2388,11.66
2026-09-18 15:25:46,23341.85,2026-09-22,23750.0,CE,3.45,3.4,3.45,643400,70198,11708,8.87
2026-09-18 15:25:46,23341.85,2026-09-22,23750.0,PE,403.8,404.35,404.85,4361,1611,-59,12.81
2026-09-18 15:25:46,23341.85,2026-09-22,23800.0,CE,2.7,2.65,2.7,863961,133273,4537,9.36
2026-09-18 15:25:46,23341.85,2026-09-22,23800.0,PE,454.4,451.75,453.5,7701,7117,-335,15.54
2026-09-18 15:25:46,23341.85,2026-09-22,23850.0,CE,2.35,2.3,2.35,427740,48381,5030,10.05
2026-09-18 15:25:46,23341.85,2026-09-22,23850.0,PE,504.1,500.65,502.9,955,1061,-6,16.36
2026-09-18 15:26:47,23341.85,2026-09-22,22850.0,CE,506.0,506.6,509.0,1287,821,-65,
2026-09-18 15:26:47,23341.85,2026-09-22,22850.0,PE,6.1,6.1,6.15,522524,48209,20493,13.04
2026-09-18 15:26:47,23341.85,2026-09-22,22900.0,CE,459.55,458.3,459.8,8598,2213,287,
2026-09-18 15:26:47,23341.85,2026-09-22,22900.0,PE,7.5,7.5,7.55,795750,67356,12092,12.53
2026-09-18 15:26:47,23341.85,2026-09-22,22950.0,CE,409.7,410.0,410.7,6722,1396,312,8.96
2026-09-18 15:26:47,23341.85,2026-09-22,22950.0,PE,9.15,9.15,9.2,711686,52414,15326,12.01
2026-09-18 15:26:47,23341.85,2026-09-22,23000.0,CE,363.65,363.1,364.0,112387,11133,-2807,
2026-09-18 15:26:47,23341.85,2026-09-22,23000.0,PE,11.85,11.85,11.95,1836252,175812,27309,11.58
2026-09-18 15:26:47,23341.85,2026-09-22,23050.0,CE,316.1,316.5,317.35,34023,2598,-136,7.38
2026-09-18 15:26:47,23341.85,2026-09-22,23050.0,PE,15.35,15.35,15.4,963083,54111,5834,11.17
2026-09-18 15:26:47,23341.85,2026-09-22,23100.0,CE,270.95,271.35,272.0,198933,10155,-2503,8.08
2026-09-18 15:26:47,23341.85,2026-09-22,23100.0,PE,20.4,20.4,20.45,1811234,107975,25490,10.81
2026-09-18 15:26:47,23341.85,2026-09-22,23150.0,CE,229.35,228.55,229.3,218116,7378,-436,8.27
2026-09-18 15:26:47,23341.85,2026-09-22,23150.0,PE,27.5,27.5,27.55,1394586,73569,27095,10.52
2026-09-18 15:26:47,23341.85,2026-09-22,23200.0,CE,188.0,188.0,188.3,1233544,44295,-6889,8.41
2026-09-18 15:26:47,23341.85,2026-09-22,23200.0,PE,36.9,36.9,37.0,3255083,186313,52482,10.32
2026-09-18 15:26:47,23341.85,2026-09-22,23250.0,CE,151.0,150.8,151.0,1437984,37535,-9917,8.43
2026-09-18 15:26:47,23341.85,2026-09-22,23250.0,PE,49.4,49.35,49.45,2708920,134220,62417,10.06
2026-09-18 15:26:47,23341.85,2026-09-22,23300.0,CE,116.9,116.9,117.25,5502092,137834,36226,8.34
2026-09-18 15:26:47,23341.85,2026-09-22,23300.0,PE,66.0,65.8,65.85,6830848,274841,170333,9.91
2026-09-18 15:26:47,23341.85,2026-09-22,23350.0,CE,88.1,88.1,88.2,5138340,107041,53476,8.31
2026-09-18 15:26:47,23341.85,2026-09-22,23350.0,PE,86.8,86.65,86.7,3878258,133140,108745,9.74
2026-09-18 15:26:47,23341.85,2026-09-22,23400.0,CE,63.9,63.9,63.95,4700029,190750,90394,8.27
2026-09-18 15:26:47,23341.85,2026-09-22,23400.0,PE,112.3,112.05,112.35,2543478,101027,55183,9.71
2026-09-18 15:26:47,23341.85,2026-09-22,23450.0,CE,44.35,44.25,44.35,2558521,88137,34641,8.19
2026-09-18 15:26:47,23341.85,2026-09-22,23450.0,PE,142.55,142.5,142.8,650612,17527,8090,9.72
2026-09-18 15:26:47,23341.85,2026-09-22,23500.0,CE,29.4,29.4,29.5,3383731,168957,30742,8.13
2026-09-18 15:26:47,23341.85,2026-09-22,23500.0,PE,177.25,177.3,177.8,703234,41059,6421,9.75
2026-09-18 15:26:47,23341.85,2026-09-22,23550.0,CE,18.65,18.7,18.75,1647822,64716,14668,8.12
2026-09-18 15:26:47,23341.85,2026-09-22,23550.0,PE,217.3,216.8,217.4,123592,4917,573,10.13
2026-09-18 15:26:47,23341.85,2026-09-22,23600.0,CE,11.75,11.7,11.75,2002768,127261,24684,8.13
2026-09-18 15:26:47,23341.85,2026-09-22,23600.0,PE,259.75,259.5,260.05,134071,12281,741,10.48
2026-09-18 15:26:47,23341.85,2026-09-22,23650.0,CE,7.4,7.35,7.45,1142790,62180,14840,8.32
2026-09-18 15:26:47,23341.85,2026-09-22,23650.0,PE,304.95,305.1,305.95,22774,3285,-213,11.34
2026-09-18 15:26:47,23341.85,2026-09-22,23700.0,CE,4.85,4.85,4.9,1235744,139976,23649,8.57
2026-09-18 15:26:47,23341.85,2026-09-22,23700.0,PE,352.9,352.4,353.4,27594,8497,-2398,11.9
2026-09-18 15:26:47,23341.85,2026-09-22,23750.0,CE,3.4,3.35,3.4,646242,69906,11416,8.9
2026-09-18 15:26:47,23341.85,2026-09-22,23750.0,PE,401.5,400.55,401.85,4377,1609,-61,12.93
2026-09-18 15:26:47,23341.85,2026-09-22,23800.0,CE,2.6,2.6,2.65,867741,133273,4537,9.39
2026-09-18 15:26:47,23341.85,2026-09-22,23800.0,PE,452.65,449.7,450.75,7744,7108,-344,14.39
2026-09-18 15:26:47,23341.85,2026-09-22,23850.0,CE,2.25,2.25,2.3,429006,48381,5030,10.08
2026-09-18 15:26:47,23341.85,2026-09-22,23850.0,PE,504.1,499.0,501.15,955,1061,-6,13.77
2026-09-18 15:27:47,23341.85,2026-09-22,22850.0,CE,507.35,508.0,511.6,1288,818,-68,
2026-09-18 15:27:47,23341.85,2026-09-22,22850.0,PE,6.0,6.0,6.05,523535,48107,20391,13.04
2026-09-18 15:27:47,23341.85,2026-09-22,22900.0,CE,459.45,459.65,461.25,8633,2209,283,
2026-09-18 15:27:47,23341.85,2026-09-22,22900.0,PE,7.35,7.35,7.4,797225,66970,11706,12.53
2026-09-18 15:27:47,23341.85,2026-09-22,22950.0,CE,411.0,411.3,412.35,6731,1395,311,8.96
2026-09-18 15:27:47,23341.85,2026-09-22,22950.0,PE,9.05,9.0,9.05,713302,52328,15240,12.01
2026-09-18 15:27:47,23341.85,2026-09-22,23000.0,CE,364.5,364.3,365.0,112599,11139,-2801,
2026-09-18 15:27:47,23341.85,2026-09-22,23000.0,PE,11.6,11.6,11.7,1840354,176008,27505,11.58
2026-09-18 15:27:47,23341.85,2026-09-22,23050.0,CE,318.55,317.3,318.35,34041,2590,-144,7.38
2026-09-18 15:27:47,23341.85,2026-09-22,23050.0,PE,15.05,15.0,15.05,964812,53206,4929,11.17
2026-09-18 15:27:47,23341.85,2026-09-22,23100.0,CE,272.15,271.95,272.55,199147,10133,-2525,8.08
2026-09-18 15:27:47,23341.85,2026-09-22,23100.0,PE,19.95,19.95,20.05,1815701,106817,24332,10.81
2026-09-18 15:27:47,23341.85,2026-09-22,23150.0,CE,229.55,229.0,229.75,218294,7280,-534,8.27
2026-09-18 15:27:47,23341.85,2026-09-22,23150.0,PE,26.9,26.8,26.95,1397564,73271,26797,10.52
2026-09-18 15:27:47,23341.85,2026-09-22,23200.0,CE,188.6,188.6,189.1,1234319,44220,-6964,8.41
2026-09-18 15:27:47,23341.85,2026-09-22,23200.0,PE,36.4,36.25,36.35,3262724,185206,51375,10.32
2026-09-18 15:27:47,23341.85,2026-09-22,23250.0,CE,151.2,151.15,151.45,1438962,37121,-10331,8.43
2026-09-18 15:27:47,23341.85,2026-09-22,23250.0,PE,48.7,48.6,48.75,2714729,133309,61506,10.06
2026-09-18 15:27:47,23341.85,2026-09-22,23300.0,CE,116.8,116.8,117.1,5507650,137070,35462,8.34
2026-09-18 15:27:47,23341.85,2026-09-22,23300.0,PE,64.85,64.75,64.85,6843596,272659,168151,9.91
2026-09-18 15:27:47,23341.85,2026-09-22,23350.0,CE,88.4,88.45,88.55,5144466,105812,52247,8.31
2026-09-18 15:27:47,23341.85,2026-09-22,23350.0,PE,85.2,85.2,85.45,3887557,130679,106284,9.74
2026-09-18 15:27:47,23341.85,2026-09-22,23400.0,CE,63.85,63.65,63.8,4706752,187870,87514,8.27
2026-09-18 15:27:47,23341.85,2026-09-22,23400.0,PE,110.65,110.35,110.65,2548597,99614,53770,9.71
2026-09-18 15:27:47,23341.85,2026-09-22,23450.0,CE,44.15,44.05,44.15,2563275,87483,33987,8.19
2026-09-18 15:27:47,23341.85,2026-09-22,23450.0,PE,141.2,140.85,141.1,651849,17371,7934,9.72
2026-09-18 15:27:47,23341.85,2026-09-22,23500.0,CE,29.15,29.05,29.15,3388992,168427,30212,8.13
2026-09-18 15:27:47,23341.85,2026-09-22,23500.0,PE,176.1,175.7,176.15,704879,40675,6037,9.75
2026-09-18 15:27:47,23341.85,2026-09-22,23550.0,CE,18.5,18.5,18.55,1651366,63961,13913,8.12
2026-09-18 15:27:47,23341.85,2026-09-22,23550.0,PE,215.25,214.95,215.55,123699,4877,533,10.13
2026-09-18 15:27:47,23341.85,2026-09-22,23600.0,CE,11.55,11.55,11.65,2007040,126691,24114,8.13
2026-09-18 15:27:47,23341.85,2026-09-22,23600.0,PE,258.05,258.05,258.65,134220,12218,678,10.48
2026-09-18 15:27:47,23341.85,2026-09-22,23650.0,CE,7.35,7.3,7.4,1144692,61934,14594,8.32
2026-09-18 15:27:47,23341.85,2026-09-22,23650.0,PE,303.95,303.9,304.6,22823,3232,-266,11.34
2026-09-18 15:27:47,23341.85,2026-09-22,23700.0,CE,4.8,4.8,4.85,1238132,139687,23360,8.57
2026-09-18 15:27:47,23341.85,2026-09-22,23700.0,PE,351.6,350.75,351.65,27607,8489,-2406,11.9
2026-09-18 15:27:47,23341.85,2026-09-22,23750.0,CE,3.35,3.35,3.4,647585,69845,11355,8.9
2026-09-18 15:27:47,23341.85,2026-09-22,23750.0,PE,400.3,399.45,400.7,4382,1604,-66,12.93
2026-09-18 15:27:47,23341.85,2026-09-22,23800.0,CE,2.6,2.6,2.65,869973,132168,3432,9.39
2026-09-18 15:27:47,23341.85,2026-09-22,23800.0,PE,450.0,448.4,449.95,7749,7107,-345,14.39
2026-09-18 15:27:47,23341.85,2026-09-22,23850.0,CE,2.2,2.2,2.25,430354,48047,4696,10.08
2026-09-18 15:27:47,23341.85,2026-09-22,23850.0,PE,499.75,497.6,499.75,958,1061,-6,13.77
2026-09-18 15:28:47,23346.4,2026-09-22,22850.0,CE,519.45,520.55,523.35,1293,818,-68,
2026-09-18 15:28:47,23346.4,2026-09-22,22850.0,PE,5.85,5.8,5.85,527754,47020,19304,13.04
2026-09-18 15:28:47,23346.4,2026-09-22,22900.0,CE,471.4,471.55,473.4,8652,2166,240,
2026-09-18 15:28:47,23346.4,2026-09-22,22900.0,PE,7.1,7.0,7.1,802405,66491,11227,12.53
2026-09-18 15:28:47,23346.4,2026-09-22,22950.0,CE,423.8,423.5,424.9,6742,1383,299,8.96
2026-09-18 15:28:47,23346.4,2026-09-22,22950.0,PE,8.55,8.4,8.5,717053,51712,14624,12.01
2026-09-18 15:28:47,23346.4,2026-09-22,23000.0,CE,375.75,375.85,376.75,113257,10667,-3273,
2026-09-18 15:28:47,23346.4,2026-09-22,23000.0,PE,10.8,10.8,10.9,1854577,170846,22343,11.58
2026-09-18 15:28:47,23346.4,2026-09-22,23050.0,CE,329.6,329.2,330.2,34128,2542,-192,7.38
2026-09-18 15:28:47,23346.4,2026-09-22,23050.0,PE,13.75,13.75,13.8,972321,53066,4789,11.17
2026-09-18 15:28:47,23346.4,2026-09-22,23100.0,CE,284.4,283.15,283.95,200223,9767,-2891,8.08
2026-09-18 15:28:47,23346.4,2026-09-22,23100.0,PE,18.35,18.35,18.45,1829449,105087,22602,10.81
2026-09-18 15:28:47,23346.4,2026-09-22,23150.0,CE,239.5,239.85,240.45,219506,6772,-1042,8.27
2026-09-18 15:28:47,23346.4,2026-09-22,23150.0,PE,24.6,24.45,24.55,1406998,69253,22779,10.52
2026-09-18 15:28:47,23346.4,2026-09-22,23200.0,CE,198.3,198.3,198.65,1238844,43804,-7380,8.41
2026-09-18 15:28:47,23346.4,2026-09-22,23200.0,PE,33.05,33.0,33.15,3287262,179719,45888,10.32
2026-09-18 15:28:47,23346.4,2026-09-22,23250.0,CE,159.8,159.5,159.8,1443732,35866,-11586,8.43
2026-09-18 15:28:47,23346.4,2026-09-22,23250.0,PE,44.4,44.35,44.5,2735099,126507,54704,10.06
2026-09-18 15:28:47,23346.4,2026-09-22,23300.0,CE,124.8,124.8,125.15,5532929,133039,31431,8.34
2026-09-18 15:28:47,23346.4,2026-09-22,23300.0,PE,59.65,59.65,59.85,6888608,256311,151803,9.91
2026-09-18 15:28:47,23346.4,2026-09-22,23350.0,CE,94.9,94.9,95.0,5173345,102125,48560,8.31
2026-09-18 15:28:47,23346.4,2026-09-22,23350.0,PE,79.1,79.1,79.3,3916155,119891,95496,9.74
2026-09-18 15:28:47,23346.4,2026-09-22,23400.0,CE,69.4,69.4,69.6,4739570,181290,80934,8.27
2026-09-18 15:28:47,23346.4,2026-09-22,23400.0,PE,103.05,103.1,103.4,2567268,95773,49929,9.71
2026-09-18 15:28:47,23346.4,2026-09-22,23450.0,CE,48.55,48.5,48.6,2582612,85103,31607,8.19
2026-09-18 15:28:47,23346.4,2026-09-22,23450.0,PE,133.25,133.25,133.45,654961,16466,7029,9.72
2026-09-18 15:28:47,23346.4,2026-09-22,23500.0,CE,32.6,32.65,32.75,3411215,164738,26523,8.13
2026-09-18 15:28:47,23346.4,2026-09-22,23500.0,PE,166.5,166.45,166.55,709838,39820,5182,9.75
2026-09-18 15:28:47,23346.4,2026-09-22,23550.0,CE,20.95,20.9,20.95,1661096,63456,13408,8.12
2026-09-18 15:28:47,23346.4,2026-09-22,23550.0,PE,204.6,204.65,205.25,124329,4733,389,10.13
2026-09-18 15:28:47,23346.4,2026-09-22,23600.0,CE,13.1,13.1,13.15,2019180,124214,21637,8.13
2026-09-18 15:28:47,23346.4,2026-09-22,23600.0,PE,247.1,247.0,247.55,136134,13131,1591,10.48
2026-09-18 15:28:47,23346.4,2026-09-22,23650.0,CE,8.35,8.3,8.35,1150474,61553,14213,8.32
2026-09-18 15:28:47,23346.4,2026-09-22,23650.0,PE,293.1,291.75,292.55,22906,3194,-304,11.34
2026-09-18 15:28:47,23346.4,2026-09-22,23700.0,CE,5.4,5.35,5.4,1246903,140161,23834,8.57
2026-09-18 15:28:47,23346.4,2026-09-22,23700.0,PE,339.1,339.05,339.85,27708,8483,-2412,11.9
2026-09-18 15:28:47,23346.4,2026-09-22,23750.0,CE,3.75,3.7,3.75,655569,67379,8889,8.9
2026-09-18 15:28:47,23346.4,2026-09-22,23750.0,PE,388.3,386.85,388.2,4413,1591,-79,12.93
2026-09-18 15:28:47,23346.4,2026-09-22,23800.0,CE,2.75,2.75,2.8,877233,129608,872,9.39
2026-09-18 15:28:47,23346.4,2026-09-22,23800.0,PE,438.95,436.05,437.6,7805,7111,-341,14.39
2026-09-18 15:28:47,23346.4,2026-09-22,23850.0,CE,2.3,2.3,2.35,432892,47461,4110,10.08
2026-09-18 15:28:47,23346.4,2026-09-22,23850.0,PE,488.0,485.15,487.15,963,1061,-6,13.77
2026-09-18 15:29:48,23346.4,2026-09-22,22850.0,CE,519.45,516.5,518.75,1293,818,-68,
2026-09-18 15:29:48,23346.4,2026-09-22,22850.0,PE,6.85,6.8,6.85,534532,45684,17968,13.04
2026-09-18 15:29:48,23346.4,2026-09-22,22900.0,CE,470.0,468.55,470.2,8676,2163,237,
2026-09-18 15:29:48,23346.4,2026-09-22,22900.0,PE,8.2,8.2,8.25,815358,66100,10836,12.53
2026-09-18 15:29:48,23346.4,2026-09-22,22950.0,CE,418.8,419.9,421.35,6745,1383,299,8.96
2026-09-18 15:29:48,23346.4,2026-09-22,22950.0,PE,9.8,9.75,9.8,723334,51385,14297,12.01
2026-09-18 15:29:48,23346.4,2026-09-22,23000.0,CE,373.0,372.45,373.6,113518,10658,-3282,
2026-09-18 15:29:48,23346.4,2026-09-22,23000.0,PE,12.4,12.35,12.4,1867670,169084,20581,11.58
2026-09-18 15:29:48,23346.4,2026-09-22,23050.0,CE,325.35,326.4,327.25,34248,2593,-141,7.38
2026-09-18 15:29:48,23346.4,2026-09-22,23050.0,PE,15.6,15.6,15.65,977927,52475,4198,11.17
2026-09-18 15:29:48,23346.4,2026-09-22,23100.0,CE,281.6,280.9,281.65,200666,9702,-2956,8.08
2026-09-18 15:29:48,23346.4,2026-09-22,23100.0,PE,20.4,20.4,20.5,1837928,104518,22033,10.81
2026-09-18 15:29:48,23346.4,2026-09-22,23150.0,CE,237.45,237.4,238.0,219969,6646,-1168,8.27
2026-09-18 15:29:48,23346.4,2026-09-22,23150.0,PE,27.05,27.05,27.15,1416083,68683,22209,10.52
2026-09-18 15:29:48,23346.4,2026-09-22,23200.0,CE,196.1,195.9,196.45,1241675,43617,-7567,8.41
2026-09-18 15:29:48,23346.4,2026-09-22,23200.0,PE,35.9,35.9,36.0,3306472,174780,40949,10.32
2026-09-18 15:29:48,23346.4,2026-09-22,23250.0,CE,158.05,158.0,158.45,1446981,35244,-12208,8.43
2026-09-18 15:29:48,23346.4,2026-09-22,23250.0,PE,47.6,47.6,47.7,2749393,125087,53284,10.06
2026-09-18 15:29:48,23346.4,2026-09-22,23300.0,CE,124.0,123.65,124.0,5549614,131086,29478,8.34
2026-09-18 15:29:48,23346.4,2026-09-22,23300.0,PE,63.3,63.15,63.3,6914822,251750,147242,9.91
2026-09-18 15:29:48,23346.4,2026-09-22,23350.0,CE,94.5,94.25,94.5,5197135,98158,44593,8.31
2026-09-18 15:29:48,23346.4,2026-09-22,23350.0,PE,83.05,83.05,83.25,3934305,118870,94475,9.74
2026-09-18 15:29:48,23346.4,2026-09-22,23400.0,CE,69.5,69.25,69.5,4767383,174147,73791,8.27
2026-09-18 15:29:48,23346.4,2026-09-22,23400.0,PE,107.85,107.8,108.15,2578469,94169,48325,9.71
2026-09-18 15:29:48,23346.4,2026-09-22,23450.0,CE,49.0,49.0,49.15,2600281,82319,28823,8.19
2026-09-18 15:29:48,23346.4,2026-09-22,23450.0,PE,137.55,137.6,137.8,657042,16112,6675,9.72
2026-09-18 15:29:48,23346.4,2026-09-22,23500.0,CE,33.2,33.2,33.35,3432022,161535,23320,8.13
2026-09-18 15:29:48,23346.4,2026-09-22,23500.0,PE,172.1,171.85,172.1,711992,39560,4922,9.75
2026-09-18 15:29:48,23346.4,2026-09-22,23550.0,CE,21.95,21.7,21.8,1669747,62872,12824,8.12
2026-09-18 15:29:48,23346.4,2026-09-22,23550.0,PE,210.5,210.4,210.9,124957,4520,176,10.13
2026-09-18 15:29:48,23346.4,2026-09-22,23600.0,CE,14.0,13.95,14.0,2033601,125009,22432,8.13
2026-09-18 15:29:48,23346.4,2026-09-22,23600.0,PE,252.7,252.7,253.0,136654,13206,1666,10.48
2026-09-18 15:29:48,23346.4,2026-09-22,23650.0,CE,9.1,9.05,9.15,1156767,61530,14190,8.32
2026-09-18 15:29:48,23346.4,2026-09-22,23650.0,PE,298.1,297.55,298.4,22948,3194,-304,11.34
2026-09-18 15:29:48,23346.4,2026-09-22,23700.0,CE,6.1,6.05,6.1,1255403,140238,23911,8.57
2026-09-18 15:29:48,23346.4,2026-09-22,23700.0,PE,344.05,344.4,345.4,27767,8480,-2415,11.9
2026-09-18 15:29:48,23346.4,2026-09-22,23750.0,CE,4.25,4.2,4.25,669507,65442,6952,8.9
2026-09-18 15:29:48,23346.4,2026-09-22,23750.0,PE,387.8,391.95,393.15,4414,1591,-79,12.93
2026-09-18 15:29:48,23346.4,2026-09-22,23800.0,CE,3.15,3.1,3.15,886533,129887,1151,9.39
2026-09-18 15:29:48,23346.4,2026-09-22,23800.0,PE,442.3,440.6,442.2,7851,7107,-345,14.39
2026-09-18 15:29:48,23346.4,2026-09-22,23850.0,CE,2.6,2.55,2.6,434977,47336,3985,10.08
2026-09-18 15:29:48,23346.4,2026-09-22,23850.0,PE,488.0,489.45,492.1,963,1061,-6,13.77
