timestamp,nifty_spot,expiry,strike,option_type,ltp,bid,ask,volume,oi,oi_change,iv
2026-09-21 14:36:28,23443.05,2026-09-22,22950.0,CE,499.9,495.4,497.7,1765,1295,-51,23.41
2026-09-21 14:36:28,23443.05,2026-09-22,22950.0,PE,4.15,4.1,4.15,480389,73814,17008,23.14
2026-09-21 14:36:28,23443.05,2026-09-22,23000.0,CE,448.6,446.45,448.0,44546,7916,-1650,
2026-09-21 14:36:28,23443.05,2026-09-22,23000.0,PE,4.8,4.75,4.8,1335412,202471,33330,21.84
2026-09-21 14:36:28,23443.05,2026-09-22,23050.0,CE,398.95,397.3,398.55,10599,2770,400,
2026-09-21 14:36:28,23443.05,2026-09-22,23050.0,PE,5.65,5.65,5.7,675422,78116,33953,20.62
2026-09-21 14:36:28,23443.05,2026-09-22,23100.0,CE,350.7,349.0,349.9,75924,8937,-208,12.68
2026-09-21 14:36:28,23443.05,2026-09-22,23100.0,PE,6.95,6.9,6.95,1369551,139709,40788,19.4
2026-09-21 14:36:28,23443.05,2026-09-22,23150.0,CE,302.6,300.45,301.25,73193,5524,145,14.08
2026-09-21 14:36:28,23443.05,2026-09-22,23150.0,PE,8.85,8.8,8.9,1315869,103382,43330,18.26
2026-09-21 14:36:28,23443.05,2026-09-22,23200.0,CE,254.25,253.1,253.65,574752,36020,-4988,13.76
2026-09-21 14:36:28,23443.05,2026-09-22,23200.0,PE,11.65,11.65,11.7,2361558,230722,83001,17.26
2026-09-21 14:36:28,23443.05,2026-09-22,23250.0,CE,207.75,207.2,207.7,688935,23539,-4334,13.71
2026-09-21 14:36:28,23443.05,2026-09-22,23250.0,PE,15.9,15.9,16.0,1888450,171325,71468,16.22
2026-09-21 14:36:28,23443.05,2026-09-22,23300.0,CE,164.4,164.5,164.65,2670063,81447,-32702,13.32
2026-09-21 14:36:28,23443.05,2026-09-22,23300.0,PE,22.7,22.6,22.7,4406955,382948,187770,15.47
2026-09-21 14:36:28,23443.05,2026-09-22,23350.0,CE,124.25,124.2,124.5,3758818,74923,-1317,13.09
2026-09-21 14:36:28,23443.05,2026-09-22,23350.0,PE,32.35,32.3,32.4,4721988,304710,225586,14.65
2026-09-21 14:36:28,23443.05,2026-09-22,23400.0,CE,89.0,89.0,89.05,7924187,225706,90810,12.69
2026-09-21 14:36:28,23443.05,2026-09-22,23400.0,PE,46.75,46.75,46.85,6660126,506861,433210,14.1
2026-09-21 14:36:28,23443.05,2026-09-22,23450.0,CE,60.0,60.0,60.05,5575330,204475,145092,12.51
2026-09-21 14:36:28,23443.05,2026-09-22,23450.0,PE,67.15,67.15,67.3,2715864,276991,266274,13.78
2026-09-21 14:36:28,23443.05,2026-09-22,23500.0,CE,37.9,37.85,37.9,5734505,319989,178048,12.4
2026-09-21 14:36:28,23443.05,2026-09-22,23500.0,PE,95.9,95.85,95.9,2114369,177389,140385,13.76
2026-09-21 14:36:28,23443.05,2026-09-22,23550.0,CE,22.55,22.55,22.65,2816467,140682,84446,12.35
2026-09-21 14:36:28,23443.05,2026-09-22,23550.0,PE,130.8,130.5,130.8,395272,32419,28380,14.07
2026-09-21 14:36:28,23443.05,2026-09-22,23600.0,CE,12.95,12.9,12.95,3080284,206591,84914,12.46
2026-09-21 14:36:28,23443.05,2026-09-22,23600.0,PE,171.25,171.2,171.4,334570,39637,28256,14.47
2026-09-21 14:36:28,23443.05,2026-09-22,23650.0,CE,7.4,7.35,7.4,1932751,107966,45786,12.69
2026-09-21 14:36:28,23443.05,2026-09-22,23650.0,PE,214.7,215.25,215.75,64527,8355,5331,15.28
2026-09-21 14:36:28,23443.05,2026-09-22,23700.0,CE,4.4,4.35,4.4,1924087,159793,13705,13.13
2026-09-21 14:36:28,23443.05,2026-09-22,23700.0,PE,263.0,262.3,263.0,60764,12491,4233,16.69
2026-09-21 14:36:28,23443.05,2026-09-22,23750.0,CE,2.9,2.85,2.9,1347917,90786,24575,13.86
2026-09-21 14:36:28,23443.05,2026-09-22,23750.0,PE,309.4,310.45,311.05,8667,1738,174,18.22
2026-09-21 14:36:28,23443.05,2026-09-22,23800.0,CE,2.35,2.35,2.4,1233852,150653,24278,14.98
2026-09-21 14:36:28,23443.05,2026-09-22,23800.0,PE,358.85,359.55,360.0,17063,6929,-129,20.3
2026-09-21 14:36:28,23443.05,2026-09-22,23850.0,CE,1.9,1.85,1.9,359173,61268,15473,16.14
2026-09-21 14:36:28,23443.05,2026-09-22,23850.0,PE,408.1,408.9,410.45,1128,1166,48,18.85
2026-09-21 14:36:28,23443.05,2026-09-22,23900.0,CE,1.65,1.6,1.65,545829,107858,17946,17.51
2026-09-21 14:36:28,23443.05,2026-09-22,23900.0,PE,459.9,458.9,460.3,7530,3941,-2780,24.7
2026-09-21 14:36:28,23443.05,2026-09-22,23950.0,CE,1.4,1.35,1.4,241750,29435,-6998,18.67
2026-09-21 14:36:28,23443.05,2026-09-22,23950.0,PE,505.8,508.2,510.0,609,1019,-135,21.74
2026-09-21 14:37:28,23447.7,2026-09-22,22950.0,CE,499.9,494.7,496.5,1765,1295,-51,23.41
2026-09-21 14:37:28,23447.7,2026-09-22,22950.0,PE,4.15,4.1,4.15,480548,73521,16715,23.14
2026-09-21 14:37:28,23447.7,2026-09-22,23000.0,CE,446.95,445.1,446.65,44588,7909,-1657,
2026-09-21 14:37:28,23447.7,2026-09-22,23000.0,PE,4.85,4.8,4.85,1337538,202256,33115,21.84
2026-09-21 14:37:28,23447.7,2026-09-22,23050.0,CE,397.6,396.6,397.7,10603,2766,396,
2026-09-21 14:37:28,23447.7,2026-09-22,23050.0,PE,5.7,5.7,5.75,675981,77991,33828,20.62
2026-09-21 14:37:28,23447.7,2026-09-22,23100.0,CE,347.75,347.5,348.45,75978,8919,-226,12.68
2026-09-21 14:37:28,23447.7,2026-09-22,23100.0,PE,7.05,7.0,7.05,1370372,138997,40076,19.4
2026-09-21 14:37:28,23447.7,2026-09-22,23150.0,CE,299.7,299.55,300.3,73342,5519,140,14.08
2026-09-21 14:37:28,23447.7,2026-09-22,23150.0,PE,8.95,8.9,8.95,1317055,103261,43209,18.26
2026-09-21 14:37:28,23447.7,2026-09-22,23200.0,CE,251.95,252.05,252.65,575501,35878,-5130,13.76
2026-09-21 14:37:28,23447.7,2026-09-22,23200.0,PE,11.9,11.85,11.9,2367132,230747,83026,17.26
2026-09-21 14:37:28,23447.7,2026-09-22,23250.0,CE,206.95,206.5,206.95,689581,23550,-4323,13.71
2026-09-21 14:37:28,23447.7,2026-09-22,23250.0,PE,16.15,16.1,16.15,1891955,171100,71243,16.22
2026-09-21 14:37:28,23447.7,2026-09-22,23300.0,CE,164.0,163.65,164.0,2672791,80891,-33258,13.32
2026-09-21 14:37:28,23447.7,2026-09-22,23300.0,PE,23.0,22.9,23.0,4414771,383406,188228,15.47
2026-09-21 14:37:28,23447.7,2026-09-22,23350.0,CE,123.8,123.5,123.8,3763391,74334,-1906,13.09
2026-09-21 14:37:28,23447.7,2026-09-22,23350.0,PE,32.6,32.6,32.7,4731694,303107,223983,14.65
2026-09-21 14:37:28,23447.7,2026-09-22,23400.0,CE,88.5,88.35,88.45,7937569,224809,89913,12.69
2026-09-21 14:37:28,23447.7,2026-09-22,23400.0,PE,47.0,47.0,47.05,6681511,505936,432285,14.1
2026-09-21 14:37:28,23447.7,2026-09-22,23450.0,CE,59.3,59.15,59.3,5592923,205355,145972,12.51
2026-09-21 14:37:28,23447.7,2026-09-22,23450.0,PE,67.85,67.85,68.0,2733522,274014,263297,13.78
2026-09-21 14:37:28,23447.7,2026-09-22,23500.0,CE,37.2,37.2,37.3,5758324,316167,174226,12.4
2026-09-21 14:37:28,23447.7,2026-09-22,23500.0,PE,96.3,96.3,96.5,2127357,175706,138702,13.76
2026-09-21 14:37:28,23447.7,2026-09-22,23550.0,CE,22.1,22.0,22.1,2829965,137978,81742,12.35
2026-09-21 14:37:28,23447.7,2026-09-22,23550.0,PE,131.6,131.2,131.55,397959,31911,27872,14.07
2026-09-21 14:37:28,23447.7,2026-09-22,23600.0,CE,12.5,12.5,12.55,3092357,205719,84042,12.46
2026-09-21 14:37:28,23447.7,2026-09-22,23600.0,PE,171.85,171.85,172.2,336400,39333,27952,14.47
2026-09-21 14:37:28,23447.7,2026-09-22,23650.0,CE,7.15,7.1,7.15,1938734,107599,45419,12.69
2026-09-21 14:37:28,23447.7,2026-09-22,23650.0,PE,216.6,216.0,216.55,64873,8229,5205,15.28
2026-09-21 14:37:28,23447.7,2026-09-22,23700.0,CE,4.15,4.15,4.2,1940221,159605,13517,13.13
2026-09-21 14:37:28,23447.7,2026-09-22,23700.0,PE,263.85,263.1,263.8,60939,12422,4164,16.69
2026-09-21 14:37:28,23447.7,2026-09-22,23750.0,CE,2.75,2.75,2.8,1355823,91238,25027,13.86
2026-09-21 14:37:28,23447.7,2026-09-22,23750.0,PE,311.55,311.2,311.95,8715,1723,159,18.22
2026-09-21 14:37:28,23447.7,2026-09-22,23800.0,CE,2.3,2.3,2.35,1235352,150587,24212,14.98
2026-09-21 14:37:28,23447.7,2026-09-22,23800.0,PE,360.8,360.8,361.75,17122,6897,-161,20.3
2026-09-21 14:37:28,23447.7,2026-09-22,23850.0,CE,1.8,1.8,1.85,360303,61335,15540,16.14
2026-09-21 14:37:28,23447.7,2026-09-22,23850.0,PE,410.25,409.45,411.1,1134,1165,47,18.85
2026-09-21 14:37:28,23447.7,2026-09-22,23900.0,CE,1.6,1.55,1.6,548917,107759,17847,17.51
2026-09-21 14:37:28,23447.7,2026-09-22,23900.0,PE,461.2,459.85,461.4,7537,3763,-2958,24.7
2026-09-21 14:37:28,23447.7,2026-09-22,23950.0,CE,1.35,1.35,1.4,242296,29437,-6996,18.67
2026-09-21 14:37:28,23447.7,2026-09-22,23950.0,PE,505.8,508.85,511.05,609,1019,-135,21.74
2026-09-21 14:38:28,23449.3,2026-09-22,22950.0,CE,499.9,500.45,503.1,1765,1295,-51,23.41
2026-09-21 14:38:28,23449.3,2026-09-22,22950.0,PE,4.0,4.0,4.05,483340,73030,16224,23.14
2026-09-21 14:38:28,23449.3,2026-09-22,23000.0,CE,452.0,450.95,452.0,44742,7961,-1605,
2026-09-21 14:38:28,23449.3,2026-09-22,23000.0,PE,4.65,4.65,4.7,1342277,202437,33296,21.84
2026-09-21 14:38:28,23449.3,2026-09-22,23050.0,CE,400.25,401.9,403.2,10612,2763,393,
2026-09-21 14:38:28,23449.3,2026-09-22,23050.0,PE,5.45,5.4,5.45,679090,77605,33442,20.62
2026-09-21 14:38:28,23449.3,2026-09-22,23100.0,CE,353.85,352.9,353.9,76068,8910,-235,12.68
2026-09-21 14:38:28,23449.3,2026-09-22,23100.0,PE,6.6,6.6,6.65,1375467,139266,40345,19.4
2026-09-21 14:38:28,23449.3,2026-09-22,23150.0,CE,305.0,305.15,305.85,73506,5467,88,14.08
2026-09-21 14:38:28,23449.3,2026-09-22,23150.0,PE,8.35,8.35,8.4,1321344,103968,43916,18.26
2026-09-21 14:38:28,23449.3,2026-09-22,23200.0,CE,258.0,257.25,257.9,576878,36046,-4962,13.76
2026-09-21 14:38:28,23449.3,2026-09-22,23200.0,PE,11.15,11.1,11.15,2376679,230713,82992,17.26
2026-09-21 14:38:28,23449.3,2026-09-22,23250.0,CE,211.85,211.5,211.8,690653,23485,-4388,13.71
2026-09-21 14:38:28,23449.3,2026-09-22,23250.0,PE,15.0,15.0,15.05,1902970,169093,69236,16.22
2026-09-21 14:38:28,23449.3,2026-09-22,23300.0,CE,168.0,167.9,168.35,2679378,80233,-33916,13.32
2026-09-21 14:38:28,23449.3,2026-09-22,23300.0,PE,21.5,21.45,21.5,4438321,382472,187294,15.47
2026-09-21 14:38:28,23449.3,2026-09-22,23350.0,CE,128.05,127.75,128.1,3771934,74842,-1398,13.09
2026-09-21 14:38:28,23449.3,2026-09-22,23350.0,PE,30.65,30.65,30.75,4755357,301813,222689,14.65
2026-09-21 14:38:28,23449.3,2026-09-22,23400.0,CE,91.65,91.65,91.9,7967990,228039,93143,12.69
2026-09-21 14:38:28,23449.3,2026-09-22,23400.0,PE,44.7,44.7,44.85,6727451,501106,427455,14.1
2026-09-21 14:38:28,23449.3,2026-09-22,23450.0,CE,62.2,62.15,62.2,5627602,207686,148303,12.51
2026-09-21 14:38:28,23449.3,2026-09-22,23450.0,PE,65.05,64.95,65.1,2762328,272138,261421,13.78
2026-09-21 14:38:28,23449.3,2026-09-22,23500.0,CE,39.8,39.65,39.8,5791170,318175,176234,12.4
2026-09-21 14:38:28,23449.3,2026-09-22,23500.0,PE,92.65,92.65,92.8,2145577,172600,135596,13.76
2026-09-21 14:38:28,23449.3,2026-09-22,23550.0,CE,23.7,23.65,23.75,2847177,138038,81802,12.35
2026-09-21 14:38:28,23449.3,2026-09-22,23550.0,PE,127.15,127.0,127.25,401867,31635,27596,14.07
2026-09-21 14:38:28,23449.3,2026-09-22,23600.0,CE,13.65,13.6,13.65,3109712,206281,84604,12.46
2026-09-21 14:38:28,23449.3,2026-09-22,23600.0,PE,166.8,166.75,167.15,339517,39045,27664,14.47
2026-09-21 14:38:28,23449.3,2026-09-22,23650.0,CE,7.7,7.7,7.75,1947474,107505,45325,12.69
2026-09-21 14:38:28,23449.3,2026-09-22,23650.0,PE,211.4,210.65,211.2,65662,8178,5154,15.28
2026-09-21 14:38:28,23449.3,2026-09-22,23700.0,CE,4.5,4.45,4.5,1949601,159654,13566,13.13
2026-09-21 14:38:28,23449.3,2026-09-22,23700.0,PE,257.8,257.55,258.25,61243,12356,4098,16.69
2026-09-21 14:38:28,23449.3,2026-09-22,23750.0,CE,2.9,2.9,2.95,1361356,91224,25013,13.86
2026-09-21 14:38:28,23449.3,2026-09-22,23750.0,PE,306.15,305.6,306.5,8778,1742,178,18.22
2026-09-21 14:38:28,23449.3,2026-09-22,23800.0,CE,2.3,2.3,2.35,1237968,149682,23307,14.98
2026-09-21 14:38:28,23449.3,2026-09-22,23800.0,PE,355.1,355.0,356.05,17184,6906,-152,20.3
2026-09-21 14:38:28,23449.3,2026-09-22,23850.0,CE,1.85,1.8,1.85,360608,61100,15305,16.14
2026-09-21 14:38:28,23449.3,2026-09-22,23850.0,PE,403.95,403.65,405.45,1137,1166,48,18.85
2026-09-21 14:38:28,23449.3,2026-09-22,23900.0,CE,1.6,1.6,1.65,549804,107684,17772,17.51
2026-09-21 14:38:28,23449.3,2026-09-22,23900.0,PE,454.9,454.2,455.6,7546,3761,-2960,24.7
2026-09-21 14:38:28,23449.3,2026-09-22,23950.0,CE,1.35,1.35,1.4,242845,28715,-7718,18.67
2026-09-21 14:38:28,23449.3,2026-09-22,23950.0,PE,504.75,503.05,505.2,612,1020,-134,21.74
2026-09-21 14:39:28,23450.7,2026-09-22,22950.0,CE,499.9,504.35,506.9,1765,1295,-51,23.41
2026-09-21 14:39:28,23450.7,2026-09-22,22950.0,PE,4.0,3.95,4.0,483850,73321,16515,23.14
2026-09-21 14:39:28,23450.7,2026-09-22,23000.0,CE,455.0,455.15,456.6,44797,7917,-1649,
2026-09-21 14:39:28,23450.7,2026-09-22,23000.0,PE,4.65,4.6,4.65,1344981,201762,32621,21.84
2026-09-21 14:39:28,23450.7,2026-09-22,23050.0,CE,406.75,406.05,407.4,10624,2767,397,
2026-09-21 14:39:28,23450.7,2026-09-22,23050.0,PE,5.4,5.35,5.4,680551,77916,33753,20.62
2026-09-21 14:39:28,23450.7,2026-09-22,23100.0,CE,357.75,357.25,357.8,76217,8892,-253,12.68
2026-09-21 14:39:28,23450.7,2026-09-22,23100.0,PE,6.55,6.55,6.6,1377158,138775,39854,19.4
2026-09-21 14:39:28,23450.7,2026-09-22,23150.0,CE,310.15,308.9,309.7,73658,5416,37,14.08
2026-09-21 14:39:28,23450.7,2026-09-22,23150.0,PE,8.25,8.25,8.3,1324788,104156,44104,18.26
2026-09-21 14:39:28,23450.7,2026-09-22,23200.0,CE,261.65,261.0,261.65,577996,36000,-5008,13.76
2026-09-21 14:39:28,23450.7,2026-09-22,23200.0,PE,11.0,10.95,11.0,2383643,229892,82171,17.26
2026-09-21 14:39:28,23450.7,2026-09-22,23250.0,CE,215.75,215.1,215.5,691705,23477,-4396,13.71
2026-09-21 14:39:28,23450.7,2026-09-22,23250.0,PE,14.8,14.8,14.85,1907977,167932,68075,16.22
2026-09-21 14:39:28,23450.7,2026-09-22,23300.0,CE,171.65,171.5,171.75,2683698,79978,-34171,13.32
2026-09-21 14:39:28,23450.7,2026-09-22,23300.0,PE,21.15,21.15,21.2,4448934,381068,185890,15.47
2026-09-21 14:39:28,23450.7,2026-09-22,23350.0,CE,131.15,130.85,131.15,3778771,75028,-1212,13.09
2026-09-21 14:39:28,23450.7,2026-09-22,23350.0,PE,29.95,30.0,30.1,4768195,300252,221128,14.65
2026-09-21 14:39:28,23450.7,2026-09-22,23400.0,CE,95.2,95.05,95.2,7991013,228174,93278,12.69
2026-09-21 14:39:28,23450.7,2026-09-22,23400.0,PE,43.65,43.65,43.75,6752013,494289,420638,14.1
2026-09-21 14:39:28,23450.7,2026-09-22,23450.0,CE,64.65,64.5,64.65,5657724,209014,149631,12.51
2026-09-21 14:39:28,23450.7,2026-09-22,23450.0,PE,63.05,63.0,63.2,2785146,267740,257023,13.78
2026-09-21 14:39:28,23450.7,2026-09-22,23500.0,CE,41.55,41.45,41.55,5824850,321874,179933,12.4
2026-09-21 14:39:28,23450.7,2026-09-22,23500.0,PE,90.6,90.6,90.85,2157049,171021,134017,13.76
2026-09-21 14:39:28,23450.7,2026-09-22,23550.0,CE,25.05,25.05,25.1,2861274,139808,83572,12.35
2026-09-21 14:39:28,23450.7,2026-09-22,23550.0,PE,124.55,124.3,124.6,404777,31051,27012,14.07
2026-09-21 14:39:28,23450.7,2026-09-22,23600.0,CE,14.45,14.45,14.5,3121844,207477,85800,12.46
2026-09-21 14:39:28,23450.7,2026-09-22,23600.0,PE,164.15,163.75,164.15,341638,38259,26878,14.47
2026-09-21 14:39:28,23450.7,2026-09-22,23650.0,CE,8.3,8.25,8.3,1953400,107304,45124,12.69
2026-09-21 14:39:28,23450.7,2026-09-22,23650.0,PE,207.5,207.45,207.9,66090,8225,5201,15.28
2026-09-21 14:39:28,23450.7,2026-09-22,23700.0,CE,4.85,4.8,4.85,1953145,159933,13845,13.13
2026-09-21 14:39:28,23450.7,2026-09-22,23700.0,PE,254.3,254.3,254.85,61509,12386,4128,16.69
2026-09-21 14:39:28,23450.7,2026-09-22,23750.0,CE,3.1,3.1,3.15,1365802,91204,24993,13.86
2026-09-21 14:39:28,23450.7,2026-09-22,23750.0,PE,301.5,301.6,302.55,8850,1710,146,18.22
2026-09-21 14:39:28,23450.7,2026-09-22,23800.0,CE,2.45,2.4,2.45,1240012,149476,23101,14.98
2026-09-21 14:39:28,23450.7,2026-09-22,23800.0,PE,351.8,351.15,352.2,17250,6931,-127,20.3
2026-09-21 14:39:28,23450.7,2026-09-22,23850.0,CE,1.9,1.85,1.9,361005,60971,15176,16.14
2026-09-21 14:39:28,23450.7,2026-09-22,23850.0,PE,399.7,399.6,401.4,1147,1166,48,18.85
2026-09-21 14:39:28,23450.7,2026-09-22,23900.0,CE,1.65,1.6,1.65,552397,107656,17744,17.51
2026-09-21 14:39:28,23450.7,2026-09-22,23900.0,PE,452.05,450.35,451.65,7555,3753,-2968,24.7
2026-09-21 14:39:28,23450.7,2026-09-22,23950.0,CE,1.4,1.35,1.4,243013,28704,-7729,18.67
2026-09-21 14:39:28,23450.7,2026-09-22,23950.0,PE,504.75,499.0,500.95,612,1020,-134,21.74
2026-09-21 14:40:29,23449.5,2026-09-22,22950.0,CE,499.9,500.05,501.85,1765,1295,-51,23.41
2026-09-21 14:40:29,23449.5,2026-09-22,22950.0,PE,4.0,3.95,4.0,484188,73245,16439,23.14
2026-09-21 14:40:29,23449.5,2026-09-22,23000.0,CE,452.05,450.4,452.05,44880,7917,-1649,
2026-09-21 14:40:29,23449.5,2026-09-22,23000.0,PE,4.55,4.55,4.6,1348366,201762,32621,21.84
2026-09-21 14:40:29,23449.5,2026-09-22,23050.0,CE,402.9,401.45,402.8,10638,2767,397,
2026-09-21 14:40:29,23449.5,2026-09-22,23050.0,PE,5.4,5.35,5.4,681493,77916,33753,20.62
2026-09-21 14:40:29,23449.5,2026-09-22,23100.0,CE,352.65,352.45,353.45,76298,8886,-259,12.68
2026-09-21 14:40:29,23449.5,2026-09-22,23100.0,PE,6.6,6.55,6.6,1381534,137604,38683,19.4
2026-09-21 14:40:29,23449.5,2026-09-22,23150.0,CE,305.35,304.7,305.45,73757,5385,6,14.08
2026-09-21 14:40:29,23449.5,2026-09-22,23150.0,PE,8.25,8.25,8.3,1328700,103570,43518,18.26
2026-09-21 14:40:29,23449.5,2026-09-22,23200.0,CE,257.5,256.7,257.35,578567,36072,-4936,13.76
2026-09-21 14:40:29,23449.5,2026-09-22,23200.0,PE,11.0,11.0,11.05,2388809,229982,82261,17.26
2026-09-21 14:40:29,23449.5,2026-09-22,23250.0,CE,211.3,210.75,211.35,692497,23493,-4380,13.71
2026-09-21 14:40:29,23449.5,2026-09-22,23250.0,PE,15.05,15.0,15.05,1911479,167272,67415,16.22
2026-09-21 14:40:29,23449.5,2026-09-22,23300.0,CE,167.6,167.4,167.65,2687041,80723,-33426,13.32
2026-09-21 14:40:29,23449.5,2026-09-22,23300.0,PE,21.5,21.5,21.55,4455224,380090,184912,15.47
2026-09-21 14:40:29,23449.5,2026-09-22,23350.0,CE,127.7,127.25,127.5,3783691,75028,-1212,13.09
2026-09-21 14:40:29,23449.5,2026-09-22,23350.0,PE,30.85,30.75,30.85,4783471,300252,221128,14.65
2026-09-21 14:40:29,23449.5,2026-09-22,23400.0,CE,91.45,91.3,91.45,8010189,228174,93278,12.69
2026-09-21 14:40:29,23449.5,2026-09-22,23400.0,PE,44.9,44.95,45.1,6764040,494289,420638,14.1
2026-09-21 14:40:29,23449.5,2026-09-22,23450.0,CE,61.9,61.85,62.0,5685337,214191,154808,12.51
2026-09-21 14:40:29,23449.5,2026-09-22,23450.0,PE,65.1,65.1,65.3,2800166,265745,255028,13.78
2026-09-21 14:40:29,23449.5,2026-09-22,23500.0,CE,39.8,39.6,39.75,5858001,326457,184516,12.4
2026-09-21 14:40:29,23449.5,2026-09-22,23500.0,PE,93.2,93.0,93.2,2164132,170627,133623,13.76
2026-09-21 14:40:29,23449.5,2026-09-22,23550.0,CE,23.8,23.7,23.8,2873629,141358,85122,12.35
2026-09-21 14:40:29,23449.5,2026-09-22,23550.0,PE,127.5,127.45,127.75,406518,30806,26767,14.07
2026-09-21 14:40:29,23449.5,2026-09-22,23600.0,CE,13.7,13.65,13.7,3135033,210198,88521,12.46
2026-09-21 14:40:29,23449.5,2026-09-22,23600.0,PE,167.9,167.4,167.85,342862,38249,26868,14.47
2026-09-21 14:40:29,23449.5,2026-09-22,23650.0,CE,7.8,7.75,7.8,1959831,108797,46617,12.69
2026-09-21 14:40:29,23449.5,2026-09-22,23650.0,PE,211.7,211.45,211.85,66362,8190,5166,15.28
2026-09-21 14:40:29,23449.5,2026-09-22,23700.0,CE,4.55,4.5,4.55,1958866,159933,13845,13.13
2026-09-21 14:40:29,23449.5,2026-09-22,23700.0,PE,257.85,258.25,258.95,61850,12386,4128,16.69
2026-09-21 14:40:29,23449.5,2026-09-22,23750.0,CE,2.95,2.95,3.0,1368822,91204,24993,13.86
2026-09-21 14:40:29,23449.5,2026-09-22,23750.0,PE,307.0,306.2,307.0,8882,1710,146,18.22
2026-09-21 14:40:29,23449.5,2026-09-22,23800.0,CE,2.35,2.35,2.4,1242120,149615,23240,14.98
2026-09-21 14:40:29,23449.5,2026-09-22,23800.0,PE,355.45,355.55,356.0,17302,6931,-127,20.3
2026-09-21 14:40:29,23449.5,2026-09-22,23850.0,CE,1.85,1.85,1.9,361276,60995,15200,16.14
2026-09-21 14:40:29,23449.5,2026-09-22,23850.0,PE,404.65,404.45,406.6,1154,1166,48,18.85
2026-09-21 14:40:29,23449.5,2026-09-22,23900.0,CE,1.65,1.6,1.65,552609,107684,17772,17.51
2026-09-21 14:40:29,23449.5,2026-09-22,23900.0,PE,454.0,454.65,456.1,7559,3753,-2968,24.7
2026-09-21 14:40:29,23449.5,2026-09-22,23950.0,CE,1.4,1.35,1.4,243177,28704,-7729,18.67
2026-09-21 14:40:29,23449.5,2026-09-22,23950.0,PE,504.75,503.3,505.75,612,1020,-134,21.74
2026-09-21 14:41:29,23450.6,2026-09-22,22950.0,CE,503.0,503.2,505.45,1769,1297,-49,
2026-09-21 14:41:29,23450.6,2026-09-22,22950.0,PE,3.85,3.85,3.95,484996,73245,16439,23.24
2026-09-21 14:41:29,23450.6,2026-09-22,23000.0,CE,453.7,453.8,454.95,44914,7874,-1692,
2026-09-21 14:41:29,23450.6,2026-09-22,23000.0,PE,4.55,4.5,4.55,1350404,199278,30137,21.9
2026-09-21 14:41:29,23450.6,2026-09-22,23050.0,CE,405.05,405.45,406.65,10639,2765,395,
2026-09-21 14:41:29,23450.6,2026-09-22,23050.0,PE,5.25,5.25,5.3,681918,78011,33848,20.55
2026-09-21 14:41:29,23450.6,2026-09-22,23100.0,CE,356.0,355.75,356.65,76354,8867,-278,
2026-09-21 14:41:29,23450.6,2026-09-22,23100.0,PE,6.45,6.4,6.45,1383665,137754,38833,19.34
2026-09-21 14:41:29,23450.6,2026-09-22,23150.0,CE,307.85,308.0,308.9,73829,5385,6,
2026-09-21 14:41:29,23450.6,2026-09-22,23150.0,PE,8.0,8.0,8.05,1332297,102927,42875,18.2
2026-09-21 14:41:29,23450.6,2026-09-22,23200.0,CE,260.0,259.8,260.0,578797,36079,-4929,
2026-09-21 14:41:29,23450.6,2026-09-22,23200.0,PE,10.75,10.75,10.8,2395793,230940,83219,17.21
2026-09-21 14:41:29,23450.6,2026-09-22,23250.0,CE,214.3,214.25,214.5,692861,23518,-4355,9.86
2026-09-21 14:41:29,23450.6,2026-09-22,23250.0,PE,14.55,14.55,14.6,1913900,167025,67168,16.27
2026-09-21 14:41:29,23450.6,2026-09-22,23300.0,CE,170.15,170.15,170.6,2689086,80723,-33426,11.3
2026-09-21 14:41:29,23450.6,2026-09-22,23300.0,PE,20.85,20.85,20.95,4459804,380090,184912,15.58
2026-09-21 14:41:29,23450.6,2026-09-22,23350.0,CE,129.75,129.7,130.0,3786590,75166,-1074,11.62
2026-09-21 14:41:29,23450.6,2026-09-22,23350.0,PE,29.8,29.8,29.85,4788768,301314,222190,14.9
2026-09-21 14:41:29,23450.6,2026-09-22,23400.0,CE,93.9,93.75,93.9,8019938,230969,96073,11.68
2026-09-21 14:41:29,23450.6,2026-09-22,23400.0,PE,43.6,43.55,43.6,6775200,492789,419138,14.47
2026-09-21 14:41:29,23450.6,2026-09-22,23450.0,CE,63.5,63.55,63.6,5702262,215555,156172,11.78
2026-09-21 14:41:29,23450.6,2026-09-22,23450.0,PE,63.4,63.3,63.4,2809377,268576,257859,14.16
2026-09-21 14:41:29,23450.6,2026-09-22,23500.0,CE,40.85,40.85,40.95,5869932,327345,185404,11.77
2026-09-21 14:41:29,23450.6,2026-09-22,23500.0,PE,91.25,91.0,91.2,2169447,171820,134816,14.49
2026-09-21 14:41:29,23450.6,2026-09-22,23550.0,CE,24.7,24.6,24.7,2880222,142003,85767,11.88
2026-09-21 14:41:29,23450.6,2026-09-22,23550.0,PE,125.0,125.0,125.2,407668,31037,26998,14.89
2026-09-21 14:41:29,23450.6,2026-09-22,23600.0,CE,14.3,14.2,14.3,3141878,209938,88261,12.07
2026-09-21 14:41:29,23450.6,2026-09-22,23600.0,PE,164.5,164.2,164.5,343590,38419,27038,15.79
2026-09-21 14:41:29,23450.6,2026-09-22,23650.0,CE,8.05,8.05,8.1,1963288,108797,46617,12.41
2026-09-21 14:41:29,23450.6,2026-09-22,23650.0,PE,208.3,208.3,208.85,66599,8190,5166,17.09
2026-09-21 14:41:29,23450.6,2026-09-22,23700.0,CE,4.7,4.65,4.7,1961431,160614,14526,12.89
2026-09-21 14:41:29,23450.6,2026-09-22,23700.0,PE,255.4,255.0,255.6,61971,12399,4141,18.79
2026-09-21 14:41:29,23450.6,2026-09-22,23750.0,CE,3.05,3.0,3.05,1371323,91527,25316,13.7
2026-09-21 14:41:29,23450.6,2026-09-22,23750.0,PE,303.0,302.4,303.25,8912,1702,138,20.7
2026-09-21 14:41:29,23450.6,2026-09-22,23800.0,CE,2.4,2.35,2.4,1242799,149801,23426,14.95
2026-09-21 14:41:29,23450.6,2026-09-22,23800.0,PE,354.2,352.15,353.3,17333,6954,-104,22.55
2026-09-21 14:41:29,23450.6,2026-09-22,23850.0,CE,1.85,1.8,1.85,361980,60647,14852,16.0
2026-09-21 14:41:29,23450.6,2026-09-22,23850.0,PE,404.65,400.5,401.95,1154,1166,48,24.25
2026-09-21 14:41:29,23450.6,2026-09-22,23900.0,CE,1.6,1.55,1.6,555084,107933,18021,17.37
2026-09-21 14:41:29,23450.6,2026-09-22,23900.0,PE,452.75,451.3,452.6,7565,3756,-2965,26.16
2026-09-21 14:41:29,23450.6,2026-09-22,23950.0,CE,1.4,1.35,1.4,244938,28819,-7614,18.64
2026-09-21 14:41:29,23450.6,2026-09-22,23950.0,PE,504.65,499.85,502.45,614,1020,-134,28.73
2026-09-21 14:42:29,23447.95,2026-09-22,22950.0,CE,505.9,501.55,503.45,1770,1297,-49,
2026-09-21 14:42:29,23447.95,2026-09-22,22950.0,PE,3.9,3.9,3.95,485541,73241,16435,23.24
2026-09-21 14:42:29,23447.95,2026-09-22,23000.0,CE,452.2,452.05,453.6,44995,7852,-1714,
2026-09-21 14:42:29,23447.95,2026-09-22,23000.0,PE,4.6,4.55,4.6,1358017,199416,30275,21.9
2026-09-21 14:42:29,23447.95,2026-09-22,23050.0,CE,403.0,403.3,404.5,10646,2765,395,
2026-09-21 14:42:29,23447.95,2026-09-22,23050.0,PE,5.3,5.3,5.35,682894,77957,33794,20.55
2026-09-21 14:42:29,23447.95,2026-09-22,23100.0,CE,353.7,354.0,354.95,76404,8854,-291,
2026-09-21 14:42:29,23447.95,2026-09-22,23100.0,PE,6.45,6.45,6.5,1386669,139099,40178,19.34
2026-09-21 14:42:29,23447.95,2026-09-22,23150.0,CE,304.85,305.95,306.75,73920,5340,-39,
2026-09-21 14:42:29,23447.95,2026-09-22,23150.0,PE,8.1,8.1,8.15,1336011,102693,42641,18.2
2026-09-21 14:42:29,23447.95,2026-09-22,23200.0,CE,258.7,258.1,258.8,579447,36128,-4880,
2026-09-21 14:42:29,23447.95,2026-09-22,23200.0,PE,10.85,10.8,10.9,2404766,232234,84513,17.21
2026-09-21 14:42:29,23447.95,2026-09-22,23250.0,CE,212.05,212.15,212.7,693213,23518,-4355,9.86
2026-09-21 14:42:29,23447.95,2026-09-22,23250.0,PE,14.8,14.75,14.8,1918053,166112,66255,16.27
2026-09-21 14:42:29,23447.95,2026-09-22,23300.0,CE,168.75,168.7,169.15,2691694,80630,-33519,11.3
2026-09-21 14:42:29,23447.95,2026-09-22,23300.0,PE,21.1,21.1,21.2,4467624,381215,186037,15.58
2026-09-21 14:42:29,23447.95,2026-09-22,23350.0,CE,128.85,128.35,128.7,3790102,75233,-1007,11.62
2026-09-21 14:42:29,23447.95,2026-09-22,23350.0,PE,30.25,30.2,30.3,4794560,300998,221874,14.9
2026-09-21 14:42:29,23447.95,2026-09-22,23400.0,CE,92.4,92.35,92.6,8032459,231058,96162,11.68
2026-09-21 14:42:29,23447.95,2026-09-22,23400.0,PE,44.25,44.25,44.4,6788275,493621,419970,14.47
2026-09-21 14:42:29,23447.95,2026-09-22,23450.0,CE,62.65,62.55,62.65,5719153,216890,157507,11.78
2026-09-21 14:42:29,23447.95,2026-09-22,23450.0,PE,64.25,64.15,64.25,2821423,268685,257968,14.16
2026-09-21 14:42:29,23447.95,2026-09-22,23500.0,CE,40.15,40.0,40.15,5889379,327082,185141,11.77
2026-09-21 14:42:29,23447.95,2026-09-22,23500.0,PE,92.25,92.05,92.25,2175381,172360,135356,14.49
2026-09-21 14:42:29,23447.95,2026-09-22,23550.0,CE,24.05,24.05,24.1,2888106,143128,86892,11.88
2026-09-21 14:42:29,23447.95,2026-09-22,23550.0,PE,126.45,126.05,126.4,409116,31074,27035,14.89
2026-09-21 14:42:29,23447.95,2026-09-22,23600.0,CE,13.85,13.8,13.85,3149278,210092,88415,12.07
2026-09-21 14:42:29,23447.95,2026-09-22,23600.0,PE,166.1,166.05,166.5,344327,38476,27095,15.79
2026-09-21 14:42:29,23447.95,2026-09-22,23650.0,CE,7.9,7.85,7.9,1967758,108903,46723,12.41
2026-09-21 14:42:29,23447.95,2026-09-22,23650.0,PE,210.1,210.0,210.45,66913,8240,5216,17.09
2026-09-21 14:42:29,23447.95,2026-09-22,23700.0,CE,4.55,4.55,4.6,1964180,160308,14220,12.89
2026-09-21 14:42:29,23447.95,2026-09-22,23700.0,PE,257.0,256.55,257.25,62110,12457,4199,18.79
2026-09-21 14:42:29,23447.95,2026-09-22,23750.0,CE,3.0,2.95,3.0,1372421,91059,24848,13.7
2026-09-21 14:42:29,23447.95,2026-09-22,23750.0,PE,304.85,304.45,305.4,8934,1705,141,20.7
2026-09-21 14:42:29,23447.95,2026-09-22,23800.0,CE,2.35,2.35,2.4,1243941,150340,23965,14.95
2026-09-21 14:42:29,23447.95,2026-09-22,23800.0,PE,355.25,354.05,355.1,17411,6939,-119,22.55
2026-09-21 14:42:29,23447.95,2026-09-22,23850.0,CE,1.8,1.8,1.85,362569,60665,14870,16.0
2026-09-21 14:42:29,23447.95,2026-09-22,23850.0,PE,404.65,402.6,404.0,1154,1166,48,24.25
2026-09-21 14:42:29,23447.95,2026-09-22,23900.0,CE,1.6,1.55,1.6,556719,108596,18684,17.37
2026-09-21 14:42:29,23447.95,2026-09-22,23900.0,PE,454.15,453.1,454.4,7571,3756,-2965,26.16
2026-09-21 14:42:29,23447.95,2026-09-22,23950.0,CE,1.4,1.35,1.4,245101,29106,-7327,18.64
2026-09-21 14:42:29,23447.95,2026-09-22,23950.0,PE,504.65,501.85,503.95,614,1020,-134,28.73
2026-09-21 14:43:29,23451.05,2026-09-22,22950.0,CE,505.9,499.8,501.7,1770,1297,-49,
2026-09-21 14:43:29,23451.05,2026-09-22,22950.0,PE,3.9,3.9,3.95,486181,73244,16438,23.24
2026-09-21 14:43:29,23451.05,2026-09-22,23000.0,CE,451.4,450.15,451.75,44998,7802,-1764,
2026-09-21 14:43:29,23451.05,2026-09-22,23000.0,PE,4.6,4.6,4.65,1359811,200045,30904,21.9
2026-09-21 14:43:29,23451.05,2026-09-22,23050.0,CE,402.0,401.45,402.6,10648,2761,391,
2026-09-21 14:43:29,23451.05,2026-09-22,23050.0,PE,5.35,5.3,5.35,683105,77966,33803,20.55
2026-09-21 14:43:29,23451.05,2026-09-22,23100.0,CE,353.0,353.0,353.5,76418,8854,-291,
2026-09-21 14:43:29,23451.05,2026-09-22,23100.0,PE,6.55,6.5,6.55,1386889,139099,40178,19.34
2026-09-21 14:43:29,23451.05,2026-09-22,23150.0,CE,305.0,304.4,305.05,73944,5319,-60,
2026-09-21 14:43:29,23451.05,2026-09-22,23150.0,PE,8.2,8.15,8.2,1336546,102693,42641,18.2
2026-09-21 14:43:29,23451.05,2026-09-22,23200.0,CE,256.4,256.35,256.95,579531,36128,-4880,
2026-09-21 14:43:29,23451.05,2026-09-22,23200.0,PE,10.95,10.9,10.95,2406702,232234,84513,17.21
2026-09-21 14:43:29,23451.05,2026-09-22,23250.0,CE,211.2,210.75,211.25,693329,23498,-4375,9.86
2026-09-21 14:43:29,23451.05,2026-09-22,23250.0,PE,14.9,14.9,14.95,1918960,166112,66255,16.27
2026-09-21 14:43:29,23451.05,2026-09-22,23300.0,CE,167.4,167.1,167.5,2692394,81070,-33079,11.3
2026-09-21 14:43:29,23451.05,2026-09-22,23300.0,PE,21.4,21.4,21.45,4469583,380879,185701,15.58
2026-09-21 14:43:29,23451.05,2026-09-22,23350.0,CE,127.4,127.05,127.4,3791057,75654,-586,11.62
2026-09-21 14:43:29,23451.05,2026-09-22,23350.0,PE,30.7,30.65,30.7,4796997,300806,221682,14.9
2026-09-21 14:43:29,23451.05,2026-09-22,23400.0,CE,91.2,91.2,91.4,8036073,231431,96535,11.68
2026-09-21 14:43:29,23451.05,2026-09-22,23400.0,PE,45.0,44.9,45.0,6793455,493098,419447,14.47
2026-09-21 14:43:29,23451.05,2026-09-22,23450.0,CE,61.7,61.65,61.7,5724114,216890,157507,11.78
2026-09-21 14:43:29,23451.05,2026-09-22,23450.0,PE,65.1,64.95,65.15,2825082,268685,257968,14.16
2026-09-21 14:43:29,23451.05,2026-09-22,23500.0,CE,39.4,39.3,39.4,5894991,327082,185141,11.77
2026-09-21 14:43:29,23451.05,2026-09-22,23500.0,PE,93.3,93.0,93.2,2177942,172360,135356,14.49
2026-09-21 14:43:29,23451.05,2026-09-22,23550.0,CE,23.6,23.5,23.6,2891248,143128,86892,11.88
2026-09-21 14:43:29,23451.05,2026-09-22,23550.0,PE,127.35,127.35,127.7,409632,31074,27035,14.89
2026-09-21 14:43:29,23451.05,2026-09-22,23600.0,CE,13.45,13.45,13.5,3152736,210092,88415,12.07
2026-09-21 14:43:29,23451.05,2026-09-22,23600.0,PE,167.75,167.4,167.85,344537,38476,27095,15.79
2026-09-21 14:43:29,23451.05,2026-09-22,23650.0,CE,7.7,7.65,7.7,1969429,108897,46717,12.41
2026-09-21 14:43:29,23451.05,2026-09-22,23650.0,PE,211.15,211.55,212.0,66955,8221,5197,17.09
2026-09-21 14:43:29,23451.05,2026-09-22,23700.0,CE,4.5,4.45,4.5,1965664,161039,14951,12.89
2026-09-21 14:43:29,23451.05,2026-09-22,23700.0,PE,257.95,258.1,258.9,62181,12422,4164,18.79
2026-09-21 14:43:29,23451.05,2026-09-22,23750.0,CE,2.9,2.9,2.95,1372650,91044,24833,13.7
2026-09-21 14:43:29,23451.05,2026-09-22,23750.0,PE,307.0,306.25,307.0,8940,1700,136,20.7
2026-09-21 14:43:29,23451.05,2026-09-22,23800.0,CE,2.3,2.3,2.35,1245431,150340,23965,14.95
2026-09-21 14:43:29,23451.05,2026-09-22,23800.0,PE,356.15,355.65,356.7,17428,6939,-119,22.55
2026-09-21 14:43:29,23451.05,2026-09-22,23850.0,CE,1.85,1.8,1.85,362699,60665,14870,16.0
2026-09-21 14:43:29,23451.05,2026-09-22,23850.0,PE,405.7,404.3,406.45,1157,1165,47,24.25
2026-09-21 14:43:29,23451.05,2026-09-22,23900.0,CE,1.6,1.55,1.6,557071,108596,18684,17.37
2026-09-21 14:43:29,23451.05,2026-09-22,23900.0,PE,456.2,454.9,456.2,7573,3759,-2962,26.16
2026-09-21 14:43:29,23451.05,2026-09-22,23950.0,CE,1.35,1.35,1.4,245115,29121,-7312,18.64
2026-09-21 14:43:29,23451.05,2026-09-22,23950.0,PE,504.65,503.95,505.7,614,1020,-134,28.73
2026-09-21 14:44:29,23450.5,2026-09-22,22950.0,CE,505.9,499.8,501.8,1770,1297,-49,
2026-09-21 14:44:29,23450.5,2026-09-22,22950.0,PE,3.95,3.95,4.0,486440,73362,16556,23.24
2026-09-21 14:44:29,23450.5,2026-09-22,23000.0,CE,451.4,450.15,452.15,44998,7802,-1764,
2026-09-21 14:44:29,23450.5,2026-09-22,23000.0,PE,4.6,4.6,4.65,1360632,199106,29965,21.9
2026-09-21 14:44:29,23450.5,2026-09-22,23050.0,CE,402.0,401.4,402.65,10648,2761,391,
2026-09-21 14:44:29,23450.5,2026-09-22,23050.0,PE,5.3,5.3,5.35,683385,78033,33870,20.55
2026-09-21 14:44:29,23450.5,2026-09-22,23100.0,CE,353.3,352.25,353.25,76421,8847,-298,
2026-09-21 14:44:29,23450.5,2026-09-22,23100.0,PE,6.5,6.5,6.55,1387053,140074,41153,19.34
2026-09-21 14:44:29,23450.5,2026-09-22,23150.0,CE,304.5,304.35,305.0,73952,5313,-66,
2026-09-21 14:44:29,23450.5,2026-09-22,23150.0,PE,8.15,8.15,8.2,1336983,103667,43615,18.2
2026-09-21 14:44:29,23450.5,2026-09-22,23200.0,CE,257.15,256.35,257.0,579618,36002,-5006,
2026-09-21 14:44:29,23450.5,2026-09-22,23200.0,PE,11.0,10.9,11.0,2406962,232995,85274,17.21
2026-09-21 14:44:29,23450.5,2026-09-22,23250.0,CE,210.65,210.65,211.15,693359,23468,-4405,9.86
2026-09-21 14:44:29,23450.5,2026-09-22,23250.0,PE,14.95,14.9,14.95,1919210,166339,66482,16.27
2026-09-21 14:44:29,23450.5,2026-09-22,23300.0,CE,167.15,167.15,167.55,2692734,81109,-33040,11.3
2026-09-21 14:44:29,23450.5,2026-09-22,23300.0,PE,21.4,21.35,21.45,4470514,380671,185493,15.58
2026-09-21 14:44:29,23450.5,2026-09-22,23350.0,CE,127.3,127.1,127.35,3791385,76223,-17,11.62
2026-09-21 14:44:29,23450.5,2026-09-22,23350.0,PE,30.7,30.65,30.7,4797509,298215,219091,14.9
2026-09-21 14:44:29,23450.5,2026-09-22,23400.0,CE,91.15,91.15,91.4,8037536,231806,96910,11.68
2026-09-21 14:44:29,23450.5,2026-09-22,23400.0,PE,44.85,44.8,44.95,6794951,493215,419564,14.47
2026-09-21 14:44:29,23450.5,2026-09-22,23450.0,CE,61.65,61.5,61.65,5725720,218685,159302,11.78
2026-09-21 14:44:29,23450.5,2026-09-22,23450.0,PE,64.9,64.9,65.1,2826340,269659,258942,14.16
2026-09-21 14:44:29,23450.5,2026-09-22,23500.0,CE,39.35,39.2,39.35,5896414,327027,185086,11.77
2026-09-21 14:44:29,23450.5,2026-09-22,23500.0,PE,93.25,93.05,93.25,2178711,173429,136425,14.49
2026-09-21 14:44:29,23450.5,2026-09-22,23550.0,CE,23.5,23.5,23.6,2891946,143843,87607,11.88
2026-09-21 14:44:29,23450.5,2026-09-22,23550.0,PE,127.65,127.25,127.6,409709,31567,27528,14.89
2026-09-21 14:44:29,23450.5,2026-09-22,23600.0,CE,13.5,13.45,13.5,3153241,209198,87521,12.07
2026-09-21 14:44:29,23450.5,2026-09-22,23600.0,PE,167.45,167.45,167.85,344702,38551,27170,15.79
2026-09-21 14:44:29,23450.5,2026-09-22,23650.0,CE,7.65,7.65,7.7,1969771,108509,46329,12.41
2026-09-21 14:44:29,23450.5,2026-09-22,23650.0,PE,212.0,211.45,212.0,67070,8242,5218,17.09
2026-09-21 14:44:29,23450.5,2026-09-22,23700.0,CE,4.5,4.45,4.5,1966660,161372,15284,12.89
2026-09-21 14:44:29,23450.5,2026-09-22,23700.0,PE,258.2,258.25,258.95,62202,12446,4188,18.79
2026-09-21 14:44:29,23450.5,2026-09-22,23750.0,CE,2.9,2.9,2.95,1372885,91164,24953,13.7
2026-09-21 14:44:29,23450.5,2026-09-22,23750.0,PE,307.0,306.2,307.2,8941,1695,131,20.7
2026-09-21 14:44:29,23450.5,2026-09-22,23800.0,CE,2.3,2.3,2.35,1245495,149769,23394,14.95
2026-09-21 14:44:29,23450.5,2026-09-22,23800.0,PE,355.55,355.65,356.75,17430,6954,-104,22.55
2026-09-21 14:44:29,23450.5,2026-09-22,23850.0,CE,1.8,1.8,1.85,362702,60626,14831,16.0
2026-09-21 14:44:29,23450.5,2026-09-22,23850.0,PE,405.7,404.2,406.0,1157,1168,50,24.25
2026-09-21 14:44:29,23450.5,2026-09-22,23900.0,CE,1.55,1.55,1.6,557098,108757,18845,17.37
2026-09-21 14:44:29,23450.5,2026-09-22,23900.0,PE,454.9,454.95,456.15,7574,3757,-2964,26.16
2026-09-21 14:44:29,23450.5,2026-09-22,23950.0,CE,1.4,1.35,1.4,245131,29034,-7399,18.64
2026-09-21 14:44:29,23450.5,2026-09-22,23950.0,PE,504.65,503.85,505.65,614,1020,-134,28.73
2026-09-21 14:45:30,23452.05,2026-09-22,22950.0,CE,503.55,501.7,503.55,1774,1297,-49,
2026-09-21 14:45:30,23452.05,2026-09-22,22950.0,PE,3.9,3.9,3.95,487478,73532,16726,23.24
2026-09-21 14:45:30,23452.05,2026-09-22,23000.0,CE,454.5,453.0,454.0,45085,7795,-1771,
2026-09-21 14:45:30,23452.05,2026-09-22,23000.0,PE,4.55,4.55,4.6,1363621,198444,29303,21.9
2026-09-21 14:45:30,23452.05,2026-09-22,23050.0,CE,405.0,403.45,404.65,10679,2758,388,
2026-09-21 14:45:30,23452.05,2026-09-22,23050.0,PE,5.3,5.3,5.35,685262,78006,33843,20.55
2026-09-21 14:45:30,23452.05,2026-09-22,23100.0,CE,355.0,354.4,355.25,76519,8878,-267,
2026-09-21 14:45:30,23452.05,2026-09-22,23100.0,PE,6.5,6.45,6.5,1392581,140074,41153,19.34
2026-09-21 14:45:30,23452.05,2026-09-22,23150.0,CE,308.0,306.4,307.15,74026,5282,-97,
2026-09-21 14:45:30,23452.05,2026-09-22,23150.0,PE,8.15,8.1,8.15,1339721,103667,43615,18.2
2026-09-21 14:45:30,23452.05,2026-09-22,23200.0,CE,258.85,258.2,258.85,580240,36002,-5006,
2026-09-21 14:45:30,23452.05,2026-09-22,23200.0,PE,10.85,10.8,10.85,2414578,232995,85274,17.21
2026-09-21 14:45:30,23452.05,2026-09-22,23250.0,CE,212.5,212.55,213.05,693882,23468,-4405,9.86
2026-09-21 14:45:30,23452.05,2026-09-22,23250.0,PE,14.75,14.75,14.85,1922945,166339,66482,16.27
2026-09-21 14:45:30,23452.05,2026-09-22,23300.0,CE,169.35,169.1,169.55,2695343,81254,-32895,11.3
2026-09-21 14:45:30,23452.05,2026-09-22,23300.0,PE,21.2,21.15,21.25,4479548,380880,185702,15.58
2026-09-21 14:45:30,23452.05,2026-09-22,23350.0,CE,128.7,128.7,129.05,3795378,76086,-154,11.62
2026-09-21 14:45:30,23452.05,2026-09-22,23350.0,PE,30.4,30.35,30.4,4803679,297330,218206,14.9
2026-09-21 14:45:30,23452.05,2026-09-22,23400.0,CE,92.95,92.7,92.95,8053484,231070,96174,11.68
2026-09-21 14:45:30,23452.05,2026-09-22,23400.0,PE,44.3,44.3,44.45,6812032,491224,417573,14.47
2026-09-21 14:45:30,23452.05,2026-09-22,23450.0,CE,62.8,62.8,63.0,5744063,218685,159302,11.78
2026-09-21 14:45:30,23452.05,2026-09-22,23450.0,PE,64.2,64.2,64.35,2839128,269659,258942,14.16
2026-09-21 14:45:30,23452.05,2026-09-22,23500.0,CE,40.35,40.25,40.35,5916945,327027,185086,11.77
2026-09-21 14:45:30,23452.05,2026-09-22,23500.0,PE,92.05,92.0,92.2,2185468,173429,136425,14.49
2026-09-21 14:45:30,23452.05,2026-09-22,23550.0,CE,24.2,24.2,24.3,2903149,143843,87607,11.88
2026-09-21 14:45:30,23452.05,2026-09-22,23550.0,PE,126.05,126.1,126.45,411611,31567,27528,14.89
2026-09-21 14:45:30,23452.05,2026-09-22,23600.0,CE,13.9,13.9,13.95,3164624,209198,87521,12.07
2026-09-21 14:45:30,23452.05,2026-09-22,23600.0,PE,166.0,166.0,166.4,345788,38551,27170,15.79
2026-09-21 14:45:30,23452.05,2026-09-22,23650.0,CE,7.95,7.95,8.0,1975055,107929,45749,12.41
2026-09-21 14:45:30,23452.05,2026-09-22,23650.0,PE,210.25,209.9,210.25,67357,8221,5197,17.09
2026-09-21 14:45:30,23452.05,2026-09-22,23700.0,CE,4.7,4.65,4.7,1970002,161088,15000,12.89
2026-09-21 14:45:30,23452.05,2026-09-22,23700.0,PE,255.5,256.4,257.15,62325,12460,4202,18.79
2026-09-21 14:45:30,23452.05,2026-09-22,23750.0,CE,3.05,3.05,3.1,1376802,90775,24564,13.7
2026-09-21 14:45:30,23452.05,2026-09-22,23750.0,PE,302.6,304.15,305.15,8985,1681,117,20.7
2026-09-21 14:45:30,23452.05,2026-09-22,23800.0,CE,2.4,2.4,2.45,1248566,149769,23394,14.95
2026-09-21 14:45:30,23452.05,2026-09-22,23800.0,PE,353.0,353.95,355.0,17466,6973,-85,22.55
2026-09-21 14:45:30,23452.05,2026-09-22,23850.0,CE,1.9,1.85,1.9,363479,60626,14831,16.0
2026-09-21 14:45:30,23452.05,2026-09-22,23850.0,PE,401.2,402.35,404.0,1160,1168,50,24.25
2026-09-21 14:45:30,23452.05,2026-09-22,23900.0,CE,1.65,1.65,1.7,560373,108757,18845,17.37
2026-09-21 14:45:30,23452.05,2026-09-22,23900.0,PE,452.75,452.9,454.3,7583,3757,-2964,26.16
2026-09-21 14:45:30,23452.05,2026-09-22,23950.0,CE,1.45,1.4,1.45,246446,29034,-7399,18.64
2026-09-21 14:45:30,23452.05,2026-09-22,23950.0,PE,500.8,502.05,503.8,618,1020,-134,28.73
2026-09-21 14:46:30,23450.05,2026-09-22,22950.0,CE,503.55,502.3,504.35,1774,1297,-49,
2026-09-21 14:46:30,23450.05,2026-09-22,22950.0,PE,3.95,3.9,3.95,488542,73292,16486,23.24
2026-09-21 14:46:30,23450.05,2026-09-22,23000.0,CE,454.5,452.6,453.95,45085,7767,-1799,
2026-09-21 14:46:30,23450.05,2026-09-22,23000.0,PE,4.5,4.5,4.55,1364703,197645,28504,21.9
2026-09-21 14:46:30,23450.05,2026-09-22,23050.0,CE,405.0,403.8,405.0,10679,2769,399,
2026-09-21 14:46:30,23450.05,2026-09-22,23050.0,PE,5.3,5.25,5.3,686062,78045,33882,20.55
2026-09-21 14:46:30,23450.05,2026-09-22,23100.0,CE,354.45,354.65,355.6,76537,8869,-276,
2026-09-21 14:46:30,23450.05,2026-09-22,23100.0,PE,6.45,6.4,6.45,1393453,140015,41094,19.34
2026-09-21 14:46:30,23450.05,2026-09-22,23150.0,CE,306.45,307.3,307.95,74045,5282,-97,
2026-09-21 14:46:30,23450.05,2026-09-22,23150.0,PE,8.05,8.05,8.1,1340837,103665,43613,18.2
2026-09-21 14:46:30,23450.05,2026-09-22,23200.0,CE,259.0,259.05,259.6,580447,36023,-4985,
2026-09-21 14:46:30,23450.05,2026-09-22,23200.0,PE,10.75,10.75,10.8,2416617,231927,84206,17.21
2026-09-21 14:46:30,23450.05,2026-09-22,23250.0,CE,213.3,213.35,213.7,694145,23522,-4351,9.86
2026-09-21 14:46:30,23450.05,2026-09-22,23250.0,PE,14.75,14.7,14.75,1924235,166247,66390,16.27
2026-09-21 14:46:30,23450.05,2026-09-22,23300.0,CE,169.75,169.7,170.0,2696425,81347,-32802,11.3
2026-09-21 14:46:30,23450.05,2026-09-22,23300.0,PE,21.15,21.05,21.15,4484291,378449,183271,15.58
2026-09-21 14:46:30,23450.05,2026-09-22,23350.0,CE,129.5,129.5,129.6,3796506,75948,-292,11.62
2026-09-21 14:46:30,23450.05,2026-09-22,23350.0,PE,30.2,30.15,30.2,4805847,296276,217152,14.9
2026-09-21 14:46:30,23450.05,2026-09-22,23400.0,CE,93.3,93.3,93.45,8057743,229655,94759,11.68
2026-09-21 14:46:30,23450.05,2026-09-22,23400.0,PE,44.1,44.1,44.2,6818272,489353,415702,14.47
2026-09-21 14:46:30,23450.05,2026-09-22,23450.0,CE,63.45,63.35,63.45,5749955,218672,159289,11.78
2026-09-21 14:46:30,23450.05,2026-09-22,23450.0,PE,64.0,63.85,64.0,2844557,268773,258056,14.16
2026-09-21 14:46:30,23450.05,2026-09-22,23500.0,CE,40.6,40.6,40.7,5925425,328489,186548,11.77
2026-09-21 14:46:30,23450.05,2026-09-22,23500.0,PE,91.75,91.6,91.75,2187996,171751,134747,14.49
2026-09-21 14:46:30,23450.05,2026-09-22,23550.0,CE,24.45,24.45,24.5,2906915,143741,87505,11.88
2026-09-21 14:46:30,23450.05,2026-09-22,23550.0,PE,125.7,125.45,125.75,412313,31062,27023,14.89
2026-09-21 14:46:30,23450.05,2026-09-22,23600.0,CE,14.1,14.05,14.1,3168687,210326,88649,12.07
2026-09-21 14:46:30,23450.05,2026-09-22,23600.0,PE,165.45,165.35,165.65,346136,38661,27280,15.79
2026-09-21 14:46:30,23450.05,2026-09-22,23650.0,CE,8.0,8.0,8.05,1977169,108595,46415,12.41
2026-09-21 14:46:30,23450.05,2026-09-22,23650.0,PE,210.35,209.0,209.5,67456,8181,5157,17.09
2026-09-21 14:46:30,23450.05,2026-09-22,23700.0,CE,4.7,4.65,4.7,1972073,161500,15412,12.89
2026-09-21 14:46:30,23450.05,2026-09-22,23700.0,PE,256.3,256.0,256.4,62382,12467,4209,18.79
2026-09-21 14:46:30,23450.05,2026-09-22,23750.0,CE,3.05,3.0,3.05,1378362,91024,24813,13.7
2026-09-21 14:46:30,23450.05,2026-09-22,23750.0,PE,305.45,303.85,304.8,9013,1660,96,20.7
2026-09-21 14:46:30,23450.05,2026-09-22,23800.0,CE,2.4,2.4,2.45,1249083,149587,23212,14.95
2026-09-21 14:46:30,23450.05,2026-09-22,23800.0,PE,353.75,353.4,354.55,17507,6973,-85,22.55
2026-09-21 14:46:30,23450.05,2026-09-22,23850.0,CE,1.85,1.85,1.9,363722,60806,15011,16.0
2026-09-21 14:46:30,23450.05,2026-09-22,23850.0,PE,404.65,402.15,403.75,1161,1171,53,24.25
2026-09-21 14:46:30,23450.05,2026-09-22,23900.0,CE,1.65,1.6,1.65,562055,108248,18336,17.37
2026-09-21 14:46:30,23450.05,2026-09-22,23900.0,PE,453.9,452.15,453.4,7584,3757,-2964,26.16
2026-09-21 14:46:30,23450.05,2026-09-22,23950.0,CE,1.4,1.4,1.45,246710,28864,-7569,18.64
2026-09-21 14:46:30,23450.05,2026-09-22,23950.0,PE,500.8,501.1,503.0,618,1020,-134,28.73
2026-09-21 14:47:30,23450.65,2026-09-22,22950.0,CE,502.9,501.5,503.55,1775,1297,-49,
2026-09-21 14:47:30,23450.65,2026-09-22,22950.0,PE,3.95,3.9,3.95,490596,72841,16035,23.24
2026-09-21 14:47:30,23450.65,2026-09-22,23000.0,CE,453.55,452.15,453.65,45181,7738,-1828,
2026-09-21 14:47:30,23450.65,2026-09-22,23000.0,PE,4.6,4.55,4.6,1375939,197027,27886,21.9
2026-09-21 14:47:30,23450.65,2026-09-22,23050.0,CE,404.2,403.05,404.2,10728,2769,399,
2026-09-21 14:47:30,23450.65,2026-09-22,23050.0,PE,5.3,5.3,5.35,690696,78137,33974,20.55
2026-09-21 14:47:30,23450.65,2026-09-22,23100.0,CE,354.95,354.25,355.1,76691,8832,-313,
2026-09-21 14:47:30,23450.65,2026-09-22,23100.0,PE,6.45,6.45,6.5,1397454,140343,41422,19.34
2026-09-21 14:47:30,23450.65,2026-09-22,23150.0,CE,306.0,306.3,307.1,74099,5255,-124,
2026-09-21 14:47:30,23450.65,2026-09-22,23150.0,PE,8.15,8.15,8.2,1347428,104123,44071,18.2
2026-09-21 14:47:30,23450.65,2026-09-22,23200.0,CE,258.9,258.2,258.9,581075,35982,-5026,
2026-09-21 14:47:30,23450.65,2026-09-22,23200.0,PE,11.0,10.95,11.0,2424470,231210,83489,17.21
2026-09-21 14:47:30,23450.65,2026-09-22,23250.0,CE,213.0,212.55,213.2,694624,23447,-4426,9.86
2026-09-21 14:47:30,23450.65,2026-09-22,23250.0,PE,14.9,14.95,15.0,1928990,166309,66452,16.27
2026-09-21 14:47:30,23450.65,2026-09-22,23300.0,CE,169.0,169.05,169.45,2699087,81406,-32743,11.3
2026-09-21 14:47:30,23450.65,2026-09-22,23300.0,PE,21.45,21.4,21.45,4493292,378174,182996,15.58
2026-09-21 14:47:30,23450.65,2026-09-22,23350.0,CE,128.95,129.1,129.25,3800068,75682,-558,11.62
2026-09-21 14:47:30,23450.65,2026-09-22,23350.0,PE,30.55,30.5,30.6,4811502,295409,216285,14.9
2026-09-21 14:47:30,23450.65,2026-09-22,23400.0,CE,92.95,92.75,93.0,8072839,228226,93330,11.68
2026-09-21 14:47:30,23450.65,2026-09-22,23400.0,PE,44.55,44.55,44.7,6833280,488010,414359,14.47
2026-09-21 14:47:30,23450.65,2026-09-22,23450.0,CE,62.8,62.9,63.05,5770967,218075,158692,11.78
2026-09-21 14:47:30,23450.65,2026-09-22,23450.0,PE,64.45,64.45,64.5,2856614,268836,258119,14.16
2026-09-21 14:47:30,23450.65,2026-09-22,23500.0,CE,40.35,40.3,40.35,5944477,327701,185760,11.77
2026-09-21 14:47:30,23450.65,2026-09-22,23500.0,PE,92.4,92.05,92.25,2194470,171573,134569,14.49
2026-09-21 14:47:30,23450.65,2026-09-22,23550.0,CE,24.0,24.0,24.1,2915673,143595,87359,11.88
2026-09-21 14:47:30,23450.65,2026-09-22,23550.0,PE,126.1,125.85,126.05,413408,31416,27377,14.89
2026-09-21 14:47:30,23450.65,2026-09-22,23600.0,CE,13.7,13.65,13.7,3180439,210042,88365,12.07
2026-09-21 14:47:30,23450.65,2026-09-22,23600.0,PE,166.4,166.0,166.25,347069,38625,27244,15.79
2026-09-21 14:47:30,23450.65,2026-09-22,23650.0,CE,7.7,7.65,7.7,1982969,108865,46685,12.41
2026-09-21 14:47:30,23450.65,2026-09-22,23650.0,PE,210.35,209.6,210.2,67750,8091,5067,17.09
2026-09-21 14:47:30,23450.65,2026-09-22,23700.0,CE,4.4,4.4,4.45,1983726,161578,15490,12.89
2026-09-21 14:47:30,23450.65,2026-09-22,23700.0,PE,257.0,256.25,257.0,62621,12438,4180,18.79
2026-09-21 14:47:30,23450.65,2026-09-22,23750.0,CE,2.85,2.8,2.85,1390066,90973,24762,13.7
2026-09-21 14:47:30,23450.65,2026-09-22,23750.0,PE,304.25,304.25,305.05,9039,1662,98,20.7
2026-09-21 14:47:30,23450.65,2026-09-22,23800.0,CE,2.15,2.15,2.2,1287656,145107,18732,14.95
2026-09-21 14:47:30,23450.65,2026-09-22,23800.0,PE,354.05,353.8,354.75,17567,6987,-71,22.55
2026-09-21 14:47:30,23450.65,2026-09-22,23850.0,CE,1.8,1.75,1.8,368176,60967,15172,16.0
2026-09-21 14:47:30,23450.65,2026-09-22,23850.0,PE,402.0,402.35,403.95,1173,1169,51,24.25
2026-09-21 14:47:30,23450.65,2026-09-22,23900.0,CE,1.55,1.55,1.6,566973,108858,18946,17.37
2026-09-21 14:47:30,23450.65,2026-09-22,23900.0,PE,453.3,453.0,454.25,7590,3755,-2966,26.16
2026-09-21 14:47:30,23450.65,2026-09-22,23950.0,CE,1.35,1.3,1.35,248231,29151,-7282,18.64
2026-09-21 14:47:30,23450.65,2026-09-22,23950.0,PE,502.4,501.7,503.8,620,1020,-134,28.73
2026-09-21 14:48:30,23450.2,2026-09-22,22950.0,CE,502.9,500.9,502.6,1775,1299,-47,
2026-09-21 14:48:30,23450.2,2026-09-22,22950.0,PE,3.95,3.9,3.95,491043,72823,16017,23.24
2026-09-21 14:48:30,23450.2,2026-09-22,23000.0,CE,451.7,451.1,452.15,45259,7717,-1849,
2026-09-21 14:48:30,23450.2,2026-09-22,23000.0,PE,4.55,4.5,4.6,1377223,198465,29324,21.9
2026-09-21 14:48:30,23450.2,2026-09-22,23050.0,CE,400.7,402.5,403.65,10754,2734,364,
2026-09-21 14:48:30,23450.2,2026-09-22,23050.0,PE,5.3,5.25,5.3,692222,78770,34607,20.55
2026-09-21 14:48:30,23450.2,2026-09-22,23100.0,CE,354.4,353.2,354.35,76833,8822,-323,
2026-09-21 14:48:30,23450.2,2026-09-22,23100.0,PE,6.45,6.45,6.5,1398529,140512,41591,19.34
2026-09-21 14:48:30,23450.2,2026-09-22,23150.0,CE,306.4,305.55,306.2,74213,5239,-140,
2026-09-21 14:48:30,23450.2,2026-09-22,23150.0,PE,8.25,8.2,8.25,1350918,103693,43641,18.2
2026-09-21 14:48:30,23450.2,2026-09-22,23200.0,CE,257.4,257.3,257.95,581707,35979,-5029,
2026-09-21 14:48:30,23450.2,2026-09-22,23200.0,PE,10.95,10.95,11.0,2430027,231212,83491,17.21
2026-09-21 14:48:30,23450.2,2026-09-22,23250.0,CE,212.15,211.75,212.25,695487,23419,-4454,9.86
2026-09-21 14:48:30,23450.2,2026-09-22,23250.0,PE,15.15,15.1,15.15,1933283,166297,66440,16.27
2026-09-21 14:48:30,23450.2,2026-09-22,23300.0,CE,168.9,168.7,168.9,2701804,81353,-32796,11.3
2026-09-21 14:48:30,23450.2,2026-09-22,23300.0,PE,21.7,21.6,21.7,4500056,378122,182944,15.58
2026-09-21 14:48:30,23450.2,2026-09-22,23350.0,CE,128.8,128.55,128.8,3804219,75780,-460,11.62
2026-09-21 14:48:30,23450.2,2026-09-22,23350.0,PE,30.85,30.8,30.85,4818012,295195,216071,14.9
2026-09-21 14:48:30,23450.2,2026-09-22,23400.0,CE,92.3,92.2,92.4,8087359,227902,93006,11.68
2026-09-21 14:48:30,23450.2,2026-09-22,23400.0,PE,45.1,45.0,45.15,6849073,487387,413736,14.47
2026-09-21 14:48:30,23450.2,2026-09-22,23450.0,CE,62.45,62.45,62.65,5790238,218125,158742,11.78
2026-09-21 14:48:30,23450.2,2026-09-22,23450.0,PE,64.9,64.9,65.05,2868743,268651,257934,14.16
2026-09-21 14:48:30,23450.2,2026-09-22,23500.0,CE,40.0,39.85,40.0,5965592,327714,185773,11.77
2026-09-21 14:48:30,23450.2,2026-09-22,23500.0,PE,92.8,92.7,92.85,2202587,171438,134434,14.49
2026-09-21 14:48:30,23450.2,2026-09-22,23550.0,CE,23.85,23.8,23.85,2928652,143636,87400,11.88
2026-09-21 14:48:30,23450.2,2026-09-22,23550.0,PE,126.65,126.65,126.9,414750,31491,27452,14.89
2026-09-21 14:48:30,23450.2,2026-09-22,23600.0,CE,13.6,13.55,13.6,3193393,210242,88565,12.07
2026-09-21 14:48:30,23450.2,2026-09-22,23600.0,PE,166.6,166.55,166.95,348473,38680,27299,15.79
2026-09-21 14:48:30,23450.2,2026-09-22,23650.0,CE,7.6,7.6,7.65,1989732,108937,46757,12.41
2026-09-21 14:48:30,23450.2,2026-09-22,23650.0,PE,210.6,210.15,210.8,67963,8136,5112,17.09
2026-09-21 14:48:30,23450.2,2026-09-22,23700.0,CE,4.4,4.35,4.4,1989706,161128,15040,12.89
2026-09-21 14:48:30,23450.2,2026-09-22,23700.0,PE,257.65,256.9,257.65,62783,12420,4162,18.79
2026-09-21 14:48:30,23450.2,2026-09-22,23750.0,CE,2.75,2.75,2.8,1396361,90889,24678,13.7
2026-09-21 14:48:30,23450.2,2026-09-22,23750.0,PE,305.05,304.95,305.95,9066,1683,119,20.7
2026-09-21 14:48:30,23450.2,2026-09-22,23800.0,CE,2.15,2.15,2.2,1291984,142788,16413,14.95
2026-09-21 14:48:30,23450.2,2026-09-22,23800.0,PE,355.45,354.2,355.3,17610,6981,-77,22.55
2026-09-21 14:48:30,23450.2,2026-09-22,23850.0,CE,1.75,1.7,1.75,368716,61771,15976,16.0
2026-09-21 14:48:30,23450.2,2026-09-22,23850.0,PE,403.7,403.1,404.75,1189,1169,51,24.25
2026-09-21 14:48:30,23450.2,2026-09-22,23900.0,CE,1.5,1.5,1.55,567979,108788,18876,17.37
2026-09-21 14:48:30,23450.2,2026-09-22,23900.0,PE,454.85,453.6,455.05,7607,3745,-2976,26.16
2026-09-21 14:48:30,23450.2,2026-09-22,23950.0,CE,1.35,1.3,1.35,248372,28823,-7610,18.64
2026-09-21 14:48:30,23450.2,2026-09-22,23950.0,PE,502.3,502.4,504.95,621,1021,-133,28.73
2026-09-21 14:49:30,23451.9,2026-09-22,22950.0,CE,502.6,503.05,504.65,1777,1300,-46,
2026-09-21 14:49:30,23451.9,2026-09-22,22950.0,PE,3.85,3.85,3.9,495509,72903,16097,23.24
2026-09-21 14:49:30,23451.9,2026-09-22,23000.0,CE,454.0,453.2,454.0,45318,7719,-1847,
2026-09-21 14:49:30,23451.9,2026-09-22,23000.0,PE,4.45,4.45,4.5,1385305,198592,29451,21.9
2026-09-21 14:49:30,23451.9,2026-09-22,23050.0,CE,405.0,404.4,405.65,10795,2700,330,
2026-09-21 14:49:30,23451.9,2026-09-22,23050.0,PE,5.2,5.2,5.25,697603,78737,34574,20.55
2026-09-21 14:49:30,23451.9,2026-09-22,23100.0,CE,355.05,355.65,356.75,76974,8795,-350,
2026-09-21 14:49:30,23451.9,2026-09-22,23100.0,PE,6.45,6.4,6.45,1405779,140313,41392,19.34
2026-09-21 14:49:30,23451.9,2026-09-22,23150.0,CE,308.35,307.3,308.2,74255,5170,-209,
2026-09-21 14:49:30,23451.9,2026-09-22,23150.0,PE,8.1,8.05,8.1,1356782,103611,43559,18.2
2026-09-21 14:49:30,23451.9,2026-09-22,23200.0,CE,260.0,259.4,260.1,582051,35933,-5075,
2026-09-21 14:49:30,23451.9,2026-09-22,23200.0,PE,10.8,10.8,10.85,2436250,229650,81929,17.21
2026-09-21 14:49:30,23451.9,2026-09-22,23250.0,CE,214.1,213.8,214.35,695920,23378,-4495,9.86
2026-09-21 14:49:30,23451.9,2026-09-22,23250.0,PE,14.8,14.75,14.8,1937002,166398,66541,16.27
2026-09-21 14:49:30,23451.9,2026-09-22,23300.0,CE,170.6,170.2,170.6,2703994,81118,-33031,11.3
2026-09-21 14:49:30,23451.9,2026-09-22,23300.0,PE,21.3,21.2,21.25,4505822,377698,182520,15.58
2026-09-21 14:49:30,23451.9,2026-09-22,23350.0,CE,130.0,130.1,130.4,3806586,74540,-1700,11.62
2026-09-21 14:49:30,23451.9,2026-09-22,23350.0,PE,30.2,30.1,30.25,4824306,294488,215364,14.9
2026-09-21 14:49:30,23451.9,2026-09-22,23400.0,CE,94.0,93.75,94.0,8097584,225417,90521,11.68
2026-09-21 14:49:30,23451.9,2026-09-22,23400.0,PE,44.05,44.1,44.15,6861150,485399,411748,14.47
2026-09-21 14:49:30,23451.9,2026-09-22,23450.0,CE,63.7,63.55,63.7,5802776,215894,156511,11.78
2026-09-21 14:49:30,23451.9,2026-09-22,23450.0,PE,63.75,63.7,63.8,2877466,268033,257316,14.16
2026-09-21 14:49:30,23451.9,2026-09-22,23500.0,CE,41.0,40.85,41.0,5977940,324588,182647,11.77
2026-09-21 14:49:30,23451.9,2026-09-22,23500.0,PE,91.25,91.0,91.15,2207841,170620,133616,14.49
2026-09-21 14:49:30,23451.9,2026-09-22,23550.0,CE,24.35,24.35,24.45,2935588,142325,86089,11.88
2026-09-21 14:49:30,23451.9,2026-09-22,23550.0,PE,125.1,125.0,125.3,416080,31157,27118,14.89
2026-09-21 14:49:30,23451.9,2026-09-22,23600.0,CE,13.9,13.9,13.95,3202708,209756,88079,12.07
2026-09-21 14:49:30,23451.9,2026-09-22,23600.0,PE,164.7,164.55,165.0,349250,38089,26708,15.79
2026-09-21 14:49:30,23451.9,2026-09-22,23650.0,CE,7.8,7.8,7.85,1994615,108527,46347,12.41
2026-09-21 14:49:30,23451.9,2026-09-22,23650.0,PE,208.8,208.25,208.8,68175,8154,5130,17.09
2026-09-21 14:49:30,23451.9,2026-09-22,23700.0,CE,4.45,4.4,4.45,1994537,160577,14489,12.89
2026-09-21 14:49:30,23451.9,2026-09-22,23700.0,PE,255.4,255.0,255.7,62893,12375,4117,18.79
2026-09-21 14:49:30,23451.9,2026-09-22,23750.0,CE,2.8,2.8,2.85,1402327,91208,24997,13.7
2026-09-21 14:49:30,23451.9,2026-09-22,23750.0,PE,303.35,302.95,303.85,9086,1688,124,20.7
2026-09-21 14:49:30,23451.9,2026-09-22,23800.0,CE,2.2,2.15,2.2,1294840,141632,15257,14.95
2026-09-21 14:49:30,23451.9,2026-09-22,23800.0,PE,352.45,352.45,353.25,17618,6959,-99,22.55
2026-09-21 14:49:30,23451.9,2026-09-22,23850.0,CE,1.75,1.7,1.75,369933,61588,15793,16.0
2026-09-21 14:49:30,23451.9,2026-09-22,23850.0,PE,402.65,401.3,402.8,1215,1166,48,24.25
2026-09-21 14:49:30,23451.9,2026-09-22,23900.0,CE,1.5,1.5,1.55,568249,108768,18856,17.37
2026-09-21 14:49:30,23451.9,2026-09-22,23900.0,PE,455.45,451.65,453.0,7608,3745,-2976,26.16
2026-09-21 14:49:30,23451.9,2026-09-22,23950.0,CE,1.3,1.3,1.35,248603,28758,-7675,18.64
2026-09-21 14:49:30,23451.9,2026-09-22,23950.0,PE,502.9,500.15,502.2,624,1023,-131,28.73
2026-09-21 14:50:30,23450.85,2026-09-22,22950.0,CE,502.6,502.05,503.35,1777,1300,-46,
2026-09-21 14:50:30,23450.85,2026-09-22,22950.0,PE,3.9,3.9,3.95,495822,72553,15747,23.24
2026-09-21 14:50:30,23450.85,2026-09-22,23000.0,CE,454.25,452.4,453.75,45351,7690,-1876,
2026-09-21 14:50:30,23450.85,2026-09-22,23000.0,PE,4.6,4.55,4.6,1386197,198256,29115,21.9
2026-09-21 14:50:30,23450.85,2026-09-22,23050.0,CE,403.9,403.65,404.7,10851,2652,282,
2026-09-21 14:50:30,23450.85,2026-09-22,23050.0,PE,5.35,5.3,5.35,698150,78236,34073,20.55
2026-09-21 14:50:30,23450.85,2026-09-22,23100.0,CE,355.0,354.6,355.55,77061,8797,-348,
2026-09-21 14:50:30,23450.85,2026-09-22,23100.0,PE,6.5,6.5,6.55,1408756,140011,41090,19.34
2026-09-21 14:50:30,23450.85,2026-09-22,23150.0,CE,306.5,306.65,307.3,74334,5136,-243,
2026-09-21 14:50:30,23450.85,2026-09-22,23150.0,PE,8.25,8.2,8.25,1360370,103631,43579,18.2
2026-09-21 14:50:30,23450.85,2026-09-22,23200.0,CE,259.2,259.0,259.2,582401,35894,-5114,
2026-09-21 14:50:30,23450.85,2026-09-22,23200.0,PE,11.0,10.95,11.0,2438119,229207,81486,17.21
2026-09-21 14:50:30,23450.85,2026-09-22,23250.0,CE,213.35,213.0,213.35,696393,23267,-4606,9.86
2026-09-21 14:50:30,23450.85,2026-09-22,23250.0,PE,15.0,14.95,15.0,1939671,165863,66006,16.27
2026-09-21 14:50:30,23450.85,2026-09-22,23300.0,CE,169.45,169.55,169.95,2705676,80851,-33298,11.3
2026-09-21 14:50:30,23450.85,2026-09-22,23300.0,PE,21.4,21.4,21.45,4509653,377895,182717,15.58
2026-09-21 14:50:30,23450.85,2026-09-22,23350.0,CE,129.4,129.05,129.4,3809186,74456,-1784,11.62
2026-09-21 14:50:30,23450.85,2026-09-22,23350.0,PE,30.45,30.5,30.55,4828908,294006,214882,14.9
2026-09-21 14:50:30,23450.85,2026-09-22,23400.0,CE,93.0,93.0,93.15,8108475,224408,89512,11.68
2026-09-21 14:50:30,23450.85,2026-09-22,23400.0,PE,44.5,44.45,44.55,6868924,484737,411086,14.47
2026-09-21 14:50:30,23450.85,2026-09-22,23450.0,CE,63.0,63.0,63.15,5817452,216106,156723,11.78
2026-09-21 14:50:30,23450.85,2026-09-22,23450.0,PE,64.15,64.1,64.15,2884567,267312,256595,14.16
2026-09-21 14:50:30,23450.85,2026-09-22,23500.0,CE,40.25,40.25,40.35,5990580,326597,184656,11.77
2026-09-21 14:50:30,23450.85,2026-09-22,23500.0,PE,91.8,91.75,91.8,2212860,169619,132615,14.49
2026-09-21 14:50:30,23450.85,2026-09-22,23550.0,CE,24.15,24.05,24.15,2942138,141892,85656,11.88
2026-09-21 14:50:30,23450.85,2026-09-22,23550.0,PE,125.95,125.7,125.95,417288,31250,27211,14.89
2026-09-21 14:50:30,23450.85,2026-09-22,23600.0,CE,13.65,13.65,13.7,3209032,208574,86897,12.07
2026-09-21 14:50:30,23450.85,2026-09-22,23600.0,PE,165.45,165.4,165.85,350189,38061,26680,15.79
2026-09-21 14:50:30,23450.85,2026-09-22,23650.0,CE,7.7,7.65,7.7,1999304,107369,45189,12.41
2026-09-21 14:50:30,23450.85,2026-09-22,23650.0,PE,209.05,209.1,209.65,68350,8106,5082,17.09
2026-09-21 14:50:30,23450.85,2026-09-22,23700.0,CE,4.35,4.35,4.4,1997261,160296,14208,12.89
2026-09-21 14:50:30,23450.85,2026-09-22,23700.0,PE,256.7,256.0,256.65,63047,12391,4133,18.79
2026-09-21 14:50:30,23450.85,2026-09-22,23750.0,CE,2.75,2.75,2.8,1405687,91590,25379,13.7
2026-09-21 14:50:30,23450.85,2026-09-22,23750.0,PE,304.0,303.8,304.75,9098,1689,125,20.7
2026-09-21 14:50:30,23450.85,2026-09-22,23800.0,CE,2.15,2.15,2.2,1296316,142752,16377,14.95
2026-09-21 14:50:30,23450.85,2026-09-22,23800.0,PE,353.25,353.3,354.4,17634,6953,-105,22.55
2026-09-21 14:50:30,23450.85,2026-09-22,23850.0,CE,1.75,1.7,1.75,370013,61867,16072,16.0
2026-09-21 14:50:30,23450.85,2026-09-22,23850.0,PE,398.9,402.15,403.7,1224,1166,48,24.25
2026-09-21 14:50:30,23450.85,2026-09-22,23900.0,CE,1.5,1.5,1.55,570293,108774,18862,17.37
2026-09-21 14:50:30,23450.85,2026-09-22,23900.0,PE,450.6,452.35,453.9,7610,3742,-2979,26.16
2026-09-21 14:50:30,23450.85,2026-09-22,23950.0,CE,1.3,1.3,1.35,248726,28724,-7709,18.64
2026-09-21 14:50:30,23450.85,2026-09-22,23950.0,PE,502.9,501.55,503.35,624,1023,-131,28.73
2026-09-21 14:51:31,23450.05,2026-09-22,22950.0,CE,503.55,504.15,506.2,1779,1299,-47,
2026-09-21 14:51:31,23450.05,2026-09-22,22950.0,PE,3.8,3.75,3.8,505726,72282,15476,23.08
2026-09-21 14:51:31,23450.05,2026-09-22,23000.0,CE,454.35,454.45,455.75,45436,7673,-1893,
2026-09-21 14:51:31,23450.05,2026-09-22,23000.0,PE,4.5,4.4,4.5,1408047,197130,27989,21.8
2026-09-21 14:51:31,23450.05,2026-09-22,23050.0,CE,406.05,405.35,406.7,10862,2632,262,
2026-09-21 14:51:31,23450.05,2026-09-22,23050.0,PE,5.15,5.15,5.2,714191,78204,34041,20.41
2026-09-21 14:51:31,23450.05,2026-09-22,23100.0,CE,357.0,356.45,357.4,77235,8777,-368,
2026-09-21 14:51:31,23450.05,2026-09-22,23100.0,PE,6.35,6.35,6.4,1431521,139702,40781,19.21
2026-09-21 14:51:31,23450.05,2026-09-22,23150.0,CE,309.0,308.6,309.45,74402,5150,-229,
2026-09-21 14:51:31,23450.05,2026-09-22,23150.0,PE,8.0,7.95,8.0,1380187,102272,42220,18.06
2026-09-21 14:51:31,23450.05,2026-09-22,23200.0,CE,261.3,260.6,261.3,583192,35874,-5134,10.9
2026-09-21 14:51:31,23450.05,2026-09-22,23200.0,PE,10.75,10.7,10.75,2464291,227341,79620,17.08
2026-09-21 14:51:31,23450.05,2026-09-22,23250.0,CE,215.45,214.8,215.35,697390,23259,-4614,12.47
2026-09-21 14:51:31,23450.05,2026-09-22,23250.0,PE,14.7,14.6,14.65,1954371,165706,65849,16.15
2026-09-21 14:51:31,23450.05,2026-09-22,23300.0,CE,171.45,171.0,171.5,2708816,80900,-33249,12.39
2026-09-21 14:51:31,23450.05,2026-09-22,23300.0,PE,20.95,20.95,21.0,4525769,376150,180972,15.4
2026-09-21 14:51:31,23450.05,2026-09-22,23350.0,CE,130.9,131.05,131.2,3813506,74420,-1820,12.38
2026-09-21 14:51:31,23450.05,2026-09-22,23350.0,PE,29.9,29.85,29.9,4839108,293532,214408,14.68
2026-09-21 14:51:31,23450.05,2026-09-22,23400.0,CE,94.25,94.2,94.45,8123549,225306,90410,12.23
2026-09-21 14:51:31,23450.05,2026-09-22,23400.0,PE,43.65,43.6,43.7,6894259,483530,409879,14.21
2026-09-21 14:51:31,23450.05,2026-09-22,23450.0,CE,63.9,63.9,64.0,5839874,217097,157714,12.06
2026-09-21 14:51:31,23450.05,2026-09-22,23450.0,PE,63.15,63.1,63.2,2899237,267340,256623,13.82
2026-09-21 14:51:31,23450.05,2026-09-22,23500.0,CE,41.1,41.1,41.15,6011775,326339,184398,12.0
2026-09-21 14:51:31,23450.05,2026-09-22,23500.0,PE,90.35,90.3,90.55,2221233,170042,133038,13.99
2026-09-21 14:51:31,23450.05,2026-09-22,23550.0,CE,24.65,24.5,24.6,2952045,141645,85409,12.01
2026-09-21 14:51:31,23450.05,2026-09-22,23550.0,PE,124.45,124.0,124.3,419540,31178,27139,14.24
2026-09-21 14:51:31,23450.05,2026-09-22,23600.0,CE,14.0,14.0,14.05,3219948,208672,86995,12.12
2026-09-21 14:51:31,23450.05,2026-09-22,23600.0,PE,163.9,163.5,163.9,351619,38090,26709,15.02
2026-09-21 14:51:31,23450.05,2026-09-22,23650.0,CE,7.8,7.75,7.8,2010126,107728,45548,12.39
2026-09-21 14:51:31,23450.05,2026-09-22,23650.0,PE,207.45,207.2,207.75,68542,8097,5073,15.83
2026-09-21 14:51:31,23450.05,2026-09-22,23700.0,CE,4.4,4.4,4.45,2010614,160609,14521,12.82
2026-09-21 14:51:31,23450.05,2026-09-22,23700.0,PE,254.15,253.75,254.45,63260,12386,4128,17.53
2026-09-21 14:51:31,23450.05,2026-09-22,23750.0,CE,2.8,2.75,2.8,1423965,92230,26019,13.48
2026-09-21 14:51:31,23450.05,2026-09-22,23750.0,PE,301.75,301.8,302.7,9123,1686,122,19.32
2026-09-21 14:51:31,23450.05,2026-09-22,23800.0,CE,2.15,2.15,2.2,1302806,142555,16180,14.71
2026-09-21 14:51:31,23450.05,2026-09-22,23800.0,PE,351.95,351.25,352.2,17683,6950,-108,21.25
2026-09-21 14:51:31,23450.05,2026-09-22,23850.0,CE,1.75,1.7,1.75,370716,61888,16093,15.98
2026-09-21 14:51:31,23450.05,2026-09-22,23850.0,PE,399.3,399.8,401.45,1226,1157,39,23.46
2026-09-21 14:51:31,23450.05,2026-09-22,23900.0,CE,1.55,1.5,1.55,571300,106473,16561,17.33
2026-09-21 14:51:31,23450.05,2026-09-22,23900.0,PE,450.6,450.35,451.7,7620,3741,-2980,23.52
2026-09-21 14:51:31,23450.05,2026-09-22,23950.0,CE,1.3,1.3,1.35,248921,28640,-7793,18.49
2026-09-21 14:51:31,23450.05,2026-09-22,23950.0,PE,504.25,499.35,501.0,626,1023,-131,27.01
2026-09-21 14:52:31,23450.05,2026-09-22,22950.0,CE,504.15,502.15,504.0,1781,1301,-45,
2026-09-21 14:52:31,23450.05,2026-09-22,22950.0,PE,3.85,3.8,3.85,507324,71888,15082,23.08
2026-09-21 14:52:31,23450.05,2026-09-22,23000.0,CE,452.0,452.2,453.4,45504,7668,-1898,
2026-09-21 14:52:31,23450.05,2026-09-22,23000.0,PE,4.5,4.45,4.5,1411951,197261,28120,21.8
2026-09-21 14:52:31,23450.05,2026-09-22,23050.0,CE,404.65,403.85,405.05,10888,2627,257,
2026-09-21 14:52:31,23450.05,2026-09-22,23050.0,PE,5.15,5.15,5.2,717149,77792,33629,20.41
2026-09-21 14:52:31,23450.05,2026-09-22,23100.0,CE,354.3,354.5,355.55,77435,8746,-399,
2026-09-21 14:52:31,23450.05,2026-09-22,23100.0,PE,6.45,6.4,6.45,1436363,138867,39946,19.21
2026-09-21 14:52:31,23450.05,2026-09-22,23150.0,CE,307.2,306.8,307.65,74509,5134,-245,
2026-09-21 14:52:31,23450.05,2026-09-22,23150.0,PE,8.05,8.05,8.1,1383298,101540,41488,18.06
2026-09-21 14:52:31,23450.05,2026-09-22,23200.0,CE,258.85,258.8,259.45,584329,35867,-5141,10.9
2026-09-21 14:52:31,23450.05,2026-09-22,23200.0,PE,10.85,10.85,10.9,2472913,224806,77085,17.08
2026-09-21 14:52:31,23450.05,2026-09-22,23250.0,CE,213.0,212.95,213.6,698398,23398,-4475,12.47
2026-09-21 14:52:31,23450.05,2026-09-22,23250.0,PE,14.95,14.85,14.9,1958853,166353,66496,16.15
2026-09-21 14:52:31,23450.05,2026-09-22,23300.0,CE,169.55,169.6,170.05,2713279,80855,-33294,12.39
2026-09-21 14:52:31,23450.05,2026-09-22,23300.0,PE,21.4,21.3,21.4,4535605,375206,180028,15.4
2026-09-21 14:52:31,23450.05,2026-09-22,23350.0,CE,129.7,129.45,129.55,3818718,75202,-1038,12.38
2026-09-21 14:52:31,23450.05,2026-09-22,23350.0,PE,30.5,30.45,30.5,4848337,293105,213981,14.68
2026-09-21 14:52:31,23450.05,2026-09-22,23400.0,CE,93.15,93.1,93.25,8143311,225077,90181,12.23
2026-09-21 14:52:31,23450.05,2026-09-22,23400.0,PE,44.5,44.45,44.55,6914710,480014,406363,14.21
2026-09-21 14:52:31,23450.05,2026-09-22,23450.0,CE,63.0,63.0,63.15,5865755,216094,156711,12.06
2026-09-21 14:52:31,23450.05,2026-09-22,23450.0,PE,64.2,64.1,64.2,2912906,267391,256674,13.82
2026-09-21 14:52:31,23450.05,2026-09-22,23500.0,CE,40.45,40.3,40.45,6041294,324873,182932,12.0
2026-09-21 14:52:31,23450.05,2026-09-22,23500.0,PE,91.7,91.55,91.7,2231023,169353,132349,13.99
2026-09-21 14:52:31,23450.05,2026-09-22,23550.0,CE,24.1,24.0,24.1,2965925,141864,85628,12.01
2026-09-21 14:52:31,23450.05,2026-09-22,23550.0,PE,125.5,125.45,125.75,422111,31319,27280,14.24
2026-09-21 14:52:31,23450.05,2026-09-22,23600.0,CE,13.6,13.55,13.6,3235788,209085,87408,12.12
2026-09-21 14:52:31,23450.05,2026-09-22,23600.0,PE,165.5,165.2,165.65,353516,38027,26646,15.02
2026-09-21 14:52:31,23450.05,2026-09-22,23650.0,CE,7.6,7.55,7.6,2019873,108686,46506,12.39
2026-09-21 14:52:31,23450.05,2026-09-22,23650.0,PE,209.05,208.7,209.3,68930,8102,5078,15.83
2026-09-21 14:52:31,23450.05,2026-09-22,23700.0,CE,4.35,4.3,4.35,2021907,159174,13086,12.82
2026-09-21 14:52:31,23450.05,2026-09-22,23700.0,PE,256.45,255.85,256.55,63518,12378,4120,17.53
2026-09-21 14:52:31,23450.05,2026-09-22,23750.0,CE,2.75,2.7,2.75,1436954,91516,25305,13.48
2026-09-21 14:52:31,23450.05,2026-09-22,23750.0,PE,304.4,303.45,304.5,9141,1682,118,19.32
2026-09-21 14:52:31,23450.05,2026-09-22,23800.0,CE,2.15,2.1,2.15,1306799,141823,15448,14.71
2026-09-21 14:52:31,23450.05,2026-09-22,23800.0,PE,353.0,353.05,354.15,17745,6954,-104,21.25
2026-09-21 14:52:31,23450.05,2026-09-22,23850.0,CE,1.75,1.7,1.75,371014,61910,16115,15.98
2026-09-21 14:52:31,23450.05,2026-09-22,23850.0,PE,404.8,402.0,403.35,1235,1157,39,23.46
2026-09-21 14:52:31,23450.05,2026-09-22,23900.0,CE,1.5,1.5,1.55,571558,106673,16761,17.33
2026-09-21 14:52:31,23450.05,2026-09-22,23900.0,PE,452.3,452.25,453.65,7638,3738,-2983,23.52
2026-09-21 14:52:31,23450.05,2026-09-22,23950.0,CE,1.35,1.3,1.35,249178,28639,-7794,18.49
2026-09-21 14:52:31,23450.05,2026-09-22,23950.0,PE,504.7,500.95,503.4,629,1023,-131,27.01
2026-09-21 14:53:31,23451.0,2026-09-22,22950.0,CE,504.15,500.85,502.7,1781,1301,-45,
2026-09-21 14:53:31,23451.0,2026-09-22,22950.0,PE,3.8,3.75,3.8,507769,71882,15076,23.08
2026-09-21 14:53:31,23451.0,2026-09-22,23000.0,CE,451.0,451.3,452.6,45509,7635,-1931,
2026-09-21 14:53:31,23451.0,2026-09-22,23000.0,PE,4.5,4.45,4.5,1412675,197272,28131,21.8
2026-09-21 14:53:31,23451.0,2026-09-22,23050.0,CE,404.3,402.75,403.9,10912,2633,263,
2026-09-21 14:53:31,23451.0,2026-09-22,23050.0,PE,5.2,5.15,5.2,717965,78865,34702,20.41
2026-09-21 14:53:31,23451.0,2026-09-22,23100.0,CE,353.05,353.35,354.5,77469,8746,-399,
2026-09-21 14:53:31,23451.0,2026-09-22,23100.0,PE,6.45,6.4,6.45,1437588,138867,39946,19.21
2026-09-21 14:53:31,23451.0,2026-09-22,23150.0,CE,306.25,305.8,306.5,74590,5101,-278,
2026-09-21 14:53:31,23451.0,2026-09-22,23150.0,PE,8.05,8.05,8.1,1384496,101869,41817,18.06
2026-09-21 14:53:31,23451.0,2026-09-22,23200.0,CE,257.9,257.7,258.35,584897,35836,-5172,10.9
2026-09-21 14:53:31,23451.0,2026-09-22,23200.0,PE,10.85,10.85,10.9,2476363,224632,76911,17.08
2026-09-21 14:53:31,23451.0,2026-09-22,23250.0,CE,212.3,212.3,212.35,698728,23356,-4517,12.47
2026-09-21 14:53:31,23451.0,2026-09-22,23250.0,PE,14.95,14.95,15.0,1961018,166475,66618,16.15
2026-09-21 14:53:31,23451.0,2026-09-22,23300.0,CE,168.65,168.6,169.05,2714392,80618,-33531,12.39
2026-09-21 14:53:31,23451.0,2026-09-22,23300.0,PE,21.55,21.5,21.6,4538163,375317,180139,15.4
2026-09-21 14:53:31,23451.0,2026-09-22,23350.0,CE,128.6,128.6,128.85,3820123,75137,-1103,12.38
2026-09-21 14:53:31,23451.0,2026-09-22,23350.0,PE,30.7,30.65,30.75,4851153,292726,213602,14.68
2026-09-21 14:53:31,23451.0,2026-09-22,23400.0,CE,92.7,92.35,92.55,8148049,224213,89317,12.23
2026-09-21 14:53:31,23451.0,2026-09-22,23400.0,PE,44.85,44.85,45.0,6920323,477859,404208,14.21
2026-09-21 14:53:31,23451.0,2026-09-22,23450.0,CE,62.6,62.45,62.6,5872530,216094,156711,12.06
2026-09-21 14:53:31,23451.0,2026-09-22,23450.0,PE,64.85,64.65,64.85,2917232,267391,256674,13.82
2026-09-21 14:53:31,23451.0,2026-09-22,23500.0,CE,40.0,40.0,40.1,6047769,324873,182932,12.0
2026-09-21 14:53:31,23451.0,2026-09-22,23500.0,PE,92.3,92.4,92.6,2233632,169353,132349,13.99
2026-09-21 14:53:31,23451.0,2026-09-22,23550.0,CE,23.85,23.8,23.9,2969760,141000,84764,12.01
2026-09-21 14:53:31,23451.0,2026-09-22,23550.0,PE,126.85,126.5,126.85,423462,31772,27733,14.24
2026-09-21 14:53:31,23451.0,2026-09-22,23600.0,CE,13.6,13.55,13.65,3242288,209252,87575,12.12
2026-09-21 14:53:31,23451.0,2026-09-22,23600.0,PE,166.4,166.3,166.7,354384,37973,26592,15.02
2026-09-21 14:53:31,23451.0,2026-09-22,23650.0,CE,7.55,7.55,7.6,2021399,109181,47001,12.39
2026-09-21 14:53:31,23451.0,2026-09-22,23650.0,PE,210.15,210.05,210.55,69105,8108,5084,15.83
2026-09-21 14:53:31,23451.0,2026-09-22,23700.0,CE,4.35,4.3,4.35,2023726,159393,13305,12.82
2026-09-21 14:53:31,23451.0,2026-09-22,23700.0,PE,257.5,256.8,257.45,63635,12345,4087,17.53
2026-09-21 14:53:31,23451.0,2026-09-22,23750.0,CE,2.75,2.7,2.75,1440739,92099,25888,13.48
2026-09-21 14:53:31,23451.0,2026-09-22,23750.0,PE,305.3,304.7,305.6,9147,1682,118,19.32
2026-09-21 14:53:31,23451.0,2026-09-22,23800.0,CE,2.15,2.1,2.15,1307616,141823,15448,14.71
2026-09-21 14:53:31,23451.0,2026-09-22,23800.0,PE,354.5,354.25,355.35,17753,6923,-135,21.25
2026-09-21 14:53:31,23451.0,2026-09-22,23850.0,CE,1.7,1.7,1.75,371209,61942,16147,15.98
2026-09-21 14:53:31,23451.0,2026-09-22,23850.0,PE,404.8,403.0,404.75,1235,1157,39,23.46
2026-09-21 14:53:31,23451.0,2026-09-22,23900.0,CE,1.55,1.5,1.55,571694,106633,16721,17.33
2026-09-21 14:53:31,23451.0,2026-09-22,23900.0,PE,452.3,453.4,454.9,7638,3729,-2992,23.52
2026-09-21 14:53:31,23451.0,2026-09-22,23950.0,CE,1.3,1.3,1.35,251355,28427,-8006,18.49
2026-09-21 14:53:31,23451.0,2026-09-22,23950.0,PE,504.7,502.3,504.45,629,1023,-131,27.01
2026-09-21 14:54:32,23448.65,2026-09-22,22950.0,CE,500.8,499.25,501.15,1782,1303,-43,
2026-09-21 14:54:32,23448.65,2026-09-22,22950.0,PE,3.8,3.75,3.8,514840,71753,14947,23.08
2026-09-21 14:54:32,23448.65,2026-09-22,23000.0,CE,449.05,449.6,450.8,45583,7634,-1932,
2026-09-21 14:54:32,23448.65,2026-09-22,23000.0,PE,4.4,4.4,4.45,1428666,197283,28142,21.8
2026-09-21 14:54:32,23448.65,2026-09-22,23050.0,CE,400.55,400.45,401.75,10914,2633,263,
2026-09-21 14:54:32,23448.65,2026-09-22,23050.0,PE,5.15,5.15,5.2,729337,78940,34777,20.41
2026-09-21 14:54:32,23448.65,2026-09-22,23100.0,CE,351.0,351.9,353.1,77501,8729,-416,
2026-09-21 14:54:32,23448.65,2026-09-22,23100.0,PE,6.5,6.45,6.5,1452009,138738,39817,19.21
2026-09-21 14:54:32,23448.65,2026-09-22,23150.0,CE,304.25,303.55,304.35,74646,5042,-337,
2026-09-21 14:54:32,23448.65,2026-09-22,23150.0,PE,8.2,8.15,8.2,1394177,102289,42237,18.06
2026-09-21 14:54:32,23448.65,2026-09-22,23200.0,CE,256.75,256.25,256.95,585365,35769,-5239,10.9
2026-09-21 14:54:32,23448.65,2026-09-22,23200.0,PE,11.1,11.05,11.1,2485401,224949,77228,17.08
2026-09-21 14:54:32,23448.65,2026-09-22,23250.0,CE,211.0,210.65,211.2,699179,23415,-4458,12.47
2026-09-21 14:54:32,23448.65,2026-09-22,23250.0,PE,15.2,15.15,15.2,1966318,165271,65414,16.15
2026-09-21 14:54:32,23448.65,2026-09-22,23300.0,CE,167.7,167.25,167.65,2715836,80658,-33491,12.39
2026-09-21 14:54:32,23448.65,2026-09-22,23300.0,PE,21.9,21.8,21.9,4546941,375253,180075,15.4
2026-09-21 14:54:32,23448.65,2026-09-22,23350.0,CE,127.1,127.1,127.45,3822076,75476,-764,12.38
2026-09-21 14:54:32,23448.65,2026-09-22,23350.0,PE,31.15,31.1,31.2,4855877,292383,213259,14.68
2026-09-21 14:54:32,23448.65,2026-09-22,23400.0,CE,91.05,91.05,91.15,8154798,224195,89299,12.23
2026-09-21 14:54:32,23448.65,2026-09-22,23400.0,PE,45.5,45.55,45.65,6929859,477509,403858,14.21
2026-09-21 14:54:32,23448.65,2026-09-22,23450.0,CE,61.35,61.35,61.55,5882619,217005,157622,12.06
2026-09-21 14:54:32,23448.65,2026-09-22,23450.0,PE,65.5,65.5,65.6,2925295,267788,257071,13.82
2026-09-21 14:54:32,23448.65,2026-09-22,23500.0,CE,39.05,39.05,39.15,6058161,325894,183953,12.0
2026-09-21 14:54:32,23448.65,2026-09-22,23500.0,PE,93.8,93.55,93.8,2237856,169338,132334,13.99
2026-09-21 14:54:32,23448.65,2026-09-22,23550.0,CE,23.4,23.3,23.4,2975838,141337,85101,12.01
2026-09-21 14:54:32,23448.65,2026-09-22,23550.0,PE,127.55,127.5,127.8,424385,31056,27017,14.24
2026-09-21 14:54:32,23448.65,2026-09-22,23600.0,CE,13.2,13.2,13.25,3249304,208327,86650,12.12
2026-09-21 14:54:32,23448.65,2026-09-22,23600.0,PE,167.95,167.65,168.0,355035,38125,26744,15.02
2026-09-21 14:54:32,23448.65,2026-09-22,23650.0,CE,7.35,7.3,7.35,2025752,109208,47028,12.39
2026-09-21 14:54:32,23448.65,2026-09-22,23650.0,PE,212.0,211.5,211.9,69356,8152,5128,15.83
2026-09-21 14:54:32,23448.65,2026-09-22,23700.0,CE,4.2,4.2,4.25,2030690,159074,12986,12.82
2026-09-21 14:54:32,23448.65,2026-09-22,23700.0,PE,259.2,258.4,259.05,63812,12324,4066,17.53
2026-09-21 14:54:32,23448.65,2026-09-22,23750.0,CE,2.65,2.65,2.7,1447597,90834,24623,13.48
2026-09-21 14:54:32,23448.65,2026-09-22,23750.0,PE,307.15,306.75,307.6,9155,1680,116,19.32
2026-09-21 14:54:32,23448.65,2026-09-22,23800.0,CE,2.1,2.1,2.15,1313585,141925,15550,14.71
2026-09-21 14:54:32,23448.65,2026-09-22,23800.0,PE,357.0,355.65,356.75,17771,6925,-133,21.25
2026-09-21 14:54:32,23448.65,2026-09-22,23850.0,CE,1.7,1.7,1.75,372598,61756,15961,15.98
2026-09-21 14:54:32,23448.65,2026-09-22,23850.0,PE,403.7,404.7,406.25,1236,1157,39,23.46
2026-09-21 14:54:32,23448.65,2026-09-22,23900.0,CE,1.5,1.5,1.55,576907,106668,16756,17.33
2026-09-21 14:54:32,23448.65,2026-09-22,23900.0,PE,452.3,455.7,457.0,7638,3729,-2992,23.52
2026-09-21 14:54:32,23448.65,2026-09-22,23950.0,CE,1.35,1.3,1.35,254570,27942,-8491,18.49
2026-09-21 14:54:32,23448.65,2026-09-22,23950.0,PE,504.7,503.9,506.15,629,1023,-131,27.01
2026-09-21 14:55:32,23451.95,2026-09-22,22950.0,CE,500.8,500.85,502.8,1782,1303,-43,
2026-09-21 14:55:32,23451.95,2026-09-22,22950.0,PE,3.7,3.7,3.75,518224,70340,13534,23.08
2026-09-21 14:55:32,23451.95,2026-09-22,23000.0,CE,450.35,450.9,452.85,45667,7603,-1963,
2026-09-21 14:55:32,23451.95,2026-09-22,23000.0,PE,4.45,4.4,4.45,1436301,195985,26844,21.8
2026-09-21 14:55:32,23451.95,2026-09-22,23050.0,CE,402.8,402.55,403.8,10922,2614,244,
2026-09-21 14:55:32,23451.95,2026-09-22,23050.0,PE,5.1,5.1,5.15,735760,79559,35396,20.41
2026-09-21 14:55:32,23451.95,2026-09-22,23100.0,CE,353.9,353.25,353.9,77517,8721,-424,
2026-09-21 14:55:32,23451.95,2026-09-22,23100.0,PE,6.4,6.35,6.4,1458096,138286,39365,19.21
2026-09-21 14:55:32,23451.95,2026-09-22,23150.0,CE,306.25,305.7,306.45,74698,5013,-366,
2026-09-21 14:55:32,23451.95,2026-09-22,23150.0,PE,8.05,8.05,8.1,1399659,102016,41964,18.06
2026-09-21 14:55:32,23451.95,2026-09-22,23200.0,CE,258.45,257.8,258.45,585746,35677,-5331,10.9
2026-09-21 14:55:32,23451.95,2026-09-22,23200.0,PE,10.85,10.85,10.95,2491472,223563,75842,17.08
2026-09-21 14:55:32,23451.95,2026-09-22,23250.0,CE,211.85,212.2,212.7,699369,23408,-4465,12.47
2026-09-21 14:55:32,23451.95,2026-09-22,23250.0,PE,15.0,15.0,15.05,1970582,165402,65545,16.15
2026-09-21 14:55:32,23451.95,2026-09-22,23300.0,CE,169.0,168.7,169.05,2716800,80583,-33566,12.39
2026-09-21 14:55:32,23451.95,2026-09-22,23300.0,PE,21.65,21.6,21.7,4552154,374220,179042,15.4
2026-09-21 14:55:32,23451.95,2026-09-22,23350.0,CE,128.9,128.55,128.9,3823117,75272,-968,12.38
2026-09-21 14:55:32,23451.95,2026-09-22,23350.0,PE,30.8,30.8,30.85,4859585,291897,212773,14.68
2026-09-21 14:55:32,23451.95,2026-09-22,23400.0,CE,92.3,92.3,92.45,8158922,223332,88436,12.23
2026-09-21 14:55:32,23451.95,2026-09-22,23400.0,PE,45.05,45.0,45.15,6937555,476484,402833,14.21
2026-09-21 14:55:32,23451.95,2026-09-22,23450.0,CE,62.6,62.4,62.55,5887930,217160,157777,12.06
2026-09-21 14:55:32,23451.95,2026-09-22,23450.0,PE,64.65,64.7,64.8,2930253,266764,256047,13.82
2026-09-21 14:55:32,23451.95,2026-09-22,23500.0,CE,40.0,40.0,40.05,6064667,325818,183877,12.0
2026-09-21 14:55:32,23451.95,2026-09-22,23500.0,PE,92.65,92.45,92.55,2241466,167935,130931,13.99
2026-09-21 14:55:32,23451.95,2026-09-22,23550.0,CE,23.75,23.75,23.85,2978430,141203,84967,12.01
2026-09-21 14:55:32,23451.95,2026-09-22,23550.0,PE,126.4,126.45,126.75,424921,30927,26888,14.24
2026-09-21 14:55:32,23451.95,2026-09-22,23600.0,CE,13.55,13.5,13.55,3253560,207884,86207,12.12
2026-09-21 14:55:32,23451.95,2026-09-22,23600.0,PE,166.8,166.4,166.7,355431,38047,26666,15.02
2026-09-21 14:55:32,23451.95,2026-09-22,23650.0,CE,7.45,7.4,7.45,2028179,109572,47392,12.39
2026-09-21 14:55:32,23451.95,2026-09-22,23650.0,PE,211.0,210.15,210.7,69462,8159,5135,15.83
2026-09-21 14:55:32,23451.95,2026-09-22,23700.0,CE,4.2,4.2,4.25,2033612,158967,12879,12.82
2026-09-21 14:55:32,23451.95,2026-09-22,23700.0,PE,258.3,257.05,257.65,63884,12322,4064,17.53
2026-09-21 14:55:32,23451.95,2026-09-22,23750.0,CE,2.65,2.65,2.7,1449494,92189,25978,13.48
2026-09-21 14:55:32,23451.95,2026-09-22,23750.0,PE,304.9,304.9,305.9,9161,1683,119,19.32
2026-09-21 14:55:32,23451.95,2026-09-22,23800.0,CE,2.1,2.1,2.15,1316035,142114,15739,14.71
2026-09-21 14:55:32,23451.95,2026-09-22,23800.0,PE,356.0,354.15,355.3,17781,6921,-137,21.25
2026-09-21 14:55:32,23451.95,2026-09-22,23850.0,CE,1.75,1.7,1.75,372663,61769,15974,15.98
2026-09-21 14:55:32,23451.95,2026-09-22,23850.0,PE,404.75,403.15,404.9,1238,1157,39,23.46
2026-09-21 14:55:32,23451.95,2026-09-22,23900.0,CE,1.55,1.5,1.55,578177,103830,13918,17.33
2026-09-21 14:55:32,23451.95,2026-09-22,23900.0,PE,452.3,453.6,455.05,7638,3729,-2992,23.52
2026-09-21 14:55:32,23451.95,2026-09-22,23950.0,CE,1.3,1.3,1.35,254682,27339,-9094,18.49
2026-09-21 14:55:32,23451.95,2026-09-22,23950.0,PE,504.7,502.55,504.5,629,1023,-131,27.01
2026-09-21 14:56:32,23450.95,2026-09-22,22950.0,CE,500.8,500.85,502.8,1782,1303,-43,
2026-09-21 14:56:32,23450.95,2026-09-22,22950.0,PE,3.7,3.7,3.75,518224,70340,13534,23.08
2026-09-21 14:56:32,23450.95,2026-09-22,23000.0,CE,450.35,450.9,452.85,45667,7603,-1963,
2026-09-21 14:56:32,23450.95,2026-09-22,23000.0,PE,4.45,4.4,4.45,1436301,195985,26844,21.8
2026-09-21 14:56:32,23450.95,2026-09-22,23050.0,CE,402.8,402.55,403.8,10922,2614,244,
2026-09-21 14:56:32,23450.95,2026-09-22,23050.0,PE,5.1,5.1,5.15,735760,79559,35396,20.41
2026-09-21 14:56:32,23450.95,2026-09-22,23100.0,CE,353.9,353.25,353.9,77517,8721,-424,
2026-09-21 14:56:32,23450.95,2026-09-22,23100.0,PE,6.4,6.35,6.4,1458096,138286,39365,19.21
2026-09-21 14:56:32,23450.95,2026-09-22,23150.0,CE,306.25,305.7,306.45,74698,5013,-366,
2026-09-21 14:56:32,23450.95,2026-09-22,23150.0,PE,8.05,8.05,8.1,1399659,102016,41964,18.06
2026-09-21 14:56:32,23450.95,2026-09-22,23200.0,CE,258.45,257.8,258.45,585746,35677,-5331,10.9
2026-09-21 14:56:32,23450.95,2026-09-22,23200.0,PE,10.85,10.85,10.95,2491472,223563,75842,17.08
2026-09-21 14:56:32,23450.95,2026-09-22,23250.0,CE,211.85,212.2,212.7,699369,23408,-4465,12.47
2026-09-21 14:56:32,23450.95,2026-09-22,23250.0,PE,15.0,15.0,15.05,1970582,165402,65545,16.15
2026-09-21 14:56:32,23450.95,2026-09-22,23300.0,CE,169.0,168.7,169.05,2716800,80583,-33566,12.39
2026-09-21 14:56:32,23450.95,2026-09-22,23300.0,PE,21.65,21.6,21.7,4552154,374220,179042,15.4
2026-09-21 14:56:32,23450.95,2026-09-22,23350.0,CE,128.9,128.55,128.9,3823117,75272,-968,12.38
2026-09-21 14:56:32,23450.95,2026-09-22,23350.0,PE,30.8,30.8,30.85,4859585,291897,212773,14.68
2026-09-21 14:56:32,23450.95,2026-09-22,23400.0,CE,92.3,92.3,92.45,8158922,223332,88436,12.23
2026-09-21 14:56:32,23450.95,2026-09-22,23400.0,PE,45.05,45.0,45.15,6937555,476484,402833,14.21
2026-09-21 14:56:32,23450.95,2026-09-22,23450.0,CE,62.6,62.4,62.55,5887930,217160,157777,12.06
2026-09-21 14:56:32,23450.95,2026-09-22,23450.0,PE,64.65,64.7,64.8,2930253,266764,256047,13.82
2026-09-21 14:56:32,23450.95,2026-09-22,23500.0,CE,40.0,40.0,40.05,6064667,325818,183877,12.0
2026-09-21 14:56:32,23450.95,2026-09-22,23500.0,PE,92.65,92.45,92.55,2241466,167935,130931,13.99
2026-09-21 14:56:32,23450.95,2026-09-22,23550.0,CE,23.75,23.75,23.85,2978430,141203,84967,12.01
2026-09-21 14:56:32,23450.95,2026-09-22,23550.0,PE,126.4,126.45,126.75,424921,30927,26888,14.24
2026-09-21 14:56:32,23450.95,2026-09-22,23600.0,CE,13.55,13.5,13.55,3253560,207884,86207,12.12
2026-09-21 14:56:32,23450.95,2026-09-22,23600.0,PE,166.8,166.4,166.7,355431,38047,26666,15.02
2026-09-21 14:56:32,23450.95,2026-09-22,23650.0,CE,7.45,7.4,7.45,2028179,109572,47392,12.39
2026-09-21 14:56:32,23450.95,2026-09-22,23650.0,PE,211.0,210.15,210.7,69462,8159,5135,15.83
2026-09-21 14:56:32,23450.95,2026-09-22,23700.0,CE,4.2,4.2,4.25,2033612,158967,12879,12.82
2026-09-21 14:56:32,23450.95,2026-09-22,23700.0,PE,258.3,257.05,257.65,63884,12322,4064,17.53
2026-09-21 14:56:32,23450.95,2026-09-22,23750.0,CE,2.65,2.65,2.7,1449494,92189,25978,13.48
2026-09-21 14:56:32,23450.95,2026-09-22,23750.0,PE,304.9,304.9,305.9,9161,1683,119,19.32
2026-09-21 14:56:32,23450.95,2026-09-22,23800.0,CE,2.1,2.1,2.15,1316035,142114,15739,14.71
2026-09-21 14:56:32,23450.95,2026-09-22,23800.0,PE,356.0,354.15,355.3,17781,6921,-137,21.25
2026-09-21 14:56:32,23450.95,2026-09-22,23850.0,CE,1.75,1.7,1.75,372663,61769,15974,15.98
2026-09-21 14:56:32,23450.95,2026-09-22,23850.0,PE,404.75,403.15,404.9,1238,1157,39,23.46
2026-09-21 14:56:32,23450.95,2026-09-22,23900.0,CE,1.55,1.5,1.55,578177,103830,13918,17.33
2026-09-21 14:56:32,23450.95,2026-09-22,23900.0,PE,452.3,453.6,455.05,7638,3729,-2992,23.52
2026-09-21 14:56:32,23450.95,2026-09-22,23950.0,CE,1.3,1.3,1.35,254682,27339,-9094,18.49
2026-09-21 14:56:32,23450.95,2026-09-22,23950.0,PE,504.7,502.55,504.5,629,1023,-131,27.01
2026-09-21 14:57:32,23451.5,2026-09-22,22950.0,CE,500.8,501.05,502.9,1782,1302,-44,
2026-09-21 14:57:32,23451.5,2026-09-22,22950.0,PE,3.7,3.65,3.7,518645,69801,12995,23.08
2026-09-21 14:57:32,23451.5,2026-09-22,23000.0,CE,451.85,451.05,452.55,45688,7544,-2022,
2026-09-21 14:57:32,23451.5,2026-09-22,23000.0,PE,4.35,4.3,4.35,1437955,195599,26458,21.8
2026-09-21 14:57:32,23451.5,2026-09-22,23050.0,CE,404.0,402.6,403.6,10936,2593,223,
2026-09-21 14:57:32,23451.5,2026-09-22,23050.0,PE,5.05,5.0,5.05,739207,78268,34105,20.41
2026-09-21 14:57:32,23451.5,2026-09-22,23100.0,CE,354.1,353.4,354.35,77548,8703,-442,
2026-09-21 14:57:32,23451.5,2026-09-22,23100.0,PE,6.3,6.3,6.35,1458661,137690,38769,19.21
2026-09-21 14:57:32,23451.5,2026-09-22,23150.0,CE,306.0,304.95,305.85,74732,4942,-437,
2026-09-21 14:57:32,23451.5,2026-09-22,23150.0,PE,7.95,7.95,8.0,1400435,100998,40946,18.06
2026-09-21 14:57:32,23451.5,2026-09-22,23200.0,CE,258.0,257.35,258.0,585846,35564,-5444,10.9
2026-09-21 14:57:32,23451.5,2026-09-22,23200.0,PE,10.8,10.75,10.8,2492752,223287,75566,17.08
2026-09-21 14:57:32,23451.5,2026-09-22,23250.0,CE,212.4,212.1,212.65,699519,23283,-4590,12.47
2026-09-21 14:57:32,23451.5,2026-09-22,23250.0,PE,14.95,14.9,14.95,1972425,166443,66586,16.15
2026-09-21 14:57:32,23451.5,2026-09-22,23300.0,CE,168.3,168.35,168.75,2717512,80142,-34007,12.39
2026-09-21 14:57:32,23451.5,2026-09-22,23300.0,PE,21.55,21.5,21.55,4555251,372053,176875,15.4
2026-09-21 14:57:32,23451.5,2026-09-22,23350.0,CE,128.75,128.5,128.7,3824124,74961,-1279,12.38
2026-09-21 14:57:32,23451.5,2026-09-22,23350.0,PE,30.7,30.6,30.7,4862548,289849,210725,14.68
2026-09-21 14:57:32,23451.5,2026-09-22,23400.0,CE,92.5,92.3,92.5,8162109,221842,86946,12.23
2026-09-21 14:57:32,23451.5,2026-09-22,23400.0,PE,44.8,44.75,44.8,6943238,473271,399620,14.21
2026-09-21 14:57:32,23451.5,2026-09-22,23450.0,CE,62.4,62.2,62.4,5892608,217528,158145,12.06
2026-09-21 14:57:32,23451.5,2026-09-22,23450.0,PE,64.7,64.7,64.85,2935599,262230,251513,13.82
2026-09-21 14:57:32,23451.5,2026-09-22,23500.0,CE,40.0,39.95,40.0,6069341,325038,183097,12.0
2026-09-21 14:57:32,23451.5,2026-09-22,23500.0,PE,92.5,92.45,92.7,2243498,167563,130559,13.99
2026-09-21 14:57:32,23451.5,2026-09-22,23550.0,CE,23.7,23.6,23.7,2980905,141105,84869,12.01
2026-09-21 14:57:32,23451.5,2026-09-22,23550.0,PE,126.85,126.6,126.9,425270,30708,26669,14.24
2026-09-21 14:57:32,23451.5,2026-09-22,23600.0,CE,13.55,13.5,13.55,3256284,208737,87060,12.12
2026-09-21 14:57:32,23451.5,2026-09-22,23600.0,PE,165.65,166.3,166.7,355611,37962,26581,15.02
2026-09-21 14:57:32,23451.5,2026-09-22,23650.0,CE,7.4,7.4,7.45,2029149,109730,47550,12.39
2026-09-21 14:57:32,23451.5,2026-09-22,23650.0,PE,210.5,210.25,210.8,69499,8145,5121,15.83
2026-09-21 14:57:32,23451.5,2026-09-22,23700.0,CE,4.25,4.25,4.3,2035636,157944,11856,12.82
2026-09-21 14:57:32,23451.5,2026-09-22,23700.0,PE,256.7,257.05,257.6,64007,12329,4071,17.53
2026-09-21 14:57:32,23451.5,2026-09-22,23750.0,CE,2.7,2.65,2.7,1450664,91408,25197,13.48
2026-09-21 14:57:32,23451.5,2026-09-22,23750.0,PE,303.95,304.5,305.45,9164,1684,120,19.32
2026-09-21 14:57:32,23451.5,2026-09-22,23800.0,CE,2.15,2.1,2.15,1316449,142729,16354,14.71
2026-09-21 14:57:32,23451.5,2026-09-22,23800.0,PE,353.5,354.1,355.0,17791,6907,-151,21.25
2026-09-21 14:57:32,23451.5,2026-09-22,23850.0,CE,1.75,1.7,1.75,374006,61954,16159,15.98
2026-09-21 14:57:32,23451.5,2026-09-22,23850.0,PE,402.95,403.1,405.05,1239,1159,41,23.46
2026-09-21 14:57:32,23451.5,2026-09-22,23900.0,CE,1.5,1.5,1.55,582982,105005,15093,17.33
2026-09-21 14:57:32,23451.5,2026-09-22,23900.0,PE,452.3,453.35,454.65,7638,3725,-2996,23.52
2026-09-21 14:57:32,23451.5,2026-09-22,23950.0,CE,1.3,1.3,1.35,256123,27343,-9090,18.49
2026-09-21 14:57:32,23451.5,2026-09-22,23950.0,PE,504.7,502.3,504.1,629,1023,-131,27.01
2026-09-21 14:58:33,23452.95,2026-09-22,22950.0,CE,502.55,501.45,502.9,1784,1302,-44,
2026-09-21 14:58:33,23452.95,2026-09-22,22950.0,PE,3.7,3.65,3.7,519433,69434,12628,23.08
2026-09-21 14:58:33,23452.95,2026-09-22,23000.0,CE,451.0,451.0,452.15,45745,7532,-2034,
2026-09-21 14:58:33,23452.95,2026-09-22,23000.0,PE,4.4,4.35,4.4,1441048,194673,25532,21.8
2026-09-21 14:58:33,23452.95,2026-09-22,23050.0,CE,404.0,402.3,403.55,10936,2593,223,
2026-09-21 14:58:33,23452.95,2026-09-22,23050.0,PE,5.05,5.0,5.05,742575,78498,34335,20.41
2026-09-21 14:58:33,23452.95,2026-09-22,23100.0,CE,354.2,353.05,353.95,77575,8708,-437,
2026-09-21 14:58:33,23452.95,2026-09-22,23100.0,PE,6.3,6.3,6.35,1461426,137850,38929,19.21
2026-09-21 14:58:33,23452.95,2026-09-22,23150.0,CE,306.0,305.6,306.55,74789,4933,-446,
2026-09-21 14:58:33,23452.95,2026-09-22,23150.0,PE,8.0,7.95,8.0,1402334,100429,40377,18.06
2026-09-21 14:58:33,23452.95,2026-09-22,23200.0,CE,258.3,257.3,258.0,586145,35508,-5500,10.9
2026-09-21 14:58:33,23452.95,2026-09-22,23200.0,PE,10.85,10.8,10.85,2497284,221612,73891,17.08
2026-09-21 14:58:33,23452.95,2026-09-22,23250.0,CE,212.5,211.9,212.4,699822,23285,-4588,12.47
2026-09-21 14:58:33,23452.95,2026-09-22,23250.0,PE,14.9,14.9,14.95,1974363,165586,65729,16.15
2026-09-21 14:58:33,23452.95,2026-09-22,23300.0,CE,168.35,168.0,168.35,2719025,79912,-34237,12.39
2026-09-21 14:58:33,23452.95,2026-09-22,23300.0,PE,21.5,21.5,21.55,4560836,371653,176475,15.4
2026-09-21 14:58:33,23452.95,2026-09-22,23350.0,CE,128.5,128.15,128.35,3825881,74669,-1571,12.38
2026-09-21 14:58:33,23452.95,2026-09-22,23350.0,PE,30.65,30.65,30.7,4868035,289407,210283,14.68
2026-09-21 14:58:33,23452.95,2026-09-22,23400.0,CE,92.35,92.35,92.55,8168180,221230,86334,12.23
2026-09-21 14:58:33,23452.95,2026-09-22,23400.0,PE,44.55,44.55,44.7,6952842,471305,397654,14.21
2026-09-21 14:58:33,23452.95,2026-09-22,23450.0,CE,62.25,62.05,62.2,5900401,217469,158086,12.06
2026-09-21 14:58:33,23452.95,2026-09-22,23450.0,PE,64.5,64.5,64.7,2946256,261756,251039,13.82
2026-09-21 14:58:33,23452.95,2026-09-22,23500.0,CE,40.0,39.9,40.0,6077205,324601,182660,12.0
2026-09-21 14:58:33,23452.95,2026-09-22,23500.0,PE,92.05,92.05,92.25,2247420,166533,129529,13.99
2026-09-21 14:58:33,23452.95,2026-09-22,23550.0,CE,23.55,23.55,23.6,2986118,140979,84743,12.01
2026-09-21 14:58:33,23452.95,2026-09-22,23550.0,PE,126.65,126.6,126.85,426130,30739,26700,14.24
2026-09-21 14:58:33,23452.95,2026-09-22,23600.0,CE,13.4,13.4,13.45,3260627,209281,87604,12.12
2026-09-21 14:58:33,23452.95,2026-09-22,23600.0,PE,166.4,166.35,166.75,355916,38070,26689,15.02
2026-09-21 14:58:33,23452.95,2026-09-22,23650.0,CE,7.45,7.4,7.45,2031214,109658,47478,12.39
2026-09-21 14:58:33,23452.95,2026-09-22,23650.0,PE,210.0,210.5,211.1,69733,8084,5060,15.83
2026-09-21 14:58:33,23452.95,2026-09-22,23700.0,CE,4.3,4.25,4.3,2038033,157052,10964,12.82
2026-09-21 14:58:33,23452.95,2026-09-22,23700.0,PE,256.7,257.3,257.9,64059,12328,4070,17.53
2026-09-21 14:58:33,23452.95,2026-09-22,23750.0,CE,2.65,2.65,2.7,1451857,90774,24563,13.48
2026-09-21 14:58:33,23452.95,2026-09-22,23750.0,PE,306.0,304.4,305.35,9169,1689,125,19.32
2026-09-21 14:58:33,23452.95,2026-09-22,23800.0,CE,2.15,2.1,2.15,1317657,142836,16461,14.71
2026-09-21 14:58:33,23452.95,2026-09-22,23800.0,PE,355.3,354.4,355.0,17811,6897,-161,21.25
2026-09-21 14:58:33,23452.95,2026-09-22,23850.0,CE,1.75,1.7,1.75,374240,61917,16122,15.98
2026-09-21 14:58:33,23452.95,2026-09-22,23850.0,PE,404.95,403.35,405.0,1240,1157,39,23.46
2026-09-21 14:58:33,23452.95,2026-09-22,23900.0,CE,1.5,1.5,1.55,583909,105865,15953,17.33
2026-09-21 14:58:33,23452.95,2026-09-22,23900.0,PE,455.15,453.65,454.95,7642,3725,-2996,23.52
2026-09-21 14:58:33,23452.95,2026-09-22,23950.0,CE,1.35,1.3,1.35,256620,27341,-9092,18.49
2026-09-21 14:58:33,23452.95,2026-09-22,23950.0,PE,504.7,502.55,504.35,629,1023,-131,27.01
2026-09-21 14:59:33,23450.55,2026-09-22,22950.0,CE,503.0,503.8,506.1,1786,1302,-44,
2026-09-21 14:59:33,23450.55,2026-09-22,22950.0,PE,3.8,3.75,3.8,522913,69169,12363,23.08
2026-09-21 14:59:33,23450.55,2026-09-22,23000.0,CE,455.0,454.1,455.6,45865,7505,-2061,
2026-09-21 14:59:33,23450.55,2026-09-22,23000.0,PE,4.45,4.4,4.45,1448328,194780,25639,21.8
2026-09-21 14:59:33,23450.55,2026-09-22,23050.0,CE,406.0,405.55,406.75,10941,2593,223,
2026-09-21 14:59:33,23450.55,2026-09-22,23050.0,PE,5.1,5.1,5.15,750936,78573,34410,20.41
2026-09-21 14:59:33,23450.55,2026-09-22,23100.0,CE,356.45,356.35,357.3,77643,8696,-449,
2026-09-21 14:59:33,23450.55,2026-09-22,23100.0,PE,6.3,6.3,6.35,1469279,137913,38992,19.21
2026-09-21 14:59:33,23450.55,2026-09-22,23150.0,CE,308.25,308.25,309.25,74860,4890,-489,
2026-09-21 14:59:33,23450.55,2026-09-22,23150.0,PE,7.9,7.85,7.9,1409873,100902,40850,18.06
2026-09-21 14:59:33,23450.55,2026-09-22,23200.0,CE,260.15,260.2,260.9,586734,35450,-5558,10.9
2026-09-21 14:59:33,23450.55,2026-09-22,23200.0,PE,10.55,10.55,10.65,2505575,221460,73739,17.08
2026-09-21 14:59:33,23450.55,2026-09-22,23250.0,CE,215.05,214.55,215.05,700360,23167,-4706,12.47
2026-09-21 14:59:33,23450.55,2026-09-22,23250.0,PE,14.55,14.5,14.55,1980099,165569,65712,16.15
2026-09-21 14:59:33,23450.55,2026-09-22,23300.0,CE,170.75,170.9,171.3,2721621,79327,-34822,12.39
2026-09-21 14:59:33,23450.55,2026-09-22,23300.0,PE,20.9,20.9,20.95,4569461,370624,175446,15.4
2026-09-21 14:59:33,23450.55,2026-09-22,23350.0,CE,130.4,130.4,130.75,3830587,73590,-2650,12.38
2026-09-21 14:59:33,23450.55,2026-09-22,23350.0,PE,29.9,29.75,29.85,4877202,288630,209506,14.68
2026-09-21 14:59:33,23450.55,2026-09-22,23400.0,CE,93.95,93.9,94.2,8178704,219022,84126,12.23
2026-09-21 14:59:33,23450.55,2026-09-22,23400.0,PE,43.55,43.5,43.65,6969715,467871,394220,14.21
2026-09-21 14:59:33,23450.55,2026-09-22,23450.0,CE,63.75,63.75,63.85,5914834,215686,156303,12.06
2026-09-21 14:59:33,23450.55,2026-09-22,23450.0,PE,63.0,62.95,63.05,2958353,260839,250122,13.82
2026-09-21 14:59:33,23450.55,2026-09-22,23500.0,CE,41.05,41.0,41.1,6093026,324038,182097,12.0
2026-09-21 14:59:33,23450.55,2026-09-22,23500.0,PE,90.3,90.3,90.55,2255419,166375,129371,13.99
2026-09-21 14:59:33,23450.55,2026-09-22,23550.0,CE,24.45,24.35,24.45,2992871,141227,84991,12.01
2026-09-21 14:59:33,23450.55,2026-09-22,23550.0,PE,124.25,124.25,124.5,427897,31134,27095,14.24
2026-09-21 14:59:33,23450.55,2026-09-22,23600.0,CE,13.9,13.85,13.95,3268578,209194,87517,12.12
2026-09-21 14:59:33,23450.55,2026-09-22,23600.0,PE,163.9,163.55,163.85,357159,38238,26857,15.02
2026-09-21 14:59:33,23450.55,2026-09-22,23650.0,CE,7.7,7.65,7.7,2035265,109808,47628,12.39
2026-09-21 14:59:33,23450.55,2026-09-22,23650.0,PE,207.95,207.35,207.9,69831,8109,5085,15.83
2026-09-21 14:59:33,23450.55,2026-09-22,23700.0,CE,4.4,4.35,4.4,2045151,157434,11346,12.82
2026-09-21 14:59:33,23450.55,2026-09-22,23700.0,PE,254.1,254.0,254.8,64139,12291,4033,17.53
2026-09-21 14:59:33,23450.55,2026-09-22,23750.0,CE,2.75,2.75,2.8,1458142,90391,24180,13.48
2026-09-21 14:59:33,23450.55,2026-09-22,23750.0,PE,302.65,301.75,302.75,9187,1696,132,19.32
2026-09-21 14:59:33,23450.55,2026-09-22,23800.0,CE,2.15,2.15,2.2,1319262,142167,15792,14.71
2026-09-21 14:59:33,23450.55,2026-09-22,23800.0,PE,352.0,351.15,352.1,17843,6912,-146,21.25
2026-09-21 14:59:33,23450.55,2026-09-22,23850.0,CE,1.75,1.7,1.75,374450,62068,16273,15.98
2026-09-21 14:59:33,23450.55,2026-09-22,23850.0,PE,402.0,400.3,401.85,1250,1157,39,23.46
2026-09-21 14:59:33,23450.55,2026-09-22,23900.0,CE,1.55,1.5,1.55,587598,106193,16281,17.33
2026-09-21 14:59:33,23450.55,2026-09-22,23900.0,PE,453.8,450.45,451.9,7646,3720,-3001,23.52
2026-09-21 14:59:33,23450.55,2026-09-22,23950.0,CE,1.35,1.3,1.35,256926,27347,-9086,18.49
2026-09-21 14:59:33,23450.55,2026-09-22,23950.0,PE,504.7,499.1,501.15,629,1021,-133,27.01
2026-09-21 15:00:33,23444.3,2026-09-22,22950.0,CE,499.65,498.55,500.45,1789,1303,-43,
2026-09-21 15:00:33,23444.3,2026-09-22,22950.0,PE,3.8,3.8,3.85,526839,67876,11070,23.08
2026-09-21 15:00:33,23444.3,2026-09-22,23000.0,CE,450.4,449.0,450.4,45997,7490,-2076,
2026-09-21 15:00:33,23444.3,2026-09-22,23000.0,PE,4.6,4.5,4.55,1459358,196541,27400,21.8
2026-09-21 15:00:33,23444.3,2026-09-22,23050.0,CE,399.9,400.3,401.55,10957,2589,219,
2026-09-21 15:00:33,23444.3,2026-09-22,23050.0,PE,5.25,5.25,5.3,753996,78480,34317,20.41
2026-09-21 15:00:33,23444.3,2026-09-22,23100.0,CE,351.45,351.1,352.05,77857,8731,-414,
2026-09-21 15:00:33,23444.3,2026-09-22,23100.0,PE,6.6,6.5,6.55,1474559,137217,38296,19.21
2026-09-21 15:00:33,23444.3,2026-09-22,23150.0,CE,302.4,303.2,304.05,75130,4787,-592,
2026-09-21 15:00:33,23444.3,2026-09-22,23150.0,PE,8.2,8.15,8.2,1419320,100484,40432,18.06
2026-09-21 15:00:33,23444.3,2026-09-22,23200.0,CE,256.1,255.65,256.0,587949,35522,-5486,10.9
2026-09-21 15:00:33,23444.3,2026-09-22,23200.0,PE,11.1,11.05,11.1,2517664,222184,74463,17.08
2026-09-21 15:00:33,23444.3,2026-09-22,23250.0,CE,210.5,209.95,210.55,702110,22907,-4966,12.47
2026-09-21 15:00:33,23444.3,2026-09-22,23250.0,PE,15.3,15.25,15.3,1990552,166551,66694,16.15
2026-09-21 15:00:33,23444.3,2026-09-22,23300.0,CE,166.9,166.55,166.9,2728463,79447,-34702,12.39
2026-09-21 15:00:33,23444.3,2026-09-22,23300.0,PE,22.0,21.95,22.0,4588259,370002,174824,15.4
2026-09-21 15:00:33,23444.3,2026-09-22,23350.0,CE,126.95,126.7,126.95,3843702,73629,-2611,12.38
2026-09-21 15:00:33,23444.3,2026-09-22,23350.0,PE,31.35,31.25,31.35,4902459,285003,205879,14.68
2026-09-21 15:00:33,23444.3,2026-09-22,23400.0,CE,90.65,90.65,90.85,8212018,216689,81793,12.23
2026-09-21 15:00:33,23444.3,2026-09-22,23400.0,PE,45.65,45.5,45.65,7013174,466479,392828,14.21
2026-09-21 15:00:33,23444.3,2026-09-22,23450.0,CE,61.2,61.05,61.2,5967629,211754,152371,12.06
2026-09-21 15:00:33,23444.3,2026-09-22,23450.0,PE,65.6,65.4,65.6,2993468,260372,249655,13.82
2026-09-21 15:00:33,23444.3,2026-09-22,23500.0,CE,38.7,38.75,38.85,6152073,319309,177368,12.0
2026-09-21 15:00:33,23444.3,2026-09-22,23500.0,PE,93.65,93.45,93.65,2277209,164096,127092,13.99
2026-09-21 15:00:33,23444.3,2026-09-22,23550.0,CE,22.8,22.7,22.8,3026968,138014,81778,12.01
2026-09-21 15:00:33,23444.3,2026-09-22,23550.0,PE,127.65,127.7,128.0,432085,30271,26232,14.24
2026-09-21 15:00:33,23444.3,2026-09-22,23600.0,CE,12.7,12.65,12.75,3305861,207262,85585,12.12
2026-09-21 15:00:33,23444.3,2026-09-22,23600.0,PE,168.35,168.0,168.3,360507,37947,26566,15.02
2026-09-21 15:00:33,23444.3,2026-09-22,23650.0,CE,6.9,6.85,6.9,2055595,108372,46192,12.39
2026-09-21 15:00:33,23444.3,2026-09-22,23650.0,PE,212.6,212.0,212.4,70513,8008,4984,15.83
2026-09-21 15:00:33,23444.3,2026-09-22,23700.0,CE,3.95,3.9,3.95,2069179,154428,8340,12.82
2026-09-21 15:00:33,23444.3,2026-09-22,23700.0,PE,259.65,259.1,259.6,64732,12080,3822,17.53
2026-09-21 15:00:33,23444.3,2026-09-22,23750.0,CE,2.5,2.5,2.55,1469063,90880,24669,13.48
2026-09-21 15:00:33,23444.3,2026-09-22,23750.0,PE,309.1,306.8,307.75,9251,1692,128,19.32
2026-09-21 15:00:33,23444.3,2026-09-22,23800.0,CE,2.0,2.0,2.05,1335933,142357,15982,14.71
2026-09-21 15:00:33,23444.3,2026-09-22,23800.0,PE,358.2,356.4,357.45,17947,6866,-192,21.25
2026-09-21 15:00:33,23444.3,2026-09-22,23850.0,CE,1.65,1.65,1.7,376954,61629,15834,15.98
2026-09-21 15:00:33,23444.3,2026-09-22,23850.0,PE,402.0,404.9,407.0,1251,1159,41,23.46
2026-09-21 15:00:33,23444.3,2026-09-22,23900.0,CE,1.5,1.45,1.5,593487,108252,18340,17.33
2026-09-21 15:00:33,23444.3,2026-09-22,23900.0,PE,454.25,455.8,457.2,7649,3720,-3001,23.52
2026-09-21 15:00:33,23444.3,2026-09-22,23950.0,CE,1.25,1.25,1.3,259681,26984,-9449,18.49
2026-09-21 15:00:33,23444.3,2026-09-22,23950.0,PE,504.7,504.45,506.8,632,1023,-131,27.01
2026-09-21 15:01:34,23448.85,2026-09-22,22950.0,CE,492.7,491.35,493.05,1793,1303,-43,
2026-09-21 15:01:34,23448.85,2026-09-22,22950.0,PE,4.1,4.1,4.15,529739,66625,9819,23.0
2026-09-21 15:01:34,23448.85,2026-09-22,23000.0,CE,442.35,442.35,443.45,46143,7470,-2096,
2026-09-21 15:01:34,23448.85,2026-09-22,23000.0,PE,4.85,4.85,4.9,1464345,196535,27394,21.78
2026-09-21 15:01:34,23448.85,2026-09-22,23050.0,CE,393.85,393.35,394.6,10982,2584,214,
2026-09-21 15:01:34,23448.85,2026-09-22,23050.0,PE,5.65,5.65,5.7,759074,78302,34139,20.44
2026-09-21 15:01:34,23448.85,2026-09-22,23100.0,CE,344.4,343.95,344.9,78023,8752,-393,
2026-09-21 15:01:34,23448.85,2026-09-22,23100.0,PE,7.05,7.05,7.1,1486350,135711,36790,19.31
2026-09-21 15:01:34,23448.85,2026-09-22,23150.0,CE,297.65,296.85,297.75,75330,4726,-653,
2026-09-21 15:01:34,23448.85,2026-09-22,23150.0,PE,8.9,8.85,8.9,1431847,100779,40727,18.11
2026-09-21 15:01:34,23448.85,2026-09-22,23200.0,CE,248.95,248.9,249.6,589361,35337,-5671,
2026-09-21 15:01:34,23448.85,2026-09-22,23200.0,PE,11.95,11.9,11.95,2528938,222529,74808,17.18
2026-09-21 15:01:34,23448.85,2026-09-22,23250.0,CE,204.0,203.35,203.95,703601,22774,-5099,10.3
2026-09-21 15:01:34,23448.85,2026-09-22,23250.0,PE,16.45,16.4,16.45,1997886,165311,65454,16.3
2026-09-21 15:01:34,23448.85,2026-09-22,23300.0,CE,161.0,160.55,161.0,2734641,79201,-34948,11.5
2026-09-21 15:01:34,23448.85,2026-09-22,23300.0,PE,23.5,23.45,23.5,4604728,369442,174264,15.64
2026-09-21 15:01:34,23448.85,2026-09-22,23350.0,CE,121.6,121.35,121.6,3852646,72797,-3443,11.91
2026-09-21 15:01:34,23448.85,2026-09-22,23350.0,PE,33.2,33.1,33.2,4918364,281373,202249,14.91
2026-09-21 15:01:34,23448.85,2026-09-22,23400.0,CE,85.9,85.65,85.9,8243961,211320,76424,11.78
2026-09-21 15:01:34,23448.85,2026-09-22,23400.0,PE,48.05,47.95,48.05,7049253,463577,389926,14.44
2026-09-21 15:01:34,23448.85,2026-09-22,23450.0,CE,56.6,56.55,56.65,6009669,208231,148848,11.68
2026-09-21 15:01:34,23448.85,2026-09-22,23450.0,PE,68.75,68.7,68.85,3020428,256752,246035,14.17
2026-09-21 15:01:34,23448.85,2026-09-22,23500.0,CE,35.55,35.55,35.6,6200038,309095,167154,11.72
2026-09-21 15:01:34,23448.85,2026-09-22,23500.0,PE,97.55,97.4,97.55,2296116,162397,125393,14.32
2026-09-21 15:01:34,23448.85,2026-09-22,23550.0,CE,20.25,20.2,20.3,3052070,134607,78371,11.74
2026-09-21 15:01:34,23448.85,2026-09-22,23550.0,PE,132.75,132.5,132.8,435837,29762,25723,14.68
2026-09-21 15:01:34,23448.85,2026-09-22,23600.0,CE,11.0,10.9,11.0,3340869,204454,82777,11.86
2026-09-21 15:01:34,23448.85,2026-09-22,23600.0,PE,173.8,173.7,174.15,364203,36754,25373,15.58
2026-09-21 15:01:34,23448.85,2026-09-22,23650.0,CE,5.9,5.9,5.95,2071687,106950,44770,12.08
2026-09-21 15:01:34,23448.85,2026-09-22,23650.0,PE,218.25,218.35,219.0,71115,7943,4919,16.82
2026-09-21 15:01:34,23448.85,2026-09-22,23700.0,CE,3.4,3.4,3.45,2086202,152131,6043,12.56
2026-09-21 15:01:34,23448.85,2026-09-22,23700.0,PE,265.6,265.45,266.1,65282,11593,3335,18.46
2026-09-21 15:01:34,23448.85,2026-09-22,23750.0,CE,2.25,2.25,2.3,1478672,90439,24228,13.36
2026-09-21 15:01:34,23448.85,2026-09-22,23750.0,PE,314.6,313.9,314.75,9335,1651,87,21.12
2026-09-21 15:01:34,23448.85,2026-09-22,23800.0,CE,1.9,1.9,1.95,1341948,141117,14742,14.63
2026-09-21 15:01:34,23448.85,2026-09-22,23800.0,PE,364.0,363.9,364.95,18045,6809,-249,23.2
2026-09-21 15:01:34,23448.85,2026-09-22,23850.0,CE,1.65,1.6,1.65,377565,61426,15631,15.88
2026-09-21 15:01:34,23448.85,2026-09-22,23850.0,PE,413.4,412.75,414.2,1271,1160,42,22.57
2026-09-21 15:01:34,23448.85,2026-09-22,23900.0,CE,1.5,1.45,1.5,594996,108197,18285,17.14
2026-09-21 15:01:34,23448.85,2026-09-22,23900.0,PE,465.0,463.3,464.85,7661,3720,-3001,25.93
2026-09-21 15:01:34,23448.85,2026-09-22,23950.0,CE,1.25,1.25,1.3,260008,26944,-9489,18.47
2026-09-21 15:01:34,23448.85,2026-09-22,23950.0,PE,504.7,512.15,514.1,632,1023,-131,28.34
2026-09-21 15:02:34,23443.8,2026-09-22,22950.0,CE,495.05,494.85,496.7,1796,1300,-46,
2026-09-21 15:02:34,23443.8,2026-09-22,22950.0,PE,4.0,4.0,4.05,532906,66169,9363,22.89
2026-09-21 15:02:34,23443.8,2026-09-22,23000.0,CE,445.55,445.1,446.6,46319,7442,-2124,
2026-09-21 15:02:34,23443.8,2026-09-22,23000.0,PE,4.75,4.7,4.75,1469210,197037,27896,21.75
2026-09-21 15:02:34,23443.8,2026-09-22,23050.0,CE,399.5,396.55,397.7,10993,2584,214,
2026-09-21 15:02:34,23443.8,2026-09-22,23050.0,PE,5.55,5.5,5.55,763310,78175,34012,20.32
2026-09-21 15:02:34,23443.8,2026-09-22,23100.0,CE,348.75,347.6,348.2,78230,8727,-418,
2026-09-21 15:02:34,23443.8,2026-09-22,23100.0,PE,6.85,6.85,6.9,1493572,136257,37336,19.21
2026-09-21 15:02:34,23443.8,2026-09-22,23150.0,CE,299.6,299.65,300.5,75548,4720,-659,
2026-09-21 15:02:34,23443.8,2026-09-22,23150.0,PE,8.65,8.6,8.65,1439230,100725,40673,17.98
2026-09-21 15:02:34,23443.8,2026-09-22,23200.0,CE,252.95,252.25,252.7,590958,35350,-5658,10.54
2026-09-21 15:02:34,23443.8,2026-09-22,23200.0,PE,11.5,11.5,11.55,2547740,223657,75936,17.05
2026-09-21 15:02:34,23443.8,2026-09-22,23250.0,CE,207.0,206.65,207.2,705561,22831,-5042,12.07
2026-09-21 15:02:34,23443.8,2026-09-22,23250.0,PE,15.85,15.85,15.9,2011298,164379,64522,16.16
2026-09-21 15:02:34,23443.8,2026-09-22,23300.0,CE,163.95,163.5,163.9,2743648,79023,-35126,12.33
2026-09-21 15:02:34,23443.8,2026-09-22,23300.0,PE,22.65,22.65,22.75,4631525,368627,173449,15.47
2026-09-21 15:02:34,23443.8,2026-09-22,23350.0,CE,123.45,123.45,123.8,3865503,73440,-2800,12.38
2026-09-21 15:02:34,23443.8,2026-09-22,23350.0,PE,32.25,32.15,32.25,4947967,280571,201447,14.74
2026-09-21 15:02:34,23443.8,2026-09-22,23400.0,CE,87.75,87.7,87.95,8282829,211519,76623,12.09
2026-09-21 15:02:34,23443.8,2026-09-22,23400.0,PE,46.8,46.65,46.8,7108830,460845,387194,14.26
2026-09-21 15:02:34,23443.8,2026-09-22,23450.0,CE,58.4,58.4,58.55,6057954,206847,147464,11.98
2026-09-21 15:02:34,23443.8,2026-09-22,23450.0,PE,67.3,67.1,67.25,3060932,252612,241895,13.91
2026-09-21 15:02:34,23443.8,2026-09-22,23500.0,CE,36.9,36.75,36.85,6249892,311308,169367,11.93
2026-09-21 15:02:34,23443.8,2026-09-22,23500.0,PE,95.7,95.5,95.75,2322915,158293,121289,14.05
2026-09-21 15:02:34,23443.8,2026-09-22,23550.0,CE,21.2,21.15,21.25,3081912,137790,81554,11.9
2026-09-21 15:02:34,23443.8,2026-09-22,23550.0,PE,130.3,130.1,130.45,441515,29654,25615,14.31
2026-09-21 15:02:34,23443.8,2026-09-22,23600.0,CE,11.7,11.65,11.75,3369601,204266,82589,11.98
2026-09-21 15:02:34,23443.8,2026-09-22,23600.0,PE,170.45,170.55,170.95,369837,35854,24473,15.17
2026-09-21 15:02:34,23443.8,2026-09-22,23650.0,CE,6.25,6.25,6.3,2086019,107220,45040,12.2
2026-09-21 15:02:34,23443.8,2026-09-22,23650.0,PE,215.55,214.95,215.55,71889,7886,4862,16.29
2026-09-21 15:02:34,23443.8,2026-09-22,23700.0,CE,3.65,3.65,3.7,2107717,150007,3919,12.69
2026-09-21 15:02:34,23443.8,2026-09-22,23700.0,PE,262.95,262.3,262.95,65733,11543,3285,17.85
2026-09-21 15:02:34,23443.8,2026-09-22,23750.0,CE,2.35,2.35,2.4,1486685,90097,23886,13.43
2026-09-21 15:02:34,23443.8,2026-09-22,23750.0,PE,310.2,310.6,311.6,9375,1645,81,20.07
2026-09-21 15:02:34,23443.8,2026-09-22,23800.0,CE,1.95,1.95,2.0,1346138,141527,15152,14.67
2026-09-21 15:02:34,23443.8,2026-09-22,23800.0,PE,361.0,360.25,361.2,18148,6765,-293,22.03
2026-09-21 15:02:34,23443.8,2026-09-22,23850.0,CE,1.6,1.6,1.65,378817,61517,15722,15.91
2026-09-21 15:02:34,23443.8,2026-09-22,23850.0,PE,408.85,409.25,411.1,1277,1160,42,20.9
2026-09-21 15:02:34,23443.8,2026-09-22,23900.0,CE,1.5,1.45,1.5,597174,108838,18926,17.33
2026-09-21 15:02:34,23443.8,2026-09-22,23900.0,PE,457.1,459.75,461.05,7665,3710,-3011,24.37
2026-09-21 15:02:34,23443.8,2026-09-22,23950.0,CE,1.25,1.25,1.3,260484,27123,-9310,18.46
2026-09-21 15:02:34,23443.8,2026-09-22,23950.0,PE,508.45,508.55,511.0,637,1024,-130,26.72
2026-09-21 15:03:34,23442.85,2026-09-22,22950.0,CE,494.0,493.8,495.4,1797,1300,-46,
2026-09-21 15:03:34,23442.85,2026-09-22,22950.0,PE,4.1,4.05,4.1,535518,66169,9363,22.89
2026-09-21 15:03:34,23442.85,2026-09-22,23000.0,CE,443.85,444.15,445.65,46347,7442,-2124,
2026-09-21 15:03:34,23442.85,2026-09-22,23000.0,PE,4.8,4.8,4.85,1472548,197037,27896,21.75
2026-09-21 15:03:34,23442.85,2026-09-22,23050.0,CE,395.0,395.65,396.8,10996,2582,212,
2026-09-21 15:03:34,23442.85,2026-09-22,23050.0,PE,5.7,5.65,5.7,768399,78175,34012,20.32
2026-09-21 15:03:34,23442.85,2026-09-22,23100.0,CE,347.15,346.55,347.55,78309,8727,-418,
2026-09-21 15:03:34,23442.85,2026-09-22,23100.0,PE,6.95,6.95,7.0,1496438,136257,37336,19.21
2026-09-21 15:03:34,23442.85,2026-09-22,23150.0,CE,299.7,298.7,299.55,75576,4720,-659,
2026-09-21 15:03:34,23442.85,2026-09-22,23150.0,PE,8.8,8.75,8.8,1442497,100725,40673,17.98
2026-09-21 15:03:34,23442.85,2026-09-22,23200.0,CE,251.9,251.6,252.0,591549,35350,-5658,10.54
2026-09-21 15:03:34,23442.85,2026-09-22,23200.0,PE,11.75,11.75,11.8,2552415,223657,75936,17.05
2026-09-21 15:03:34,23442.85,2026-09-22,23250.0,CE,206.0,205.65,206.1,705949,22831,-5042,12.07
2026-09-21 15:03:34,23442.85,2026-09-22,23250.0,PE,16.2,16.15,16.25,2015627,164379,64522,16.16
2026-09-21 15:03:34,23442.85,2026-09-22,23300.0,CE,163.4,163.2,163.4,2745700,79023,-35126,12.33
2026-09-21 15:03:34,23442.85,2026-09-22,23300.0,PE,23.0,23.0,23.05,4639322,368627,173449,15.47
2026-09-21 15:03:34,23442.85,2026-09-22,23350.0,CE,123.0,123.0,123.25,3868999,73440,-2800,12.38
2026-09-21 15:03:34,23442.85,2026-09-22,23350.0,PE,32.55,32.55,32.65,4955578,280571,201447,14.74
2026-09-21 15:03:34,23442.85,2026-09-22,23400.0,CE,87.4,87.15,87.4,8293400,211519,76623,12.09
2026-09-21 15:03:34,23442.85,2026-09-22,23400.0,PE,47.3,47.2,47.35,7128545,460845,387194,14.26
2026-09-21 15:03:34,23442.85,2026-09-22,23450.0,CE,58.0,58.0,58.15,6072104,206847,147464,11.98
2026-09-21 15:03:34,23442.85,2026-09-22,23450.0,PE,67.6,67.55,67.7,3078736,252612,241895,13.91
2026-09-21 15:03:34,23442.85,2026-09-22,23500.0,CE,36.45,36.45,36.6,6262511,311308,169367,11.93
2026-09-21 15:03:34,23442.85,2026-09-22,23500.0,PE,96.2,96.2,96.4,2331419,158293,121289,14.05
2026-09-21 15:03:34,23442.85,2026-09-22,23550.0,CE,21.0,20.9,21.0,3091578,137790,81554,11.9
2026-09-21 15:03:34,23442.85,2026-09-22,23550.0,PE,131.15,130.7,131.05,443731,29654,25615,14.31
2026-09-21 15:03:34,23442.85,2026-09-22,23600.0,CE,11.35,11.3,11.35,3378509,204266,82589,11.98
2026-09-21 15:03:34,23442.85,2026-09-22,23600.0,PE,171.7,171.65,172.0,371349,35854,24473,15.17
2026-09-21 15:03:34,23442.85,2026-09-22,23650.0,CE,6.1,6.1,6.15,2090333,107220,45040,12.2
2026-09-21 15:03:34,23442.85,2026-09-22,23650.0,PE,216.45,215.7,216.4,72104,7886,4862,16.29
2026-09-21 15:03:34,23442.85,2026-09-22,23700.0,CE,3.55,3.55,3.6,2112637,150007,3919,12.69
2026-09-21 15:03:34,23442.85,2026-09-22,23700.0,PE,263.3,263.25,263.9,65859,11543,3285,17.85
2026-09-21 15:03:34,23442.85,2026-09-22,23750.0,CE,2.35,2.35,2.4,1492318,90097,23886,13.43
2026-09-21 15:03:34,23442.85,2026-09-22,23750.0,PE,312.0,311.75,312.6,9393,1645,81,20.07
2026-09-21 15:03:34,23442.85,2026-09-22,23800.0,CE,1.95,1.95,2.0,1349237,141527,15152,14.67
2026-09-21 15:03:34,23442.85,2026-09-22,23800.0,PE,362.25,361.3,362.4,18175,6765,-293,22.03
2026-09-21 15:03:34,23442.85,2026-09-22,23850.0,CE,1.75,1.7,1.75,381185,61517,15722,15.91
2026-09-21 15:03:34,23442.85,2026-09-22,23850.0,PE,408.85,410.5,412.4,1277,1160,42,20.9
2026-09-21 15:03:34,23442.85,2026-09-22,23900.0,CE,1.55,1.55,1.6,601510,108838,18926,17.33
2026-09-21 15:03:34,23442.85,2026-09-22,23900.0,PE,457.1,460.8,462.05,7665,3710,-3011,24.37
2026-09-21 15:03:34,23442.85,2026-09-22,23950.0,CE,1.35,1.3,1.35,261143,27123,-9310,18.46
2026-09-21 15:03:34,23442.85,2026-09-22,23950.0,PE,511.0,509.4,511.7,639,1024,-130,26.72
2026-09-21 15:04:35,23443.3,2026-09-22,22950.0,CE,494.0,494.4,496.1,1797,1300,-46,
2026-09-21 15:04:35,23443.3,2026-09-22,22950.0,PE,4.15,4.1,4.15,537977,66132,9326,22.89
2026-09-21 15:04:35,23443.3,2026-09-22,23000.0,CE,445.9,445.0,446.5,46356,7437,-2129,
2026-09-21 15:04:35,23443.3,2026-09-22,23000.0,PE,4.85,4.85,4.9,1477177,197211,28070,21.75
2026-09-21 15:04:35,23443.3,2026-09-22,23050.0,CE,399.0,396.1,397.25,10999,2581,211,
2026-09-21 15:04:35,23443.3,2026-09-22,23050.0,PE,5.7,5.65,5.7,778940,78644,34481,20.32
2026-09-21 15:04:35,23443.3,2026-09-22,23100.0,CE,347.4,347.0,347.9,78366,8739,-406,
2026-09-21 15:04:35,23443.3,2026-09-22,23100.0,PE,7.0,6.95,7.0,1502373,136365,37444,19.21
2026-09-21 15:04:35,23443.3,2026-09-22,23150.0,CE,299.65,299.4,300.25,75712,4747,-632,
2026-09-21 15:04:35,23443.3,2026-09-22,23150.0,PE,8.8,8.75,8.8,1448613,100609,40557,17.98
2026-09-21 15:04:35,23443.3,2026-09-22,23200.0,CE,251.85,251.7,252.3,592206,35485,-5523,10.54
2026-09-21 15:04:35,23443.3,2026-09-22,23200.0,PE,11.75,11.75,11.85,2561011,223677,75956,17.05
2026-09-21 15:04:35,23443.3,2026-09-22,23250.0,CE,206.4,206.4,206.75,706557,22837,-5036,12.07
2026-09-21 15:04:35,23443.3,2026-09-22,23250.0,PE,16.2,16.15,16.2,2027058,164287,64430,16.16
2026-09-21 15:04:35,23443.3,2026-09-22,23300.0,CE,163.85,163.65,163.85,2748413,78892,-35257,12.33
2026-09-21 15:04:35,23443.3,2026-09-22,23300.0,PE,23.2,23.1,23.2,4653630,367366,172188,15.47
2026-09-21 15:04:35,23443.3,2026-09-22,23350.0,CE,123.85,123.65,123.9,3872921,73192,-3048,12.38
2026-09-21 15:04:35,23443.3,2026-09-22,23350.0,PE,32.7,32.6,32.7,4966304,281391,202267,14.74
2026-09-21 15:04:35,23443.3,2026-09-22,23400.0,CE,87.9,87.9,88.0,8304156,211864,76968,12.09
2026-09-21 15:04:35,23443.3,2026-09-22,23400.0,PE,47.5,47.4,47.5,7153150,462572,388921,14.26
2026-09-21 15:04:35,23443.3,2026-09-22,23450.0,CE,58.5,58.5,58.6,6087748,206164,146781,11.98
2026-09-21 15:04:35,23443.3,2026-09-22,23450.0,PE,67.85,67.75,67.9,3096946,251150,240433,13.91
2026-09-21 15:04:35,23443.3,2026-09-22,23500.0,CE,36.9,36.9,37.0,6279301,310605,168664,11.93
2026-09-21 15:04:35,23443.3,2026-09-22,23500.0,PE,96.0,96.05,96.1,2341743,159709,122705,14.05
2026-09-21 15:04:35,23443.3,2026-09-22,23550.0,CE,21.1,21.1,21.2,3099373,137009,80773,11.9
2026-09-21 15:04:35,23443.3,2026-09-22,23550.0,PE,130.85,130.8,131.05,445846,29736,25697,14.31
2026-09-21 15:04:35,23443.3,2026-09-22,23600.0,CE,11.5,11.5,11.55,3390038,204812,83135,11.98
2026-09-21 15:04:35,23443.3,2026-09-22,23600.0,PE,171.25,171.3,171.7,372964,35627,24246,15.17
2026-09-21 15:04:35,23443.3,2026-09-22,23650.0,CE,6.2,6.2,6.25,2095571,108266,46086,12.2
2026-09-21 15:04:35,23443.3,2026-09-22,23650.0,PE,215.25,215.45,216.1,72368,7896,4872,16.29
2026-09-21 15:04:35,23443.3,2026-09-22,23700.0,CE,3.65,3.6,3.65,2116975,149959,3871,12.69
2026-09-21 15:04:35,23443.3,2026-09-22,23700.0,PE,262.75,262.95,263.55,65980,11514,3256,17.85
2026-09-21 15:04:35,23443.3,2026-09-22,23750.0,CE,2.4,2.4,2.45,1496504,90161,23950,13.43
2026-09-21 15:04:35,23443.3,2026-09-22,23750.0,PE,309.45,311.15,312.15,9415,1642,78,20.07
2026-09-21 15:04:35,23443.3,2026-09-22,23800.0,CE,2.0,1.95,2.0,1350675,141347,14972,14.67
2026-09-21 15:04:35,23443.3,2026-09-22,23800.0,PE,361.95,360.95,361.95,18251,6748,-310,22.03
2026-09-21 15:04:35,23443.3,2026-09-22,23850.0,CE,1.75,1.7,1.75,381548,61895,16100,15.91
2026-09-21 15:04:35,23443.3,2026-09-22,23850.0,PE,408.95,410.0,411.95,1279,1160,42,20.9
2026-09-21 15:04:35,23443.3,2026-09-22,23900.0,CE,1.6,1.55,1.6,605046,109292,19380,17.33
2026-09-21 15:04:35,23443.3,2026-09-22,23900.0,PE,458.4,460.3,461.6,7671,3710,-3011,24.37
2026-09-21 15:04:35,23443.3,2026-09-22,23950.0,CE,1.35,1.3,1.35,261371,27232,-9201,18.46
2026-09-21 15:04:35,23443.3,2026-09-22,23950.0,PE,511.5,509.25,511.15,642,1022,-132,26.72
2026-09-21 15:05:35,23441.6,2026-09-22,22950.0,CE,494.0,494.85,496.7,1797,1300,-46,
2026-09-21 15:05:35,23441.6,2026-09-22,22950.0,PE,4.1,4.05,4.1,540319,66201,9395,22.89
2026-09-21 15:05:35,23441.6,2026-09-22,23000.0,CE,445.65,445.2,446.65,46392,7436,-2130,
2026-09-21 15:05:35,23441.6,2026-09-22,23000.0,PE,4.75,4.75,4.8,1482030,197842,28701,21.75
2026-09-21 15:05:35,23441.6,2026-09-22,23050.0,CE,399.0,396.65,397.75,10999,2581,211,
2026-09-21 15:05:35,23441.6,2026-09-22,23050.0,PE,5.65,5.6,5.65,783144,80508,36345,20.32
2026-09-21 15:05:35,23441.6,2026-09-22,23100.0,CE,348.95,347.55,348.3,78391,8723,-422,
2026-09-21 15:05:35,23441.6,2026-09-22,23100.0,PE,6.85,6.85,6.9,1506737,135756,36835,19.21
2026-09-21 15:05:35,23441.6,2026-09-22,23150.0,CE,299.9,299.9,300.55,75746,4800,-579,
2026-09-21 15:05:35,23441.6,2026-09-22,23150.0,PE,8.65,8.65,8.7,1453095,101564,41512,17.98
2026-09-21 15:05:35,23441.6,2026-09-22,23200.0,CE,252.2,252.25,252.8,592370,35346,-5662,10.54
2026-09-21 15:05:35,23441.6,2026-09-22,23200.0,PE,11.65,11.65,11.7,2566939,223066,75345,17.05
2026-09-21 15:05:35,23441.6,2026-09-22,23250.0,CE,206.75,206.75,207.25,706777,22820,-5053,12.07
2026-09-21 15:05:35,23441.6,2026-09-22,23250.0,PE,15.95,15.95,16.0,2032047,164540,64683,16.16
2026-09-21 15:05:35,23441.6,2026-09-22,23300.0,CE,163.7,163.65,164.0,2749722,78413,-35736,12.33
2026-09-21 15:05:35,23441.6,2026-09-22,23300.0,PE,22.9,22.9,22.95,4660302,365038,169860,15.47
2026-09-21 15:05:35,23441.6,2026-09-22,23350.0,CE,123.8,123.7,124.05,3874635,72956,-3284,12.38
2026-09-21 15:05:35,23441.6,2026-09-22,23350.0,PE,32.45,32.35,32.45,4973778,280093,200969,14.74
2026-09-21 15:05:35,23441.6,2026-09-22,23400.0,CE,88.1,88.05,88.3,8310221,211145,76249,12.09
2026-09-21 15:05:35,23441.6,2026-09-22,23400.0,PE,47.0,47.0,47.1,7170317,459728,386077,14.26
2026-09-21 15:05:35,23441.6,2026-09-22,23450.0,CE,58.85,58.75,58.9,6097338,205237,145854,11.98
2026-09-21 15:05:35,23441.6,2026-09-22,23450.0,PE,67.3,67.25,67.35,3109215,249322,238605,13.91
2026-09-21 15:05:35,23441.6,2026-09-22,23500.0,CE,37.1,37.1,37.15,6289372,310613,168672,11.93
2026-09-21 15:05:35,23441.6,2026-09-22,23500.0,PE,95.9,95.75,95.9,2348206,157926,120922,14.05
2026-09-21 15:05:35,23441.6,2026-09-22,23550.0,CE,21.35,21.25,21.3,3104596,136600,80364,11.9
2026-09-21 15:05:35,23441.6,2026-09-22,23550.0,PE,130.45,130.6,130.8,447096,29646,25607,14.31
2026-09-21 15:05:35,23441.6,2026-09-22,23600.0,CE,11.7,11.6,11.65,3395933,204894,83217,11.98
2026-09-21 15:05:35,23441.6,2026-09-22,23600.0,PE,171.0,170.7,171.0,373621,35841,24460,15.17
2026-09-21 15:05:35,23441.6,2026-09-22,23650.0,CE,6.25,6.25,6.3,2102903,109052,46872,12.2
2026-09-21 15:05:35,23441.6,2026-09-22,23650.0,PE,215.2,215.05,215.6,72466,7884,4860,16.29
2026-09-21 15:05:35,23441.6,2026-09-22,23700.0,CE,3.7,3.65,3.7,2126324,150196,4108,12.69
2026-09-21 15:05:35,23441.6,2026-09-22,23700.0,PE,262.55,262.5,263.0,66072,11493,3235,17.85
2026-09-21 15:05:35,23441.6,2026-09-22,23750.0,CE,2.4,2.35,2.4,1500165,90407,24196,13.43
2026-09-21 15:05:35,23441.6,2026-09-22,23750.0,PE,310.55,310.75,311.5,9448,1620,56,20.07
2026-09-21 15:05:35,23441.6,2026-09-22,23800.0,CE,1.95,1.95,2.0,1353787,141491,15116,14.67
2026-09-21 15:05:35,23441.6,2026-09-22,23800.0,PE,360.3,360.3,361.3,18275,6724,-334,22.03
2026-09-21 15:05:35,23441.6,2026-09-22,23850.0,CE,1.7,1.7,1.75,381923,61857,16062,15.91
2026-09-21 15:05:35,23441.6,2026-09-22,23850.0,PE,408.95,409.65,411.25,1279,1160,42,20.9
2026-09-21 15:05:35,23441.6,2026-09-22,23900.0,CE,1.55,1.55,1.6,605777,111582,21670,17.33
2026-09-21 15:05:35,23441.6,2026-09-22,23900.0,PE,458.4,459.8,461.1,7671,3710,-3011,24.37
2026-09-21 15:05:35,23441.6,2026-09-22,23950.0,CE,1.35,1.3,1.35,262527,27313,-9120,18.46
2026-09-21 15:05:35,23441.6,2026-09-22,23950.0,PE,511.5,508.55,510.75,642,1022,-132,26.72
2026-09-21 15:06:35,23441.7,2026-09-22,22950.0,CE,494.0,496.0,497.5,1797,1300,-46,
2026-09-21 15:06:35,23441.7,2026-09-22,22950.0,PE,4.15,4.1,4.15,547438,66342,9536,22.89
2026-09-21 15:06:35,23441.7,2026-09-22,23000.0,CE,448.15,445.95,447.5,46451,7421,-2145,
2026-09-21 15:06:35,23441.7,2026-09-22,23000.0,PE,4.8,4.8,4.85,1490445,197601,28460,21.75
2026-09-21 15:06:35,23441.7,2026-09-22,23050.0,CE,396.45,397.25,398.35,11001,2579,209,
2026-09-21 15:06:35,23441.7,2026-09-22,23050.0,PE,5.7,5.65,5.7,793581,80216,36053,20.32
2026-09-21 15:06:35,23441.7,2026-09-22,23100.0,CE,349.3,348.1,349.05,78466,8717,-428,
2026-09-21 15:06:35,23441.7,2026-09-22,23100.0,PE,6.9,6.9,6.95,1518513,135406,36485,19.21
2026-09-21 15:06:35,23441.7,2026-09-22,23150.0,CE,301.25,300.65,301.4,75876,4809,-570,
2026-09-21 15:06:35,23441.7,2026-09-22,23150.0,PE,8.7,8.65,8.7,1464742,101335,41283,17.98
2026-09-21 15:06:35,23441.7,2026-09-22,23200.0,CE,253.45,253.0,253.45,592693,35326,-5682,10.54
2026-09-21 15:06:35,23441.7,2026-09-22,23200.0,PE,11.6,11.6,11.65,2575343,222358,74637,17.05
2026-09-21 15:06:35,23441.7,2026-09-22,23250.0,CE,207.95,207.3,207.75,707140,22807,-5066,12.07
2026-09-21 15:06:35,23441.7,2026-09-22,23250.0,PE,15.95,15.9,15.95,2040559,165460,65603,16.16
2026-09-21 15:06:35,23441.7,2026-09-22,23300.0,CE,164.25,164.35,164.8,2752067,78586,-35563,12.33
2026-09-21 15:06:35,23441.7,2026-09-22,23300.0,PE,22.8,22.8,22.9,4670499,363862,168684,15.47
2026-09-21 15:06:35,23441.7,2026-09-22,23350.0,CE,124.55,124.35,124.6,3877847,72912,-3328,12.38
2026-09-21 15:06:35,23441.7,2026-09-22,23350.0,PE,32.45,32.4,32.5,4982449,278985,199861,14.74
2026-09-21 15:06:35,23441.7,2026-09-22,23400.0,CE,88.75,88.65,88.7,8321158,211238,76342,12.09
2026-09-21 15:06:35,23441.7,2026-09-22,23400.0,PE,47.0,46.95,47.1,7193218,458022,384371,14.26
2026-09-21 15:06:35,23441.7,2026-09-22,23450.0,CE,59.05,59.05,59.2,6109004,206424,147041,11.98
2026-09-21 15:06:35,23441.7,2026-09-22,23450.0,PE,67.25,67.1,67.2,3124588,246570,235853,13.91
2026-09-21 15:06:35,23441.7,2026-09-22,23500.0,CE,37.4,37.35,37.5,6301892,311567,169626,11.93
2026-09-21 15:06:35,23441.7,2026-09-22,23500.0,PE,95.25,95.25,95.4,2356237,156813,119809,14.05
2026-09-21 15:06:35,23441.7,2026-09-22,23550.0,CE,21.4,21.4,21.45,3111692,136499,80263,11.9
2026-09-21 15:06:35,23441.7,2026-09-22,23550.0,PE,129.9,129.8,130.15,448701,29667,25628,14.31
2026-09-21 15:06:35,23441.7,2026-09-22,23600.0,CE,11.7,11.65,11.7,3403726,204914,83237,11.98
2026-09-21 15:06:35,23441.7,2026-09-22,23600.0,PE,170.0,170.1,170.55,375300,35688,24307,15.17
2026-09-21 15:06:35,23441.7,2026-09-22,23650.0,CE,6.3,6.25,6.3,2107166,109641,47461,12.2
2026-09-21 15:06:35,23441.7,2026-09-22,23650.0,PE,214.25,214.2,214.8,72717,7948,4924,16.29
2026-09-21 15:06:35,23441.7,2026-09-22,23700.0,CE,3.65,3.6,3.65,2130088,151474,5386,12.69
2026-09-21 15:06:35,23441.7,2026-09-22,23700.0,PE,261.4,261.85,262.35,66262,11446,3188,17.85
2026-09-21 15:06:35,23441.7,2026-09-22,23750.0,CE,2.35,2.35,2.4,1502374,91559,25348,13.43
2026-09-21 15:06:35,23441.7,2026-09-22,23750.0,PE,310.2,310.2,311.05,9473,1615,51,20.07
2026-09-21 15:06:35,23441.7,2026-09-22,23800.0,CE,1.95,1.95,2.0,1356042,141764,15389,14.67
2026-09-21 15:06:35,23441.7,2026-09-22,23800.0,PE,359.4,359.7,360.85,18292,6716,-342,22.03
2026-09-21 15:06:35,23441.7,2026-09-22,23850.0,CE,1.75,1.7,1.75,383112,61565,15770,15.91
2026-09-21 15:06:35,23441.7,2026-09-22,23850.0,PE,408.55,409.0,410.75,1285,1159,41,20.9
2026-09-21 15:06:35,23441.7,2026-09-22,23900.0,CE,1.5,1.5,1.55,607615,111531,21619,17.33
2026-09-21 15:06:35,23441.7,2026-09-22,23900.0,PE,459.5,459.25,460.65,7685,3705,-3016,24.37
2026-09-21 15:06:35,23441.7,2026-09-22,23950.0,CE,1.3,1.3,1.35,263081,27541,-8892,18.46
2026-09-21 15:06:35,23441.7,2026-09-22,23950.0,PE,507.7,508.15,510.4,643,1022,-132,26.72
2026-09-21 15:07:36,23441.55,2026-09-22,22950.0,CE,494.0,495.95,497.7,1797,1300,-46,
2026-09-21 15:07:36,23441.55,2026-09-22,22950.0,PE,4.15,4.1,4.15,550465,65447,8641,22.89
2026-09-21 15:07:36,23441.55,2026-09-22,23000.0,CE,446.5,446.35,447.8,46478,7405,-2161,
2026-09-21 15:07:36,23441.55,2026-09-22,23000.0,PE,4.85,4.8,4.85,1492592,196944,27803,21.75
2026-09-21 15:07:36,23441.55,2026-09-22,23050.0,CE,397.65,397.55,398.7,11017,2578,208,
2026-09-21 15:07:36,23441.55,2026-09-22,23050.0,PE,5.7,5.65,5.7,797165,79758,35595,20.32
2026-09-21 15:07:36,23441.55,2026-09-22,23100.0,CE,349.45,348.45,349.2,78485,8697,-448,
2026-09-21 15:07:36,23441.55,2026-09-22,23100.0,PE,6.9,6.9,6.95,1523459,136156,37235,19.21
2026-09-21 15:07:36,23441.55,2026-09-22,23150.0,CE,301.05,301.05,301.6,75967,4857,-522,
2026-09-21 15:07:36,23441.55,2026-09-22,23150.0,PE,8.7,8.65,8.7,1472606,100802,40750,17.98
2026-09-21 15:07:36,23441.55,2026-09-22,23200.0,CE,253.8,253.15,253.8,593028,35239,-5769,10.54
2026-09-21 15:07:36,23441.55,2026-09-22,23200.0,PE,11.7,11.65,11.7,2581765,222194,74473,17.05
2026-09-21 15:07:36,23441.55,2026-09-22,23250.0,CE,207.7,207.75,208.2,707565,22759,-5114,12.07
2026-09-21 15:07:36,23441.55,2026-09-22,23250.0,PE,15.95,15.95,16.0,2045478,165370,65513,16.16
2026-09-21 15:07:36,23441.55,2026-09-22,23300.0,CE,164.85,164.8,164.95,2753894,78001,-36148,12.33
2026-09-21 15:07:36,23441.55,2026-09-22,23300.0,PE,22.95,22.9,22.95,4678469,363618,168440,15.47
2026-09-21 15:07:36,23441.55,2026-09-22,23350.0,CE,125.05,124.65,124.95,3879863,72509,-3731,12.38
2026-09-21 15:07:36,23441.55,2026-09-22,23350.0,PE,32.35,32.35,32.4,4989250,278409,199285,14.74
2026-09-21 15:07:36,23441.55,2026-09-22,23400.0,CE,88.9,88.75,88.95,8328222,209651,74755,12.09
2026-09-21 15:07:36,23441.55,2026-09-22,23400.0,PE,46.95,46.85,46.95,7207589,456450,382799,14.26
2026-09-21 15:07:36,23441.55,2026-09-22,23450.0,CE,59.35,59.2,59.35,6119377,205686,146303,11.98
2026-09-21 15:07:36,23441.55,2026-09-22,23450.0,PE,66.9,66.85,66.95,3133849,245369,234652,13.91
2026-09-21 15:07:36,23441.55,2026-09-22,23500.0,CE,37.2,37.2,37.3,6311847,310918,168977,11.93
2026-09-21 15:07:36,23441.55,2026-09-22,23500.0,PE,94.9,94.9,95.0,2362386,155447,118443,14.05
2026-09-21 15:07:36,23441.55,2026-09-22,23550.0,CE,21.35,21.25,21.35,3116011,136768,80532,11.9
2026-09-21 15:07:36,23441.55,2026-09-22,23550.0,PE,129.6,129.3,129.6,449722,29521,25482,14.31
2026-09-21 15:07:36,23441.55,2026-09-22,23600.0,CE,11.6,11.55,11.6,3411228,205200,83523,11.98
2026-09-21 15:07:36,23441.55,2026-09-22,23600.0,PE,169.45,169.55,169.95,376254,35346,23965,15.17
2026-09-21 15:07:36,23441.55,2026-09-22,23650.0,CE,6.2,6.15,6.2,2111087,110049,47869,12.2
2026-09-21 15:07:36,23441.55,2026-09-22,23650.0,PE,213.65,213.95,214.6,72917,7920,4896,16.29
2026-09-21 15:07:36,23441.55,2026-09-22,23700.0,CE,3.65,3.6,3.65,2134470,151715,5627,12.69
2026-09-21 15:07:36,23441.55,2026-09-22,23700.0,PE,261.3,261.25,261.95,66357,11380,3122,17.85
2026-09-21 15:07:36,23441.55,2026-09-22,23750.0,CE,2.35,2.35,2.4,1504166,91401,25190,13.43
2026-09-21 15:07:36,23441.55,2026-09-22,23750.0,PE,309.8,309.7,310.6,9489,1603,39,20.07
2026-09-21 15:07:36,23441.55,2026-09-22,23800.0,CE,2.0,1.95,2.0,1356819,142432,16057,14.67
2026-09-21 15:07:36,23441.55,2026-09-22,23800.0,PE,360.45,359.35,360.55,18331,6710,-348,22.03
2026-09-21 15:07:36,23441.55,2026-09-22,23850.0,CE,1.7,1.7,1.75,384540,61131,15336,15.91
2026-09-21 15:07:36,23441.55,2026-09-22,23850.0,PE,408.55,408.55,410.05,1285,1159,41,20.9
2026-09-21 15:07:36,23441.55,2026-09-22,23900.0,CE,1.55,1.5,1.55,608629,111201,21289,17.33
2026-09-21 15:07:36,23441.55,2026-09-22,23900.0,PE,459.0,458.95,460.25,7689,3697,-3024,24.37
2026-09-21 15:07:36,23441.55,2026-09-22,23950.0,CE,1.35,1.3,1.35,263453,27756,-8677,18.46
2026-09-21 15:07:36,23441.55,2026-09-22,23950.0,PE,507.7,507.7,509.8,643,1022,-132,26.72
2026-09-21 15:08:36,23437.5,2026-09-22,22950.0,CE,494.1,493.0,494.5,1821,1299,-47,
2026-09-21 15:08:36,23437.5,2026-09-22,22950.0,PE,4.1,4.1,4.15,552966,65638,8832,22.89
2026-09-21 15:08:36,23437.5,2026-09-22,23000.0,CE,445.15,443.35,444.95,46515,7381,-2185,
2026-09-21 15:08:36,23437.5,2026-09-22,23000.0,PE,4.85,4.85,4.9,1496072,197186,28045,21.75
2026-09-21 15:08:36,23437.5,2026-09-22,23050.0,CE,395.25,394.75,396.0,11059,2566,196,
2026-09-21 15:08:36,23437.5,2026-09-22,23050.0,PE,5.75,5.7,5.75,801076,79623,35460,20.32
2026-09-21 15:08:36,23437.5,2026-09-22,23100.0,CE,346.4,345.8,346.75,78572,8686,-459,
2026-09-21 15:08:36,23437.5,2026-09-22,23100.0,PE,7.0,6.95,7.0,1530668,136359,37438,19.21
2026-09-21 15:08:36,23437.5,2026-09-22,23150.0,CE,298.6,298.05,298.8,76135,4844,-535,
2026-09-21 15:08:36,23437.5,2026-09-22,23150.0,PE,8.9,8.85,8.9,1477110,99965,39913,17.98
2026-09-21 15:08:36,23437.5,2026-09-22,23200.0,CE,251.25,250.5,251.2,593458,35248,-5760,10.54
2026-09-21 15:08:36,23437.5,2026-09-22,23200.0,PE,11.9,11.85,11.95,2589893,222550,74829,17.05
2026-09-21 15:08:36,23437.5,2026-09-22,23250.0,CE,205.1,205.1,205.6,708285,22844,-5029,12.07
2026-09-21 15:08:36,23437.5,2026-09-22,23250.0,PE,16.3,16.3,16.4,2050458,164939,65082,16.16
2026-09-21 15:08:36,23437.5,2026-09-22,23300.0,CE,162.1,162.1,162.55,2756141,77616,-36533,12.33
2026-09-21 15:08:36,23437.5,2026-09-22,23300.0,PE,23.4,23.4,23.5,4687218,361250,166072,15.47
2026-09-21 15:08:36,23437.5,2026-09-22,23350.0,CE,122.65,122.35,122.65,3883766,71946,-4294,12.38
2026-09-21 15:08:36,23437.5,2026-09-22,23350.0,PE,33.1,33.0,33.1,5000756,276349,197225,14.74
2026-09-21 15:08:36,23437.5,2026-09-22,23400.0,CE,86.75,86.75,86.9,8340217,209535,74639,12.09
2026-09-21 15:08:36,23437.5,2026-09-22,23400.0,PE,47.8,47.8,47.95,7232076,453539,379888,14.26
2026-09-21 15:08:36,23437.5,2026-09-22,23450.0,CE,57.5,57.5,57.7,6136414,204484,145101,11.98
2026-09-21 15:08:36,23437.5,2026-09-22,23450.0,PE,68.0,68.0,68.2,3149652,243750,233033,13.91
2026-09-21 15:08:36,23437.5,2026-09-22,23500.0,CE,36.0,36.0,36.1,6331562,308428,166487,11.93
2026-09-21 15:08:36,23437.5,2026-09-22,23500.0,PE,96.7,96.6,96.75,2370608,152708,115704,14.05
2026-09-21 15:08:36,23437.5,2026-09-22,23550.0,CE,20.3,20.3,20.35,3130917,136472,80236,11.9
2026-09-21 15:08:36,23437.5,2026-09-22,23550.0,PE,131.4,131.2,131.5,451947,29358,25319,14.31
2026-09-21 15:08:36,23437.5,2026-09-22,23600.0,CE,10.85,10.85,10.95,3431095,205376,83699,11.98
2026-09-21 15:08:36,23437.5,2026-09-22,23600.0,PE,172.05,171.75,172.2,377503,35256,23875,15.17
2026-09-21 15:08:36,23437.5,2026-09-22,23650.0,CE,5.7,5.7,5.75,2124950,110501,48321,12.2
2026-09-21 15:08:36,23437.5,2026-09-22,23650.0,PE,217.3,216.65,217.25,73223,7834,4810,16.29
2026-09-21 15:08:36,23437.5,2026-09-22,23700.0,CE,3.45,3.4,3.45,2143677,152078,5990,12.69
2026-09-21 15:08:36,23437.5,2026-09-22,23700.0,PE,264.6,264.0,264.75,66516,11334,3076,17.85
2026-09-21 15:08:36,23437.5,2026-09-22,23750.0,CE,2.3,2.25,2.3,1507303,91848,25637,13.43
2026-09-21 15:08:36,23437.5,2026-09-22,23750.0,PE,312.6,312.45,313.4,9555,1604,40,20.07
2026-09-21 15:08:36,23437.5,2026-09-22,23800.0,CE,1.95,1.95,2.0,1362728,142276,15901,14.67
2026-09-21 15:08:36,23437.5,2026-09-22,23800.0,PE,361.75,362.2,363.3,18475,6718,-340,22.03
2026-09-21 15:08:36,23437.5,2026-09-22,23850.0,CE,1.7,1.65,1.7,386752,61280,15485,15.91
2026-09-21 15:08:36,23437.5,2026-09-22,23850.0,PE,411.95,411.3,412.8,1308,1159,41,20.9
2026-09-21 15:08:36,23437.5,2026-09-22,23900.0,CE,1.5,1.45,1.5,611529,111709,21797,17.33
2026-09-21 15:08:36,23437.5,2026-09-22,23900.0,PE,463.0,461.75,463.15,7707,3695,-3026,24.37
2026-09-21 15:08:36,23437.5,2026-09-22,23950.0,CE,1.3,1.25,1.3,264995,27865,-8568,18.46
2026-09-21 15:08:36,23437.5,2026-09-22,23950.0,PE,511.0,511.0,512.8,648,1022,-132,26.72
2026-09-21 15:09:36,23435.1,2026-09-22,22950.0,CE,492.4,490.35,491.8,1824,1299,-47,
2026-09-21 15:09:36,23435.1,2026-09-22,22950.0,PE,4.1,4.1,4.15,556987,65673,8867,22.89
2026-09-21 15:09:36,23435.1,2026-09-22,23000.0,CE,442.95,440.95,442.35,46585,7373,-2193,
2026-09-21 15:09:36,23435.1,2026-09-22,23000.0,PE,4.85,4.85,4.9,1499657,196558,27417,21.75
2026-09-21 15:09:36,23435.1,2026-09-22,23050.0,CE,393.6,392.2,393.4,11067,2596,226,
2026-09-21 15:09:36,23435.1,2026-09-22,23050.0,PE,5.75,5.7,5.75,805314,79045,34882,20.32
2026-09-21 15:09:36,23435.1,2026-09-22,23100.0,CE,344.0,343.1,344.0,78931,8681,-464,
2026-09-21 15:09:36,23435.1,2026-09-22,23100.0,PE,6.95,6.95,7.0,1537762,133802,34881,19.21
2026-09-21 15:09:36,23435.1,2026-09-22,23150.0,CE,296.8,295.5,296.2,76226,4858,-521,
2026-09-21 15:09:36,23435.1,2026-09-22,23150.0,PE,8.9,8.9,8.95,1481045,100047,39995,17.98
2026-09-21 15:09:36,23435.1,2026-09-22,23200.0,CE,248.9,248.25,248.9,594215,35143,-5865,10.54
2026-09-21 15:09:36,23435.1,2026-09-22,23200.0,PE,12.1,12.05,12.1,2598572,222440,74719,17.05
2026-09-21 15:09:36,23435.1,2026-09-22,23250.0,CE,203.25,203.0,203.35,708911,22692,-5181,12.07
2026-09-21 15:09:36,23435.1,2026-09-22,23250.0,PE,16.65,16.6,16.65,2056999,164202,64345,16.16
2026-09-21 15:09:36,23435.1,2026-09-22,23300.0,CE,160.35,160.15,160.45,2758644,76654,-37495,12.33
2026-09-21 15:09:36,23435.1,2026-09-22,23300.0,PE,23.85,23.85,23.95,4701424,357580,162402,15.47
2026-09-21 15:09:36,23435.1,2026-09-22,23350.0,CE,120.95,120.55,120.8,3887438,71812,-4428,12.38
2026-09-21 15:09:36,23435.1,2026-09-22,23350.0,PE,33.8,33.7,33.8,5013967,272180,193056,14.74
2026-09-21 15:09:36,23435.1,2026-09-22,23400.0,CE,85.1,84.9,85.15,8358904,205442,70546,12.09
2026-09-21 15:09:36,23435.1,2026-09-22,23400.0,PE,48.7,48.6,48.7,7265281,446994,373343,14.26
2026-09-21 15:09:36,23435.1,2026-09-22,23450.0,CE,56.25,56.15,56.25,6151727,202876,143493,11.98
2026-09-21 15:09:36,23435.1,2026-09-22,23450.0,PE,69.2,69.15,69.25,3166577,237384,226667,13.91
2026-09-21 15:09:36,23435.1,2026-09-22,23500.0,CE,34.9,34.85,35.0,6351531,303088,161147,11.93
2026-09-21 15:09:36,23435.1,2026-09-22,23500.0,PE,97.95,97.95,98.2,2382846,147497,110493,14.05
2026-09-21 15:09:36,23435.1,2026-09-22,23550.0,CE,19.6,19.6,19.7,3141404,135056,78820,11.9
2026-09-21 15:09:36,23435.1,2026-09-22,23550.0,PE,133.35,132.95,133.25,455305,28739,24700,14.31
2026-09-21 15:09:36,23435.1,2026-09-22,23600.0,CE,10.65,10.65,10.7,3444708,199299,77622,11.98
2026-09-21 15:09:36,23435.1,2026-09-22,23600.0,PE,174.1,174.05,174.1,379190,34455,23074,15.17
2026-09-21 15:09:36,23435.1,2026-09-22,23650.0,CE,5.6,5.6,5.65,2131458,110687,48507,12.2
2026-09-21 15:09:36,23435.1,2026-09-22,23650.0,PE,219.55,218.8,218.9,73709,7677,4653,16.29
2026-09-21 15:09:36,23435.1,2026-09-22,23700.0,CE,3.4,3.35,3.4,2154884,151380,5292,12.69
2026-09-21 15:09:36,23435.1,2026-09-22,23700.0,PE,266.4,266.5,266.7,66742,11226,2968,17.85
2026-09-21 15:09:36,23435.1,2026-09-22,23750.0,CE,2.2,2.2,2.25,1510066,91778,25567,13.43
2026-09-21 15:09:36,23435.1,2026-09-22,23750.0,PE,315.0,315.0,315.9,9603,1592,28,20.07
2026-09-21 15:09:36,23435.1,2026-09-22,23800.0,CE,1.85,1.85,1.9,1370116,142009,15634,14.67
2026-09-21 15:09:36,23435.1,2026-09-22,23800.0,PE,364.9,364.45,365.0,18562,6626,-432,22.03
2026-09-21 15:09:36,23435.1,2026-09-22,23850.0,CE,1.65,1.6,1.65,387510,61942,16147,15.91
2026-09-21 15:09:36,23435.1,2026-09-22,23850.0,PE,414.1,413.4,415.05,1324,1159,41,20.9
2026-09-21 15:09:36,23435.1,2026-09-22,23900.0,CE,1.45,1.45,1.5,613175,112414,22502,17.33
2026-09-21 15:09:36,23435.1,2026-09-22,23900.0,PE,465.0,464.25,465.65,7712,3682,-3039,24.37
2026-09-21 15:09:36,23435.1,2026-09-22,23950.0,CE,1.25,1.25,1.3,265463,28150,-8283,18.46
2026-09-21 15:09:36,23435.1,2026-09-22,23950.0,PE,511.0,513.2,515.0,648,1021,-133,26.72
2026-09-21 15:10:36,23437.85,2026-09-22,22950.0,CE,492.4,492.65,494.45,1824,1299,-47,
2026-09-21 15:10:36,23437.85,2026-09-22,22950.0,PE,4.0,4.0,4.05,559026,65216,8410,22.89
2026-09-21 15:10:36,23437.85,2026-09-22,23000.0,CE,443.9,442.8,443.9,46647,7344,-2222,
2026-09-21 15:10:36,23437.85,2026-09-22,23000.0,PE,4.75,4.7,4.75,1501779,196133,26992,21.75
2026-09-21 15:10:36,23437.85,2026-09-22,23050.0,CE,392.8,394.3,395.0,11070,2591,221,
2026-09-21 15:10:36,23437.85,2026-09-22,23050.0,PE,5.55,5.5,5.55,806972,79023,34860,20.32
2026-09-21 15:10:36,23437.85,2026-09-22,23100.0,CE,345.3,345.35,345.9,79149,8681,-464,
2026-09-21 15:10:36,23437.85,2026-09-22,23100.0,PE,6.8,6.75,6.8,1540853,133352,34431,19.21
2026-09-21 15:10:36,23437.85,2026-09-22,23150.0,CE,297.6,297.6,298.3,76331,4803,-576,
2026-09-21 15:10:36,23437.85,2026-09-22,23150.0,PE,8.65,8.6,8.65,1486249,100583,40531,17.98
2026-09-21 15:10:36,23437.85,2026-09-22,23200.0,CE,250.75,250.15,250.8,594728,35035,-5973,10.54
2026-09-21 15:10:36,23437.85,2026-09-22,23200.0,PE,11.7,11.7,11.75,2606381,221892,74171,17.05
2026-09-21 15:10:36,23437.85,2026-09-22,23250.0,CE,204.75,204.75,205.3,709872,22420,-5453,12.07
2026-09-21 15:10:36,23437.85,2026-09-22,23250.0,PE,16.3,16.2,16.3,2063175,164723,64866,16.16
2026-09-21 15:10:36,23437.85,2026-09-22,23300.0,CE,162.4,161.85,162.3,2762496,76727,-37422,12.33
2026-09-21 15:10:36,23437.85,2026-09-22,23300.0,PE,23.5,23.4,23.5,4718780,355875,160697,15.47
2026-09-21 15:10:36,23437.85,2026-09-22,23350.0,CE,122.45,122.2,122.5,3893063,71505,-4735,12.38
2026-09-21 15:10:36,23437.85,2026-09-22,23350.0,PE,33.3,33.2,33.25,5029724,271338,192214,14.74
2026-09-21 15:10:36,23437.85,2026-09-22,23400.0,CE,86.8,86.55,86.8,8375035,202808,67912,12.09
2026-09-21 15:10:36,23437.85,2026-09-22,23400.0,PE,47.9,47.95,48.05,7303650,446157,372506,14.26
2026-09-21 15:10:36,23437.85,2026-09-22,23450.0,CE,57.5,57.3,57.45,6174623,202020,142637,11.98
2026-09-21 15:10:36,23437.85,2026-09-22,23450.0,PE,68.2,68.0,68.2,3186730,234088,223371,13.91
2026-09-21 15:10:36,23437.85,2026-09-22,23500.0,CE,35.95,35.8,35.95,6378256,302636,160695,11.93
2026-09-21 15:10:36,23437.85,2026-09-22,23500.0,PE,96.6,96.65,96.9,2397980,144223,107219,14.05
2026-09-21 15:10:36,23437.85,2026-09-22,23550.0,CE,20.1,20.1,20.15,3155289,133626,77390,11.9
2026-09-21 15:10:36,23437.85,2026-09-22,23550.0,PE,131.25,131.25,131.5,458818,27860,23821,14.31
2026-09-21 15:10:36,23437.85,2026-09-22,23600.0,CE,10.75,10.75,10.85,3457464,197411,75734,11.98
2026-09-21 15:10:36,23437.85,2026-09-22,23600.0,PE,172.15,171.75,172.2,381351,33807,22426,15.17
2026-09-21 15:10:36,23437.85,2026-09-22,23650.0,CE,5.65,5.6,5.65,2138041,110294,48114,12.2
2026-09-21 15:10:36,23437.85,2026-09-22,23650.0,PE,217.0,216.5,217.1,74067,7489,4465,16.29
2026-09-21 15:10:36,23437.85,2026-09-22,23700.0,CE,3.35,3.35,3.4,2161710,149506,3418,12.69
2026-09-21 15:10:36,23437.85,2026-09-22,23700.0,PE,265.0,264.1,264.7,67000,11067,2809,17.85
2026-09-21 15:10:36,23437.85,2026-09-22,23750.0,CE,2.2,2.15,2.2,1512372,91775,25564,13.43
2026-09-21 15:10:36,23437.85,2026-09-22,23750.0,PE,313.8,312.95,313.65,9628,1584,20,20.07
2026-09-21 15:10:36,23437.85,2026-09-22,23800.0,CE,1.8,1.8,1.85,1373441,141431,15056,14.67
2026-09-21 15:10:36,23437.85,2026-09-22,23800.0,PE,362.3,362.15,363.3,18804,6492,-566,22.03
2026-09-21 15:10:36,23437.85,2026-09-22,23850.0,CE,1.6,1.55,1.6,388907,61852,16057,15.91
2026-09-21 15:10:36,23437.85,2026-09-22,23850.0,PE,414.8,411.7,413.1,1438,1159,41,20.9
2026-09-21 15:10:36,23437.85,2026-09-22,23900.0,CE,1.45,1.45,1.5,614062,111871,21959,17.33
2026-09-21 15:10:36,23437.85,2026-09-22,23900.0,PE,465.0,462.05,463.35,7712,3682,-3039,24.37
2026-09-21 15:10:36,23437.85,2026-09-22,23950.0,CE,1.25,1.25,1.3,268180,27581,-8852,18.46
2026-09-21 15:10:36,23437.85,2026-09-22,23950.0,PE,513.2,510.6,512.95,650,1021,-133,26.72
2026-09-21 15:11:37,23438.6,2026-09-22,22950.0,CE,494.25,492.5,494.5,1834,1308,-38,17.87
2026-09-21 15:11:37,23438.6,2026-09-22,22950.0,PE,4.05,4.05,4.1,563802,65063,8257,22.69
2026-09-21 15:11:37,23438.6,2026-09-22,23000.0,CE,444.0,443.5,444.3,46716,7362,-2204,17.32
2026-09-21 15:11:37,23438.6,2026-09-22,23000.0,PE,4.9,4.85,4.9,1509376,195900,26759,21.42
2026-09-21 15:11:37,23438.6,2026-09-22,23050.0,CE,394.6,394.6,395.55,11138,2584,214,19.9
2026-09-21 15:11:37,23438.6,2026-09-22,23050.0,PE,5.7,5.65,5.7,811376,78916,34753,20.1
2026-09-21 15:11:37,23438.6,2026-09-22,23100.0,CE,346.2,346.05,346.5,79288,8620,-525,17.62
2026-09-21 15:11:37,23438.6,2026-09-22,23100.0,PE,6.95,6.9,6.95,1550322,134288,35367,18.86
2026-09-21 15:11:37,23438.6,2026-09-22,23150.0,CE,298.65,298.0,298.55,76555,4698,-681,16.55
2026-09-21 15:11:37,23438.6,2026-09-22,23150.0,PE,8.9,8.85,8.9,1496618,100147,40095,17.7
2026-09-21 15:11:37,23438.6,2026-09-22,23200.0,CE,251.05,251.0,251.1,595561,34978,-6030,15.44
2026-09-21 15:11:37,23438.6,2026-09-22,23200.0,PE,12.1,12.1,12.15,2623532,220560,72839,16.8
2026-09-21 15:11:37,23438.6,2026-09-22,23250.0,CE,205.8,205.35,205.7,711145,22130,-5743,15.0
2026-09-21 15:11:37,23438.6,2026-09-22,23250.0,PE,16.75,16.75,16.8,2077257,162965,63108,15.87
2026-09-21 15:11:37,23438.6,2026-09-22,23300.0,CE,162.75,162.45,162.75,2767242,76669,-37480,14.34
2026-09-21 15:11:37,23438.6,2026-09-22,23300.0,PE,24.1,24.1,24.15,4749466,349584,154406,15.21
2026-09-21 15:11:37,23438.6,2026-09-22,23350.0,CE,123.05,123.0,123.15,3899794,70255,-5985,13.87
2026-09-21 15:11:37,23438.6,2026-09-22,23350.0,PE,33.95,33.9,33.95,5053931,264628,185504,14.37
2026-09-21 15:11:37,23438.6,2026-09-22,23400.0,CE,87.0,87.0,87.2,8396560,200587,65691,13.21
2026-09-21 15:11:37,23438.6,2026-09-22,23400.0,PE,48.7,48.55,48.7,7349971,429097,355446,13.7
2026-09-21 15:11:37,23438.6,2026-09-22,23450.0,CE,58.05,57.9,58.05,6204633,201540,142157,12.67
2026-09-21 15:11:37,23438.6,2026-09-22,23450.0,PE,68.6,68.55,68.6,3214555,225954,215237,13.14
2026-09-21 15:11:37,23438.6,2026-09-22,23500.0,CE,36.2,36.2,36.25,6410011,298221,156280,12.48
2026-09-21 15:11:37,23438.6,2026-09-22,23500.0,PE,97.3,97.3,97.4,2413412,138580,101576,12.98
2026-09-21 15:11:37,23438.6,2026-09-22,23550.0,CE,20.5,20.5,20.55,3174485,133572,77336,12.19
2026-09-21 15:11:37,23438.6,2026-09-22,23550.0,PE,131.65,131.7,131.9,462332,27150,23111,12.92
2026-09-21 15:11:37,23438.6,2026-09-22,23600.0,CE,11.05,11.0,11.05,3474982,196405,74728,12.14
2026-09-21 15:11:37,23438.6,2026-09-22,23600.0,PE,172.05,172.1,172.4,383358,32841,21460,13.05
2026-09-21 15:11:37,23438.6,2026-09-22,23650.0,CE,5.85,5.8,5.85,2149293,111293,49113,12.24
2026-09-21 15:11:37,23438.6,2026-09-22,23650.0,PE,216.8,216.8,217.0,75097,7132,4108,13.63
2026-09-21 15:11:37,23438.6,2026-09-22,23700.0,CE,3.5,3.45,3.5,2173052,149547,3459,12.82
2026-09-21 15:11:37,23438.6,2026-09-22,23700.0,PE,264.2,264.5,265.0,67358,10870,2612,14.62
2026-09-21 15:11:37,23438.6,2026-09-22,23750.0,CE,2.3,2.25,2.3,1515835,91185,24974,13.63
2026-09-21 15:11:37,23438.6,2026-09-22,23750.0,PE,311.85,312.9,313.6,9723,1574,10,16.1
2026-09-21 15:11:37,23438.6,2026-09-22,23800.0,CE,1.85,1.85,1.9,1380829,142913,16538,14.92
2026-09-21 15:11:37,23438.6,2026-09-22,23800.0,PE,362.9,362.3,363.4,19200,6151,-907,16.94
2026-09-21 15:11:37,23438.6,2026-09-22,23850.0,CE,1.55,1.55,1.6,391253,62270,16475,16.18
2026-09-21 15:11:37,23438.6,2026-09-22,23850.0,PE,410.6,412.05,413.5,1449,1078,-40,20.01
2026-09-21 15:11:37,23438.6,2026-09-22,23900.0,CE,1.5,1.45,1.5,616474,112785,22873,17.74
2026-09-21 15:11:37,23438.6,2026-09-22,23900.0,PE,461.2,462.15,463.6,7717,3677,-3044,19.99
2026-09-21 15:11:37,23438.6,2026-09-22,23950.0,CE,1.3,1.25,1.3,268807,27595,-8838,18.97
2026-09-21 15:11:37,23438.6,2026-09-22,23950.0,PE,508.1,511.25,513.2,654,1021,-133,18.19
2026-09-21 15:12:37,23437.2,2026-09-22,22950.0,CE,492.65,492.15,493.9,1837,1305,-41,17.87
2026-09-21 15:12:37,23437.2,2026-09-22,22950.0,PE,4.3,4.25,4.3,566184,64933,8127,22.69
2026-09-21 15:12:37,23437.2,2026-09-22,23000.0,CE,444.2,442.85,444.2,46751,7370,-2196,17.32
2026-09-21 15:12:37,23437.2,2026-09-22,23000.0,PE,5.05,5.05,5.1,1516754,197006,27865,21.42
2026-09-21 15:12:37,23437.2,2026-09-22,23050.0,CE,394.15,394.3,395.4,11165,2547,177,19.9
2026-09-21 15:12:37,23437.2,2026-09-22,23050.0,PE,5.95,5.9,5.95,815336,79002,34839,20.1
2026-09-21 15:12:37,23437.2,2026-09-22,23100.0,CE,345.4,345.2,346.05,79488,8589,-556,17.62
2026-09-21 15:12:37,23437.2,2026-09-22,23100.0,PE,7.2,7.2,7.25,1557478,132873,33952,18.86
2026-09-21 15:12:37,23437.2,2026-09-22,23150.0,CE,297.45,297.6,298.3,76716,4713,-666,16.55
2026-09-21 15:12:37,23437.2,2026-09-22,23150.0,PE,9.2,9.2,9.25,1503807,99441,39389,17.7
2026-09-21 15:12:37,23437.2,2026-09-22,23200.0,CE,250.9,250.25,250.9,596192,34802,-6206,15.44
2026-09-21 15:12:37,23437.2,2026-09-22,23200.0,PE,12.6,12.6,12.65,2634799,216904,69183,16.8
2026-09-21 15:12:37,23437.2,2026-09-22,23250.0,CE,205.4,204.95,205.5,711485,22111,-5762,15.0
2026-09-21 15:12:37,23437.2,2026-09-22,23250.0,PE,17.2,17.2,17.3,2086320,161542,61685,15.87
2026-09-21 15:12:37,23437.2,2026-09-22,23300.0,CE,162.4,162.3,162.65,2769435,76379,-37770,14.34
2026-09-21 15:12:37,23437.2,2026-09-22,23300.0,PE,24.55,24.55,24.6,4768387,344536,149358,15.21
2026-09-21 15:12:37,23437.2,2026-09-22,23350.0,CE,122.7,122.7,123.0,3902796,70014,-6226,13.87
2026-09-21 15:12:37,23437.2,2026-09-22,23350.0,PE,34.35,34.3,34.35,5068713,260391,181267,14.37
2026-09-21 15:12:37,23437.2,2026-09-22,23400.0,CE,86.75,86.75,86.95,8405273,200027,65131,13.21
2026-09-21 15:12:37,23437.2,2026-09-22,23400.0,PE,48.95,48.75,48.9,7376754,420866,347215,13.7
2026-09-21 15:12:37,23437.2,2026-09-22,23450.0,CE,57.35,57.2,57.35,6217878,201268,141885,12.67
2026-09-21 15:12:37,23437.2,2026-09-22,23450.0,PE,68.7,68.6,68.8,3231633,222310,211593,13.14
2026-09-21 15:12:37,23437.2,2026-09-22,23500.0,CE,35.7,35.7,35.8,6430958,293578,151637,12.48
2026-09-21 15:12:37,23437.2,2026-09-22,23500.0,PE,97.25,97.3,97.5,2422150,138394,101390,12.98
2026-09-21 15:12:37,23437.2,2026-09-22,23550.0,CE,20.05,20.05,20.1,3183741,133972,77736,12.19
2026-09-21 15:12:37,23437.2,2026-09-22,23550.0,PE,132.3,132.1,132.45,464390,26750,22711,12.92
2026-09-21 15:12:37,23437.2,2026-09-22,23600.0,CE,10.85,10.8,10.85,3487042,195725,74048,12.14
2026-09-21 15:12:37,23437.2,2026-09-22,23600.0,PE,172.9,172.4,172.8,384380,32338,20957,13.05
2026-09-21 15:12:37,23437.2,2026-09-22,23650.0,CE,5.6,5.6,5.65,2155051,109926,47746,12.24
2026-09-21 15:12:37,23437.2,2026-09-22,23650.0,PE,217.2,217.2,217.8,75387,6970,3946,13.63
2026-09-21 15:12:37,23437.2,2026-09-22,23700.0,CE,3.35,3.35,3.4,2178226,151370,5282,12.82
2026-09-21 15:12:37,23437.2,2026-09-22,23700.0,PE,264.8,264.85,265.5,67588,10853,2595,14.62
2026-09-21 15:12:37,23437.2,2026-09-22,23750.0,CE,2.25,2.2,2.25,1517820,91081,24870,13.63
2026-09-21 15:12:37,23437.2,2026-09-22,23750.0,PE,314.65,313.3,314.25,9778,1592,28,16.1
2026-09-21 15:12:37,23437.2,2026-09-22,23800.0,CE,1.9,1.85,1.9,1384590,143182,16807,14.92
2026-09-21 15:12:37,23437.2,2026-09-22,23800.0,PE,362.75,362.8,363.9,19292,6114,-944,16.94
2026-09-21 15:12:37,23437.2,2026-09-22,23850.0,CE,1.55,1.55,1.6,391962,61899,16104,16.18
2026-09-21 15:12:37,23437.2,2026-09-22,23850.0,PE,414.8,412.45,413.85,1495,1033,-85,20.01
2026-09-21 15:12:37,23437.2,2026-09-22,23900.0,CE,1.5,1.45,1.5,617434,112943,23031,17.74
2026-09-21 15:12:37,23437.2,2026-09-22,23900.0,PE,463.35,462.8,464.0,7740,3673,-3048,19.99
2026-09-21 15:12:37,23437.2,2026-09-22,23950.0,CE,1.3,1.25,1.3,269289,27604,-8829,18.97
2026-09-21 15:12:37,23437.2,2026-09-22,23950.0,PE,508.1,511.0,513.8,654,1021,-133,18.19
2026-09-21 15:13:37,23434.25,2026-09-22,22950.0,CE,492.0,490.75,492.55,1844,1305,-41,17.87
2026-09-21 15:13:37,23434.25,2026-09-22,22950.0,PE,4.3,4.3,4.35,568848,64605,7799,22.69
2026-09-21 15:13:37,23434.25,2026-09-22,23000.0,CE,442.95,441.6,442.8,46888,7370,-2196,17.32
2026-09-21 15:13:37,23434.25,2026-09-22,23000.0,PE,5.15,5.1,5.15,1523273,197006,27865,21.42
2026-09-21 15:13:37,23434.25,2026-09-22,23050.0,CE,393.4,392.85,393.7,11191,2547,177,19.9
2026-09-21 15:13:37,23434.25,2026-09-22,23050.0,PE,6.05,6.0,6.05,819172,79002,34839,20.1
2026-09-21 15:13:37,23434.25,2026-09-22,23100.0,CE,343.8,343.85,344.8,79709,8506,-639,17.62
2026-09-21 15:13:37,23434.25,2026-09-22,23100.0,PE,7.35,7.35,7.4,1564920,132657,33736,18.86
2026-09-21 15:13:37,23434.25,2026-09-22,23150.0,CE,296.85,296.35,297.15,76856,4706,-673,16.55
2026-09-21 15:13:37,23434.25,2026-09-22,23150.0,PE,9.45,9.45,9.5,1510763,98879,38827,17.7
2026-09-21 15:13:37,23434.25,2026-09-22,23200.0,CE,249.7,249.0,249.7,596890,34729,-6279,15.44
2026-09-21 15:13:37,23434.25,2026-09-22,23200.0,PE,12.8,12.8,12.85,2646811,214673,66952,16.8
2026-09-21 15:13:37,23434.25,2026-09-22,23250.0,CE,203.6,203.65,204.2,712353,22035,-5838,15.0
2026-09-21 15:13:37,23434.25,2026-09-22,23250.0,PE,17.5,17.5,17.6,2095838,159964,60107,15.87
2026-09-21 15:13:37,23434.25,2026-09-22,23300.0,CE,161.7,161.25,161.55,2773439,76265,-37884,14.34
2026-09-21 15:13:37,23434.25,2026-09-22,23300.0,PE,24.9,24.9,24.95,4786476,341270,146092,15.21
2026-09-21 15:13:37,23434.25,2026-09-22,23350.0,CE,122.15,121.85,122.15,3907702,70014,-6226,13.87
2026-09-21 15:13:37,23434.25,2026-09-22,23350.0,PE,34.6,34.6,34.7,5087771,260391,181267,14.37
2026-09-21 15:13:37,23434.25,2026-09-22,23400.0,CE,85.75,85.65,85.85,8422658,200027,65131,13.21
2026-09-21 15:13:37,23434.25,2026-09-22,23400.0,PE,49.15,49.15,49.3,7408655,420866,347215,13.7
2026-09-21 15:13:37,23434.25,2026-09-22,23450.0,CE,56.25,56.25,56.3,6236910,200131,140748,12.67
2026-09-21 15:13:37,23434.25,2026-09-22,23450.0,PE,69.15,69.0,69.15,3251500,218493,207776,13.14
2026-09-21 15:13:37,23434.25,2026-09-22,23500.0,CE,34.95,34.85,34.95,6455433,290913,148972,12.48
2026-09-21 15:13:37,23434.25,2026-09-22,23500.0,PE,98.05,97.85,98.05,2433759,134337,97333,12.98
2026-09-21 15:13:37,23434.25,2026-09-22,23550.0,CE,19.4,19.4,19.5,3196572,134057,77821,12.19
2026-09-21 15:13:37,23434.25,2026-09-22,23550.0,PE,132.5,132.8,133.15,467452,25644,21605,12.92
2026-09-21 15:13:37,23434.25,2026-09-22,23600.0,CE,10.4,10.45,10.5,3502860,195375,73698,12.14
2026-09-21 15:13:37,23434.25,2026-09-22,23600.0,PE,173.6,173.55,174.0,386983,31570,20189,13.05
2026-09-21 15:13:37,23434.25,2026-09-22,23650.0,CE,5.5,5.4,5.45,2163231,109207,47027,12.24
2026-09-21 15:13:37,23434.25,2026-09-22,23650.0,PE,219.2,218.3,219.0,75741,6869,3845,13.63
2026-09-21 15:13:37,23434.25,2026-09-22,23700.0,CE,3.3,3.3,3.35,2186088,151370,5282,12.82
2026-09-21 15:13:37,23434.25,2026-09-22,23700.0,PE,267.0,266.2,266.95,67868,10818,2560,14.62
2026-09-21 15:13:37,23434.25,2026-09-22,23750.0,CE,2.25,2.2,2.25,1522555,91081,24870,13.63
2026-09-21 15:13:37,23434.25,2026-09-22,23750.0,PE,315.0,315.0,315.95,9812,1592,28,16.1
2026-09-21 15:13:37,23434.25,2026-09-22,23800.0,CE,1.9,1.85,1.9,1391251,144509,18134,14.92
2026-09-21 15:13:37,23434.25,2026-09-22,23800.0,PE,365.45,364.25,365.3,19337,6074,-984,16.94
2026-09-21 15:13:37,23434.25,2026-09-22,23850.0,CE,1.55,1.55,1.6,393966,61158,15363,16.18
2026-09-21 15:13:37,23434.25,2026-09-22,23850.0,PE,413.15,413.95,415.3,1551,1033,-85,20.01
2026-09-21 15:13:37,23434.25,2026-09-22,23900.0,CE,1.55,1.5,1.55,620125,113533,23621,17.74
2026-09-21 15:13:37,23434.25,2026-09-22,23900.0,PE,466.0,464.2,465.4,7748,3673,-3048,19.99
2026-09-21 15:13:37,23434.25,2026-09-22,23950.0,CE,1.3,1.25,1.3,269879,27644,-8789,18.97
2026-09-21 15:13:37,23434.25,2026-09-22,23950.0,PE,511.3,512.6,515.0,655,1020,-134,18.19
2026-09-21 15:14:37,23438.25,2026-09-22,22950.0,CE,492.0,489.3,491.1,1844,1305,-41,17.87
2026-09-21 15:14:37,23438.25,2026-09-22,22950.0,PE,4.35,4.3,4.35,569423,64605,7799,22.69
2026-09-21 15:14:37,23438.25,2026-09-22,23000.0,CE,440.65,440.3,441.45,46894,7372,-2194,17.32
2026-09-21 15:14:37,23438.25,2026-09-22,23000.0,PE,5.1,5.1,5.15,1524083,195283,26142,21.42
2026-09-21 15:14:37,23438.25,2026-09-22,23050.0,CE,391.9,391.6,392.5,11196,2539,169,19.9
2026-09-21 15:14:37,23438.25,2026-09-22,23050.0,PE,6.1,6.05,6.1,819934,78298,34135,20.1
2026-09-21 15:14:37,23438.25,2026-09-22,23100.0,CE,342.6,343.0,343.2,79729,8506,-639,17.62
2026-09-21 15:14:37,23438.25,2026-09-22,23100.0,PE,7.4,7.4,7.45,1566061,132657,33736,18.86
2026-09-21 15:14:37,23438.25,2026-09-22,23150.0,CE,294.6,294.75,295.5,76956,4706,-673,16.55
2026-09-21 15:14:37,23438.25,2026-09-22,23150.0,PE,9.6,9.55,9.6,1513146,98879,38827,17.7
2026-09-21 15:14:37,23438.25,2026-09-22,23200.0,CE,247.5,247.8,248.4,597018,34729,-6279,15.44
2026-09-21 15:14:37,23438.25,2026-09-22,23200.0,PE,13.0,12.95,13.0,2649327,214673,66952,16.8
2026-09-21 15:14:37,23438.25,2026-09-22,23250.0,CE,202.55,202.55,202.85,712556,22035,-5838,15.0
2026-09-21 15:14:37,23438.25,2026-09-22,23250.0,PE,17.8,17.75,17.8,2097805,159964,60107,15.87
2026-09-21 15:14:37,23438.25,2026-09-22,23300.0,CE,160.0,160.1,160.4,2773872,76265,-37884,14.34
2026-09-21 15:14:37,23438.25,2026-09-22,23300.0,PE,25.1,25.1,25.15,4790467,341270,146092,15.21
2026-09-21 15:14:37,23438.25,2026-09-22,23350.0,CE,120.75,120.7,120.95,3908297,69810,-6430,13.87
2026-09-21 15:14:37,23438.25,2026-09-22,23350.0,PE,35.1,34.9,35.0,5091486,257718,178594,14.37
2026-09-21 15:14:37,23438.25,2026-09-22,23400.0,CE,84.9,84.65,84.9,8426119,199959,65063,13.21
2026-09-21 15:14:37,23438.25,2026-09-22,23400.0,PE,49.75,49.6,49.75,7416179,419226,345575,13.7
2026-09-21 15:14:37,23438.25,2026-09-22,23450.0,CE,55.3,55.3,55.45,6241590,200131,140748,12.67
2026-09-21 15:14:37,23438.25,2026-09-22,23450.0,PE,69.9,69.7,69.9,3255361,218493,207776,13.14
2026-09-21 15:14:37,23438.25,2026-09-22,23500.0,CE,34.3,34.3,34.4,6459306,290913,148972,12.48
2026-09-21 15:14:37,23438.25,2026-09-22,23500.0,PE,98.7,98.75,99.0,2435827,134337,97333,12.98
2026-09-21 15:14:37,23438.25,2026-09-22,23550.0,CE,19.05,19.0,19.1,3199686,134057,77821,12.19
2026-09-21 15:14:37,23438.25,2026-09-22,23550.0,PE,134.0,134.0,134.15,467937,25644,21605,12.92
2026-09-21 15:14:37,23438.25,2026-09-22,23600.0,CE,10.15,10.15,10.2,3505225,195375,73698,12.14
2026-09-21 15:14:37,23438.25,2026-09-22,23600.0,PE,175.0,175.0,175.3,387220,31570,20189,13.05
2026-09-21 15:14:37,23438.25,2026-09-22,23650.0,CE,5.3,5.3,5.35,2164619,109207,47027,12.24
2026-09-21 15:14:37,23438.25,2026-09-22,23650.0,PE,219.8,219.7,220.3,75832,6869,3845,13.63
2026-09-21 15:14:37,23438.25,2026-09-22,23700.0,CE,3.3,3.25,3.3,2187298,151847,5759,12.82
2026-09-21 15:14:37,23438.25,2026-09-22,23700.0,PE,268.1,267.8,268.4,67894,10818,2560,14.62
2026-09-21 15:14:37,23438.25,2026-09-22,23750.0,CE,2.25,2.2,2.25,1522868,90856,24645,13.63
2026-09-21 15:14:37,23438.25,2026-09-22,23750.0,PE,316.4,316.7,317.35,9825,1592,28,16.1
2026-09-21 15:14:37,23438.25,2026-09-22,23800.0,CE,1.9,1.85,1.9,1391409,144509,18134,14.92
2026-09-21 15:14:37,23438.25,2026-09-22,23800.0,PE,366.85,365.8,366.9,19368,6074,-984,16.94
2026-09-21 15:14:37,23438.25,2026-09-22,23850.0,CE,1.6,1.55,1.6,394042,61158,15363,16.18
2026-09-21 15:14:37,23438.25,2026-09-22,23850.0,PE,413.15,415.25,416.75,1551,1033,-85,20.01
2026-09-21 15:14:37,23438.25,2026-09-22,23900.0,CE,1.55,1.5,1.55,620736,113533,23621,17.74
2026-09-21 15:14:37,23438.25,2026-09-22,23900.0,PE,466.0,466.25,467.0,7748,3673,-3048,19.99
2026-09-21 15:14:37,23438.25,2026-09-22,23950.0,CE,1.25,1.25,1.3,270476,27644,-8789,18.97
2026-09-21 15:14:37,23438.25,2026-09-22,23950.0,PE,511.3,513.35,516.45,655,1020,-134,18.19
2026-09-21 15:15:38,23429.0,2026-09-22,22950.0,CE,492.0,493.0,495.1,1844,1305,-41,17.87
2026-09-21 15:15:38,23429.0,2026-09-22,22950.0,PE,4.3,4.3,4.35,575150,65497,8691,22.69
2026-09-21 15:15:38,23429.0,2026-09-22,23000.0,CE,445.1,443.5,444.85,46996,7373,-2193,17.32
2026-09-21 15:15:38,23429.0,2026-09-22,23000.0,PE,5.05,5.05,5.1,1532527,195412,26271,21.42
2026-09-21 15:15:38,23429.0,2026-09-22,23050.0,CE,395.0,394.95,396.0,11229,2537,167,19.9
2026-09-21 15:15:38,23429.0,2026-09-22,23050.0,PE,5.95,5.9,5.95,827492,78637,34474,20.1
2026-09-21 15:15:38,23429.0,2026-09-22,23100.0,CE,345.5,345.9,346.6,79871,8497,-648,17.62
2026-09-21 15:15:38,23429.0,2026-09-22,23100.0,PE,7.1,7.05,7.1,1575106,132621,33700,18.86
2026-09-21 15:15:38,23429.0,2026-09-22,23150.0,CE,297.8,298.05,298.95,77130,4615,-764,16.55
2026-09-21 15:15:38,23429.0,2026-09-22,23150.0,PE,9.0,8.95,9.0,1521271,97708,37656,17.7
2026-09-21 15:15:38,23429.0,2026-09-22,23200.0,CE,251.0,250.5,251.0,597844,34400,-6608,15.44
2026-09-21 15:15:38,23429.0,2026-09-22,23200.0,PE,12.1,12.1,12.15,2664985,214757,67036,16.8
2026-09-21 15:15:38,23429.0,2026-09-22,23250.0,CE,205.25,205.2,205.55,713572,22041,-5832,15.0
2026-09-21 15:15:38,23429.0,2026-09-22,23250.0,PE,16.65,16.65,16.7,2110971,159112,59255,15.87
2026-09-21 15:15:38,23429.0,2026-09-22,23300.0,CE,162.25,162.25,162.5,2778655,75766,-38383,14.34
2026-09-21 15:15:38,23429.0,2026-09-22,23300.0,PE,23.85,23.75,23.85,4819663,337840,142662,15.21
2026-09-21 15:15:38,23429.0,2026-09-22,23350.0,CE,122.45,122.45,122.75,3916146,69484,-6756,13.87
2026-09-21 15:15:38,23429.0,2026-09-22,23350.0,PE,33.4,33.25,33.4,5118370,254140,175016,14.37
2026-09-21 15:15:38,23429.0,2026-09-22,23400.0,CE,86.5,86.45,86.5,8446760,199543,64647,13.21
2026-09-21 15:15:38,23429.0,2026-09-22,23400.0,PE,47.65,47.65,47.7,7471320,411298,337647,13.7
2026-09-21 15:15:38,23429.0,2026-09-22,23450.0,CE,56.85,56.65,56.8,6272018,197987,138604,12.67
2026-09-21 15:15:38,23429.0,2026-09-22,23450.0,PE,67.55,67.45,67.6,3287309,212651,201934,13.14
2026-09-21 15:15:38,23429.0,2026-09-22,23500.0,CE,35.2,35.2,35.3,6492334,290931,148990,12.48
2026-09-21 15:15:38,23429.0,2026-09-22,23500.0,PE,95.75,95.85,96.0,2450296,132690,95686,12.98
2026-09-21 15:15:38,23429.0,2026-09-22,23550.0,CE,19.8,19.7,19.8,3214119,132508,76272,12.19
2026-09-21 15:15:38,23429.0,2026-09-22,23550.0,PE,130.8,130.6,130.9,471920,25272,21233,12.92
2026-09-21 15:15:38,23429.0,2026-09-22,23600.0,CE,10.65,10.6,10.7,3521149,192736,71059,12.14
2026-09-21 15:15:38,23429.0,2026-09-22,23600.0,PE,171.25,171.7,172.15,389338,31338,19957,13.05
2026-09-21 15:15:38,23429.0,2026-09-22,23650.0,CE,5.65,5.65,5.7,2174363,108489,46309,12.24
2026-09-21 15:15:38,23429.0,2026-09-22,23650.0,PE,216.95,216.55,217.15,76226,6788,3764,13.63
2026-09-21 15:15:38,23429.0,2026-09-22,23700.0,CE,3.5,3.45,3.5,2192491,151524,5436,12.82
2026-09-21 15:15:38,23429.0,2026-09-22,23700.0,PE,264.3,264.3,265.05,68266,10737,2479,14.62
2026-09-21 15:15:38,23429.0,2026-09-22,23750.0,CE,2.3,2.3,2.35,1530645,90477,24266,13.63
2026-09-21 15:15:38,23429.0,2026-09-22,23750.0,PE,312.65,312.65,313.65,9901,1545,-19,16.1
2026-09-21 15:15:38,23429.0,2026-09-22,23800.0,CE,1.95,1.9,1.95,1395083,143702,17327,14.92
2026-09-21 15:15:38,23429.0,2026-09-22,23800.0,PE,363.15,362.3,363.35,19530,5959,-1099,16.94
2026-09-21 15:15:38,23429.0,2026-09-22,23850.0,CE,1.6,1.6,1.65,397152,60786,14991,16.18
2026-09-21 15:15:38,23429.0,2026-09-22,23850.0,PE,412.8,411.55,413.0,1563,1002,-116,20.01
2026-09-21 15:15:38,23429.0,2026-09-22,23900.0,CE,1.55,1.5,1.55,629205,114010,24098,17.74
2026-09-21 15:15:38,23429.0,2026-09-22,23900.0,PE,462.1,462.15,463.45,7772,3665,-3056,19.99
2026-09-21 15:15:38,23429.0,2026-09-22,23950.0,CE,1.35,1.3,1.35,273850,27601,-8832,18.97
2026-09-21 15:15:38,23429.0,2026-09-22,23950.0,PE,513.65,510.3,513.1,657,1020,-134,18.19
2026-09-21 15:16:38,23429.0,2026-09-22,22950.0,CE,497.0,497.0,499.35,1874,1308,-38,17.87
2026-09-21 15:16:38,23429.0,2026-09-22,22950.0,PE,4.45,4.45,4.5,577574,66037,9231,22.69
2026-09-21 15:16:38,23429.0,2026-09-22,23000.0,CE,448.0,448.1,449.0,47092,7366,-2200,17.32
2026-09-21 15:16:38,23429.0,2026-09-22,23000.0,PE,5.2,5.1,5.15,1542668,194313,25172,21.42
2026-09-21 15:16:38,23429.0,2026-09-22,23050.0,CE,396.25,397.95,399.0,11260,2521,151,19.9
2026-09-21 15:16:38,23429.0,2026-09-22,23050.0,PE,6.05,6.05,6.1,832883,78910,34747,20.1
2026-09-21 15:16:38,23429.0,2026-09-22,23100.0,CE,352.05,351.65,352.25,80132,8485,-660,17.62
2026-09-21 15:16:38,23429.0,2026-09-22,23100.0,PE,7.05,7.05,7.1,1584054,133459,34538,18.86
2026-09-21 15:16:38,23429.0,2026-09-22,23150.0,CE,300.55,300.65,301.45,77270,4608,-771,16.55
2026-09-21 15:16:38,23429.0,2026-09-22,23150.0,PE,8.8,8.75,8.8,1526588,97759,37707,17.7
2026-09-21 15:16:38,23429.0,2026-09-22,23200.0,CE,255.0,254.45,255.0,599082,34386,-6622,15.44
2026-09-21 15:16:38,23429.0,2026-09-22,23200.0,PE,11.65,11.65,11.75,2677857,214634,66913,16.8
2026-09-21 15:16:38,23429.0,2026-09-22,23250.0,CE,207.7,207.7,208.0,714896,21897,-5976,15.0
2026-09-21 15:16:38,23429.0,2026-09-22,23250.0,PE,16.0,15.95,16.0,2121800,158121,58264,15.87
2026-09-21 15:16:38,23429.0,2026-09-22,23300.0,CE,164.4,164.15,164.4,2782945,76189,-37960,14.34
2026-09-21 15:16:38,23429.0,2026-09-22,23300.0,PE,22.85,22.9,22.95,4842260,336575,141397,15.21
2026-09-21 15:16:38,23429.0,2026-09-22,23350.0,CE,125.3,125.35,125.65,3922375,68998,-7242,13.87
2026-09-21 15:16:38,23429.0,2026-09-22,23350.0,PE,31.55,31.4,31.55,5137307,252033,172909,14.37
2026-09-21 15:16:38,23429.0,2026-09-22,23400.0,CE,87.75,87.55,87.75,8462878,198739,63843,13.21
2026-09-21 15:16:38,23429.0,2026-09-22,23400.0,PE,46.05,46.05,46.1,7506556,408314,334663,13.7
2026-09-21 15:16:38,23429.0,2026-09-22,23450.0,CE,58.55,58.5,58.6,6299861,199407,140024,12.67
2026-09-21 15:16:38,23429.0,2026-09-22,23450.0,PE,64.65,64.5,64.65,3316656,211313,200596,13.14
2026-09-21 15:16:38,23429.0,2026-09-22,23500.0,CE,36.0,35.85,36.0,6515846,290947,149006,12.48
2026-09-21 15:16:38,23429.0,2026-09-22,23500.0,PE,93.75,93.95,94.05,2462843,131183,94179,12.98
2026-09-21 15:16:38,23429.0,2026-09-22,23550.0,CE,20.5,20.4,20.5,3224092,132966,76730,12.19
2026-09-21 15:16:38,23429.0,2026-09-22,23550.0,PE,127.45,127.05,127.45,475126,25032,20993,12.92
2026-09-21 15:16:38,23429.0,2026-09-22,23600.0,CE,10.95,10.9,10.95,3531401,192981,71304,12.14
2026-09-21 15:16:38,23429.0,2026-09-22,23600.0,PE,169.1,169.0,169.3,390870,31283,19902,13.05
2026-09-21 15:16:38,23429.0,2026-09-22,23650.0,CE,5.85,5.8,5.85,2181323,108244,46064,12.24
2026-09-21 15:16:38,23429.0,2026-09-22,23650.0,PE,214.3,214.0,214.45,76633,6748,3724,13.63
2026-09-21 15:16:38,23429.0,2026-09-22,23700.0,CE,3.55,3.55,3.6,2197861,151954,5866,12.82
2026-09-21 15:16:38,23429.0,2026-09-22,23700.0,PE,260.0,259.85,260.15,68508,10711,2453,14.62
2026-09-21 15:16:38,23429.0,2026-09-22,23750.0,CE,2.4,2.4,2.45,1533661,88548,22337,13.63
2026-09-21 15:16:38,23429.0,2026-09-22,23750.0,PE,310.25,309.8,310.7,9970,1531,-33,16.1
2026-09-21 15:16:38,23429.0,2026-09-22,23800.0,CE,2.0,2.0,2.05,1400491,143319,16944,14.92
2026-09-21 15:16:38,23429.0,2026-09-22,23800.0,PE,359.5,356.65,357.85,19599,5924,-1134,16.94
2026-09-21 15:16:38,23429.0,2026-09-22,23850.0,CE,1.7,1.65,1.7,398420,60713,14918,16.18
2026-09-21 15:16:38,23429.0,2026-09-22,23850.0,PE,410.05,407.05,408.8,1580,1001,-117,20.01
2026-09-21 15:16:38,23429.0,2026-09-22,23900.0,CE,1.6,1.55,1.6,631137,114060,24148,17.74
2026-09-21 15:16:38,23429.0,2026-09-22,23900.0,PE,460.35,457.65,458.85,7780,3663,-3058,19.99
2026-09-21 15:16:38,23429.0,2026-09-22,23950.0,CE,1.35,1.3,1.35,275643,27541,-8892,18.97
2026-09-21 15:16:38,23429.0,2026-09-22,23950.0,PE,510.65,505.5,509.3,658,1019,-135,18.19
2026-09-21 15:17:38,23429.0,2026-09-22,22950.0,CE,497.0,499.15,500.85,1874,1308,-38,17.87
2026-09-21 15:17:38,23429.0,2026-09-22,22950.0,PE,4.45,4.45,4.5,580326,65748,8942,22.69
2026-09-21 15:17:38,23429.0,2026-09-22,23000.0,CE,449.8,449.55,450.9,47427,7321,-2245,17.32
2026-09-21 15:17:38,23429.0,2026-09-22,23000.0,PE,5.2,5.15,5.2,1548927,196432,27291,21.42
2026-09-21 15:17:38,23429.0,2026-09-22,23050.0,CE,399.55,400.95,402.0,11274,2509,139,19.9
2026-09-21 15:17:38,23429.0,2026-09-22,23050.0,PE,6.0,6.0,6.05,836174,79459,35296,20.1
2026-09-21 15:17:38,23429.0,2026-09-22,23100.0,CE,352.0,351.65,352.0,80299,8389,-756,17.62
2026-09-21 15:17:38,23429.0,2026-09-22,23100.0,PE,7.1,7.05,7.1,1591471,132577,33656,18.86
2026-09-21 15:17:38,23429.0,2026-09-22,23150.0,CE,304.55,303.3,304.1,77317,4543,-836,16.55
2026-09-21 15:17:38,23429.0,2026-09-22,23150.0,PE,8.7,8.75,8.8,1531144,96953,36901,17.7
2026-09-21 15:17:38,23429.0,2026-09-22,23200.0,CE,255.9,255.95,256.2,600240,34187,-6821,15.44
2026-09-21 15:17:38,23429.0,2026-09-22,23200.0,PE,11.55,11.55,11.6,2688886,213115,65394,16.8
2026-09-21 15:17:38,23429.0,2026-09-22,23250.0,CE,210.65,209.85,210.4,716507,21585,-6288,15.0
2026-09-21 15:17:38,23429.0,2026-09-22,23250.0,PE,15.75,15.75,15.8,2131824,156727,56870,15.87
2026-09-21 15:17:38,23429.0,2026-09-22,23300.0,CE,166.6,166.6,166.9,2788489,73691,-40458,14.34
2026-09-21 15:17:38,23429.0,2026-09-22,23300.0,PE,22.3,22.3,22.4,4865254,332283,137105,15.21
2026-09-21 15:17:38,23429.0,2026-09-22,23350.0,CE,126.25,126.4,126.7,3929839,67206,-9034,13.87
2026-09-21 15:17:38,23429.0,2026-09-22,23350.0,PE,31.3,31.15,31.25,5157102,246873,167749,14.37
2026-09-21 15:17:38,23429.0,2026-09-22,23400.0,CE,89.7,89.5,89.75,8493068,196217,61321,13.21
2026-09-21 15:17:38,23429.0,2026-09-22,23400.0,PE,44.9,44.9,45.05,7548157,396257,322606,13.7
2026-09-21 15:17:38,23429.0,2026-09-22,23450.0,CE,59.5,59.4,59.55,6337830,197740,138357,12.67
2026-09-21 15:17:38,23429.0,2026-09-22,23450.0,PE,64.1,64.1,64.3,3341406,205762,195045,13.14
2026-09-21 15:17:38,23429.0,2026-09-22,23500.0,CE,37.2,37.15,37.25,6555283,289249,147308,12.48
2026-09-21 15:17:38,23429.0,2026-09-22,23500.0,PE,91.85,91.75,92.05,2478111,127126,90122,12.98
2026-09-21 15:17:38,23429.0,2026-09-22,23550.0,CE,20.9,20.9,21.0,3240910,131698,75462,12.19
2026-09-21 15:17:38,23429.0,2026-09-22,23550.0,PE,126.35,126.25,126.6,478105,23462,19423,12.92
2026-09-21 15:17:38,23429.0,2026-09-22,23600.0,CE,11.35,11.35,11.4,3546003,192579,70902,12.14
2026-09-21 15:17:38,23429.0,2026-09-22,23600.0,PE,166.75,166.55,167.0,393629,30393,19012,13.05
2026-09-21 15:17:38,23429.0,2026-09-22,23650.0,CE,6.1,6.05,6.1,2187578,107315,45135,12.24
2026-09-21 15:17:38,23429.0,2026-09-22,23650.0,PE,211.5,211.15,211.7,77135,6557,3533,13.63
2026-09-21 15:17:38,23429.0,2026-09-22,23700.0,CE,3.65,3.6,3.65,2204098,150689,4601,12.82
2026-09-21 15:17:38,23429.0,2026-09-22,23700.0,PE,260.0,258.55,259.1,68776,10567,2309,14.62
2026-09-21 15:17:38,23429.0,2026-09-22,23750.0,CE,2.45,2.45,2.5,1537896,88423,22212,13.63
2026-09-21 15:17:38,23429.0,2026-09-22,23750.0,PE,308.25,307.05,308.05,10016,1540,-24,16.1
2026-09-21 15:17:38,23429.0,2026-09-22,23800.0,CE,2.05,2.0,2.05,1402629,143209,16834,14.92
2026-09-21 15:17:38,23429.0,2026-09-22,23800.0,PE,358.6,356.6,357.55,19696,5899,-1159,16.94
2026-09-21 15:17:38,23429.0,2026-09-22,23850.0,CE,1.7,1.65,1.7,399951,60548,14753,16.18
2026-09-21 15:17:38,23429.0,2026-09-22,23850.0,PE,406.05,406.0,407.35,1628,1001,-117,20.01
2026-09-21 15:17:38,23429.0,2026-09-22,23900.0,CE,1.6,1.55,1.6,633293,114239,24327,17.74
2026-09-21 15:17:38,23429.0,2026-09-22,23900.0,PE,455.95,456.2,457.25,7783,3662,-3059,19.99
2026-09-21 15:17:38,23429.0,2026-09-22,23950.0,CE,1.3,1.3,1.35,276144,27710,-8723,18.97
2026-09-21 15:17:38,23429.0,2026-09-22,23950.0,PE,510.65,505.0,507.1,658,1019,-135,18.19
2026-09-21 15:18:38,23429.0,2026-09-22,22950.0,CE,499.85,498.35,500.15,1878,1284,-62,17.87
2026-09-21 15:18:38,23429.0,2026-09-22,22950.0,PE,4.6,4.55,4.6,581474,65814,9008,22.69
2026-09-21 15:18:38,23429.0,2026-09-22,23000.0,CE,449.9,448.85,450.4,47472,7271,-2295,17.32
2026-09-21 15:18:38,23429.0,2026-09-22,23000.0,PE,5.25,5.25,5.3,1551415,195490,26349,21.42
2026-09-21 15:18:38,23429.0,2026-09-22,23050.0,CE,400.05,400.05,401.05,11290,2504,134,19.9
2026-09-21 15:18:38,23429.0,2026-09-22,23050.0,PE,6.05,6.05,6.1,837793,80194,36031,20.1
2026-09-21 15:18:38,23429.0,2026-09-22,23100.0,CE,351.05,351.05,351.8,80359,8400,-745,17.62
2026-09-21 15:18:38,23429.0,2026-09-22,23100.0,PE,7.15,7.15,7.2,1595975,132403,33482,18.86
2026-09-21 15:18:38,23429.0,2026-09-22,23150.0,CE,303.1,303.0,303.5,77347,4537,-842,16.55
2026-09-21 15:18:38,23429.0,2026-09-22,23150.0,PE,8.8,8.8,8.9,1533796,96852,36800,17.7
2026-09-21 15:18:38,23429.0,2026-09-22,23200.0,CE,255.05,254.9,255.45,600453,34258,-6750,15.44
2026-09-21 15:18:38,23429.0,2026-09-22,23200.0,PE,11.65,11.7,11.75,2692241,213474,65753,16.8
2026-09-21 15:18:38,23429.0,2026-09-22,23250.0,CE,209.35,209.25,209.85,716853,21494,-6379,15.0
2026-09-21 15:18:38,23429.0,2026-09-22,23250.0,PE,15.8,15.85,15.9,2135324,155665,55808,15.87
2026-09-21 15:18:38,23429.0,2026-09-22,23300.0,CE,166.05,166.05,166.3,2790074,73152,-40997,14.34
2026-09-21 15:18:38,23429.0,2026-09-22,23300.0,PE,22.45,22.35,22.45,4872273,330001,134823,15.21
2026-09-21 15:18:38,23429.0,2026-09-22,23350.0,CE,125.65,125.55,125.9,3932203,65825,-10415,13.87
2026-09-21 15:18:38,23429.0,2026-09-22,23350.0,PE,31.3,31.25,31.3,5164270,246571,167447,14.37
2026-09-21 15:18:38,23429.0,2026-09-22,23400.0,CE,88.85,88.85,89.05,8501613,196226,61330,13.21
2026-09-21 15:18:38,23429.0,2026-09-22,23400.0,PE,45.15,45.0,45.15,7562259,393938,320287,13.7
2026-09-21 15:18:38,23429.0,2026-09-22,23450.0,CE,58.9,58.8,58.95,6350466,196283,136900,12.67
2026-09-21 15:18:38,23429.0,2026-09-22,23450.0,PE,64.25,64.2,64.4,3351112,203503,192786,13.14
2026-09-21 15:18:38,23429.0,2026-09-22,23500.0,CE,36.7,36.7,36.85,6567169,292210,150269,12.48
2026-09-21 15:18:38,23429.0,2026-09-22,23500.0,PE,92.35,92.1,92.35,2482653,126251,89247,12.98
2026-09-21 15:18:38,23429.0,2026-09-22,23550.0,CE,20.7,20.6,20.65,3246559,133342,77106,12.19
2026-09-21 15:18:38,23429.0,2026-09-22,23550.0,PE,126.3,126.35,126.7,478907,23378,19339,12.92
2026-09-21 15:18:38,23429.0,2026-09-22,23600.0,CE,11.25,11.15,11.2,3551050,192115,70438,12.14
2026-09-21 15:18:38,23429.0,2026-09-22,23600.0,PE,167.2,167.1,167.5,394440,30390,19009,13.05
2026-09-21 15:18:38,23429.0,2026-09-22,23650.0,CE,6.0,5.95,6.0,2190706,106322,44142,12.24
2026-09-21 15:18:38,23429.0,2026-09-22,23650.0,PE,211.85,211.6,212.2,77247,6573,3549,13.63
2026-09-21 15:18:38,23429.0,2026-09-22,23700.0,CE,3.6,3.55,3.6,2208279,150773,4685,12.82
2026-09-21 15:18:38,23429.0,2026-09-22,23700.0,PE,260.15,259.2,259.8,68898,10554,2296,14.62
2026-09-21 15:18:38,23429.0,2026-09-22,23750.0,CE,2.5,2.45,2.5,1539812,87116,20905,13.63
2026-09-21 15:18:38,23429.0,2026-09-22,23750.0,PE,308.5,307.65,308.65,10043,1537,-27,16.1
2026-09-21 15:18:38,23429.0,2026-09-22,23800.0,CE,2.05,2.0,2.05,1404427,144126,17751,14.92
2026-09-21 15:18:38,23429.0,2026-09-22,23800.0,PE,358.2,357.5,358.4,19845,5866,-1192,16.94
2026-09-21 15:18:38,23429.0,2026-09-22,23850.0,CE,1.7,1.65,1.7,401130,59977,14182,16.18
2026-09-21 15:18:38,23429.0,2026-09-22,23850.0,PE,406.5,406.4,408.2,1638,1022,-96,20.01
2026-09-21 15:18:38,23429.0,2026-09-22,23900.0,CE,1.6,1.55,1.6,635488,114051,24139,17.74
2026-09-21 15:18:38,23429.0,2026-09-22,23900.0,PE,457.55,457.05,458.3,7798,3662,-3059,19.99
2026-09-21 15:18:38,23429.0,2026-09-22,23950.0,CE,1.35,1.3,1.35,276402,27532,-8901,18.97
2026-09-21 15:18:38,23429.0,2026-09-22,23950.0,PE,510.65,505.35,507.7,658,1019,-135,18.19
2026-09-21 15:19:39,23429.0,2026-09-22,22950.0,CE,499.85,496.75,498.5,1878,1284,-62,17.87
2026-09-21 15:19:39,23429.0,2026-09-22,22950.0,PE,4.55,4.55,4.6,582688,65468,8662,22.69
2026-09-21 15:19:39,23429.0,2026-09-22,23000.0,CE,447.4,447.65,448.85,47532,7281,-2285,17.32
2026-09-21 15:19:39,23429.0,2026-09-22,23000.0,PE,5.25,5.25,5.3,1557507,195780,26639,21.42
2026-09-21 15:19:39,23429.0,2026-09-22,23050.0,CE,399.05,399.0,400.05,11315,2495,125,19.9
2026-09-21 15:19:39,23429.0,2026-09-22,23050.0,PE,6.1,6.05,6.1,841995,78979,34816,20.1
2026-09-21 15:19:39,23429.0,2026-09-22,23100.0,CE,349.85,349.25,349.8,80515,8370,-775,17.62
2026-09-21 15:19:39,23429.0,2026-09-22,23100.0,PE,7.25,7.2,7.25,1601287,132923,34002,18.86
2026-09-21 15:19:39,23429.0,2026-09-22,23150.0,CE,302.0,301.5,302.0,77409,4545,-834,16.55
2026-09-21 15:19:39,23429.0,2026-09-22,23150.0,PE,8.95,8.95,9.0,1537495,96850,36798,17.7
2026-09-21 15:19:39,23429.0,2026-09-22,23200.0,CE,253.75,253.6,254.25,600899,34214,-6794,15.44
2026-09-21 15:19:39,23429.0,2026-09-22,23200.0,PE,11.9,11.9,11.95,2698758,212933,65212,16.8
2026-09-21 15:19:39,23429.0,2026-09-22,23250.0,CE,208.25,208.15,208.7,717264,21450,-6423,15.0
2026-09-21 15:19:39,23429.0,2026-09-22,23250.0,PE,16.2,16.1,16.15,2140058,155563,55706,15.87
2026-09-21 15:19:39,23429.0,2026-09-22,23300.0,CE,164.85,164.75,165.0,2791527,73239,-40910,14.34
2026-09-21 15:19:39,23429.0,2026-09-22,23300.0,PE,22.85,22.85,22.95,4882434,329041,133863,15.21
2026-09-21 15:19:39,23429.0,2026-09-22,23350.0,CE,124.7,124.5,124.7,3935019,65138,-11102,13.87
2026-09-21 15:19:39,23429.0,2026-09-22,23350.0,PE,31.9,31.85,31.95,5171758,245275,166151,14.37
2026-09-21 15:19:39,23429.0,2026-09-22,23400.0,CE,88.25,88.15,88.25,8512004,195029,60133,13.21
2026-09-21 15:19:39,23429.0,2026-09-22,23400.0,PE,45.6,45.6,45.75,7578269,391810,318159,13.7
2026-09-21 15:19:39,23429.0,2026-09-22,23450.0,CE,58.2,58.2,58.35,6366159,194815,135432,12.67
2026-09-21 15:19:39,23429.0,2026-09-22,23450.0,PE,65.25,65.3,65.35,3360257,203182,192465,13.14
2026-09-21 15:19:39,23429.0,2026-09-22,23500.0,CE,36.35,36.35,36.5,6584347,290772,148831,12.48
2026-09-21 15:19:39,23429.0,2026-09-22,23500.0,PE,93.35,93.3,93.55,2488665,125425,88421,12.98
2026-09-21 15:19:39,23429.0,2026-09-22,23550.0,CE,20.45,20.35,20.45,3255144,132596,76360,12.19
2026-09-21 15:19:39,23429.0,2026-09-22,23550.0,PE,127.75,127.65,128.0,480066,23027,18988,12.92
2026-09-21 15:19:39,23429.0,2026-09-22,23600.0,CE,11.05,11.0,11.05,3558521,191297,69620,12.14
2026-09-21 15:19:39,23429.0,2026-09-22,23600.0,PE,168.2,168.2,168.65,395140,30246,18865,13.05
2026-09-21 15:19:39,23429.0,2026-09-22,23650.0,CE,5.8,5.8,5.9,2196400,105877,43697,12.24
2026-09-21 15:19:39,23429.0,2026-09-22,23650.0,PE,213.9,213.15,213.75,77412,6536,3512,13.63
2026-09-21 15:19:39,23429.0,2026-09-22,23700.0,CE,3.55,3.5,3.55,2212566,150724,4636,12.82
2026-09-21 15:19:39,23429.0,2026-09-22,23700.0,PE,260.55,260.85,261.45,68969,10521,2263,14.62
2026-09-21 15:19:39,23429.0,2026-09-22,23750.0,CE,2.45,2.4,2.45,1540592,87256,21045,13.63
2026-09-21 15:19:39,23429.0,2026-09-22,23750.0,PE,310.35,309.0,309.8,10057,1534,-30,16.1
2026-09-21 15:19:39,23429.0,2026-09-22,23800.0,CE,2.05,2.0,2.05,1408038,144239,17864,14.92
2026-09-21 15:19:39,23429.0,2026-09-22,23800.0,PE,360.0,359.0,359.9,19860,5814,-1244,16.94
2026-09-21 15:19:39,23429.0,2026-09-22,23850.0,CE,1.7,1.7,1.75,405478,59883,14088,16.18
2026-09-21 15:19:39,23429.0,2026-09-22,23850.0,PE,410.35,407.45,409.3,1641,1022,-96,20.01
2026-09-21 15:19:39,23429.0,2026-09-22,23900.0,CE,1.6,1.55,1.6,636427,114054,24142,17.74
2026-09-21 15:19:39,23429.0,2026-09-22,23900.0,PE,459.95,459.0,459.8,7808,3656,-3065,19.99
2026-09-21 15:19:39,23429.0,2026-09-22,23950.0,CE,1.3,1.3,1.35,276823,27549,-8884,18.97
2026-09-21 15:19:39,23429.0,2026-09-22,23950.0,PE,510.65,506.3,509.05,658,1019,-135,18.19
2026-09-21 15:20:39,23429.0,2026-09-22,22950.0,CE,499.85,497.45,499.15,1878,1284,-62,17.87
2026-09-21 15:20:39,23429.0,2026-09-22,22950.0,PE,4.35,4.35,4.4,583761,65554,8748,22.69
2026-09-21 15:20:39,23429.0,2026-09-22,23000.0,CE,448.5,448.45,449.65,47561,7281,-2285,17.32
2026-09-21 15:20:39,23429.0,2026-09-22,23000.0,PE,5.05,5.0,5.05,1561747,194770,25629,21.42
2026-09-21 15:20:39,23429.0,2026-09-22,23050.0,CE,399.25,399.45,400.65,11331,2478,108,19.9
2026-09-21 15:20:39,23429.0,2026-09-22,23050.0,PE,5.9,5.85,5.9,844119,77804,33641,20.1
2026-09-21 15:20:39,23429.0,2026-09-22,23100.0,CE,349.85,349.95,350.95,80588,8351,-794,17.62
2026-09-21 15:20:39,23429.0,2026-09-22,23100.0,PE,7.0,6.95,7.0,1605585,134200,35279,18.86
2026-09-21 15:20:39,23429.0,2026-09-22,23150.0,CE,302.75,302.0,302.7,77520,4538,-841,16.55
2026-09-21 15:20:39,23429.0,2026-09-22,23150.0,PE,8.7,8.7,8.8,1540471,95775,35723,17.7
2026-09-21 15:20:39,23429.0,2026-09-22,23200.0,CE,254.85,254.4,255.0,601144,34127,-6881,15.44
2026-09-21 15:20:39,23429.0,2026-09-22,23200.0,PE,11.65,11.6,11.65,2706501,212102,64381,16.8
2026-09-21 15:20:39,23429.0,2026-09-22,23250.0,CE,209.15,208.75,209.35,717809,21421,-6452,15.0
2026-09-21 15:20:39,23429.0,2026-09-22,23250.0,PE,15.9,15.85,15.95,2144608,155724,55867,15.87
2026-09-21 15:20:39,23429.0,2026-09-22,23300.0,CE,165.5,165.5,165.75,2793946,73073,-41076,14.34
2026-09-21 15:20:39,23429.0,2026-09-22,23300.0,PE,22.55,22.55,22.6,4892209,327828,132650,15.21
2026-09-21 15:20:39,23429.0,2026-09-22,23350.0,CE,125.0,125.05,125.3,3938358,64320,-11920,13.87
2026-09-21 15:20:39,23429.0,2026-09-22,23350.0,PE,31.5,31.5,31.6,5180259,244456,165332,14.37
2026-09-21 15:20:39,23429.0,2026-09-22,23400.0,CE,88.6,88.4,88.6,8520235,194294,59398,13.21
2026-09-21 15:20:39,23429.0,2026-09-22,23400.0,PE,45.4,45.3,45.4,7591196,389462,315811,13.7
2026-09-21 15:20:39,23429.0,2026-09-22,23450.0,CE,58.5,58.5,58.65,6377268,195128,135745,12.67
2026-09-21 15:20:39,23429.0,2026-09-22,23450.0,PE,64.8,64.65,64.8,3368232,201634,190917,13.14
2026-09-21 15:20:39,23429.0,2026-09-22,23500.0,CE,36.5,36.5,36.6,6600818,287927,145986,12.48
2026-09-21 15:20:39,23429.0,2026-09-22,23500.0,PE,92.95,92.75,92.95,2493588,124862,87858,12.98
2026-09-21 15:20:39,23429.0,2026-09-22,23550.0,CE,20.7,20.65,20.7,3260773,133100,76864,12.19
2026-09-21 15:20:39,23429.0,2026-09-22,23550.0,PE,127.4,127.0,127.3,480966,22892,18853,12.92
2026-09-21 15:20:39,23429.0,2026-09-22,23600.0,CE,11.25,11.25,11.3,3564840,190654,68977,12.14
2026-09-21 15:20:39,23429.0,2026-09-22,23600.0,PE,168.0,167.55,168.0,395611,30046,18665,13.05
2026-09-21 15:20:39,23429.0,2026-09-22,23650.0,CE,6.0,5.95,6.0,2200425,105856,43676,12.24
2026-09-21 15:20:39,23429.0,2026-09-22,23650.0,PE,212.8,212.35,213.0,77618,6519,3495,13.63
2026-09-21 15:20:39,23429.0,2026-09-22,23700.0,CE,3.55,3.6,3.65,2216420,150378,4290,12.82
2026-09-21 15:20:39,23429.0,2026-09-22,23700.0,PE,260.45,260.0,260.55,69049,10497,2239,14.62
2026-09-21 15:20:39,23429.0,2026-09-22,23750.0,CE,2.45,2.45,2.5,1543956,86573,20362,13.63
2026-09-21 15:20:39,23429.0,2026-09-22,23750.0,PE,308.1,308.3,309.15,10077,1532,-32,16.1
2026-09-21 15:20:39,23429.0,2026-09-22,23800.0,CE,2.05,2.0,2.05,1411174,143170,16795,14.92
2026-09-21 15:20:39,23429.0,2026-09-22,23800.0,PE,359.45,358.1,359.05,19914,5789,-1269,16.94
2026-09-21 15:20:39,23429.0,2026-09-22,23850.0,CE,1.65,1.65,1.7,407124,58012,12217,16.18
2026-09-21 15:20:39,23429.0,2026-09-22,23850.0,PE,410.35,406.95,408.4,1641,1022,-96,20.01
2026-09-21 15:20:39,23429.0,2026-09-22,23900.0,CE,1.55,1.55,1.6,638067,114066,24154,17.74
2026-09-21 15:20:39,23429.0,2026-09-22,23900.0,PE,458.7,457.7,458.9,7817,3652,-3069,19.99
2026-09-21 15:20:39,23429.0,2026-09-22,23950.0,CE,1.3,1.3,1.35,277028,27626,-8807,18.97
2026-09-21 15:20:39,23429.0,2026-09-22,23950.0,PE,508.4,506.05,508.4,660,1019,-135,18.19
2026-09-21 15:21:40,23429.0,2026-09-22,22950.0,CE,496.5,497.0,498.9,1889,1288,-58,29.55
2026-09-21 15:21:40,23429.0,2026-09-22,22950.0,PE,4.3,4.25,4.35,587283,65170,8364,22.67
2026-09-21 15:21:40,23429.0,2026-09-22,23000.0,CE,446.85,448.1,449.1,47810,7296,-2270,27.94
2026-09-21 15:21:40,23429.0,2026-09-22,23000.0,PE,4.9,4.9,4.95,1573008,190454,21313,21.26
2026-09-21 15:21:40,23429.0,2026-09-22,23050.0,CE,397.75,398.4,399.8,11728,2456,86,26.45
2026-09-21 15:21:40,23429.0,2026-09-22,23050.0,PE,5.75,5.7,5.75,849751,76886,32723,19.88
2026-09-21 15:21:40,23429.0,2026-09-22,23100.0,CE,349.5,349.75,350.7,81376,8328,-817,24.03
2026-09-21 15:21:40,23429.0,2026-09-22,23100.0,PE,6.9,6.85,6.9,1620388,133741,34820,18.55
2026-09-21 15:21:40,23429.0,2026-09-22,23150.0,CE,302.65,301.65,302.65,78335,4332,-1047,22.06
2026-09-21 15:21:40,23429.0,2026-09-22,23150.0,PE,8.6,8.6,8.65,1557990,95723,35671,17.22
2026-09-21 15:21:40,23429.0,2026-09-22,23200.0,CE,254.0,253.65,254.35,604585,33754,-7254,20.07
2026-09-21 15:21:40,23429.0,2026-09-22,23200.0,PE,11.55,11.55,11.6,2731428,209240,61519,16.14
2026-09-21 15:21:40,23429.0,2026-09-22,23250.0,CE,208.85,208.35,208.9,720666,21343,-6530,18.49
2026-09-21 15:21:40,23429.0,2026-09-22,23250.0,PE,16.0,15.9,16.0,2163059,155354,55497,15.16
2026-09-21 15:21:40,23429.0,2026-09-22,23300.0,CE,165.0,165.0,165.45,2803227,71903,-42246,17.07
2026-09-21 15:21:40,23429.0,2026-09-22,23300.0,PE,22.6,22.6,22.7,4934509,322971,127793,14.26
2026-09-21 15:21:40,23429.0,2026-09-22,23350.0,CE,125.55,125.35,125.7,3953686,61441,-14799,15.93
2026-09-21 15:21:40,23429.0,2026-09-22,23350.0,PE,31.7,31.6,31.65,5220984,237609,158485,13.2
2026-09-21 15:21:40,23429.0,2026-09-22,23400.0,CE,88.55,88.3,88.55,8570850,187506,52610,14.61
2026-09-21 15:21:40,23429.0,2026-09-22,23400.0,PE,45.75,45.65,45.75,7661987,376889,303238,12.28
2026-09-21 15:21:40,23429.0,2026-09-22,23450.0,CE,58.4,58.2,58.35,6438493,192592,133209,13.72
2026-09-21 15:21:40,23429.0,2026-09-22,23450.0,PE,65.0,64.85,65.0,3416006,194269,183552,11.32
2026-09-21 15:21:40,23429.0,2026-09-22,23500.0,CE,36.25,36.1,36.25,6668969,282408,140467,13.23
2026-09-21 15:21:40,23429.0,2026-09-22,23500.0,PE,92.75,92.85,93.1,2522899,119600,82596,10.64
2026-09-21 15:21:40,23429.0,2026-09-22,23550.0,CE,20.2,20.1,20.2,3294310,131921,75685,12.75
2026-09-21 15:21:40,23429.0,2026-09-22,23550.0,PE,127.4,127.05,127.4,487823,21513,17474,9.29
2026-09-21 15:21:40,23429.0,2026-09-22,23600.0,CE,10.7,10.7,10.8,3603467,187143,65466,12.59
2026-09-21 15:21:40,23429.0,2026-09-22,23600.0,PE,168.15,167.7,168.2,400362,29458,18077,6.55
2026-09-21 15:21:40,23429.0,2026-09-22,23650.0,CE,5.65,5.65,5.7,2230640,105155,42975,12.64
2026-09-21 15:21:40,23429.0,2026-09-22,23650.0,PE,212.85,212.45,213.1,79026,6318,3294,
2026-09-21 15:21:40,23429.0,2026-09-22,23700.0,CE,3.45,3.4,3.45,2238990,149427,3339,13.22
2026-09-21 15:21:40,23429.0,2026-09-22,23700.0,PE,260.8,259.8,260.4,70043,10383,2125,
2026-09-21 15:21:40,23429.0,2026-09-22,23750.0,CE,2.35,2.35,2.4,1564212,83739,17528,14.05
2026-09-21 15:21:40,23429.0,2026-09-22,23750.0,PE,309.4,308.9,309.8,10524,1522,-42,
2026-09-21 15:21:40,23429.0,2026-09-22,23800.0,CE,1.95,1.95,2.0,1420816,142207,15832,15.37
2026-09-21 15:21:40,23429.0,2026-09-22,23800.0,PE,359.6,358.1,359.2,20424,5815,-1243,
2026-09-21 15:21:40,23429.0,2026-09-22,23850.0,CE,1.6,1.6,1.65,410634,57782,11987,16.5
2026-09-21 15:21:40,23429.0,2026-09-22,23850.0,PE,410.0,407.8,409.15,1694,1020,-98,
2026-09-21 15:21:40,23429.0,2026-09-22,23900.0,CE,1.5,1.5,1.55,642746,114456,24544,18.07
2026-09-21 15:21:40,23429.0,2026-09-22,23900.0,PE,460.0,458.15,459.35,7884,3670,-3051,
2026-09-21 15:21:40,23429.0,2026-09-22,23950.0,CE,1.3,1.25,1.3,278283,27610,-8823,19.2
2026-09-21 15:21:40,23429.0,2026-09-22,23950.0,PE,505.0,506.3,509.1,662,1019,-135,
2026-09-21 15:22:40,23429.0,2026-09-22,22950.0,CE,499.4,497.95,499.8,1892,1296,-50,29.55
2026-09-21 15:22:40,23429.0,2026-09-22,22950.0,PE,4.2,4.2,4.25,589869,65170,8364,22.67
2026-09-21 15:22:40,23429.0,2026-09-22,23000.0,CE,449.0,448.35,449.9,48070,7296,-2270,27.94
2026-09-21 15:22:40,23429.0,2026-09-22,23000.0,PE,4.8,4.75,4.8,1578070,190454,21313,21.26
2026-09-21 15:22:40,23429.0,2026-09-22,23050.0,CE,401.25,399.75,401.0,11754,2412,42,26.45
2026-09-21 15:22:40,23429.0,2026-09-22,23050.0,PE,5.6,5.6,5.65,851169,76886,32723,19.88
2026-09-21 15:22:40,23429.0,2026-09-22,23100.0,CE,351.15,350.5,351.35,81497,8328,-817,24.03
2026-09-21 15:22:40,23429.0,2026-09-22,23100.0,PE,6.75,6.7,6.75,1623951,133741,34820,18.55
2026-09-21 15:22:40,23429.0,2026-09-22,23150.0,CE,303.0,302.6,303.5,78446,4332,-1047,22.06
2026-09-21 15:22:40,23429.0,2026-09-22,23150.0,PE,8.45,8.45,8.5,1561338,95723,35671,17.22
2026-09-21 15:22:40,23429.0,2026-09-22,23200.0,CE,255.1,254.7,255.35,605463,33754,-7254,20.07
2026-09-21 15:22:40,23429.0,2026-09-22,23200.0,PE,11.3,11.25,11.3,2743364,209240,61519,16.14
2026-09-21 15:22:40,23429.0,2026-09-22,23250.0,CE,209.65,209.65,210.2,721540,21343,-6530,18.49
2026-09-21 15:22:40,23429.0,2026-09-22,23250.0,PE,15.65,15.65,15.7,2168881,155354,55497,15.16
2026-09-21 15:22:40,23429.0,2026-09-22,23300.0,CE,165.75,165.85,166.35,2805977,71903,-42246,17.07
2026-09-21 15:22:40,23429.0,2026-09-22,23300.0,PE,22.25,22.2,22.3,4949682,322971,127793,14.26
2026-09-21 15:22:40,23429.0,2026-09-22,23350.0,CE,126.0,126.0,126.35,3957936,61441,-14799,15.93
2026-09-21 15:22:40,23429.0,2026-09-22,23350.0,PE,31.15,31.15,31.25,5235314,237609,158485,13.2
2026-09-21 15:22:40,23429.0,2026-09-22,23400.0,CE,89.25,89.05,89.25,8589234,187506,52610,14.61
2026-09-21 15:22:40,23429.0,2026-09-22,23400.0,PE,45.05,44.9,45.05,7686432,376889,303238,12.28
2026-09-21 15:22:40,23429.0,2026-09-22,23450.0,CE,58.8,58.8,58.95,6460670,192592,133209,13.72
2026-09-21 15:22:40,23429.0,2026-09-22,23450.0,PE,64.15,64.1,64.2,3432163,194269,183552,11.32
2026-09-21 15:22:40,23429.0,2026-09-22,23500.0,CE,36.5,36.5,36.65,6695091,282408,140467,13.23
2026-09-21 15:22:40,23429.0,2026-09-22,23500.0,PE,92.15,91.95,92.15,2530592,119600,82596,10.64
2026-09-21 15:22:40,23429.0,2026-09-22,23550.0,CE,20.4,20.35,20.45,3305239,131921,75685,12.75
2026-09-21 15:22:40,23429.0,2026-09-22,23550.0,PE,126.05,126.05,126.4,489349,21513,17474,9.29
2026-09-21 15:22:40,23429.0,2026-09-22,23600.0,CE,10.9,10.85,10.9,3614460,187143,65466,12.59
2026-09-21 15:22:40,23429.0,2026-09-22,23600.0,PE,167.2,166.65,167.1,401753,29458,18077,6.55
2026-09-21 15:22:40,23429.0,2026-09-22,23650.0,CE,5.65,5.65,5.7,2237665,105155,42975,12.64
2026-09-21 15:22:40,23429.0,2026-09-22,23650.0,PE,211.95,211.45,211.95,79377,6318,3294,
2026-09-21 15:22:40,23429.0,2026-09-22,23700.0,CE,3.35,3.35,3.4,2246290,149427,3339,13.22
2026-09-21 15:22:40,23429.0,2026-09-22,23700.0,PE,259.75,258.55,259.3,70144,10383,2125,
2026-09-21 15:22:40,23429.0,2026-09-22,23750.0,CE,2.35,2.35,2.4,1568926,83739,17528,14.05
2026-09-21 15:22:40,23429.0,2026-09-22,23750.0,PE,308.7,307.65,308.5,10570,1579,15,
2026-09-21 15:22:40,23429.0,2026-09-22,23800.0,CE,1.9,1.9,1.95,1429906,142207,15832,15.37
2026-09-21 15:22:40,23429.0,2026-09-22,23800.0,PE,357.0,356.85,357.95,20499,5815,-1243,
2026-09-21 15:22:40,23429.0,2026-09-22,23850.0,CE,1.6,1.6,1.65,411536,57782,11987,16.5
2026-09-21 15:22:40,23429.0,2026-09-22,23850.0,PE,406.2,405.95,407.45,1704,998,-120,
2026-09-21 15:22:40,23429.0,2026-09-22,23900.0,CE,1.55,1.5,1.55,648165,114456,24544,18.07
2026-09-21 15:22:40,23429.0,2026-09-22,23900.0,PE,457.0,456.75,458.05,7902,3670,-3051,
2026-09-21 15:22:40,23429.0,2026-09-22,23950.0,CE,1.3,1.25,1.3,278792,27610,-8823,19.2
2026-09-21 15:22:40,23429.0,2026-09-22,23950.0,PE,505.0,505.5,507.7,662,1019,-135,
2026-09-21 15:23:40,23429.0,2026-09-22,22950.0,CE,500.9,498.4,499.55,1895,1299,-47,29.55
2026-09-21 15:23:40,23429.0,2026-09-22,22950.0,PE,4.4,4.4,4.45,595336,64336,7530,22.67
2026-09-21 15:23:40,23429.0,2026-09-22,23000.0,CE,448.1,448.8,449.65,48334,7116,-2450,27.94
2026-09-21 15:23:40,23429.0,2026-09-22,23000.0,PE,5.0,5.0,5.05,1584685,188828,19687,21.26
2026-09-21 15:23:40,23429.0,2026-09-22,23050.0,CE,399.95,400.15,400.5,11878,2415,45,26.45
2026-09-21 15:23:40,23429.0,2026-09-22,23050.0,PE,5.75,5.75,5.8,854777,76943,32780,19.88
2026-09-21 15:23:40,23429.0,2026-09-22,23100.0,CE,350.7,350.7,351.45,81688,8171,-974,24.03
2026-09-21 15:23:40,23429.0,2026-09-22,23100.0,PE,6.85,6.85,6.9,1632586,133191,34270,18.55
2026-09-21 15:23:40,23429.0,2026-09-22,23150.0,CE,303.0,302.85,303.45,78637,4219,-1160,22.06
2026-09-21 15:23:40,23429.0,2026-09-22,23150.0,PE,8.55,8.5,8.55,1569431,94825,34773,17.22
2026-09-21 15:23:40,23429.0,2026-09-22,23200.0,CE,254.55,254.85,255.55,606590,33605,-7403,20.07
2026-09-21 15:23:40,23429.0,2026-09-22,23200.0,PE,11.15,11.15,11.2,2756701,204697,56976,16.14
2026-09-21 15:23:40,23429.0,2026-09-22,23250.0,CE,209.25,209.35,209.55,722331,20824,-7049,18.49
2026-09-21 15:23:40,23429.0,2026-09-22,23250.0,PE,15.4,15.35,15.4,2179490,151152,51295,15.16
2026-09-21 15:23:40,23429.0,2026-09-22,23300.0,CE,165.9,165.9,166.3,2809099,71212,-42937,17.07
2026-09-21 15:23:40,23429.0,2026-09-22,23300.0,PE,21.85,21.8,21.85,4971080,317539,122361,14.26
2026-09-21 15:23:40,23429.0,2026-09-22,23350.0,CE,125.85,125.85,126.0,3963096,59708,-16532,15.93
2026-09-21 15:23:40,23429.0,2026-09-22,23350.0,PE,30.7,30.75,30.8,5256594,229820,150696,13.2
2026-09-21 15:23:40,23429.0,2026-09-22,23400.0,CE,88.8,88.6,88.8,8608390,183096,48200,14.61
2026-09-21 15:23:40,23429.0,2026-09-22,23400.0,PE,44.4,44.35,44.45,7717055,369159,295508,12.28
2026-09-21 15:23:40,23429.0,2026-09-22,23450.0,CE,58.25,58.3,58.5,6493400,184934,125551,13.72
2026-09-21 15:23:40,23429.0,2026-09-22,23450.0,PE,63.7,63.65,63.7,3455356,186577,175860,11.32
2026-09-21 15:23:40,23429.0,2026-09-22,23500.0,CE,36.0,36.0,36.1,6729617,276169,134228,13.23
2026-09-21 15:23:40,23429.0,2026-09-22,23500.0,PE,91.3,91.3,91.5,2539282,116062,79058,10.64
2026-09-21 15:23:40,23429.0,2026-09-22,23550.0,CE,19.85,19.85,19.95,3324619,129049,72813,12.75
2026-09-21 15:23:40,23429.0,2026-09-22,23550.0,PE,125.55,125.2,125.55,490904,21011,16972,9.29
2026-09-21 15:23:40,23429.0,2026-09-22,23600.0,CE,10.45,10.45,10.5,3632014,186458,64781,12.59
2026-09-21 15:23:40,23429.0,2026-09-22,23600.0,PE,165.7,165.65,166.0,403777,28635,17254,6.55
2026-09-21 15:23:40,23429.0,2026-09-22,23650.0,CE,5.4,5.35,5.4,2250167,105278,43098,12.64
2026-09-21 15:23:40,23429.0,2026-09-22,23650.0,PE,210.6,210.6,211.1,79871,6123,3099,
2026-09-21 15:23:40,23429.0,2026-09-22,23700.0,CE,3.1,3.1,3.15,2260747,147986,1898,13.22
2026-09-21 15:23:40,23429.0,2026-09-22,23700.0,PE,259.25,258.3,258.95,70556,10247,1989,
2026-09-21 15:23:40,23429.0,2026-09-22,23750.0,CE,2.1,2.05,2.1,1578115,82637,16426,14.05
2026-09-21 15:23:40,23429.0,2026-09-22,23750.0,PE,306.65,307.0,307.9,10626,1593,29,
2026-09-21 15:23:40,23429.0,2026-09-22,23800.0,CE,1.7,1.7,1.75,1436864,139494,13119,15.37
2026-09-21 15:23:40,23429.0,2026-09-22,23800.0,PE,358.0,357.45,358.0,20683,5797,-1261,
2026-09-21 15:23:40,23429.0,2026-09-22,23850.0,CE,1.5,1.45,1.5,414403,58457,12662,16.5
2026-09-21 15:23:40,23429.0,2026-09-22,23850.0,PE,406.05,405.9,407.4,1730,1005,-113,
2026-09-21 15:23:40,23429.0,2026-09-22,23900.0,CE,1.45,1.4,1.45,653319,112040,22128,18.07
2026-09-21 15:23:40,23429.0,2026-09-22,23900.0,PE,458.9,456.4,457.8,8151,3663,-3058,
2026-09-21 15:23:40,23429.0,2026-09-22,23950.0,CE,1.25,1.2,1.25,279895,27527,-8906,19.2
2026-09-21 15:23:40,23429.0,2026-09-22,23950.0,PE,505.0,504.85,507.3,662,1019,-135,
2026-09-21 15:24:40,23429.0,2026-09-22,22950.0,CE,500.9,498.25,500.2,1895,1299,-47,29.55
2026-09-21 15:24:40,23429.0,2026-09-22,22950.0,PE,4.45,4.4,4.45,597891,64206,7400,22.67
2026-09-21 15:24:40,23429.0,2026-09-22,23000.0,CE,450.35,448.7,449.9,48473,7105,-2461,27.94
2026-09-21 15:24:40,23429.0,2026-09-22,23000.0,PE,5.0,5.0,5.05,1588909,188903,19762,21.26
2026-09-21 15:24:40,23429.0,2026-09-22,23050.0,CE,400.95,400.0,400.9,11912,2417,47,26.45
2026-09-21 15:24:40,23429.0,2026-09-22,23050.0,PE,5.8,5.8,5.85,857226,77028,32865,19.88
2026-09-21 15:24:40,23429.0,2026-09-22,23100.0,CE,352.65,350.7,351.2,81819,8083,-1062,24.03
2026-09-21 15:24:40,23429.0,2026-09-22,23100.0,PE,6.9,6.9,6.95,1637696,133122,34201,18.55
2026-09-21 15:24:40,23429.0,2026-09-22,23150.0,CE,303.55,302.95,303.5,78704,4227,-1152,22.06
2026-09-21 15:24:40,23429.0,2026-09-22,23150.0,PE,8.6,8.6,8.65,1575299,95050,34998,17.22
2026-09-21 15:24:40,23429.0,2026-09-22,23200.0,CE,255.0,255.1,255.6,607323,33463,-7545,20.07
2026-09-21 15:24:40,23429.0,2026-09-22,23200.0,PE,11.45,11.4,11.45,2763270,204142,56421,16.14
2026-09-21 15:24:40,23429.0,2026-09-22,23250.0,CE,209.6,209.3,209.85,723033,20778,-7095,18.49
2026-09-21 15:24:40,23429.0,2026-09-22,23250.0,PE,15.65,15.7,15.75,2185414,150469,50612,15.16
2026-09-21 15:24:40,23429.0,2026-09-22,23300.0,CE,166.5,166.2,166.55,2811354,70992,-43157,17.07
2026-09-21 15:24:40,23429.0,2026-09-22,23300.0,PE,22.2,22.1,22.2,4983205,316353,121175,14.26
2026-09-21 15:24:40,23429.0,2026-09-22,23350.0,CE,126.25,125.95,126.2,3966495,59110,-17130,15.93
2026-09-21 15:24:40,23429.0,2026-09-22,23350.0,PE,31.1,31.05,31.15,5267995,229590,150466,13.2
2026-09-21 15:24:40,23429.0,2026-09-22,23400.0,CE,89.1,88.8,89.05,8624288,185045,50149,14.61
2026-09-21 15:24:40,23429.0,2026-09-22,23400.0,PE,44.8,44.7,44.85,7738842,366681,293030,12.28
2026-09-21 15:24:40,23429.0,2026-09-22,23450.0,CE,58.55,58.4,58.55,6508798,181845,122462,13.72
2026-09-21 15:24:40,23429.0,2026-09-22,23450.0,PE,63.65,63.65,63.75,3473693,184611,173894,11.32
2026-09-21 15:24:40,23429.0,2026-09-22,23500.0,CE,36.0,36.0,36.05,6749781,272389,130448,13.23
2026-09-21 15:24:40,23429.0,2026-09-22,23500.0,PE,91.2,91.15,91.35,2545251,114938,77934,10.64
2026-09-21 15:24:40,23429.0,2026-09-22,23550.0,CE,19.9,19.8,19.9,3337046,127011,70775,12.75
2026-09-21 15:24:40,23429.0,2026-09-22,23550.0,PE,125.55,125.3,125.6,492068,20701,16662,9.29
2026-09-21 15:24:40,23429.0,2026-09-22,23600.0,CE,10.35,10.3,10.35,3647346,184500,62823,12.59
2026-09-21 15:24:40,23429.0,2026-09-22,23600.0,PE,165.5,166.05,166.45,406405,29396,18015,6.55
2026-09-21 15:24:40,23429.0,2026-09-22,23650.0,CE,5.25,5.25,5.3,2258461,105905,43725,12.64
2026-09-21 15:24:40,23429.0,2026-09-22,23650.0,PE,209.85,210.5,211.1,80096,6165,3141,
2026-09-21 15:24:40,23429.0,2026-09-22,23700.0,CE,3.1,3.05,3.1,2269667,146746,658,13.22
2026-09-21 15:24:40,23429.0,2026-09-22,23700.0,PE,257.4,258.45,259.15,70695,10251,1993,
2026-09-21 15:24:40,23429.0,2026-09-22,23750.0,CE,2.1,2.05,2.1,1581446,81613,15402,14.05
2026-09-21 15:24:40,23429.0,2026-09-22,23750.0,PE,306.95,306.9,307.9,10701,1583,19,
2026-09-21 15:24:40,23429.0,2026-09-22,23800.0,CE,1.7,1.7,1.75,1441269,139519,13144,15.37
2026-09-21 15:24:40,23429.0,2026-09-22,23800.0,PE,356.8,356.95,357.8,20751,5784,-1274,
2026-09-21 15:24:40,23429.0,2026-09-22,23850.0,CE,1.45,1.45,1.5,415657,58817,13022,16.5
2026-09-21 15:24:40,23429.0,2026-09-22,23850.0,PE,407.95,406.0,407.5,1737,1002,-116,
2026-09-21 15:24:40,23429.0,2026-09-22,23900.0,CE,1.45,1.4,1.45,656847,111779,21867,18.07
2026-09-21 15:24:40,23429.0,2026-09-22,23900.0,PE,458.9,456.95,457.8,8151,3663,-3058,
2026-09-21 15:24:40,23429.0,2026-09-22,23950.0,CE,1.25,1.2,1.25,281435,27254,-9179,19.2
2026-09-21 15:24:40,23429.0,2026-09-22,23950.0,PE,505.0,505.05,507.3,662,1019,-135,
2026-09-21 15:25:41,23429.0,2026-09-22,22950.0,CE,500.9,497.45,499.2,1895,1299,-47,29.55
2026-09-21 15:25:41,23429.0,2026-09-22,22950.0,PE,4.35,4.35,4.4,599504,64206,7400,22.67
2026-09-21 15:25:41,23429.0,2026-09-22,23000.0,CE,448.5,447.8,448.95,48589,7105,-2461,27.94
2026-09-21 15:25:41,23429.0,2026-09-22,23000.0,PE,4.95,4.9,4.95,1591736,188903,19762,21.26
2026-09-21 15:25:41,23429.0,2026-09-22,23050.0,CE,400.8,399.1,400.25,11922,2417,47,26.45
2026-09-21 15:25:41,23429.0,2026-09-22,23050.0,PE,5.75,5.7,5.75,858373,77028,32865,19.88
2026-09-21 15:25:41,23429.0,2026-09-22,23100.0,CE,351.4,350.1,350.95,81851,8083,-1062,24.03
2026-09-21 15:25:41,23429.0,2026-09-22,23100.0,PE,6.8,6.8,6.85,1641982,133122,34201,18.55
2026-09-21 15:25:41,23429.0,2026-09-22,23150.0,CE,302.8,302.1,302.45,78774,4227,-1152,22.06
2026-09-21 15:25:41,23429.0,2026-09-22,23150.0,PE,8.55,8.55,8.6,1579419,95050,34998,17.22
2026-09-21 15:25:41,23429.0,2026-09-22,23200.0,CE,254.85,254.5,254.75,607611,33463,-7545,20.07
2026-09-21 15:25:41,23429.0,2026-09-22,23200.0,PE,11.35,11.35,11.4,2769164,204142,56421,16.14
2026-09-21 15:25:41,23429.0,2026-09-22,23250.0,CE,209.0,208.7,209.1,723289,20778,-7095,18.49
2026-09-21 15:25:41,23429.0,2026-09-22,23250.0,PE,15.6,15.6,15.65,2188428,150469,50612,15.16
2026-09-21 15:25:41,23429.0,2026-09-22,23300.0,CE,165.65,165.3,165.65,2813311,70992,-43157,17.07
2026-09-21 15:25:41,23429.0,2026-09-22,23300.0,PE,22.1,22.1,22.15,4990601,316353,121175,14.26
2026-09-21 15:25:41,23429.0,2026-09-22,23350.0,CE,125.35,125.05,125.4,3969220,59110,-17130,15.93
2026-09-21 15:25:41,23429.0,2026-09-22,23350.0,PE,31.2,31.1,31.2,5276198,229590,150466,13.2
2026-09-21 15:25:41,23429.0,2026-09-22,23400.0,CE,88.2,88.2,88.45,8632830,185045,50149,14.61
2026-09-21 15:25:41,23429.0,2026-09-22,23400.0,PE,44.95,44.85,45.0,7749251,366681,293030,12.28
2026-09-21 15:25:41,23429.0,2026-09-22,23450.0,CE,58.0,58.05,58.15,6523013,181845,122462,13.72
2026-09-21 15:25:41,23429.0,2026-09-22,23450.0,PE,64.25,64.2,64.25,3483208,184611,173894,11.32
2026-09-21 15:25:41,23429.0,2026-09-22,23500.0,CE,35.8,35.7,35.8,6763130,272389,130448,13.23
2026-09-21 15:25:41,23429.0,2026-09-22,23500.0,PE,92.0,91.8,91.95,2549580,114938,77934,10.64
2026-09-21 15:25:41,23429.0,2026-09-22,23550.0,CE,19.7,19.65,19.7,3343200,127011,70775,12.75
2026-09-21 15:25:41,23429.0,2026-09-22,23550.0,PE,126.0,125.9,126.0,493019,20701,16662,9.29
2026-09-21 15:25:41,23429.0,2026-09-22,23600.0,CE,10.2,10.15,10.2,3654666,184500,62823,12.59
2026-09-21 15:25:41,23429.0,2026-09-22,23600.0,PE,166.45,166.45,166.8,406797,29396,18015,6.55
2026-09-21 15:25:41,23429.0,2026-09-22,23650.0,CE,5.25,5.2,5.25,2261549,105905,43725,12.64
2026-09-21 15:25:41,23429.0,2026-09-22,23650.0,PE,210.6,211.3,211.75,80189,6165,3141,
2026-09-21 15:25:41,23429.0,2026-09-22,23700.0,CE,3.1,3.05,3.1,2275369,146746,658,13.22
2026-09-21 15:25:41,23429.0,2026-09-22,23700.0,PE,258.95,259.1,259.45,70738,10251,1993,
2026-09-21 15:25:41,23429.0,2026-09-22,23750.0,CE,2.0,2.0,2.05,1583096,81613,15402,14.05
2026-09-21 15:25:41,23429.0,2026-09-22,23750.0,PE,307.1,308.05,308.85,10746,1583,19,
2026-09-21 15:25:41,23429.0,2026-09-22,23800.0,CE,1.7,1.65,1.7,1442515,139519,13144,15.37
2026-09-21 15:25:41,23429.0,2026-09-22,23800.0,PE,358.0,357.6,358.4,20814,5784,-1274,
2026-09-21 15:25:41,23429.0,2026-09-22,23850.0,CE,1.45,1.45,1.5,416781,58817,13022,16.5
2026-09-21 15:25:41,23429.0,2026-09-22,23850.0,PE,405.5,406.45,408.15,1741,1002,-116,
2026-09-21 15:25:41,23429.0,2026-09-22,23900.0,CE,1.35,1.35,1.4,660176,111779,21867,18.07
2026-09-21 15:25:41,23429.0,2026-09-22,23900.0,PE,456.0,457.8,458.75,8152,3582,-3139,
2026-09-21 15:25:41,23429.0,2026-09-22,23950.0,CE,1.15,1.15,1.2,282068,27254,-9179,19.2
2026-09-21 15:25:41,23429.0,2026-09-22,23950.0,PE,505.0,505.6,507.85,665,1019,-135,
2026-09-21 15:26:41,23429.0,2026-09-22,22950.0,CE,500.9,494.6,496.3,1895,1299,-47,29.55
2026-09-21 15:26:41,23429.0,2026-09-22,22950.0,PE,4.15,4.1,4.15,607077,64673,7867,22.67
2026-09-21 15:26:41,23429.0,2026-09-22,23000.0,CE,445.15,445.4,446.2,48688,7061,-2505,27.94
2026-09-21 15:26:41,23429.0,2026-09-22,23000.0,PE,4.9,4.85,4.9,1598138,189019,19878,21.26
2026-09-21 15:26:41,23429.0,2026-09-22,23050.0,CE,400.0,396.5,397.8,11923,2417,47,26.45
2026-09-21 15:26:41,23429.0,2026-09-22,23050.0,PE,5.8,5.8,5.85,861906,77145,32982,19.88
2026-09-21 15:26:41,23429.0,2026-09-22,23100.0,CE,347.85,347.9,348.75,82002,8094,-1051,24.03
2026-09-21 15:26:41,23429.0,2026-09-22,23100.0,PE,7.0,7.0,7.05,1647252,134520,35599,18.55
2026-09-21 15:26:41,23429.0,2026-09-22,23150.0,CE,299.85,299.5,300.25,78922,4264,-1115,22.06
2026-09-21 15:26:41,23429.0,2026-09-22,23150.0,PE,8.95,8.9,8.95,1590462,93701,33649,17.22
2026-09-21 15:26:41,23429.0,2026-09-22,23200.0,CE,251.9,252.2,252.85,608417,33361,-7647,20.07
2026-09-21 15:26:41,23429.0,2026-09-22,23200.0,PE,11.8,11.8,11.85,2777422,202405,54684,16.14
2026-09-21 15:26:41,23429.0,2026-09-22,23250.0,CE,207.65,207.0,207.5,723999,20708,-7165,18.49
2026-09-21 15:26:41,23429.0,2026-09-22,23250.0,PE,16.2,16.2,16.3,2196192,149478,49621,15.16
2026-09-21 15:26:41,23429.0,2026-09-22,23300.0,CE,163.75,163.7,164.05,2816163,70410,-43739,17.07
2026-09-21 15:26:41,23429.0,2026-09-22,23300.0,PE,22.9,22.9,22.95,5004222,314162,118984,14.26
2026-09-21 15:26:41,23429.0,2026-09-22,23350.0,CE,123.5,123.5,123.8,3973289,57693,-18547,15.93
2026-09-21 15:26:41,23429.0,2026-09-22,23350.0,PE,32.15,32.15,32.25,5291605,227281,148157,13.2
2026-09-21 15:26:41,23429.0,2026-09-22,23400.0,CE,86.9,86.9,87.1,8646710,181310,46414,14.61
2026-09-21 15:26:41,23429.0,2026-09-22,23400.0,PE,46.2,46.2,46.35,7776535,362742,289091,12.28
2026-09-21 15:26:41,23429.0,2026-09-22,23450.0,CE,57.6,57.4,57.6,6545616,177484,118101,13.72
2026-09-21 15:26:41,23429.0,2026-09-22,23450.0,PE,66.05,65.9,66.0,3502715,179000,168283,11.32
2026-09-21 15:26:41,23429.0,2026-09-22,23500.0,CE,34.95,34.95,35.05,6789592,271763,129822,13.23
2026-09-21 15:26:41,23429.0,2026-09-22,23500.0,PE,93.95,93.9,94.0,2560012,113558,76554,10.64
2026-09-21 15:26:41,23429.0,2026-09-22,23550.0,CE,19.35,19.3,19.4,3354949,126209,69973,12.75
2026-09-21 15:26:41,23429.0,2026-09-22,23550.0,PE,128.25,128.25,128.4,495032,20459,16420,9.29
2026-09-21 15:26:41,23429.0,2026-09-22,23600.0,CE,10.0,10.0,10.05,3667067,183201,61524,12.59
2026-09-21 15:26:41,23429.0,2026-09-22,23600.0,PE,168.8,168.7,168.8,408111,29164,17783,6.55
2026-09-21 15:26:41,23429.0,2026-09-22,23650.0,CE,5.05,5.05,5.1,2269371,105864,43684,12.64
2026-09-21 15:26:41,23429.0,2026-09-22,23650.0,PE,214.25,213.65,214.2,80515,6054,3030,
2026-09-21 15:26:41,23429.0,2026-09-22,23700.0,CE,2.95,2.95,3.0,2290581,146252,164,13.22
2026-09-21 15:26:41,23429.0,2026-09-22,23700.0,PE,262.6,261.6,262.3,70924,10178,1920,
2026-09-21 15:26:41,23429.0,2026-09-22,23750.0,CE,2.0,1.95,2.0,1586839,80939,14728,14.05
2026-09-21 15:26:41,23429.0,2026-09-22,23750.0,PE,311.0,310.25,311.1,10839,1560,-4,
2026-09-21 15:26:41,23429.0,2026-09-22,23800.0,CE,1.6,1.6,1.65,1447973,138740,12365,15.37
2026-09-21 15:26:41,23429.0,2026-09-22,23800.0,PE,361.05,360.05,360.9,20885,5774,-1284,
2026-09-21 15:26:41,23429.0,2026-09-22,23850.0,CE,1.25,1.2,1.25,431723,59031,13236,16.5
2026-09-21 15:26:41,23429.0,2026-09-22,23850.0,PE,410.6,408.3,410.45,1750,998,-120,
2026-09-21 15:26:41,23429.0,2026-09-22,23900.0,CE,1.25,1.25,1.3,666799,111118,21206,18.07
2026-09-21 15:26:41,23429.0,2026-09-22,23900.0,PE,460.0,460.65,461.05,8160,3582,-3139,
2026-09-21 15:26:41,23429.0,2026-09-22,23950.0,CE,1.1,1.1,1.15,288099,27282,-9151,19.2
2026-09-21 15:26:41,23429.0,2026-09-22,23950.0,PE,510.2,508.3,510.65,666,1019,-135,
2026-09-21 15:27:41,23429.0,2026-09-22,22950.0,CE,493.65,488.8,490.6,1915,1299,-47,29.55
2026-09-21 15:27:41,23429.0,2026-09-22,22950.0,PE,3.95,3.95,4.0,613972,63622,6816,22.67
2026-09-21 15:27:41,23429.0,2026-09-22,23000.0,CE,439.2,439.6,441.15,48751,7057,-2509,27.94
2026-09-21 15:27:41,23429.0,2026-09-22,23000.0,PE,4.8,4.75,4.8,1605788,187874,18733,21.26
2026-09-21 15:27:41,23429.0,2026-09-22,23050.0,CE,391.3,390.5,391.75,11958,2422,52,26.45
2026-09-21 15:27:41,23429.0,2026-09-22,23050.0,PE,5.7,5.7,5.75,865475,77522,33359,19.88
2026-09-21 15:27:41,23429.0,2026-09-22,23100.0,CE,342.6,341.7,342.7,82084,8058,-1087,24.03
2026-09-21 15:27:41,23429.0,2026-09-22,23100.0,PE,7.0,6.95,7.0,1652825,135376,36455,18.55
2026-09-21 15:27:41,23429.0,2026-09-22,23150.0,CE,293.9,294.15,294.95,79100,4256,-1123,22.06
2026-09-21 15:27:41,23429.0,2026-09-22,23150.0,PE,9.0,9.0,9.1,1596753,95354,35302,17.22
2026-09-21 15:27:41,23429.0,2026-09-22,23200.0,CE,246.5,246.6,247.25,609880,33107,-7901,20.07
2026-09-21 15:27:41,23429.0,2026-09-22,23200.0,PE,12.15,12.1,12.15,2788517,201672,53951,16.14
2026-09-21 15:27:41,23429.0,2026-09-22,23250.0,CE,202.3,202.0,202.3,725029,20631,-7242,18.49
2026-09-21 15:27:41,23429.0,2026-09-22,23250.0,PE,16.9,16.85,16.9,2204148,148046,48189,15.16
2026-09-21 15:27:41,23429.0,2026-09-22,23300.0,CE,159.1,159.05,159.45,2822217,69708,-44441,17.07
2026-09-21 15:27:41,23429.0,2026-09-22,23300.0,PE,24.0,23.95,24.05,5024194,306313,111135,14.26
2026-09-21 15:27:41,23429.0,2026-09-22,23350.0,CE,119.3,119.45,119.6,3979485,57298,-18942,15.93
2026-09-21 15:27:41,23429.0,2026-09-22,23350.0,PE,33.85,33.85,33.95,5320881,219877,140753,13.2
2026-09-21 15:27:41,23429.0,2026-09-22,23400.0,CE,83.75,83.5,83.7,8668814,179319,44423,14.61
2026-09-21 15:27:41,23429.0,2026-09-22,23400.0,PE,48.35,48.25,48.3,7811996,347158,273507,12.28
2026-09-21 15:27:41,23429.0,2026-09-22,23450.0,CE,54.65,54.65,54.8,6578616,173963,114580,13.72
2026-09-21 15:27:41,23429.0,2026-09-22,23450.0,PE,68.9,68.7,68.9,3534328,168847,158130,11.32
2026-09-21 15:27:41,23429.0,2026-09-22,23500.0,CE,33.1,33.1,33.25,6825819,264620,122679,13.23
2026-09-21 15:27:41,23429.0,2026-09-22,23500.0,PE,97.45,97.5,97.75,2573311,109435,72431,10.64
2026-09-21 15:27:41,23429.0,2026-09-22,23550.0,CE,18.05,18.0,18.05,3375742,124312,68076,12.75
2026-09-21 15:27:41,23429.0,2026-09-22,23550.0,PE,132.85,132.7,133.0,497609,20200,16161,9.29
2026-09-21 15:27:41,23429.0,2026-09-22,23600.0,CE,9.2,9.2,9.3,3685337,180939,59262,12.59
2026-09-21 15:27:41,23429.0,2026-09-22,23600.0,PE,173.95,173.7,174.15,409572,28580,17199,6.55
2026-09-21 15:27:41,23429.0,2026-09-22,23650.0,CE,4.65,4.65,4.7,2278347,105896,43716,12.64
2026-09-21 15:27:41,23429.0,2026-09-22,23650.0,PE,218.8,218.9,219.55,81651,5874,2850,
2026-09-21 15:27:41,23429.0,2026-09-22,23700.0,CE,2.75,2.75,2.8,2315722,144730,-1358,13.22
2026-09-21 15:27:41,23429.0,2026-09-22,23700.0,PE,267.2,267.4,268.0,71297,10086,1828,
2026-09-21 15:27:41,23429.0,2026-09-22,23750.0,CE,1.85,1.85,1.9,1593261,80924,14713,14.05
2026-09-21 15:27:41,23429.0,2026-09-22,23750.0,PE,316.0,315.95,317.05,10862,1530,-34,
2026-09-21 15:27:41,23429.0,2026-09-22,23800.0,CE,1.55,1.55,1.6,1457825,140098,13723,15.37
2026-09-21 15:27:41,23429.0,2026-09-22,23800.0,PE,365.0,365.8,366.75,20992,5750,-1308,
2026-09-21 15:27:41,23429.0,2026-09-22,23850.0,CE,1.2,1.2,1.25,442483,59687,13892,16.5
2026-09-21 15:27:41,23429.0,2026-09-22,23850.0,PE,413.0,414.15,416.0,1755,998,-120,
2026-09-21 15:27:41,23429.0,2026-09-22,23900.0,CE,1.2,1.2,1.25,675746,111027,21115,18.07
2026-09-21 15:27:41,23429.0,2026-09-22,23900.0,PE,463.6,465.5,466.9,8188,3577,-3144,
2026-09-21 15:27:41,23429.0,2026-09-22,23950.0,CE,1.1,1.1,1.15,290268,28094,-8339,19.2
2026-09-21 15:27:41,23429.0,2026-09-22,23950.0,PE,513.85,513.75,515.65,672,1018,-136,
2026-09-21 15:28:41,23429.0,2026-09-22,22950.0,CE,493.5,491.55,493.4,1922,1295,-51,29.55
2026-09-21 15:28:41,23429.0,2026-09-22,22950.0,PE,4.15,4.15,4.2,620028,64219,7413,22.67
2026-09-21 15:28:41,23429.0,2026-09-22,23000.0,CE,442.15,442.35,443.8,48809,7055,-2511,27.94
2026-09-21 15:28:41,23429.0,2026-09-22,23000.0,PE,4.9,4.9,4.95,1612737,188263,19122,21.26
2026-09-21 15:28:41,23429.0,2026-09-22,23050.0,CE,394.4,393.4,394.65,11992,2408,38,26.45
2026-09-21 15:28:41,23429.0,2026-09-22,23050.0,PE,5.8,5.8,5.85,868698,76588,32425,19.88
2026-09-21 15:28:41,23429.0,2026-09-22,23100.0,CE,345.15,345.0,345.95,82137,8041,-1104,24.03
2026-09-21 15:28:41,23429.0,2026-09-22,23100.0,PE,6.95,6.9,6.95,1659277,134489,35568,18.55
2026-09-21 15:28:41,23429.0,2026-09-22,23150.0,CE,297.8,296.55,297.4,79199,4242,-1137,22.06
2026-09-21 15:28:41,23429.0,2026-09-22,23150.0,PE,8.9,8.9,8.95,1602082,94269,34217,17.22
2026-09-21 15:28:41,23429.0,2026-09-22,23200.0,CE,250.6,249.5,250.25,611304,33145,-7863,20.07
2026-09-21 15:28:41,23429.0,2026-09-22,23200.0,PE,11.8,11.75,11.8,2797458,199448,51727,16.14
2026-09-21 15:28:41,23429.0,2026-09-22,23250.0,CE,204.35,203.75,204.4,725505,20474,-7399,18.49
2026-09-21 15:28:41,23429.0,2026-09-22,23250.0,PE,16.4,16.4,16.5,2213004,146449,46592,15.16
2026-09-21 15:28:41,23429.0,2026-09-22,23300.0,CE,161.5,161.1,161.45,2825046,69431,-44718,17.07
2026-09-21 15:28:41,23429.0,2026-09-22,23300.0,PE,23.4,23.35,23.4,5038495,299548,104370,14.26
2026-09-21 15:28:41,23429.0,2026-09-22,23350.0,CE,121.4,121.0,121.35,3983284,56071,-20169,15.93
2026-09-21 15:28:41,23429.0,2026-09-22,23350.0,PE,32.9,32.95,33.0,5336879,213431,134307,13.2
2026-09-21 15:28:41,23429.0,2026-09-22,23400.0,CE,85.05,84.85,85.05,8683472,175471,40575,14.61
2026-09-21 15:28:41,23429.0,2026-09-22,23400.0,PE,47.2,47.1,47.25,7836171,337544,263893,12.28
2026-09-21 15:28:41,23429.0,2026-09-22,23450.0,CE,55.65,55.65,55.75,6597234,167651,108268,13.72
2026-09-21 15:28:41,23429.0,2026-09-22,23450.0,PE,67.0,67.0,67.15,3552948,162498,151781,11.32
2026-09-21 15:28:41,23429.0,2026-09-22,23500.0,CE,33.85,33.8,33.85,6856578,259127,117186,13.23
2026-09-21 15:28:41,23429.0,2026-09-22,23500.0,PE,95.55,95.55,95.8,2583157,105668,68664,10.64
2026-09-21 15:28:41,23429.0,2026-09-22,23550.0,CE,18.65,18.65,18.7,3389113,119556,63320,12.75
2026-09-21 15:28:41,23429.0,2026-09-22,23550.0,PE,130.7,130.25,130.6,499381,19888,15849,9.29
2026-09-21 15:28:41,23429.0,2026-09-22,23600.0,CE,9.65,9.65,9.7,3695925,176928,55251,12.59
2026-09-21 15:28:41,23429.0,2026-09-22,23600.0,PE,171.55,171.55,171.85,410861,27736,16355,6.55
2026-09-21 15:28:41,23429.0,2026-09-22,23650.0,CE,4.95,4.95,5.0,2288271,105939,43759,12.64
2026-09-21 15:28:41,23429.0,2026-09-22,23650.0,PE,217.35,216.5,217.2,82670,4808,1784,
2026-09-21 15:28:41,23429.0,2026-09-22,23700.0,CE,2.95,2.95,3.0,2328950,145147,-941,13.22
2026-09-21 15:28:41,23429.0,2026-09-22,23700.0,PE,265.3,264.65,265.3,71445,9924,1666,
2026-09-21 15:28:41,23429.0,2026-09-22,23750.0,CE,2.0,1.95,2.0,1596946,80558,14347,14.05
2026-09-21 15:28:41,23429.0,2026-09-22,23750.0,PE,314.35,313.4,314.25,10897,1518,-46,
2026-09-21 15:28:41,23429.0,2026-09-22,23800.0,CE,1.7,1.65,1.7,1473805,140440,14065,15.37
2026-09-21 15:28:41,23429.0,2026-09-22,23800.0,PE,363.7,362.75,363.8,21077,5702,-1356,
2026-09-21 15:28:41,23429.0,2026-09-22,23850.0,CE,1.25,1.25,1.3,455074,62325,16530,16.5
2026-09-21 15:28:41,23429.0,2026-09-22,23850.0,PE,412.85,412.15,413.65,1803,961,-157,
2026-09-21 15:28:41,23429.0,2026-09-22,23900.0,CE,1.2,1.2,1.25,682186,109107,19195,18.07
2026-09-21 15:28:41,23429.0,2026-09-22,23900.0,PE,462.8,462.25,463.75,8203,3549,-3172,
2026-09-21 15:28:41,23429.0,2026-09-22,23950.0,CE,1.1,1.1,1.15,292501,28168,-8265,19.2
2026-09-21 15:28:41,23429.0,2026-09-22,23950.0,PE,513.85,511.25,512.95,672,1018,-136,
2026-09-21 15:29:42,23414.3,2026-09-22,22900.0,CE,543.5,541.15,542.9,2310,1940,-161,30.55
2026-09-21 15:29:42,23414.3,2026-09-22,22900.0,PE,3.75,3.75,3.8,975794,127730,51225,24.27
2026-09-21 15:29:42,23414.3,2026-09-22,22950.0,CE,493.5,491.35,493.3,1922,1295,-51,27.12
2026-09-21 15:29:42,23414.3,2026-09-22,22950.0,PE,4.2,4.15,4.2,625164,63427,6621,22.82
2026-09-21 15:29:42,23414.3,2026-09-22,23000.0,CE,442.35,442.05,443.35,48858,7047,-2519,24.38
2026-09-21 15:29:42,23414.3,2026-09-22,23000.0,PE,4.85,4.85,4.9,1620296,188953,19812,21.35
2026-09-21 15:29:42,23414.3,2026-09-22,23050.0,CE,395.0,393.45,394.65,11993,2408,38,22.74
2026-09-21 15:29:42,23414.3,2026-09-22,23050.0,PE,5.7,5.75,5.8,871970,76719,32556,20.06
2026-09-21 15:29:42,23414.3,2026-09-22,23100.0,CE,345.4,344.45,345.4,82211,8046,-1099,20.61
2026-09-21 15:29:42,23414.3,2026-09-22,23100.0,PE,6.9,6.9,6.95,1667762,134408,35487,18.67
2026-09-21 15:29:42,23414.3,2026-09-22,23150.0,CE,296.95,296.25,297.0,79284,4285,-1094,19.33
2026-09-21 15:29:42,23414.3,2026-09-22,23150.0,PE,8.85,8.8,8.85,1608409,93389,33337,17.45
2026-09-21 15:29:42,23414.3,2026-09-22,23200.0,CE,249.0,248.75,249.4,611947,33169,-7839,17.73
2026-09-21 15:29:42,23414.3,2026-09-22,23200.0,PE,11.75,11.65,11.7,2807333,197672,49951,16.38
2026-09-21 15:29:42,23414.3,2026-09-22,23250.0,CE,203.4,203.4,203.9,726031,20436,-7437,16.85
2026-09-21 15:29:42,23414.3,2026-09-22,23250.0,PE,16.2,16.2,16.3,2220312,145383,45526,15.45
2026-09-21 15:29:42,23414.3,2026-09-22,23300.0,CE,160.8,160.6,160.9,2827796,69174,-44975,15.93
2026-09-21 15:29:42,23414.3,2026-09-22,23300.0,PE,23.2,23.2,23.25,5052517,297189,102011,14.61
2026-09-21 15:29:42,23414.3,2026-09-22,23350.0,CE,120.95,120.75,120.95,3986441,55398,-20842,14.79
2026-09-21 15:29:42,23414.3,2026-09-22,23350.0,PE,32.95,32.95,33.05,5352765,210349,131225,13.61
2026-09-21 15:29:42,23414.3,2026-09-22,23400.0,CE,84.55,84.35,84.5,8694480,174387,39491,13.81
2026-09-21 15:29:42,23414.3,2026-09-22,23400.0,PE,47.5,47.35,47.45,7861714,333674,260023,12.76
2026-09-21 15:29:42,23414.3,2026-09-22,23450.0,CE,55.65,55.5,55.65,6616197,165983,106600,12.94
2026-09-21 15:29:42,23414.3,2026-09-22,23450.0,PE,67.8,67.85,68.0,3573082,161310,150593,11.97
2026-09-21 15:29:42,23414.3,2026-09-22,23500.0,CE,34.15,34.1,34.2,6884985,257079,115138,12.7
2026-09-21 15:29:42,23414.3,2026-09-22,23500.0,PE,96.2,96.2,96.5,2593099,102644,65640,11.57
2026-09-21 15:29:42,23414.3,2026-09-22,23550.0,CE,19.25,19.25,19.3,3405548,119639,63403,12.28
2026-09-21 15:29:42,23414.3,2026-09-22,23550.0,PE,131.45,131.5,131.8,500652,19644,15605,11.03
2026-09-21 15:29:42,23414.3,2026-09-22,23600.0,CE,10.2,10.2,10.25,3709260,175346,53669,12.15
2026-09-21 15:29:42,23414.3,2026-09-22,23600.0,PE,172.55,172.5,172.8,411758,27522,16141,10.77
2026-09-21 15:29:42,23414.3,2026-09-22,23650.0,CE,5.5,5.45,5.5,2297669,106101,43921,12.35
2026-09-21 15:29:42,23414.3,2026-09-22,23650.0,PE,217.85,217.25,217.9,82869,4790,1766,9.44
2026-09-21 15:29:42,23414.3,2026-09-22,23700.0,CE,3.3,3.3,3.35,2340023,144802,-1286,12.99
2026-09-21 15:29:42,23414.3,2026-09-22,23700.0,PE,265.35,265.35,265.95,71699,9887,1629,
2026-09-21 15:29:42,23414.3,2026-09-22,23750.0,CE,2.35,2.3,2.35,1603865,80285,14074,13.95
2026-09-21 15:29:42,23414.3,2026-09-22,23750.0,PE,312.65,313.6,314.6,10905,1518,-46,
2026-09-21 15:29:42,23414.3,2026-09-22,23800.0,CE,2.0,1.95,2.0,1494303,148571,22196,15.24
2026-09-21 15:29:42,23414.3,2026-09-22,23800.0,PE,364.05,363.4,364.45,21124,5672,-1386,
2026-09-21 15:29:42,23414.3,2026-09-22,23850.0,CE,1.5,1.5,1.55,465551,62442,16647,16.5
2026-09-21 15:29:42,23414.3,2026-09-22,23850.0,PE,411.45,412.65,414.35,1818,974,-144,
2026-09-21 15:29:42,23414.3,2026-09-22,23900.0,CE,1.35,1.35,1.4,692722,108404,18492,18.07
2026-09-21 15:29:42,23414.3,2026-09-22,23900.0,PE,463.0,463.2,464.65,8213,3549,-3172,
