timestamp,nifty_spot,expiry,strike,option_type,ltp,bid,ask,volume,oi,oi_change,iv
2026-08-21 09:36:08,24211.15,2026-08-25,23700.0,CE,562.9,562.8,564.95,202,2863,20,18.12
2026-08-21 09:36:08,24211.15,2026-08-25,23700.0,PE,4.0,4.0,4.05,136059,101005,-1979,11.89
2026-08-21 09:36:08,24211.15,2026-08-25,23750.0,CE,516.05,514.0,516.75,89,745,-5,17.44
2026-08-21 09:36:08,24211.15,2026-08-25,23750.0,PE,4.75,4.7,4.75,106720,40784,5931,11.29
2026-08-21 09:36:08,24211.15,2026-08-25,23800.0,CE,465.0,465.2,466.85,1813,9809,217,15.77
2026-08-21 09:36:08,24211.15,2026-08-25,23800.0,PE,5.95,5.9,5.95,172756,126101,1709,10.78
2026-08-21 09:36:08,24211.15,2026-08-25,23850.0,CE,416.35,416.2,417.85,355,1236,101,14.88
2026-08-21 09:36:08,24211.15,2026-08-25,23850.0,PE,7.45,7.45,7.5,118991,62862,4675,10.27
2026-08-21 09:36:08,24211.15,2026-08-25,23900.0,CE,369.55,369.35,370.45,3123,5532,802,14.14
2026-08-21 09:36:08,24211.15,2026-08-25,23900.0,PE,9.85,9.9,10.0,180067,117976,14345,9.89
2026-08-21 09:36:08,24211.15,2026-08-25,23950.0,CE,322.95,322.8,323.7,1856,3290,41,13.25
2026-08-21 09:36:08,24211.15,2026-08-25,23950.0,PE,13.4,13.4,13.45,134703,45566,-3043,9.54
2026-08-21 09:36:08,24211.15,2026-08-25,24000.0,CE,278.35,278.25,278.95,31069,97677,3277,12.46
2026-08-21 09:36:08,24211.15,2026-08-25,24000.0,PE,18.45,18.4,18.45,334143,262457,10951,9.22
2026-08-21 09:36:08,24211.15,2026-08-25,24050.0,CE,235.25,235.25,235.4,10913,10144,701,11.77
2026-08-21 09:36:08,24211.15,2026-08-25,24050.0,PE,25.05,25.05,25.15,161879,64866,16304,8.89
2026-08-21 09:36:08,24211.15,2026-08-25,24100.0,CE,194.85,194.8,195.0,60502,60108,13066,11.18
2026-08-21 09:36:08,24211.15,2026-08-25,24100.0,PE,34.65,34.55,34.65,293632,133168,15900,8.61
2026-08-21 09:36:08,24211.15,2026-08-25,24150.0,CE,157.2,156.9,157.15,70512,35947,16681,10.66
2026-08-21 09:36:08,24211.15,2026-08-25,24150.0,PE,47.2,47.1,47.2,252622,92975,21405,8.32
2026-08-21 09:36:08,24211.15,2026-08-25,24200.0,CE,123.95,123.75,123.95,368435,220874,91511,10.27
2026-08-21 09:36:08,24211.15,2026-08-25,24200.0,PE,63.3,63.3,63.45,779048,274678,70232,8.05
2026-08-21 09:36:08,24211.15,2026-08-25,24250.0,CE,94.4,94.3,94.4,417655,168274,104111,9.89
2026-08-21 09:36:08,24211.15,2026-08-25,24250.0,PE,84.0,83.8,84.0,653081,132703,56126,7.74
2026-08-21 09:36:08,24211.15,2026-08-25,24300.0,CE,69.8,69.6,69.8,587208,305051,154499,9.58
2026-08-21 09:36:08,24211.15,2026-08-25,24300.0,PE,109.8,109.55,109.8,612582,173397,58362,7.39
2026-08-21 09:36:08,24211.15,2026-08-25,24350.0,CE,49.55,49.6,49.65,227592,98888,51895,9.29
2026-08-21 09:36:08,24211.15,2026-08-25,24350.0,PE,139.05,139.1,139.35,194897,42381,11701,6.96
2026-08-21 09:36:08,24211.15,2026-08-25,24400.0,CE,34.1,34.1,34.15,287073,182972,56500,9.13
2026-08-21 09:36:08,24211.15,2026-08-25,24400.0,PE,173.6,173.45,173.95,181628,65370,16749,6.34
2026-08-21 09:36:08,24211.15,2026-08-25,24450.0,CE,22.9,22.9,23.0,145283,73920,31921,9.01
2026-08-21 09:36:08,24211.15,2026-08-25,24450.0,PE,212.95,212.75,212.95,44210,14392,5674,5.05
2026-08-21 09:36:08,24211.15,2026-08-25,24500.0,CE,15.15,15.15,15.2,274605,235039,42506,9.01
2026-08-21 09:36:08,24211.15,2026-08-25,24500.0,PE,255.65,255.25,255.85,53227,64498,2913,
2026-08-21 09:36:08,24211.15,2026-08-25,24550.0,CE,10.0,9.95,10.0,138388,63400,16813,9.04
2026-08-21 09:36:08,24211.15,2026-08-25,24550.0,PE,300.8,299.4,300.25,5859,3914,981,
2026-08-21 09:36:08,24211.15,2026-08-25,24600.0,CE,6.7,6.7,6.75,177549,150082,23441,9.14
2026-08-21 09:36:08,24211.15,2026-08-25,24600.0,PE,347.2,345.6,346.5,8830,15836,1225,
2026-08-21 09:36:08,24211.15,2026-08-25,24650.0,CE,4.85,4.85,4.9,89208,48229,3723,9.47
2026-08-21 09:36:08,24211.15,2026-08-25,24650.0,PE,396.75,393.85,394.95,2011,3136,338,
2026-08-21 09:36:08,24211.15,2026-08-25,24700.0,CE,3.7,3.7,3.75,124432,119886,3636,9.85
2026-08-21 09:36:08,24211.15,2026-08-25,24700.0,PE,443.1,443.0,443.8,2163,13279,-42,
2026-08-21 09:37:09,24216.65,2026-08-25,23700.0,CE,562.9,563.15,565.3,202,2863,20,16.1
2026-08-21 09:37:09,24216.65,2026-08-25,23700.0,PE,3.9,3.85,3.9,137171,101457,-1527,11.94
2026-08-21 09:37:09,24216.65,2026-08-25,23750.0,CE,516.05,514.4,516.7,89,745,-5,15.45
2026-08-21 09:37:09,24216.65,2026-08-25,23750.0,PE,4.65,4.6,4.65,107667,40993,6140,11.36
2026-08-21 09:37:09,24216.65,2026-08-25,23800.0,CE,468.4,465.0,466.35,1824,9816,224,14.44
2026-08-21 09:37:09,24216.65,2026-08-25,23800.0,PE,5.8,5.75,5.8,177515,126203,1811,10.88
2026-08-21 09:37:09,24216.65,2026-08-25,23850.0,CE,417.3,416.8,418.2,364,1233,98,13.78
2026-08-21 09:37:09,24216.65,2026-08-25,23850.0,PE,7.25,7.25,7.3,119678,63503,5316,10.41
2026-08-21 09:37:09,24216.65,2026-08-25,23900.0,CE,369.6,370.1,371.0,3243,5523,793,12.79
2026-08-21 09:37:09,24216.65,2026-08-25,23900.0,PE,9.75,9.65,9.7,181607,117744,14113,10.04
2026-08-21 09:37:09,24216.65,2026-08-25,23950.0,CE,323.0,322.8,323.7,1879,3371,122,12.03
2026-08-21 09:37:09,24216.65,2026-08-25,23950.0,PE,13.2,13.2,13.25,135777,45333,-3276,9.7
2026-08-21 09:37:09,24216.65,2026-08-25,24000.0,CE,278.75,278.2,278.75,31653,98036,3636,11.46
2026-08-21 09:37:09,24216.65,2026-08-25,24000.0,PE,18.2,18.15,18.2,338880,263969,12463,9.41
2026-08-21 09:37:09,24216.65,2026-08-25,24050.0,CE,234.5,234.9,235.4,11007,10310,867,10.88
2026-08-21 09:37:09,24216.65,2026-08-25,24050.0,PE,24.85,24.8,24.85,164963,65396,16834,9.09
2026-08-21 09:37:09,24216.65,2026-08-25,24100.0,CE,194.9,194.55,194.9,61662,61172,14130,10.49
2026-08-21 09:37:09,24216.65,2026-08-25,24100.0,PE,34.1,34.1,34.2,297998,134523,17255,8.82
2026-08-21 09:37:09,24216.65,2026-08-25,24150.0,CE,157.2,156.9,157.25,71839,36292,17026,10.02
2026-08-21 09:37:09,24216.65,2026-08-25,24150.0,PE,46.75,46.6,46.75,257266,92450,20880,8.61
2026-08-21 09:37:09,24216.65,2026-08-25,24200.0,CE,124.1,124.1,124.4,374716,225277,95914,9.7
2026-08-21 09:37:09,24216.65,2026-08-25,24200.0,PE,62.85,62.65,62.85,793787,275308,70862,8.38
2026-08-21 09:37:09,24216.65,2026-08-25,24250.0,CE,94.55,94.3,94.5,424657,170341,106178,9.41
2026-08-21 09:37:09,24216.65,2026-08-25,24250.0,PE,83.65,83.65,83.7,662852,131197,54620,8.11
2026-08-21 09:37:09,24216.65,2026-08-25,24300.0,CE,69.65,69.6,69.7,593834,307635,157083,9.18
2026-08-21 09:37:09,24216.65,2026-08-25,24300.0,PE,109.3,109.15,109.3,621002,169367,54332,7.89
2026-08-21 09:37:09,24216.65,2026-08-25,24350.0,CE,49.35,49.4,49.5,230294,99864,52871,9.01
2026-08-21 09:37:09,24216.65,2026-08-25,24350.0,PE,139.4,139.15,139.4,197128,40634,9954,7.56
2026-08-21 09:37:09,24216.65,2026-08-25,24400.0,CE,34.05,34.0,34.15,289807,184247,57775,8.9
2026-08-21 09:37:09,24216.65,2026-08-25,24400.0,PE,173.9,173.5,173.9,184499,63685,15064,7.23
2026-08-21 09:37:09,24216.65,2026-08-25,24450.0,CE,22.85,22.9,22.95,146785,74877,32878,8.84
2026-08-21 09:37:09,24216.65,2026-08-25,24450.0,PE,212.9,212.35,212.9,44544,13856,5138,6.61
2026-08-21 09:37:09,24216.65,2026-08-25,24500.0,CE,15.2,15.2,15.25,277428,235869,43336,8.89
2026-08-21 09:37:09,24216.65,2026-08-25,24500.0,PE,255.2,254.6,255.25,53854,63928,2343,5.49
2026-08-21 09:37:09,24216.65,2026-08-25,24550.0,CE,10.0,10.0,10.05,139569,62481,15894,8.92
2026-08-21 09:37:09,24216.65,2026-08-25,24550.0,PE,299.25,298.5,299.3,5904,3858,925,
2026-08-21 09:37:09,24216.65,2026-08-25,24600.0,CE,6.75,6.7,6.75,178692,149886,23245,9.1
2026-08-21 09:37:09,24216.65,2026-08-25,24600.0,PE,346.35,345.4,346.25,8898,15784,1173,
2026-08-21 09:37:09,24216.65,2026-08-25,24650.0,CE,4.9,4.9,4.95,90189,48050,3544,9.47
2026-08-21 09:37:09,24216.65,2026-08-25,24650.0,PE,393.75,393.7,394.8,2048,3138,340,
2026-08-21 09:37:09,24216.65,2026-08-25,24700.0,CE,3.8,3.75,3.8,125521,119585,3335,9.82
2026-08-21 09:37:09,24216.65,2026-08-25,24700.0,PE,441.15,442.0,443.55,2173,13281,-40,
2026-08-21 09:38:09,24218.0,2026-08-25,23700.0,CE,562.9,566.6,568.7,202,2863,20,16.07
2026-08-21 09:38:09,24218.0,2026-08-25,23700.0,PE,3.85,3.8,3.85,140501,102733,-251,11.89
2026-08-21 09:38:09,24218.0,2026-08-25,23750.0,CE,516.05,518.2,521.0,89,745,-5,15.67
2026-08-21 09:38:09,24218.0,2026-08-25,23750.0,PE,4.5,4.5,4.55,109044,41091,6238,11.34
2026-08-21 09:38:09,24218.0,2026-08-25,23800.0,CE,470.0,469.0,470.2,1861,9826,234,14.97
2026-08-21 09:38:09,24218.0,2026-08-25,23800.0,PE,5.6,5.55,5.6,182091,127273,2881,10.86
2026-08-21 09:38:09,24218.0,2026-08-25,23850.0,CE,422.2,420.1,421.5,378,1225,90,13.54
2026-08-21 09:38:09,24218.0,2026-08-25,23850.0,PE,7.1,7.05,7.15,120843,63408,5221,10.36
2026-08-21 09:38:09,24218.0,2026-08-25,23900.0,CE,373.7,373.9,374.8,3435,5612,882,12.72
2026-08-21 09:38:09,24218.0,2026-08-25,23900.0,PE,9.4,9.4,9.45,184386,117793,14162,10.02
2026-08-21 09:38:09,24218.0,2026-08-25,23950.0,CE,327.55,326.0,326.9,1977,3375,126,12.0
2026-08-21 09:38:09,24218.0,2026-08-25,23950.0,PE,12.9,12.85,12.95,137449,45526,-3083,9.68
2026-08-21 09:38:09,24218.0,2026-08-25,24000.0,CE,281.4,281.3,281.95,33075,98313,3913,11.49
2026-08-21 09:38:09,24218.0,2026-08-25,24000.0,PE,17.7,17.7,17.75,346011,263909,12403,9.39
2026-08-21 09:38:09,24218.0,2026-08-25,24050.0,CE,238.55,238.15,238.65,11404,10381,938,10.79
2026-08-21 09:38:09,24218.0,2026-08-25,24050.0,PE,24.2,24.15,24.2,168719,65902,17340,9.09
2026-08-21 09:38:09,24218.0,2026-08-25,24100.0,CE,197.95,197.35,197.85,63821,61369,14327,10.45
2026-08-21 09:38:09,24218.0,2026-08-25,24100.0,PE,33.35,33.3,33.4,304919,134434,17166,8.82
2026-08-21 09:38:09,24218.0,2026-08-25,24150.0,CE,159.6,159.65,160.0,74130,36845,17579,10.03
2026-08-21 09:38:09,24218.0,2026-08-25,24150.0,PE,45.4,45.4,45.55,265278,93515,21945,8.6
2026-08-21 09:38:09,24218.0,2026-08-25,24200.0,CE,125.85,125.9,126.15,388266,229156,99793,9.77
2026-08-21 09:38:09,24218.0,2026-08-25,24200.0,PE,61.65,61.65,61.8,815451,280174,75728,8.35
2026-08-21 09:38:09,24218.0,2026-08-25,24250.0,CE,96.7,96.45,96.7,437537,174536,110373,9.48
2026-08-21 09:38:09,24218.0,2026-08-25,24250.0,PE,81.35,81.35,81.6,676914,132559,55982,8.13
2026-08-21 09:38:09,24218.0,2026-08-25,24300.0,CE,71.1,70.9,71.05,609659,307852,157300,9.25
2026-08-21 09:38:09,24218.0,2026-08-25,24300.0,PE,107.05,107.05,107.15,634291,170950,55915,7.92
2026-08-21 09:38:09,24218.0,2026-08-25,24350.0,CE,50.6,50.55,50.65,234903,100661,53668,9.04
2026-08-21 09:38:09,24218.0,2026-08-25,24350.0,PE,136.85,136.65,136.85,200992,40313,9633,7.65
2026-08-21 09:38:09,24218.0,2026-08-25,24400.0,CE,34.95,34.85,34.95,296868,184816,58344,8.93
2026-08-21 09:38:09,24218.0,2026-08-25,24400.0,PE,171.1,170.65,171.0,189340,62642,14021,7.28
2026-08-21 09:38:09,24218.0,2026-08-25,24450.0,CE,23.4,23.35,23.45,149217,75232,33233,8.87
2026-08-21 09:38:09,24218.0,2026-08-25,24450.0,PE,209.7,209.3,209.8,45674,13880,5162,6.81
2026-08-21 09:38:09,24218.0,2026-08-25,24500.0,CE,15.55,15.5,15.55,283769,236753,44220,8.91
2026-08-21 09:38:09,24218.0,2026-08-25,24500.0,PE,251.35,251.0,251.6,54792,63878,2293,5.83
2026-08-21 09:38:09,24218.0,2026-08-25,24550.0,CE,10.2,10.15,10.2,141738,62576,15989,8.98
2026-08-21 09:38:09,24218.0,2026-08-25,24550.0,PE,295.75,296.0,296.75,6035,3838,905,
2026-08-21 09:38:09,24218.0,2026-08-25,24600.0,CE,6.75,6.75,6.8,180509,150684,24043,9.16
2026-08-21 09:38:09,24218.0,2026-08-25,24600.0,PE,342.3,341.35,342.25,9057,15793,1182,
2026-08-21 09:38:09,24218.0,2026-08-25,24650.0,CE,4.95,4.9,4.95,90974,48268,3762,9.49
2026-08-21 09:38:09,24218.0,2026-08-25,24650.0,PE,389.5,390.25,391.25,2060,3126,328,
2026-08-21 09:38:09,24218.0,2026-08-25,24700.0,CE,3.75,3.7,3.75,128053,118854,2604,9.92
2026-08-21 09:38:09,24218.0,2026-08-25,24700.0,PE,437.65,438.55,439.8,2192,13279,-42,
2026-08-21 09:39:09,24217.45,2026-08-25,23700.0,CE,569.0,567.95,569.5,217,2865,22,16.07
2026-08-21 09:39:09,24217.45,2026-08-25,23700.0,PE,3.9,3.85,3.9,144424,102994,10,11.86
2026-08-21 09:39:09,24217.45,2026-08-25,23750.0,CE,516.05,519.25,521.3,89,745,-5,15.67
2026-08-21 09:39:09,24217.45,2026-08-25,23750.0,PE,4.5,4.5,4.6,110852,41012,6159,11.32
2026-08-21 09:39:09,24217.45,2026-08-25,23800.0,CE,470.95,469.65,471.1,1894,9835,243,15.29
2026-08-21 09:39:09,24217.45,2026-08-25,23800.0,PE,5.55,5.55,5.6,188010,127750,3358,10.78
2026-08-21 09:39:09,24217.45,2026-08-25,23850.0,CE,420.5,421.6,423.0,386,1240,105,13.54
2026-08-21 09:39:09,24217.45,2026-08-25,23850.0,PE,7.0,7.0,7.05,123543,63203,5016,10.32
2026-08-21 09:39:09,24217.45,2026-08-25,23900.0,CE,374.35,374.35,375.25,3499,5610,880,13.48
2026-08-21 09:39:09,24217.45,2026-08-25,23900.0,PE,9.4,9.35,9.4,188291,118081,14450,9.93
2026-08-21 09:39:09,24217.45,2026-08-25,23950.0,CE,327.65,326.7,327.65,2045,3386,137,12.82
2026-08-21 09:39:09,24217.45,2026-08-25,23950.0,PE,12.65,12.7,12.75,139913,45923,-2686,9.59
2026-08-21 09:39:09,24217.45,2026-08-25,24000.0,CE,282.5,282.3,282.7,33981,98343,3943,12.03
2026-08-21 09:39:09,24217.45,2026-08-25,24000.0,PE,17.4,17.5,17.55,354772,263847,12341,9.27
2026-08-21 09:39:09,24217.45,2026-08-25,24050.0,CE,239.4,238.85,239.35,11751,10450,1007,11.38
2026-08-21 09:39:09,24217.45,2026-08-25,24050.0,PE,23.85,23.8,23.85,175019,66417,17855,8.96
2026-08-21 09:39:09,24217.45,2026-08-25,24100.0,CE,198.7,198.15,198.6,65976,61635,14593,10.86
2026-08-21 09:39:09,24217.45,2026-08-25,24100.0,PE,32.9,32.8,32.9,315092,135322,18054,8.68
2026-08-21 09:39:09,24217.45,2026-08-25,24150.0,CE,160.65,160.25,160.6,76424,37390,18124,10.38
2026-08-21 09:39:09,24217.45,2026-08-25,24150.0,PE,44.8,44.8,44.9,274186,93380,21810,8.41
2026-08-21 09:39:09,24217.45,2026-08-25,24200.0,CE,126.65,126.65,126.95,402248,233373,104010,10.06
2026-08-21 09:39:09,24217.45,2026-08-25,24200.0,PE,60.9,60.75,60.9,841348,282409,77963,8.16
2026-08-21 09:39:09,24217.45,2026-08-25,24250.0,CE,96.15,96.2,96.3,449929,176706,112543,9.68
2026-08-21 09:39:09,24217.45,2026-08-25,24250.0,PE,81.3,81.25,81.4,694346,134954,58377,7.88
2026-08-21 09:39:09,24217.45,2026-08-25,24300.0,CE,71.3,71.1,71.2,624632,308569,158017,9.44
2026-08-21 09:39:09,24217.45,2026-08-25,24300.0,PE,106.0,105.8,106.0,648340,172965,57930,7.58
2026-08-21 09:39:09,24217.45,2026-08-25,24350.0,CE,50.65,50.55,50.6,241440,101802,54809,9.21
2026-08-21 09:39:09,24217.45,2026-08-25,24350.0,PE,135.85,135.65,135.85,205352,41535,10855,7.22
2026-08-21 09:39:09,24217.45,2026-08-25,24400.0,CE,34.8,34.8,34.9,305113,187392,60920,9.06
2026-08-21 09:39:09,24217.45,2026-08-25,24400.0,PE,169.9,169.45,169.9,193673,63248,14627,6.69
2026-08-21 09:39:09,24217.45,2026-08-25,24450.0,CE,23.4,23.35,23.45,154034,76100,34101,8.98
2026-08-21 09:39:09,24217.45,2026-08-25,24450.0,PE,207.9,208.05,208.45,46570,13859,5141,5.88
2026-08-21 09:39:09,24217.45,2026-08-25,24500.0,CE,15.55,15.5,15.55,291335,238143,45610,9.0
2026-08-21 09:39:09,24217.45,2026-08-25,24500.0,PE,250.45,249.75,250.45,56859,63912,2327,
2026-08-21 09:39:09,24217.45,2026-08-25,24550.0,CE,10.25,10.2,10.25,145174,62367,15780,9.05
2026-08-21 09:39:09,24217.45,2026-08-25,24550.0,PE,293.75,294.35,295.2,6112,3847,914,
2026-08-21 09:39:09,24217.45,2026-08-25,24600.0,CE,6.8,6.8,6.85,183972,150122,23481,9.19
2026-08-21 09:39:09,24217.45,2026-08-25,24600.0,PE,341.65,341.0,341.7,9197,15828,1217,
2026-08-21 09:39:09,24217.45,2026-08-25,24650.0,CE,5.0,4.95,5.0,92601,48310,3804,9.52
2026-08-21 09:39:09,24217.45,2026-08-25,24650.0,PE,388.05,389.45,390.45,2090,3133,335,
2026-08-21 09:39:09,24217.45,2026-08-25,24700.0,CE,3.8,3.8,3.85,133900,119144,2894,9.92
2026-08-21 09:39:09,24217.45,2026-08-25,24700.0,PE,438.2,437.2,438.65,2230,13278,-43,
2026-08-21 09:40:10,24221.4,2026-08-25,23700.0,CE,564.35,568.55,570.8,224,2850,7,17.53
2026-08-21 09:40:10,24221.4,2026-08-25,23700.0,PE,3.9,3.85,3.9,147206,101846,-1138,11.91
2026-08-21 09:40:10,24221.4,2026-08-25,23750.0,CE,518.8,519.9,522.1,90,747,-3,16.26
2026-08-21 09:40:10,24221.4,2026-08-25,23750.0,PE,4.55,4.55,4.6,113740,41417,6564,11.32
2026-08-21 09:40:10,24221.4,2026-08-25,23800.0,CE,472.0,470.75,472.4,2005,9813,221,15.14
2026-08-21 09:40:10,24221.4,2026-08-25,23800.0,PE,5.6,5.55,5.6,190660,129402,5010,10.82
2026-08-21 09:40:10,24221.4,2026-08-25,23850.0,CE,421.0,422.35,424.05,391,1236,101,14.05
2026-08-21 09:40:10,24221.4,2026-08-25,23850.0,PE,6.95,6.95,7.0,125264,63150,4963,10.33
2026-08-21 09:40:10,24221.4,2026-08-25,23900.0,CE,376.0,375.0,375.95,3559,5574,844,13.27
2026-08-21 09:40:10,24221.4,2026-08-25,23900.0,PE,9.25,9.25,9.3,192402,118416,14785,9.95
2026-08-21 09:40:10,24221.4,2026-08-25,23950.0,CE,329.65,328.05,329.0,2092,3382,133,12.49
2026-08-21 09:40:10,24221.4,2026-08-25,23950.0,PE,12.55,12.55,12.6,141960,46242,-2367,9.62
2026-08-21 09:40:10,24221.4,2026-08-25,24000.0,CE,283.6,283.25,283.9,35001,98485,4085,11.7
2026-08-21 09:40:10,24221.4,2026-08-25,24000.0,PE,17.25,17.2,17.25,364583,265483,13977,9.32
2026-08-21 09:40:10,24221.4,2026-08-25,24050.0,CE,240.0,239.8,240.05,12008,10590,1147,11.24
2026-08-21 09:40:10,24221.4,2026-08-25,24050.0,PE,23.5,23.5,23.6,182574,68293,19731,8.98
2026-08-21 09:40:10,24221.4,2026-08-25,24100.0,CE,199.55,199.0,199.4,67991,62130,15088,10.7
2026-08-21 09:40:10,24221.4,2026-08-25,24100.0,PE,32.35,32.4,32.45,324230,137504,20236,8.7
2026-08-21 09:40:10,24221.4,2026-08-25,24150.0,CE,161.2,161.2,161.6,79520,38254,18988,10.29
2026-08-21 09:40:10,24221.4,2026-08-25,24150.0,PE,44.35,44.2,44.35,281499,95622,24052,8.44
2026-08-21 09:40:10,24221.4,2026-08-25,24200.0,CE,127.25,126.95,127.25,413413,235718,106355,9.94
2026-08-21 09:40:10,24221.4,2026-08-25,24200.0,PE,60.4,60.25,60.4,868815,288429,83983,8.21
2026-08-21 09:40:10,24221.4,2026-08-25,24250.0,CE,96.7,96.7,96.85,460717,178934,114771,9.57
2026-08-21 09:40:10,24221.4,2026-08-25,24250.0,PE,80.3,80.3,80.45,711893,137853,61276,7.96
2026-08-21 09:40:10,24221.4,2026-08-25,24300.0,CE,71.75,71.6,71.75,637647,312123,161571,9.34
2026-08-21 09:40:10,24221.4,2026-08-25,24300.0,PE,104.7,104.8,105.0,661309,175497,60462,7.69
2026-08-21 09:40:10,24221.4,2026-08-25,24350.0,CE,50.95,50.85,50.95,245887,103172,56179,9.09
2026-08-21 09:40:10,24221.4,2026-08-25,24350.0,PE,134.7,134.45,134.75,208509,42598,11918,7.41
2026-08-21 09:40:10,24221.4,2026-08-25,24400.0,CE,35.0,34.9,35.0,313292,190784,64312,8.99
2026-08-21 09:40:10,24221.4,2026-08-25,24400.0,PE,169.15,168.7,169.15,197472,64376,15755,6.83
2026-08-21 09:40:10,24221.4,2026-08-25,24450.0,CE,23.45,23.4,23.5,157407,76846,34847,8.93
2026-08-21 09:40:10,24221.4,2026-08-25,24450.0,PE,207.45,207.2,207.7,47237,14000,5282,6.08
2026-08-21 09:40:10,24221.4,2026-08-25,24500.0,CE,15.6,15.55,15.6,297999,239482,46949,8.91
2026-08-21 09:40:10,24221.4,2026-08-25,24500.0,PE,249.0,248.45,249.0,58841,63580,1995,
2026-08-21 09:40:10,24221.4,2026-08-25,24550.0,CE,10.25,10.2,10.25,147908,62748,16161,9.0
2026-08-21 09:40:10,24221.4,2026-08-25,24550.0,PE,293.8,293.5,294.3,6202,3856,923,
2026-08-21 09:40:10,24221.4,2026-08-25,24600.0,CE,6.85,6.8,6.85,188145,151257,24616,9.14
2026-08-21 09:40:10,24221.4,2026-08-25,24600.0,PE,339.9,340.0,340.85,9359,15813,1202,
2026-08-21 09:40:10,24221.4,2026-08-25,24650.0,CE,5.0,4.95,5.0,94296,49184,4678,9.51
2026-08-21 09:40:10,24221.4,2026-08-25,24650.0,PE,387.45,387.95,389.05,2102,3142,344,
2026-08-21 09:40:10,24221.4,2026-08-25,24700.0,CE,3.75,3.75,3.8,136498,120946,4696,9.92
2026-08-21 09:40:10,24221.4,2026-08-25,24700.0,PE,438.0,435.9,437.15,2244,13285,-36,
2026-08-21 09:41:10,24225.4,2026-08-25,23750.0,CE,518.8,522.9,525.1,90,747,-3,16.26
2026-08-21 09:41:10,24225.4,2026-08-25,23750.0,PE,4.45,4.45,4.5,114077,41169,6316,11.32
2026-08-21 09:41:10,24225.4,2026-08-25,23800.0,CE,474.75,473.7,475.05,2088,9816,224,15.14
2026-08-21 09:41:10,24225.4,2026-08-25,23800.0,PE,5.45,5.4,5.45,192528,129327,4935,10.82
2026-08-21 09:41:10,24225.4,2026-08-25,23850.0,CE,426.45,425.25,426.65,405,1236,101,14.05
2026-08-21 09:41:10,24225.4,2026-08-25,23850.0,PE,6.75,6.75,6.8,127188,63579,5392,10.33
2026-08-21 09:41:10,24225.4,2026-08-25,23900.0,CE,377.75,377.6,378.5,3596,5558,828,13.27
2026-08-21 09:41:10,24225.4,2026-08-25,23900.0,PE,8.95,8.95,9.0,194878,118424,14793,9.95
2026-08-21 09:41:10,24225.4,2026-08-25,23950.0,CE,330.9,330.4,331.3,2117,3388,139,12.49
2026-08-21 09:41:10,24225.4,2026-08-25,23950.0,PE,12.2,12.1,12.2,143516,46309,-2300,9.62
2026-08-21 09:41:10,24225.4,2026-08-25,24000.0,CE,285.05,285.05,285.25,35786,98403,4003,11.7
2026-08-21 09:41:10,24225.4,2026-08-25,24000.0,PE,16.7,16.7,16.75,373388,266319,14813,9.32
2026-08-21 09:41:10,24225.4,2026-08-25,24050.0,CE,241.65,241.55,242.15,12263,10608,1165,11.24
2026-08-21 09:41:10,24225.4,2026-08-25,24050.0,PE,22.7,22.7,22.75,186170,67611,19049,8.98
2026-08-21 09:41:10,24225.4,2026-08-25,24100.0,CE,200.45,200.45,200.9,70181,62187,15145,10.7
2026-08-21 09:41:10,24225.4,2026-08-25,24100.0,PE,31.35,31.35,31.4,331289,138134,20866,8.7
2026-08-21 09:41:10,24225.4,2026-08-25,24150.0,CE,162.7,162.35,162.7,81527,38488,19222,10.29
2026-08-21 09:41:10,24225.4,2026-08-25,24150.0,PE,43.0,43.0,43.15,288538,96466,24896,8.44
2026-08-21 09:41:10,24225.4,2026-08-25,24200.0,CE,128.55,128.3,128.55,426031,236577,107214,9.94
2026-08-21 09:41:10,24225.4,2026-08-25,24200.0,PE,58.65,58.55,58.65,890799,293146,88700,8.21
2026-08-21 09:41:10,24225.4,2026-08-25,24250.0,CE,97.85,97.6,97.85,472035,179487,115324,9.57
2026-08-21 09:41:10,24225.4,2026-08-25,24250.0,PE,78.45,78.35,78.45,727546,138632,62055,7.96
2026-08-21 09:41:10,24225.4,2026-08-25,24300.0,CE,72.2,72.0,72.2,648989,313434,162882,9.34
2026-08-21 09:41:10,24225.4,2026-08-25,24300.0,PE,102.95,102.95,103.1,672556,175613,60578,7.69
2026-08-21 09:41:10,24225.4,2026-08-25,24350.0,CE,51.15,51.1,51.25,249673,104329,57336,9.09
2026-08-21 09:41:10,24225.4,2026-08-25,24350.0,PE,132.5,132.15,132.5,213391,42745,12065,7.41
2026-08-21 09:41:10,24225.4,2026-08-25,24400.0,CE,35.2,35.1,35.2,319455,192692,66220,8.99
2026-08-21 09:41:10,24225.4,2026-08-25,24400.0,PE,166.5,166.05,166.5,200675,64546,15925,6.83
2026-08-21 09:41:10,24225.4,2026-08-25,24450.0,CE,23.6,23.55,23.6,159710,77037,35038,8.93
2026-08-21 09:41:10,24225.4,2026-08-25,24450.0,PE,204.45,204.45,204.95,47884,14064,5346,6.08
2026-08-21 09:41:10,24225.4,2026-08-25,24500.0,CE,15.65,15.55,15.65,301771,239716,47183,8.91
2026-08-21 09:41:10,24225.4,2026-08-25,24500.0,PE,246.1,246.05,246.6,59683,63548,1963,
2026-08-21 09:41:10,24225.4,2026-08-25,24550.0,CE,10.2,10.2,10.25,149818,63397,16810,9.0
2026-08-21 09:41:10,24225.4,2026-08-25,24550.0,PE,291.55,290.6,291.5,6241,3876,943,
2026-08-21 09:41:10,24225.4,2026-08-25,24600.0,CE,6.75,6.75,6.8,190481,151773,25132,9.14
2026-08-21 09:41:10,24225.4,2026-08-25,24600.0,PE,338.4,337.0,337.9,9536,15789,1178,
2026-08-21 09:41:10,24225.4,2026-08-25,24650.0,CE,5.0,4.95,5.0,95467,49641,5135,9.51
2026-08-21 09:41:10,24225.4,2026-08-25,24650.0,PE,387.0,385.2,386.2,2114,3138,340,
2026-08-21 09:41:10,24225.4,2026-08-25,24700.0,CE,3.8,3.75,3.8,137470,120907,4657,9.92
2026-08-21 09:41:10,24225.4,2026-08-25,24700.0,PE,433.3,433.4,434.75,2276,13293,-28,
2026-08-21 09:41:10,24225.4,2026-08-25,24750.0,CE,3.1,3.05,3.1,85430,44476,12771,10.42
2026-08-21 09:41:10,24225.4,2026-08-25,24750.0,PE,482.6,482.5,484.15,182,1504,28,
2026-08-21 09:42:11,24232.55,2026-08-25,23750.0,CE,518.8,527.55,530.0,90,747,-3,16.26
2026-08-21 09:42:11,24232.55,2026-08-25,23750.0,PE,4.35,4.3,4.35,115063,40867,6014,11.29
2026-08-21 09:42:11,24232.55,2026-08-25,23800.0,CE,479.5,478.15,479.6,2160,9845,253,15.87
2026-08-21 09:42:11,24232.55,2026-08-25,23800.0,PE,5.25,5.2,5.25,195061,129241,4849,10.76
2026-08-21 09:42:11,24232.55,2026-08-25,23850.0,CE,431.95,429.55,431.6,415,1251,116,14.72
2026-08-21 09:42:11,24232.55,2026-08-25,23850.0,PE,6.45,6.45,6.5,129125,63457,5270,10.23
2026-08-21 09:42:11,24232.55,2026-08-25,23900.0,CE,381.75,382.2,383.2,3710,5563,833,14.08
2026-08-21 09:42:11,24232.55,2026-08-25,23900.0,PE,8.55,8.5,8.55,197946,118251,14620,9.85
2026-08-21 09:42:11,24232.55,2026-08-25,23950.0,CE,335.1,335.15,336.0,2384,3577,328,13.05
2026-08-21 09:42:11,24232.55,2026-08-25,23950.0,PE,11.45,11.45,11.5,145813,46786,-1823,9.51
2026-08-21 09:42:11,24232.55,2026-08-25,24000.0,CE,290.05,289.35,290.05,36971,98426,4026,12.23
2026-08-21 09:42:11,24232.55,2026-08-25,24000.0,PE,15.8,15.8,15.85,383346,265880,14374,9.18
2026-08-21 09:42:11,24232.55,2026-08-25,24050.0,CE,246.2,245.45,246.0,12533,10661,1218,11.57
2026-08-21 09:42:11,24232.55,2026-08-25,24050.0,PE,21.55,21.55,21.65,191815,67416,18854,8.84
2026-08-21 09:42:11,24232.55,2026-08-25,24100.0,CE,204.25,204.25,204.7,73417,62477,15435,10.99
2026-08-21 09:42:11,24232.55,2026-08-25,24100.0,PE,29.75,29.75,29.8,340403,139722,22454,8.56
2026-08-21 09:42:11,24232.55,2026-08-25,24150.0,CE,165.45,165.25,165.45,84903,38721,19455,10.5
2026-08-21 09:42:11,24232.55,2026-08-25,24150.0,PE,41.25,41.15,41.25,297408,96639,25069,8.26
2026-08-21 09:42:11,24232.55,2026-08-25,24200.0,CE,130.95,130.95,131.25,444773,236928,107565,10.11
2026-08-21 09:42:11,24232.55,2026-08-25,24200.0,PE,56.0,56.0,56.15,920476,294463,90017,8.01
2026-08-21 09:42:11,24232.55,2026-08-25,24250.0,CE,100.05,99.8,100.05,491511,180574,116411,9.72
2026-08-21 09:42:11,24232.55,2026-08-25,24250.0,PE,75.45,75.4,75.55,747602,139457,62880,7.69
2026-08-21 09:42:11,24232.55,2026-08-25,24300.0,CE,73.9,73.85,74.05,666922,315120,164568,9.43
2026-08-21 09:42:11,24232.55,2026-08-25,24300.0,PE,99.05,99.2,99.4,690676,173982,58947,7.4
2026-08-21 09:42:11,24232.55,2026-08-25,24350.0,CE,52.4,52.45,52.6,255384,105426,58433,9.2
2026-08-21 09:42:11,24232.55,2026-08-25,24350.0,PE,128.35,128.25,128.55,218715,43844,13164,6.97
2026-08-21 09:42:11,24232.55,2026-08-25,24400.0,CE,36.05,35.95,36.1,328124,194277,67805,9.02
2026-08-21 09:42:11,24232.55,2026-08-25,24400.0,PE,161.8,161.85,162.25,205725,64898,16277,6.41
2026-08-21 09:42:11,24232.55,2026-08-25,24450.0,CE,24.2,24.1,24.2,164647,77815,35816,8.94
2026-08-21 09:42:11,24232.55,2026-08-25,24450.0,PE,199.7,199.7,200.15,49006,13999,5281,5.34
2026-08-21 09:42:11,24232.55,2026-08-25,24500.0,CE,15.95,15.95,16.0,311290,242073,49540,8.98
2026-08-21 09:42:11,24232.55,2026-08-25,24500.0,PE,242.55,241.7,242.35,61679,63391,1806,
2026-08-21 09:42:11,24232.55,2026-08-25,24550.0,CE,10.5,10.45,10.5,151748,63653,17066,9.03
2026-08-21 09:42:11,24232.55,2026-08-25,24550.0,PE,286.2,285.6,286.45,6365,3875,942,
2026-08-21 09:42:11,24232.55,2026-08-25,24600.0,CE,6.9,6.85,6.9,192269,151900,25259,9.17
2026-08-21 09:42:11,24232.55,2026-08-25,24600.0,PE,331.85,332.05,332.95,9659,15822,1211,
2026-08-21 09:42:11,24232.55,2026-08-25,24650.0,CE,5.05,5.0,5.05,96430,49878,5372,9.52
2026-08-21 09:42:11,24232.55,2026-08-25,24650.0,PE,379.8,379.9,380.95,2178,3095,297,
2026-08-21 09:42:11,24232.55,2026-08-25,24700.0,CE,3.8,3.75,3.8,138787,121095,4845,9.92
2026-08-21 09:42:11,24232.55,2026-08-25,24700.0,PE,428.9,428.35,429.8,2316,13285,-36,
2026-08-21 09:42:11,24232.55,2026-08-25,24750.0,CE,3.1,3.05,3.1,86306,44886,13181,10.42
2026-08-21 09:42:11,24232.55,2026-08-25,24750.0,PE,481.35,477.2,478.85,201,1502,26,
2026-08-21 09:43:11,24244.95,2026-08-25,23750.0,CE,531.15,534.3,537.35,99,746,-4,16.89
2026-08-21 09:43:11,24244.95,2026-08-25,23750.0,PE,4.2,4.2,4.25,116760,40945,6092,11.16
2026-08-21 09:43:11,24244.95,2026-08-25,23800.0,CE,486.2,484.8,486.4,2316,9801,209,16.73
2026-08-21 09:43:11,24244.95,2026-08-25,23800.0,PE,5.05,5.05,5.1,199443,127907,3515,10.64
2026-08-21 09:43:11,24244.95,2026-08-25,23850.0,CE,436.05,436.65,438.3,419,1249,114,15.77
2026-08-21 09:43:11,24244.95,2026-08-25,23850.0,PE,6.2,6.15,6.2,131019,64431,6244,10.12
2026-08-21 09:43:11,24244.95,2026-08-25,23900.0,CE,389.0,388.55,389.55,3859,5550,820,14.73
2026-08-21 09:43:11,24244.95,2026-08-25,23900.0,PE,8.1,8.1,8.2,200366,117810,14179,9.72
2026-08-21 09:43:11,24244.95,2026-08-25,23950.0,CE,341.4,341.2,342.25,3023,3840,591,13.62
2026-08-21 09:43:11,24244.95,2026-08-25,23950.0,PE,10.9,10.9,10.95,148551,46616,-1993,9.34
2026-08-21 09:43:11,24244.95,2026-08-25,24000.0,CE,295.3,296.0,296.55,38935,98365,3965,12.71
2026-08-21 09:43:11,24244.95,2026-08-25,24000.0,PE,15.0,14.95,15.0,395525,268935,17429,9.02
2026-08-21 09:43:11,24244.95,2026-08-25,24050.0,CE,251.45,251.3,251.9,13344,10668,1225,12.04
2026-08-21 09:43:11,24244.95,2026-08-25,24050.0,PE,20.4,20.4,20.5,195939,67150,18588,8.66
2026-08-21 09:43:11,24244.95,2026-08-25,24100.0,CE,209.35,209.4,209.95,78398,61631,14589,11.33
2026-08-21 09:43:11,24244.95,2026-08-25,24100.0,PE,28.2,28.1,28.2,350171,140412,23144,8.35
2026-08-21 09:43:11,24244.95,2026-08-25,24150.0,CE,170.3,170.3,170.7,89673,38431,19165,10.83
2026-08-21 09:43:11,24244.95,2026-08-25,24150.0,PE,38.85,38.9,39.05,308124,97209,25639,8.05
2026-08-21 09:43:11,24244.95,2026-08-25,24200.0,CE,135.05,135.05,135.4,474996,235531,106168,10.33
2026-08-21 09:43:11,24244.95,2026-08-25,24200.0,PE,53.45,53.35,53.45,953539,294172,89726,7.78
2026-08-21 09:43:11,24244.95,2026-08-25,24250.0,CE,103.6,103.45,103.7,522407,177960,113797,9.95
2026-08-21 09:43:11,24244.95,2026-08-25,24250.0,PE,71.8,71.8,71.9,770464,138208,61631,7.4
2026-08-21 09:43:11,24244.95,2026-08-25,24300.0,CE,76.9,76.65,76.85,693436,313280,162728,9.65
2026-08-21 09:43:11,24244.95,2026-08-25,24300.0,PE,95.4,95.25,95.45,711745,176456,61421,7.01
2026-08-21 09:43:11,24244.95,2026-08-25,24350.0,CE,54.9,54.75,54.9,266123,105529,58536,9.34
2026-08-21 09:43:11,24244.95,2026-08-25,24350.0,PE,123.2,123.2,123.55,224297,44108,13428,6.52
2026-08-21 09:43:11,24244.95,2026-08-25,24400.0,CE,37.8,37.65,37.75,338519,195216,68744,9.18
2026-08-21 09:43:11,24244.95,2026-08-25,24400.0,PE,156.25,156.25,156.7,212074,64939,16318,5.56
2026-08-21 09:43:11,24244.95,2026-08-25,24450.0,CE,25.3,25.25,25.3,170762,79467,37468,9.06
2026-08-21 09:43:11,24244.95,2026-08-25,24450.0,PE,194.25,194.0,194.35,50038,13983,5265,
2026-08-21 09:43:11,24244.95,2026-08-25,24500.0,CE,16.75,16.65,16.7,320701,242230,49697,9.06
2026-08-21 09:43:11,24244.95,2026-08-25,24500.0,PE,235.55,235.1,235.65,63827,63431,1846,
2026-08-21 09:43:11,24244.95,2026-08-25,24550.0,CE,10.9,10.9,10.95,155965,64135,17548,9.11
2026-08-21 09:43:11,24244.95,2026-08-25,24550.0,PE,280.0,279.4,280.15,6534,3873,940,
2026-08-21 09:43:11,24244.95,2026-08-25,24600.0,CE,7.1,7.1,7.15,196741,152629,25988,9.23
2026-08-21 09:43:11,24244.95,2026-08-25,24600.0,PE,326.45,325.6,326.4,10089,15921,1310,
2026-08-21 09:43:11,24244.95,2026-08-25,24650.0,CE,5.2,5.15,5.2,98224,50435,5929,9.59
2026-08-21 09:43:11,24244.95,2026-08-25,24650.0,PE,375.65,373.4,374.45,2196,3088,290,
2026-08-21 09:43:11,24244.95,2026-08-25,24700.0,CE,3.9,3.85,3.9,140459,121207,4957,9.98
2026-08-21 09:43:11,24244.95,2026-08-25,24700.0,PE,422.0,422.0,423.05,2419,13343,22,
2026-08-21 09:43:11,24244.95,2026-08-25,24750.0,CE,3.1,3.05,3.1,87664,44727,13022,10.48
2026-08-21 09:43:11,24244.95,2026-08-25,24750.0,PE,472.3,470.65,472.65,216,1503,27,
2026-08-21 09:44:11,24240.9,2026-08-25,23750.0,CE,531.15,533.95,536.45,99,746,-4,15.56
2026-08-21 09:44:11,24240.9,2026-08-25,23750.0,PE,4.15,4.15,4.2,116652,40867,6014,11.43
2026-08-21 09:44:11,24240.9,2026-08-25,23800.0,CE,485.0,484.85,486.35,2315,9845,253,14.79
2026-08-21 09:44:11,24240.9,2026-08-25,23800.0,PE,5.0,5.0,5.05,199288,127907,3515,10.89
2026-08-21 09:44:11,24240.9,2026-08-25,23850.0,CE,433.2,436.05,437.85,417,1251,116,13.74
2026-08-21 09:44:11,24240.9,2026-08-25,23850.0,PE,6.15,6.1,6.2,130962,64431,6244,10.38
2026-08-21 09:44:11,24240.9,2026-08-25,23900.0,CE,388.45,388.4,389.0,3818,5563,833,12.9
2026-08-21 09:44:11,24240.9,2026-08-25,23900.0,PE,8.1,8.1,8.15,200033,118251,14620,9.96
2026-08-21 09:44:11,24240.9,2026-08-25,23950.0,CE,340.2,341.3,342.2,2995,3577,328,12.22
2026-08-21 09:44:11,24240.9,2026-08-25,23950.0,PE,10.95,10.9,10.95,148365,46786,-1823,9.63
2026-08-21 09:44:11,24240.9,2026-08-25,24000.0,CE,294.95,295.15,295.5,38745,98426,4026,11.46
2026-08-21 09:44:11,24240.9,2026-08-25,24000.0,PE,15.0,15.0,15.05,393341,265880,14374,9.31
2026-08-21 09:44:11,24240.9,2026-08-25,24050.0,CE,251.1,251.15,251.5,13226,10661,1218,10.88
2026-08-21 09:44:11,24240.9,2026-08-25,24050.0,PE,20.4,20.4,20.5,195693,67416,18854,8.98
2026-08-21 09:44:11,24240.9,2026-08-25,24100.0,CE,209.6,209.15,209.6,77888,62477,15435,10.45
2026-08-21 09:44:11,24240.9,2026-08-25,24100.0,PE,28.25,28.2,28.3,349365,139722,22454,8.71
2026-08-21 09:44:11,24240.9,2026-08-25,24150.0,CE,170.3,170.15,170.5,89303,38431,19165,9.98
2026-08-21 09:44:11,24240.9,2026-08-25,24150.0,PE,38.9,38.9,39.0,307384,97209,25639,8.44
2026-08-21 09:44:11,24240.9,2026-08-25,24200.0,CE,134.8,134.8,134.95,471362,235531,106168,9.68
2026-08-21 09:44:11,24240.9,2026-08-25,24200.0,PE,53.45,53.4,53.55,950725,294463,90017,8.22
2026-08-21 09:44:11,24240.9,2026-08-25,24250.0,CE,103.35,103.3,103.35,519012,180574,116411,9.36
2026-08-21 09:44:11,24240.9,2026-08-25,24250.0,PE,72.0,72.0,72.05,768408,139457,62880,7.99
2026-08-21 09:44:11,24240.9,2026-08-25,24300.0,CE,76.75,76.55,76.7,691336,315120,164568,9.1
2026-08-21 09:44:11,24240.9,2026-08-25,24300.0,PE,95.4,95.45,95.65,709743,173982,58947,7.74
2026-08-21 09:44:11,24240.9,2026-08-25,24350.0,CE,54.6,54.6,54.7,265116,105426,58433,8.9
2026-08-21 09:44:11,24240.9,2026-08-25,24350.0,PE,124.0,124.0,124.1,223790,43844,13164,7.46
2026-08-21 09:44:11,24240.9,2026-08-25,24400.0,CE,37.6,37.6,37.75,338020,194277,67805,8.76
2026-08-21 09:44:11,24240.9,2026-08-25,24400.0,PE,156.85,156.45,156.8,211615,64898,16277,7.13
2026-08-21 09:44:11,24240.9,2026-08-25,24450.0,CE,25.3,25.25,25.3,170401,77815,35816,8.69
2026-08-21 09:44:11,24240.9,2026-08-25,24450.0,PE,194.8,194.3,194.75,49925,13999,5281,6.65
2026-08-21 09:44:11,24240.9,2026-08-25,24500.0,CE,16.75,16.7,16.75,320175,242230,49697,8.72
2026-08-21 09:44:11,24240.9,2026-08-25,24500.0,PE,235.3,235.3,235.8,63637,63431,1846,5.67
2026-08-21 09:44:11,24240.9,2026-08-25,24550.0,CE,10.95,10.9,10.95,155640,63653,17066,8.79
2026-08-21 09:44:11,24240.9,2026-08-25,24550.0,PE,280.75,280.3,280.65,6512,3875,942,
2026-08-21 09:44:11,24240.9,2026-08-25,24600.0,CE,7.15,7.1,7.15,196445,151900,25259,8.93
2026-08-21 09:44:11,24240.9,2026-08-25,24600.0,PE,326.1,326.1,326.5,10084,15822,1211,
2026-08-21 09:44:11,24240.9,2026-08-25,24650.0,CE,5.2,5.15,5.2,98122,49878,5372,9.27
2026-08-21 09:44:11,24240.9,2026-08-25,24650.0,PE,375.65,373.25,374.3,2196,3095,297,
2026-08-21 09:44:11,24240.9,2026-08-25,24700.0,CE,3.9,3.85,3.9,140266,121095,4845,9.67
2026-08-21 09:44:11,24240.9,2026-08-25,24700.0,PE,422.8,422.1,423.2,2415,13285,-36,
2026-08-21 09:44:11,24240.9,2026-08-25,24750.0,CE,3.1,3.05,3.1,87551,44886,13181,10.18
2026-08-21 09:44:11,24240.9,2026-08-25,24750.0,PE,473.55,470.8,472.55,215,1502,26,
2026-08-21 09:45:12,24243.3,2026-08-25,23750.0,CE,535.9,533.9,536.0,101,743,-7,16.22
2026-08-21 09:45:12,24243.3,2026-08-25,23750.0,PE,4.25,4.2,4.25,119467,41065,6212,11.35
2026-08-21 09:45:12,24243.3,2026-08-25,23800.0,CE,484.4,484.7,485.9,2482,9804,212,15.81
2026-08-21 09:45:12,24243.3,2026-08-25,23800.0,PE,5.05,5.05,5.1,203556,127311,2919,10.81
2026-08-21 09:45:12,24243.3,2026-08-25,23850.0,CE,436.7,436.15,437.95,457,1231,96,14.23
2026-08-21 09:45:12,24243.3,2026-08-25,23850.0,PE,6.2,6.2,6.25,133291,64827,6640,10.27
2026-08-21 09:45:12,24243.3,2026-08-25,23900.0,CE,388.4,388.4,389.55,4019,5539,809,13.91
2026-08-21 09:45:12,24243.3,2026-08-25,23900.0,PE,8.15,8.15,8.2,204307,117569,13938,9.87
2026-08-21 09:45:12,24243.3,2026-08-25,23950.0,CE,340.75,340.85,341.85,3177,3786,537,12.87
2026-08-21 09:45:12,24243.3,2026-08-25,23950.0,PE,11.0,10.95,11.0,151223,46632,-1977,9.5
2026-08-21 09:45:12,24243.3,2026-08-25,24000.0,CE,295.8,295.4,295.9,41279,98102,3702,12.19
2026-08-21 09:45:12,24243.3,2026-08-25,24000.0,PE,15.1,15.05,15.1,404420,270916,19410,9.17
2026-08-21 09:45:12,24243.3,2026-08-25,24050.0,CE,251.4,251.0,251.65,14248,10812,1369,11.54
2026-08-21 09:45:12,24243.3,2026-08-25,24050.0,PE,20.5,20.45,20.5,203628,68672,20110,8.81
2026-08-21 09:45:12,24243.3,2026-08-25,24100.0,CE,209.5,209.1,209.55,84743,59641,12599,10.99
2026-08-21 09:45:12,24243.3,2026-08-25,24100.0,PE,28.35,28.35,28.45,362200,140578,23310,8.51
2026-08-21 09:45:12,24243.3,2026-08-25,24150.0,CE,170.2,170.25,170.65,97094,36140,16874,10.45
2026-08-21 09:45:12,24243.3,2026-08-25,24150.0,PE,39.15,39.1,39.15,318665,97962,26392,8.21
2026-08-21 09:45:12,24243.3,2026-08-25,24200.0,CE,135.1,135.1,135.35,514298,230257,100894,10.02
2026-08-21 09:45:12,24243.3,2026-08-25,24200.0,PE,53.75,53.65,53.75,991528,295290,90844,7.95
2026-08-21 09:45:12,24243.3,2026-08-25,24250.0,CE,103.75,103.5,103.75,564648,175167,111004,9.64
2026-08-21 09:45:12,24243.3,2026-08-25,24250.0,PE,72.45,72.25,72.35,797507,140623,64046,7.66
2026-08-21 09:45:12,24243.3,2026-08-25,24300.0,CE,76.9,76.75,76.9,732253,306932,156380,9.36
2026-08-21 09:45:12,24243.3,2026-08-25,24300.0,PE,95.9,95.7,95.95,736571,178431,63396,7.35
2026-08-21 09:45:12,24243.3,2026-08-25,24350.0,CE,54.8,54.8,54.95,284356,104581,57588,9.09
2026-08-21 09:45:12,24243.3,2026-08-25,24350.0,PE,124.15,124.05,124.4,232985,45991,15311,7.01
2026-08-21 09:45:12,24243.3,2026-08-25,24400.0,CE,37.95,37.9,38.0,359413,195900,69428,8.92
2026-08-21 09:45:12,24243.3,2026-08-25,24400.0,PE,157.0,156.85,157.15,220380,65747,17126,6.46
2026-08-21 09:45:12,24243.3,2026-08-25,24450.0,CE,25.45,25.4,25.5,178935,79265,37266,8.83
2026-08-21 09:45:12,24243.3,2026-08-25,24450.0,PE,195.1,194.65,195.1,51630,14339,5621,5.63
2026-08-21 09:45:12,24243.3,2026-08-25,24500.0,CE,16.95,16.85,16.95,335623,241743,49210,8.83
2026-08-21 09:45:12,24243.3,2026-08-25,24500.0,PE,236.0,236.0,236.2,66212,63728,2143,
2026-08-21 09:45:12,24243.3,2026-08-25,24550.0,CE,11.0,11.0,11.05,162524,65265,18678,8.88
2026-08-21 09:45:12,24243.3,2026-08-25,24550.0,PE,280.05,280.0,280.75,6793,3973,1040,
2026-08-21 09:45:12,24243.3,2026-08-25,24600.0,CE,7.25,7.25,7.3,201954,152509,25868,8.99
2026-08-21 09:45:12,24243.3,2026-08-25,24600.0,PE,326.15,325.95,326.75,10507,15923,1312,
2026-08-21 09:45:12,24243.3,2026-08-25,24650.0,CE,5.25,5.2,5.25,102025,50947,6441,9.33
2026-08-21 09:45:12,24243.3,2026-08-25,24650.0,PE,373.7,373.35,374.45,2237,3092,294,
2026-08-21 09:45:12,24243.3,2026-08-25,24700.0,CE,3.9,3.85,3.9,142970,121503,5253,9.71
2026-08-21 09:45:12,24243.3,2026-08-25,24700.0,PE,422.1,421.85,423.2,2547,13338,17,
2026-08-21 09:45:12,24243.3,2026-08-25,24750.0,CE,3.05,3.05,3.1,91306,44388,12683,10.18
2026-08-21 09:45:12,24243.3,2026-08-25,24750.0,PE,473.1,471.1,472.9,230,1504,28,
2026-08-21 09:46:12,24245.9,2026-08-25,23750.0,CE,538.7,537.1,539.5,102,743,-7,16.22
2026-08-21 09:46:12,24245.9,2026-08-25,23750.0,PE,4.15,4.15,4.2,120777,40446,5593,11.35
2026-08-21 09:46:12,24245.9,2026-08-25,23800.0,CE,488.55,487.9,489.35,2544,9785,193,16.6
2026-08-21 09:46:12,24245.9,2026-08-25,23800.0,PE,5.0,5.0,5.05,207284,127264,2872,10.81
2026-08-21 09:46:12,24245.9,2026-08-25,23850.0,CE,440.0,439.35,440.8,461,1222,87,15.36
2026-08-21 09:46:12,24245.9,2026-08-25,23850.0,PE,6.05,6.05,6.1,135277,65083,6896,10.26
2026-08-21 09:46:12,24245.9,2026-08-25,23900.0,CE,391.6,391.25,392.35,4115,5509,779,14.52
2026-08-21 09:46:12,24245.9,2026-08-25,23900.0,PE,7.9,7.9,8.0,207196,117676,14045,9.84
2026-08-21 09:46:12,24245.9,2026-08-25,23950.0,CE,344.4,343.8,344.8,3272,3791,542,13.56
2026-08-21 09:46:12,24245.9,2026-08-25,23950.0,PE,10.7,10.65,10.7,153518,46315,-2294,9.46
2026-08-21 09:46:12,24245.9,2026-08-25,24000.0,CE,297.9,297.95,298.4,42344,97917,3517,12.72
2026-08-21 09:46:12,24245.9,2026-08-25,24000.0,PE,14.65,14.6,14.65,411146,272786,21280,9.13
2026-08-21 09:46:12,24245.9,2026-08-25,24050.0,CE,253.35,253.5,254.15,14623,10754,1311,11.92
2026-08-21 09:46:12,24245.9,2026-08-25,24050.0,PE,19.9,19.85,19.9,207838,69592,21030,8.76
2026-08-21 09:46:12,24245.9,2026-08-25,24100.0,CE,211.25,211.35,211.8,87486,58894,11852,11.27
2026-08-21 09:46:12,24245.9,2026-08-25,24100.0,PE,27.55,27.5,27.55,372026,144443,27175,8.45
2026-08-21 09:46:12,24245.9,2026-08-25,24150.0,CE,172.05,172.2,172.6,100642,35434,16168,10.71
2026-08-21 09:46:12,24245.9,2026-08-25,24150.0,PE,38.1,38.0,38.1,325931,99029,27459,8.13
2026-08-21 09:46:12,24245.9,2026-08-25,24200.0,CE,136.95,136.75,137.1,531949,228594,99231,10.29
2026-08-21 09:46:12,24245.9,2026-08-25,24200.0,PE,52.2,52.2,52.3,1013189,303369,98923,7.86
2026-08-21 09:46:12,24245.9,2026-08-25,24250.0,CE,105.15,104.9,105.15,582159,171293,107130,9.87
2026-08-21 09:46:12,24245.9,2026-08-25,24250.0,PE,70.6,70.6,70.8,816064,149028,72451,7.54
2026-08-21 09:46:12,24245.9,2026-08-25,24300.0,CE,78.0,77.9,77.95,750493,303731,153179,9.51
2026-08-21 09:46:12,24245.9,2026-08-25,24300.0,PE,93.9,93.65,93.8,750312,182035,67000,7.24
2026-08-21 09:46:12,24245.9,2026-08-25,24350.0,CE,55.8,55.7,55.8,293113,103661,56668,9.24
2026-08-21 09:46:12,24245.9,2026-08-25,24350.0,PE,121.55,121.6,121.9,238994,48742,18062,6.79
2026-08-21 09:46:12,24245.9,2026-08-25,24400.0,CE,38.45,38.45,38.55,367800,194669,68197,9.05
2026-08-21 09:46:12,24245.9,2026-08-25,24400.0,PE,154.6,154.2,154.6,224450,67418,18797,6.13
2026-08-21 09:46:12,24245.9,2026-08-25,24450.0,CE,25.8,25.75,25.85,182824,78943,36944,8.93
2026-08-21 09:46:12,24245.9,2026-08-25,24450.0,PE,192.05,192.0,192.2,52933,14817,6099,5.02
2026-08-21 09:46:12,24245.9,2026-08-25,24500.0,CE,17.0,17.0,17.05,344196,240650,48117,8.91
2026-08-21 09:46:12,24245.9,2026-08-25,24500.0,PE,233.15,233.15,233.25,67800,64453,2868,
2026-08-21 09:46:12,24245.9,2026-08-25,24550.0,CE,11.1,11.1,11.15,166428,65523,18936,8.95
2026-08-21 09:46:12,24245.9,2026-08-25,24550.0,PE,276.95,276.8,277.5,6940,4021,1088,
2026-08-21 09:46:12,24245.9,2026-08-25,24600.0,CE,7.25,7.25,7.3,204422,153023,26382,9.05
2026-08-21 09:46:12,24245.9,2026-08-25,24600.0,PE,323.1,322.65,323.0,10772,15953,1342,
2026-08-21 09:46:12,24245.9,2026-08-25,24650.0,CE,5.25,5.2,5.25,103538,51232,6726,9.37
2026-08-21 09:46:12,24245.9,2026-08-25,24650.0,PE,370.1,370.3,371.2,2266,3089,291,
2026-08-21 09:46:12,24245.9,2026-08-25,24700.0,CE,3.9,3.85,3.9,144922,121300,5050,9.71
2026-08-21 09:46:12,24245.9,2026-08-25,24700.0,PE,418.65,418.65,420.0,2653,13330,9,
2026-08-21 09:46:12,24245.9,2026-08-25,24750.0,CE,3.0,3.0,3.05,92751,44161,12456,10.15
2026-08-21 09:46:12,24245.9,2026-08-25,24750.0,PE,468.1,467.8,469.4,239,1504,28,
2026-08-21 09:47:12,24250.25,2026-08-25,23750.0,CE,543.35,541.8,543.95,104,741,-9,15.93
2026-08-21 09:47:12,24250.25,2026-08-25,23750.0,PE,4.2,4.2,4.25,122189,40369,5516,11.53
2026-08-21 09:47:12,24250.25,2026-08-25,23800.0,CE,493.7,492.6,494.0,2631,9788,196,14.79
2026-08-21 09:47:12,24250.25,2026-08-25,23800.0,PE,5.05,5.0,5.05,210698,127736,3344,11.01
2026-08-21 09:47:12,24250.25,2026-08-25,23850.0,CE,443.5,443.85,445.45,474,1221,86,13.76
2026-08-21 09:47:12,24250.25,2026-08-25,23850.0,PE,6.1,6.05,6.1,137986,64971,6784,10.45
2026-08-21 09:47:12,24250.25,2026-08-25,23900.0,CE,396.5,396.05,397.1,4298,5499,769,13.05
2026-08-21 09:47:12,24250.25,2026-08-25,23900.0,PE,7.85,7.85,7.9,210964,117531,13900,10.05
2026-08-21 09:47:12,24250.25,2026-08-25,23950.0,CE,348.5,348.25,348.95,3360,3806,557,12.22
2026-08-21 09:47:12,24250.25,2026-08-25,23950.0,PE,10.5,10.5,10.55,156093,46500,-2109,9.69
2026-08-21 09:47:12,24250.25,2026-08-25,24000.0,CE,302.5,302.95,303.75,44342,97780,3380,11.54
2026-08-21 09:47:12,24250.25,2026-08-25,24000.0,PE,14.25,14.2,14.25,421044,274376,22870,9.36
2026-08-21 09:47:12,24250.25,2026-08-25,24050.0,CE,258.6,258.3,258.95,15513,10709,1266,10.91
2026-08-21 09:47:12,24250.25,2026-08-25,24050.0,PE,19.3,19.25,19.3,213067,70511,21949,9.01
2026-08-21 09:47:12,24250.25,2026-08-25,24100.0,CE,215.8,215.25,215.8,92786,58700,11658,10.35
2026-08-21 09:47:12,24250.25,2026-08-25,24100.0,PE,26.7,26.7,26.8,383948,146866,29598,8.73
2026-08-21 09:47:12,24250.25,2026-08-25,24150.0,CE,176.3,176.25,176.7,107604,35070,15804,9.97
2026-08-21 09:47:12,24250.25,2026-08-25,24150.0,PE,36.55,36.55,36.65,336588,100870,29300,8.47
2026-08-21 09:47:12,24250.25,2026-08-25,24200.0,CE,140.2,140.25,140.6,566146,226914,97551,9.6
2026-08-21 09:47:12,24250.25,2026-08-25,24200.0,PE,50.25,50.15,50.3,1052463,310650,106204,8.24
2026-08-21 09:47:12,24250.25,2026-08-25,24250.0,CE,108.0,107.8,108.0,619753,170047,105884,9.31
2026-08-21 09:47:12,24250.25,2026-08-25,24250.0,PE,68.0,67.9,68.1,845262,154612,78035,8.02
2026-08-21 09:47:12,24250.25,2026-08-25,24300.0,CE,79.9,79.65,79.9,783102,302760,152208,9.06
2026-08-21 09:47:12,24250.25,2026-08-25,24300.0,PE,91.05,90.8,91.05,774479,184949,69914,7.79
2026-08-21 09:47:12,24250.25,2026-08-25,24350.0,CE,57.35,57.35,57.5,307526,105752,58759,8.85
2026-08-21 09:47:12,24250.25,2026-08-25,24350.0,PE,117.95,117.9,118.1,248665,48421,17741,7.55
2026-08-21 09:47:12,24250.25,2026-08-25,24400.0,CE,39.6,39.55,39.6,380541,194809,68337,8.71
2026-08-21 09:47:12,24250.25,2026-08-25,24400.0,PE,150.4,150.05,150.4,231795,68276,19655,7.25
2026-08-21 09:47:12,24250.25,2026-08-25,24450.0,CE,26.35,26.3,26.35,189605,79562,37563,8.65
2026-08-21 09:47:12,24250.25,2026-08-25,24450.0,PE,188.15,187.6,188.15,55133,15295,6577,6.84
2026-08-21 09:47:12,24250.25,2026-08-25,24500.0,CE,17.35,17.3,17.35,354059,239998,47465,8.65
2026-08-21 09:47:12,24250.25,2026-08-25,24500.0,PE,228.0,228.3,228.8,70320,64663,3078,5.98
2026-08-21 09:47:12,24250.25,2026-08-25,24550.0,CE,11.2,11.2,11.25,171266,65181,18594,8.73
2026-08-21 09:47:12,24250.25,2026-08-25,24550.0,PE,271.95,272.0,272.8,7289,4015,1082,
2026-08-21 09:47:12,24250.25,2026-08-25,24600.0,CE,7.35,7.3,7.35,209239,153162,26521,8.86
2026-08-21 09:47:12,24250.25,2026-08-25,24600.0,PE,318.75,317.85,318.65,11289,15951,1340,
2026-08-21 09:47:12,24250.25,2026-08-25,24650.0,CE,5.25,5.2,5.25,105287,51578,7072,9.18
2026-08-21 09:47:12,24250.25,2026-08-25,24650.0,PE,366.9,365.8,366.8,2312,3090,292,
2026-08-21 09:47:12,24250.25,2026-08-25,24700.0,CE,3.8,3.75,3.8,147035,121684,5434,9.51
2026-08-21 09:47:12,24250.25,2026-08-25,24700.0,PE,414.5,414.5,415.0,2764,13320,-1,
2026-08-21 09:47:12,24250.25,2026-08-25,24750.0,CE,3.05,3.0,3.05,93432,44366,12661,10.01
2026-08-21 09:47:12,24250.25,2026-08-25,24750.0,PE,464.6,463.15,465.5,241,1503,27,
2026-08-21 09:48:12,24242.1,2026-08-25,23750.0,CE,541.9,537.15,538.35,108,742,-8,16.65
2026-08-21 09:48:12,24242.1,2026-08-25,23750.0,PE,4.25,4.25,4.3,123750,39398,4545,11.55
2026-08-21 09:48:12,24242.1,2026-08-25,23800.0,CE,487.6,486.8,488.2,2662,9775,183,15.66
2026-08-21 09:48:12,24242.1,2026-08-25,23800.0,PE,5.05,5.05,5.1,212799,127457,3065,10.99
2026-08-21 09:48:12,24242.1,2026-08-25,23850.0,CE,440.9,437.95,439.35,491,1229,94,14.61
2026-08-21 09:48:12,24242.1,2026-08-25,23850.0,PE,6.25,6.2,6.25,140202,65066,6879,10.43
2026-08-21 09:48:12,24242.1,2026-08-25,23900.0,CE,391.0,391.0,391.25,4540,5430,700,13.47
2026-08-21 09:48:12,24242.1,2026-08-25,23900.0,PE,8.05,8.05,8.1,213697,117895,14264,9.98
2026-08-21 09:48:12,24242.1,2026-08-25,23950.0,CE,342.6,342.85,343.9,3517,3827,578,12.78
2026-08-21 09:48:12,24242.1,2026-08-25,23950.0,PE,10.8,10.75,10.8,157913,46689,-1920,9.6
2026-08-21 09:48:12,24242.1,2026-08-25,24000.0,CE,297.15,297.15,297.85,45663,97685,3285,11.98
2026-08-21 09:48:12,24242.1,2026-08-25,24000.0,PE,14.75,14.7,14.75,428348,275160,23654,9.26
2026-08-21 09:48:12,24242.1,2026-08-25,24050.0,CE,253.35,252.7,253.35,16009,10651,1208,11.32
2026-08-21 09:48:12,24242.1,2026-08-25,24050.0,PE,20.2,20.1,20.2,216356,70451,21889,8.9
2026-08-21 09:48:12,24242.1,2026-08-25,24100.0,CE,210.9,210.5,210.95,96513,58658,11616,10.66
2026-08-21 09:48:12,24242.1,2026-08-25,24100.0,PE,27.9,27.8,27.9,389150,146436,29168,8.6
2026-08-21 09:48:12,24242.1,2026-08-25,24150.0,CE,171.2,171.2,171.6,111221,35078,15812,10.22
2026-08-21 09:48:12,24242.1,2026-08-25,24150.0,PE,38.45,38.3,38.45,343868,101547,29977,8.31
2026-08-21 09:48:12,24242.1,2026-08-25,24200.0,CE,136.0,136.0,136.3,588009,227149,97786,9.83
2026-08-21 09:48:12,24242.1,2026-08-25,24200.0,PE,52.55,52.5,52.55,1073576,315373,110927,8.03
2026-08-21 09:48:12,24242.1,2026-08-25,24250.0,CE,104.35,104.05,104.35,644128,165989,101826,9.47
2026-08-21 09:48:12,24242.1,2026-08-25,24250.0,PE,71.15,70.95,71.2,860833,157732,81155,7.77
2026-08-21 09:48:12,24242.1,2026-08-25,24300.0,CE,77.15,77.15,77.35,809528,300652,150100,9.17
2026-08-21 09:48:12,24242.1,2026-08-25,24300.0,PE,94.0,94.0,94.2,790279,189270,74235,7.54
2026-08-21 09:48:12,24242.1,2026-08-25,24350.0,CE,55.25,55.25,55.35,320680,107666,60673,8.95
2026-08-21 09:48:12,24242.1,2026-08-25,24350.0,PE,122.15,122.15,122.4,254808,50279,19599,7.16
2026-08-21 09:48:12,24242.1,2026-08-25,24400.0,CE,38.1,38.05,38.2,390954,193968,67496,8.77
2026-08-21 09:48:12,24242.1,2026-08-25,24400.0,PE,155.4,155.0,155.4,235311,68922,20301,6.79
2026-08-21 09:48:12,24242.1,2026-08-25,24450.0,CE,25.45,25.45,25.5,194376,80159,38160,8.67
2026-08-21 09:48:12,24242.1,2026-08-25,24450.0,PE,193.0,192.85,193.0,56038,15617,6899,6.19
2026-08-21 09:48:12,24242.1,2026-08-25,24500.0,CE,16.75,16.75,16.8,361058,239644,47111,8.66
2026-08-21 09:48:12,24242.1,2026-08-25,24500.0,PE,234.3,233.8,234.4,71415,64693,3108,4.63
2026-08-21 09:48:12,24242.1,2026-08-25,24550.0,CE,11.0,10.95,11.0,174701,65001,18414,8.71
2026-08-21 09:48:12,24242.1,2026-08-25,24550.0,PE,278.5,277.75,278.55,7416,4064,1131,
2026-08-21 09:48:12,24242.1,2026-08-25,24600.0,CE,7.2,7.15,7.2,213560,153244,26603,8.81
2026-08-21 09:48:12,24242.1,2026-08-25,24600.0,PE,324.4,324.0,324.8,11503,15896,1285,
2026-08-21 09:48:12,24242.1,2026-08-25,24650.0,CE,5.15,5.15,5.2,106757,51652,7146,9.14
2026-08-21 09:48:12,24242.1,2026-08-25,24650.0,PE,366.85,371.5,372.6,2343,3096,298,
2026-08-21 09:48:12,24242.1,2026-08-25,24700.0,CE,3.85,3.8,3.85,149221,121932,5682,9.51
2026-08-21 09:48:12,24242.1,2026-08-25,24700.0,PE,420.5,419.7,420.9,2807,13311,-10,
2026-08-21 09:48:12,24242.1,2026-08-25,24750.0,CE,3.05,3.0,3.05,94103,44357,12652,9.98
2026-08-21 09:48:12,24242.1,2026-08-25,24750.0,PE,463.05,469.0,471.05,250,1502,26,
2026-08-21 09:49:12,24245.75,2026-08-25,23750.0,CE,536.65,537.9,540.75,110,741,-9,15.56
2026-08-21 09:49:12,24245.75,2026-08-25,23750.0,PE,4.35,4.35,4.4,125327,39517,4664,11.63
2026-08-21 09:49:12,24245.75,2026-08-25,23800.0,CE,490.0,488.0,489.15,2685,9772,180,14.98
2026-08-21 09:49:12,24245.75,2026-08-25,23800.0,PE,5.15,5.1,5.15,216904,128236,3844,11.05
2026-08-21 09:49:12,24245.75,2026-08-25,23850.0,CE,440.6,439.65,441.05,520,1219,84,13.74
2026-08-21 09:49:12,24245.75,2026-08-25,23850.0,PE,6.2,6.2,6.25,142049,65064,6877,10.52
2026-08-21 09:49:12,24245.75,2026-08-25,23900.0,CE,391.5,391.75,392.75,4594,5417,687,13.21
2026-08-21 09:49:12,24245.75,2026-08-25,23900.0,PE,8.0,8.0,8.1,217833,118903,15272,10.08
2026-08-21 09:49:12,24245.75,2026-08-25,23950.0,CE,344.9,344.25,345.3,3591,3826,577,12.3
2026-08-21 09:49:12,24245.75,2026-08-25,23950.0,PE,10.7,10.65,10.75,160663,47278,-1331,9.72
2026-08-21 09:49:12,24245.75,2026-08-25,24000.0,CE,298.55,297.8,298.5,46566,97688,3288,11.36
2026-08-21 09:49:12,24245.75,2026-08-25,24000.0,PE,14.8,14.75,14.8,437609,275664,24158,9.4
2026-08-21 09:49:12,24245.75,2026-08-25,24050.0,CE,254.25,253.5,254.15,16497,10756,1313,10.84
2026-08-21 09:49:12,24245.75,2026-08-25,24050.0,PE,20.0,19.95,20.05,221065,70426,21864,9.05
2026-08-21 09:49:12,24245.75,2026-08-25,24100.0,CE,211.5,211.75,211.95,99648,58426,11384,10.35
2026-08-21 09:49:12,24245.75,2026-08-25,24100.0,PE,27.65,27.55,27.6,399029,147074,29806,8.75
2026-08-21 09:49:12,24245.75,2026-08-25,24150.0,CE,172.1,172.0,172.4,116123,35640,16374,9.91
2026-08-21 09:49:12,24245.75,2026-08-25,24150.0,PE,38.1,38.1,38.2,355052,105019,33449,8.5
2026-08-21 09:49:12,24245.75,2026-08-25,24200.0,CE,137.1,136.75,137.1,606303,231161,101798,9.58
2026-08-21 09:49:12,24245.75,2026-08-25,24200.0,PE,52.25,52.15,52.3,1110306,320519,116073,8.25
2026-08-21 09:49:12,24245.75,2026-08-25,24250.0,CE,105.1,104.9,105.2,663204,168293,104130,9.25
2026-08-21 09:49:12,24245.75,2026-08-25,24250.0,PE,70.65,70.5,70.65,888201,165171,88594,8.04
2026-08-21 09:49:12,24245.75,2026-08-25,24300.0,CE,77.9,77.9,78.1,833681,301694,151142,9.0
2026-08-21 09:49:12,24245.75,2026-08-25,24300.0,PE,93.35,93.35,93.6,815838,194126,79091,7.81
2026-08-21 09:49:12,24245.75,2026-08-25,24350.0,CE,55.3,55.3,55.45,330860,107467,60474,8.79
2026-08-21 09:49:12,24245.75,2026-08-25,24350.0,PE,122.1,121.85,122.1,268646,56316,25636,7.6
2026-08-21 09:49:12,24245.75,2026-08-25,24400.0,CE,38.35,38.2,38.3,401402,193196,66724,8.66
2026-08-21 09:49:12,24245.75,2026-08-25,24400.0,PE,154.65,154.4,154.8,242645,71498,22877,7.25
2026-08-21 09:49:12,24245.75,2026-08-25,24450.0,CE,25.7,25.65,25.7,200957,80304,38305,8.58
2026-08-21 09:49:12,24245.75,2026-08-25,24450.0,PE,191.7,191.4,191.9,57584,16213,7495,6.86
2026-08-21 09:49:12,24245.75,2026-08-25,24500.0,CE,16.75,16.7,16.75,371047,240607,48074,8.59
2026-08-21 09:49:12,24245.75,2026-08-25,24500.0,PE,233.05,232.9,233.4,73384,65219,3634,6.28
2026-08-21 09:49:12,24245.75,2026-08-25,24550.0,CE,10.9,10.9,10.95,178564,65278,18691,8.67
2026-08-21 09:49:12,24245.75,2026-08-25,24550.0,PE,276.75,276.65,277.4,7720,4026,1093,
2026-08-21 09:49:12,24245.75,2026-08-25,24600.0,CE,7.15,7.1,7.15,217136,154179,27538,8.79
2026-08-21 09:49:12,24245.75,2026-08-25,24600.0,PE,322.5,322.5,323.3,11832,15964,1353,
2026-08-21 09:49:12,24245.75,2026-08-25,24650.0,CE,5.1,5.1,5.15,111315,52404,7898,9.14
2026-08-21 09:49:12,24245.75,2026-08-25,24650.0,PE,370.3,369.9,371.05,2385,3101,303,
2026-08-21 09:49:12,24245.75,2026-08-25,24700.0,CE,3.75,3.75,3.8,151783,121641,5391,9.51
2026-08-21 09:49:12,24245.75,2026-08-25,24700.0,PE,418.55,419.05,420.45,2864,13308,-13,
2026-08-21 09:49:12,24245.75,2026-08-25,24750.0,CE,3.0,2.95,3.0,95023,44501,12796,9.98
2026-08-21 09:49:12,24245.75,2026-08-25,24750.0,PE,468.35,467.6,469.55,255,1501,25,
2026-08-21 09:50:13,24242.2,2026-08-25,23750.0,CE,536.65,537.9,540.75,110,741,-9,15.44
2026-08-21 09:50:13,24242.2,2026-08-25,23750.0,PE,4.35,4.35,4.4,125327,39517,4664,11.63
2026-08-21 09:50:13,24242.2,2026-08-25,23800.0,CE,490.0,488.0,489.15,2685,9772,180,15.05
2026-08-21 09:50:13,24242.2,2026-08-25,23800.0,PE,5.15,5.1,5.15,216904,128236,3844,11.05
2026-08-21 09:50:13,24242.2,2026-08-25,23850.0,CE,440.6,439.65,441.05,520,1219,84,13.96
2026-08-21 09:50:13,24242.2,2026-08-25,23850.0,PE,6.2,6.2,6.25,142049,65064,6877,10.48
2026-08-21 09:50:13,24242.2,2026-08-25,23900.0,CE,391.5,391.75,392.75,4594,5417,687,13.19
2026-08-21 09:50:13,24242.2,2026-08-25,23900.0,PE,8.0,8.0,8.1,217833,118903,15272,10.04
2026-08-21 09:50:13,24242.2,2026-08-25,23950.0,CE,344.9,344.25,345.3,3591,3826,577,12.34
2026-08-21 09:50:13,24242.2,2026-08-25,23950.0,PE,10.7,10.65,10.75,160663,47278,-1331,9.66
2026-08-21 09:50:13,24242.2,2026-08-25,24000.0,CE,298.55,297.8,298.5,46566,97688,3288,11.6
2026-08-21 09:50:13,24242.2,2026-08-25,24000.0,PE,14.8,14.75,14.8,437609,275664,24158,9.33
2026-08-21 09:50:13,24242.2,2026-08-25,24050.0,CE,254.25,253.5,254.15,16497,10756,1313,10.95
2026-08-21 09:50:13,24242.2,2026-08-25,24050.0,PE,20.0,19.95,20.05,221065,70426,21864,8.97
2026-08-21 09:50:13,24242.2,2026-08-25,24100.0,CE,211.5,211.75,211.95,99648,58426,11384,10.45
2026-08-21 09:50:13,24242.2,2026-08-25,24100.0,PE,27.65,27.55,27.6,399029,147074,29806,8.69
2026-08-21 09:50:13,24242.2,2026-08-25,24150.0,CE,172.1,172.0,172.4,116123,35640,16374,10.01
2026-08-21 09:50:13,24242.2,2026-08-25,24150.0,PE,38.1,38.1,38.2,355052,105019,33449,8.42
2026-08-21 09:50:13,24242.2,2026-08-25,24200.0,CE,137.1,136.75,137.1,606303,231161,101798,9.68
2026-08-21 09:50:13,24242.2,2026-08-25,24200.0,PE,52.25,52.15,52.3,1110306,320519,116073,8.17
2026-08-21 09:50:13,24242.2,2026-08-25,24250.0,CE,105.1,104.9,105.2,663204,168293,104130,9.32
2026-08-21 09:50:13,24242.2,2026-08-25,24250.0,PE,70.65,70.5,70.65,888201,165171,88594,7.93
2026-08-21 09:50:13,24242.2,2026-08-25,24300.0,CE,77.9,77.9,78.1,833681,301694,151142,9.05
2026-08-21 09:50:13,24242.2,2026-08-25,24300.0,PE,93.35,93.35,93.6,815838,194126,79091,7.71
2026-08-21 09:50:13,24242.2,2026-08-25,24350.0,CE,55.3,55.3,55.45,330860,107467,60474,8.84
2026-08-21 09:50:13,24242.2,2026-08-25,24350.0,PE,122.1,121.85,122.1,268646,56316,25636,7.45
2026-08-21 09:50:13,24242.2,2026-08-25,24400.0,CE,38.35,38.2,38.3,401402,193196,66724,8.7
2026-08-21 09:50:13,24242.2,2026-08-25,24400.0,PE,154.65,154.4,154.8,242645,71498,22877,7.02
2026-08-21 09:50:13,24242.2,2026-08-25,24450.0,CE,25.7,25.65,25.7,200957,80304,38305,8.6
2026-08-21 09:50:13,24242.2,2026-08-25,24450.0,PE,191.7,191.4,191.9,57584,16213,7495,6.65
2026-08-21 09:50:13,24242.2,2026-08-25,24500.0,CE,16.75,16.7,16.75,371047,240607,48074,8.6
2026-08-21 09:50:13,24242.2,2026-08-25,24500.0,PE,233.05,232.9,233.4,73384,65219,3634,5.83
2026-08-21 09:50:13,24242.2,2026-08-25,24550.0,CE,10.9,10.9,10.95,178564,65278,18691,8.67
2026-08-21 09:50:13,24242.2,2026-08-25,24550.0,PE,276.75,276.65,277.4,7720,4026,1093,
2026-08-21 09:50:13,24242.2,2026-08-25,24600.0,CE,7.15,7.1,7.15,217136,154179,27538,8.77
2026-08-21 09:50:13,24242.2,2026-08-25,24600.0,PE,322.5,322.5,323.3,11832,15964,1353,
2026-08-21 09:50:13,24242.2,2026-08-25,24650.0,CE,5.1,5.1,5.15,111315,52404,7898,9.09
2026-08-21 09:50:13,24242.2,2026-08-25,24650.0,PE,370.3,369.9,371.05,2385,3101,303,
2026-08-21 09:50:13,24242.2,2026-08-25,24700.0,CE,3.75,3.75,3.8,151783,121641,5391,9.46
2026-08-21 09:50:13,24242.2,2026-08-25,24700.0,PE,418.55,419.05,420.45,2864,13308,-13,
2026-08-21 09:50:13,24242.2,2026-08-25,24750.0,CE,3.0,2.95,3.0,95023,44501,12796,9.92
2026-08-21 09:50:13,24242.2,2026-08-25,24750.0,PE,468.35,467.6,469.55,255,1501,25,
2026-08-21 09:51:13,24243.8,2026-08-25,23750.0,CE,536.65,541.2,543.55,110,741,-9,15.44
2026-08-21 09:51:13,24243.8,2026-08-25,23750.0,PE,4.25,4.25,4.3,125520,39569,4716,11.63
2026-08-21 09:51:13,24243.8,2026-08-25,23800.0,CE,490.65,492.3,493.85,2687,9773,181,15.05
2026-08-21 09:51:13,24243.8,2026-08-25,23800.0,PE,5.05,5.05,5.1,217515,128475,4083,11.05
2026-08-21 09:51:13,24243.8,2026-08-25,23850.0,CE,440.6,443.25,444.6,520,1210,75,13.96
2026-08-21 09:51:13,24243.8,2026-08-25,23850.0,PE,6.1,6.1,6.15,142288,65120,6933,10.48
2026-08-21 09:51:13,24243.8,2026-08-25,23900.0,CE,394.65,395.1,396.0,4595,5423,693,13.19
2026-08-21 09:51:13,24243.8,2026-08-25,23900.0,PE,7.9,7.9,7.95,218406,118654,15023,10.04
2026-08-21 09:51:13,24243.8,2026-08-25,23950.0,CE,347.35,347.8,348.8,3602,3817,568,12.34
2026-08-21 09:51:13,24243.8,2026-08-25,23950.0,PE,10.5,10.5,10.55,161367,47797,-812,9.66
2026-08-21 09:51:13,24243.8,2026-08-25,24000.0,CE,302.3,301.55,302.3,46891,97929,3529,11.6
2026-08-21 09:51:13,24243.8,2026-08-25,24000.0,PE,14.4,14.35,14.4,439554,276341,24835,9.33
2026-08-21 09:51:13,24243.8,2026-08-25,24050.0,CE,258.0,258.05,258.5,16652,10833,1390,10.95
2026-08-21 09:51:13,24243.8,2026-08-25,24050.0,PE,19.3,19.3,19.35,221946,70804,22242,8.97
2026-08-21 09:51:13,24243.8,2026-08-25,24100.0,CE,215.0,214.6,215.0,100385,58382,11340,10.45
2026-08-21 09:51:13,24243.8,2026-08-25,24100.0,PE,26.8,26.8,26.9,401791,148410,31142,8.69
2026-08-21 09:51:13,24243.8,2026-08-25,24150.0,CE,175.2,175.2,175.6,117001,35927,16661,10.01
2026-08-21 09:51:13,24243.8,2026-08-25,24150.0,PE,37.1,37.0,37.1,357024,105884,34314,8.42
2026-08-21 09:51:13,24243.8,2026-08-25,24200.0,CE,139.3,139.3,139.65,610953,231461,102098,9.68
2026-08-21 09:51:13,24243.8,2026-08-25,24200.0,PE,50.7,50.7,50.85,1116921,324532,120086,8.17
2026-08-21 09:51:13,24243.8,2026-08-25,24250.0,CE,107.35,107.05,107.35,668651,168771,104608,9.32
2026-08-21 09:51:13,24243.8,2026-08-25,24250.0,PE,68.7,68.7,68.85,892656,169028,92451,7.93
2026-08-21 09:51:13,24243.8,2026-08-25,24300.0,CE,79.5,79.5,79.75,839559,302811,152259,9.05
2026-08-21 09:51:13,24243.8,2026-08-25,24300.0,PE,91.3,91.35,91.55,820253,197427,82392,7.71
2026-08-21 09:51:13,24243.8,2026-08-25,24350.0,CE,56.9,56.9,57.1,333115,108118,61125,8.84
2026-08-21 09:51:13,24243.8,2026-08-25,24350.0,PE,119.35,119.15,119.45,271240,59162,28482,7.45
2026-08-21 09:51:13,24243.8,2026-08-25,24400.0,CE,39.7,39.65,39.7,404504,194260,67788,8.7
2026-08-21 09:51:13,24243.8,2026-08-25,24400.0,PE,150.6,150.6,151.05,244570,72030,23409,7.02
2026-08-21 09:51:13,24243.8,2026-08-25,24450.0,CE,26.3,26.25,26.35,202295,80776,38777,8.6
2026-08-21 09:51:13,24243.8,2026-08-25,24450.0,PE,188.9,188.45,188.9,57970,16462,7744,6.65
2026-08-21 09:51:13,24243.8,2026-08-25,24500.0,CE,17.45,17.35,17.45,372868,241183,48650,8.6
2026-08-21 09:51:13,24243.8,2026-08-25,24500.0,PE,229.15,229.1,229.6,73695,65235,3650,5.83
2026-08-21 09:51:13,24243.8,2026-08-25,24550.0,CE,11.3,11.25,11.3,179709,65732,19145,8.67
2026-08-21 09:51:13,24243.8,2026-08-25,24550.0,PE,274.4,273.4,273.85,7752,4010,1077,
2026-08-21 09:51:13,24243.8,2026-08-25,24600.0,CE,7.3,7.3,7.35,218547,154694,28053,8.77
2026-08-21 09:51:13,24243.8,2026-08-25,24600.0,PE,319.75,319.0,319.75,12124,15896,1285,
2026-08-21 09:51:13,24243.8,2026-08-25,24650.0,CE,5.25,5.2,5.25,111612,52664,8158,9.09
2026-08-21 09:51:13,24243.8,2026-08-25,24650.0,PE,369.45,366.35,367.45,2386,3090,292,
2026-08-21 09:51:13,24243.8,2026-08-25,24700.0,CE,3.85,3.8,3.85,152124,121666,5416,9.46
2026-08-21 09:51:13,24243.8,2026-08-25,24700.0,PE,415.65,415.5,416.05,2878,13292,-29,
2026-08-21 09:51:13,24243.8,2026-08-25,24750.0,CE,3.05,3.0,3.05,95693,44511,12806,9.92
2026-08-21 09:51:13,24243.8,2026-08-25,24750.0,PE,468.35,463.85,465.75,255,1502,26,
2026-08-21 09:52:13,24249.4,2026-08-25,23750.0,CE,536.65,538.1,540.05,110,741,-9,15.44
2026-08-21 09:52:13,24249.4,2026-08-25,23750.0,PE,4.35,4.35,4.4,126196,39569,4716,11.63
2026-08-21 09:52:13,24249.4,2026-08-25,23800.0,CE,490.85,488.65,490.45,2694,9773,181,15.05
2026-08-21 09:52:13,24249.4,2026-08-25,23800.0,PE,5.15,5.15,5.2,219740,128475,4083,11.05
2026-08-21 09:52:13,24249.4,2026-08-25,23850.0,CE,442.4,440.3,441.7,527,1210,75,13.99
2026-08-21 09:52:13,24249.4,2026-08-25,23850.0,PE,6.3,6.25,6.3,143808,65120,6933,10.48
2026-08-21 09:52:13,24249.4,2026-08-25,23900.0,CE,392.25,392.4,393.5,4671,5423,693,12.94
2026-08-21 09:52:13,24249.4,2026-08-25,23900.0,PE,8.1,8.1,8.15,220329,118654,15023,10.04
2026-08-21 09:52:13,24249.4,2026-08-25,23950.0,CE,345.95,344.6,345.55,3665,3817,568,12.29
2026-08-21 09:52:13,24249.4,2026-08-25,23950.0,PE,10.8,10.75,10.8,163387,47797,-812,9.66
2026-08-21 09:52:13,24249.4,2026-08-25,24000.0,CE,299.7,299.4,299.7,47568,97929,3529,11.54
2026-08-21 09:52:13,24249.4,2026-08-25,24000.0,PE,14.65,14.7,14.75,444502,276341,24835,9.36
2026-08-21 09:52:13,24249.4,2026-08-25,24050.0,CE,255.05,254.25,254.9,16948,10833,1390,10.95
2026-08-21 09:52:13,24249.4,2026-08-25,24050.0,PE,20.0,19.95,20.0,225055,70804,22242,9.0
2026-08-21 09:52:13,24249.4,2026-08-25,24100.0,CE,212.25,212.0,212.1,102646,58382,11340,10.36
2026-08-21 09:52:13,24249.4,2026-08-25,24100.0,PE,27.65,27.65,27.7,406568,148410,31142,8.71
2026-08-21 09:52:13,24249.4,2026-08-25,24150.0,CE,173.3,172.85,173.25,119676,35927,16661,9.92
2026-08-21 09:52:13,24249.4,2026-08-25,24150.0,PE,37.95,37.85,37.95,361677,105884,34314,8.44
2026-08-21 09:52:13,24249.4,2026-08-25,24200.0,CE,137.0,137.0,137.05,625872,231461,102098,9.64
2026-08-21 09:52:13,24249.4,2026-08-25,24200.0,PE,52.1,52.05,52.15,1132897,324532,120086,8.21
2026-08-21 09:52:13,24249.4,2026-08-25,24250.0,CE,105.05,104.9,105.05,685024,168771,104608,9.3
2026-08-21 09:52:13,24249.4,2026-08-25,24250.0,PE,70.35,70.3,70.45,906766,169028,92451,7.98
2026-08-21 09:52:13,24249.4,2026-08-25,24300.0,CE,78.35,78.1,78.35,856794,302811,152259,9.04
2026-08-21 09:52:13,24249.4,2026-08-25,24300.0,PE,93.35,93.1,93.35,832845,197427,82392,7.71
2026-08-21 09:52:13,24249.4,2026-08-25,24350.0,CE,55.95,55.85,56.0,341260,108118,61125,8.8
2026-08-21 09:52:13,24249.4,2026-08-25,24350.0,PE,121.5,121.15,121.45,276386,59162,28482,7.53
2026-08-21 09:52:13,24249.4,2026-08-25,24400.0,CE,38.45,38.4,38.5,412224,194260,67788,8.68
2026-08-21 09:52:13,24249.4,2026-08-25,24400.0,PE,154.25,153.9,154.25,248314,72030,23409,7.18
2026-08-21 09:52:13,24249.4,2026-08-25,24450.0,CE,25.75,25.7,25.8,205893,80776,38777,8.61
2026-08-21 09:52:13,24249.4,2026-08-25,24450.0,PE,191.5,191.55,192.0,58857,16462,7744,6.71
2026-08-21 09:52:13,24249.4,2026-08-25,24500.0,CE,16.9,16.9,16.95,378970,241183,48650,8.58
2026-08-21 09:52:13,24249.4,2026-08-25,24500.0,PE,232.5,231.9,232.5,74509,65235,3650,5.97
2026-08-21 09:52:13,24249.4,2026-08-25,24550.0,CE,11.0,11.0,11.05,183253,65732,19145,8.65
2026-08-21 09:52:13,24249.4,2026-08-25,24550.0,PE,276.0,276.45,277.2,7881,4010,1077,
2026-08-21 09:52:13,24249.4,2026-08-25,24600.0,CE,7.2,7.2,7.25,220708,154694,28053,8.79
2026-08-21 09:52:13,24249.4,2026-08-25,24600.0,PE,321.5,322.35,322.7,12269,15896,1285,
2026-08-21 09:52:13,24249.4,2026-08-25,24650.0,CE,5.15,5.1,5.15,112749,52664,8158,9.1
2026-08-21 09:52:13,24249.4,2026-08-25,24650.0,PE,369.25,369.65,370.65,2398,3090,292,
2026-08-21 09:52:13,24249.4,2026-08-25,24700.0,CE,3.85,3.8,3.85,153627,121666,5416,9.46
2026-08-21 09:52:13,24249.4,2026-08-25,24700.0,PE,417.1,417.8,418.85,2929,13292,-29,
2026-08-21 09:52:13,24249.4,2026-08-25,24750.0,CE,3.05,3.0,3.05,96070,44511,12806,9.95
2026-08-21 09:52:13,24249.4,2026-08-25,24750.0,PE,463.5,466.9,468.55,261,1501,25,
2026-08-21 09:53:14,24248.75,2026-08-25,23750.0,CE,536.65,537.05,539.5,110,741,-9,15.6
2026-08-21 09:53:14,24248.75,2026-08-25,23750.0,PE,4.4,4.4,4.45,126410,39569,4716,11.59
2026-08-21 09:53:14,24248.75,2026-08-25,23800.0,CE,490.85,488.4,489.0,2694,9773,181,16.34
2026-08-21 09:53:14,24248.75,2026-08-25,23800.0,PE,5.2,5.15,5.2,220309,128475,4083,10.97
2026-08-21 09:53:14,24248.75,2026-08-25,23850.0,CE,440.0,439.25,440.75,528,1210,75,14.97
2026-08-21 09:53:14,24248.75,2026-08-25,23850.0,PE,6.3,6.25,6.3,144244,65120,6933,10.41
2026-08-21 09:53:14,24248.75,2026-08-25,23900.0,CE,392.0,391.4,392.6,4672,5423,693,14.06
2026-08-21 09:53:14,24248.75,2026-08-25,23900.0,PE,8.15,8.1,8.15,220858,118654,15023,9.97
2026-08-21 09:53:14,24248.75,2026-08-25,23950.0,CE,344.0,344.2,345.25,3675,3817,568,13.22
2026-08-21 09:53:14,24248.75,2026-08-25,23950.0,PE,10.8,10.8,10.85,163701,47797,-812,9.59
2026-08-21 09:53:14,24248.75,2026-08-25,24000.0,CE,298.0,298.0,298.5,47803,97929,3529,12.44
2026-08-21 09:53:14,24248.75,2026-08-25,24000.0,PE,14.8,14.75,14.8,445541,276341,24835,9.23
2026-08-21 09:53:14,24248.75,2026-08-25,24050.0,CE,253.7,253.55,254.2,16963,10833,1390,11.61
2026-08-21 09:53:14,24248.75,2026-08-25,24050.0,PE,20.1,20.0,20.1,225511,70804,22242,8.85
2026-08-21 09:53:14,24248.75,2026-08-25,24100.0,CE,211.5,211.45,211.9,103006,58382,11340,11.07
2026-08-21 09:53:14,24248.75,2026-08-25,24100.0,PE,27.7,27.6,27.7,407339,148410,31142,8.54
2026-08-21 09:53:14,24248.75,2026-08-25,24150.0,CE,172.05,172.35,172.7,120079,35927,16661,10.5
2026-08-21 09:53:14,24248.75,2026-08-25,24150.0,PE,38.25,38.05,38.15,362763,105884,34314,8.25
2026-08-21 09:53:14,24248.75,2026-08-25,24200.0,CE,137.0,136.6,136.95,629448,231461,102098,10.06
2026-08-21 09:53:14,24248.75,2026-08-25,24200.0,PE,52.15,52.1,52.2,1135648,324532,120086,7.95
2026-08-21 09:53:14,24248.75,2026-08-25,24250.0,CE,104.65,104.65,104.95,687525,168771,104608,9.68
2026-08-21 09:53:14,24248.75,2026-08-25,24250.0,PE,70.65,70.45,70.65,909286,169028,92451,7.68
2026-08-21 09:53:14,24248.75,2026-08-25,24300.0,CE,78.05,78.0,78.1,860256,302811,152259,9.35
2026-08-21 09:53:14,24248.75,2026-08-25,24300.0,PE,93.4,93.4,93.6,835903,197427,82392,7.39
2026-08-21 09:53:14,24248.75,2026-08-25,24350.0,CE,55.75,55.6,55.7,343305,108118,61125,9.09
2026-08-21 09:53:14,24248.75,2026-08-25,24350.0,PE,122.0,121.7,122.0,277165,59162,28482,7.05
2026-08-21 09:53:14,24248.75,2026-08-25,24400.0,CE,38.3,38.25,38.35,413846,194260,67788,8.9
2026-08-21 09:53:14,24248.75,2026-08-25,24400.0,PE,154.75,154.5,154.8,249258,72030,23409,6.58
2026-08-21 09:53:14,24248.75,2026-08-25,24450.0,CE,25.6,25.6,25.7,206560,80776,38777,8.78
2026-08-21 09:53:14,24248.75,2026-08-25,24450.0,PE,191.75,191.7,192.25,59014,16462,7744,5.76
2026-08-21 09:53:14,24248.75,2026-08-25,24500.0,CE,16.95,16.9,17.0,380109,241183,48650,8.76
2026-08-21 09:53:14,24248.75,2026-08-25,24500.0,PE,233.0,233.0,233.25,74731,65235,3650,
2026-08-21 09:53:14,24248.75,2026-08-25,24550.0,CE,10.95,11.0,11.05,183813,65732,19145,8.79
2026-08-21 09:53:14,24248.75,2026-08-25,24550.0,PE,278.05,276.95,277.65,7905,4010,1077,
2026-08-21 09:53:14,24248.75,2026-08-25,24600.0,CE,7.15,7.15,7.2,221132,154694,28053,8.89
2026-08-21 09:53:14,24248.75,2026-08-25,24600.0,PE,323.25,323.25,323.8,12286,15896,1285,
2026-08-21 09:53:14,24248.75,2026-08-25,24650.0,CE,5.15,5.15,5.2,113041,52664,8158,9.19
2026-08-21 09:53:14,24248.75,2026-08-25,24650.0,PE,371.85,370.0,371.15,2399,3090,292,
2026-08-21 09:53:14,24248.75,2026-08-25,24700.0,CE,3.85,3.8,3.85,153937,121666,5416,9.52
2026-08-21 09:53:14,24248.75,2026-08-25,24700.0,PE,419.85,418.4,419.5,2945,13292,-29,
2026-08-21 09:53:14,24248.75,2026-08-25,24750.0,CE,3.05,3.0,3.05,96103,44511,12806,9.99
2026-08-21 09:53:14,24248.75,2026-08-25,24750.0,PE,463.5,467.95,469.75,261,1501,25,
2026-08-21 09:54:14,24250.85,2026-08-25,23750.0,CE,536.65,543.15,545.6,110,742,-8,15.6
2026-08-21 09:54:14,24250.85,2026-08-25,23750.0,PE,4.3,4.3,4.35,127228,39125,4272,11.64
2026-08-21 09:54:14,24250.85,2026-08-25,23800.0,CE,494.2,494.65,496.2,2723,9760,168,15.38
2026-08-21 09:54:14,24250.85,2026-08-25,23800.0,PE,5.05,5.05,5.1,222895,128845,4453,11.06
2026-08-21 09:54:14,24250.85,2026-08-25,23850.0,CE,444.5,445.2,447.1,538,1204,69,14.0
2026-08-21 09:54:14,24250.85,2026-08-25,23850.0,PE,6.1,6.05,6.1,145131,65625,7438,10.5
2026-08-21 09:54:14,24250.85,2026-08-25,23900.0,CE,397.15,397.55,398.6,4721,5424,694,13.16
2026-08-21 09:54:14,24250.85,2026-08-25,23900.0,PE,7.8,7.8,7.85,222350,118489,14858,10.07
2026-08-21 09:54:14,24250.85,2026-08-25,23950.0,CE,349.95,350.3,351.0,3754,3814,565,12.24
2026-08-21 09:54:14,24250.85,2026-08-25,23950.0,PE,10.35,10.35,10.4,164776,47801,-808,9.67
2026-08-21 09:54:14,24250.85,2026-08-25,24000.0,CE,304.95,304.15,304.9,48577,98069,3669,11.56
2026-08-21 09:54:14,24250.85,2026-08-25,24000.0,PE,14.2,14.1,14.2,450867,275797,24291,9.35
2026-08-21 09:54:14,24250.85,2026-08-25,24050.0,CE,260.0,259.65,260.2,17137,10857,1414,10.96
2026-08-21 09:54:14,24250.85,2026-08-25,24050.0,PE,19.15,19.15,19.2,227803,71477,22915,9.0
2026-08-21 09:54:14,24250.85,2026-08-25,24100.0,CE,217.35,216.85,217.35,104698,58282,11240,10.43
2026-08-21 09:54:14,24250.85,2026-08-25,24100.0,PE,26.55,26.45,26.55,412163,148742,31474,8.7
2026-08-21 09:54:14,24250.85,2026-08-25,24150.0,CE,177.4,176.95,177.4,122029,36036,16770,9.97
2026-08-21 09:54:14,24250.85,2026-08-25,24150.0,PE,36.6,36.45,36.6,367297,107084,35514,8.44
2026-08-21 09:54:14,24250.85,2026-08-25,24200.0,CE,140.95,140.95,141.25,641430,228336,98973,9.68
2026-08-21 09:54:14,24250.85,2026-08-25,24200.0,PE,50.05,50.05,50.15,1149175,328877,124431,8.17
2026-08-21 09:54:14,24250.85,2026-08-25,24250.0,CE,108.5,108.5,108.75,700150,170015,105852,9.3
2026-08-21 09:54:14,24250.85,2026-08-25,24250.0,PE,67.85,67.7,67.85,920917,173140,96563,7.95
2026-08-21 09:54:14,24250.85,2026-08-25,24300.0,CE,81.0,80.8,81.0,873438,302379,151827,9.09
2026-08-21 09:54:14,24250.85,2026-08-25,24300.0,PE,90.1,90.15,90.35,846448,199679,84644,7.67
2026-08-21 09:54:14,24250.85,2026-08-25,24350.0,CE,58.05,58.05,58.25,351099,106177,59184,8.87
2026-08-21 09:54:14,24250.85,2026-08-25,24350.0,PE,118.05,118.0,118.1,281056,61975,31295,7.46
2026-08-21 09:54:14,24250.85,2026-08-25,24400.0,CE,40.4,40.4,40.5,419962,192669,66197,8.7
2026-08-21 09:54:14,24250.85,2026-08-25,24400.0,PE,149.9,149.45,149.9,252482,72480,23859,7.12
2026-08-21 09:54:14,24250.85,2026-08-25,24450.0,CE,27.0,26.9,27.0,210102,80711,38712,8.62
2026-08-21 09:54:14,24250.85,2026-08-25,24450.0,PE,186.65,186.55,187.05,59699,16612,7894,6.6
2026-08-21 09:54:14,24250.85,2026-08-25,24500.0,CE,17.85,17.8,17.85,385550,240615,48082,8.64
2026-08-21 09:54:14,24250.85,2026-08-25,24500.0,PE,228.0,227.3,227.9,75884,65797,4212,5.73
2026-08-21 09:54:14,24250.85,2026-08-25,24550.0,CE,11.65,11.6,11.65,186469,66152,19565,8.68
2026-08-21 09:54:14,24250.85,2026-08-25,24550.0,PE,271.75,271.1,271.8,7998,4058,1125,
2026-08-21 09:54:14,24250.85,2026-08-25,24600.0,CE,7.6,7.55,7.6,223853,155029,28388,8.8
2026-08-21 09:54:14,24250.85,2026-08-25,24600.0,PE,316.8,316.95,317.75,12495,15842,1231,
2026-08-21 09:54:14,24250.85,2026-08-25,24650.0,CE,5.4,5.4,5.45,114142,52510,8004,9.14
2026-08-21 09:54:14,24250.85,2026-08-25,24650.0,PE,364.75,363.75,364.8,2415,3085,287,
2026-08-21 09:54:14,24250.85,2026-08-25,24700.0,CE,3.95,3.9,3.95,154843,121399,5149,9.52
2026-08-21 09:54:14,24250.85,2026-08-25,24700.0,PE,413.7,412.75,413.4,2980,13307,-14,
2026-08-21 09:54:14,24250.85,2026-08-25,24750.0,CE,3.1,3.05,3.1,96542,44723,13018,9.99
2026-08-21 09:54:14,24250.85,2026-08-25,24750.0,PE,465.4,461.55,463.4,268,1501,25,
2026-08-21 09:55:14,24254.75,2026-08-25,23750.0,CE,542.35,538.75,540.45,131,735,-15,15.6
2026-08-21 09:55:14,24254.75,2026-08-25,23750.0,PE,4.35,4.35,4.4,129698,39552,4699,11.64
2026-08-21 09:55:14,24254.75,2026-08-25,23800.0,CE,489.3,489.5,491.15,2743,9761,169,14.98
2026-08-21 09:55:14,24254.75,2026-08-25,23800.0,PE,5.15,5.1,5.15,225621,129351,4959,11.04
2026-08-21 09:55:14,24254.75,2026-08-25,23850.0,CE,442.85,440.8,442.55,553,1197,62,14.0
2026-08-21 09:55:14,24254.75,2026-08-25,23850.0,PE,6.2,6.2,6.25,146527,64992,6805,10.5
2026-08-21 09:55:14,24254.75,2026-08-25,23900.0,CE,394.25,393.2,394.4,4790,5423,693,13.4
2026-08-21 09:55:14,24254.75,2026-08-25,23900.0,PE,8.0,8.0,8.05,223863,118432,14801,10.05
2026-08-21 09:55:14,24254.75,2026-08-25,23950.0,CE,345.0,345.75,346.85,3765,3816,567,12.51
2026-08-21 09:55:14,24254.75,2026-08-25,23950.0,PE,10.65,10.65,10.7,166033,47901,-708,9.66
2026-08-21 09:55:14,24254.75,2026-08-25,24000.0,CE,300.05,300.0,300.7,49815,97988,3588,11.77
2026-08-21 09:55:14,24254.75,2026-08-25,24000.0,PE,14.6,14.55,14.6,456719,275168,23662,9.34
2026-08-21 09:55:14,24254.75,2026-08-25,24050.0,CE,255.35,254.8,255.4,17399,11000,1557,11.15
2026-08-21 09:55:14,24254.75,2026-08-25,24050.0,PE,19.85,19.85,19.9,230053,71893,23331,8.97
2026-08-21 09:55:14,24254.75,2026-08-25,24100.0,CE,213.4,212.9,213.35,107388,58489,11447,10.52
2026-08-21 09:55:14,24254.75,2026-08-25,24100.0,PE,27.4,27.35,27.4,417353,149184,31916,8.68
2026-08-21 09:55:14,24254.75,2026-08-25,24150.0,CE,173.45,173.45,173.85,125764,36071,16805,10.1
2026-08-21 09:55:14,24254.75,2026-08-25,24150.0,PE,37.65,37.65,37.8,372053,107351,35781,8.39
2026-08-21 09:55:14,24254.75,2026-08-25,24200.0,CE,138.15,137.85,138.2,660070,229386,100023,9.76
2026-08-21 09:55:14,24254.75,2026-08-25,24200.0,PE,51.75,51.7,51.75,1165923,330339,125893,8.15
2026-08-21 09:55:14,24254.75,2026-08-25,24250.0,CE,105.55,105.65,105.9,718393,169900,105737,9.4
2026-08-21 09:55:14,24254.75,2026-08-25,24250.0,PE,69.85,69.75,69.85,933742,174232,97655,7.89
2026-08-21 09:55:14,24254.75,2026-08-25,24300.0,CE,78.8,78.6,78.7,893372,301979,151427,9.11
2026-08-21 09:55:14,24254.75,2026-08-25,24300.0,PE,92.55,92.45,92.7,858010,199779,84744,7.67
2026-08-21 09:55:14,24254.75,2026-08-25,24350.0,CE,56.45,56.35,56.5,360051,106007,59014,8.9
2026-08-21 09:55:14,24254.75,2026-08-25,24350.0,PE,120.7,120.3,120.65,284961,62564,31884,7.41
2026-08-21 09:55:14,24254.75,2026-08-25,24400.0,CE,38.65,38.65,38.75,429287,193045,66573,8.75
2026-08-21 09:55:14,24254.75,2026-08-25,24400.0,PE,153.9,153.4,153.65,256081,72715,24094,7.04
2026-08-21 09:55:14,24254.75,2026-08-25,24450.0,CE,26.0,25.9,26.0,215868,81121,39122,8.66
2026-08-21 09:55:14,24254.75,2026-08-25,24450.0,PE,191.2,190.4,190.85,60423,16596,7878,6.54
2026-08-21 09:55:14,24254.75,2026-08-25,24500.0,CE,17.15,17.1,17.15,393272,240702,48169,8.64
2026-08-21 09:55:14,24254.75,2026-08-25,24500.0,PE,231.7,231.3,231.9,76924,65703,4118,5.36
2026-08-21 09:55:14,24254.75,2026-08-25,24550.0,CE,11.1,11.1,11.15,192522,65076,18489,8.71
2026-08-21 09:55:14,24254.75,2026-08-25,24550.0,PE,276.7,275.15,275.85,8090,4089,1156,
2026-08-21 09:55:14,24254.75,2026-08-25,24600.0,CE,7.25,7.25,7.3,226381,155134,28493,8.82
2026-08-21 09:55:14,24254.75,2026-08-25,24600.0,PE,322.6,321.15,322.0,12773,15853,1242,
2026-08-21 09:55:14,24254.75,2026-08-25,24650.0,CE,5.25,5.25,5.3,115108,52590,8084,9.14
2026-08-21 09:55:14,24254.75,2026-08-25,24650.0,PE,364.15,368.45,369.6,2425,3089,291,
2026-08-21 09:55:14,24254.75,2026-08-25,24700.0,CE,3.9,3.85,3.9,156440,121956,5706,9.5
2026-08-21 09:55:14,24254.75,2026-08-25,24700.0,PE,417.0,417.8,419.1,3029,13314,-7,
2026-08-21 09:55:14,24254.75,2026-08-25,24750.0,CE,3.1,3.05,3.1,97533,45489,13784,9.99
2026-08-21 09:55:14,24254.75,2026-08-25,24750.0,PE,464.4,465.85,468.2,273,1501,25,
2026-08-21 09:56:14,24251.0,2026-08-25,23750.0,CE,542.35,542.5,544.65,131,735,-15,14.06
2026-08-21 09:56:14,24251.0,2026-08-25,23750.0,PE,4.4,4.4,4.45,130652,39681,4828,11.73
2026-08-21 09:56:14,24251.0,2026-08-25,23800.0,CE,494.8,493.55,494.7,2748,9761,169,14.55
2026-08-21 09:56:14,24251.0,2026-08-25,23800.0,PE,5.2,5.15,5.2,228096,129204,4812,11.13
2026-08-21 09:56:14,24251.0,2026-08-25,23850.0,CE,445.05,444.9,446.35,560,1197,62,14.04
2026-08-21 09:56:14,24251.0,2026-08-25,23850.0,PE,6.25,6.15,6.25,148425,63819,5632,10.59
2026-08-21 09:56:14,24251.0,2026-08-25,23900.0,CE,398.4,397.05,398.1,4814,5392,662,13.25
2026-08-21 09:56:14,24251.0,2026-08-25,23900.0,PE,7.95,7.95,8.0,224828,119167,15536,10.12
2026-08-21 09:56:14,24251.0,2026-08-25,23950.0,CE,349.65,349.75,350.8,3776,3805,556,12.25
2026-08-21 09:56:14,24251.0,2026-08-25,23950.0,PE,10.5,10.45,10.5,166443,47736,-873,9.74
2026-08-21 09:56:14,24251.0,2026-08-25,24000.0,CE,304.1,303.85,304.5,50024,97904,3504,11.55
2026-08-21 09:56:14,24251.0,2026-08-25,24000.0,PE,14.25,14.25,14.35,458803,275265,23759,9.41
2026-08-21 09:56:14,24251.0,2026-08-25,24050.0,CE,259.2,258.7,259.3,17691,10924,1481,11.01
2026-08-21 09:56:14,24251.0,2026-08-25,24050.0,PE,19.25,19.25,19.35,231215,72433,23871,9.05
2026-08-21 09:56:14,24251.0,2026-08-25,24100.0,CE,216.75,216.05,216.6,108238,57913,10871,10.45
2026-08-21 09:56:14,24251.0,2026-08-25,24100.0,PE,26.6,26.6,26.65,419458,149624,32356,8.75
2026-08-21 09:56:14,24251.0,2026-08-25,24150.0,CE,176.9,176.9,177.15,127421,35250,15984,10.02
2026-08-21 09:56:14,24251.0,2026-08-25,24150.0,PE,36.5,36.5,36.6,374990,108757,37187,8.48
2026-08-21 09:56:14,24251.0,2026-08-25,24200.0,CE,141.0,140.65,141.0,666724,227590,98227,9.63
2026-08-21 09:56:14,24251.0,2026-08-25,24200.0,PE,50.05,50.1,50.2,1174538,333306,128860,8.24
2026-08-21 09:56:14,24251.0,2026-08-25,24250.0,CE,108.15,108.0,108.2,725166,166439,102276,9.32
2026-08-21 09:56:14,24251.0,2026-08-25,24250.0,PE,68.2,68.05,68.2,939693,175119,98542,8.0
2026-08-21 09:56:14,24251.0,2026-08-25,24300.0,CE,80.5,80.45,80.65,900378,298507,147955,9.06
2026-08-21 09:56:14,24251.0,2026-08-25,24300.0,PE,90.45,90.2,90.45,863359,202258,87223,7.77
2026-08-21 09:56:14,24251.0,2026-08-25,24350.0,CE,57.7,57.7,57.85,363992,106052,59059,8.87
2026-08-21 09:56:14,24251.0,2026-08-25,24350.0,PE,118.2,117.95,118.25,286595,62943,32263,7.51
2026-08-21 09:56:14,24251.0,2026-08-25,24400.0,CE,39.9,39.8,39.95,432620,192123,65651,8.68
2026-08-21 09:56:14,24251.0,2026-08-25,24400.0,PE,150.5,150.15,150.5,257823,72330,23709,7.21
2026-08-21 09:56:14,24251.0,2026-08-25,24450.0,CE,26.65,26.65,26.7,217861,80896,38897,8.62
2026-08-21 09:56:14,24251.0,2026-08-25,24450.0,PE,186.9,187.05,187.5,60685,16755,8037,6.7
2026-08-21 09:56:14,24251.0,2026-08-25,24500.0,CE,17.65,17.6,17.65,397775,241488,48955,8.62
2026-08-21 09:56:14,24251.0,2026-08-25,24500.0,PE,227.95,227.35,227.85,77233,65629,4044,6.13
2026-08-21 09:56:14,24251.0,2026-08-25,24550.0,CE,11.45,11.45,11.5,193899,65199,18612,8.66
2026-08-21 09:56:14,24251.0,2026-08-25,24550.0,PE,271.15,271.25,271.85,8111,4089,1156,4.21
2026-08-21 09:56:14,24251.0,2026-08-25,24600.0,CE,7.45,7.4,7.45,227824,155445,28804,8.78
2026-08-21 09:56:14,24251.0,2026-08-25,24600.0,PE,317.1,317.35,318.35,12972,15786,1175,
2026-08-21 09:56:14,24251.0,2026-08-25,24650.0,CE,5.3,5.25,5.3,116209,52666,8160,9.09
2026-08-21 09:56:14,24251.0,2026-08-25,24650.0,PE,365.25,364.35,365.45,2434,3089,291,
2026-08-21 09:56:14,24251.0,2026-08-25,24700.0,CE,3.85,3.85,3.9,157861,122618,6368,9.43
2026-08-21 09:56:14,24251.0,2026-08-25,24700.0,PE,413.15,413.0,414.5,3031,13304,-17,
2026-08-21 09:56:14,24251.0,2026-08-25,24750.0,CE,3.0,3.0,3.05,101537,44907,13202,9.91
2026-08-21 09:56:14,24251.0,2026-08-25,24750.0,PE,465.0,462.0,463.9,279,1509,33,
2026-08-21 09:57:14,24245.1,2026-08-25,23750.0,CE,546.65,547.1,549.4,134,732,-18,15.61
2026-08-21 09:57:14,24245.1,2026-08-25,23750.0,PE,4.45,4.4,4.45,132014,39675,4822,11.75
2026-08-21 09:57:14,24245.1,2026-08-25,23800.0,CE,499.0,497.45,498.8,2773,9740,148,15.02
2026-08-21 09:57:14,24245.1,2026-08-25,23800.0,PE,5.15,5.1,5.15,229394,129038,4646,11.18
2026-08-21 09:57:14,24245.1,2026-08-25,23850.0,CE,445.05,449.4,450.95,560,1194,59,13.9
2026-08-21 09:57:14,24245.1,2026-08-25,23850.0,PE,6.2,6.15,6.2,149868,62582,4395,10.61
2026-08-21 09:57:14,24245.1,2026-08-25,23900.0,CE,400.7,400.6,401.5,4880,5372,642,13.34
2026-08-21 09:57:14,24245.1,2026-08-25,23900.0,PE,7.8,7.85,7.9,226728,118307,14676,10.14
2026-08-21 09:57:14,24245.1,2026-08-25,23950.0,CE,354.95,353.4,354.45,3804,3809,560,12.3
2026-08-21 09:57:14,24245.1,2026-08-25,23950.0,PE,10.35,10.35,10.4,167690,51208,2599,9.74
2026-08-21 09:57:14,24245.1,2026-08-25,24000.0,CE,307.55,307.1,307.8,50858,97997,3597,11.7
2026-08-21 09:57:14,24245.1,2026-08-25,24000.0,PE,14.0,14.0,14.05,463197,275829,24323,9.39
2026-08-21 09:57:14,24245.1,2026-08-25,24050.0,CE,262.3,262.7,263.35,18221,10924,1481,11.03
2026-08-21 09:57:14,24245.1,2026-08-25,24050.0,PE,18.8,18.8,18.85,232971,72748,24186,9.02
2026-08-21 09:57:14,24245.1,2026-08-25,24100.0,CE,219.85,219.75,220.25,110434,57627,10585,10.5
2026-08-21 09:57:14,24245.1,2026-08-25,24100.0,PE,25.95,25.85,25.95,423051,150003,32735,8.73
2026-08-21 09:57:14,24245.1,2026-08-25,24150.0,CE,180.0,179.55,180.0,130728,34937,15671,10.03
2026-08-21 09:57:14,24245.1,2026-08-25,24150.0,PE,35.75,35.65,35.75,379697,109803,38233,8.44
2026-08-21 09:57:14,24245.1,2026-08-25,24200.0,CE,143.35,143.35,143.75,683825,225127,95764,9.69
2026-08-21 09:57:14,24245.1,2026-08-25,24200.0,PE,48.85,48.8,48.85,1185399,332799,128353,8.18
2026-08-21 09:57:14,24245.1,2026-08-25,24250.0,CE,110.6,110.25,110.55,739215,164021,99858,9.31
2026-08-21 09:57:14,24245.1,2026-08-25,24250.0,PE,66.2,66.25,66.4,950756,178426,101849,7.98
2026-08-21 09:57:14,24245.1,2026-08-25,24300.0,CE,82.4,82.15,82.4,917291,295665,145113,9.05
2026-08-21 09:57:14,24245.1,2026-08-25,24300.0,PE,88.45,88.25,88.45,875964,204628,89593,7.72
2026-08-21 09:57:14,24245.1,2026-08-25,24350.0,CE,59.25,59.1,59.3,373203,106210,59217,8.84
2026-08-21 09:57:14,24245.1,2026-08-25,24350.0,PE,115.45,115.45,115.7,291047,64051,33371,7.49
2026-08-21 09:57:14,24245.1,2026-08-25,24400.0,CE,41.1,41.0,41.1,439913,190158,63686,8.68
2026-08-21 09:57:14,24245.1,2026-08-25,24400.0,PE,147.05,146.8,147.2,261140,72740,24119,7.18
2026-08-21 09:57:14,24245.1,2026-08-25,24450.0,CE,27.5,27.4,27.45,220122,80565,38566,8.58
2026-08-21 09:57:14,24245.1,2026-08-25,24450.0,PE,183.35,183.45,183.95,61615,17007,8289,6.68
2026-08-21 09:57:14,24245.1,2026-08-25,24500.0,CE,18.05,18.0,18.05,402048,241531,48998,8.6
2026-08-21 09:57:14,24245.1,2026-08-25,24500.0,PE,224.7,224.25,224.8,78345,65569,3984,5.97
2026-08-21 09:57:14,24245.1,2026-08-25,24550.0,CE,11.7,11.65,11.75,195699,65503,18916,8.64
2026-08-21 09:57:14,24245.1,2026-08-25,24550.0,PE,268.0,267.3,268.05,8248,4043,1110,
2026-08-21 09:57:14,24245.1,2026-08-25,24600.0,CE,7.55,7.55,7.6,229758,155239,28598,8.76
2026-08-21 09:57:14,24245.1,2026-08-25,24600.0,PE,314.05,313.4,314.25,13080,15718,1107,
2026-08-21 09:57:14,24245.1,2026-08-25,24650.0,CE,5.3,5.3,5.35,116707,53049,8543,9.07
2026-08-21 09:57:14,24245.1,2026-08-25,24650.0,PE,360.3,360.55,361.65,2440,3080,282,
2026-08-21 09:57:14,24245.1,2026-08-25,24700.0,CE,3.85,3.85,3.9,159002,122432,6182,9.41
2026-08-21 09:57:14,24245.1,2026-08-25,24700.0,PE,409.9,409.7,410.4,3059,13288,-33,
2026-08-21 09:57:14,24245.1,2026-08-25,24750.0,CE,2.95,2.95,3.0,103104,44281,12576,9.85
2026-08-21 09:57:14,24245.1,2026-08-25,24750.0,PE,460.0,457.8,459.65,280,1511,35,
2026-08-21 09:58:15,24243.4,2026-08-25,23750.0,CE,541.25,540.45,542.4,148,728,-22,17.53
2026-08-21 09:58:15,24243.4,2026-08-25,23750.0,PE,4.45,4.4,4.45,134035,39428,4575,11.65
2026-08-21 09:58:15,24243.4,2026-08-25,23800.0,CE,492.25,492.15,493.75,2896,9740,148,15.78
2026-08-21 09:58:15,24243.4,2026-08-25,23800.0,PE,5.2,5.15,5.2,235747,129420,5028,11.03
2026-08-21 09:58:15,24243.4,2026-08-25,23850.0,CE,443.35,442.65,444.3,585,1190,55,14.84
2026-08-21 09:58:15,24243.4,2026-08-25,23850.0,PE,6.3,6.25,6.3,156918,62621,4434,10.5
2026-08-21 09:58:15,24243.4,2026-08-25,23900.0,CE,395.55,395.45,396.3,5086,5391,661,13.93
2026-08-21 09:58:15,24243.4,2026-08-25,23900.0,PE,8.05,8.0,8.05,239654,118506,14875,10.04
2026-08-21 09:58:15,24243.4,2026-08-25,23950.0,CE,346.7,347.55,348.55,3887,3804,555,13.22
2026-08-21 09:58:15,24243.4,2026-08-25,23950.0,PE,10.55,10.55,10.6,176398,51745,3136,9.61
2026-08-21 09:58:15,24243.4,2026-08-25,24000.0,CE,302.0,301.75,302.0,52968,96572,2172,12.2
2026-08-21 09:58:15,24243.4,2026-08-25,24000.0,PE,14.45,14.4,14.45,476684,276102,24596,9.28
2026-08-21 09:58:15,24243.4,2026-08-25,24050.0,CE,256.7,256.85,257.0,19165,11009,1566,11.48
2026-08-21 09:58:15,24243.4,2026-08-25,24050.0,PE,19.5,19.5,19.55,241546,72122,23560,8.89
2026-08-21 09:58:15,24243.4,2026-08-25,24100.0,CE,215.45,215.35,215.85,117125,56868,9826,10.94
2026-08-21 09:58:15,24243.4,2026-08-25,24100.0,PE,26.75,26.7,26.75,439683,150869,33601,8.55
2026-08-21 09:58:15,24243.4,2026-08-25,24150.0,CE,175.45,175.2,175.5,139171,35468,16202,10.42
2026-08-21 09:58:15,24243.4,2026-08-25,24150.0,PE,36.95,36.95,37.0,395807,110323,38753,8.26
2026-08-21 09:58:15,24243.4,2026-08-25,24200.0,CE,140.05,139.85,140.15,730109,228102,98739,9.99
2026-08-21 09:58:15,24243.4,2026-08-25,24200.0,PE,50.6,50.5,50.6,1231603,335073,130627,7.97
2026-08-21 09:58:15,24243.4,2026-08-25,24250.0,CE,107.15,107.15,107.2,789003,165037,100874,9.58
2026-08-21 09:58:15,24243.4,2026-08-25,24250.0,PE,68.65,68.5,68.65,997231,181973,105396,7.73
2026-08-21 09:58:15,24243.4,2026-08-25,24300.0,CE,79.5,79.5,79.65,977078,298293,147741,9.25
2026-08-21 09:58:15,24243.4,2026-08-25,24300.0,PE,91.15,91.0,91.15,914297,208701,93666,7.42
2026-08-21 09:58:15,24243.4,2026-08-25,24350.0,CE,56.85,56.75,56.85,403446,106214,59221,9.01
2026-08-21 09:58:15,24243.4,2026-08-25,24350.0,PE,119.1,119.1,119.4,304921,65547,34867,7.12
2026-08-21 09:58:15,24243.4,2026-08-25,24400.0,CE,39.1,39.1,39.25,464540,190842,64370,8.82
2026-08-21 09:58:15,24243.4,2026-08-25,24400.0,PE,151.55,151.55,151.95,274166,73285,24664,6.63
2026-08-21 09:58:15,24243.4,2026-08-25,24450.0,CE,26.4,26.3,26.4,232538,80839,38840,8.72
2026-08-21 09:58:15,24243.4,2026-08-25,24450.0,PE,187.55,187.6,188.15,64432,17255,8537,5.84
2026-08-21 09:58:15,24243.4,2026-08-25,24500.0,CE,17.25,17.25,17.3,420763,241357,48824,8.7
2026-08-21 09:58:15,24243.4,2026-08-25,24500.0,PE,229.25,229.0,229.5,81486,65478,3893,
2026-08-21 09:58:15,24243.4,2026-08-25,24550.0,CE,11.2,11.2,11.25,202814,65971,19384,8.73
2026-08-21 09:58:15,24243.4,2026-08-25,24550.0,PE,273.8,272.35,273.0,8643,4047,1114,
2026-08-21 09:58:15,24243.4,2026-08-25,24600.0,CE,7.25,7.25,7.3,239023,154845,28204,8.83
2026-08-21 09:58:15,24243.4,2026-08-25,24600.0,PE,318.25,318.55,319.35,13822,15804,1193,
2026-08-21 09:58:15,24243.4,2026-08-25,24650.0,CE,5.15,5.1,5.15,120669,53591,9085,9.14
2026-08-21 09:58:15,24243.4,2026-08-25,24650.0,PE,368.3,366.75,367.85,2483,3083,285,
2026-08-21 09:58:15,24243.4,2026-08-25,24700.0,CE,3.75,3.7,3.75,162478,122455,6205,9.47
2026-08-21 09:58:15,24243.4,2026-08-25,24700.0,PE,416.0,414.85,415.75,3223,13267,-54,
2026-08-21 09:58:15,24243.4,2026-08-25,24750.0,CE,2.95,2.9,2.95,106241,44431,12726,9.92
2026-08-21 09:58:15,24243.4,2026-08-25,24750.0,PE,465.7,462.9,465.1,297,1513,37,
2026-08-21 09:59:15,24247.0,2026-08-25,23750.0,CE,538.85,539.4,541.55,149,728,-22,16.54
2026-08-21 09:59:15,24247.0,2026-08-25,23750.0,PE,4.45,4.4,4.45,134439,39467,4614,11.67
2026-08-21 09:59:15,24247.0,2026-08-25,23800.0,CE,490.2,490.4,491.55,2942,9718,126,15.18
2026-08-21 09:59:15,24247.0,2026-08-25,23800.0,PE,5.2,5.2,5.25,238428,129709,5317,11.05
2026-08-21 09:59:15,24247.0,2026-08-25,23850.0,CE,443.35,441.1,442.75,585,1190,55,14.57
2026-08-21 09:59:15,24247.0,2026-08-25,23850.0,PE,6.35,6.3,6.35,158803,63333,5146,10.53
2026-08-21 09:59:15,24247.0,2026-08-25,23900.0,CE,393.2,393.75,394.65,5131,5390,660,13.62
2026-08-21 09:59:15,24247.0,2026-08-25,23900.0,PE,8.15,8.1,8.15,242221,118344,14713,10.05
2026-08-21 09:59:15,24247.0,2026-08-25,23950.0,CE,346.5,346.25,347.1,3941,3803,554,12.67
2026-08-21 09:59:15,24247.0,2026-08-25,23950.0,PE,10.75,10.7,10.75,177309,51790,3181,9.66
2026-08-21 09:59:15,24247.0,2026-08-25,24000.0,CE,300.8,300.2,300.95,53747,96499,2099,12.01
2026-08-21 09:59:15,24247.0,2026-08-25,24000.0,PE,14.7,14.65,14.7,482069,277673,26167,9.31
2026-08-21 09:59:15,24247.0,2026-08-25,24050.0,CE,255.4,255.5,256.1,19458,11042,1599,11.3
2026-08-21 09:59:15,24247.0,2026-08-25,24050.0,PE,19.8,19.8,19.9,243634,72158,23596,8.96
2026-08-21 09:59:15,24247.0,2026-08-25,24100.0,CE,213.15,213.05,213.6,118652,57108,10066,10.68
2026-08-21 09:59:15,24247.0,2026-08-25,24100.0,PE,27.2,27.2,27.3,443802,151384,34116,8.63
2026-08-21 09:59:15,24247.0,2026-08-25,24150.0,CE,173.75,173.8,174.0,141270,35602,16336,10.22
2026-08-21 09:59:15,24247.0,2026-08-25,24150.0,PE,37.55,37.45,37.55,401042,110988,39418,8.35
2026-08-21 09:59:15,24247.0,2026-08-25,24200.0,CE,138.15,137.85,138.15,741429,227924,98561,9.77
2026-08-21 09:59:15,24247.0,2026-08-25,24200.0,PE,51.4,51.3,51.45,1248189,336826,132380,8.09
2026-08-21 09:59:15,24247.0,2026-08-25,24250.0,CE,105.75,105.7,105.95,802009,165102,100939,9.45
2026-08-21 09:59:15,24247.0,2026-08-25,24250.0,PE,69.3,69.3,69.4,1013865,182189,105612,7.83
2026-08-21 09:59:15,24247.0,2026-08-25,24300.0,CE,78.2,78.3,78.45,992808,298533,147981,9.16
2026-08-21 09:59:15,24247.0,2026-08-25,24300.0,PE,92.0,92.0,92.2,928254,207934,92899,7.54
2026-08-21 09:59:15,24247.0,2026-08-25,24350.0,CE,56.0,55.85,56.0,410487,106317,59324,8.92
2026-08-21 09:59:15,24247.0,2026-08-25,24350.0,PE,120.0,119.8,120.1,310057,65863,35183,7.28
2026-08-21 09:59:15,24247.0,2026-08-25,24400.0,CE,38.4,38.35,38.45,472321,191001,64529,8.77
2026-08-21 09:59:15,24247.0,2026-08-25,24400.0,PE,152.75,152.55,152.75,279052,73344,24723,6.86
2026-08-21 09:59:15,24247.0,2026-08-25,24450.0,CE,25.55,25.45,25.55,235997,80836,38837,8.64
2026-08-21 09:59:15,24247.0,2026-08-25,24450.0,PE,189.65,189.7,189.9,65308,17380,8662,6.34
2026-08-21 09:59:15,24247.0,2026-08-25,24500.0,CE,16.65,16.65,16.7,429861,239648,47115,8.65
2026-08-21 09:59:15,24247.0,2026-08-25,24500.0,PE,230.9,230.25,230.85,82687,65329,3744,4.97
2026-08-21 09:59:15,24247.0,2026-08-25,24550.0,CE,10.8,10.75,10.85,205011,66022,19435,8.69
2026-08-21 09:59:15,24247.0,2026-08-25,24550.0,PE,275.25,274.35,274.55,8728,4013,1080,
2026-08-21 09:59:15,24247.0,2026-08-25,24600.0,CE,7.0,6.95,7.0,244539,154396,27755,8.8
2026-08-21 09:59:15,24247.0,2026-08-25,24600.0,PE,321.75,320.5,321.25,13982,15788,1177,
2026-08-21 09:59:15,24247.0,2026-08-25,24650.0,CE,4.9,4.9,4.95,124341,53843,9337,9.11
2026-08-21 09:59:15,24247.0,2026-08-25,24650.0,PE,368.45,368.0,369.15,2498,3082,284,
2026-08-21 09:59:15,24247.0,2026-08-25,24700.0,CE,3.6,3.6,3.65,164255,122476,6226,9.49
2026-08-21 09:59:15,24247.0,2026-08-25,24700.0,PE,418.8,416.5,417.65,3255,13262,-59,
2026-08-21 09:59:15,24247.0,2026-08-25,24750.0,CE,2.8,2.8,2.85,106993,44256,12551,9.92
2026-08-21 09:59:15,24247.0,2026-08-25,24750.0,PE,465.6,465.55,467.7,299,1513,37,
2026-08-21 10:00:16,24245.85,2026-08-25,23750.0,CE,538.85,543.2,545.55,149,728,-22,16.0
2026-08-21 10:00:16,24245.85,2026-08-25,23750.0,PE,4.45,4.4,4.45,134561,39497,4644,11.67
2026-08-21 10:00:16,24245.85,2026-08-25,23800.0,CE,495.15,494.2,495.65,2951,9719,127,15.13
2026-08-21 10:00:16,24245.85,2026-08-25,23800.0,PE,5.15,5.15,5.2,239256,129864,5472,11.07
2026-08-21 10:00:16,24245.85,2026-08-25,23850.0,CE,443.35,445.3,446.9,585,1190,55,14.57
2026-08-21 10:00:16,24245.85,2026-08-25,23850.0,PE,6.3,6.2,6.3,159639,63529,5342,10.53
2026-08-21 10:00:16,24245.85,2026-08-25,23900.0,CE,398.5,397.35,398.45,5161,5390,660,13.29
2026-08-21 10:00:16,24245.85,2026-08-25,23900.0,PE,8.0,7.95,8.0,245151,117600,13969,10.08
2026-08-21 10:00:16,24245.85,2026-08-25,23950.0,CE,350.0,349.8,350.9,3945,3803,554,12.59
2026-08-21 10:00:16,24245.85,2026-08-25,23950.0,PE,10.55,10.45,10.5,178039,51908,3299,9.67
2026-08-21 10:00:16,24245.85,2026-08-25,24000.0,CE,303.8,303.7,304.45,54208,96606,2206,11.91
2026-08-21 10:00:16,24245.85,2026-08-25,24000.0,PE,14.2,14.2,14.25,485118,275933,24427,9.34
2026-08-21 10:00:16,24245.85,2026-08-25,24050.0,CE,259.45,259.0,259.5,19562,11037,1594,11.13
2026-08-21 10:00:16,24245.85,2026-08-25,24050.0,PE,19.25,19.25,19.35,244911,72514,23952,8.96
2026-08-21 10:00:16,24245.85,2026-08-25,24100.0,CE,217.15,216.35,216.95,119843,57077,10035,10.58
2026-08-21 10:00:16,24245.85,2026-08-25,24100.0,PE,26.5,26.45,26.55,446384,152175,34907,8.65
2026-08-21 10:00:16,24245.85,2026-08-25,24150.0,CE,177.05,177.0,177.4,142575,35750,16484,10.12
2026-08-21 10:00:16,24245.85,2026-08-25,24150.0,PE,36.35,36.3,36.4,404176,111525,39955,8.37
2026-08-21 10:00:16,24245.85,2026-08-25,24200.0,CE,140.55,140.55,140.9,749586,228356,98993,9.76
2026-08-21 10:00:16,24245.85,2026-08-25,24200.0,PE,49.9,49.9,50.05,1260039,338739,134293,8.11
2026-08-21 10:00:16,24245.85,2026-08-25,24250.0,CE,108.15,107.85,108.15,810781,165645,101482,9.38
2026-08-21 10:00:16,24245.85,2026-08-25,24250.0,PE,67.75,67.65,67.75,1024871,182350,105773,7.84
2026-08-21 10:00:16,24245.85,2026-08-25,24300.0,CE,80.45,80.35,80.45,1003338,297088,146536,9.08
2026-08-21 10:00:16,24245.85,2026-08-25,24300.0,PE,89.6,89.6,89.8,937430,209542,94507,7.56
2026-08-21 10:00:16,24245.85,2026-08-25,24350.0,CE,57.4,57.25,57.4,414909,105879,58886,8.88
2026-08-21 10:00:16,24245.85,2026-08-25,24350.0,PE,117.6,117.25,117.45,312851,66345,35665,7.29
2026-08-21 10:00:16,24245.85,2026-08-25,24400.0,CE,39.45,39.3,39.45,476786,190865,64393,8.7
2026-08-21 10:00:16,24245.85,2026-08-25,24400.0,PE,149.85,149.5,149.85,281471,73183,24562,6.92
2026-08-21 10:00:16,24245.85,2026-08-25,24450.0,CE,26.2,26.15,26.25,238218,80761,38762,8.6
2026-08-21 10:00:16,24245.85,2026-08-25,24450.0,PE,186.55,186.2,186.7,65987,17521,8803,6.31
2026-08-21 10:00:16,24245.85,2026-08-25,24500.0,CE,17.15,17.1,17.15,432775,239873,47340,8.57
2026-08-21 10:00:16,24245.85,2026-08-25,24500.0,PE,227.0,226.45,227.0,83604,65351,3766,5.11
2026-08-21 10:00:16,24245.85,2026-08-25,24550.0,CE,11.0,10.95,11.0,206286,66122,19535,8.63
2026-08-21 10:00:16,24245.85,2026-08-25,24550.0,PE,271.0,271.0,271.35,8861,4029,1096,
2026-08-21 10:00:16,24245.85,2026-08-25,24600.0,CE,7.05,7.05,7.1,246633,154934,28293,8.75
2026-08-21 10:00:16,24245.85,2026-08-25,24600.0,PE,317.15,316.8,317.45,14287,15604,993,
2026-08-21 10:00:16,24245.85,2026-08-25,24650.0,CE,4.95,4.9,4.95,125654,54007,9501,9.03
2026-08-21 10:00:16,24245.85,2026-08-25,24650.0,PE,363.35,363.9,364.95,2501,3082,284,
2026-08-21 10:00:16,24245.85,2026-08-25,24700.0,CE,3.55,3.55,3.6,166596,123602,7352,9.4
2026-08-21 10:00:16,24245.85,2026-08-25,24700.0,PE,412.3,412.4,413.9,3295,13262,-59,
2026-08-21 10:00:16,24245.85,2026-08-25,24750.0,CE,2.8,2.75,2.8,107507,44267,12562,9.84
2026-08-21 10:00:16,24245.85,2026-08-25,24750.0,PE,465.6,461.1,463.4,299,1513,37,
2026-08-21 10:01:16,24252.2,2026-08-25,23750.0,CE,538.85,543.55,545.75,149,728,-22,16.0
2026-08-21 10:01:16,24252.2,2026-08-25,23750.0,PE,4.3,4.3,4.35,135257,39497,4644,11.67
2026-08-21 10:01:16,24252.2,2026-08-25,23800.0,CE,494.9,494.4,495.9,2966,9719,127,15.13
2026-08-21 10:01:16,24252.2,2026-08-25,23800.0,PE,5.1,5.05,5.1,240434,129864,5472,11.07
2026-08-21 10:01:16,24252.2,2026-08-25,23850.0,CE,447.45,445.95,447.25,587,1190,55,14.57
2026-08-21 10:01:16,24252.2,2026-08-25,23850.0,PE,6.15,6.1,6.15,160302,63529,5342,10.53
2026-08-21 10:01:16,24252.2,2026-08-25,23900.0,CE,398.4,397.8,398.75,5175,5385,655,13.29
2026-08-21 10:01:16,24252.2,2026-08-25,23900.0,PE,7.8,7.8,7.85,246287,117600,13969,10.08
2026-08-21 10:01:16,24252.2,2026-08-25,23950.0,CE,352.25,350.35,351.35,3947,3804,555,12.59
2026-08-21 10:01:16,24252.2,2026-08-25,23950.0,PE,10.25,10.25,10.3,178828,51908,3299,9.67
2026-08-21 10:01:16,24252.2,2026-08-25,24000.0,CE,304.0,304.05,304.65,54817,96606,2206,11.91
2026-08-21 10:01:16,24252.2,2026-08-25,24000.0,PE,13.95,13.95,14.0,490145,275933,24427,9.34
2026-08-21 10:01:16,24252.2,2026-08-25,24050.0,CE,258.95,259.25,259.7,19671,11037,1594,11.13
2026-08-21 10:01:16,24252.2,2026-08-25,24050.0,PE,18.85,18.85,18.9,246409,72514,23952,8.96
2026-08-21 10:01:16,24252.2,2026-08-25,24100.0,CE,217.0,216.5,217.0,121249,57077,10035,10.58
2026-08-21 10:01:16,24252.2,2026-08-25,24100.0,PE,26.15,26.05,26.15,450321,152175,34907,8.65
2026-08-21 10:01:16,24252.2,2026-08-25,24150.0,CE,176.65,176.75,177.0,144072,35750,16484,10.12
2026-08-21 10:01:16,24252.2,2026-08-25,24150.0,PE,36.0,35.95,36.0,406572,111525,39955,8.37
2026-08-21 10:01:16,24252.2,2026-08-25,24200.0,CE,140.9,140.55,140.9,757342,228356,98993,9.76
2026-08-21 10:01:16,24252.2,2026-08-25,24200.0,PE,49.6,49.45,49.6,1268651,338739,134293,8.11
2026-08-21 10:01:16,24252.2,2026-08-25,24250.0,CE,107.8,107.8,108.05,818452,165645,101482,9.38
2026-08-21 10:01:16,24252.2,2026-08-25,24250.0,PE,67.25,67.1,67.25,1031579,182350,105773,7.84
2026-08-21 10:01:16,24252.2,2026-08-25,24300.0,CE,80.05,80.05,80.25,1012994,297088,146536,9.08
2026-08-21 10:01:16,24252.2,2026-08-25,24300.0,PE,89.45,89.3,89.45,943019,209542,94507,7.56
2026-08-21 10:01:16,24252.2,2026-08-25,24350.0,CE,57.1,57.15,57.25,419216,105879,58886,8.88
2026-08-21 10:01:16,24252.2,2026-08-25,24350.0,PE,117.05,116.85,117.05,315056,66345,35665,7.29
2026-08-21 10:01:16,24252.2,2026-08-25,24400.0,CE,39.5,39.35,39.5,481766,190865,64393,8.7
2026-08-21 10:01:16,24252.2,2026-08-25,24400.0,PE,149.2,148.85,149.15,283008,73183,24562,6.92
2026-08-21 10:01:16,24252.2,2026-08-25,24450.0,CE,26.15,26.15,26.2,240368,80761,38762,8.6
2026-08-21 10:01:16,24252.2,2026-08-25,24450.0,PE,186.2,186.0,186.1,66570,17521,8803,6.31
2026-08-21 10:01:16,24252.2,2026-08-25,24500.0,CE,17.0,17.0,17.05,435994,239873,47340,8.57
2026-08-21 10:01:16,24252.2,2026-08-25,24500.0,PE,226.8,226.25,226.8,84336,65351,3766,5.11
2026-08-21 10:01:16,24252.2,2026-08-25,24550.0,CE,10.95,10.95,11.0,207657,66122,19535,8.63
2026-08-21 10:01:16,24252.2,2026-08-25,24550.0,PE,270.95,270.05,270.8,8928,4029,1096,
2026-08-21 10:01:16,24252.2,2026-08-25,24600.0,CE,7.0,7.0,7.05,248126,154934,28293,8.75
2026-08-21 10:01:16,24252.2,2026-08-25,24600.0,PE,317.05,316.25,317.05,14344,15604,993,
2026-08-21 10:01:16,24252.2,2026-08-25,24650.0,CE,4.9,4.9,4.95,126321,54007,9501,9.03
2026-08-21 10:01:16,24252.2,2026-08-25,24650.0,PE,364.2,363.3,364.4,2508,3079,281,
2026-08-21 10:01:16,24252.2,2026-08-25,24700.0,CE,3.55,3.55,3.6,167394,123602,7352,9.4
2026-08-21 10:01:16,24252.2,2026-08-25,24700.0,PE,412.0,412.05,413.4,3320,13262,-59,
2026-08-21 10:01:16,24252.2,2026-08-25,24750.0,CE,2.8,2.75,2.8,107944,44267,12562,9.84
2026-08-21 10:01:16,24252.2,2026-08-25,24750.0,PE,465.6,461.15,463.45,299,1513,37,
2026-08-21 10:02:16,24244.35,2026-08-25,23750.0,CE,538.85,543.65,545.95,149,728,-22,15.68
2026-08-21 10:02:16,24244.35,2026-08-25,23750.0,PE,4.3,4.3,4.35,136241,39962,5109,11.68
2026-08-21 10:02:16,24244.35,2026-08-25,23800.0,CE,498.4,495.05,496.5,2999,9718,126,15.83
2026-08-21 10:02:16,24244.35,2026-08-25,23800.0,PE,5.05,5.0,5.05,243300,130350,5958,11.05
2026-08-21 10:02:16,24244.35,2026-08-25,23850.0,CE,447.45,445.7,447.2,587,1189,54,15.09
2026-08-21 10:02:16,24244.35,2026-08-25,23850.0,PE,6.05,6.05,6.1,160917,63346,5159,10.49
2026-08-21 10:02:16,24244.35,2026-08-25,23900.0,CE,398.0,398.3,399.25,5202,5389,659,14.16
2026-08-21 10:02:16,24244.35,2026-08-25,23900.0,PE,7.75,7.75,7.8,248576,117219,13588,10.02
2026-08-21 10:02:16,24244.35,2026-08-25,23950.0,CE,351.8,350.6,351.6,3964,3804,555,13.31
2026-08-21 10:02:16,24244.35,2026-08-25,23950.0,PE,10.2,10.2,10.25,180395,52070,3461,9.6
2026-08-21 10:02:16,24244.35,2026-08-25,24000.0,CE,305.5,304.25,304.95,55576,96835,2435,12.4
2026-08-21 10:02:16,24244.35,2026-08-25,24000.0,PE,13.95,13.9,13.95,497072,274106,22600,9.24
2026-08-21 10:02:16,24244.35,2026-08-25,24050.0,CE,260.0,259.2,259.85,19896,11037,1594,11.55
2026-08-21 10:02:16,24244.35,2026-08-25,24050.0,PE,18.95,18.9,18.95,249028,72378,23816,8.86
2026-08-21 10:02:16,24244.35,2026-08-25,24100.0,CE,217.0,216.95,217.4,123915,57223,10181,10.92
2026-08-21 10:02:16,24244.35,2026-08-25,24100.0,PE,25.95,25.9,26.0,455898,153476,36208,8.53
2026-08-21 10:02:16,24244.35,2026-08-25,24150.0,CE,177.05,176.55,177.1,146605,35703,16437,10.44
2026-08-21 10:02:16,24244.35,2026-08-25,24150.0,PE,35.95,35.95,36.0,410850,112435,40865,8.22
2026-08-21 10:02:16,24244.35,2026-08-25,24200.0,CE,141.0,141.0,141.2,772631,228873,99510,9.99
2026-08-21 10:02:16,24244.35,2026-08-25,24200.0,PE,49.3,49.3,49.4,1284089,341323,136877,7.94
2026-08-21 10:02:16,24244.35,2026-08-25,24250.0,CE,108.4,108.1,108.25,835940,166352,102189,9.55
2026-08-21 10:02:16,24244.35,2026-08-25,24250.0,PE,66.95,66.95,67.0,1047645,186457,109880,7.67
2026-08-21 10:02:16,24244.35,2026-08-25,24300.0,CE,80.4,80.15,80.35,1039809,290426,139874,9.23
2026-08-21 10:02:16,24244.35,2026-08-25,24300.0,PE,89.3,89.0,89.25,955380,211442,96407,7.36
2026-08-21 10:02:16,24244.35,2026-08-25,24350.0,CE,57.4,57.25,57.4,426123,106482,59489,8.98
2026-08-21 10:02:16,24244.35,2026-08-25,24350.0,PE,116.8,116.6,116.85,319428,67901,37221,7.03
2026-08-21 10:02:16,24244.35,2026-08-25,24400.0,CE,39.55,39.45,39.5,489849,191053,64581,8.78
2026-08-21 10:02:16,24244.35,2026-08-25,24400.0,PE,148.95,148.65,149.0,286522,74168,25547,6.56
2026-08-21 10:02:16,24244.35,2026-08-25,24450.0,CE,26.35,26.25,26.35,245019,80337,38338,8.65
2026-08-21 10:02:16,24244.35,2026-08-25,24450.0,PE,185.5,185.55,186.0,67616,18006,9288,5.81
2026-08-21 10:02:16,24244.35,2026-08-25,24500.0,CE,17.1,17.05,17.1,442427,241126,48593,8.61
2026-08-21 10:02:16,24244.35,2026-08-25,24500.0,PE,226.75,226.4,226.95,85545,65511,3926,
2026-08-21 10:02:16,24244.35,2026-08-25,24550.0,CE,11.0,11.0,11.05,209916,66806,20219,8.65
2026-08-21 10:02:16,24244.35,2026-08-25,24550.0,PE,269.7,269.95,270.65,9037,4050,1117,
2026-08-21 10:02:16,24244.35,2026-08-25,24600.0,CE,7.1,7.05,7.1,249837,155143,28502,8.74
2026-08-21 10:02:16,24244.35,2026-08-25,24600.0,PE,316.8,315.9,316.75,14505,15635,1024,
2026-08-21 10:02:16,24244.35,2026-08-25,24650.0,CE,5.0,4.95,5.0,128296,54951,10445,9.02
2026-08-21 10:02:16,24244.35,2026-08-25,24650.0,PE,361.15,363.15,364.15,2511,3078,280,
2026-08-21 10:02:16,24244.35,2026-08-25,24700.0,CE,3.6,3.55,3.6,168602,123440,7190,9.37
2026-08-21 10:02:16,24244.35,2026-08-25,24700.0,PE,412.5,411.8,413.0,3342,13262,-59,
2026-08-21 10:02:16,24244.35,2026-08-25,24750.0,CE,2.85,2.8,2.85,108893,44785,13080,9.81
2026-08-21 10:02:16,24244.35,2026-08-25,24750.0,PE,465.6,460.75,462.65,299,1513,37,
2026-08-21 10:03:17,24242.95,2026-08-25,23750.0,CE,538.85,541.9,544.3,149,728,-22,15.68
2026-08-21 10:03:17,24242.95,2026-08-25,23750.0,PE,4.35,4.35,4.4,137748,39962,5109,11.68
2026-08-21 10:03:17,24242.95,2026-08-25,23800.0,CE,493.7,492.5,494.1,3019,9721,129,15.83
2026-08-21 10:03:17,24242.95,2026-08-25,23800.0,PE,5.1,5.05,5.1,245075,130350,5958,11.05
2026-08-21 10:03:17,24242.95,2026-08-25,23850.0,CE,445.0,443.65,445.4,592,1189,54,15.09
2026-08-21 10:03:17,24242.95,2026-08-25,23850.0,PE,6.1,6.05,6.1,162032,63346,5159,10.49
2026-08-21 10:03:17,24242.95,2026-08-25,23900.0,CE,396.25,396.15,397.1,5227,5389,659,14.16
2026-08-21 10:03:17,24242.95,2026-08-25,23900.0,PE,7.8,7.75,7.85,251068,117219,13588,10.02
2026-08-21 10:03:17,24242.95,2026-08-25,23950.0,CE,348.8,348.7,349.7,3992,3813,564,13.31
2026-08-21 10:03:17,24242.95,2026-08-25,23950.0,PE,10.3,10.2,10.3,181445,52070,3461,9.6
2026-08-21 10:03:17,24242.95,2026-08-25,24000.0,CE,302.45,302.45,302.9,56268,96835,2435,12.4
2026-08-21 10:03:17,24242.95,2026-08-25,24000.0,PE,14.0,14.0,14.1,502199,274106,22600,9.24
2026-08-21 10:03:17,24242.95,2026-08-25,24050.0,CE,257.8,257.35,257.95,20099,11037,1594,11.55
2026-08-21 10:03:17,24242.95,2026-08-25,24050.0,PE,19.1,19.05,19.1,251454,72378,23816,8.86
2026-08-21 10:03:17,24242.95,2026-08-25,24100.0,CE,215.05,215.0,215.45,125701,57223,10181,10.92
2026-08-21 10:03:17,24242.95,2026-08-25,24100.0,PE,26.2,26.15,26.25,461072,153476,36208,8.53
2026-08-21 10:03:17,24242.95,2026-08-25,24150.0,CE,175.65,175.25,175.65,148971,35703,16437,10.44
2026-08-21 10:03:17,24242.95,2026-08-25,24150.0,PE,36.25,36.15,36.3,416018,112435,40865,8.22
2026-08-21 10:03:17,24242.95,2026-08-25,24200.0,CE,139.05,139.0,139.35,784342,228873,99510,9.99
2026-08-21 10:03:17,24242.95,2026-08-25,24200.0,PE,49.95,49.95,50.0,1301912,341323,136877,7.94
2026-08-21 10:03:17,24242.95,2026-08-25,24250.0,CE,106.55,106.6,106.8,849331,166352,102189,9.55
2026-08-21 10:03:17,24242.95,2026-08-25,24250.0,PE,67.75,67.6,67.75,1064092,186457,109880,7.67
2026-08-21 10:03:17,24242.95,2026-08-25,24300.0,CE,78.85,78.85,79.0,1059274,290426,139874,9.23
2026-08-21 10:03:17,24242.95,2026-08-25,24300.0,PE,90.25,90.1,90.25,969321,211442,96407,7.36
2026-08-21 10:03:17,24242.95,2026-08-25,24350.0,CE,56.6,56.5,56.6,432347,106482,59489,8.98
2026-08-21 10:03:17,24242.95,2026-08-25,24350.0,PE,117.8,117.65,117.8,324128,67901,37221,7.03
2026-08-21 10:03:17,24242.95,2026-08-25,24400.0,CE,38.75,38.7,38.75,496735,191053,64581,8.78
2026-08-21 10:03:17,24242.95,2026-08-25,24400.0,PE,150.6,150.25,150.65,291270,74168,25547,6.56
2026-08-21 10:03:17,24242.95,2026-08-25,24450.0,CE,25.8,25.8,25.9,247760,80337,38338,8.65
2026-08-21 10:03:17,24242.95,2026-08-25,24450.0,PE,187.6,187.15,187.6,68572,18006,9288,5.81
2026-08-21 10:03:17,24242.95,2026-08-25,24500.0,CE,16.85,16.85,16.9,447562,241126,48593,8.61
2026-08-21 10:03:17,24242.95,2026-08-25,24500.0,PE,228.35,228.0,228.45,86571,65511,3926,
2026-08-21 10:03:17,24242.95,2026-08-25,24550.0,CE,10.85,10.8,10.85,212784,66806,20219,8.65
2026-08-21 10:03:17,24242.95,2026-08-25,24550.0,PE,272.25,271.9,272.7,9181,4050,1117,
2026-08-21 10:03:17,24242.95,2026-08-25,24600.0,CE,7.05,7.0,7.05,253088,155143,28502,8.74
2026-08-21 10:03:17,24242.95,2026-08-25,24600.0,PE,318.8,318.0,318.75,14675,15635,1024,
2026-08-21 10:03:17,24242.95,2026-08-25,24650.0,CE,5.0,4.95,5.0,130598,54951,10445,9.02
2026-08-21 10:03:17,24242.95,2026-08-25,24650.0,PE,366.15,365.0,366.05,2538,3078,280,
2026-08-21 10:03:17,24242.95,2026-08-25,24700.0,CE,3.65,3.6,3.65,170102,123440,7190,9.37
2026-08-21 10:03:17,24242.95,2026-08-25,24700.0,PE,413.9,413.65,415.0,3365,13262,-59,
2026-08-21 10:03:17,24242.95,2026-08-25,24750.0,CE,2.8,2.8,2.85,109075,44785,13080,9.81
2026-08-21 10:03:17,24242.95,2026-08-25,24750.0,PE,463.55,462.5,464.2,304,1512,36,
2026-08-21 10:04:17,24241.25,2026-08-25,23750.0,CE,538.85,538.9,540.6,149,728,-22,15.68
2026-08-21 10:04:17,24241.25,2026-08-25,23750.0,PE,4.4,4.35,4.4,137913,40042,5189,11.68
2026-08-21 10:04:17,24241.25,2026-08-25,23800.0,CE,490.1,490.0,491.1,3027,9714,122,15.83
2026-08-21 10:04:17,24241.25,2026-08-25,23800.0,PE,5.1,5.05,5.1,245900,130272,5880,11.05
2026-08-21 10:04:17,24241.25,2026-08-25,23850.0,CE,444.55,440.55,442.3,598,1190,55,15.09
2026-08-21 10:04:17,24241.25,2026-08-25,23850.0,PE,6.1,6.1,6.15,162373,63672,5485,10.49
2026-08-21 10:04:17,24241.25,2026-08-25,23900.0,CE,394.9,393.0,393.75,5236,5393,663,14.16
2026-08-21 10:04:17,24241.25,2026-08-25,23900.0,PE,7.85,7.85,7.9,251583,117422,13791,10.02
2026-08-21 10:04:17,24241.25,2026-08-25,23950.0,CE,347.15,345.25,346.25,3993,3813,564,13.31
2026-08-21 10:04:17,24241.25,2026-08-25,23950.0,PE,10.4,10.4,10.45,181784,52205,3596,9.6
2026-08-21 10:04:17,24241.25,2026-08-25,24000.0,CE,299.15,299.1,299.8,56746,96872,2472,12.4
2026-08-21 10:04:17,24241.25,2026-08-25,24000.0,PE,14.3,14.2,14.3,504859,274713,23207,9.24
2026-08-21 10:04:17,24241.25,2026-08-25,24050.0,CE,254.25,254.5,255.1,20216,11039,1596,11.55
2026-08-21 10:04:17,24241.25,2026-08-25,24050.0,PE,19.45,19.35,19.45,252170,72524,23962,8.86
2026-08-21 10:04:17,24241.25,2026-08-25,24100.0,CE,212.45,212.1,212.6,126636,57274,10232,10.92
2026-08-21 10:04:17,24241.25,2026-08-25,24100.0,PE,26.8,26.75,26.8,463138,153945,36677,8.53
2026-08-21 10:04:17,24241.25,2026-08-25,24150.0,CE,172.65,172.6,173.0,149783,35758,16492,10.44
2026-08-21 10:04:17,24241.25,2026-08-25,24150.0,PE,37.1,37.0,37.1,418269,113335,41765,8.22
2026-08-21 10:04:17,24241.25,2026-08-25,24200.0,CE,136.9,137.0,137.35,790496,229182,99819,9.99
2026-08-21 10:04:17,24241.25,2026-08-25,24200.0,PE,50.8,50.8,50.9,1309299,345880,141434,7.94
2026-08-21 10:04:17,24241.25,2026-08-25,24250.0,CE,104.7,104.65,104.9,857010,166421,102258,9.55
2026-08-21 10:04:17,24241.25,2026-08-25,24250.0,PE,69.2,69.0,69.2,1070667,191056,114479,7.67
2026-08-21 10:04:17,24241.25,2026-08-25,24300.0,CE,77.45,77.3,77.5,1068629,290158,139606,9.23
2026-08-21 10:04:17,24241.25,2026-08-25,24300.0,PE,91.95,91.75,91.95,975618,214082,99047,7.36
2026-08-21 10:04:17,24241.25,2026-08-25,24350.0,CE,55.1,55.1,55.2,435933,106536,59543,8.98
2026-08-21 10:04:17,24241.25,2026-08-25,24350.0,PE,120.1,119.8,120.1,326649,68937,38257,7.03
2026-08-21 10:04:17,24241.25,2026-08-25,24400.0,CE,37.8,37.8,37.9,501056,191316,64844,8.78
2026-08-21 10:04:17,24241.25,2026-08-25,24400.0,PE,152.85,152.45,152.85,292908,75161,26540,6.56
2026-08-21 10:04:17,24241.25,2026-08-25,24450.0,CE,25.1,25.1,25.2,249604,80544,38545,8.65
2026-08-21 10:04:17,24241.25,2026-08-25,24450.0,PE,190.65,190.05,190.45,69032,18197,9479,5.81
2026-08-21 10:04:17,24241.25,2026-08-25,24500.0,CE,16.35,16.4,16.45,450889,240859,48326,8.61
2026-08-21 10:04:17,24241.25,2026-08-25,24500.0,PE,231.65,230.85,231.45,87070,65601,4016,
2026-08-21 10:04:17,24241.25,2026-08-25,24550.0,CE,10.65,10.6,10.65,213554,66436,19849,8.65
2026-08-21 10:04:17,24241.25,2026-08-25,24550.0,PE,275.25,274.6,275.45,9246,4074,1141,
2026-08-21 10:04:17,24241.25,2026-08-25,24600.0,CE,6.9,6.9,6.95,254508,155092,28451,8.74
2026-08-21 10:04:17,24241.25,2026-08-25,24600.0,PE,321.3,321.05,321.85,14743,15661,1050,
2026-08-21 10:04:17,24241.25,2026-08-25,24650.0,CE,4.9,4.85,4.9,131842,54921,10415,9.02
2026-08-21 10:04:17,24241.25,2026-08-25,24650.0,PE,368.05,368.5,369.65,2542,3077,279,
2026-08-21 10:04:17,24241.25,2026-08-25,24700.0,CE,3.6,3.6,3.65,171141,123216,6966,9.37
2026-08-21 10:04:17,24241.25,2026-08-25,24700.0,PE,417.2,416.7,418.0,3398,13263,-58,
2026-08-21 10:04:17,24241.25,2026-08-25,24750.0,CE,2.8,2.8,2.85,109133,44786,13081,9.81
2026-08-21 10:04:17,24241.25,2026-08-25,24750.0,PE,468.1,466.0,467.8,305,1511,35,
2026-08-21 10:05:17,24238.9,2026-08-25,23750.0,CE,538.85,537.9,539.85,150,729,-21,15.68
2026-08-21 10:05:17,24238.9,2026-08-25,23750.0,PE,4.4,4.35,4.4,138834,40079,5226,11.68
2026-08-21 10:05:17,24238.9,2026-08-25,23800.0,CE,489.7,488.7,490.0,3329,9710,118,15.83
2026-08-21 10:05:17,24238.9,2026-08-25,23800.0,PE,5.1,5.05,5.1,247197,130285,5893,11.05
2026-08-21 10:05:17,24238.9,2026-08-25,23850.0,CE,444.55,439.6,441.5,598,1190,55,15.09
2026-08-21 10:05:17,24238.9,2026-08-25,23850.0,PE,6.2,6.15,6.2,163081,63738,5551,10.49
2026-08-21 10:05:17,24238.9,2026-08-25,23900.0,CE,394.1,391.9,393.0,5263,5398,668,14.16
2026-08-21 10:05:17,24238.9,2026-08-25,23900.0,PE,7.9,7.9,7.95,252589,117573,13942,10.02
2026-08-21 10:05:17,24238.9,2026-08-25,23950.0,CE,345.55,344.35,345.4,4033,3805,556,13.31
2026-08-21 10:05:17,24238.9,2026-08-25,23950.0,PE,10.55,10.45,10.5,182684,52338,3729,9.6
2026-08-21 10:05:17,24238.9,2026-08-25,24000.0,CE,298.9,298.25,298.95,57286,96780,2380,12.4
2026-08-21 10:05:17,24238.9,2026-08-25,24000.0,PE,14.4,14.4,14.45,510212,276786,25280,9.24
2026-08-21 10:05:17,24238.9,2026-08-25,24050.0,CE,254.45,254.0,254.65,20413,11054,1611,11.55
2026-08-21 10:05:17,24238.9,2026-08-25,24050.0,PE,19.45,19.45,19.5,253316,72806,24244,8.86
2026-08-21 10:05:17,24238.9,2026-08-25,24100.0,CE,212.15,211.4,211.9,127988,57378,10336,10.92
2026-08-21 10:05:17,24238.9,2026-08-25,24100.0,PE,26.9,26.9,26.95,466006,154407,37139,8.53
2026-08-21 10:05:17,24238.9,2026-08-25,24150.0,CE,172.05,172.0,172.25,151701,36020,16754,10.44
2026-08-21 10:05:17,24238.9,2026-08-25,24150.0,PE,37.2,37.1,37.25,421525,113627,42057,8.22
2026-08-21 10:05:17,24238.9,2026-08-25,24200.0,CE,136.15,136.15,136.45,801147,228411,99048,9.99
2026-08-21 10:05:17,24238.9,2026-08-25,24200.0,PE,51.25,51.15,51.25,1321852,347145,142699,7.94
2026-08-21 10:05:17,24238.9,2026-08-25,24250.0,CE,104.2,104.0,104.2,868002,167762,103599,9.55
2026-08-21 10:05:17,24238.9,2026-08-25,24250.0,PE,69.4,69.15,69.4,1083926,191812,115235,7.67
2026-08-21 10:05:17,24238.9,2026-08-25,24300.0,CE,76.9,76.8,76.9,1083273,290437,139885,9.23
2026-08-21 10:05:17,24238.9,2026-08-25,24300.0,PE,92.1,92.05,92.25,985098,213670,98635,7.36
2026-08-21 10:05:17,24238.9,2026-08-25,24350.0,CE,54.75,54.5,54.6,440992,106267,59274,8.98
2026-08-21 10:05:17,24238.9,2026-08-25,24350.0,PE,120.65,120.35,120.6,330717,68917,38237,7.03
2026-08-21 10:05:17,24238.9,2026-08-25,24400.0,CE,37.5,37.45,37.6,507747,192245,65773,8.78
2026-08-21 10:05:17,24238.9,2026-08-25,24400.0,PE,152.65,152.75,153.1,297243,75312,26691,6.56
2026-08-21 10:05:17,24238.9,2026-08-25,24450.0,CE,24.85,24.8,24.85,252783,80698,38699,8.65
2026-08-21 10:05:17,24238.9,2026-08-25,24450.0,PE,190.85,190.4,190.85,69831,18192,9474,5.81
2026-08-21 10:05:17,24238.9,2026-08-25,24500.0,CE,16.3,16.25,16.3,456399,240805,48272,8.61
2026-08-21 10:05:17,24238.9,2026-08-25,24500.0,PE,231.25,231.4,232.05,88225,65620,4035,
2026-08-21 10:05:17,24238.9,2026-08-25,24550.0,CE,10.55,10.5,10.55,215873,66506,19919,8.65
2026-08-21 10:05:17,24238.9,2026-08-25,24550.0,PE,274.7,275.6,276.4,9378,4046,1113,
2026-08-21 10:05:17,24238.9,2026-08-25,24600.0,CE,6.85,6.85,6.9,256736,155106,28465,8.74
2026-08-21 10:05:17,24238.9,2026-08-25,24600.0,PE,321.55,321.6,322.6,14917,15641,1030,
2026-08-21 10:05:17,24238.9,2026-08-25,24650.0,CE,4.9,4.85,4.9,132825,54826,10320,9.02
2026-08-21 10:05:17,24238.9,2026-08-25,24650.0,PE,369.5,369.35,370.4,2549,3072,274,
2026-08-21 10:05:17,24238.9,2026-08-25,24700.0,CE,3.65,3.6,3.65,171979,123221,6971,9.37
2026-08-21 10:05:17,24238.9,2026-08-25,24700.0,PE,417.5,417.7,418.95,3409,13253,-68,
2026-08-21 10:05:17,24238.9,2026-08-25,24750.0,CE,2.85,2.8,2.85,109436,44794,13089,9.81
2026-08-21 10:05:17,24238.9,2026-08-25,24750.0,PE,466.75,467.05,469.15,309,1511,35,
2026-08-21 10:06:17,24239.5,2026-08-25,23750.0,CE,538.85,537.55,539.45,150,729,-21,15.68
2026-08-21 10:06:17,24239.5,2026-08-25,23750.0,PE,4.35,4.35,4.4,139066,40372,5519,11.68
2026-08-21 10:06:17,24239.5,2026-08-25,23800.0,CE,490.2,488.65,490.05,3362,9951,359,15.83
2026-08-21 10:06:17,24239.5,2026-08-25,23800.0,PE,5.05,5.05,5.1,248878,131423,7031,11.05
2026-08-21 10:06:17,24239.5,2026-08-25,23850.0,CE,438.75,439.6,441.3,606,1195,60,15.09
2026-08-21 10:06:17,24239.5,2026-08-25,23850.0,PE,6.15,6.1,6.2,163524,63940,5753,10.49
2026-08-21 10:06:17,24239.5,2026-08-25,23900.0,CE,392.0,391.85,392.85,5277,5399,669,14.16
2026-08-21 10:06:17,24239.5,2026-08-25,23900.0,PE,7.9,7.9,7.95,253309,117558,13927,10.02
2026-08-21 10:06:17,24239.5,2026-08-25,23950.0,CE,345.05,344.25,345.0,4069,3810,561,13.31
2026-08-21 10:06:17,24239.5,2026-08-25,23950.0,PE,10.45,10.45,10.5,183315,52241,3632,9.6
2026-08-21 10:06:17,24239.5,2026-08-25,24000.0,CE,298.0,298.2,298.9,57645,96736,2336,12.4
2026-08-21 10:06:17,24239.5,2026-08-25,24000.0,PE,14.4,14.35,14.4,512840,277705,26199,9.24
2026-08-21 10:06:17,24239.5,2026-08-25,24050.0,CE,253.65,253.6,254.3,20548,11033,1590,11.55
2026-08-21 10:06:17,24239.5,2026-08-25,24050.0,PE,19.5,19.45,19.5,254867,73113,24551,8.86
2026-08-21 10:06:17,24239.5,2026-08-25,24100.0,CE,211.75,211.25,211.65,129371,57442,10400,10.92
2026-08-21 10:06:17,24239.5,2026-08-25,24100.0,PE,26.95,26.85,26.95,468606,154971,37703,8.53
2026-08-21 10:06:17,24239.5,2026-08-25,24150.0,CE,171.9,171.9,172.3,152699,36033,16767,10.44
2026-08-21 10:06:17,24239.5,2026-08-25,24150.0,PE,37.25,37.1,37.25,424499,114217,42647,8.22
2026-08-21 10:06:17,24239.5,2026-08-25,24200.0,CE,136.2,136.2,136.5,810309,228279,98916,9.99
2026-08-21 10:06:17,24239.5,2026-08-25,24200.0,PE,51.2,51.15,51.25,1333882,349933,145487,7.94
2026-08-21 10:06:17,24239.5,2026-08-25,24250.0,CE,104.0,104.0,104.25,876639,166885,102722,9.55
2026-08-21 10:06:17,24239.5,2026-08-25,24250.0,PE,69.25,69.2,69.4,1095229,193375,116798,7.67
2026-08-21 10:06:17,24239.5,2026-08-25,24300.0,CE,76.9,76.7,76.9,1093630,289223,138671,9.23
2026-08-21 10:06:17,24239.5,2026-08-25,24300.0,PE,92.35,92.1,92.35,992937,213858,98823,7.36
2026-08-21 10:06:17,24239.5,2026-08-25,24350.0,CE,54.55,54.6,54.75,445142,105410,58417,8.98
2026-08-21 10:06:17,24239.5,2026-08-25,24350.0,PE,120.5,120.2,120.4,333918,68495,37815,7.03
2026-08-21 10:06:17,24239.5,2026-08-25,24400.0,CE,37.5,37.45,37.5,512455,193307,66835,8.78
2026-08-21 10:06:17,24239.5,2026-08-25,24400.0,PE,153.5,153.15,153.4,299476,75227,26606,6.56
2026-08-21 10:06:17,24239.5,2026-08-25,24450.0,CE,24.85,24.8,24.9,254829,80778,38779,8.65
2026-08-21 10:06:17,24239.5,2026-08-25,24450.0,PE,190.55,190.7,191.15,70364,18248,9530,5.81
2026-08-21 10:06:17,24239.5,2026-08-25,24500.0,CE,16.25,16.25,16.35,459890,240770,48237,8.61
2026-08-21 10:06:17,24239.5,2026-08-25,24500.0,PE,232.3,231.7,232.25,89177,65578,3993,
2026-08-21 10:06:17,24239.5,2026-08-25,24550.0,CE,10.5,10.5,10.55,217318,66792,20205,8.65
2026-08-21 10:06:17,24239.5,2026-08-25,24550.0,PE,275.55,275.55,276.3,9430,4036,1103,
2026-08-21 10:06:17,24239.5,2026-08-25,24600.0,CE,6.85,6.85,6.9,258711,155488,28847,8.74
2026-08-21 10:06:17,24239.5,2026-08-25,24600.0,PE,322.15,321.9,322.7,15015,15584,973,
2026-08-21 10:06:17,24239.5,2026-08-25,24650.0,CE,4.95,4.9,4.95,134578,54743,10237,9.02
2026-08-21 10:06:17,24239.5,2026-08-25,24650.0,PE,370.0,370.0,370.65,2555,3074,276,
2026-08-21 10:06:17,24239.5,2026-08-25,24700.0,CE,3.65,3.6,3.65,172948,123653,7403,9.37
2026-08-21 10:06:17,24239.5,2026-08-25,24700.0,PE,420.05,418.4,419.3,3439,13255,-66,
2026-08-21 10:06:17,24239.5,2026-08-25,24750.0,CE,2.9,2.85,2.9,110347,44660,12955,9.81
2026-08-21 10:06:17,24239.5,2026-08-25,24750.0,PE,468.75,467.2,469.3,314,1511,35,
2026-08-21 10:07:17,24236.25,2026-08-25,23750.0,CE,538.85,536.15,538.15,150,729,-21,15.68
2026-08-21 10:07:17,24236.25,2026-08-25,23750.0,PE,4.35,4.35,4.4,139151,40378,5525,11.68
2026-08-21 10:07:17,24236.25,2026-08-25,23800.0,CE,488.55,487.2,488.65,3380,9976,384,15.83
2026-08-21 10:07:17,24236.25,2026-08-25,23800.0,PE,5.1,5.05,5.1,249969,131511,7119,11.05
2026-08-21 10:07:17,24236.25,2026-08-25,23850.0,CE,440.95,438.6,440.1,608,1195,60,15.09
2026-08-21 10:07:17,24236.25,2026-08-25,23850.0,PE,6.2,6.2,6.25,163724,64095,5908,10.49
2026-08-21 10:07:17,24236.25,2026-08-25,23900.0,CE,391.6,391.0,391.55,5285,5399,669,14.16
2026-08-21 10:07:17,24236.25,2026-08-25,23900.0,PE,7.95,7.95,8.0,253780,117545,13914,10.02
2026-08-21 10:07:17,24236.25,2026-08-25,23950.0,CE,344.55,342.9,343.9,4079,3810,561,13.31
2026-08-21 10:07:17,24236.25,2026-08-25,23950.0,PE,10.6,10.55,10.6,183734,52468,3859,9.6
2026-08-21 10:07:17,24236.25,2026-08-25,24000.0,CE,297.85,297.0,297.6,58308,96603,2203,12.4
2026-08-21 10:07:17,24236.25,2026-08-25,24000.0,PE,14.55,14.55,14.6,514445,278273,26767,9.24
2026-08-21 10:07:17,24236.25,2026-08-25,24050.0,CE,253.55,252.85,253.0,20653,11095,1652,11.55
2026-08-21 10:07:17,24236.25,2026-08-25,24050.0,PE,19.65,19.7,19.75,255835,73590,25028,8.86
2026-08-21 10:07:17,24236.25,2026-08-25,24100.0,CE,210.65,210.2,210.7,130147,57147,10105,10.92
2026-08-21 10:07:17,24236.25,2026-08-25,24100.0,PE,27.1,27.15,27.2,470604,155257,37989,8.53
2026-08-21 10:07:17,24236.25,2026-08-25,24150.0,CE,170.95,170.55,170.95,153333,36225,16959,10.44
2026-08-21 10:07:17,24236.25,2026-08-25,24150.0,PE,37.55,37.55,37.65,426728,114680,43110,8.22
2026-08-21 10:07:17,24236.25,2026-08-25,24200.0,CE,135.25,135.0,135.3,814893,227146,97783,9.99
2026-08-21 10:07:17,24236.25,2026-08-25,24200.0,PE,51.7,51.55,51.7,1343183,352173,147727,7.94
2026-08-21 10:07:17,24236.25,2026-08-25,24250.0,CE,103.3,103.05,103.3,880730,166488,102325,9.55
2026-08-21 10:07:17,24236.25,2026-08-25,24250.0,PE,69.95,69.75,69.9,1103667,196279,119702,7.67
2026-08-21 10:07:17,24236.25,2026-08-25,24300.0,CE,76.0,76.0,76.1,1100081,290264,139712,9.23
2026-08-21 10:07:17,24236.25,2026-08-25,24300.0,PE,92.85,92.85,93.0,1000038,215778,100743,7.36
2026-08-21 10:07:17,24236.25,2026-08-25,24350.0,CE,54.1,53.95,54.1,447198,105131,58138,8.98
2026-08-21 10:07:17,24236.25,2026-08-25,24350.0,PE,121.0,121.05,121.25,335922,68548,37868,7.03
2026-08-21 10:07:17,24236.25,2026-08-25,24400.0,CE,37.0,37.0,37.05,514980,193755,67283,8.78
2026-08-21 10:07:17,24236.25,2026-08-25,24400.0,PE,154.3,154.1,154.35,301475,75417,26796,6.56
2026-08-21 10:07:17,24236.25,2026-08-25,24450.0,CE,24.5,24.5,24.55,256038,80885,38886,8.65
2026-08-21 10:07:17,24236.25,2026-08-25,24450.0,PE,191.35,191.55,191.75,70637,18412,9694,5.81
2026-08-21 10:07:17,24236.25,2026-08-25,24500.0,CE,16.05,16.0,16.05,463536,240724,48191,8.61
2026-08-21 10:07:17,24236.25,2026-08-25,24500.0,PE,233.0,232.85,233.4,89566,65846,4261,
2026-08-21 10:07:17,24236.25,2026-08-25,24550.0,CE,10.35,10.3,10.35,218023,66880,20293,8.65
2026-08-21 10:07:17,24236.25,2026-08-25,24550.0,PE,277.0,277.05,277.8,9486,4043,1110,
2026-08-21 10:07:17,24236.25,2026-08-25,24600.0,CE,6.8,6.75,6.8,259866,155830,29189,8.74
2026-08-21 10:07:17,24236.25,2026-08-25,24600.0,PE,323.05,323.1,323.8,15052,15572,961,
2026-08-21 10:07:17,24236.25,2026-08-25,24650.0,CE,4.9,4.85,4.9,135015,54718,10212,9.02
2026-08-21 10:07:17,24236.25,2026-08-25,24650.0,PE,370.65,370.9,371.9,2564,3074,276,
2026-08-21 10:07:17,24236.25,2026-08-25,24700.0,CE,3.6,3.55,3.6,173987,123693,7443,9.37
2026-08-21 10:07:17,24236.25,2026-08-25,24700.0,PE,419.55,419.3,420.2,3446,13255,-66,
2026-08-21 10:07:17,24236.25,2026-08-25,24750.0,CE,2.85,2.85,2.9,110550,44787,13082,9.81
2026-08-21 10:07:17,24236.25,2026-08-25,24750.0,PE,467.5,468.8,470.35,316,1511,35,
2026-08-21 10:08:18,24231.35,2026-08-25,23750.0,CE,538.85,535.05,536.6,150,729,-21,15.68
2026-08-21 10:08:18,24231.35,2026-08-25,23750.0,PE,4.5,4.45,4.5,140737,40389,5536,11.68
2026-08-21 10:08:18,24231.35,2026-08-25,23800.0,CE,488.5,486.05,487.45,3389,9993,401,15.83
2026-08-21 10:08:18,24231.35,2026-08-25,23800.0,PE,5.15,5.15,5.2,252033,131901,7509,11.05
2026-08-21 10:08:18,24231.35,2026-08-25,23850.0,CE,440.95,437.15,439.1,608,1191,56,15.09
2026-08-21 10:08:18,24231.35,2026-08-25,23850.0,PE,6.35,6.3,6.35,164634,64168,5981,10.49
2026-08-21 10:08:18,24231.35,2026-08-25,23900.0,CE,389.4,388.95,390.0,5378,5380,650,14.16
2026-08-21 10:08:18,24231.35,2026-08-25,23900.0,PE,8.1,8.1,8.15,255961,117474,13843,10.02
2026-08-21 10:08:18,24231.35,2026-08-25,23950.0,CE,342.65,341.65,342.65,4118,3818,569,13.31
2026-08-21 10:08:18,24231.35,2026-08-25,23950.0,PE,10.8,10.75,10.8,186318,52269,3660,9.6
2026-08-21 10:08:18,24231.35,2026-08-25,24000.0,CE,296.0,296.0,296.4,59339,96719,2319,12.4
2026-08-21 10:08:18,24231.35,2026-08-25,24000.0,PE,14.75,14.7,14.75,523925,279470,27964,9.24
2026-08-21 10:08:18,24231.35,2026-08-25,24050.0,CE,251.4,251.05,251.6,20921,11113,1670,11.55
2026-08-21 10:08:18,24231.35,2026-08-25,24050.0,PE,20.0,19.95,20.0,259062,73885,25323,8.86
2026-08-21 10:08:18,24231.35,2026-08-25,24100.0,CE,209.05,209.05,209.5,132614,57282,10240,10.92
2026-08-21 10:08:18,24231.35,2026-08-25,24100.0,PE,27.55,27.45,27.55,478640,155636,38368,8.53
2026-08-21 10:08:18,24231.35,2026-08-25,24150.0,CE,170.0,169.95,170.25,157134,36205,16939,10.44
2026-08-21 10:08:18,24231.35,2026-08-25,24150.0,PE,38.05,37.9,38.0,436338,116206,44636,8.22
2026-08-21 10:08:18,24231.35,2026-08-25,24200.0,CE,134.4,134.15,134.35,833431,226044,96681,9.99
2026-08-21 10:08:18,24231.35,2026-08-25,24200.0,PE,52.25,52.2,52.4,1377149,356679,152233,7.94
2026-08-21 10:08:18,24231.35,2026-08-25,24250.0,CE,102.3,102.1,102.3,899476,165825,101662,9.55
2026-08-21 10:08:18,24231.35,2026-08-25,24250.0,PE,70.75,70.75,70.85,1133929,197042,120465,7.67
2026-08-21 10:08:18,24231.35,2026-08-25,24300.0,CE,75.7,75.55,75.65,1124200,290088,139536,9.23
2026-08-21 10:08:18,24231.35,2026-08-25,24300.0,PE,93.95,93.8,93.95,1023506,215442,100407,7.36
2026-08-21 10:08:18,24231.35,2026-08-25,24350.0,CE,53.5,53.4,53.5,455528,104684,57691,8.98
2026-08-21 10:08:18,24231.35,2026-08-25,24350.0,PE,122.5,122.35,122.5,344700,68056,37376,7.03
2026-08-21 10:08:18,24231.35,2026-08-25,24400.0,CE,36.55,36.55,36.65,524903,194377,67905,8.78
2026-08-21 10:08:18,24231.35,2026-08-25,24400.0,PE,155.35,155.35,155.5,309346,74653,26032,6.56
2026-08-21 10:08:18,24231.35,2026-08-25,24450.0,CE,24.2,24.3,24.35,260617,80352,38353,8.65
2026-08-21 10:08:18,24231.35,2026-08-25,24450.0,PE,193.45,192.9,193.35,72161,18307,9589,5.81
2026-08-21 10:08:18,24231.35,2026-08-25,24500.0,CE,15.85,15.85,15.9,473984,238905,46372,8.61
2026-08-21 10:08:18,24231.35,2026-08-25,24500.0,PE,234.1,233.8,234.4,91371,65856,4271,
2026-08-21 10:08:18,24231.35,2026-08-25,24550.0,CE,10.2,10.25,10.3,223256,65657,19070,8.65
2026-08-21 10:08:18,24231.35,2026-08-25,24550.0,PE,278.0,278.35,279.0,9671,4040,1107,
2026-08-21 10:08:18,24231.35,2026-08-25,24600.0,CE,6.65,6.6,6.65,266982,155106,28465,8.74
2026-08-21 10:08:18,24231.35,2026-08-25,24600.0,PE,324.75,324.6,325.0,15690,15460,849,
2026-08-21 10:08:18,24231.35,2026-08-25,24650.0,CE,4.75,4.7,4.75,139119,54541,10035,9.02
2026-08-21 10:08:18,24231.35,2026-08-25,24650.0,PE,372.2,372.1,372.95,2572,3074,276,
2026-08-21 10:08:18,24231.35,2026-08-25,24700.0,CE,3.55,3.5,3.55,176135,123721,7471,9.37
2026-08-21 10:08:18,24231.35,2026-08-25,24700.0,PE,420.2,420.95,422.0,3483,13267,-54,
2026-08-21 10:08:18,24231.35,2026-08-25,24750.0,CE,2.8,2.8,2.85,111412,44769,13064,9.81
2026-08-21 10:08:18,24231.35,2026-08-25,24750.0,PE,469.25,470.25,471.8,318,1503,27,
2026-08-21 10:09:18,24227.1,2026-08-25,23750.0,CE,535.0,531.9,533.6,152,728,-22,15.68
2026-08-21 10:09:18,24227.1,2026-08-25,23750.0,PE,4.45,4.4,4.45,140958,40406,5553,11.68
2026-08-21 10:09:18,24227.1,2026-08-25,23800.0,CE,484.0,482.55,483.85,3421,9974,382,15.83
2026-08-21 10:09:18,24227.1,2026-08-25,23800.0,PE,5.2,5.2,5.25,253546,132104,7712,11.05
2026-08-21 10:09:18,24227.1,2026-08-25,23850.0,CE,437.9,433.55,435.3,609,1193,58,15.09
2026-08-21 10:09:18,24227.1,2026-08-25,23850.0,PE,6.4,6.35,6.4,165096,64114,5927,10.49
2026-08-21 10:09:18,24227.1,2026-08-25,23900.0,CE,386.15,386.0,386.65,5405,5385,655,14.16
2026-08-21 10:09:18,24227.1,2026-08-25,23900.0,PE,8.2,8.2,8.25,258637,116474,12843,10.02
2026-08-21 10:09:18,24227.1,2026-08-25,23950.0,CE,338.45,338.35,339.3,4179,3815,566,13.31
2026-08-21 10:09:18,24227.1,2026-08-25,23950.0,PE,10.9,10.85,10.95,186923,52491,3882,9.6
2026-08-21 10:09:18,24227.1,2026-08-25,24000.0,CE,292.55,292.45,293.15,59895,96853,2453,12.4
2026-08-21 10:09:18,24227.1,2026-08-25,24000.0,PE,15.0,14.95,15.0,528787,281693,30187,9.24
2026-08-21 10:09:18,24227.1,2026-08-25,24050.0,CE,248.05,247.8,248.4,21269,11145,1702,11.55
2026-08-21 10:09:18,24227.1,2026-08-25,24050.0,PE,20.4,20.3,20.35,260452,74128,25566,8.86
2026-08-21 10:09:18,24227.1,2026-08-25,24100.0,CE,206.0,206.0,206.3,133913,57436,10394,10.92
2026-08-21 10:09:18,24227.1,2026-08-25,24100.0,PE,28.1,28.1,28.2,483554,156378,39110,8.53
2026-08-21 10:09:18,24227.1,2026-08-25,24150.0,CE,166.55,166.6,167.0,159027,36361,17095,10.44
2026-08-21 10:09:18,24227.1,2026-08-25,24150.0,PE,38.85,38.85,38.95,441153,116113,44543,8.22
2026-08-21 10:09:18,24227.1,2026-08-25,24200.0,CE,131.55,131.6,131.9,842672,225115,95752,9.99
2026-08-21 10:09:18,24227.1,2026-08-25,24200.0,PE,53.5,53.3,53.5,1395604,358377,153931,7.94
2026-08-21 10:09:18,24227.1,2026-08-25,24250.0,CE,100.0,100.0,100.2,912391,165567,101404,9.55
2026-08-21 10:09:18,24227.1,2026-08-25,24250.0,PE,72.4,72.3,72.4,1151354,196098,119521,7.67
2026-08-21 10:09:18,24227.1,2026-08-25,24300.0,CE,73.75,73.75,73.95,1136423,289680,139128,9.23
2026-08-21 10:09:18,24227.1,2026-08-25,24300.0,PE,96.0,95.8,96.0,1036383,214987,99952,7.36
2026-08-21 10:09:18,24227.1,2026-08-25,24350.0,CE,52.4,52.25,52.4,459977,104925,57932,8.98
2026-08-21 10:09:18,24227.1,2026-08-25,24350.0,PE,124.85,124.65,124.95,350070,67515,36835,7.03
2026-08-21 10:09:18,24227.1,2026-08-25,24400.0,CE,35.95,35.9,36.0,530844,194507,68035,8.78
2026-08-21 10:09:18,24227.1,2026-08-25,24400.0,PE,158.5,158.2,158.5,313242,74645,26024,6.56
2026-08-21 10:09:18,24227.1,2026-08-25,24450.0,CE,23.9,23.85,23.9,263049,80153,38154,8.65
2026-08-21 10:09:18,24227.1,2026-08-25,24450.0,PE,196.15,196.0,196.15,73303,18183,9465,5.81
2026-08-21 10:09:18,24227.1,2026-08-25,24500.0,CE,15.65,15.6,15.65,479348,238890,46357,8.61
2026-08-21 10:09:18,24227.1,2026-08-25,24500.0,PE,237.15,237.2,237.8,92361,65746,4161,
2026-08-21 10:09:18,24227.1,2026-08-25,24550.0,CE,10.25,10.2,10.25,224889,65654,19067,8.65
2026-08-21 10:09:18,24227.1,2026-08-25,24550.0,PE,281.65,281.6,282.2,10024,4036,1103,
2026-08-21 10:09:18,24227.1,2026-08-25,24600.0,CE,6.65,6.65,6.7,268276,155112,28471,8.74
2026-08-21 10:09:18,24227.1,2026-08-25,24600.0,PE,328.75,328.2,328.95,15897,15423,812,
2026-08-21 10:09:18,24227.1,2026-08-25,24650.0,CE,4.85,4.8,4.85,140183,54130,9624,9.02
2026-08-21 10:09:18,24227.1,2026-08-25,24650.0,PE,376.85,375.8,376.8,2588,3075,277,
2026-08-21 10:09:18,24227.1,2026-08-25,24700.0,CE,3.55,3.55,3.6,177133,124266,8016,9.37
2026-08-21 10:09:18,24227.1,2026-08-25,24700.0,PE,424.15,424.4,425.0,3496,13266,-55,
2026-08-21 10:09:18,24227.1,2026-08-25,24750.0,CE,2.9,2.85,2.9,111732,44895,13190,9.81
2026-08-21 10:09:18,24227.1,2026-08-25,24750.0,PE,473.55,473.7,475.35,326,1503,27,
2026-08-21 10:10:18,24225.9,2026-08-25,23750.0,CE,534.15,530.55,533.1,154,726,-24,15.68
2026-08-21 10:10:18,24225.9,2026-08-25,23750.0,PE,4.5,4.45,4.5,141342,40398,5545,11.68
2026-08-21 10:10:18,24225.9,2026-08-25,23800.0,CE,481.6,481.75,483.0,3442,9984,392,15.83
2026-08-21 10:10:18,24225.9,2026-08-25,23800.0,PE,5.2,5.2,5.25,255849,132136,7744,11.05
2026-08-21 10:10:18,24225.9,2026-08-25,23850.0,CE,432.45,433.05,434.55,624,1193,58,15.09
2026-08-21 10:10:18,24225.9,2026-08-25,23850.0,PE,6.4,6.4,6.45,166125,64116,5929,10.49
2026-08-21 10:10:18,24225.9,2026-08-25,23900.0,CE,385.1,385.3,386.35,5454,5403,673,14.16
2026-08-21 10:10:18,24225.9,2026-08-25,23900.0,PE,8.35,8.3,8.35,260400,116426,12795,10.02
2026-08-21 10:10:18,24225.9,2026-08-25,23950.0,CE,338.9,338.0,338.75,4215,3799,550,13.31
2026-08-21 10:10:18,24225.9,2026-08-25,23950.0,PE,11.05,11.0,11.05,189301,53181,4572,9.6
2026-08-21 10:10:18,24225.9,2026-08-25,24000.0,CE,292.2,292.2,292.95,60679,96855,2455,12.4
2026-08-21 10:10:18,24225.9,2026-08-25,24000.0,PE,15.15,15.15,15.2,537499,284209,32703,9.24
2026-08-21 10:10:18,24225.9,2026-08-25,24050.0,CE,247.65,247.9,248.5,21619,11074,1631,11.55
2026-08-21 10:10:18,24225.9,2026-08-25,24050.0,PE,20.6,20.55,20.6,265139,74555,25993,8.86
2026-08-21 10:10:18,24225.9,2026-08-25,24100.0,CE,206.05,206.0,206.2,135647,57402,10360,10.92
2026-08-21 10:10:18,24225.9,2026-08-25,24100.0,PE,28.45,28.35,28.45,490004,156238,38970,8.53
2026-08-21 10:10:18,24225.9,2026-08-25,24150.0,CE,167.1,166.65,167.0,161626,36545,17279,10.44
2026-08-21 10:10:18,24225.9,2026-08-25,24150.0,PE,39.3,39.2,39.3,449956,115970,44400,8.22
2026-08-21 10:10:18,24225.9,2026-08-25,24200.0,CE,131.65,131.6,131.85,854655,223290,93927,9.99
2026-08-21 10:10:18,24225.9,2026-08-25,24200.0,PE,53.9,53.75,53.9,1423247,353769,149323,7.94
2026-08-21 10:10:18,24225.9,2026-08-25,24250.0,CE,100.05,100.1,100.25,925026,163605,99442,9.55
2026-08-21 10:10:18,24225.9,2026-08-25,24250.0,PE,72.65,72.6,72.8,1177886,194906,118329,7.67
2026-08-21 10:10:18,24225.9,2026-08-25,24300.0,CE,73.75,73.65,73.7,1151731,289690,139138,9.23
2026-08-21 10:10:18,24225.9,2026-08-25,24300.0,PE,96.5,96.4,96.5,1059114,215272,100237,7.36
2026-08-21 10:10:18,24225.9,2026-08-25,24350.0,CE,52.2,52.15,52.3,468609,103717,56724,8.98
2026-08-21 10:10:18,24225.9,2026-08-25,24350.0,PE,125.35,125.05,125.35,357742,66833,36153,7.03
2026-08-21 10:10:18,24225.9,2026-08-25,24400.0,CE,35.8,35.8,35.9,539137,194930,68458,8.78
2026-08-21 10:10:18,24225.9,2026-08-25,24400.0,PE,158.85,158.45,158.85,320087,73292,24671,6.56
2026-08-21 10:10:18,24225.9,2026-08-25,24450.0,CE,23.7,23.7,23.75,266228,79848,37849,8.65
2026-08-21 10:10:18,24225.9,2026-08-25,24450.0,PE,196.6,196.45,196.95,75686,17177,8459,5.81
2026-08-21 10:10:18,24225.9,2026-08-25,24500.0,CE,15.5,15.5,15.55,491239,237331,44798,8.61
2026-08-21 10:10:18,24225.9,2026-08-25,24500.0,PE,237.9,237.85,238.5,93891,65653,4068,
2026-08-21 10:10:18,24225.9,2026-08-25,24550.0,CE,10.1,10.1,10.15,228345,65648,19061,8.65
2026-08-21 10:10:18,24225.9,2026-08-25,24550.0,PE,282.5,282.2,283.0,10216,4065,1132,
2026-08-21 10:10:18,24225.9,2026-08-25,24600.0,CE,6.6,6.6,6.65,273508,154559,27918,8.74
2026-08-21 10:10:18,24225.9,2026-08-25,24600.0,PE,329.4,328.55,329.45,16141,15417,806,
2026-08-21 10:10:18,24225.9,2026-08-25,24650.0,CE,4.75,4.75,4.8,141768,54406,9900,9.02
2026-08-21 10:10:18,24225.9,2026-08-25,24650.0,PE,375.75,376.45,377.5,2599,3066,268,
2026-08-21 10:10:18,24225.9,2026-08-25,24700.0,CE,3.6,3.55,3.6,178928,124765,8515,9.37
2026-08-21 10:10:18,24225.9,2026-08-25,24700.0,PE,426.0,425.0,425.95,3547,13259,-62,
2026-08-21 10:10:18,24225.9,2026-08-25,24750.0,CE,2.9,2.85,2.9,112082,44866,13161,9.81
2026-08-21 10:10:18,24225.9,2026-08-25,24750.0,PE,473.55,473.95,476.4,326,1503,27,
2026-08-21 10:11:19,24232.35,2026-08-25,23750.0,CE,534.15,531.7,534.05,154,726,-24,15.68
2026-08-21 10:11:19,24232.35,2026-08-25,23750.0,PE,4.5,4.45,4.5,141864,40398,5545,11.68
2026-08-21 10:11:19,24232.35,2026-08-25,23800.0,CE,481.95,482.65,484.05,3483,9984,392,15.83
2026-08-21 10:11:19,24232.35,2026-08-25,23800.0,PE,5.25,5.25,5.3,256987,132401,8009,11.05
2026-08-21 10:11:19,24232.35,2026-08-25,23850.0,CE,433.75,433.85,435.45,628,1187,52,15.09
2026-08-21 10:11:19,24232.35,2026-08-25,23850.0,PE,6.45,6.4,6.45,167147,63999,5812,10.49
2026-08-21 10:11:19,24232.35,2026-08-25,23900.0,CE,385.8,385.95,387.15,5510,5403,673,14.16
2026-08-21 10:11:19,24232.35,2026-08-25,23900.0,PE,8.35,8.3,8.35,263898,116386,12755,10.02
2026-08-21 10:11:19,24232.35,2026-08-25,23950.0,CE,338.4,338.8,339.75,4235,3799,550,13.31
2026-08-21 10:11:19,24232.35,2026-08-25,23950.0,PE,11.0,10.95,11.05,190528,53143,4534,9.6
2026-08-21 10:11:19,24232.35,2026-08-25,24000.0,CE,293.1,292.6,293.2,61359,96855,2455,12.4
2026-08-21 10:11:19,24232.35,2026-08-25,24000.0,PE,15.2,15.1,15.2,542263,283831,32325,9.24
2026-08-21 10:11:19,24232.35,2026-08-25,24050.0,CE,248.65,248.7,249.2,21913,11074,1631,11.55
2026-08-21 10:11:19,24232.35,2026-08-25,24050.0,PE,20.45,20.45,20.5,268356,74555,25993,8.86
2026-08-21 10:11:19,24232.35,2026-08-25,24100.0,CE,206.55,206.7,207.2,137150,57402,10360,10.92
2026-08-21 10:11:19,24232.35,2026-08-25,24100.0,PE,28.25,28.2,28.25,496636,156238,38970,8.53
2026-08-21 10:11:19,24232.35,2026-08-25,24150.0,CE,166.95,167.15,167.6,163296,36956,17690,10.44
2026-08-21 10:11:19,24232.35,2026-08-25,24150.0,PE,39.2,39.05,39.2,455261,115327,43757,8.22
2026-08-21 10:11:19,24232.35,2026-08-25,24200.0,CE,132.45,132.4,132.5,863077,225286,95923,9.99
2026-08-21 10:11:19,24232.35,2026-08-25,24200.0,PE,53.5,53.5,53.6,1444144,352208,147762,7.94
2026-08-21 10:11:19,24232.35,2026-08-25,24250.0,CE,100.5,100.4,100.5,933568,165200,101037,9.55
2026-08-21 10:11:19,24232.35,2026-08-25,24250.0,PE,72.45,72.45,72.65,1197031,193426,116849,7.67
2026-08-21 10:11:19,24232.35,2026-08-25,24300.0,CE,74.2,74.2,74.3,1163395,291244,140692,9.23
2026-08-21 10:11:19,24232.35,2026-08-25,24300.0,PE,95.95,95.9,95.95,1073692,214221,99186,7.36
2026-08-21 10:11:19,24232.35,2026-08-25,24350.0,CE,52.5,52.4,52.5,472953,103616,56623,8.98
2026-08-21 10:11:19,24232.35,2026-08-25,24350.0,PE,124.9,124.85,125.1,363869,65961,35281,7.03
2026-08-21 10:11:19,24232.35,2026-08-25,24400.0,CE,36.1,36.1,36.2,544221,194930,68458,8.78
2026-08-21 10:11:19,24232.35,2026-08-25,24400.0,PE,158.0,157.75,158.1,325161,73292,24671,6.56
2026-08-21 10:11:19,24232.35,2026-08-25,24450.0,CE,24.0,23.95,24.0,268625,79848,37849,8.65
2026-08-21 10:11:19,24232.35,2026-08-25,24450.0,PE,196.1,195.8,196.15,76624,17177,8459,5.81
2026-08-21 10:11:19,24232.35,2026-08-25,24500.0,CE,15.6,15.6,15.65,496346,237441,44908,8.61
2026-08-21 10:11:19,24232.35,2026-08-25,24500.0,PE,237.6,237.4,238.0,95546,65194,3609,
2026-08-21 10:11:19,24232.35,2026-08-25,24550.0,CE,10.25,10.25,10.3,231245,66053,19466,8.65
2026-08-21 10:11:19,24232.35,2026-08-25,24550.0,PE,282.2,281.35,282.15,10443,4109,1176,
2026-08-21 10:11:19,24232.35,2026-08-25,24600.0,CE,6.75,6.7,6.75,278268,153152,26511,8.74
2026-08-21 10:11:19,24232.35,2026-08-25,24600.0,PE,329.2,328.15,329.05,16409,15387,776,
2026-08-21 10:11:19,24232.35,2026-08-25,24650.0,CE,4.85,4.85,4.9,142959,54312,9806,9.02
2026-08-21 10:11:19,24232.35,2026-08-25,24650.0,PE,376.85,375.6,376.6,2645,3066,268,
2026-08-21 10:11:19,24232.35,2026-08-25,24700.0,CE,3.55,3.55,3.6,179156,124732,8482,9.37
2026-08-21 10:11:19,24232.35,2026-08-25,24700.0,PE,425.45,424.35,425.6,3616,13259,-62,
2026-08-21 10:11:19,24232.35,2026-08-25,24750.0,CE,2.9,2.85,2.9,113164,44866,13161,9.81
2026-08-21 10:11:19,24232.35,2026-08-25,24750.0,PE,475.25,473.15,475.05,334,1502,26,
2026-08-21 10:12:19,24232.7,2026-08-25,23750.0,CE,534.2,533.8,536.15,201,727,-23,18.12
2026-08-21 10:12:19,24232.7,2026-08-25,23750.0,PE,4.45,4.4,4.45,142567,40407,5554,11.39
2026-08-21 10:12:19,24232.7,2026-08-25,23800.0,CE,485.4,484.7,486.25,3517,9997,405,16.09
2026-08-21 10:12:19,24232.7,2026-08-25,23800.0,PE,5.25,5.2,5.25,258399,132568,8176,10.77
2026-08-21 10:12:19,24232.7,2026-08-25,23850.0,CE,436.75,436.25,437.75,634,1186,51,15.23
2026-08-21 10:12:19,24232.7,2026-08-25,23850.0,PE,6.3,6.3,6.35,167994,63869,5682,10.25
2026-08-21 10:12:19,24232.7,2026-08-25,23900.0,CE,388.35,388.45,389.45,5560,5430,700,14.26
2026-08-21 10:12:19,24232.7,2026-08-25,23900.0,PE,8.2,8.15,8.2,265377,115222,11591,9.81
2026-08-21 10:12:19,24232.7,2026-08-25,23950.0,CE,339.7,340.7,341.6,4274,3799,550,13.16
2026-08-21 10:12:19,24232.7,2026-08-25,23950.0,PE,10.85,10.8,10.85,192232,53139,4530,9.41
2026-08-21 10:12:19,24232.7,2026-08-25,24000.0,CE,296.0,295.85,296.1,61891,96901,2501,12.55
2026-08-21 10:12:19,24232.7,2026-08-25,24000.0,PE,14.85,14.8,14.85,546953,283093,31587,9.06
2026-08-21 10:12:19,24232.7,2026-08-25,24050.0,CE,251.0,250.6,251.15,22118,11155,1712,11.68
2026-08-21 10:12:19,24232.7,2026-08-25,24050.0,PE,20.1,20.1,20.15,270992,74407,25845,8.7
2026-08-21 10:12:19,24232.7,2026-08-25,24100.0,CE,208.9,208.2,208.75,138602,57555,10513,11.01
2026-08-21 10:12:19,24232.7,2026-08-25,24100.0,PE,27.8,27.8,27.9,501681,155957,38689,8.36
2026-08-21 10:12:19,24232.7,2026-08-25,24150.0,CE,169.5,169.15,169.5,165880,37980,18714,10.45
2026-08-21 10:12:19,24232.7,2026-08-25,24150.0,PE,38.35,38.4,38.45,460559,114781,43211,8.06
2026-08-21 10:12:19,24232.7,2026-08-25,24200.0,CE,134.05,133.75,134.05,873617,228509,99146,10.05
2026-08-21 10:12:19,24232.7,2026-08-25,24200.0,PE,52.85,52.7,52.85,1458682,351390,146944,7.76
2026-08-21 10:12:19,24232.7,2026-08-25,24250.0,CE,102.0,101.95,102.15,945309,166924,102761,9.6
2026-08-21 10:12:19,24232.7,2026-08-25,24250.0,PE,71.35,71.15,71.35,1211743,191992,115415,7.49
2026-08-21 10:12:19,24232.7,2026-08-25,24300.0,CE,75.35,75.25,75.35,1175094,293989,143437,9.29
2026-08-21 10:12:19,24232.7,2026-08-25,24300.0,PE,94.7,94.7,94.85,1086307,215909,100874,7.15
2026-08-21 10:12:19,24232.7,2026-08-25,24350.0,CE,53.5,53.35,53.5,478647,103298,56305,9.05
2026-08-21 10:12:19,24232.7,2026-08-25,24350.0,PE,123.4,123.2,123.45,369160,66347,35667,6.71
2026-08-21 10:12:19,24232.7,2026-08-25,24400.0,CE,36.85,36.75,36.85,549048,195657,69185,8.87
2026-08-21 10:12:19,24232.7,2026-08-25,24400.0,PE,156.0,156.15,156.6,328272,72729,24108,6.05
2026-08-21 10:12:19,24232.7,2026-08-25,24450.0,CE,24.35,24.35,24.45,271075,80464,38465,8.77
2026-08-21 10:12:19,24232.7,2026-08-25,24450.0,PE,193.8,193.8,194.2,77680,16991,8273,4.61
2026-08-21 10:12:19,24232.7,2026-08-25,24500.0,CE,15.95,16.0,16.05,500242,237976,45443,8.77
2026-08-21 10:12:19,24232.7,2026-08-25,24500.0,PE,235.55,235.2,235.8,96367,65220,3635,
2026-08-21 10:12:19,24232.7,2026-08-25,24550.0,CE,10.4,10.4,10.45,233358,66235,19648,8.86
2026-08-21 10:12:19,24232.7,2026-08-25,24550.0,PE,280.0,279.35,280.15,10532,4109,1176,
2026-08-21 10:12:19,24232.7,2026-08-25,24600.0,CE,6.85,6.85,6.9,280776,153256,26615,8.99
2026-08-21 10:12:19,24232.7,2026-08-25,24600.0,PE,326.0,325.65,326.45,16519,15387,776,
2026-08-21 10:12:19,24232.7,2026-08-25,24650.0,CE,4.95,4.9,4.95,144068,54713,10207,9.34
2026-08-21 10:12:19,24232.7,2026-08-25,24650.0,PE,374.8,373.4,374.55,2669,3073,275,
2026-08-21 10:12:19,24232.7,2026-08-25,24700.0,CE,3.65,3.6,3.65,180969,124975,8725,9.7
2026-08-21 10:12:19,24232.7,2026-08-25,24700.0,PE,423.85,421.55,422.8,3630,13238,-83,
2026-08-21 10:12:19,24232.7,2026-08-25,24750.0,CE,2.95,2.9,2.95,113463,45080,13375,10.19
2026-08-21 10:12:19,24232.7,2026-08-25,24750.0,PE,471.5,470.45,473.05,336,1502,26,
2026-08-21 10:13:19,24234.55,2026-08-25,23750.0,CE,534.2,537.45,539.35,201,727,-23,18.12
2026-08-21 10:13:19,24234.55,2026-08-25,23750.0,PE,4.45,4.4,4.45,142666,40019,5166,11.39
2026-08-21 10:13:19,24234.55,2026-08-25,23800.0,CE,489.9,488.45,489.9,3527,10009,417,16.09
2026-08-21 10:13:19,24234.55,2026-08-25,23800.0,PE,5.2,5.15,5.2,259105,132568,8176,10.77
2026-08-21 10:13:19,24234.55,2026-08-25,23850.0,CE,435.95,439.65,441.15,635,1187,52,15.23
2026-08-21 10:13:19,24234.55,2026-08-25,23850.0,PE,6.3,6.25,6.3,168197,63869,5682,10.25
2026-08-21 10:13:19,24234.55,2026-08-25,23900.0,CE,392.95,392.0,392.95,5728,5426,696,14.26
2026-08-21 10:13:19,24234.55,2026-08-25,23900.0,PE,8.1,8.05,8.1,266081,115222,11591,9.81
2026-08-21 10:13:19,24234.55,2026-08-25,23950.0,CE,344.35,344.35,345.0,4280,3794,545,13.16
2026-08-21 10:13:19,24234.55,2026-08-25,23950.0,PE,10.65,10.6,10.65,192895,53139,4530,9.41
2026-08-21 10:13:19,24234.55,2026-08-25,24000.0,CE,299.0,298.5,299.0,62266,96918,2518,12.55
2026-08-21 10:13:19,24234.55,2026-08-25,24000.0,PE,14.55,14.5,14.6,548283,283093,31587,9.06
2026-08-21 10:13:19,24234.55,2026-08-25,24050.0,CE,254.4,253.9,254.5,22396,11194,1751,11.68
2026-08-21 10:13:19,24234.55,2026-08-25,24050.0,PE,19.7,19.7,19.75,272082,75059,26497,8.7
2026-08-21 10:13:19,24234.55,2026-08-25,24100.0,CE,211.75,211.25,211.75,139339,58090,11048,11.01
2026-08-21 10:13:19,24234.55,2026-08-25,24100.0,PE,27.3,27.25,27.3,503485,155302,38034,8.36
2026-08-21 10:13:19,24234.55,2026-08-25,24150.0,CE,172.3,171.75,172.2,167319,37980,18714,10.45
2026-08-21 10:13:19,24234.55,2026-08-25,24150.0,PE,37.6,37.55,37.6,462672,114781,43211,8.06
2026-08-21 10:13:19,24234.55,2026-08-25,24200.0,CE,135.95,135.95,136.25,879278,228509,99146,10.05
2026-08-21 10:13:19,24234.55,2026-08-25,24200.0,PE,51.7,51.55,51.7,1468366,351390,146944,7.76
2026-08-21 10:13:19,24234.55,2026-08-25,24250.0,CE,103.95,103.9,104.1,952134,166924,102761,9.6
2026-08-21 10:13:19,24234.55,2026-08-25,24250.0,PE,69.8,69.8,69.95,1220649,191992,115415,7.49
2026-08-21 10:13:19,24234.55,2026-08-25,24300.0,CE,77.0,76.8,77.0,1182002,293989,143437,9.29
2026-08-21 10:13:19,24234.55,2026-08-25,24300.0,PE,92.75,92.6,92.85,1092991,215909,100874,7.15
2026-08-21 10:13:19,24234.55,2026-08-25,24350.0,CE,54.7,54.7,54.8,481602,103298,56305,9.05
2026-08-21 10:13:19,24234.55,2026-08-25,24350.0,PE,120.95,120.65,120.9,371970,66347,35667,6.71
2026-08-21 10:13:19,24234.55,2026-08-25,24400.0,CE,37.75,37.7,37.75,553240,196017,69545,8.87
2026-08-21 10:13:19,24234.55,2026-08-25,24400.0,PE,153.55,153.55,153.95,330775,72392,23771,6.05
2026-08-21 10:13:19,24234.55,2026-08-25,24450.0,CE,24.95,24.95,25.0,272608,81110,39111,8.77
2026-08-21 10:13:19,24234.55,2026-08-25,24450.0,PE,191.45,191.05,191.45,78165,17021,8303,4.61
2026-08-21 10:13:19,24234.55,2026-08-25,24500.0,CE,16.4,16.35,16.4,502111,237976,45443,8.77
2026-08-21 10:13:19,24234.55,2026-08-25,24500.0,PE,231.85,231.85,232.4,96908,65220,3635,
2026-08-21 10:13:19,24234.55,2026-08-25,24550.0,CE,10.65,10.6,10.7,234233,66235,19648,8.86
2026-08-21 10:13:19,24234.55,2026-08-25,24550.0,PE,276.65,276.2,276.95,10613,4138,1205,
2026-08-21 10:13:19,24234.55,2026-08-25,24600.0,CE,7.0,6.95,7.0,281578,153256,26615,8.99
2026-08-21 10:13:19,24234.55,2026-08-25,24600.0,PE,322.15,322.2,322.95,16547,15396,785,
2026-08-21 10:13:19,24234.55,2026-08-25,24650.0,CE,4.95,4.95,5.0,144302,54713,10207,9.34
2026-08-21 10:13:19,24234.55,2026-08-25,24650.0,PE,373.55,369.85,370.9,2678,3076,278,
2026-08-21 10:13:19,24234.55,2026-08-25,24700.0,CE,3.6,3.6,3.65,181123,124975,8725,9.7
2026-08-21 10:13:19,24234.55,2026-08-25,24700.0,PE,418.2,418.1,419.45,3645,13237,-84,
2026-08-21 10:13:19,24234.55,2026-08-25,24750.0,CE,2.9,2.9,2.95,113797,45085,13380,10.19
2026-08-21 10:13:19,24234.55,2026-08-25,24750.0,PE,472.55,466.95,469.3,337,1503,27,
2026-08-21 10:14:19,24234.25,2026-08-25,23750.0,CE,534.2,535.9,538.0,201,727,-23,18.12
2026-08-21 10:14:19,24234.25,2026-08-25,23750.0,PE,4.5,4.45,4.5,143248,39698,4845,11.39
2026-08-21 10:14:19,24234.25,2026-08-25,23800.0,CE,488.5,487.15,488.5,3558,10013,421,16.09
2026-08-21 10:14:19,24234.25,2026-08-25,23800.0,PE,5.25,5.15,5.25,260388,132753,8361,10.77
2026-08-21 10:14:19,24234.25,2026-08-25,23850.0,CE,437.5,438.4,439.95,641,1184,49,15.23
2026-08-21 10:14:19,24234.25,2026-08-25,23850.0,PE,6.4,6.3,6.35,169015,63842,5655,10.25
2026-08-21 10:14:19,24234.25,2026-08-25,23900.0,CE,390.05,390.65,391.55,5841,5344,614,14.26
2026-08-21 10:14:19,24234.25,2026-08-25,23900.0,PE,8.2,8.15,8.2,270004,114672,11041,9.81
2026-08-21 10:14:19,24234.25,2026-08-25,23950.0,CE,342.4,343.25,344.05,4309,3792,543,13.16
2026-08-21 10:14:19,24234.25,2026-08-25,23950.0,PE,10.8,10.75,10.8,193572,53165,4556,9.41
2026-08-21 10:14:19,24234.25,2026-08-25,24000.0,CE,297.55,297.4,298.0,62673,96735,2335,12.55
2026-08-21 10:14:19,24234.25,2026-08-25,24000.0,PE,14.75,14.75,14.8,552388,283019,31513,9.06
2026-08-21 10:14:19,24234.25,2026-08-25,24050.0,CE,253.15,252.8,253.3,22579,11272,1829,11.68
2026-08-21 10:14:19,24234.25,2026-08-25,24050.0,PE,20.0,19.95,20.0,273365,75094,26532,8.7
2026-08-21 10:14:19,24234.25,2026-08-25,24100.0,CE,210.85,210.35,210.85,140807,58341,11299,11.01
2026-08-21 10:14:19,24234.25,2026-08-25,24100.0,PE,27.5,27.5,27.55,507089,155652,38384,8.36
2026-08-21 10:14:19,24234.25,2026-08-25,24150.0,CE,171.35,171.0,171.4,169083,38005,18739,10.45
2026-08-21 10:14:19,24234.25,2026-08-25,24150.0,PE,38.0,37.9,38.0,467138,115036,43466,8.06
2026-08-21 10:14:19,24234.25,2026-08-25,24200.0,CE,135.5,135.35,135.5,890000,228577,99214,10.05
2026-08-21 10:14:19,24234.25,2026-08-25,24200.0,PE,52.15,52.0,52.15,1480140,350408,145962,7.76
2026-08-21 10:14:19,24234.25,2026-08-25,24250.0,CE,103.55,103.25,103.5,961442,167710,103547,9.6
2026-08-21 10:14:19,24234.25,2026-08-25,24250.0,PE,70.6,70.45,70.6,1233509,189273,112696,7.49
2026-08-21 10:14:19,24234.25,2026-08-25,24300.0,CE,76.3,76.25,76.5,1195390,293766,143214,9.29
2026-08-21 10:14:19,24234.25,2026-08-25,24300.0,PE,93.65,93.45,93.65,1102822,214720,99685,7.15
2026-08-21 10:14:19,24234.25,2026-08-25,24350.0,CE,54.35,54.25,54.35,485777,103209,56216,9.05
2026-08-21 10:14:19,24234.25,2026-08-25,24350.0,PE,121.7,121.65,121.9,375931,66066,35386,6.71
2026-08-21 10:14:19,24234.25,2026-08-25,24400.0,CE,37.45,37.3,37.4,558317,194142,67670,8.87
2026-08-21 10:14:19,24234.25,2026-08-25,24400.0,PE,154.45,154.5,154.85,333413,72027,23406,6.05
2026-08-21 10:14:19,24234.25,2026-08-25,24450.0,CE,24.8,24.75,24.8,274694,81471,39472,8.77
2026-08-21 10:14:19,24234.25,2026-08-25,24450.0,PE,192.75,192.0,192.35,78657,16972,8254,4.61
2026-08-21 10:14:19,24234.25,2026-08-25,24500.0,CE,16.25,16.2,16.25,505399,238168,45635,8.77
2026-08-21 10:14:19,24234.25,2026-08-25,24500.0,PE,233.05,233.05,233.65,97512,65306,3721,
2026-08-21 10:14:19,24234.25,2026-08-25,24550.0,CE,10.55,10.55,10.6,235688,66371,19784,8.86
2026-08-21 10:14:19,24234.25,2026-08-25,24550.0,PE,279.15,277.35,278.1,10735,4160,1227,
2026-08-21 10:14:19,24234.25,2026-08-25,24600.0,CE,6.9,6.9,6.95,282754,153346,26705,8.99
2026-08-21 10:14:19,24234.25,2026-08-25,24600.0,PE,325.15,323.7,324.5,16859,15399,788,
2026-08-21 10:14:19,24234.25,2026-08-25,24650.0,CE,5.0,4.95,5.0,145302,54981,10475,9.34
2026-08-21 10:14:19,24234.25,2026-08-25,24650.0,PE,372.15,371.15,372.05,2716,3089,291,
2026-08-21 10:14:19,24234.25,2026-08-25,24700.0,CE,3.65,3.6,3.65,181977,125032,8782,9.7
2026-08-21 10:14:19,24234.25,2026-08-25,24700.0,PE,421.7,419.7,420.65,3671,13243,-78,
2026-08-21 10:14:19,24234.25,2026-08-25,24750.0,CE,2.9,2.9,2.95,114023,45149,13444,10.19
2026-08-21 10:14:19,24234.25,2026-08-25,24750.0,PE,471.35,468.75,471.05,343,1503,27,
2026-08-21 10:15:19,24235.25,2026-08-25,23750.0,CE,539.9,539.2,541.7,212,716,-34,18.12
2026-08-21 10:15:19,24235.25,2026-08-25,23750.0,PE,4.6,4.6,4.65,145419,39362,4509,11.39
2026-08-21 10:15:19,24235.25,2026-08-25,23800.0,CE,491.6,489.45,490.95,3634,10044,452,16.09
2026-08-21 10:15:19,24235.25,2026-08-25,23800.0,PE,5.3,5.3,5.35,264262,133368,8976,10.77
2026-08-21 10:15:19,24235.25,2026-08-25,23850.0,CE,442.55,441.6,442.8,667,1181,46,15.23
2026-08-21 10:15:19,24235.25,2026-08-25,23850.0,PE,6.5,6.45,6.5,170533,63652,5465,10.25
2026-08-21 10:15:19,24235.25,2026-08-25,23900.0,CE,394.55,393.45,394.6,5938,5341,611,14.26
2026-08-21 10:15:19,24235.25,2026-08-25,23900.0,PE,8.25,8.2,8.3,272418,113963,10332,9.81
2026-08-21 10:15:19,24235.25,2026-08-25,23950.0,CE,346.0,345.9,346.8,4382,3791,542,13.16
2026-08-21 10:15:19,24235.25,2026-08-25,23950.0,PE,10.85,10.8,10.85,195529,53269,4660,9.41
2026-08-21 10:15:19,24235.25,2026-08-25,24000.0,CE,299.85,299.15,299.85,63469,96775,2375,12.55
2026-08-21 10:15:19,24235.25,2026-08-25,24000.0,PE,14.85,14.8,14.85,558179,282673,31167,9.06
2026-08-21 10:15:19,24235.25,2026-08-25,24050.0,CE,255.0,255.35,255.9,22991,11239,1796,11.68
2026-08-21 10:15:19,24235.25,2026-08-25,24050.0,PE,19.9,19.9,20.0,276721,74785,26223,8.7
2026-08-21 10:15:19,24235.25,2026-08-25,24100.0,CE,212.8,212.7,213.2,143102,58477,11435,11.01
2026-08-21 10:15:19,24235.25,2026-08-25,24100.0,PE,27.35,27.3,27.35,512683,155846,38578,8.36
2026-08-21 10:15:19,24235.25,2026-08-25,24150.0,CE,172.6,172.6,172.8,171666,38455,19189,10.45
2026-08-21 10:15:19,24235.25,2026-08-25,24150.0,PE,37.8,37.7,37.8,472032,114736,43166,8.06
2026-08-21 10:15:19,24235.25,2026-08-25,24200.0,CE,137.35,137.0,137.35,902751,231536,102173,10.05
2026-08-21 10:15:19,24235.25,2026-08-25,24200.0,PE,51.7,51.55,51.7,1494561,349455,145009,7.76
2026-08-21 10:15:19,24235.25,2026-08-25,24250.0,CE,105.0,105.05,105.2,973976,168964,104801,9.6
2026-08-21 10:15:19,24235.25,2026-08-25,24250.0,PE,69.6,69.4,69.6,1244581,190538,113961,7.49
2026-08-21 10:15:19,24235.25,2026-08-25,24300.0,CE,77.65,77.65,77.85,1210834,296227,145675,9.29
2026-08-21 10:15:19,24235.25,2026-08-25,24300.0,PE,92.1,92.15,92.3,1112495,214543,99508,7.15
2026-08-21 10:15:19,24235.25,2026-08-25,24350.0,CE,55.05,55.05,55.15,492549,103254,56261,9.05
2026-08-21 10:15:19,24235.25,2026-08-25,24350.0,PE,120.6,120.65,120.95,381269,66354,35674,6.71
2026-08-21 10:15:19,24235.25,2026-08-25,24400.0,CE,38.15,38.05,38.15,566471,194432,67960,8.87
2026-08-21 10:15:19,24235.25,2026-08-25,24400.0,PE,153.3,153.0,153.4,336767,72450,23829,6.05
2026-08-21 10:15:19,24235.25,2026-08-25,24450.0,CE,25.35,25.35,25.45,279655,82136,40137,8.77
2026-08-21 10:15:19,24235.25,2026-08-25,24450.0,PE,190.6,190.35,190.8,79528,17034,8316,4.61
2026-08-21 10:15:19,24235.25,2026-08-25,24500.0,CE,16.6,16.6,16.7,512908,238620,46087,8.77
2026-08-21 10:15:19,24235.25,2026-08-25,24500.0,PE,232.0,231.6,232.0,98753,65419,3834,
2026-08-21 10:15:19,24235.25,2026-08-25,24550.0,CE,10.95,10.9,10.95,242773,66768,20181,8.86
2026-08-21 10:15:19,24235.25,2026-08-25,24550.0,PE,274.7,275.5,276.15,10808,4164,1231,
2026-08-21 10:15:19,24235.25,2026-08-25,24600.0,CE,7.15,7.15,7.2,292800,153458,26817,8.99
2026-08-21 10:15:19,24235.25,2026-08-25,24600.0,PE,321.8,321.0,321.8,17268,15529,918,
2026-08-21 10:15:19,24235.25,2026-08-25,24650.0,CE,5.1,5.1,5.15,149584,55058,10552,9.34
2026-08-21 10:15:19,24235.25,2026-08-25,24650.0,PE,368.05,368.5,369.4,2763,3085,287,
2026-08-21 10:15:19,24235.25,2026-08-25,24700.0,CE,3.75,3.7,3.75,183700,124694,8444,9.7
2026-08-21 10:15:19,24235.25,2026-08-25,24700.0,PE,418.0,417.7,418.55,3730,13244,-77,
2026-08-21 10:15:19,24235.25,2026-08-25,24750.0,CE,2.95,2.95,3.0,114808,45304,13599,10.19
2026-08-21 10:15:19,24235.25,2026-08-25,24750.0,PE,466.25,466.2,467.8,364,1503,27,
2026-08-21 10:16:20,24235.25,2026-08-25,23750.0,CE,541.6,539.05,541.25,214,716,-34,18.12
2026-08-21 10:16:20,24235.25,2026-08-25,23750.0,PE,4.55,4.5,4.55,145994,39511,4658,11.39
2026-08-21 10:16:20,24235.25,2026-08-25,23800.0,CE,490.35,489.85,491.0,3638,10071,479,16.09
2026-08-21 10:16:20,24235.25,2026-08-25,23800.0,PE,5.25,5.25,5.3,264855,133490,9098,10.77
2026-08-21 10:16:20,24235.25,2026-08-25,23850.0,CE,442.55,441.35,442.55,667,1181,46,15.23
2026-08-21 10:16:20,24235.25,2026-08-25,23850.0,PE,6.4,6.35,6.4,170892,63692,5505,10.25
2026-08-21 10:16:20,24235.25,2026-08-25,23900.0,CE,394.95,393.45,393.95,5947,5342,612,14.26
2026-08-21 10:16:20,24235.25,2026-08-25,23900.0,PE,8.15,8.15,8.2,273294,113684,10053,9.81
2026-08-21 10:16:20,24235.25,2026-08-25,23950.0,CE,346.3,346.0,346.4,4384,3803,554,13.16
2026-08-21 10:16:20,24235.25,2026-08-25,23950.0,PE,10.8,10.75,10.8,196199,53658,5049,9.41
2026-08-21 10:16:20,24235.25,2026-08-25,24000.0,CE,299.55,299.6,300.25,64318,96832,2432,12.55
2026-08-21 10:16:20,24235.25,2026-08-25,24000.0,PE,14.65,14.65,14.7,561208,282273,30767,9.06
2026-08-21 10:16:20,24235.25,2026-08-25,24050.0,CE,255.4,255.0,255.45,23115,11083,1640,11.68
2026-08-21 10:16:20,24235.25,2026-08-25,24050.0,PE,19.8,19.7,19.8,277782,75277,26715,8.7
2026-08-21 10:16:20,24235.25,2026-08-25,24100.0,CE,212.35,212.35,212.85,143854,57864,10822,11.01
2026-08-21 10:16:20,24235.25,2026-08-25,24100.0,PE,27.25,27.2,27.25,515030,156880,39612,8.36
2026-08-21 10:16:20,24235.25,2026-08-25,24150.0,CE,172.85,172.85,173.2,172878,38007,18741,10.45
2026-08-21 10:16:20,24235.25,2026-08-25,24150.0,PE,37.55,37.45,37.55,473926,114929,43359,8.06
2026-08-21 10:16:20,24235.25,2026-08-25,24200.0,CE,136.8,136.8,137.15,908717,229660,100297,10.05
2026-08-21 10:16:20,24235.25,2026-08-25,24200.0,PE,51.45,51.35,51.45,1501959,351931,147485,7.76
2026-08-21 10:16:20,24235.25,2026-08-25,24250.0,CE,104.5,104.5,104.7,980234,167044,102881,9.6
2026-08-21 10:16:20,24235.25,2026-08-25,24250.0,PE,69.55,69.4,69.6,1248814,191358,114781,7.49
2026-08-21 10:16:20,24235.25,2026-08-25,24300.0,CE,77.4,77.3,77.4,1216968,292701,142149,9.29
2026-08-21 10:16:20,24235.25,2026-08-25,24300.0,PE,92.3,92.15,92.3,1117535,215015,99980,7.15
2026-08-21 10:16:20,24235.25,2026-08-25,24350.0,CE,55.0,55.0,55.15,494757,102400,55407,9.05
2026-08-21 10:16:20,24235.25,2026-08-25,24350.0,PE,120.5,120.2,120.5,382790,66319,35639,6.71
2026-08-21 10:16:20,24235.25,2026-08-25,24400.0,CE,38.0,37.9,38.0,569113,193449,66977,8.87
2026-08-21 10:16:20,24235.25,2026-08-25,24400.0,PE,152.75,152.7,153.1,338988,72371,23750,6.05
2026-08-21 10:16:20,24235.25,2026-08-25,24450.0,CE,25.2,25.2,25.25,280914,81127,39128,8.77
2026-08-21 10:16:20,24235.25,2026-08-25,24450.0,PE,190.5,190.15,190.6,79776,17172,8454,4.61
2026-08-21 10:16:20,24235.25,2026-08-25,24500.0,CE,16.55,16.55,16.6,515022,238164,45631,8.77
2026-08-21 10:16:20,24235.25,2026-08-25,24500.0,PE,231.6,231.1,231.65,99210,65441,3856,
2026-08-21 10:16:20,24235.25,2026-08-25,24550.0,CE,10.8,10.8,10.85,244039,69043,22456,8.86
2026-08-21 10:16:20,24235.25,2026-08-25,24550.0,PE,274.55,275.25,275.9,10880,4188,1255,
2026-08-21 10:16:20,24235.25,2026-08-25,24600.0,CE,7.2,7.15,7.2,294738,153986,27345,8.99
2026-08-21 10:16:20,24235.25,2026-08-25,24600.0,PE,322.1,321.3,322.2,17283,15377,766,
2026-08-21 10:16:20,24235.25,2026-08-25,24650.0,CE,5.15,5.1,5.15,150099,57028,12522,9.34
2026-08-21 10:16:20,24235.25,2026-08-25,24650.0,PE,368.05,369.0,369.8,2766,3055,257,
2026-08-21 10:16:20,24235.25,2026-08-25,24700.0,CE,3.75,3.7,3.75,184624,124358,8108,9.7
2026-08-21 10:16:20,24235.25,2026-08-25,24700.0,PE,417.35,417.25,418.1,3761,13229,-92,
2026-08-21 10:16:20,24235.25,2026-08-25,24750.0,CE,3.0,2.95,3.0,115009,45497,13792,10.19
2026-08-21 10:16:20,24235.25,2026-08-25,24750.0,PE,466.25,466.1,467.75,364,1503,27,
2026-08-21 10:17:20,24234.7,2026-08-25,23750.0,CE,541.6,538.3,540.2,214,716,-34,18.13
2026-08-21 10:17:20,24234.7,2026-08-25,23750.0,PE,4.7,4.65,4.7,146724,39357,4504,11.39
2026-08-21 10:17:20,24234.7,2026-08-25,23800.0,CE,490.0,489.1,490.2,3647,10070,478,16.14
2026-08-21 10:17:20,24234.7,2026-08-25,23800.0,PE,5.4,5.4,5.45,266472,133484,9092,10.79
2026-08-21 10:17:20,24234.7,2026-08-25,23850.0,CE,441.85,440.7,441.8,671,1182,47,15.24
2026-08-21 10:17:20,24234.7,2026-08-25,23850.0,PE,6.6,6.6,6.65,178228,63677,5490,10.23
2026-08-21 10:17:20,24234.7,2026-08-25,23900.0,CE,393.0,392.45,393.2,5968,5345,615,14.09
2026-08-21 10:17:20,24234.7,2026-08-25,23900.0,PE,8.4,8.35,8.45,275442,113314,9683,9.8
2026-08-21 10:17:20,24234.7,2026-08-25,23950.0,CE,345.4,345.1,345.6,4412,3805,556,13.17
2026-08-21 10:17:20,24234.7,2026-08-25,23950.0,PE,11.05,11.0,11.05,197481,53727,5118,9.38
2026-08-21 10:17:20,24234.7,2026-08-25,24000.0,CE,299.05,299.0,299.55,64719,96749,2349,12.52
2026-08-21 10:17:20,24234.7,2026-08-25,24000.0,PE,15.0,14.9,15.0,564755,282805,31299,9.04
2026-08-21 10:17:20,24234.7,2026-08-25,24050.0,CE,254.8,254.5,254.65,23268,11097,1654,11.8
2026-08-21 10:17:20,24234.7,2026-08-25,24050.0,PE,20.05,20.05,20.1,279699,75455,26893,8.67
2026-08-21 10:17:20,24234.7,2026-08-25,24100.0,CE,212.25,212.0,212.3,144654,57715,10673,11.03
2026-08-21 10:17:20,24234.7,2026-08-25,24100.0,PE,27.6,27.5,27.6,518137,157488,40220,8.34
2026-08-21 10:17:20,24234.7,2026-08-25,24150.0,CE,172.8,172.35,172.8,174010,37941,18675,10.5
2026-08-21 10:17:20,24234.7,2026-08-25,24150.0,PE,37.85,37.85,37.9,477642,114844,43274,8.03
2026-08-21 10:17:20,24234.7,2026-08-25,24200.0,CE,136.75,136.35,136.7,914020,229319,99956,10.05
2026-08-21 10:17:20,24234.7,2026-08-25,24200.0,PE,51.7,51.75,51.9,1512479,353819,149373,7.73
2026-08-21 10:17:20,24234.7,2026-08-25,24250.0,CE,104.0,104.0,104.25,985584,167321,103158,9.68
2026-08-21 10:17:20,24234.7,2026-08-25,24250.0,PE,69.85,69.7,69.85,1262836,193164,116587,7.41
2026-08-21 10:17:20,24234.7,2026-08-25,24300.0,CE,77.05,76.85,77.0,1225069,293457,142905,9.33
2026-08-21 10:17:20,24234.7,2026-08-25,24300.0,PE,92.9,92.75,92.9,1124422,214604,99569,7.09
2026-08-21 10:17:20,24234.7,2026-08-25,24350.0,CE,54.8,54.7,54.8,498350,102366,55373,9.1
2026-08-21 10:17:20,24234.7,2026-08-25,24350.0,PE,121.2,121.0,121.1,385825,66646,35966,6.64
2026-08-21 10:17:20,24234.7,2026-08-25,24400.0,CE,37.75,37.65,37.75,572036,192872,66400,8.91
2026-08-21 10:17:20,24234.7,2026-08-25,24400.0,PE,153.8,153.45,153.8,340919,72343,23722,6.0
2026-08-21 10:17:20,24234.7,2026-08-25,24450.0,CE,25.05,25.05,25.1,283031,81477,39478,8.79
2026-08-21 10:17:20,24234.7,2026-08-25,24450.0,PE,191.35,190.95,191.3,80215,17137,8419,4.29
2026-08-21 10:17:20,24234.7,2026-08-25,24500.0,CE,16.5,16.4,16.45,517343,237728,45195,8.78
2026-08-21 10:17:20,24234.7,2026-08-25,24500.0,PE,231.9,231.9,232.35,100091,65544,3959,
2026-08-21 10:17:20,24234.7,2026-08-25,24550.0,CE,10.75,10.75,10.8,246113,68845,22258,8.85
2026-08-21 10:17:20,24234.7,2026-08-25,24550.0,PE,276.5,276.05,276.6,10941,4181,1248,
2026-08-21 10:17:20,24234.7,2026-08-25,24600.0,CE,7.1,7.1,7.15,297499,153481,26840,8.99
2026-08-21 10:17:20,24234.7,2026-08-25,24600.0,PE,322.55,322.25,323.0,17334,15394,783,
2026-08-21 10:17:20,24234.7,2026-08-25,24650.0,CE,5.1,5.05,5.1,150690,57176,12670,9.32
2026-08-21 10:17:20,24234.7,2026-08-25,24650.0,PE,371.1,369.9,370.8,2774,3057,259,
2026-08-21 10:17:20,24234.7,2026-08-25,24700.0,CE,3.7,3.7,3.75,185314,124235,7985,9.71
2026-08-21 10:17:20,24234.7,2026-08-25,24700.0,PE,418.55,418.2,419.2,3782,13221,-100,
2026-08-21 10:17:20,24234.7,2026-08-25,24750.0,CE,2.95,2.9,2.95,115215,45585,13880,10.19
2026-08-21 10:17:20,24234.7,2026-08-25,24750.0,PE,466.25,467.45,468.95,364,1503,27,
2026-08-21 10:18:20,24235.75,2026-08-25,23750.0,CE,541.6,541.4,544.1,214,716,-34,18.12
2026-08-21 10:18:20,24235.75,2026-08-25,23750.0,PE,4.65,4.6,4.65,147411,39517,4664,11.39
2026-08-21 10:18:20,24235.75,2026-08-25,23800.0,CE,493.0,492.5,493.55,3660,10074,482,16.09
2026-08-21 10:18:20,24235.75,2026-08-25,23800.0,PE,5.3,5.3,5.35,268003,133044,8652,10.77
2026-08-21 10:18:20,24235.75,2026-08-25,23850.0,CE,441.85,443.5,445.1,671,1183,48,15.23
2026-08-21 10:18:20,24235.75,2026-08-25,23850.0,PE,6.4,6.4,6.45,181162,65946,7759,10.25
2026-08-21 10:18:20,24235.75,2026-08-25,23900.0,CE,394.65,395.5,396.4,6004,5347,617,14.26
2026-08-21 10:18:20,24235.75,2026-08-25,23900.0,PE,8.1,8.1,8.15,276832,113385,9754,9.81
2026-08-21 10:18:20,24235.75,2026-08-25,23950.0,CE,348.15,347.75,348.5,4453,3803,554,13.16
2026-08-21 10:18:20,24235.75,2026-08-25,23950.0,PE,10.65,10.6,10.65,198682,54013,5404,9.41
2026-08-21 10:18:20,24235.75,2026-08-25,24000.0,CE,301.7,301.75,302.5,66141,96507,2107,12.55
2026-08-21 10:18:20,24235.75,2026-08-25,24000.0,PE,14.4,14.4,14.45,570245,282838,31332,9.06
2026-08-21 10:18:20,24235.75,2026-08-25,24050.0,CE,257.45,257.15,257.6,23482,11043,1600,11.68
2026-08-21 10:18:20,24235.75,2026-08-25,24050.0,PE,19.35,19.35,19.4,281964,75254,26692,8.7
2026-08-21 10:18:20,24235.75,2026-08-25,24100.0,CE,214.6,214.3,214.7,146085,57768,10726,11.01
2026-08-21 10:18:20,24235.75,2026-08-25,24100.0,PE,26.65,26.6,26.65,522836,158575,41307,8.36
2026-08-21 10:18:20,24235.75,2026-08-25,24150.0,CE,174.8,174.55,174.95,175788,37977,18711,10.45
2026-08-21 10:18:20,24235.75,2026-08-25,24150.0,PE,36.8,36.7,36.75,481725,115294,43724,8.06
2026-08-21 10:18:20,24235.75,2026-08-25,24200.0,CE,138.2,138.35,138.5,923356,230548,101185,10.05
2026-08-21 10:18:20,24235.75,2026-08-25,24200.0,PE,50.45,50.4,50.5,1525918,357863,153417,7.76
2026-08-21 10:18:20,24235.75,2026-08-25,24250.0,CE,105.95,105.7,105.95,1000444,170748,106585,9.6
2026-08-21 10:18:20,24235.75,2026-08-25,24250.0,PE,68.0,68.0,68.15,1275164,194874,118297,7.49
2026-08-21 10:18:20,24235.75,2026-08-25,24300.0,CE,78.35,78.25,78.4,1236436,294096,143544,9.29
2026-08-21 10:18:20,24235.75,2026-08-25,24300.0,PE,90.6,90.6,90.85,1133576,214186,99151,7.15
2026-08-21 10:18:20,24235.75,2026-08-25,24350.0,CE,55.9,55.9,55.95,503138,102943,55950,9.05
2026-08-21 10:18:20,24235.75,2026-08-25,24350.0,PE,118.75,118.55,118.75,388690,66802,36122,6.71
2026-08-21 10:18:20,24235.75,2026-08-25,24400.0,CE,38.7,38.6,38.7,577684,193202,66730,8.87
2026-08-21 10:18:20,24235.75,2026-08-25,24400.0,PE,151.2,151.0,151.25,343083,72323,23702,6.05
2026-08-21 10:18:20,24235.75,2026-08-25,24450.0,CE,25.85,25.75,25.85,285785,81364,39365,8.77
2026-08-21 10:18:20,24235.75,2026-08-25,24450.0,PE,189.1,188.2,188.65,81216,17525,8807,4.61
2026-08-21 10:18:20,24235.75,2026-08-25,24500.0,CE,17.05,17.0,17.05,521244,237567,45034,8.77
2026-08-21 10:18:20,24235.75,2026-08-25,24500.0,PE,230.0,229.05,229.55,101109,65775,4190,
2026-08-21 10:18:20,24235.75,2026-08-25,24550.0,CE,11.2,11.15,11.2,248247,68407,21820,8.86
2026-08-21 10:18:20,24235.75,2026-08-25,24550.0,PE,272.85,272.85,273.5,11057,4185,1252,
2026-08-21 10:18:20,24235.75,2026-08-25,24600.0,CE,7.4,7.35,7.4,301686,153031,26390,8.99
2026-08-21 10:18:20,24235.75,2026-08-25,24600.0,PE,321.6,319.05,319.95,17396,15400,789,
2026-08-21 10:18:20,24235.75,2026-08-25,24650.0,CE,5.3,5.3,5.35,159448,61680,17174,9.34
2026-08-21 10:18:20,24235.75,2026-08-25,24650.0,PE,367.2,366.9,367.65,2788,3053,255,
2026-08-21 10:18:20,24235.75,2026-08-25,24700.0,CE,3.85,3.85,3.9,186682,123997,7747,9.7
2026-08-21 10:18:20,24235.75,2026-08-25,24700.0,PE,414.95,414.9,415.85,3841,13214,-107,
2026-08-21 10:18:20,24235.75,2026-08-25,24750.0,CE,3.05,3.0,3.05,116478,45845,14140,10.19
2026-08-21 10:18:20,24235.75,2026-08-25,24750.0,PE,464.8,464.0,465.6,367,1496,20,
2026-08-21 10:19:20,24235.4,2026-08-25,23750.0,CE,541.6,536.95,540.05,214,716,-34,18.12
2026-08-21 10:19:20,24235.4,2026-08-25,23750.0,PE,4.65,4.65,4.7,147670,39545,4692,11.39
2026-08-21 10:19:20,24235.4,2026-08-25,23800.0,CE,489.55,488.9,489.95,3664,10073,481,16.09
2026-08-21 10:19:20,24235.4,2026-08-25,23800.0,PE,5.4,5.35,5.4,268882,133038,8646,10.77
2026-08-21 10:19:20,24235.4,2026-08-25,23850.0,CE,441.85,439.85,441.55,671,1183,48,15.23
2026-08-21 10:19:20,24235.4,2026-08-25,23850.0,PE,6.55,6.5,6.55,181850,66146,7959,10.25
2026-08-21 10:19:20,24235.4,2026-08-25,23900.0,CE,392.35,392.25,393.1,6036,5349,619,14.26
2026-08-21 10:19:20,24235.4,2026-08-25,23900.0,PE,8.35,8.3,8.35,277871,113494,9863,9.81
2026-08-21 10:19:20,24235.4,2026-08-25,23950.0,CE,344.75,344.8,345.5,4472,3805,556,13.16
2026-08-21 10:19:20,24235.4,2026-08-25,23950.0,PE,10.9,10.85,10.9,199651,54022,5413,9.41
2026-08-21 10:19:20,24235.4,2026-08-25,24000.0,CE,298.7,298.6,299.35,66354,96466,2066,12.55
2026-08-21 10:19:20,24235.4,2026-08-25,24000.0,PE,14.8,14.75,14.8,572859,283075,31569,9.06
2026-08-21 10:19:20,24235.4,2026-08-25,24050.0,CE,253.8,254.0,254.5,23631,10977,1534,11.68
2026-08-21 10:19:20,24235.4,2026-08-25,24050.0,PE,19.85,19.85,19.9,283217,75303,26741,8.7
2026-08-21 10:19:20,24235.4,2026-08-25,24100.0,CE,211.8,211.3,211.75,147046,57760,10718,11.01
2026-08-21 10:19:20,24235.4,2026-08-25,24100.0,PE,27.35,27.3,27.35,525565,158688,41420,8.36
2026-08-21 10:19:20,24235.4,2026-08-25,24150.0,CE,171.8,171.85,172.1,177000,37817,18551,10.45
2026-08-21 10:19:20,24235.4,2026-08-25,24150.0,PE,37.6,37.5,37.6,484634,115440,43870,8.06
2026-08-21 10:19:20,24235.4,2026-08-25,24200.0,CE,135.95,135.95,136.25,928515,232952,103589,10.05
2026-08-21 10:19:20,24235.4,2026-08-25,24200.0,PE,51.5,51.4,51.5,1535226,359169,154723,7.76
2026-08-21 10:19:20,24235.4,2026-08-25,24250.0,CE,103.6,103.6,103.8,1007734,172601,108438,9.6
2026-08-21 10:19:20,24235.4,2026-08-25,24250.0,PE,69.5,69.5,69.65,1281554,194477,117900,7.49
2026-08-21 10:19:20,24235.4,2026-08-25,24300.0,CE,76.65,76.5,76.65,1242595,295037,144485,9.29
2026-08-21 10:19:20,24235.4,2026-08-25,24300.0,PE,92.55,92.4,92.65,1138045,212469,97434,7.15
2026-08-21 10:19:20,24235.4,2026-08-25,24350.0,CE,54.55,54.4,54.55,506432,103119,56126,9.05
2026-08-21 10:19:20,24235.4,2026-08-25,24350.0,PE,120.9,120.6,120.9,390591,66118,35438,6.71
2026-08-21 10:19:20,24235.4,2026-08-25,24400.0,CE,37.55,37.45,37.5,583524,193384,66912,8.87
2026-08-21 10:19:20,24235.4,2026-08-25,24400.0,PE,153.35,153.25,153.7,344515,72387,23766,6.05
2026-08-21 10:19:20,24235.4,2026-08-25,24450.0,CE,24.9,24.9,25.0,287788,81611,39612,8.77
2026-08-21 10:19:20,24235.4,2026-08-25,24450.0,PE,191.7,190.9,191.25,81511,17511,8793,4.61
2026-08-21 10:19:20,24235.4,2026-08-25,24500.0,CE,16.4,16.4,16.45,524027,238048,45515,8.77
2026-08-21 10:19:20,24235.4,2026-08-25,24500.0,PE,232.6,232.1,232.6,101542,65775,4190,
2026-08-21 10:19:20,24235.4,2026-08-25,24550.0,CE,10.7,10.7,10.75,251524,67531,20944,8.86
2026-08-21 10:19:20,24235.4,2026-08-25,24550.0,PE,275.85,276.2,276.9,11127,4164,1231,
2026-08-21 10:19:20,24235.4,2026-08-25,24600.0,CE,7.15,7.1,7.15,303547,153474,26833,8.99
2026-08-21 10:19:20,24235.4,2026-08-25,24600.0,PE,322.8,322.6,323.3,17429,15403,792,
2026-08-21 10:19:20,24235.4,2026-08-25,24650.0,CE,5.2,5.15,5.2,160689,62080,17574,9.34
2026-08-21 10:19:20,24235.4,2026-08-25,24650.0,PE,370.05,370.05,370.8,2797,3056,258,
2026-08-21 10:19:20,24235.4,2026-08-25,24700.0,CE,3.8,3.75,3.8,187994,123930,7680,9.7
2026-08-21 10:19:20,24235.4,2026-08-25,24700.0,PE,418.3,418.3,419.15,3886,13198,-123,
2026-08-21 10:19:20,24235.4,2026-08-25,24750.0,CE,2.95,2.95,3.0,117344,45899,14194,10.19
2026-08-21 10:19:20,24235.4,2026-08-25,24750.0,PE,464.8,467.55,469.0,367,1496,20,
2026-08-21 10:20:21,24231.05,2026-08-25,23750.0,CE,541.6,537.0,539.05,214,716,-34,18.12
2026-08-21 10:20:21,24231.05,2026-08-25,23750.0,PE,4.6,4.6,4.65,147864,39545,4692,11.39
2026-08-21 10:20:21,24231.05,2026-08-25,23800.0,CE,489.5,488.0,489.05,3670,10073,481,16.09
2026-08-21 10:20:21,24231.05,2026-08-25,23800.0,PE,5.35,5.35,5.4,269469,133095,8703,10.77
2026-08-21 10:20:21,24231.05,2026-08-25,23850.0,CE,441.85,439.25,440.75,671,1183,48,15.23
2026-08-21 10:20:21,24231.05,2026-08-25,23850.0,PE,6.5,6.5,6.55,182294,66146,7959,10.25
2026-08-21 10:20:21,24231.05,2026-08-25,23900.0,CE,392.6,391.15,391.85,6069,5349,619,14.26
2026-08-21 10:20:21,24231.05,2026-08-25,23900.0,PE,8.3,8.3,8.35,278551,113494,9863,9.81
2026-08-21 10:20:21,24231.05,2026-08-25,23950.0,CE,344.8,344.1,344.5,4484,3805,556,13.16
2026-08-21 10:20:21,24231.05,2026-08-25,23950.0,PE,10.85,10.85,10.9,200064,54022,5413,9.41
2026-08-21 10:20:21,24231.05,2026-08-25,24000.0,CE,298.55,297.8,298.05,66561,96466,2066,12.55
2026-08-21 10:20:21,24231.05,2026-08-25,24000.0,PE,14.8,14.75,14.8,574770,283075,31569,9.06
2026-08-21 10:20:21,24231.05,2026-08-25,24050.0,CE,253.15,252.9,253.45,23758,10977,1534,11.68
2026-08-21 10:20:21,24231.05,2026-08-25,24050.0,PE,19.9,19.85,19.9,284207,75303,26741,8.7
2026-08-21 10:20:21,24231.05,2026-08-25,24100.0,CE,210.45,210.4,210.65,147533,57760,10718,11.01
2026-08-21 10:20:21,24231.05,2026-08-25,24100.0,PE,27.45,27.4,27.45,526953,158688,41420,8.36
2026-08-21 10:20:21,24231.05,2026-08-25,24150.0,CE,171.0,171.0,171.1,177591,37935,18669,10.45
2026-08-21 10:20:21,24231.05,2026-08-25,24150.0,PE,37.6,37.6,37.7,486195,115639,44069,8.06
2026-08-21 10:20:21,24231.05,2026-08-25,24200.0,CE,135.25,135.0,135.25,932120,232915,103552,10.05
2026-08-21 10:20:21,24231.05,2026-08-25,24200.0,PE,51.65,51.65,51.75,1540191,359169,154723,7.76
2026-08-21 10:20:21,24231.05,2026-08-25,24250.0,CE,102.7,102.6,102.9,1014247,172601,108438,9.6
2026-08-21 10:20:21,24231.05,2026-08-25,24250.0,PE,70.1,69.9,70.0,1286167,194477,117900,7.49
2026-08-21 10:20:21,24231.05,2026-08-25,24300.0,CE,75.75,75.75,75.9,1248224,295037,144485,9.29
2026-08-21 10:20:21,24231.05,2026-08-25,24300.0,PE,92.85,92.8,93.05,1141478,212469,97434,7.15
2026-08-21 10:20:21,24231.05,2026-08-25,24350.0,CE,53.85,53.8,53.95,508998,103119,56126,9.05
2026-08-21 10:20:21,24231.05,2026-08-25,24350.0,PE,121.5,121.25,121.5,391897,66118,35438,6.71
2026-08-21 10:20:21,24231.05,2026-08-25,24400.0,CE,37.05,37.05,37.1,586469,193384,66912,8.87
2026-08-21 10:20:21,24231.05,2026-08-25,24400.0,PE,153.9,154.0,154.4,345759,72387,23766,6.05
2026-08-21 10:20:21,24231.05,2026-08-25,24450.0,CE,24.65,24.6,24.65,289081,81611,39612,8.77
2026-08-21 10:20:21,24231.05,2026-08-25,24450.0,PE,192.3,191.85,192.4,81737,17511,8793,4.61
2026-08-21 10:20:21,24231.05,2026-08-25,24500.0,CE,16.15,16.15,16.2,526131,238214,45681,8.77
2026-08-21 10:20:21,24231.05,2026-08-25,24500.0,PE,233.1,233.0,233.5,101886,65775,4190,
2026-08-21 10:20:21,24231.05,2026-08-25,24550.0,CE,10.6,10.6,10.65,252366,67531,20944,8.86
2026-08-21 10:20:21,24231.05,2026-08-25,24550.0,PE,277.2,277.25,277.95,11162,4164,1231,
2026-08-21 10:20:21,24231.05,2026-08-25,24600.0,CE,7.1,7.05,7.1,304237,153474,26833,8.99
2026-08-21 10:20:21,24231.05,2026-08-25,24600.0,PE,324.05,323.45,323.95,17479,15403,792,
2026-08-21 10:20:21,24231.05,2026-08-25,24650.0,CE,5.15,5.15,5.2,163514,62080,17574,9.34
2026-08-21 10:20:21,24231.05,2026-08-25,24650.0,PE,370.5,371.15,371.95,2799,3056,258,
2026-08-21 10:20:21,24231.05,2026-08-25,24700.0,CE,3.75,3.75,3.8,188138,123930,7680,9.7
2026-08-21 10:20:21,24231.05,2026-08-25,24700.0,PE,420.0,419.6,420.0,3901,13198,-123,
2026-08-21 10:20:21,24231.05,2026-08-25,24750.0,CE,2.95,2.95,3.0,118554,45899,14194,10.19
2026-08-21 10:20:21,24231.05,2026-08-25,24750.0,PE,470.1,468.5,470.05,378,1495,19,
2026-08-21 10:21:21,24232.9,2026-08-25,23750.0,CE,541.6,534.6,536.8,214,716,-34,18.12
2026-08-21 10:21:21,24232.9,2026-08-25,23750.0,PE,4.6,4.55,4.6,148449,39681,4828,11.39
2026-08-21 10:21:21,24232.9,2026-08-25,23800.0,CE,485.05,485.4,486.25,3685,10075,483,16.09
2026-08-21 10:21:21,24232.9,2026-08-25,23800.0,PE,5.35,5.3,5.35,270306,133321,8929,10.77
2026-08-21 10:21:21,24232.9,2026-08-25,23850.0,CE,441.85,436.85,438.05,671,1183,48,15.23
2026-08-21 10:21:21,24232.9,2026-08-25,23850.0,PE,6.5,6.5,6.55,182681,66026,7839,10.25
2026-08-21 10:21:21,24232.9,2026-08-25,23900.0,CE,388.05,388.6,389.4,6092,5354,624,14.26
2026-08-21 10:21:21,24232.9,2026-08-25,23900.0,PE,8.35,8.3,8.35,279408,113491,9860,9.81
2026-08-21 10:21:21,24232.9,2026-08-25,23950.0,CE,342.0,341.1,341.8,4508,3806,557,13.16
2026-08-21 10:21:21,24232.9,2026-08-25,23950.0,PE,11.0,10.95,11.0,202460,54116,5507,9.41
2026-08-21 10:21:21,24232.9,2026-08-25,24000.0,CE,295.1,295.1,295.75,67205,96433,2033,12.55
2026-08-21 10:21:21,24232.9,2026-08-25,24000.0,PE,14.95,14.9,14.95,579247,283280,31774,9.06
2026-08-21 10:21:21,24232.9,2026-08-25,24050.0,CE,250.85,250.6,251.0,23947,10956,1513,11.68
2026-08-21 10:21:21,24232.9,2026-08-25,24050.0,PE,20.1,20.1,20.15,286477,75461,26899,8.7
2026-08-21 10:21:21,24232.9,2026-08-25,24100.0,CE,208.25,208.15,208.65,148920,57826,10784,11.01
2026-08-21 10:21:21,24232.9,2026-08-25,24100.0,PE,27.8,27.7,27.8,531023,158928,41660,8.36
2026-08-21 10:21:21,24232.9,2026-08-25,24150.0,CE,168.65,168.8,169.2,179731,38097,18831,10.45
2026-08-21 10:21:21,24232.9,2026-08-25,24150.0,PE,38.3,38.25,38.3,490226,116063,44493,8.06
2026-08-21 10:21:21,24232.9,2026-08-25,24200.0,CE,133.7,133.4,133.7,942340,232915,103552,10.05
2026-08-21 10:21:21,24232.9,2026-08-25,24200.0,PE,52.5,52.5,52.65,1556206,358824,154378,7.76
2026-08-21 10:21:21,24232.9,2026-08-25,24250.0,CE,101.45,101.45,101.55,1027221,174742,110579,9.6
2026-08-21 10:21:21,24232.9,2026-08-25,24250.0,PE,71.15,70.95,71.15,1299666,194889,118312,7.49
2026-08-21 10:21:21,24232.9,2026-08-25,24300.0,CE,74.7,74.7,74.85,1259887,295439,144887,9.29
2026-08-21 10:21:21,24232.9,2026-08-25,24300.0,PE,94.3,94.3,94.5,1152163,212132,97097,7.15
2026-08-21 10:21:21,24232.9,2026-08-25,24350.0,CE,53.15,53.0,53.15,516447,103247,56254,9.05
2026-08-21 10:21:21,24232.9,2026-08-25,24350.0,PE,122.8,122.85,123.15,396247,66439,35759,6.71
2026-08-21 10:21:21,24232.9,2026-08-25,24400.0,CE,36.5,36.5,36.6,592047,193537,67065,8.87
2026-08-21 10:21:21,24232.9,2026-08-25,24400.0,PE,156.3,156.0,156.4,349198,72625,24004,6.05
2026-08-21 10:21:21,24232.9,2026-08-25,24450.0,CE,24.3,24.2,24.3,291038,81890,39891,8.77
2026-08-21 10:21:21,24232.9,2026-08-25,24450.0,PE,194.1,194.05,194.45,82413,17494,8776,4.61
2026-08-21 10:21:21,24232.9,2026-08-25,24500.0,CE,16.05,16.0,16.05,530353,238715,46182,8.77
2026-08-21 10:21:21,24232.9,2026-08-25,24500.0,PE,236.0,235.4,235.85,102788,65707,4122,
2026-08-21 10:21:21,24232.9,2026-08-25,24550.0,CE,10.5,10.5,10.55,254106,67784,21197,8.86
2026-08-21 10:21:21,24232.9,2026-08-25,24550.0,PE,279.7,279.75,280.45,11221,4162,1229,
2026-08-21 10:21:21,24232.9,2026-08-25,24600.0,CE,7.05,7.0,7.05,306962,153362,26721,8.99
2026-08-21 10:21:21,24232.9,2026-08-25,24600.0,PE,326.25,326.0,326.85,17747,15414,803,
2026-08-21 10:21:21,24232.9,2026-08-25,24650.0,CE,5.15,5.1,5.15,164782,63544,19038,9.34
2026-08-21 10:21:21,24232.9,2026-08-25,24650.0,PE,373.35,373.6,374.3,2805,3057,259,
2026-08-21 10:21:21,24232.9,2026-08-25,24700.0,CE,3.7,3.7,3.75,188788,123915,7665,9.7
2026-08-21 10:21:21,24232.9,2026-08-25,24700.0,PE,423.6,421.75,423.1,3928,13186,-135,
2026-08-21 10:21:21,24232.9,2026-08-25,24750.0,CE,3.0,2.95,3.0,118930,45258,13553,10.19
2026-08-21 10:21:21,24232.9,2026-08-25,24750.0,PE,472.8,471.0,472.8,379,1489,13,
2026-08-21 10:22:21,24234.3,2026-08-25,23750.0,CE,541.6,534.45,537.4,214,716,-34,18.35
2026-08-21 10:22:21,24234.3,2026-08-25,23750.0,PE,4.55,4.5,4.55,148926,39461,4608,11.57
2026-08-21 10:22:21,24234.3,2026-08-25,23800.0,CE,486.95,485.6,486.85,3693,10074,482,16.7
2026-08-21 10:22:21,24234.3,2026-08-25,23800.0,PE,5.3,5.25,5.3,271780,133321,8929,10.95
2026-08-21 10:22:21,24234.3,2026-08-25,23850.0,CE,436.4,437.35,438.6,683,1184,49,15.83
2026-08-21 10:22:21,24234.3,2026-08-25,23850.0,PE,6.45,6.4,6.45,183216,66018,7831,10.39
2026-08-21 10:22:21,24234.3,2026-08-25,23900.0,CE,389.4,389.1,389.95,6106,5360,630,14.63
2026-08-21 10:22:21,24234.3,2026-08-25,23900.0,PE,8.25,8.2,8.25,280300,113498,9867,9.92
2026-08-21 10:22:21,24234.3,2026-08-25,23950.0,CE,339.1,341.6,342.35,4523,3807,558,13.61
2026-08-21 10:22:21,24234.3,2026-08-25,23950.0,PE,10.85,10.8,10.9,202991,54626,6017,9.48
2026-08-21 10:22:21,24234.3,2026-08-25,24000.0,CE,296.3,295.6,296.3,67518,96403,2003,12.63
2026-08-21 10:22:21,24234.3,2026-08-25,24000.0,PE,14.8,14.75,14.8,582110,282871,31365,9.1
2026-08-21 10:22:21,24234.3,2026-08-25,24050.0,CE,251.45,251.0,251.6,24176,10922,1479,11.91
2026-08-21 10:22:21,24234.3,2026-08-25,24050.0,PE,20.05,19.9,20.0,288042,75563,27001,8.7
2026-08-21 10:22:21,24234.3,2026-08-25,24100.0,CE,208.5,208.5,208.9,149888,57895,10853,11.21
2026-08-21 10:22:21,24234.3,2026-08-25,24100.0,PE,27.45,27.45,27.55,533636,159028,41760,8.36
2026-08-21 10:22:21,24234.3,2026-08-25,24150.0,CE,169.5,169.25,169.5,180787,38160,18894,10.62
2026-08-21 10:22:21,24234.3,2026-08-25,24150.0,PE,38.1,38.0,38.1,492658,116319,44749,8.05
2026-08-21 10:22:21,24234.3,2026-08-25,24200.0,CE,134.1,133.75,134.1,947017,233512,104149,10.09
2026-08-21 10:22:21,24234.3,2026-08-25,24200.0,PE,52.4,52.25,52.4,1564637,358467,154021,7.74
2026-08-21 10:22:21,24234.3,2026-08-25,24250.0,CE,101.95,101.7,101.95,1032584,176036,111873,9.63
2026-08-21 10:22:21,24234.3,2026-08-25,24250.0,PE,70.7,70.7,70.85,1308903,196485,119908,7.4
2026-08-21 10:22:21,24234.3,2026-08-25,24300.0,CE,75.0,75.0,75.2,1265362,296597,146045,9.32
2026-08-21 10:22:21,24234.3,2026-08-25,24300.0,PE,94.15,94.0,94.15,1158414,212880,97845,7.07
2026-08-21 10:22:21,24234.3,2026-08-25,24350.0,CE,53.5,53.3,53.4,519107,102875,55882,9.04
2026-08-21 10:22:21,24234.3,2026-08-25,24350.0,PE,122.85,122.55,122.85,398911,66126,35446,6.67
2026-08-21 10:22:21,24234.3,2026-08-25,24400.0,CE,36.65,36.6,36.7,595258,193996,67524,8.87
2026-08-21 10:22:21,24234.3,2026-08-25,24400.0,PE,156.3,156.0,156.3,350837,72273,23652,6.05
2026-08-21 10:22:21,24234.3,2026-08-25,24450.0,CE,24.45,24.4,24.45,293108,81904,39905,8.76
2026-08-21 10:22:21,24234.3,2026-08-25,24450.0,PE,194.0,193.8,194.25,82878,17429,8711,4.66
2026-08-21 10:22:21,24234.3,2026-08-25,24500.0,CE,16.15,16.15,16.2,532270,238807,46274,8.77
2026-08-21 10:22:21,24234.3,2026-08-25,24500.0,PE,235.4,234.8,235.4,103255,65723,4138,
2026-08-21 10:22:21,24234.3,2026-08-25,24550.0,CE,10.6,10.55,10.6,254731,67889,21302,8.82
2026-08-21 10:22:21,24234.3,2026-08-25,24550.0,PE,279.9,279.05,279.75,11268,4166,1233,
2026-08-21 10:22:21,24234.3,2026-08-25,24600.0,CE,7.05,7.05,7.1,307698,153760,27119,8.98
2026-08-21 10:22:21,24234.3,2026-08-25,24600.0,PE,326.2,325.15,326.0,17988,15569,958,
2026-08-21 10:22:21,24234.3,2026-08-25,24650.0,CE,5.15,5.1,5.15,165409,63537,19031,9.32
2026-08-21 10:22:21,24234.3,2026-08-25,24650.0,PE,376.25,373.0,373.7,2811,3060,262,
2026-08-21 10:22:21,24234.3,2026-08-25,24700.0,CE,3.8,3.75,3.8,189147,123881,7631,9.65
2026-08-21 10:22:21,24234.3,2026-08-25,24700.0,PE,422.35,421.4,422.55,3938,13180,-141,
2026-08-21 10:22:21,24234.3,2026-08-25,24750.0,CE,3.0,2.95,3.0,119000,45181,13476,10.1
2026-08-21 10:22:21,24234.3,2026-08-25,24750.0,PE,474.65,470.05,472.4,382,1490,14,
2026-08-21 10:23:21,24238.45,2026-08-25,23750.0,CE,539.75,538.45,540.15,215,716,-34,18.11
2026-08-21 10:23:21,24238.45,2026-08-25,23750.0,PE,4.45,4.45,4.5,149203,39183,4330,11.64
2026-08-21 10:23:21,24238.45,2026-08-25,23800.0,CE,487.95,488.85,490.1,3699,10072,480,15.5
2026-08-21 10:23:21,24238.45,2026-08-25,23800.0,PE,5.15,5.15,5.2,272746,134003,9611,10.99
2026-08-21 10:23:21,24238.45,2026-08-25,23850.0,CE,438.9,440.6,441.8,689,1183,48,15.61
2026-08-21 10:23:21,24238.45,2026-08-25,23850.0,PE,6.3,6.3,6.35,183511,66197,8010,10.44
2026-08-21 10:23:21,24238.45,2026-08-25,23900.0,CE,390.85,392.15,393.0,6113,5352,622,13.86
2026-08-21 10:23:21,24238.45,2026-08-25,23900.0,PE,8.0,8.0,8.05,281910,113630,9999,9.99
2026-08-21 10:23:21,24238.45,2026-08-25,23950.0,CE,345.0,344.6,345.45,4529,3816,567,12.8
2026-08-21 10:23:21,24238.45,2026-08-25,23950.0,PE,10.55,10.5,10.6,203423,54792,6183,9.57
2026-08-21 10:23:21,24238.45,2026-08-25,24000.0,CE,299.25,298.6,299.25,67708,96385,1985,12.07
2026-08-21 10:23:21,24238.45,2026-08-25,24000.0,PE,14.4,14.35,14.4,584917,283203,31697,9.22
2026-08-21 10:23:21,24238.45,2026-08-25,24050.0,CE,254.7,253.9,254.4,24257,10819,1376,11.35
2026-08-21 10:23:21,24238.45,2026-08-25,24050.0,PE,19.4,19.35,19.4,289443,76075,27513,8.82
2026-08-21 10:23:21,24238.45,2026-08-25,24100.0,CE,211.65,211.15,211.7,150544,58019,10977,10.67
2026-08-21 10:23:21,24238.45,2026-08-25,24100.0,PE,26.75,26.7,26.8,535408,159184,41916,8.52
2026-08-21 10:23:21,24238.45,2026-08-25,24150.0,CE,171.85,171.65,171.85,181549,38160,18894,10.14
2026-08-21 10:23:21,24238.45,2026-08-25,24150.0,PE,37.0,37.0,37.05,495472,116319,44749,8.21
2026-08-21 10:23:21,24238.45,2026-08-25,24200.0,CE,136.0,135.7,136.0,952153,234044,104681,9.76
2026-08-21 10:23:21,24238.45,2026-08-25,24200.0,PE,50.9,50.85,51.0,1572355,358644,154198,7.96
2026-08-21 10:23:21,24238.45,2026-08-25,24250.0,CE,103.5,103.5,103.6,1037963,176768,112605,9.36
2026-08-21 10:23:21,24238.45,2026-08-25,24250.0,PE,68.9,68.9,69.1,1316281,198298,121721,7.66
2026-08-21 10:23:21,24238.45,2026-08-25,24300.0,CE,76.45,76.35,76.5,1270734,297914,147362,9.06
2026-08-21 10:23:21,24238.45,2026-08-25,24300.0,PE,92.0,92.0,92.05,1164219,214072,99037,7.35
2026-08-21 10:23:21,24238.45,2026-08-25,24350.0,CE,54.35,54.35,54.45,521964,103360,56367,8.86
2026-08-21 10:23:21,24238.45,2026-08-25,24350.0,PE,120.05,120.05,120.35,400477,65666,34986,7.07
2026-08-21 10:23:21,24238.45,2026-08-25,24400.0,CE,37.5,37.4,37.5,598720,195214,68742,8.71
2026-08-21 10:23:21,24238.45,2026-08-25,24400.0,PE,153.0,153.0,153.2,352316,72595,23974,6.6
2026-08-21 10:23:21,24238.45,2026-08-25,24450.0,CE,24.8,24.85,24.9,294393,82187,40188,8.62
2026-08-21 10:23:21,24238.45,2026-08-25,24450.0,PE,190.5,190.45,190.9,83535,17612,8894,5.92
2026-08-21 10:23:21,24238.45,2026-08-25,24500.0,CE,16.4,16.35,16.45,533812,238807,46274,8.66
2026-08-21 10:23:21,24238.45,2026-08-25,24500.0,PE,232.0,231.65,232.25,103639,65723,4138,
2026-08-21 10:23:21,24238.45,2026-08-25,24550.0,CE,10.75,10.7,10.75,255762,67779,21192,8.73
2026-08-21 10:23:21,24238.45,2026-08-25,24550.0,PE,277.15,275.75,276.55,11300,4169,1236,
2026-08-21 10:23:21,24238.45,2026-08-25,24600.0,CE,7.1,7.1,7.15,308229,153957,27316,8.92
2026-08-21 10:23:21,24238.45,2026-08-25,24600.0,PE,323.05,321.95,322.75,18032,15438,827,
2026-08-21 10:23:21,24238.45,2026-08-25,24650.0,CE,5.15,5.15,5.2,166073,63672,19166,9.27
2026-08-21 10:23:21,24238.45,2026-08-25,24650.0,PE,371.7,369.7,370.45,2816,3057,259,
2026-08-21 10:23:21,24238.45,2026-08-25,24700.0,CE,3.8,3.75,3.8,189888,123926,7676,9.6
2026-08-21 10:23:21,24238.45,2026-08-25,24700.0,PE,420.0,418.0,419.45,3947,13179,-142,
2026-08-21 10:23:21,24238.45,2026-08-25,24750.0,CE,2.95,2.95,3.0,119438,45206,13501,10.1
2026-08-21 10:23:21,24238.45,2026-08-25,24750.0,PE,468.25,467.3,468.8,387,1490,14,
2026-08-21 10:24:21,24240.0,2026-08-25,23750.0,CE,539.75,538.3,541.95,215,725,-25,18.35
2026-08-21 10:24:21,24240.0,2026-08-25,23750.0,PE,4.45,4.45,4.5,149204,39096,4243,11.57
2026-08-21 10:24:21,24240.0,2026-08-25,23800.0,CE,487.95,490.15,491.85,3699,10072,480,16.7
2026-08-21 10:24:21,24240.0,2026-08-25,23800.0,PE,5.15,5.1,5.15,272824,134028,9636,10.95
2026-08-21 10:24:21,24240.0,2026-08-25,23850.0,CE,438.9,442.0,443.6,689,1183,48,15.83
2026-08-21 10:24:21,24240.0,2026-08-25,23850.0,PE,6.2,6.2,6.25,183526,66208,8021,10.39
2026-08-21 10:24:21,24240.0,2026-08-25,23900.0,CE,393.0,393.45,394.4,6115,5351,621,14.63
2026-08-21 10:24:21,24240.0,2026-08-25,23900.0,PE,8.0,7.95,8.0,282118,113113,9482,9.92
2026-08-21 10:24:21,24240.0,2026-08-25,23950.0,CE,346.0,346.0,346.8,4531,3812,563,13.61
2026-08-21 10:24:21,24240.0,2026-08-25,23950.0,PE,10.45,10.45,10.5,203768,54954,6345,9.48
2026-08-21 10:24:21,24240.0,2026-08-25,24000.0,CE,299.85,300.05,300.75,67735,96378,1978,12.63
2026-08-21 10:24:21,24240.0,2026-08-25,24000.0,PE,14.2,14.2,14.3,585385,284086,32580,9.1
2026-08-21 10:24:21,24240.0,2026-08-25,24050.0,CE,255.0,255.3,255.9,24262,10804,1361,11.91
2026-08-21 10:24:21,24240.0,2026-08-25,24050.0,PE,19.15,19.1,19.2,289860,76548,27986,8.7
2026-08-21 10:24:21,24240.0,2026-08-25,24100.0,CE,213.0,212.65,213.0,150664,58059,11017,11.21
2026-08-21 10:24:21,24240.0,2026-08-25,24100.0,PE,26.4,26.4,26.45,536036,159331,42063,8.36
2026-08-21 10:24:21,24240.0,2026-08-25,24150.0,CE,173.0,172.6,173.0,181709,38157,18891,10.62
2026-08-21 10:24:21,24240.0,2026-08-25,24150.0,PE,36.65,36.65,36.75,495746,116758,45188,8.05
2026-08-21 10:24:21,24240.0,2026-08-25,24200.0,CE,136.85,136.9,137.0,952990,234929,105566,10.09
2026-08-21 10:24:21,24240.0,2026-08-25,24200.0,PE,50.3,50.3,50.45,1574355,359780,155334,7.74
2026-08-21 10:24:21,24240.0,2026-08-25,24250.0,CE,104.0,104.1,104.2,1039077,177725,113562,9.63
2026-08-21 10:24:21,24240.0,2026-08-25,24250.0,PE,68.55,68.5,68.7,1317346,198793,122216,7.4
2026-08-21 10:24:21,24240.0,2026-08-25,24300.0,CE,77.0,76.9,77.0,1271757,298155,147603,9.32
2026-08-21 10:24:21,24240.0,2026-08-25,24300.0,PE,91.45,91.45,91.5,1165208,213667,98632,7.07
2026-08-21 10:24:21,24240.0,2026-08-25,24350.0,CE,54.8,54.85,54.9,522321,103622,56629,9.04
2026-08-21 10:24:21,24240.0,2026-08-25,24350.0,PE,119.3,119.2,119.45,400778,65660,34980,6.67
2026-08-21 10:24:21,24240.0,2026-08-25,24400.0,CE,37.85,37.85,37.95,599430,195345,68873,8.87
2026-08-21 10:24:21,24240.0,2026-08-25,24400.0,PE,151.9,151.65,152.0,352640,72571,23950,6.05
2026-08-21 10:24:21,24240.0,2026-08-25,24450.0,CE,25.3,25.2,25.3,294688,82120,40121,8.76
2026-08-21 10:24:21,24240.0,2026-08-25,24450.0,PE,189.25,189.2,189.35,83680,17285,8567,4.66
2026-08-21 10:24:21,24240.0,2026-08-25,24500.0,CE,16.55,16.55,16.6,534004,239220,46687,8.77
2026-08-21 10:24:21,24240.0,2026-08-25,24500.0,PE,230.4,230.4,231.0,103740,65697,4112,
2026-08-21 10:24:21,24240.0,2026-08-25,24550.0,CE,10.85,10.85,10.9,255863,67594,21007,8.82
2026-08-21 10:24:21,24240.0,2026-08-25,24550.0,PE,274.2,274.15,274.95,11308,4186,1253,
2026-08-21 10:24:21,24240.0,2026-08-25,24600.0,CE,7.15,7.15,7.2,308252,153890,27249,8.98
2026-08-21 10:24:21,24240.0,2026-08-25,24600.0,PE,322.25,320.65,321.5,18042,15453,842,
2026-08-21 10:24:21,24240.0,2026-08-25,24650.0,CE,5.2,5.15,5.2,166079,63618,19112,9.32
2026-08-21 10:24:21,24240.0,2026-08-25,24650.0,PE,370.0,368.2,369.25,2818,3054,256,
2026-08-21 10:24:21,24240.0,2026-08-25,24700.0,CE,3.8,3.75,3.8,189895,123952,7702,9.65
2026-08-21 10:24:21,24240.0,2026-08-25,24700.0,PE,420.0,416.45,417.95,3947,13175,-146,
2026-08-21 10:24:21,24240.0,2026-08-25,24750.0,CE,3.0,2.95,3.0,119446,45144,13439,10.1
2026-08-21 10:24:21,24240.0,2026-08-25,24750.0,PE,468.25,465.45,467.15,387,1490,14,
2026-08-21 10:25:21,24246.7,2026-08-25,23750.0,CE,539.75,543.4,545.5,215,725,-25,18.35
2026-08-21 10:25:21,24246.7,2026-08-25,23750.0,PE,4.4,4.4,4.45,149667,39096,4243,11.57
2026-08-21 10:25:21,24246.7,2026-08-25,23800.0,CE,495.45,493.95,495.45,3809,10072,480,16.7
2026-08-21 10:25:21,24246.7,2026-08-25,23800.0,PE,5.1,5.05,5.1,273781,134028,9636,10.95
2026-08-21 10:25:21,24246.7,2026-08-25,23850.0,CE,444.0,445.45,447.1,690,1183,48,15.83
2026-08-21 10:25:21,24246.7,2026-08-25,23850.0,PE,6.15,6.15,6.2,184348,66208,8021,10.39
2026-08-21 10:25:21,24246.7,2026-08-25,23900.0,CE,398.65,397.4,398.35,6161,5351,621,14.63
2026-08-21 10:25:21,24246.7,2026-08-25,23900.0,PE,7.85,7.8,7.85,283398,113113,9482,9.92
2026-08-21 10:25:21,24246.7,2026-08-25,23950.0,CE,350.0,349.85,350.65,4560,3812,563,13.61
2026-08-21 10:25:21,24246.7,2026-08-25,23950.0,PE,10.25,10.2,10.25,204903,54954,6345,9.48
2026-08-21 10:25:21,24246.7,2026-08-25,24000.0,CE,304.0,303.2,303.95,68223,96378,1978,12.63
2026-08-21 10:25:21,24246.7,2026-08-25,24000.0,PE,13.9,13.9,13.95,592343,284086,32580,9.1
2026-08-21 10:25:21,24246.7,2026-08-25,24050.0,CE,258.75,258.65,259.2,24497,10804,1361,11.91
2026-08-21 10:25:21,24246.7,2026-08-25,24050.0,PE,18.65,18.7,18.75,293916,76548,27986,8.7
2026-08-21 10:25:21,24246.7,2026-08-25,24100.0,CE,216.0,215.7,216.2,152668,58059,11017,11.21
2026-08-21 10:25:21,24246.7,2026-08-25,24100.0,PE,25.85,25.85,25.9,541578,159331,42063,8.36
2026-08-21 10:25:21,24246.7,2026-08-25,24150.0,CE,176.0,176.0,176.3,183966,38157,18891,10.62
2026-08-21 10:25:21,24246.7,2026-08-25,24150.0,PE,35.7,35.75,35.8,499649,116758,45188,8.05
2026-08-21 10:25:21,24246.7,2026-08-25,24200.0,CE,139.9,139.6,139.9,965434,234929,105566,10.09
2026-08-21 10:25:21,24246.7,2026-08-25,24200.0,PE,49.2,49.15,49.25,1591562,359780,155334,7.74
2026-08-21 10:25:21,24246.7,2026-08-25,24250.0,CE,106.5,106.5,106.75,1053375,177725,113562,9.63
2026-08-21 10:25:21,24246.7,2026-08-25,24250.0,PE,66.8,66.8,66.85,1330588,198793,122216,7.4
2026-08-21 10:25:21,24246.7,2026-08-25,24300.0,CE,79.05,78.8,79.0,1285334,298155,147603,9.32
2026-08-21 10:25:21,24246.7,2026-08-25,24300.0,PE,89.2,89.2,89.35,1178978,213667,98632,7.07
2026-08-21 10:25:21,24246.7,2026-08-25,24350.0,CE,56.4,56.25,56.4,526636,103622,56629,9.04
2026-08-21 10:25:21,24246.7,2026-08-25,24350.0,PE,117.0,116.65,116.85,406125,65660,34980,6.67
2026-08-21 10:25:21,24246.7,2026-08-25,24400.0,CE,38.9,38.8,38.9,603904,195345,68873,8.87
2026-08-21 10:25:21,24246.7,2026-08-25,24400.0,PE,149.25,148.9,149.25,356219,72571,23950,6.05
2026-08-21 10:25:21,24246.7,2026-08-25,24450.0,CE,25.9,25.85,25.9,296856,82120,40121,8.76
2026-08-21 10:25:21,24246.7,2026-08-25,24450.0,PE,186.55,186.05,186.5,84594,17285,8567,4.66
2026-08-21 10:25:21,24246.7,2026-08-25,24500.0,CE,17.0,16.95,17.0,538398,239220,46687,8.77
2026-08-21 10:25:21,24246.7,2026-08-25,24500.0,PE,227.3,226.7,227.3,104701,65697,4112,
2026-08-21 10:25:21,24246.7,2026-08-25,24550.0,CE,11.05,11.05,11.1,258122,67594,21007,8.82
2026-08-21 10:25:21,24246.7,2026-08-25,24550.0,PE,270.95,270.95,271.45,11397,4186,1253,
2026-08-21 10:25:21,24246.7,2026-08-25,24600.0,CE,7.3,7.25,7.3,310432,153890,27249,8.98
2026-08-21 10:25:21,24246.7,2026-08-25,24600.0,PE,317.3,316.8,317.6,18210,15453,842,
2026-08-21 10:25:21,24246.7,2026-08-25,24650.0,CE,5.2,5.2,5.25,166931,63618,19112,9.32
2026-08-21 10:25:21,24246.7,2026-08-25,24650.0,PE,368.35,364.15,365.35,2821,3054,256,
2026-08-21 10:25:21,24246.7,2026-08-25,24700.0,CE,3.8,3.75,3.8,190800,123952,7702,9.65
2026-08-21 10:25:21,24246.7,2026-08-25,24700.0,PE,412.6,412.8,413.95,3952,13175,-146,
2026-08-21 10:25:21,24246.7,2026-08-25,24750.0,CE,2.95,2.95,3.0,120308,45144,13439,10.1
2026-08-21 10:25:21,24246.7,2026-08-25,24750.0,PE,463.15,461.35,463.25,390,1489,13,
2026-08-21 10:26:22,24243.65,2026-08-25,23750.0,CE,539.75,546.1,548.1,215,725,-25,18.35
2026-08-21 10:26:22,24243.65,2026-08-25,23750.0,PE,4.4,4.4,4.45,150807,39236,4383,11.57
2026-08-21 10:26:22,24243.65,2026-08-25,23800.0,CE,497.95,496.85,498.35,3963,10085,493,16.7
2026-08-21 10:26:22,24243.65,2026-08-25,23800.0,PE,5.05,5.05,5.1,276035,134131,9739,10.95
2026-08-21 10:26:22,24243.65,2026-08-25,23850.0,CE,449.5,448.1,449.7,697,1184,49,15.83
2026-08-21 10:26:22,24243.65,2026-08-25,23850.0,PE,6.1,6.15,6.2,185388,65856,7669,10.39
2026-08-21 10:26:22,24243.65,2026-08-25,23900.0,CE,400.95,400.2,400.95,6246,5349,619,14.63
2026-08-21 10:26:22,24243.65,2026-08-25,23900.0,PE,7.75,7.75,7.8,285497,112801,9170,9.92
2026-08-21 10:26:22,24243.65,2026-08-25,23950.0,CE,353.0,352.6,353.4,4613,3792,543,13.61
2026-08-21 10:26:22,24243.65,2026-08-25,23950.0,PE,10.15,10.1,10.2,206964,54621,6012,9.48
2026-08-21 10:26:22,24243.65,2026-08-25,24000.0,CE,306.8,306.2,306.65,69316,96354,1954,12.63
2026-08-21 10:26:22,24243.65,2026-08-25,24000.0,PE,13.75,13.75,13.8,600127,284284,32778,9.1
2026-08-21 10:26:22,24243.65,2026-08-25,24050.0,CE,261.8,261.05,261.65,25161,10748,1305,11.91
2026-08-21 10:26:22,24243.65,2026-08-25,24050.0,PE,18.45,18.4,18.45,298617,76041,27479,8.7
2026-08-21 10:26:22,24243.65,2026-08-25,24100.0,CE,218.75,218.0,218.35,156520,58237,11195,11.21
2026-08-21 10:26:22,24243.65,2026-08-25,24100.0,PE,25.3,25.35,25.45,548393,158718,41450,8.36
2026-08-21 10:26:22,24243.65,2026-08-25,24150.0,CE,177.95,178.0,178.45,188651,38070,18804,10.62
2026-08-21 10:26:22,24243.65,2026-08-25,24150.0,PE,34.9,34.9,35.0,509052,118297,46727,8.05
2026-08-21 10:26:22,24243.65,2026-08-25,24200.0,CE,141.25,141.2,141.55,990282,235587,106224,10.09
2026-08-21 10:26:22,24243.65,2026-08-25,24200.0,PE,48.25,48.2,48.25,1618777,361934,157488,7.74
2026-08-21 10:26:22,24243.65,2026-08-25,24250.0,CE,108.35,108.3,108.35,1079824,176596,112433,9.63
2026-08-21 10:26:22,24243.65,2026-08-25,24250.0,PE,65.5,65.5,65.55,1350602,198312,121735,7.4
2026-08-21 10:26:22,24243.65,2026-08-25,24300.0,CE,80.4,80.25,80.45,1316178,297516,146964,9.32
2026-08-21 10:26:22,24243.65,2026-08-25,24300.0,PE,87.6,87.6,87.7,1196490,211181,96146,7.07
2026-08-21 10:26:22,24243.65,2026-08-25,24350.0,CE,57.3,57.25,57.35,537732,103936,56943,9.04
2026-08-21 10:26:22,24243.65,2026-08-25,24350.0,PE,115.25,115.05,115.3,412568,65874,35194,6.67
2026-08-21 10:26:22,24243.65,2026-08-25,24400.0,CE,39.6,39.5,39.6,614263,194869,68397,8.87
2026-08-21 10:26:22,24243.65,2026-08-25,24400.0,PE,147.05,147.05,147.35,361639,72701,24080,6.05
2026-08-21 10:26:22,24243.65,2026-08-25,24450.0,CE,26.4,26.4,26.5,305174,82835,40836,8.76
2026-08-21 10:26:22,24243.65,2026-08-25,24450.0,PE,183.95,184.0,184.45,85599,17219,8501,4.66
2026-08-21 10:26:22,24243.65,2026-08-25,24500.0,CE,17.5,17.4,17.5,546176,240249,47716,8.77
2026-08-21 10:26:22,24243.65,2026-08-25,24500.0,PE,224.85,224.35,224.85,106387,65853,4268,
2026-08-21 10:26:22,24243.65,2026-08-25,24550.0,CE,11.4,11.35,11.4,263892,69207,22620,8.82
2026-08-21 10:26:22,24243.65,2026-08-25,24550.0,PE,268.0,268.55,269.2,11638,4193,1260,
2026-08-21 10:26:22,24243.65,2026-08-25,24600.0,CE,7.4,7.35,7.4,316487,152987,26346,8.98
2026-08-21 10:26:22,24243.65,2026-08-25,24600.0,PE,314.4,314.05,314.8,18417,15525,914,
2026-08-21 10:26:22,24243.65,2026-08-25,24650.0,CE,5.25,5.25,5.3,168813,63648,19142,9.32
2026-08-21 10:26:22,24243.65,2026-08-25,24650.0,PE,362.25,361.55,362.7,2858,3061,263,
2026-08-21 10:26:22,24243.65,2026-08-25,24700.0,CE,3.85,3.8,3.85,191871,124396,8146,9.65
2026-08-21 10:26:22,24243.65,2026-08-25,24700.0,PE,410.0,409.85,411.0,4033,13184,-137,
2026-08-21 10:26:22,24243.65,2026-08-25,24750.0,CE,3.0,2.95,3.0,121393,44984,13279,10.1
2026-08-21 10:26:22,24243.65,2026-08-25,24750.0,PE,460.5,458.8,460.6,396,1491,15,
2026-08-21 10:27:22,24246.55,2026-08-25,23750.0,CE,539.75,543.95,546.1,215,725,-25,18.35
2026-08-21 10:27:22,24246.55,2026-08-25,23750.0,PE,4.6,4.55,4.6,151350,39325,4472,11.57
2026-08-21 10:27:22,24246.55,2026-08-25,23800.0,CE,495.75,495.35,497.0,3976,10084,492,16.7
2026-08-21 10:27:22,24246.55,2026-08-25,23800.0,PE,5.25,5.2,5.25,278438,134216,9824,10.95
2026-08-21 10:27:22,24246.55,2026-08-25,23850.0,CE,446.45,447.1,448.25,703,1188,53,15.83
2026-08-21 10:27:22,24246.55,2026-08-25,23850.0,PE,6.3,6.25,6.3,185889,65922,7735,10.39
2026-08-21 10:27:22,24246.55,2026-08-25,23900.0,CE,398.7,398.7,399.8,6278,5376,646,14.63
2026-08-21 10:27:22,24246.55,2026-08-25,23900.0,PE,7.9,7.9,7.95,286953,112616,8985,9.92
2026-08-21 10:27:22,24246.55,2026-08-25,23950.0,CE,350.1,351.05,352.0,4649,3796,547,13.61
2026-08-21 10:27:22,24246.55,2026-08-25,23950.0,PE,10.3,10.3,10.35,209004,54870,6261,9.48
2026-08-21 10:27:22,24246.55,2026-08-25,24000.0,CE,304.85,304.2,304.9,69926,96361,1961,12.63
2026-08-21 10:27:22,24246.55,2026-08-25,24000.0,PE,14.0,14.0,14.05,604388,284468,32962,9.1
2026-08-21 10:27:22,24246.55,2026-08-25,24050.0,CE,260.0,259.35,259.95,25354,10767,1324,11.91
2026-08-21 10:27:22,24246.55,2026-08-25,24050.0,PE,18.75,18.75,18.85,301653,76373,27811,8.7
2026-08-21 10:27:22,24246.55,2026-08-25,24100.0,CE,216.85,216.35,216.85,158095,58255,11213,11.21
2026-08-21 10:27:22,24246.55,2026-08-25,24100.0,PE,25.8,25.8,25.9,552797,158394,41126,8.36
2026-08-21 10:27:22,24246.55,2026-08-25,24150.0,CE,176.75,176.55,176.9,190408,37752,18486,10.62
2026-08-21 10:27:22,24246.55,2026-08-25,24150.0,PE,35.7,35.6,35.7,514696,119680,48110,8.05
2026-08-21 10:27:22,24246.55,2026-08-25,24200.0,CE,140.1,140.1,140.4,1001045,234415,105052,10.09
2026-08-21 10:27:22,24246.55,2026-08-25,24200.0,PE,49.1,48.95,49.05,1632150,364029,159583,7.74
2026-08-21 10:27:22,24246.55,2026-08-25,24250.0,CE,107.7,107.55,107.7,1089964,175358,111195,9.63
2026-08-21 10:27:22,24246.55,2026-08-25,24250.0,PE,66.25,66.25,66.4,1361945,201919,125342,7.4
2026-08-21 10:27:22,24246.55,2026-08-25,24300.0,CE,79.75,79.7,79.75,1328545,297281,146729,9.32
2026-08-21 10:27:22,24246.55,2026-08-25,24300.0,PE,88.4,88.4,88.55,1206766,211812,96777,7.07
2026-08-21 10:27:22,24246.55,2026-08-25,24350.0,CE,56.8,56.65,56.8,543050,103275,56282,9.04
2026-08-21 10:27:22,24246.55,2026-08-25,24350.0,PE,116.25,116.2,116.4,415699,66243,35563,6.67
2026-08-21 10:27:22,24246.55,2026-08-25,24400.0,CE,39.05,39.05,39.15,619499,194008,67536,8.87
2026-08-21 10:27:22,24246.55,2026-08-25,24400.0,PE,148.05,148.4,148.6,364767,73015,24394,6.05
2026-08-21 10:27:22,24246.55,2026-08-25,24450.0,CE,26.05,26.05,26.15,308018,82757,40758,8.76
2026-08-21 10:27:22,24246.55,2026-08-25,24450.0,PE,185.55,185.6,186.0,86249,17482,8764,4.66
2026-08-21 10:27:22,24246.55,2026-08-25,24500.0,CE,17.2,17.15,17.2,549718,239912,47379,8.77
2026-08-21 10:27:22,24246.55,2026-08-25,24500.0,PE,226.4,226.25,226.85,107396,66135,4550,
2026-08-21 10:27:22,24246.55,2026-08-25,24550.0,CE,11.2,11.15,11.25,265978,69028,22441,8.82
2026-08-21 10:27:22,24246.55,2026-08-25,24550.0,PE,271.2,270.1,270.85,11712,4190,1257,
2026-08-21 10:27:22,24246.55,2026-08-25,24600.0,CE,7.3,7.3,7.35,318297,153456,26815,8.98
2026-08-21 10:27:22,24246.55,2026-08-25,24600.0,PE,316.95,315.5,316.35,18587,15570,959,
2026-08-21 10:27:22,24246.55,2026-08-25,24650.0,CE,5.2,5.2,5.25,169484,63825,19319,9.32
2026-08-21 10:27:22,24246.55,2026-08-25,24650.0,PE,364.0,363.05,364.15,2872,3064,266,
2026-08-21 10:27:22,24246.55,2026-08-25,24700.0,CE,3.75,3.75,3.8,192735,124436,8186,9.65
2026-08-21 10:27:22,24246.55,2026-08-25,24700.0,PE,412.6,411.65,412.7,4046,13172,-149,
2026-08-21 10:27:22,24246.55,2026-08-25,24750.0,CE,3.0,2.95,3.0,121593,45210,13505,10.1
2026-08-21 10:27:22,24246.55,2026-08-25,24750.0,PE,460.5,460.55,462.6,396,1491,15,
2026-08-21 10:28:22,24246.9,2026-08-25,23750.0,CE,539.75,543.15,545.2,215,725,-25,18.35
2026-08-21 10:28:22,24246.9,2026-08-25,23750.0,PE,4.6,4.6,4.65,151909,39268,4415,11.57
2026-08-21 10:28:22,24246.9,2026-08-25,23800.0,CE,495.0,493.7,495.1,4004,10085,493,16.7
2026-08-21 10:28:22,24246.9,2026-08-25,23800.0,PE,5.3,5.25,5.3,280693,134450,10058,10.95
2026-08-21 10:28:22,24246.9,2026-08-25,23850.0,CE,449.0,445.15,446.6,704,1189,54,15.83
2026-08-21 10:28:22,24246.9,2026-08-25,23850.0,PE,6.45,6.35,6.45,186570,65796,7609,10.39
2026-08-21 10:28:22,24246.9,2026-08-25,23900.0,CE,399.1,396.95,398.0,6421,5337,607,14.63
2026-08-21 10:28:22,24246.9,2026-08-25,23900.0,PE,8.05,8.05,8.1,288593,112521,8890,9.92
2026-08-21 10:28:22,24246.9,2026-08-25,23950.0,CE,350.2,349.25,350.15,5245,3636,387,13.61
2026-08-21 10:28:22,24246.9,2026-08-25,23950.0,PE,10.5,10.5,10.6,210216,55582,6973,9.48
2026-08-21 10:28:22,24246.9,2026-08-25,24000.0,CE,303.85,303.05,303.8,70844,96351,1951,12.63
2026-08-21 10:28:22,24246.9,2026-08-25,24000.0,PE,14.3,14.25,14.3,611352,283580,32074,9.1
2026-08-21 10:28:22,24246.9,2026-08-25,24050.0,CE,259.05,258.45,259.15,25791,10668,1225,11.91
2026-08-21 10:28:22,24246.9,2026-08-25,24050.0,PE,19.15,19.1,19.15,306619,74658,26096,8.7
2026-08-21 10:28:22,24246.9,2026-08-25,24100.0,CE,215.25,215.3,215.75,161138,58170,11128,11.21
2026-08-21 10:28:22,24246.9,2026-08-25,24100.0,PE,26.2,26.1,26.2,558942,160643,43375,8.36
2026-08-21 10:28:22,24246.9,2026-08-25,24150.0,CE,175.65,175.5,175.95,193731,37676,18410,10.62
2026-08-21 10:28:22,24246.9,2026-08-25,24150.0,PE,36.05,36.0,36.1,520156,121203,49633,8.05
2026-08-21 10:28:22,24246.9,2026-08-25,24200.0,CE,139.65,139.3,139.5,1019073,234559,105196,10.09
2026-08-21 10:28:22,24246.9,2026-08-25,24200.0,PE,49.45,49.5,49.6,1649616,365525,161079,7.74
2026-08-21 10:28:22,24246.9,2026-08-25,24250.0,CE,106.5,106.5,106.8,1106714,175681,111518,9.63
2026-08-21 10:28:22,24246.9,2026-08-25,24250.0,PE,67.05,67.0,67.2,1377171,204669,128092,7.4
2026-08-21 10:28:22,24246.9,2026-08-25,24300.0,CE,78.9,78.8,78.95,1348030,294667,144115,9.32
2026-08-21 10:28:22,24246.9,2026-08-25,24300.0,PE,89.35,89.4,89.5,1219629,214184,99149,7.07
2026-08-21 10:28:22,24246.9,2026-08-25,24350.0,CE,56.25,56.25,56.4,552033,102451,55458,9.04
2026-08-21 10:28:22,24246.9,2026-08-25,24350.0,PE,117.1,117.1,117.4,419931,68196,37516,6.67
2026-08-21 10:28:22,24246.9,2026-08-25,24400.0,CE,38.8,38.8,38.9,630061,193725,67253,8.87
2026-08-21 10:28:22,24246.9,2026-08-25,24400.0,PE,149.4,149.4,149.8,367540,73401,24780,6.05
2026-08-21 10:28:22,24246.9,2026-08-25,24450.0,CE,26.05,25.95,26.0,312602,82090,40091,8.76
2026-08-21 10:28:22,24246.9,2026-08-25,24450.0,PE,187.05,186.75,187.2,87086,17658,8940,4.66
2026-08-21 10:28:22,24246.9,2026-08-25,24500.0,CE,17.05,17.05,17.1,555806,239625,47092,8.77
2026-08-21 10:28:22,24246.9,2026-08-25,24500.0,PE,227.95,227.5,228.0,108545,66015,4430,
2026-08-21 10:28:22,24246.9,2026-08-25,24550.0,CE,11.15,11.15,11.2,269429,68800,22213,8.82
2026-08-21 10:28:22,24246.9,2026-08-25,24550.0,PE,271.2,271.45,272.15,11808,4205,1272,
2026-08-21 10:28:22,24246.9,2026-08-25,24600.0,CE,7.35,7.3,7.35,322982,153884,27243,8.98
2026-08-21 10:28:22,24246.9,2026-08-25,24600.0,PE,317.0,317.25,317.95,18775,15619,1008,
2026-08-21 10:28:22,24246.9,2026-08-25,24650.0,CE,5.25,5.25,5.3,170812,64035,19529,9.32
2026-08-21 10:28:22,24246.9,2026-08-25,24650.0,PE,361.2,364.95,366.1,2885,3054,256,
2026-08-21 10:28:22,24246.9,2026-08-25,24700.0,CE,3.8,3.8,3.85,193307,124277,8027,9.65
2026-08-21 10:28:22,24246.9,2026-08-25,24700.0,PE,411.65,413.15,414.5,4072,13163,-158,
2026-08-21 10:28:22,24246.9,2026-08-25,24750.0,CE,3.0,3.0,3.05,121889,45301,13596,10.1
2026-08-21 10:28:22,24246.9,2026-08-25,24750.0,PE,458.0,462.45,463.9,399,1493,17,
2026-08-21 10:29:22,24251.7,2026-08-25,23750.0,CE,549.6,548.95,551.45,217,725,-25,18.35
2026-08-21 10:29:22,24251.7,2026-08-25,23750.0,PE,4.6,4.55,4.6,152539,39309,4456,11.57
2026-08-21 10:29:22,24251.7,2026-08-25,23800.0,CE,499.9,499.55,501.05,4017,10085,493,16.7
2026-08-21 10:29:22,24251.7,2026-08-25,23800.0,PE,5.25,5.2,5.25,281861,134711,10319,10.95
2026-08-21 10:29:22,24251.7,2026-08-25,23850.0,CE,451.25,451.1,452.4,721,1189,54,15.83
2026-08-21 10:29:22,24251.7,2026-08-25,23850.0,PE,6.25,6.25,6.3,187191,65942,7755,10.39
2026-08-21 10:29:22,24251.7,2026-08-25,23900.0,CE,402.6,402.7,403.5,6438,5337,607,14.63
2026-08-21 10:29:22,24251.7,2026-08-25,23900.0,PE,7.8,7.8,7.85,290144,112621,8990,9.92
2026-08-21 10:29:22,24251.7,2026-08-25,23950.0,CE,354.6,355.05,355.95,5267,3636,387,13.61
2026-08-21 10:29:22,24251.7,2026-08-25,23950.0,PE,10.15,10.15,10.2,210593,55631,7022,9.48
2026-08-21 10:29:22,24251.7,2026-08-25,24000.0,CE,308.6,308.45,309.0,71537,96251,1851,12.63
2026-08-21 10:29:22,24251.7,2026-08-25,24000.0,PE,13.7,13.7,13.75,615145,284675,33169,9.1
2026-08-21 10:29:22,24251.7,2026-08-25,24050.0,CE,264.0,263.6,264.0,25945,10671,1228,11.91
2026-08-21 10:29:22,24251.7,2026-08-25,24050.0,PE,18.4,18.35,18.4,308438,74738,26176,8.7
2026-08-21 10:29:22,24251.7,2026-08-25,24100.0,CE,221.65,221.0,221.4,162978,58034,10992,11.21
2026-08-21 10:29:22,24251.7,2026-08-25,24100.0,PE,25.0,25.0,25.05,563292,161926,44658,8.36
2026-08-21 10:29:22,24251.7,2026-08-25,24150.0,CE,180.7,180.35,180.8,196249,37784,18518,10.62
2026-08-21 10:29:22,24251.7,2026-08-25,24150.0,PE,34.6,34.55,34.65,523404,121696,50126,8.05
2026-08-21 10:29:22,24251.7,2026-08-25,24200.0,CE,144.0,143.75,144.0,1028175,235617,106254,10.09
2026-08-21 10:29:22,24251.7,2026-08-25,24200.0,PE,47.25,47.3,47.4,1661791,366005,161559,7.74
2026-08-21 10:29:22,24251.7,2026-08-25,24250.0,CE,110.35,110.05,110.35,1118432,176015,111852,9.63
2026-08-21 10:29:22,24251.7,2026-08-25,24250.0,PE,64.6,64.6,64.75,1388400,206932,130355,7.4
2026-08-21 10:29:22,24251.7,2026-08-25,24300.0,CE,81.7,81.7,81.9,1358353,294731,144179,9.32
2026-08-21 10:29:22,24251.7,2026-08-25,24300.0,PE,86.25,86.35,86.5,1228664,215630,100595,7.07
2026-08-21 10:29:22,24251.7,2026-08-25,24350.0,CE,58.8,58.65,58.8,557986,102210,55217,9.04
2026-08-21 10:29:22,24251.7,2026-08-25,24350.0,PE,113.3,113.25,113.5,424032,67801,37121,6.67
2026-08-21 10:29:22,24251.7,2026-08-25,24400.0,CE,40.7,40.6,40.7,637089,193491,67019,8.87
2026-08-21 10:29:22,24251.7,2026-08-25,24400.0,PE,145.15,145.15,145.5,369829,73630,25009,6.05
2026-08-21 10:29:22,24251.7,2026-08-25,24450.0,CE,27.3,27.3,27.35,315446,82080,40081,8.76
2026-08-21 10:29:22,24251.7,2026-08-25,24450.0,PE,182.2,182.0,182.2,87604,17704,8986,4.66
2026-08-21 10:29:22,24251.7,2026-08-25,24500.0,CE,17.95,17.9,18.0,558678,239614,47081,8.77
2026-08-21 10:29:22,24251.7,2026-08-25,24500.0,PE,222.2,222.2,222.7,109248,66028,4443,
2026-08-21 10:29:22,24251.7,2026-08-25,24550.0,CE,11.75,11.7,11.75,271322,68781,22194,8.82
2026-08-21 10:29:22,24251.7,2026-08-25,24550.0,PE,265.3,265.25,266.0,11863,4198,1265,
2026-08-21 10:29:22,24251.7,2026-08-25,24600.0,CE,7.6,7.6,7.65,325016,154133,27492,8.98
2026-08-21 10:29:22,24251.7,2026-08-25,24600.0,PE,311.65,311.6,312.35,18862,15601,990,
2026-08-21 10:29:22,24251.7,2026-08-25,24650.0,CE,5.4,5.4,5.45,172017,64081,19575,9.32
2026-08-21 10:29:22,24251.7,2026-08-25,24650.0,PE,360.0,358.9,360.0,2953,3054,256,
2026-08-21 10:29:22,24251.7,2026-08-25,24700.0,CE,3.9,3.9,3.95,193985,124277,8027,9.65
2026-08-21 10:29:22,24251.7,2026-08-25,24700.0,PE,409.5,408.0,408.55,4098,13163,-158,
2026-08-21 10:29:22,24251.7,2026-08-25,24750.0,CE,3.0,3.0,3.05,122034,45340,13635,10.1
2026-08-21 10:29:22,24251.7,2026-08-25,24750.0,PE,456.6,456.25,457.9,404,1493,17,
2026-08-21 10:30:23,24256.65,2026-08-25,23750.0,CE,552.35,553.9,556.6,218,726,-24,18.35
2026-08-21 10:30:23,24256.65,2026-08-25,23750.0,PE,4.5,4.5,4.55,152972,39309,4456,11.57
2026-08-21 10:30:23,24256.65,2026-08-25,23800.0,CE,505.7,504.25,505.65,4175,10087,495,16.7
2026-08-21 10:30:23,24256.65,2026-08-25,23800.0,PE,5.1,5.1,5.15,283078,134711,10319,10.95
2026-08-21 10:30:23,24256.65,2026-08-25,23850.0,CE,456.0,456.15,457.6,745,1193,58,15.83
2026-08-21 10:30:23,24256.65,2026-08-25,23850.0,PE,6.15,6.1,6.15,187944,65942,7755,10.39
2026-08-21 10:30:23,24256.65,2026-08-25,23900.0,CE,408.65,407.9,409.0,6548,5335,605,14.63
2026-08-21 10:30:23,24256.65,2026-08-25,23900.0,PE,7.65,7.6,7.65,292961,112621,8990,9.92
2026-08-21 10:30:23,24256.65,2026-08-25,23950.0,CE,360.8,359.8,360.75,5350,3651,402,13.61
2026-08-21 10:30:23,24256.65,2026-08-25,23950.0,PE,9.95,9.9,9.95,211727,55631,7022,9.48
2026-08-21 10:30:23,24256.65,2026-08-25,24000.0,CE,313.8,313.1,313.4,73232,96251,1851,12.63
2026-08-21 10:30:23,24256.65,2026-08-25,24000.0,PE,13.4,13.35,13.4,621011,284675,33169,9.1
2026-08-21 10:30:23,24256.65,2026-08-25,24050.0,CE,268.1,268.0,268.45,26382,10671,1228,11.91
2026-08-21 10:30:23,24256.65,2026-08-25,24050.0,PE,17.9,17.85,17.9,311654,74738,26176,8.7
2026-08-21 10:30:23,24256.65,2026-08-25,24100.0,CE,224.8,224.8,225.0,166796,58034,10992,11.21
2026-08-21 10:30:23,24256.65,2026-08-25,24100.0,PE,24.5,24.4,24.5,570860,161926,44658,8.36
2026-08-21 10:30:23,24256.65,2026-08-25,24150.0,CE,184.2,184.4,184.5,202227,37784,18518,10.62
2026-08-21 10:30:23,24256.65,2026-08-25,24150.0,PE,33.6,33.6,33.65,531877,121696,50126,8.05
2026-08-21 10:30:23,24256.65,2026-08-25,24200.0,CE,147.05,147.05,147.45,1050648,235617,106254,10.09
2026-08-21 10:30:23,24256.65,2026-08-25,24200.0,PE,46.2,46.2,46.3,1682278,366005,161559,7.74
2026-08-21 10:30:23,24256.65,2026-08-25,24250.0,CE,113.5,113.5,113.7,1141069,176015,111852,9.63
2026-08-21 10:30:23,24256.65,2026-08-25,24250.0,PE,62.8,62.8,63.0,1406930,206932,130355,7.4
2026-08-21 10:30:23,24256.65,2026-08-25,24300.0,CE,84.85,84.6,84.85,1388725,294731,144179,9.32
2026-08-21 10:30:23,24256.65,2026-08-25,24300.0,PE,84.1,84.05,84.3,1248291,215630,100595,7.07
2026-08-21 10:30:23,24256.65,2026-08-25,24350.0,CE,61.2,61.1,61.2,570065,102210,55217,9.04
2026-08-21 10:30:23,24256.65,2026-08-25,24350.0,PE,110.65,110.55,110.75,435994,67801,37121,6.67
2026-08-21 10:30:23,24256.65,2026-08-25,24400.0,CE,42.45,42.45,42.55,653381,193491,67019,8.87
2026-08-21 10:30:23,24256.65,2026-08-25,24400.0,PE,142.05,142.0,142.35,375230,73630,25009,6.05
2026-08-21 10:30:23,24256.65,2026-08-25,24450.0,CE,28.65,28.6,28.7,321111,82080,40081,8.76
2026-08-21 10:30:23,24256.65,2026-08-25,24450.0,PE,178.65,178.3,178.6,89230,17704,8986,4.66
2026-08-21 10:30:23,24256.65,2026-08-25,24500.0,CE,18.9,18.85,18.95,567100,239614,47081,8.77
2026-08-21 10:30:23,24256.65,2026-08-25,24500.0,PE,218.3,218.2,218.45,111189,66028,4443,
2026-08-21 10:30:23,24256.65,2026-08-25,24550.0,CE,12.4,12.35,12.4,275893,68781,22194,8.82
2026-08-21 10:30:23,24256.65,2026-08-25,24550.0,PE,262.65,261.5,262.2,12022,4198,1265,
2026-08-21 10:30:23,24256.65,2026-08-25,24600.0,CE,8.0,8.0,8.05,329113,154133,27492,8.98
2026-08-21 10:30:23,24256.65,2026-08-25,24600.0,PE,306.95,307.0,307.75,19271,15601,990,
2026-08-21 10:30:23,24256.65,2026-08-25,24650.0,CE,5.65,5.65,5.7,173616,64081,19575,9.32
2026-08-21 10:30:23,24256.65,2026-08-25,24650.0,PE,355.35,354.1,355.1,2995,3005,207,
2026-08-21 10:30:23,24256.65,2026-08-25,24700.0,CE,4.05,4.0,4.05,197978,124391,8141,9.65
2026-08-21 10:30:23,24256.65,2026-08-25,24700.0,PE,403.3,402.35,403.6,4194,13160,-161,
2026-08-21 10:30:23,24256.65,2026-08-25,24750.0,CE,3.1,3.1,3.15,123376,45340,13635,10.1
2026-08-21 10:30:23,24256.65,2026-08-25,24750.0,PE,456.6,451.3,453.2,404,1491,15,
2026-08-21 10:31:23,24253.3,2026-08-25,23750.0,CE,555.6,554.25,556.85,222,726,-24,17.42
2026-08-21 10:31:23,24253.3,2026-08-25,23750.0,PE,4.4,4.4,4.45,153980,39222,4369,11.86
2026-08-21 10:31:23,24253.3,2026-08-25,23800.0,CE,506.0,504.75,506.55,4253,10044,452,16.68
2026-08-21 10:31:23,24253.3,2026-08-25,23800.0,PE,5.05,5.0,5.05,286864,134933,10541,11.2
2026-08-21 10:31:23,24253.3,2026-08-25,23850.0,CE,458.0,456.95,458.35,778,1194,59,15.77
2026-08-21 10:31:23,24253.3,2026-08-25,23850.0,PE,6.0,5.95,6.0,189461,66196,8009,10.65
2026-08-21 10:31:23,24253.3,2026-08-25,23900.0,CE,409.1,407.8,408.95,6770,5300,570,14.45
2026-08-21 10:31:23,24253.3,2026-08-25,23900.0,PE,7.45,7.4,7.45,300470,111914,8283,10.11
2026-08-21 10:31:23,24253.3,2026-08-25,23950.0,CE,361.0,359.9,361.0,5451,3601,352,13.62
2026-08-21 10:31:23,24253.3,2026-08-25,23950.0,PE,9.65,9.65,9.7,214680,55856,7247,9.66
2026-08-21 10:31:23,24253.3,2026-08-25,24000.0,CE,314.1,313.3,314.1,75032,95922,1522,12.54
2026-08-21 10:31:23,24253.3,2026-08-25,24000.0,PE,13.1,13.05,13.1,633009,283836,32330,9.28
2026-08-21 10:31:23,24253.3,2026-08-25,24050.0,CE,268.2,268.2,268.9,27272,10560,1117,11.81
2026-08-21 10:31:23,24253.3,2026-08-25,24050.0,PE,17.5,17.5,17.55,318394,75745,27183,8.88
2026-08-21 10:31:23,24253.3,2026-08-25,24100.0,CE,224.7,224.7,225.2,171577,56326,9284,11.13
2026-08-21 10:31:23,24253.3,2026-08-25,24100.0,PE,24.0,23.9,24.0,584665,160363,43095,8.54
2026-08-21 10:31:23,24253.3,2026-08-25,24150.0,CE,184.1,184.05,184.45,208549,35638,16372,10.52
2026-08-21 10:31:23,24253.3,2026-08-25,24150.0,PE,33.0,32.95,33.0,545044,122401,50831,8.2
2026-08-21 10:31:23,24253.3,2026-08-25,24200.0,CE,147.4,147.05,147.4,1083357,228990,99627,10.08
2026-08-21 10:31:23,24253.3,2026-08-25,24200.0,PE,45.7,45.6,45.75,1712505,367506,163060,7.92
2026-08-21 10:31:23,24253.3,2026-08-25,24250.0,CE,113.5,113.3,113.45,1173483,169984,105821,9.63
2026-08-21 10:31:23,24253.3,2026-08-25,24250.0,PE,62.15,62.15,62.2,1434664,207865,131288,7.61
2026-08-21 10:31:23,24253.3,2026-08-25,24300.0,CE,84.6,84.5,84.6,1427654,287079,136527,9.29
2026-08-21 10:31:23,24253.3,2026-08-25,24300.0,PE,83.25,83.3,83.5,1272343,216578,101543,7.29
2026-08-21 10:31:23,24253.3,2026-08-25,24350.0,CE,60.95,60.9,61.0,587063,100025,53032,9.02
2026-08-21 10:31:23,24253.3,2026-08-25,24350.0,PE,109.95,109.7,109.9,446741,61760,31080,6.99
2026-08-21 10:31:23,24253.3,2026-08-25,24400.0,CE,42.35,42.3,42.35,674986,188759,62287,8.84
2026-08-21 10:31:23,24253.3,2026-08-25,24400.0,PE,141.4,141.25,141.45,382046,73003,24382,6.53
2026-08-21 10:31:23,24253.3,2026-08-25,24450.0,CE,28.35,28.35,28.45,331358,80550,38551,8.71
2026-08-21 10:31:23,24253.3,2026-08-25,24450.0,PE,177.45,177.45,177.85,90880,17445,8727,5.81
2026-08-21 10:31:23,24253.3,2026-08-25,24500.0,CE,18.75,18.75,18.8,582330,238193,45660,8.67
2026-08-21 10:31:23,24253.3,2026-08-25,24500.0,PE,217.45,217.3,217.75,113325,65882,4297,
2026-08-21 10:31:23,24253.3,2026-08-25,24550.0,CE,12.15,12.15,12.2,282835,67886,21299,8.72
2026-08-21 10:31:23,24253.3,2026-08-25,24550.0,PE,260.8,260.65,261.35,12287,4229,1296,
2026-08-21 10:31:23,24253.3,2026-08-25,24600.0,CE,7.85,7.85,7.9,333979,153878,27237,8.81
2026-08-21 10:31:23,24253.3,2026-08-25,24600.0,PE,306.3,306.3,306.75,19725,15565,954,
2026-08-21 10:31:23,24253.3,2026-08-25,24650.0,CE,5.55,5.55,5.6,175901,63780,19274,9.1
2026-08-21 10:31:23,24253.3,2026-08-25,24650.0,PE,353.7,353.55,354.55,3048,3034,236,
2026-08-21 10:31:23,24253.3,2026-08-25,24700.0,CE,3.95,3.9,3.95,203605,125423,9173,9.39
2026-08-21 10:31:23,24253.3,2026-08-25,24700.0,PE,402.1,401.9,403.2,4303,13111,-210,
2026-08-21 10:31:23,24253.3,2026-08-25,24750.0,CE,3.05,3.0,3.05,125477,45406,13701,9.78
2026-08-21 10:31:23,24253.3,2026-08-25,24750.0,PE,450.9,450.85,452.5,427,1491,15,
2026-08-21 10:32:23,24256.35,2026-08-25,23750.0,CE,554.45,550.85,553.7,223,727,-23,17.42
2026-08-21 10:32:23,24256.35,2026-08-25,23750.0,PE,4.5,4.5,4.55,154873,39136,4283,11.86
2026-08-21 10:32:23,24256.35,2026-08-25,23800.0,CE,503.15,502.0,503.5,4263,10051,459,16.68
2026-08-21 10:32:23,24256.35,2026-08-25,23800.0,PE,5.15,5.1,5.15,287855,135292,10900,11.2
2026-08-21 10:32:23,24256.35,2026-08-25,23850.0,CE,456.0,453.6,455.0,780,1214,79,15.77
2026-08-21 10:32:23,24256.35,2026-08-25,23850.0,PE,6.15,6.15,6.2,190202,66171,7984,10.65
2026-08-21 10:32:23,24256.35,2026-08-25,23900.0,CE,406.5,405.25,406.1,6823,5357,627,14.45
2026-08-21 10:32:23,24256.35,2026-08-25,23900.0,PE,7.65,7.65,7.7,301767,111822,8191,10.11
2026-08-21 10:32:23,24256.35,2026-08-25,23950.0,CE,358.0,357.4,358.25,5462,3607,358,13.62
2026-08-21 10:32:23,24256.35,2026-08-25,23950.0,PE,9.95,9.95,10.0,215274,56179,7570,9.66
2026-08-21 10:32:23,24256.35,2026-08-25,24000.0,CE,311.3,311.2,311.95,75587,95718,1318,12.54
2026-08-21 10:32:23,24256.35,2026-08-25,24000.0,PE,13.4,13.35,13.4,635341,285416,33910,9.28
2026-08-21 10:32:23,24256.35,2026-08-25,24050.0,CE,265.6,265.35,266.05,27380,10330,887,11.81
2026-08-21 10:32:23,24256.35,2026-08-25,24050.0,PE,18.05,17.95,18.05,320901,75773,27211,8.88
2026-08-21 10:32:23,24256.35,2026-08-25,24100.0,CE,222.6,222.4,222.95,172580,55779,8737,11.13
2026-08-21 10:32:23,24256.35,2026-08-25,24100.0,PE,24.6,24.5,24.55,588335,160003,42735,8.54
2026-08-21 10:32:23,24256.35,2026-08-25,24150.0,CE,181.65,181.7,182.0,210050,33844,14578,10.52
2026-08-21 10:32:23,24256.35,2026-08-25,24150.0,PE,33.85,33.75,33.85,548279,127113,55543,8.2
2026-08-21 10:32:23,24256.35,2026-08-25,24200.0,CE,144.6,144.7,145.0,1090237,217279,87916,10.08
2026-08-21 10:32:23,24256.35,2026-08-25,24200.0,PE,46.55,46.55,46.65,1720050,371341,166895,7.92
2026-08-21 10:32:23,24256.35,2026-08-25,24250.0,CE,111.5,111.3,111.55,1179971,165199,101036,9.63
2026-08-21 10:32:23,24256.35,2026-08-25,24250.0,PE,63.45,63.25,63.45,1442287,212576,135999,7.61
2026-08-21 10:32:23,24256.35,2026-08-25,24300.0,CE,83.0,82.9,83.0,1436750,281099,130547,9.29
2026-08-21 10:32:23,24256.35,2026-08-25,24300.0,PE,84.8,84.7,84.8,1279979,220999,105964,7.29
2026-08-21 10:32:23,24256.35,2026-08-25,24350.0,CE,59.35,59.4,59.5,592144,96805,49812,9.02
2026-08-21 10:32:23,24256.35,2026-08-25,24350.0,PE,111.25,111.2,111.45,449076,61904,31224,6.99
2026-08-21 10:32:23,24256.35,2026-08-25,24400.0,CE,41.15,41.15,41.25,679703,185271,58799,8.84
2026-08-21 10:32:23,24256.35,2026-08-25,24400.0,PE,143.25,143.4,143.6,384538,73431,24810,6.53
2026-08-21 10:32:23,24256.35,2026-08-25,24450.0,CE,27.6,27.6,27.7,333376,77787,35788,8.71
2026-08-21 10:32:23,24256.35,2026-08-25,24450.0,PE,179.85,179.6,180.05,91386,17770,9052,5.81
2026-08-21 10:32:23,24256.35,2026-08-25,24500.0,CE,18.1,18.05,18.1,585537,235594,43061,8.67
2026-08-21 10:32:23,24256.35,2026-08-25,24500.0,PE,220.6,220.0,220.65,114064,66308,4723,
2026-08-21 10:32:23,24256.35,2026-08-25,24550.0,CE,11.65,11.65,11.75,287767,66442,19855,8.72
2026-08-21 10:32:23,24256.35,2026-08-25,24550.0,PE,263.4,263.5,264.25,12394,4251,1318,
2026-08-21 10:32:23,24256.35,2026-08-25,24600.0,CE,7.6,7.55,7.6,335170,154066,27425,8.81
2026-08-21 10:32:23,24256.35,2026-08-25,24600.0,PE,309.95,308.95,309.75,19789,15476,865,
2026-08-21 10:32:23,24256.35,2026-08-25,24650.0,CE,5.35,5.3,5.35,177101,63871,19365,9.1
2026-08-21 10:32:23,24256.35,2026-08-25,24650.0,PE,356.55,356.2,357.0,3057,3040,242,
2026-08-21 10:32:23,24256.35,2026-08-25,24700.0,CE,3.8,3.75,3.8,207413,125444,9194,9.39
2026-08-21 10:32:23,24256.35,2026-08-25,24700.0,PE,404.7,404.6,405.9,4325,13086,-235,
2026-08-21 10:32:23,24256.35,2026-08-25,24750.0,CE,2.9,2.9,2.95,126362,45457,13752,9.78
2026-08-21 10:32:23,24256.35,2026-08-25,24750.0,PE,454.0,453.9,455.4,433,1484,8,
2026-08-21 10:33:23,24253.5,2026-08-25,23750.0,CE,554.45,552.85,555.2,223,727,-23,17.42
2026-08-21 10:33:23,24253.5,2026-08-25,23750.0,PE,4.55,4.5,4.55,155545,39157,4304,11.86
2026-08-21 10:33:23,24253.5,2026-08-25,23800.0,CE,503.35,503.8,505.35,4278,10052,460,16.68
2026-08-21 10:33:23,24253.5,2026-08-25,23800.0,PE,5.1,5.1,5.15,288840,135115,10723,11.2
2026-08-21 10:33:23,24253.5,2026-08-25,23850.0,CE,456.75,455.4,457.0,786,1214,79,15.77
2026-08-21 10:33:23,24253.5,2026-08-25,23850.0,PE,6.15,6.1,6.15,190775,65626,7439,10.65
2026-08-21 10:33:23,24253.5,2026-08-25,23900.0,CE,407.95,406.85,407.95,6857,5434,704,14.45
2026-08-21 10:33:23,24253.5,2026-08-25,23900.0,PE,7.55,7.55,7.6,304870,112953,9322,10.11
2026-08-21 10:33:23,24253.5,2026-08-25,23950.0,CE,359.1,358.9,359.9,5494,3615,366,13.62
2026-08-21 10:33:23,24253.5,2026-08-25,23950.0,PE,9.85,9.8,9.85,216259,56087,7478,9.66
2026-08-21 10:33:23,24253.5,2026-08-25,24000.0,CE,313.0,312.15,312.85,76165,95609,1209,12.54
2026-08-21 10:33:23,24253.5,2026-08-25,24000.0,PE,13.25,13.25,13.3,639074,286965,35459,9.28
2026-08-21 10:33:23,24253.5,2026-08-25,24050.0,CE,267.55,267.25,267.9,27600,10340,897,11.81
2026-08-21 10:33:23,24253.5,2026-08-25,24050.0,PE,17.75,17.7,17.75,322652,74986,26424,8.88
2026-08-21 10:33:23,24253.5,2026-08-25,24100.0,CE,224.3,223.65,224.25,174018,55645,8603,11.13
2026-08-21 10:33:23,24253.5,2026-08-25,24100.0,PE,24.25,24.2,24.25,592880,161490,44222,8.54
2026-08-21 10:33:23,24253.5,2026-08-25,24150.0,CE,183.1,183.1,183.55,212730,33945,14679,10.52
2026-08-21 10:33:23,24253.5,2026-08-25,24150.0,PE,33.4,33.3,33.4,553476,129205,57635,8.2
2026-08-21 10:33:23,24253.5,2026-08-25,24200.0,CE,146.35,146.0,146.35,1100187,216471,87108,10.08
2026-08-21 10:33:23,24253.5,2026-08-25,24200.0,PE,46.05,46.05,46.1,1731717,374186,169740,7.92
2026-08-21 10:33:23,24253.5,2026-08-25,24250.0,CE,112.4,112.3,112.6,1191126,164315,100152,9.63
2026-08-21 10:33:23,24253.5,2026-08-25,24250.0,PE,62.65,62.5,62.65,1455150,217438,140861,7.61
2026-08-21 10:33:23,24253.5,2026-08-25,24300.0,CE,83.6,83.65,83.8,1451477,280914,130362,9.29
2026-08-21 10:33:23,24253.5,2026-08-25,24300.0,PE,83.7,83.7,83.95,1293586,223821,108786,7.29
2026-08-21 10:33:23,24253.5,2026-08-25,24350.0,CE,60.1,59.95,60.1,599626,95509,48516,9.02
2026-08-21 10:33:23,24253.5,2026-08-25,24350.0,PE,110.4,110.3,110.45,453188,63157,32477,6.99
2026-08-21 10:33:23,24253.5,2026-08-25,24400.0,CE,41.7,41.6,41.7,689816,184674,58202,8.84
2026-08-21 10:33:23,24253.5,2026-08-25,24400.0,PE,141.95,141.95,142.3,388155,74654,26033,6.53
2026-08-21 10:33:23,24253.5,2026-08-25,24450.0,CE,27.9,27.8,27.85,337140,77392,35393,8.71
2026-08-21 10:33:23,24253.5,2026-08-25,24450.0,PE,178.65,178.2,178.65,92086,17953,9235,5.81
2026-08-21 10:33:23,24253.5,2026-08-25,24500.0,CE,18.2,18.1,18.2,593627,235501,42968,8.67
2026-08-21 10:33:23,24253.5,2026-08-25,24500.0,PE,218.85,218.3,218.85,115155,66408,4823,
2026-08-21 10:33:23,24253.5,2026-08-25,24550.0,CE,11.8,11.75,11.8,290371,65265,18678,8.72
2026-08-21 10:33:23,24253.5,2026-08-25,24550.0,PE,262.4,261.6,262.4,12455,4275,1342,
2026-08-21 10:33:23,24253.5,2026-08-25,24600.0,CE,7.6,7.55,7.6,338382,154516,27875,8.81
2026-08-21 10:33:23,24253.5,2026-08-25,24600.0,PE,308.2,307.25,308.2,20083,15413,802,
2026-08-21 10:33:23,24253.5,2026-08-25,24650.0,CE,5.35,5.3,5.35,178816,64156,19650,9.1
2026-08-21 10:33:23,24253.5,2026-08-25,24650.0,PE,354.4,354.65,355.6,3099,3028,230,
2026-08-21 10:33:23,24253.5,2026-08-25,24700.0,CE,3.8,3.75,3.8,209537,123557,7307,9.39
2026-08-21 10:33:23,24253.5,2026-08-25,24700.0,PE,403.2,403.2,404.2,4400,13065,-256,
2026-08-21 10:33:23,24253.5,2026-08-25,24750.0,CE,2.9,2.9,2.95,127573,44884,13179,9.78
2026-08-21 10:33:23,24253.5,2026-08-25,24750.0,PE,452.45,451.95,453.4,442,1474,-2,
2026-08-21 10:34:23,24250.55,2026-08-25,23750.0,CE,554.45,550.8,553.4,223,727,-23,17.42
2026-08-21 10:34:23,24250.55,2026-08-25,23750.0,PE,4.5,4.5,4.55,155660,39119,4266,11.86
2026-08-21 10:34:23,24250.55,2026-08-25,23800.0,CE,503.5,501.7,503.0,4286,10061,469,16.68
2026-08-21 10:34:23,24250.55,2026-08-25,23800.0,PE,5.15,5.1,5.15,289444,135135,10743,11.2
2026-08-21 10:34:23,24250.55,2026-08-25,23850.0,CE,454.8,453.25,454.75,792,1219,84,15.77
2026-08-21 10:34:23,24250.55,2026-08-25,23850.0,PE,6.05,6.05,6.1,191151,65461,7274,10.65
2026-08-21 10:34:23,24250.55,2026-08-25,23900.0,CE,404.7,404.7,405.7,6876,5435,705,14.45
2026-08-21 10:34:23,24250.55,2026-08-25,23900.0,PE,7.6,7.55,7.6,306866,113107,9476,10.11
2026-08-21 10:34:23,24250.55,2026-08-25,23950.0,CE,357.85,357.3,357.85,5529,3602,353,13.62
2026-08-21 10:34:23,24250.55,2026-08-25,23950.0,PE,9.85,9.85,9.9,216944,56133,7524,9.66
2026-08-21 10:34:23,24250.55,2026-08-25,24000.0,CE,310.25,310.25,311.0,76649,95600,1200,12.54
2026-08-21 10:34:23,24250.55,2026-08-25,24000.0,PE,13.3,13.3,13.35,641061,286730,35224,9.28
2026-08-21 10:34:23,24250.55,2026-08-25,24050.0,CE,265.1,264.55,265.15,27772,10303,860,11.81
2026-08-21 10:34:23,24250.55,2026-08-25,24050.0,PE,17.9,17.9,17.95,323924,75287,26725,8.88
2026-08-21 10:34:23,24250.55,2026-08-25,24100.0,CE,221.9,221.8,222.4,175130,55529,8487,11.13
2026-08-21 10:34:23,24250.55,2026-08-25,24100.0,PE,24.45,24.45,24.5,596271,161757,44489,8.54
2026-08-21 10:34:23,24250.55,2026-08-25,24150.0,CE,181.25,181.25,181.7,214319,33891,14625,10.52
2026-08-21 10:34:23,24250.55,2026-08-25,24150.0,PE,33.8,33.7,33.8,557309,130477,58907,8.2
2026-08-21 10:34:23,24250.55,2026-08-25,24200.0,CE,144.4,144.45,144.7,1107468,217310,87947,10.08
2026-08-21 10:34:23,24250.55,2026-08-25,24200.0,PE,46.7,46.55,46.65,1740359,376242,171796,7.92
2026-08-21 10:34:23,24250.55,2026-08-25,24250.0,CE,111.0,111.0,111.2,1200114,165468,101305,9.63
2026-08-21 10:34:23,24250.55,2026-08-25,24250.0,PE,63.3,63.35,63.4,1466463,220964,144387,7.61
2026-08-21 10:34:23,24250.55,2026-08-25,24300.0,CE,82.5,82.55,82.7,1461709,283075,132523,9.29
2026-08-21 10:34:23,24250.55,2026-08-25,24300.0,PE,85.1,85.0,85.1,1303582,227333,112298,7.29
2026-08-21 10:34:23,24250.55,2026-08-25,24350.0,CE,59.4,59.25,59.4,605393,96069,49076,9.02
2026-08-21 10:34:23,24250.55,2026-08-25,24350.0,PE,111.85,111.65,111.85,455976,64449,33769,6.99
2026-08-21 10:34:23,24250.55,2026-08-25,24400.0,CE,41.1,41.0,41.1,694929,183986,57514,8.84
2026-08-21 10:34:23,24250.55,2026-08-25,24400.0,PE,143.95,143.6,143.95,392200,75131,26510,6.53
2026-08-21 10:34:23,24250.55,2026-08-25,24450.0,CE,27.45,27.4,27.45,340846,78179,36180,8.71
2026-08-21 10:34:23,24250.55,2026-08-25,24450.0,PE,179.95,179.95,180.4,92759,18227,9509,5.81
2026-08-21 10:34:23,24250.55,2026-08-25,24500.0,CE,17.95,17.9,18.0,598097,236905,44372,8.67
2026-08-21 10:34:23,24250.55,2026-08-25,24500.0,PE,220.65,220.2,220.7,116039,66683,5098,
2026-08-21 10:34:23,24250.55,2026-08-25,24550.0,CE,11.6,11.6,11.65,292473,65591,19004,8.72
2026-08-21 10:34:23,24250.55,2026-08-25,24550.0,PE,264.55,263.9,264.55,12555,4274,1341,
2026-08-21 10:34:23,24250.55,2026-08-25,24600.0,CE,7.55,7.5,7.55,340650,154608,27967,8.81
2026-08-21 10:34:23,24250.55,2026-08-25,24600.0,PE,310.05,309.85,310.35,20241,15429,818,
2026-08-21 10:34:23,24250.55,2026-08-25,24650.0,CE,5.3,5.25,5.3,179818,63978,19472,9.1
2026-08-21 10:34:23,24250.55,2026-08-25,24650.0,PE,356.65,356.7,357.85,3105,3010,212,
2026-08-21 10:34:23,24250.55,2026-08-25,24700.0,CE,3.8,3.75,3.8,210428,122998,6748,9.39
2026-08-21 10:34:23,24250.55,2026-08-25,24700.0,PE,405.65,405.3,406.45,4442,13024,-297,
2026-08-21 10:34:23,24250.55,2026-08-25,24750.0,CE,2.9,2.85,2.9,127880,45059,13354,9.78
2026-08-21 10:34:23,24250.55,2026-08-25,24750.0,PE,453.45,454.2,455.5,443,1468,-8,
2026-08-21 10:35:23,24250.35,2026-08-25,23750.0,CE,553.0,551.75,554.5,224,728,-22,17.42
2026-08-21 10:35:23,24250.35,2026-08-25,23750.0,PE,4.6,4.6,4.65,156608,39139,4286,11.86
2026-08-21 10:35:23,24250.35,2026-08-25,23800.0,CE,502.8,502.15,503.65,4320,10062,470,16.68
2026-08-21 10:35:23,24250.35,2026-08-25,23800.0,PE,5.25,5.2,5.25,289978,134984,10592,11.2
2026-08-21 10:35:23,24250.35,2026-08-25,23850.0,CE,454.95,454.3,455.8,801,1224,89,15.77
2026-08-21 10:35:23,24250.35,2026-08-25,23850.0,PE,6.2,6.15,6.2,191647,65669,7482,10.65
2026-08-21 10:35:23,24250.35,2026-08-25,23900.0,CE,408.2,405.45,406.55,6883,5437,707,14.45
2026-08-21 10:35:23,24250.35,2026-08-25,23900.0,PE,7.75,7.7,7.75,307949,113091,9460,10.11
2026-08-21 10:35:23,24250.35,2026-08-25,23950.0,CE,358.35,357.85,358.85,5535,3597,348,13.62
2026-08-21 10:35:23,24250.35,2026-08-25,23950.0,PE,10.0,9.95,10.0,217518,56331,7722,9.66
2026-08-21 10:35:23,24250.35,2026-08-25,24000.0,CE,311.55,311.0,311.6,76793,95555,1155,12.54
2026-08-21 10:35:23,24250.35,2026-08-25,24000.0,PE,13.45,13.4,13.45,642432,286849,35343,9.28
2026-08-21 10:35:23,24250.35,2026-08-25,24050.0,CE,266.85,265.65,266.25,28125,10249,806,11.81
2026-08-21 10:35:23,24250.35,2026-08-25,24050.0,PE,17.95,17.95,18.0,324560,75024,26462,8.88
2026-08-21 10:35:23,24250.35,2026-08-25,24100.0,CE,222.45,222.6,223.15,176108,55611,8569,11.13
2026-08-21 10:35:23,24250.35,2026-08-25,24100.0,PE,24.5,24.45,24.55,598064,161251,43983,8.54
2026-08-21 10:35:23,24250.35,2026-08-25,24150.0,CE,183.0,182.15,182.65,215044,34329,15063,10.52
2026-08-21 10:35:23,24250.35,2026-08-25,24150.0,PE,33.65,33.6,33.7,559484,130632,59062,8.2
2026-08-21 10:35:23,24250.35,2026-08-25,24200.0,CE,145.35,145.35,145.7,1111497,216214,86851,10.08
2026-08-21 10:35:23,24250.35,2026-08-25,24200.0,PE,46.45,46.3,46.45,1746502,376979,172533,7.92
2026-08-21 10:35:23,24250.35,2026-08-25,24250.0,CE,111.7,111.5,111.75,1204515,164424,100261,9.63
2026-08-21 10:35:23,24250.35,2026-08-25,24250.0,PE,63.2,63.15,63.35,1472671,222645,146068,7.61
2026-08-21 10:35:23,24250.35,2026-08-25,24300.0,CE,83.15,83.0,83.25,1467715,283117,132565,9.29
2026-08-21 10:35:23,24250.35,2026-08-25,24300.0,PE,84.55,84.5,84.75,1310338,228066,113031,7.29
2026-08-21 10:35:23,24250.35,2026-08-25,24350.0,CE,59.5,59.5,59.6,609305,96421,49428,9.02
2026-08-21 10:35:23,24250.35,2026-08-25,24350.0,PE,111.4,111.3,111.6,458069,64831,34151,6.99
2026-08-21 10:35:23,24250.35,2026-08-25,24400.0,CE,41.4,41.25,41.3,698314,183996,57524,8.84
2026-08-21 10:35:23,24250.35,2026-08-25,24400.0,PE,142.7,143.0,143.2,394975,76931,28310,6.53
2026-08-21 10:35:23,24250.35,2026-08-25,24450.0,CE,27.6,27.5,27.6,342167,78081,36082,8.71
2026-08-21 10:35:23,24250.35,2026-08-25,24450.0,PE,179.5,179.35,179.8,93030,18248,9530,5.81
2026-08-21 10:35:23,24250.35,2026-08-25,24500.0,CE,18.0,18.0,18.05,600320,236626,44093,8.67
2026-08-21 10:35:23,24250.35,2026-08-25,24500.0,PE,219.5,219.5,220.05,116530,66674,5089,
2026-08-21 10:35:23,24250.35,2026-08-25,24550.0,CE,11.6,11.6,11.65,293749,65596,19009,8.72
2026-08-21 10:35:23,24250.35,2026-08-25,24550.0,PE,263.3,262.6,263.35,12583,4260,1327,
2026-08-21 10:35:23,24250.35,2026-08-25,24600.0,CE,7.45,7.4,7.45,348924,155165,28524,8.81
2026-08-21 10:35:23,24250.35,2026-08-25,24600.0,PE,308.75,308.65,309.45,20340,15416,805,
2026-08-21 10:35:23,24250.35,2026-08-25,24650.0,CE,5.25,5.25,5.3,181344,64109,19603,9.1
2026-08-21 10:35:23,24250.35,2026-08-25,24650.0,PE,355.5,355.9,357.0,3108,3006,208,
2026-08-21 10:35:23,24250.35,2026-08-25,24700.0,CE,3.75,3.7,3.75,215050,122713,6463,9.39
2026-08-21 10:35:23,24250.35,2026-08-25,24700.0,PE,405.9,404.4,405.7,4469,12997,-324,
2026-08-21 10:35:23,24250.35,2026-08-25,24750.0,CE,2.85,2.85,2.9,129018,44884,13179,9.78
2026-08-21 10:35:23,24250.35,2026-08-25,24750.0,PE,454.25,453.5,455.0,446,1468,-8,
2026-08-21 10:36:24,24250.0,2026-08-25,23750.0,CE,553.0,550.65,553.15,224,728,-22,17.42
2026-08-21 10:36:24,24250.0,2026-08-25,23750.0,PE,4.65,4.6,4.65,156992,39524,4671,11.86
2026-08-21 10:36:24,24250.0,2026-08-25,23800.0,CE,501.75,501.8,503.35,4432,10074,482,16.68
2026-08-21 10:36:24,24250.0,2026-08-25,23800.0,PE,5.2,5.2,5.25,290227,135022,10630,11.2
2026-08-21 10:36:24,24250.0,2026-08-25,23850.0,CE,454.0,453.55,455.0,807,1220,85,15.77
2026-08-21 10:36:24,24250.0,2026-08-25,23850.0,PE,6.25,6.2,6.25,192577,65806,7619,10.65
2026-08-21 10:36:24,24250.0,2026-08-25,23900.0,CE,404.75,404.7,405.7,6893,5432,702,14.45
2026-08-21 10:36:24,24250.0,2026-08-25,23900.0,PE,7.65,7.65,7.7,308649,113200,9569,10.11
2026-08-21 10:36:24,24250.0,2026-08-25,23950.0,CE,357.45,356.9,357.9,5549,3599,350,13.62
2026-08-21 10:36:24,24250.0,2026-08-25,23950.0,PE,9.95,9.95,10.0,217932,56202,7593,9.66
2026-08-21 10:36:24,24250.0,2026-08-25,24000.0,CE,310.95,310.2,311.0,76933,95558,1158,12.54
2026-08-21 10:36:24,24250.0,2026-08-25,24000.0,PE,13.45,13.4,13.45,643957,286736,35230,9.28
2026-08-21 10:36:24,24250.0,2026-08-25,24050.0,CE,265.15,265.15,265.8,28173,10444,1001,11.81
2026-08-21 10:36:24,24250.0,2026-08-25,24050.0,PE,18.0,18.0,18.05,325159,75043,26481,8.88
2026-08-21 10:36:24,24250.0,2026-08-25,24100.0,CE,222.75,222.15,222.7,176503,55879,8837,11.13
2026-08-21 10:36:24,24250.0,2026-08-25,24100.0,PE,24.6,24.55,24.65,599555,161030,43762,8.54
2026-08-21 10:36:24,24250.0,2026-08-25,24150.0,CE,181.8,181.4,181.85,215566,34273,15007,10.52
2026-08-21 10:36:24,24250.0,2026-08-25,24150.0,PE,33.8,33.8,33.9,560976,131359,59789,8.2
2026-08-21 10:36:24,24250.0,2026-08-25,24200.0,CE,144.4,144.4,144.5,1114088,216624,87261,10.08
2026-08-21 10:36:24,24250.0,2026-08-25,24200.0,PE,46.8,46.65,46.8,1751427,378979,174533,7.92
2026-08-21 10:36:24,24250.0,2026-08-25,24250.0,CE,111.0,111.0,111.3,1207371,164107,99944,9.63
2026-08-21 10:36:24,24250.0,2026-08-25,24250.0,PE,63.45,63.45,63.6,1477184,224134,147557,7.61
2026-08-21 10:36:24,24250.0,2026-08-25,24300.0,CE,82.5,82.4,82.65,1473236,282777,132225,9.29
2026-08-21 10:36:24,24250.0,2026-08-25,24300.0,PE,85.25,85.0,85.2,1314190,229502,114467,7.29
2026-08-21 10:36:24,24250.0,2026-08-25,24350.0,CE,59.2,59.2,59.35,610772,95700,48707,9.02
2026-08-21 10:36:24,24250.0,2026-08-25,24350.0,PE,111.8,111.6,111.85,459107,65227,34547,6.99
2026-08-21 10:36:24,24250.0,2026-08-25,24400.0,CE,41.15,41.0,41.15,700357,184207,57735,8.84
2026-08-21 10:36:24,24250.0,2026-08-25,24400.0,PE,143.8,143.45,143.75,396381,77897,29276,6.53
2026-08-21 10:36:24,24250.0,2026-08-25,24450.0,CE,27.45,27.35,27.45,343266,78142,36143,8.71
2026-08-21 10:36:24,24250.0,2026-08-25,24450.0,PE,180.4,179.7,180.15,93210,18399,9681,5.81
2026-08-21 10:36:24,24250.0,2026-08-25,24500.0,CE,17.95,17.9,17.95,602266,236918,44385,8.67
2026-08-21 10:36:24,24250.0,2026-08-25,24500.0,PE,220.5,220.3,220.85,116849,66799,5214,
2026-08-21 10:36:24,24250.0,2026-08-25,24550.0,CE,11.6,11.55,11.6,295095,65809,19222,8.72
2026-08-21 10:36:24,24250.0,2026-08-25,24550.0,PE,264.0,263.8,264.5,12636,4250,1317,
2026-08-21 10:36:24,24250.0,2026-08-25,24600.0,CE,7.45,7.4,7.45,351824,159538,32897,8.81
2026-08-21 10:36:24,24250.0,2026-08-25,24600.0,PE,309.3,309.4,310.2,20423,15392,781,
2026-08-21 10:36:24,24250.0,2026-08-25,24650.0,CE,5.25,5.25,5.3,182449,64662,20156,9.1
2026-08-21 10:36:24,24250.0,2026-08-25,24650.0,PE,356.9,356.75,357.75,3110,3006,208,
2026-08-21 10:36:24,24250.0,2026-08-25,24700.0,CE,3.75,3.7,3.75,216130,121726,5476,9.39
2026-08-21 10:36:24,24250.0,2026-08-25,24700.0,PE,406.0,405.15,406.5,4563,13002,-319,
2026-08-21 10:36:24,24250.0,2026-08-25,24750.0,CE,2.9,2.85,2.9,129058,44828,13123,9.78
2026-08-21 10:36:24,24250.0,2026-08-25,24750.0,PE,454.25,454.2,455.6,446,1468,-8,
2026-08-21 10:37:24,24247.0,2026-08-25,23750.0,CE,550.85,549.45,551.4,226,727,-23,17.42
2026-08-21 10:37:24,24247.0,2026-08-25,23750.0,PE,4.6,4.55,4.6,157687,39718,4865,11.86
2026-08-21 10:37:24,24247.0,2026-08-25,23800.0,CE,501.1,500.0,501.45,4522,10048,456,16.68
2026-08-21 10:37:24,24247.0,2026-08-25,23800.0,PE,5.2,5.15,5.2,292922,135942,11550,11.2
2026-08-21 10:37:24,24247.0,2026-08-25,23850.0,CE,454.4,451.75,453.4,811,1220,85,15.77
2026-08-21 10:37:24,24247.0,2026-08-25,23850.0,PE,6.25,6.2,6.25,193336,65821,7634,10.65
2026-08-21 10:37:24,24247.0,2026-08-25,23900.0,CE,403.05,403.55,404.2,6929,5415,685,14.45
2026-08-21 10:37:24,24247.0,2026-08-25,23900.0,PE,7.7,7.7,7.75,310381,113044,9413,10.11
2026-08-21 10:37:24,24247.0,2026-08-25,23950.0,CE,355.75,355.3,356.3,5570,3604,355,13.62
2026-08-21 10:37:24,24247.0,2026-08-25,23950.0,PE,10.0,10.0,10.1,219001,56039,7430,9.66
2026-08-21 10:37:24,24247.0,2026-08-25,24000.0,CE,308.95,308.95,309.75,78888,95904,1504,12.54
2026-08-21 10:37:24,24247.0,2026-08-25,24000.0,PE,13.55,13.55,13.6,649000,287340,35834,9.28
2026-08-21 10:37:24,24247.0,2026-08-25,24050.0,CE,264.3,263.7,264.35,28405,10397,954,11.81
2026-08-21 10:37:24,24247.0,2026-08-25,24050.0,PE,18.2,18.15,18.2,327029,75057,26495,8.88
2026-08-21 10:37:24,24247.0,2026-08-25,24100.0,CE,220.55,220.45,221.0,178742,55942,8900,11.13
2026-08-21 10:37:24,24247.0,2026-08-25,24100.0,PE,24.95,24.85,24.95,604756,160429,43161,8.54
2026-08-21 10:37:24,24247.0,2026-08-25,24150.0,CE,180.55,180.3,180.8,217928,34492,15226,10.52
2026-08-21 10:37:24,24247.0,2026-08-25,24150.0,PE,34.15,34.15,34.3,568275,130780,59210,8.2
2026-08-21 10:37:24,24247.0,2026-08-25,24200.0,CE,143.5,143.5,143.85,1126024,214249,84886,10.08
2026-08-21 10:37:24,24247.0,2026-08-25,24200.0,PE,47.25,47.15,47.25,1767943,379522,175076,7.92
2026-08-21 10:37:24,24247.0,2026-08-25,24250.0,CE,110.05,110.05,110.3,1221460,162504,98341,9.63
2026-08-21 10:37:24,24247.0,2026-08-25,24250.0,PE,64.15,64.15,64.3,1496175,226227,149650,7.61
2026-08-21 10:37:24,24247.0,2026-08-25,24300.0,CE,82.0,81.8,82.0,1490887,282241,131689,9.29
2026-08-21 10:37:24,24247.0,2026-08-25,24300.0,PE,86.1,85.9,86.15,1331372,231302,116267,7.29
2026-08-21 10:37:24,24247.0,2026-08-25,24350.0,CE,58.8,58.6,58.8,618861,95916,48923,9.02
2026-08-21 10:37:24,24247.0,2026-08-25,24350.0,PE,113.1,112.85,113.15,464984,66029,35349,6.99
2026-08-21 10:37:24,24247.0,2026-08-25,24400.0,CE,40.65,40.65,40.7,706860,183596,57124,8.84
2026-08-21 10:37:24,24247.0,2026-08-25,24400.0,PE,144.85,144.85,145.2,402058,77775,29154,6.53
2026-08-21 10:37:24,24247.0,2026-08-25,24450.0,CE,27.15,27.15,27.25,347068,77823,35824,8.71
2026-08-21 10:37:24,24247.0,2026-08-25,24450.0,PE,181.4,181.5,181.95,94407,18830,10112,5.81
2026-08-21 10:37:24,24247.0,2026-08-25,24500.0,CE,17.8,17.8,17.85,606682,236418,43885,8.67
2026-08-21 10:37:24,24247.0,2026-08-25,24500.0,PE,222.3,221.75,222.3,118119,66868,5283,
2026-08-21 10:37:24,24247.0,2026-08-25,24550.0,CE,11.55,11.5,11.6,297698,66144,19557,8.72
2026-08-21 10:37:24,24247.0,2026-08-25,24550.0,PE,265.15,265.35,266.1,12847,4242,1309,
2026-08-21 10:37:24,24247.0,2026-08-25,24600.0,CE,7.45,7.45,7.5,355849,159410,32769,8.81
2026-08-21 10:37:24,24247.0,2026-08-25,24600.0,PE,311.95,311.1,311.9,20710,15422,811,
2026-08-21 10:37:24,24247.0,2026-08-25,24650.0,CE,5.25,5.25,5.3,183900,64756,20250,9.1
2026-08-21 10:37:24,24247.0,2026-08-25,24650.0,PE,358.9,358.4,359.35,3134,2991,193,
2026-08-21 10:37:24,24247.0,2026-08-25,24700.0,CE,3.75,3.75,3.8,218293,121793,5543,9.39
2026-08-21 10:37:24,24247.0,2026-08-25,24700.0,PE,406.85,406.8,407.95,4625,12982,-339,
2026-08-21 10:37:24,24247.0,2026-08-25,24750.0,CE,2.9,2.9,2.95,130761,44710,13005,9.78
2026-08-21 10:37:24,24247.0,2026-08-25,24750.0,PE,455.95,455.55,457.15,450,1466,-10,
2026-08-21 10:38:24,24251.1,2026-08-25,23750.0,CE,550.85,551.15,553.4,226,726,-24,17.42
2026-08-21 10:38:24,24251.1,2026-08-25,23750.0,PE,4.55,4.55,4.6,158097,39713,4860,11.86
2026-08-21 10:38:24,24251.1,2026-08-25,23800.0,CE,499.5,501.75,503.2,4539,10048,456,16.68
2026-08-21 10:38:24,24251.1,2026-08-25,23800.0,PE,5.2,5.15,5.2,293603,136405,12013,11.2
2026-08-21 10:38:24,24251.1,2026-08-25,23850.0,CE,452.45,453.6,455.05,815,1220,85,15.77
2026-08-21 10:38:24,24251.1,2026-08-25,23850.0,PE,6.2,6.15,6.2,193916,65916,7729,10.65
2026-08-21 10:38:24,24251.1,2026-08-25,23900.0,CE,404.55,404.75,405.75,6949,5418,688,14.45
2026-08-21 10:38:24,24251.1,2026-08-25,23900.0,PE,7.7,7.65,7.7,311562,113014,9383,10.11
2026-08-21 10:38:24,24251.1,2026-08-25,23950.0,CE,357.0,357.05,358.0,5617,3627,378,13.62
2026-08-21 10:38:24,24251.1,2026-08-25,23950.0,PE,9.95,9.95,10.0,219778,55752,7143,9.66
2026-08-21 10:38:24,24251.1,2026-08-25,24000.0,CE,311.0,310.4,311.2,79465,95906,1506,12.54
2026-08-21 10:38:24,24251.1,2026-08-25,24000.0,PE,13.45,13.4,13.45,651882,287724,36218,9.28
2026-08-21 10:38:24,24251.1,2026-08-25,24050.0,CE,265.4,265.4,265.95,28472,10406,963,11.81
2026-08-21 10:38:24,24251.1,2026-08-25,24050.0,PE,17.9,17.9,18.0,328018,75295,26733,8.88
2026-08-21 10:38:24,24251.1,2026-08-25,24100.0,CE,222.6,222.1,222.6,179828,55857,8815,11.13
2026-08-21 10:38:24,24251.1,2026-08-25,24100.0,PE,24.55,24.55,24.65,607502,160394,43126,8.54
2026-08-21 10:38:24,24251.1,2026-08-25,24150.0,CE,181.6,181.6,182.0,218861,34534,15268,10.52
2026-08-21 10:38:24,24251.1,2026-08-25,24150.0,PE,33.8,33.8,33.9,571094,131035,59465,8.2
2026-08-21 10:38:24,24251.1,2026-08-25,24200.0,CE,144.95,144.65,144.95,1131419,214261,84898,10.08
2026-08-21 10:38:24,24251.1,2026-08-25,24200.0,PE,46.75,46.6,46.75,1777707,380471,176025,7.92
2026-08-21 10:38:24,24251.1,2026-08-25,24250.0,CE,111.35,111.05,111.35,1227332,162864,98701,9.63
2026-08-21 10:38:24,24251.1,2026-08-25,24250.0,PE,63.5,63.45,63.55,1505343,228065,151488,7.61
2026-08-21 10:38:24,24251.1,2026-08-25,24300.0,CE,82.65,82.6,82.75,1498114,282438,131886,9.29
2026-08-21 10:38:24,24251.1,2026-08-25,24300.0,PE,85.05,85.05,85.3,1340008,231847,116812,7.29
2026-08-21 10:38:24,24251.1,2026-08-25,24350.0,CE,59.4,59.35,59.5,623151,95757,48764,9.02
2026-08-21 10:38:24,24251.1,2026-08-25,24350.0,PE,112.1,111.85,112.15,467849,66345,35665,6.99
2026-08-21 10:38:24,24251.1,2026-08-25,24400.0,CE,41.25,41.2,41.3,710345,183845,57373,8.84
2026-08-21 10:38:24,24251.1,2026-08-25,24400.0,PE,144.05,143.6,144.0,403863,77921,29300,6.53
2026-08-21 10:38:24,24251.1,2026-08-25,24450.0,CE,27.6,27.55,27.65,348906,77727,35728,8.71
2026-08-21 10:38:24,24251.1,2026-08-25,24450.0,PE,180.6,180.15,180.6,94931,18900,10182,5.81
2026-08-21 10:38:24,24251.1,2026-08-25,24500.0,CE,18.15,18.05,18.15,609935,236712,44179,8.67
2026-08-21 10:38:24,24251.1,2026-08-25,24500.0,PE,220.85,220.5,220.9,118858,66993,5408,
2026-08-21 10:38:24,24251.1,2026-08-25,24550.0,CE,11.7,11.7,11.75,299893,66316,19729,8.72
2026-08-21 10:38:24,24251.1,2026-08-25,24550.0,PE,263.55,263.75,264.4,12894,4240,1307,
2026-08-21 10:38:24,24251.1,2026-08-25,24600.0,CE,7.55,7.55,7.6,357358,159247,32606,8.81
2026-08-21 10:38:24,24251.1,2026-08-25,24600.0,PE,310.0,309.45,310.35,20835,15415,804,
2026-08-21 10:38:24,24251.1,2026-08-25,24650.0,CE,5.35,5.3,5.35,185017,65037,20531,9.1
2026-08-21 10:38:24,24251.1,2026-08-25,24650.0,PE,356.0,356.6,357.65,3145,2991,193,
2026-08-21 10:38:24,24251.1,2026-08-25,24700.0,CE,3.8,3.75,3.8,219511,121874,5624,9.39
2026-08-21 10:38:24,24251.1,2026-08-25,24700.0,PE,404.95,405.25,406.4,4645,12982,-339,
2026-08-21 10:38:24,24251.1,2026-08-25,24750.0,CE,2.9,2.9,2.95,131488,44518,12813,9.78
2026-08-21 10:38:24,24251.1,2026-08-25,24750.0,PE,455.95,453.7,455.55,450,1466,-10,
2026-08-21 10:39:25,24250.4,2026-08-25,23750.0,CE,550.85,550.1,552.5,226,726,-24,17.42
2026-08-21 10:39:25,24250.4,2026-08-25,23750.0,PE,4.6,4.55,4.6,158140,39713,4860,11.86
2026-08-21 10:39:25,24250.4,2026-08-25,23800.0,CE,500.95,500.9,502.1,4542,10057,465,16.68
2026-08-21 10:39:25,24250.4,2026-08-25,23800.0,PE,5.15,5.15,5.2,294025,136405,12013,11.2
2026-08-21 10:39:25,24250.4,2026-08-25,23850.0,CE,453.8,452.35,453.85,819,1229,94,15.77
2026-08-21 10:39:25,24250.4,2026-08-25,23850.0,PE,6.15,6.15,6.2,194228,65916,7729,10.65
2026-08-21 10:39:25,24250.4,2026-08-25,23900.0,CE,403.75,403.6,404.4,6967,5418,688,14.45
2026-08-21 10:39:25,24250.4,2026-08-25,23900.0,PE,7.6,7.6,7.65,312216,113014,9383,10.11
2026-08-21 10:39:25,24250.4,2026-08-25,23950.0,CE,357.0,355.9,356.95,5627,3627,378,13.62
2026-08-21 10:39:25,24250.4,2026-08-25,23950.0,PE,9.9,9.9,9.95,220007,55752,7143,9.66
2026-08-21 10:39:25,24250.4,2026-08-25,24000.0,CE,310.15,309.9,310.5,79681,95906,1506,12.54
2026-08-21 10:39:25,24250.4,2026-08-25,24000.0,PE,13.4,13.35,13.4,654953,287724,36218,9.28
2026-08-21 10:39:25,24250.4,2026-08-25,24050.0,CE,264.95,264.5,265.1,28501,10406,963,11.81
2026-08-21 10:39:25,24250.4,2026-08-25,24050.0,PE,17.95,17.9,17.95,328375,75295,26733,8.88
2026-08-21 10:39:25,24250.4,2026-08-25,24100.0,CE,221.4,221.0,221.4,180280,55857,8815,11.13
2026-08-21 10:39:25,24250.4,2026-08-25,24100.0,PE,24.65,24.6,24.7,609236,160394,43126,8.54
2026-08-21 10:39:25,24250.4,2026-08-25,24150.0,CE,181.1,180.75,181.2,219872,34534,15268,10.52
2026-08-21 10:39:25,24250.4,2026-08-25,24150.0,PE,33.85,33.85,33.95,572477,131035,59465,8.2
2026-08-21 10:39:25,24250.4,2026-08-25,24200.0,CE,144.25,144.0,144.15,1135861,214261,84898,10.08
2026-08-21 10:39:25,24250.4,2026-08-25,24200.0,PE,46.9,46.8,46.9,1781646,380471,176025,7.92
2026-08-21 10:39:25,24250.4,2026-08-25,24250.0,CE,110.6,110.4,110.6,1232715,162864,98701,9.63
2026-08-21 10:39:25,24250.4,2026-08-25,24250.0,PE,63.8,63.85,64.0,1509424,228065,151488,7.61
2026-08-21 10:39:25,24250.4,2026-08-25,24300.0,CE,82.25,82.0,82.25,1503681,282438,131886,9.29
2026-08-21 10:39:25,24250.4,2026-08-25,24300.0,PE,85.65,85.55,85.65,1343781,231847,116812,7.29
2026-08-21 10:39:25,24250.4,2026-08-25,24350.0,CE,59.05,58.9,59.1,625752,95757,48764,9.02
2026-08-21 10:39:25,24250.4,2026-08-25,24350.0,PE,112.7,112.4,112.65,469343,66345,35665,6.99
2026-08-21 10:39:25,24250.4,2026-08-25,24400.0,CE,40.95,40.9,40.95,712826,183845,57373,8.84
2026-08-21 10:39:25,24250.4,2026-08-25,24400.0,PE,144.6,144.25,144.6,405021,77921,29300,6.53
2026-08-21 10:39:25,24250.4,2026-08-25,24450.0,CE,27.4,27.3,27.4,350163,77727,35728,8.71
2026-08-21 10:39:25,24250.4,2026-08-25,24450.0,PE,181.3,181.0,181.45,95087,18900,10182,5.81
2026-08-21 10:39:25,24250.4,2026-08-25,24500.0,CE,18.0,17.95,18.0,612616,236712,44179,8.67
2026-08-21 10:39:25,24250.4,2026-08-25,24500.0,PE,221.6,221.1,221.6,119300,66993,5408,
2026-08-21 10:39:25,24250.4,2026-08-25,24550.0,CE,11.65,11.6,11.65,300747,66316,19729,8.72
2026-08-21 10:39:25,24250.4,2026-08-25,24550.0,PE,265.55,264.6,265.3,12923,4240,1307,
2026-08-21 10:39:25,24250.4,2026-08-25,24600.0,CE,7.55,7.5,7.55,357844,159247,32606,8.81
2026-08-21 10:39:25,24250.4,2026-08-25,24600.0,PE,310.55,310.4,311.15,20869,15415,804,
2026-08-21 10:39:25,24250.4,2026-08-25,24650.0,CE,5.3,5.3,5.35,185454,65037,20531,9.1
2026-08-21 10:39:25,24250.4,2026-08-25,24650.0,PE,357.75,357.55,358.7,3147,2991,193,
2026-08-21 10:39:25,24250.4,2026-08-25,24700.0,CE,3.8,3.75,3.8,220307,121874,5624,9.39
2026-08-21 10:39:25,24250.4,2026-08-25,24700.0,PE,405.0,406.05,407.25,4649,12982,-339,
2026-08-21 10:39:25,24250.4,2026-08-25,24750.0,CE,2.9,2.9,2.95,131508,44518,12813,9.78
2026-08-21 10:39:25,24250.4,2026-08-25,24750.0,PE,455.95,454.95,456.4,450,1466,-10,
2026-08-21 10:40:25,24248.7,2026-08-25,23750.0,CE,550.85,548.25,550.65,226,726,-24,17.42
2026-08-21 10:40:25,24248.7,2026-08-25,23750.0,PE,4.55,4.55,4.6,158164,39733,4880,11.86
2026-08-21 10:40:25,24248.7,2026-08-25,23800.0,CE,500.95,499.2,500.45,4542,10055,463,16.68
2026-08-21 10:40:25,24248.7,2026-08-25,23800.0,PE,5.2,5.15,5.2,294812,136449,12057,11.2
2026-08-21 10:40:25,24248.7,2026-08-25,23850.0,CE,453.8,450.4,451.9,819,1227,92,15.77
2026-08-21 10:40:25,24248.7,2026-08-25,23850.0,PE,6.15,6.15,6.2,194404,65800,7613,10.65
2026-08-21 10:40:25,24248.7,2026-08-25,23900.0,CE,402.9,402.0,402.9,6977,5417,687,14.45
2026-08-21 10:40:25,24248.7,2026-08-25,23900.0,PE,7.65,7.65,7.7,312607,113286,9655,10.11
2026-08-21 10:40:25,24248.7,2026-08-25,23950.0,CE,355.0,354.05,355.05,5630,3627,378,13.62
2026-08-21 10:40:25,24248.7,2026-08-25,23950.0,PE,10.0,9.95,10.0,220335,55897,7288,9.66
2026-08-21 10:40:25,24248.7,2026-08-25,24000.0,CE,308.3,308.1,308.5,79806,95842,1442,12.54
2026-08-21 10:40:25,24248.7,2026-08-25,24000.0,PE,13.5,13.45,13.55,656696,287166,35660,9.28
2026-08-21 10:40:25,24248.7,2026-08-25,24050.0,CE,262.7,262.55,263.0,28536,10413,970,11.81
2026-08-21 10:40:25,24248.7,2026-08-25,24050.0,PE,18.1,18.05,18.1,328950,75480,26918,8.88
2026-08-21 10:40:25,24248.7,2026-08-25,24100.0,CE,219.8,219.15,219.75,180887,56177,9135,11.13
2026-08-21 10:40:25,24248.7,2026-08-25,24100.0,PE,24.9,24.85,24.9,610187,160663,43395,8.54
2026-08-21 10:40:25,24248.7,2026-08-25,24150.0,CE,179.4,179.0,179.4,220435,34997,15731,10.52
2026-08-21 10:40:25,24248.7,2026-08-25,24150.0,PE,34.25,34.25,34.4,574089,131286,59716,8.2
2026-08-21 10:40:25,24248.7,2026-08-25,24200.0,CE,142.6,142.25,142.45,1138702,216726,87363,10.08
2026-08-21 10:40:25,24248.7,2026-08-25,24200.0,PE,47.45,47.3,47.45,1785957,380963,176517,7.92
2026-08-21 10:40:25,24248.7,2026-08-25,24250.0,CE,109.15,109.15,109.4,1236644,165957,101794,9.63
2026-08-21 10:40:25,24248.7,2026-08-25,24250.0,PE,64.65,64.5,64.65,1513920,227298,150721,7.61
2026-08-21 10:40:25,24248.7,2026-08-25,24300.0,CE,81.1,81.05,81.1,1508105,285179,134627,9.29
2026-08-21 10:40:25,24248.7,2026-08-25,24300.0,PE,86.5,86.35,86.5,1346515,232136,117101,7.29
2026-08-21 10:40:25,24248.7,2026-08-25,24350.0,CE,58.0,57.9,58.05,628198,95894,48901,9.02
2026-08-21 10:40:25,24248.7,2026-08-25,24350.0,PE,113.75,113.5,113.8,471578,67604,36924,6.99
2026-08-21 10:40:25,24248.7,2026-08-25,24400.0,CE,40.15,40.05,40.15,715147,184332,57860,8.84
2026-08-21 10:40:25,24248.7,2026-08-25,24400.0,PE,145.45,145.5,145.85,406147,77566,28945,6.53
2026-08-21 10:40:25,24248.7,2026-08-25,24450.0,CE,26.75,26.7,26.8,351522,78064,36065,8.71
2026-08-21 10:40:25,24248.7,2026-08-25,24450.0,PE,182.3,182.35,182.8,95411,18919,10201,5.81
2026-08-21 10:40:25,24248.7,2026-08-25,24500.0,CE,17.5,17.45,17.5,614960,237824,45291,8.67
2026-08-21 10:40:25,24248.7,2026-08-25,24500.0,PE,222.5,222.5,223.0,119609,66834,5249,
2026-08-21 10:40:25,24248.7,2026-08-25,24550.0,CE,11.3,11.3,11.35,301541,66504,19917,8.72
2026-08-21 10:40:25,24248.7,2026-08-25,24550.0,PE,266.1,266.35,267.0,12947,4226,1293,
2026-08-21 10:40:25,24248.7,2026-08-25,24600.0,CE,7.3,7.3,7.35,359463,159590,32949,8.81
2026-08-21 10:40:25,24248.7,2026-08-25,24600.0,PE,311.85,311.9,312.55,20934,15345,734,
2026-08-21 10:40:25,24248.7,2026-08-25,24650.0,CE,5.2,5.15,5.2,185933,65048,20542,9.1
2026-08-21 10:40:25,24248.7,2026-08-25,24650.0,PE,360.35,359.5,360.45,3151,2991,193,
2026-08-21 10:40:25,24248.7,2026-08-25,24700.0,CE,3.65,3.65,3.7,220906,122260,6010,9.39
2026-08-21 10:40:25,24248.7,2026-08-25,24700.0,PE,408.85,407.85,408.95,4663,12983,-338,
2026-08-21 10:40:25,24248.7,2026-08-25,24750.0,CE,2.85,2.8,2.85,132119,44722,13017,9.78
2026-08-21 10:40:25,24248.7,2026-08-25,24750.0,PE,455.95,456.75,458.2,450,1465,-11,
2026-08-21 10:41:25,24250.6,2026-08-25,23750.0,CE,550.85,550.1,552.3,226,726,-24,17.42
2026-08-21 10:41:25,24250.6,2026-08-25,23750.0,PE,4.55,4.55,4.6,158234,39733,4880,11.86
2026-08-21 10:41:25,24250.6,2026-08-25,23800.0,CE,500.0,500.45,501.85,4545,10055,463,16.68
2026-08-21 10:41:25,24250.6,2026-08-25,23800.0,PE,5.15,5.15,5.2,295145,136449,12057,11.2
2026-08-21 10:41:25,24250.6,2026-08-25,23850.0,CE,452.75,452.2,453.85,820,1228,93,15.77
2026-08-21 10:41:25,24250.6,2026-08-25,23850.0,PE,6.15,6.15,6.2,194531,65800,7613,10.65
2026-08-21 10:41:25,24250.6,2026-08-25,23900.0,CE,403.5,403.75,404.95,6994,5417,687,14.45
2026-08-21 10:41:25,24250.6,2026-08-25,23900.0,PE,7.65,7.6,7.65,314391,113286,9655,10.11
2026-08-21 10:41:25,24250.6,2026-08-25,23950.0,CE,355.85,355.85,356.9,5650,3627,378,13.62
2026-08-21 10:41:25,24250.6,2026-08-25,23950.0,PE,9.9,9.9,9.95,220780,55897,7288,9.66
2026-08-21 10:41:25,24250.6,2026-08-25,24000.0,CE,310.2,309.45,310.15,80108,95842,1442,12.54
2026-08-21 10:41:25,24250.6,2026-08-25,24000.0,PE,13.35,13.35,13.4,660273,287166,35660,9.28
2026-08-21 10:41:25,24250.6,2026-08-25,24050.0,CE,264.05,264.3,264.9,28579,10413,970,11.81
2026-08-21 10:41:25,24250.6,2026-08-25,24050.0,PE,17.95,17.9,17.95,329756,75480,26918,8.88
2026-08-21 10:41:25,24250.6,2026-08-25,24100.0,CE,221.7,221.1,221.7,181482,56177,9135,11.13
2026-08-21 10:41:25,24250.6,2026-08-25,24100.0,PE,24.6,24.5,24.6,612450,160663,43395,8.54
2026-08-21 10:41:25,24250.6,2026-08-25,24150.0,CE,180.7,180.45,180.7,221066,34997,15731,10.52
2026-08-21 10:41:25,24250.6,2026-08-25,24150.0,PE,33.9,33.9,33.95,576861,131286,59716,8.2
2026-08-21 10:41:25,24250.6,2026-08-25,24200.0,CE,143.95,143.55,143.85,1142774,216726,87363,10.08
2026-08-21 10:41:25,24250.6,2026-08-25,24200.0,PE,46.8,46.8,46.9,1793493,380963,176517,7.92
2026-08-21 10:41:25,24250.6,2026-08-25,24250.0,CE,110.6,110.3,110.6,1241563,165957,101794,9.63
2026-08-21 10:41:25,24250.6,2026-08-25,24250.0,PE,63.9,63.75,63.9,1521339,227298,150721,7.61
2026-08-21 10:41:25,24250.6,2026-08-25,24300.0,CE,82.15,81.95,82.15,1513577,285179,134627,9.29
2026-08-21 10:41:25,24250.6,2026-08-25,24300.0,PE,85.55,85.45,85.6,1351837,232136,117101,7.29
2026-08-21 10:41:25,24250.6,2026-08-25,24350.0,CE,58.8,58.7,58.85,634841,95894,48901,9.02
2026-08-21 10:41:25,24250.6,2026-08-25,24350.0,PE,112.65,112.5,112.65,473958,67604,36924,6.99
2026-08-21 10:41:25,24250.6,2026-08-25,24400.0,CE,40.65,40.7,40.8,719507,184332,57860,8.84
2026-08-21 10:41:25,24250.6,2026-08-25,24400.0,PE,144.65,144.35,144.7,408096,77566,28945,6.53
2026-08-21 10:41:25,24250.6,2026-08-25,24450.0,CE,27.35,27.25,27.35,353069,78064,36065,8.71
2026-08-21 10:41:25,24250.6,2026-08-25,24450.0,PE,180.75,180.75,181.1,95733,18919,10201,5.81
2026-08-21 10:41:25,24250.6,2026-08-25,24500.0,CE,17.85,17.8,17.85,617365,237824,45291,8.67
2026-08-21 10:41:25,24250.6,2026-08-25,24500.0,PE,221.5,221.2,221.8,120072,66834,5249,
2026-08-21 10:41:25,24250.6,2026-08-25,24550.0,CE,11.5,11.5,11.55,302822,66504,19917,8.72
2026-08-21 10:41:25,24250.6,2026-08-25,24550.0,PE,265.65,265.0,265.45,12972,4226,1293,
2026-08-21 10:41:25,24250.6,2026-08-25,24600.0,CE,7.4,7.4,7.45,360373,159590,32949,8.81
2026-08-21 10:41:25,24250.6,2026-08-25,24600.0,PE,310.75,310.35,311.1,21004,15345,734,
2026-08-21 10:41:25,24250.6,2026-08-25,24650.0,CE,5.2,5.2,5.25,186757,65048,20542,9.1
2026-08-21 10:41:25,24250.6,2026-08-25,24650.0,PE,358.05,357.7,358.8,3155,2991,193,
2026-08-21 10:41:25,24250.6,2026-08-25,24700.0,CE,3.7,3.7,3.75,223120,122260,6010,9.39
2026-08-21 10:41:25,24250.6,2026-08-25,24700.0,PE,409.0,406.25,407.45,4673,12983,-338,
2026-08-21 10:41:25,24250.6,2026-08-25,24750.0,CE,2.9,2.85,2.9,132968,44722,13017,9.78
2026-08-21 10:41:25,24250.6,2026-08-25,24750.0,PE,458.25,455.2,456.65,451,1465,-11,
2026-08-21 10:42:26,24250.5,2026-08-25,23750.0,CE,550.85,550.55,553.05,226,726,-24,17.36
2026-08-21 10:42:26,24250.5,2026-08-25,23750.0,PE,4.5,4.5,4.55,158920,39735,4882,11.84
2026-08-21 10:42:26,24250.5,2026-08-25,23800.0,CE,502.0,501.15,502.6,4554,10054,462,15.78
2026-08-21 10:42:26,24250.5,2026-08-25,23800.0,PE,5.15,5.1,5.15,295725,136483,12091,11.19
2026-08-21 10:42:26,24250.5,2026-08-25,23850.0,CE,454.55,452.85,454.4,821,1228,93,15.47
2026-08-21 10:42:26,24250.5,2026-08-25,23850.0,PE,6.1,6.1,6.15,194726,65780,7593,10.6
2026-08-21 10:42:26,24250.5,2026-08-25,23900.0,CE,405.05,404.25,405.4,7002,5413,683,13.76
2026-08-21 10:42:26,24250.5,2026-08-25,23900.0,PE,7.6,7.55,7.65,314639,112891,9260,10.09
2026-08-21 10:42:26,24250.5,2026-08-25,23950.0,CE,357.8,356.25,357.4,5663,3631,382,13.05
2026-08-21 10:42:26,24250.5,2026-08-25,23950.0,PE,9.85,9.85,9.9,221043,55772,7163,9.64
2026-08-21 10:42:26,24250.5,2026-08-25,24000.0,CE,310.85,310.0,310.7,80325,95796,1396,12.14
2026-08-21 10:42:26,24250.5,2026-08-25,24000.0,PE,13.25,13.3,13.35,662094,288046,36540,9.27
2026-08-21 10:42:26,24250.5,2026-08-25,24050.0,CE,265.4,264.8,265.45,28647,10381,938,11.36
2026-08-21 10:42:26,24250.5,2026-08-25,24050.0,PE,17.75,17.75,17.8,330394,75382,26820,8.86
2026-08-21 10:42:26,24250.5,2026-08-25,24100.0,CE,222.0,221.45,222.0,181890,56185,9143,10.73
2026-08-21 10:42:26,24250.5,2026-08-25,24100.0,PE,24.4,24.35,24.45,614330,160746,43478,8.52
2026-08-21 10:42:26,24250.5,2026-08-25,24150.0,CE,181.0,180.95,181.3,221838,34987,15721,10.28
2026-08-21 10:42:26,24250.5,2026-08-25,24150.0,PE,33.7,33.6,33.75,578629,130776,59206,8.19
2026-08-21 10:42:26,24250.5,2026-08-25,24200.0,CE,144.25,144.0,144.25,1145951,216482,87119,9.83
2026-08-21 10:42:26,24250.5,2026-08-25,24200.0,PE,46.6,46.45,46.6,1797242,381834,177388,7.93
2026-08-21 10:42:26,24250.5,2026-08-25,24250.0,CE,110.45,110.55,110.85,1245678,164535,100372,9.38
2026-08-21 10:42:26,24250.5,2026-08-25,24250.0,PE,63.55,63.4,63.55,1524678,227788,151211,7.65
2026-08-21 10:42:26,24250.5,2026-08-25,24300.0,CE,82.15,82.0,82.2,1518237,285403,134851,9.05
2026-08-21 10:42:26,24250.5,2026-08-25,24300.0,PE,85.2,85.05,85.15,1355668,232243,117208,7.36
2026-08-21 10:42:26,24250.5,2026-08-25,24350.0,CE,58.95,58.75,58.8,638049,95951,48958,8.84
2026-08-21 10:42:26,24250.5,2026-08-25,24350.0,PE,112.0,111.9,112.0,475352,67746,37066,7.04
2026-08-21 10:42:26,24250.5,2026-08-25,24400.0,CE,40.75,40.7,40.8,721447,184724,58252,8.67
2026-08-21 10:42:26,24250.5,2026-08-25,24400.0,PE,143.65,143.5,143.9,409004,77812,29191,6.62
2026-08-21 10:42:26,24250.5,2026-08-25,24450.0,CE,27.2,27.15,27.25,354392,78146,36147,8.57
2026-08-21 10:42:26,24250.5,2026-08-25,24450.0,PE,180.3,180.15,180.6,95948,18989,10271,6.07
2026-08-21 10:42:26,24250.5,2026-08-25,24500.0,CE,17.7,17.7,17.8,619053,238259,45726,8.56
2026-08-21 10:42:26,24250.5,2026-08-25,24500.0,PE,220.3,220.3,220.9,120234,66913,5328,3.89
2026-08-21 10:42:26,24250.5,2026-08-25,24550.0,CE,11.45,11.45,11.5,304010,66502,19915,8.59
2026-08-21 10:42:26,24250.5,2026-08-25,24550.0,PE,263.9,263.8,264.45,13043,4228,1295,
2026-08-21 10:42:26,24250.5,2026-08-25,24600.0,CE,7.4,7.35,7.4,361087,159684,33043,8.7
2026-08-21 10:42:26,24250.5,2026-08-25,24600.0,PE,310.2,309.45,310.3,21091,15322,711,
2026-08-21 10:42:26,24250.5,2026-08-25,24650.0,CE,5.2,5.15,5.2,187594,65128,20622,8.98
2026-08-21 10:42:26,24250.5,2026-08-25,24650.0,PE,357.15,357.2,358.15,3161,2990,192,
2026-08-21 10:42:26,24250.5,2026-08-25,24700.0,CE,3.7,3.65,3.7,223501,122473,6223,9.3
2026-08-21 10:42:26,24250.5,2026-08-25,24700.0,PE,405.6,405.6,406.85,4678,12983,-338,
2026-08-21 10:42:26,24250.5,2026-08-25,24750.0,CE,2.9,2.85,2.9,132998,44534,12829,9.75
2026-08-21 10:42:26,24250.5,2026-08-25,24750.0,PE,456.5,454.55,455.95,452,1465,-11,
2026-08-21 10:43:26,24251.35,2026-08-25,23750.0,CE,550.85,551.95,554.15,226,726,-24,17.36
2026-08-21 10:43:26,24251.35,2026-08-25,23750.0,PE,4.45,4.45,4.5,159064,40067,5214,11.84
2026-08-21 10:43:26,24251.35,2026-08-25,23800.0,CE,503.35,502.85,503.35,4556,10059,467,15.78
2026-08-21 10:43:26,24251.35,2026-08-25,23800.0,PE,5.05,5.05,5.1,296218,136419,12027,11.19
2026-08-21 10:43:26,24251.35,2026-08-25,23850.0,CE,454.55,454.35,456.0,821,1229,94,15.47
2026-08-21 10:43:26,24251.35,2026-08-25,23850.0,PE,6.05,6.05,6.1,194924,65825,7638,10.6
2026-08-21 10:43:26,24251.35,2026-08-25,23900.0,CE,405.05,405.65,407.0,7002,5413,683,13.76
2026-08-21 10:43:26,24251.35,2026-08-25,23900.0,PE,7.55,7.5,7.55,315301,112839,9208,10.09
2026-08-21 10:43:26,24251.35,2026-08-25,23950.0,CE,358.0,357.95,359.0,5666,3635,386,13.05
2026-08-21 10:43:26,24251.35,2026-08-25,23950.0,PE,9.7,9.7,9.75,221271,55741,7132,9.64
2026-08-21 10:43:26,24251.35,2026-08-25,24000.0,CE,311.15,311.5,311.95,80440,95820,1420,12.14
2026-08-21 10:43:26,24251.35,2026-08-25,24000.0,PE,13.1,13.1,13.15,664278,288044,36538,9.27
2026-08-21 10:43:26,24251.35,2026-08-25,24050.0,CE,265.95,266.45,267.0,28658,10385,942,11.36
2026-08-21 10:43:26,24251.35,2026-08-25,24050.0,PE,17.65,17.55,17.6,330716,75460,26898,8.86
2026-08-21 10:43:26,24251.35,2026-08-25,24100.0,CE,222.9,222.95,223.0,182175,56286,9244,10.73
2026-08-21 10:43:26,24251.35,2026-08-25,24100.0,PE,24.15,24.1,24.15,615646,161203,43935,8.52
2026-08-21 10:43:26,24251.35,2026-08-25,24150.0,CE,182.3,182.3,182.5,222074,35160,15894,10.28
2026-08-21 10:43:26,24251.35,2026-08-25,24150.0,PE,33.35,33.2,33.35,579504,130569,58999,8.19
2026-08-21 10:43:26,24251.35,2026-08-25,24200.0,CE,145.2,145.25,145.5,1147634,217001,87638,9.83
2026-08-21 10:43:26,24251.35,2026-08-25,24200.0,PE,46.1,46.0,46.1,1800040,382409,177963,7.93
2026-08-21 10:43:26,24251.35,2026-08-25,24250.0,CE,111.75,111.4,111.7,1247694,165545,101382,9.38
2026-08-21 10:43:26,24251.35,2026-08-25,24250.0,PE,62.8,62.8,63.0,1528803,228269,151692,7.65
2026-08-21 10:43:26,24251.35,2026-08-25,24300.0,CE,83.05,83.05,83.2,1520493,286022,135470,9.05
2026-08-21 10:43:26,24251.35,2026-08-25,24300.0,PE,84.05,84.05,84.25,1357499,232524,117489,7.36
2026-08-21 10:43:26,24251.35,2026-08-25,24350.0,CE,59.6,59.6,59.8,638950,95971,48978,8.84
2026-08-21 10:43:26,24251.35,2026-08-25,24350.0,PE,110.8,110.8,110.85,476382,68052,37372,7.04
2026-08-21 10:43:26,24251.35,2026-08-25,24400.0,CE,41.4,41.3,41.4,722919,185305,58833,8.67
2026-08-21 10:43:26,24251.35,2026-08-25,24400.0,PE,142.4,142.5,142.75,409759,77841,29220,6.62
2026-08-21 10:43:26,24251.35,2026-08-25,24450.0,CE,27.7,27.65,27.75,355218,78250,36251,8.57
2026-08-21 10:43:26,24251.35,2026-08-25,24450.0,PE,179.3,178.85,179.25,96218,19051,10333,6.07
2026-08-21 10:43:26,24251.35,2026-08-25,24500.0,CE,18.1,18.05,18.15,620108,238663,46130,8.56
2026-08-21 10:43:26,24251.35,2026-08-25,24500.0,PE,219.4,219.1,219.55,120367,66902,5317,3.89
2026-08-21 10:43:26,24251.35,2026-08-25,24550.0,CE,11.7,11.7,11.75,304786,66603,20016,8.59
2026-08-21 10:43:26,24251.35,2026-08-25,24550.0,PE,263.75,262.25,262.95,13067,4218,1285,
2026-08-21 10:43:26,24251.35,2026-08-25,24600.0,CE,7.55,7.5,7.55,361439,159479,32838,8.7
2026-08-21 10:43:26,24251.35,2026-08-25,24600.0,PE,309.8,308.05,308.8,21098,15296,685,
2026-08-21 10:43:26,24251.35,2026-08-25,24650.0,CE,5.3,5.25,5.3,187776,65065,20559,8.98
2026-08-21 10:43:26,24251.35,2026-08-25,24650.0,PE,356.55,355.35,356.3,3162,2990,192,
2026-08-21 10:43:26,24251.35,2026-08-25,24700.0,CE,3.75,3.7,3.75,224190,122471,6221,9.3
2026-08-21 10:43:26,24251.35,2026-08-25,24700.0,PE,405.0,404.0,405.0,4794,12983,-338,
2026-08-21 10:43:26,24251.35,2026-08-25,24750.0,CE,2.85,2.85,2.9,133041,44533,12828,9.75
2026-08-21 10:43:26,24251.35,2026-08-25,24750.0,PE,456.5,452.75,454.2,452,1465,-11,
2026-08-21 10:44:26,24252.55,2026-08-25,23750.0,CE,550.85,554.55,556.9,226,726,-24,17.36
2026-08-21 10:44:26,24252.55,2026-08-25,23750.0,PE,4.45,4.45,4.5,159548,40078,5225,11.84
2026-08-21 10:44:26,24252.55,2026-08-25,23800.0,CE,506.95,505.05,506.45,4594,10066,474,15.78
2026-08-21 10:44:26,24252.55,2026-08-25,23800.0,PE,5.0,5.0,5.05,297302,136616,12224,11.19
2026-08-21 10:44:26,24252.55,2026-08-25,23850.0,CE,458.35,456.6,458.1,826,1229,94,15.47
2026-08-21 10:44:26,24252.55,2026-08-25,23850.0,PE,6.0,5.95,6.0,195365,65945,7758,10.6
2026-08-21 10:44:26,24252.55,2026-08-25,23900.0,CE,408.25,407.75,408.8,7032,5413,683,13.76
2026-08-21 10:44:26,24252.55,2026-08-25,23900.0,PE,7.45,7.4,7.45,316351,112819,9188,10.09
2026-08-21 10:44:26,24252.55,2026-08-25,23950.0,CE,360.0,360.05,361.0,5737,3614,365,13.05
2026-08-21 10:44:26,24252.55,2026-08-25,23950.0,PE,9.65,9.6,9.65,221992,55730,7121,9.64
2026-08-21 10:44:26,24252.55,2026-08-25,24000.0,CE,314.2,313.5,314.25,81193,95582,1182,12.14
2026-08-21 10:44:26,24252.55,2026-08-25,24000.0,PE,12.95,12.9,12.95,670416,287696,36190,9.27
2026-08-21 10:44:26,24252.55,2026-08-25,24050.0,CE,268.75,268.0,268.65,29057,10321,878,11.36
2026-08-21 10:44:26,24252.55,2026-08-25,24050.0,PE,17.35,17.35,17.4,332988,75743,27181,8.86
2026-08-21 10:44:26,24252.55,2026-08-25,24100.0,CE,225.15,224.6,225.2,184459,56398,9356,10.73
2026-08-21 10:44:26,24252.55,2026-08-25,24100.0,PE,23.8,23.8,23.85,620447,161412,44144,8.52
2026-08-21 10:44:26,24252.55,2026-08-25,24150.0,CE,184.0,183.95,184.45,224607,35030,15764,10.28
2026-08-21 10:44:26,24252.55,2026-08-25,24150.0,PE,33.0,32.85,32.95,586985,130534,58964,8.19
2026-08-21 10:44:26,24252.55,2026-08-25,24200.0,CE,146.7,146.7,146.9,1159142,216901,87538,9.83
2026-08-21 10:44:26,24252.55,2026-08-25,24200.0,PE,45.45,45.45,45.5,1816841,382407,177961,7.93
2026-08-21 10:44:26,24252.55,2026-08-25,24250.0,CE,113.3,112.95,113.3,1261410,165073,100910,9.38
2026-08-21 10:44:26,24252.55,2026-08-25,24250.0,PE,62.15,62.05,62.1,1543401,227096,150519,7.65
2026-08-21 10:44:26,24252.55,2026-08-25,24300.0,CE,84.2,84.25,84.5,1540379,285979,135427,9.05
2026-08-21 10:44:26,24252.55,2026-08-25,24300.0,PE,83.15,83.15,83.4,1369971,231984,116949,7.36
2026-08-21 10:44:26,24252.55,2026-08-25,24350.0,CE,60.7,60.6,60.75,646402,96290,49297,8.84
2026-08-21 10:44:26,24252.55,2026-08-25,24350.0,PE,109.75,109.7,109.95,480886,68039,37359,7.04
2026-08-21 10:44:26,24252.55,2026-08-25,24400.0,CE,42.3,42.2,42.3,735331,185209,58737,8.67
2026-08-21 10:44:26,24252.55,2026-08-25,24400.0,PE,141.1,141.15,141.45,414384,77706,29085,6.62
2026-08-21 10:44:26,24252.55,2026-08-25,24450.0,CE,28.2,28.2,28.3,359775,78062,36063,8.57
2026-08-21 10:44:26,24252.55,2026-08-25,24450.0,PE,177.75,177.4,177.85,96969,19096,10378,6.07
2026-08-21 10:44:26,24252.55,2026-08-25,24500.0,CE,18.5,18.5,18.6,626350,238720,46187,8.56
2026-08-21 10:44:26,24252.55,2026-08-25,24500.0,PE,217.3,217.75,217.9,121489,66890,5305,3.89
2026-08-21 10:44:26,24252.55,2026-08-25,24550.0,CE,12.0,11.95,12.0,308223,66490,19903,8.59
2026-08-21 10:44:26,24252.55,2026-08-25,24550.0,PE,260.55,260.6,261.3,13134,4210,1277,
2026-08-21 10:44:26,24252.55,2026-08-25,24600.0,CE,7.75,7.7,7.75,363757,159711,33070,8.7
2026-08-21 10:44:26,24252.55,2026-08-25,24600.0,PE,306.2,306.2,306.95,21300,15317,706,
2026-08-21 10:44:26,24252.55,2026-08-25,24650.0,CE,5.4,5.35,5.4,189168,65201,20695,8.98
2026-08-21 10:44:26,24252.55,2026-08-25,24650.0,PE,353.7,353.3,354.4,3205,2975,177,
2026-08-21 10:44:26,24252.55,2026-08-25,24700.0,CE,3.8,3.75,3.8,225480,122475,6225,9.3
2026-08-21 10:44:26,24252.55,2026-08-25,24700.0,PE,402.35,402.35,403.1,4840,12956,-365,
2026-08-21 10:44:26,24252.55,2026-08-25,24750.0,CE,2.85,2.85,2.9,134752,44540,12835,9.75
2026-08-21 10:44:26,24252.55,2026-08-25,24750.0,PE,450.0,450.2,452.05,454,1465,-11,
2026-08-21 10:45:26,24252.9,2026-08-25,23750.0,CE,550.85,553.2,555.55,226,726,-24,17.36
2026-08-21 10:45:26,24252.9,2026-08-25,23750.0,PE,4.45,4.45,4.5,159567,40052,5199,11.84
2026-08-21 10:45:26,24252.9,2026-08-25,23800.0,CE,505.0,503.65,505.3,4605,10070,478,15.78
2026-08-21 10:45:26,24252.9,2026-08-25,23800.0,PE,5.0,5.0,5.05,297422,136801,12409,11.19
2026-08-21 10:45:26,24252.9,2026-08-25,23850.0,CE,458.35,455.0,457.25,826,1230,95,15.47
2026-08-21 10:45:26,24252.9,2026-08-25,23850.0,PE,6.0,6.0,6.05,195562,65815,7628,10.6
2026-08-21 10:45:26,24252.9,2026-08-25,23900.0,CE,407.95,406.55,407.6,7049,5408,678,13.76
2026-08-21 10:45:26,24252.9,2026-08-25,23900.0,PE,7.45,7.45,7.5,316556,112764,9133,10.09
2026-08-21 10:45:26,24252.9,2026-08-25,23950.0,CE,360.1,358.7,359.75,5756,3613,364,13.05
2026-08-21 10:45:26,24252.9,2026-08-25,23950.0,PE,9.65,9.65,9.7,222422,55845,7236,9.64
2026-08-21 10:45:26,24252.9,2026-08-25,24000.0,CE,313.1,312.3,313.0,81279,95494,1094,12.14
2026-08-21 10:45:26,24252.9,2026-08-25,24000.0,PE,13.05,13.0,13.05,671836,287567,36061,9.27
2026-08-21 10:45:26,24252.9,2026-08-25,24050.0,CE,268.05,266.9,267.55,29089,10275,832,11.36
2026-08-21 10:45:26,24252.9,2026-08-25,24050.0,PE,17.45,17.45,17.5,333345,75795,27233,8.86
2026-08-21 10:45:26,24252.9,2026-08-25,24100.0,CE,223.95,223.5,223.95,184853,56094,9052,10.73
2026-08-21 10:45:26,24252.9,2026-08-25,24100.0,PE,23.95,23.95,24.05,622591,161331,44063,8.52
2026-08-21 10:45:26,24252.9,2026-08-25,24150.0,CE,183.6,183.0,183.25,224966,34531,15265,10.28
2026-08-21 10:45:26,24252.9,2026-08-25,24150.0,PE,33.15,33.1,33.2,588398,128889,57319,8.19
2026-08-21 10:45:26,24252.9,2026-08-25,24200.0,CE,145.75,145.75,146.05,1161277,215806,86443,9.83
2026-08-21 10:45:26,24252.9,2026-08-25,24200.0,PE,45.85,45.75,45.8,1820310,384374,179928,7.93
2026-08-21 10:45:26,24252.9,2026-08-25,24250.0,CE,112.45,112.3,112.45,1263902,164363,100200,9.38
2026-08-21 10:45:26,24252.9,2026-08-25,24250.0,PE,62.6,62.55,62.65,1546298,228688,152111,7.65
2026-08-21 10:45:26,24252.9,2026-08-25,24300.0,CE,83.85,83.65,83.8,1544139,285832,135280,9.05
2026-08-21 10:45:26,24252.9,2026-08-25,24300.0,PE,84.0,83.85,84.0,1372265,233577,118542,7.36
2026-08-21 10:45:26,24252.9,2026-08-25,24350.0,CE,60.2,60.1,60.2,647567,96279,49286,8.84
2026-08-21 10:45:26,24252.9,2026-08-25,24350.0,PE,110.65,110.55,110.65,481648,68482,37802,7.04
2026-08-21 10:45:26,24252.9,2026-08-25,24400.0,CE,41.85,41.8,41.9,737764,185624,59152,8.67
2026-08-21 10:45:26,24252.9,2026-08-25,24400.0,PE,142.25,142.1,142.45,415255,78330,29709,6.62
2026-08-21 10:45:26,24252.9,2026-08-25,24450.0,CE,28.0,27.9,28.0,361420,77966,35967,8.57
2026-08-21 10:45:26,24252.9,2026-08-25,24450.0,PE,178.75,178.5,178.95,97057,19207,10489,6.07
2026-08-21 10:45:26,24252.9,2026-08-25,24500.0,CE,18.4,18.35,18.4,627780,238864,46331,8.56
2026-08-21 10:45:26,24252.9,2026-08-25,24500.0,PE,218.9,218.45,218.95,121669,66870,5285,3.89
2026-08-21 10:45:26,24252.9,2026-08-25,24550.0,CE,11.85,11.8,11.85,308896,65811,19224,8.59
2026-08-21 10:45:26,24252.9,2026-08-25,24550.0,PE,262.25,261.65,262.4,13145,4211,1278,
2026-08-21 10:45:26,24252.9,2026-08-25,24600.0,CE,7.6,7.6,7.65,364369,159673,33032,8.7
2026-08-21 10:45:26,24252.9,2026-08-25,24600.0,PE,307.55,307.35,308.15,21332,15330,719,
2026-08-21 10:45:26,24252.9,2026-08-25,24650.0,CE,5.35,5.3,5.35,189211,65252,20746,8.98
2026-08-21 10:45:26,24252.9,2026-08-25,24650.0,PE,354.6,354.65,355.65,3214,2978,180,
2026-08-21 10:45:26,24252.9,2026-08-25,24700.0,CE,3.8,3.75,3.8,225968,122555,6305,9.3
2026-08-21 10:45:26,24252.9,2026-08-25,24700.0,PE,403.3,403.25,404.3,4863,12954,-367,
2026-08-21 10:45:26,24252.9,2026-08-25,24750.0,CE,2.9,2.85,2.9,134894,44390,12685,9.75
2026-08-21 10:45:26,24252.9,2026-08-25,24750.0,PE,450.0,451.4,453.45,454,1465,-11,
2026-08-21 10:46:26,24253.9,2026-08-25,23750.0,CE,550.85,554.95,557.3,226,726,-24,17.36
2026-08-21 10:46:26,24253.9,2026-08-25,23750.0,PE,4.45,4.45,4.5,160222,40398,5545,11.84
2026-08-21 10:46:26,24253.9,2026-08-25,23800.0,CE,506.9,505.25,506.9,4616,10065,473,15.78
2026-08-21 10:46:26,24253.9,2026-08-25,23800.0,PE,5.05,5.0,5.05,298046,136683,12291,11.19
2026-08-21 10:46:26,24253.9,2026-08-25,23850.0,CE,458.35,456.8,458.25,827,1227,92,15.47
2026-08-21 10:46:26,24253.9,2026-08-25,23850.0,PE,5.95,5.95,6.0,195866,65676,7489,10.6
2026-08-21 10:46:26,24253.9,2026-08-25,23900.0,CE,407.75,407.95,409.1,7051,5408,678,13.76
2026-08-21 10:46:26,24253.9,2026-08-25,23900.0,PE,7.4,7.35,7.4,317447,113127,9496,10.09
2026-08-21 10:46:26,24253.9,2026-08-25,23950.0,CE,359.95,360.25,361.25,5762,3613,364,13.05
2026-08-21 10:46:26,24253.9,2026-08-25,23950.0,PE,9.5,9.5,9.6,223278,55900,7291,9.64
2026-08-21 10:46:26,24253.9,2026-08-25,24000.0,CE,313.6,313.65,314.0,81482,95458,1058,12.14
2026-08-21 10:46:26,24253.9,2026-08-25,24000.0,PE,12.8,12.8,12.85,674862,287637,36131,9.27
2026-08-21 10:46:26,24253.9,2026-08-25,24050.0,CE,268.9,268.3,268.9,29156,10271,828,11.36
2026-08-21 10:46:26,24253.9,2026-08-25,24050.0,PE,17.15,17.15,17.2,334202,75840,27278,8.86
2026-08-21 10:46:26,24253.9,2026-08-25,24100.0,CE,225.35,224.9,225.35,185881,56161,9119,10.73
2026-08-21 10:46:26,24253.9,2026-08-25,24100.0,PE,23.6,23.55,23.6,625016,161536,44268,8.52
2026-08-21 10:46:26,24253.9,2026-08-25,24150.0,CE,184.3,184.25,184.5,225889,34620,15354,10.28
2026-08-21 10:46:26,24253.9,2026-08-25,24150.0,PE,32.6,32.6,32.7,592308,128553,56983,8.19
2026-08-21 10:46:26,24253.9,2026-08-25,24200.0,CE,146.9,146.85,147.2,1166291,215586,86223,9.83
2026-08-21 10:46:26,24253.9,2026-08-25,24200.0,PE,45.25,45.15,45.3,1832785,384288,179842,7.93
2026-08-21 10:46:26,24253.9,2026-08-25,24250.0,CE,113.1,113.1,113.4,1270178,164829,100666,9.38
2026-08-21 10:46:26,24253.9,2026-08-25,24250.0,PE,61.7,61.7,61.85,1551284,229081,152504,7.65
2026-08-21 10:46:26,24253.9,2026-08-25,24300.0,CE,84.6,84.4,84.6,1550748,286480,135928,9.05
2026-08-21 10:46:26,24253.9,2026-08-25,24300.0,PE,83.15,83.0,83.2,1377416,234352,119317,7.36
2026-08-21 10:46:26,24253.9,2026-08-25,24350.0,CE,60.8,60.8,60.95,650831,96293,49300,8.84
2026-08-21 10:46:26,24253.9,2026-08-25,24350.0,PE,109.6,109.35,109.65,483204,68624,37944,7.04
2026-08-21 10:46:26,24253.9,2026-08-25,24400.0,CE,42.35,42.35,42.45,742006,185855,59383,8.67
2026-08-21 10:46:26,24253.9,2026-08-25,24400.0,PE,141.15,140.8,141.15,416642,78512,29891,6.62
2026-08-21 10:46:26,24253.9,2026-08-25,24450.0,CE,28.3,28.3,28.4,363009,77775,35776,8.57
2026-08-21 10:46:26,24253.9,2026-08-25,24450.0,PE,177.45,177.0,177.4,97311,19266,10548,6.07
2026-08-21 10:46:26,24253.9,2026-08-25,24500.0,CE,18.6,18.6,18.65,631229,239212,46679,8.56
2026-08-21 10:46:26,24253.9,2026-08-25,24500.0,PE,217.1,217.0,217.5,122111,66884,5299,3.89
2026-08-21 10:46:26,24253.9,2026-08-25,24550.0,CE,12.05,12.0,12.05,310030,65716,19129,8.59
2026-08-21 10:46:26,24253.9,2026-08-25,24550.0,PE,261.0,260.3,261.0,13185,4212,1279,
2026-08-21 10:46:26,24253.9,2026-08-25,24600.0,CE,7.7,7.7,7.75,365854,160286,33645,8.7
2026-08-21 10:46:26,24253.9,2026-08-25,24600.0,PE,305.7,305.8,306.6,21372,15348,737,
2026-08-21 10:46:26,24253.9,2026-08-25,24650.0,CE,5.4,5.35,5.4,190211,65500,20994,8.98
2026-08-21 10:46:26,24253.9,2026-08-25,24650.0,PE,352.7,353.05,354.0,3216,2968,170,
2026-08-21 10:46:26,24253.9,2026-08-25,24700.0,CE,3.8,3.75,3.8,228822,122067,5817,9.3
2026-08-21 10:46:26,24253.9,2026-08-25,24700.0,PE,402.35,402.0,402.65,4871,12956,-365,
2026-08-21 10:46:26,24253.9,2026-08-25,24750.0,CE,2.85,2.85,2.9,135111,44331,12626,9.75
2026-08-21 10:46:26,24253.9,2026-08-25,24750.0,PE,450.0,449.9,451.65,454,1465,-11,
2026-08-21 10:47:26,24253.45,2026-08-25,23750.0,CE,558.8,555.15,557.7,233,726,-24,17.36
2026-08-21 10:47:26,24253.45,2026-08-25,23750.0,PE,4.45,4.4,4.45,161511,40469,5616,11.84
2026-08-21 10:47:26,24253.45,2026-08-25,23800.0,CE,508.85,505.65,507.5,4687,10062,470,15.78
2026-08-21 10:47:26,24253.45,2026-08-25,23800.0,PE,5.0,4.95,5.0,298910,136974,12582,11.19
2026-08-21 10:47:26,24253.45,2026-08-25,23850.0,CE,460.4,457.75,459.05,835,1224,89,15.47
2026-08-21 10:47:26,24253.45,2026-08-25,23850.0,PE,5.9,5.9,5.95,196587,65768,7581,10.6
2026-08-21 10:47:26,24253.45,2026-08-25,23900.0,CE,410.0,409.05,410.0,7113,5434,704,13.76
2026-08-21 10:47:26,24253.45,2026-08-25,23900.0,PE,7.3,7.3,7.4,318965,112866,9235,10.09
2026-08-21 10:47:26,24253.45,2026-08-25,23950.0,CE,361.75,361.0,361.85,5811,3578,329,13.05
2026-08-21 10:47:26,24253.45,2026-08-25,23950.0,PE,9.55,9.5,9.55,224942,55795,7186,9.64
2026-08-21 10:47:26,24253.45,2026-08-25,24000.0,CE,314.95,314.55,314.95,83583,95307,907,12.14
2026-08-21 10:47:26,24253.45,2026-08-25,24000.0,PE,12.75,12.75,12.8,681125,286640,35134,9.27
2026-08-21 10:47:26,24253.45,2026-08-25,24050.0,CE,269.65,269.0,269.4,29707,10212,769,11.36
2026-08-21 10:47:26,24253.45,2026-08-25,24050.0,PE,17.1,17.1,17.15,338940,76093,27531,8.86
2026-08-21 10:47:26,24253.45,2026-08-25,24100.0,CE,225.15,225.15,225.7,189852,55600,8558,10.73
2026-08-21 10:47:26,24253.45,2026-08-25,24100.0,PE,23.5,23.45,23.55,633065,162327,45059,8.52
2026-08-21 10:47:26,24253.45,2026-08-25,24150.0,CE,184.5,184.4,184.85,230855,33727,14461,10.28
2026-08-21 10:47:26,24253.45,2026-08-25,24150.0,PE,32.6,32.5,32.6,601945,127989,56419,8.19
2026-08-21 10:47:26,24253.45,2026-08-25,24200.0,CE,147.6,147.25,147.65,1189545,213046,83683,9.83
2026-08-21 10:47:26,24253.45,2026-08-25,24200.0,PE,45.0,45.0,45.05,1866643,384470,180024,7.93
2026-08-21 10:47:26,24253.45,2026-08-25,24250.0,CE,113.5,113.2,113.5,1300538,161937,97774,9.38
2026-08-21 10:47:26,24253.45,2026-08-25,24250.0,PE,61.55,61.4,61.55,1583738,229715,153138,7.65
2026-08-21 10:47:26,24253.45,2026-08-25,24300.0,CE,84.7,84.5,84.7,1588167,284537,133985,9.05
2026-08-21 10:47:26,24253.45,2026-08-25,24300.0,PE,82.75,82.6,82.65,1402178,235913,120878,7.36
2026-08-21 10:47:26,24253.45,2026-08-25,24350.0,CE,60.8,60.8,61.0,665944,95295,48302,8.84
2026-08-21 10:47:26,24253.45,2026-08-25,24350.0,PE,109.05,109.0,109.15,490313,68847,38167,7.04
2026-08-21 10:47:26,24253.45,2026-08-25,24400.0,CE,42.45,42.4,42.45,758559,185026,58554,8.67
2026-08-21 10:47:26,24253.45,2026-08-25,24400.0,PE,140.4,140.35,140.7,424906,77366,28745,6.62
2026-08-21 10:47:26,24253.45,2026-08-25,24450.0,CE,28.3,28.25,28.35,370975,76813,34814,8.57
2026-08-21 10:47:26,24253.45,2026-08-25,24450.0,PE,176.5,176.6,177.0,99029,19111,10393,6.07
2026-08-21 10:47:26,24253.45,2026-08-25,24500.0,CE,18.5,18.5,18.6,642665,238271,45738,8.56
2026-08-21 10:47:26,24253.45,2026-08-25,24500.0,PE,217.0,216.4,216.9,124025,67136,5551,3.89
2026-08-21 10:47:26,24253.45,2026-08-25,24550.0,CE,12.0,12.0,12.05,314798,65590,19003,8.59
2026-08-21 10:47:26,24253.45,2026-08-25,24550.0,PE,260.35,259.5,260.0,13575,4194,1261,
2026-08-21 10:47:26,24253.45,2026-08-25,24600.0,CE,7.7,7.7,7.75,370699,159977,33336,8.7
2026-08-21 10:47:26,24253.45,2026-08-25,24600.0,PE,305.9,305.2,305.85,21606,15340,729,
2026-08-21 10:47:26,24253.45,2026-08-25,24650.0,CE,5.35,5.35,5.4,191953,65038,20532,8.98
2026-08-21 10:47:26,24253.45,2026-08-25,24650.0,PE,348.2,352.4,353.4,3242,2969,171,
2026-08-21 10:47:26,24253.45,2026-08-25,24700.0,CE,3.75,3.75,3.8,231466,121899,5649,9.3
2026-08-21 10:47:26,24253.45,2026-08-25,24700.0,PE,400.95,401.2,402.2,4966,12941,-380,
2026-08-21 10:47:26,24253.45,2026-08-25,24750.0,CE,2.85,2.85,2.9,137307,44362,12657,9.75
2026-08-21 10:47:26,24253.45,2026-08-25,24750.0,PE,451.1,449.45,451.2,455,1465,-11,
2026-08-21 10:48:26,24249.35,2026-08-25,23750.0,CE,554.15,552.25,554.6,234,723,-27,17.36
2026-08-21 10:48:26,24249.35,2026-08-25,23750.0,PE,4.4,4.4,4.45,161620,40469,5616,11.84
2026-08-21 10:48:26,24249.35,2026-08-25,23800.0,CE,502.0,502.7,504.05,4690,10062,470,15.78
2026-08-21 10:48:26,24249.35,2026-08-25,23800.0,PE,5.0,4.95,5.0,299147,137031,12639,11.19
2026-08-21 10:48:26,24249.35,2026-08-25,23850.0,CE,460.4,454.15,455.4,835,1224,89,15.47
2026-08-21 10:48:26,24249.35,2026-08-25,23850.0,PE,5.95,5.9,5.95,196992,65752,7565,10.6
2026-08-21 10:48:26,24249.35,2026-08-25,23900.0,CE,405.05,405.2,406.0,7146,5434,704,13.76
2026-08-21 10:48:26,24249.35,2026-08-25,23900.0,PE,7.4,7.4,7.45,319464,112809,9178,10.09
2026-08-21 10:48:26,24249.35,2026-08-25,23950.0,CE,357.5,357.5,358.5,5855,3578,329,13.05
2026-08-21 10:48:26,24249.35,2026-08-25,23950.0,PE,9.55,9.55,9.6,225309,55719,7110,9.64
2026-08-21 10:48:26,24249.35,2026-08-25,24000.0,CE,311.0,310.8,311.6,84611,95307,907,12.14
2026-08-21 10:48:26,24249.35,2026-08-25,24000.0,PE,12.95,12.9,12.95,684136,286640,35134,9.27
2026-08-21 10:48:26,24249.35,2026-08-25,24050.0,CE,266.35,265.8,266.4,29868,10212,769,11.36
2026-08-21 10:48:26,24249.35,2026-08-25,24050.0,PE,17.35,17.35,17.4,340264,76093,27531,8.86
2026-08-21 10:48:26,24249.35,2026-08-25,24100.0,CE,222.35,222.35,222.9,191583,55600,8558,10.73
2026-08-21 10:48:26,24249.35,2026-08-25,24100.0,PE,23.85,23.8,23.9,636029,162327,45059,8.52
2026-08-21 10:48:26,24249.35,2026-08-25,24150.0,CE,181.85,181.7,182.15,233535,34395,15129,10.28
2026-08-21 10:48:26,24249.35,2026-08-25,24150.0,PE,33.05,33.05,33.15,605000,127875,56305,8.19
2026-08-21 10:48:26,24249.35,2026-08-25,24200.0,CE,145.0,144.8,145.0,1198570,211467,82104,9.83
2026-08-21 10:48:26,24249.35,2026-08-25,24200.0,PE,45.85,45.75,45.85,1877434,383421,178975,7.93
2026-08-21 10:48:26,24249.35,2026-08-25,24250.0,CE,111.0,111.0,111.3,1311043,162061,97898,9.38
2026-08-21 10:48:26,24249.35,2026-08-25,24250.0,PE,62.8,62.6,62.8,1596596,231741,155164,7.65
2026-08-21 10:48:26,24249.35,2026-08-25,24300.0,CE,82.9,82.75,82.9,1601547,286073,135521,9.05
2026-08-21 10:48:26,24249.35,2026-08-25,24300.0,PE,84.25,84.1,84.25,1414944,234035,119000,7.36
2026-08-21 10:48:26,24249.35,2026-08-25,24350.0,CE,59.45,59.35,59.45,672544,95295,48302,8.84
2026-08-21 10:48:26,24249.35,2026-08-25,24350.0,PE,111.0,111.0,111.15,494056,68847,38167,7.04
2026-08-21 10:48:26,24249.35,2026-08-25,24400.0,CE,41.25,41.25,41.4,765234,185026,58554,8.67
2026-08-21 10:48:26,24249.35,2026-08-25,24400.0,PE,142.4,142.4,142.7,428319,77366,28745,6.62
2026-08-21 10:48:26,24249.35,2026-08-25,24450.0,CE,27.5,27.5,27.6,373480,76813,34814,8.57
2026-08-21 10:48:26,24249.35,2026-08-25,24450.0,PE,179.3,179.0,179.25,99785,19111,10393,6.07
2026-08-21 10:48:26,24249.35,2026-08-25,24500.0,CE,17.95,17.95,18.05,647677,237068,44535,8.56
2026-08-21 10:48:26,24249.35,2026-08-25,24500.0,PE,219.85,219.25,219.8,124710,67112,5527,3.89
2026-08-21 10:48:26,24249.35,2026-08-25,24550.0,CE,11.65,11.65,11.7,316326,65864,19277,8.59
2026-08-21 10:48:26,24249.35,2026-08-25,24550.0,PE,263.3,262.55,263.2,13645,4194,1261,
2026-08-21 10:48:26,24249.35,2026-08-25,24600.0,CE,7.5,7.45,7.5,372648,160254,33613,8.7
2026-08-21 10:48:26,24249.35,2026-08-25,24600.0,PE,309.0,308.4,309.25,21781,15393,782,
2026-08-21 10:48:26,24249.35,2026-08-25,24650.0,CE,5.2,5.2,5.25,192557,65108,20602,8.98
2026-08-21 10:48:26,24249.35,2026-08-25,24650.0,PE,356.0,355.6,356.65,3259,2982,184,
2026-08-21 10:48:26,24249.35,2026-08-25,24700.0,CE,3.65,3.65,3.7,232942,121899,5649,9.3
2026-08-21 10:48:26,24249.35,2026-08-25,24700.0,PE,405.7,404.3,405.3,4973,12941,-380,
2026-08-21 10:48:26,24249.35,2026-08-25,24750.0,CE,2.8,2.8,2.85,138656,44362,12657,9.75
2026-08-21 10:48:26,24249.35,2026-08-25,24750.0,PE,452.35,453.05,454.6,456,1465,-11,
2026-08-21 10:49:27,24252.75,2026-08-25,23750.0,CE,548.75,550.4,553.15,235,723,-27,17.36
2026-08-21 10:49:27,24252.75,2026-08-25,23750.0,PE,4.4,4.35,4.4,161997,40569,5716,11.84
2026-08-21 10:49:27,24252.75,2026-08-25,23800.0,CE,502.1,500.7,502.45,4703,10063,471,15.78
2026-08-21 10:49:27,24252.75,2026-08-25,23800.0,PE,5.0,4.95,5.0,299670,137031,12639,11.19
2026-08-21 10:49:27,24252.75,2026-08-25,23850.0,CE,451.95,452.35,453.75,848,1226,91,15.47
2026-08-21 10:49:27,24252.75,2026-08-25,23850.0,PE,5.95,5.9,5.95,197480,65752,7565,10.6
2026-08-21 10:49:27,24252.75,2026-08-25,23900.0,CE,402.55,403.8,404.95,7184,5431,701,13.76
2026-08-21 10:49:27,24252.75,2026-08-25,23900.0,PE,7.4,7.35,7.4,320011,112809,9178,10.09
2026-08-21 10:49:27,24252.75,2026-08-25,23950.0,CE,356.0,355.85,356.8,5877,3568,319,13.05
2026-08-21 10:49:27,24252.75,2026-08-25,23950.0,PE,9.65,9.55,9.65,225989,55719,7110,9.64
2026-08-21 10:49:27,24252.75,2026-08-25,24000.0,CE,310.25,309.55,310.35,85051,95247,847,12.14
2026-08-21 10:49:27,24252.75,2026-08-25,24000.0,PE,13.05,13.0,13.05,687683,286310,34804,9.27
2026-08-21 10:49:27,24252.75,2026-08-25,24050.0,CE,264.45,264.0,264.65,30090,10209,766,11.36
2026-08-21 10:49:27,24252.75,2026-08-25,24050.0,PE,17.55,17.45,17.55,341228,76074,27512,8.86
2026-08-21 10:49:27,24252.75,2026-08-25,24100.0,CE,220.55,220.75,221.3,193249,55695,8653,10.73
2026-08-21 10:49:27,24252.75,2026-08-25,24100.0,PE,24.15,24.05,24.15,638495,161930,44662,8.52
2026-08-21 10:49:27,24252.75,2026-08-25,24150.0,CE,180.8,180.55,180.85,235088,34395,15129,10.28
2026-08-21 10:49:27,24252.75,2026-08-25,24150.0,PE,33.45,33.35,33.45,607980,127875,56305,8.19
2026-08-21 10:49:27,24252.75,2026-08-25,24200.0,CE,143.65,143.25,143.6,1208104,211467,82104,9.83
2026-08-21 10:49:27,24252.75,2026-08-25,24200.0,PE,46.4,46.25,46.4,1888873,383421,178975,7.93
2026-08-21 10:49:27,24252.75,2026-08-25,24250.0,CE,110.35,110.15,110.3,1321256,162061,97898,9.38
2026-08-21 10:49:27,24252.75,2026-08-25,24250.0,PE,63.4,63.2,63.4,1610386,231741,155164,7.65
2026-08-21 10:49:27,24252.75,2026-08-25,24300.0,CE,81.8,81.8,82.0,1615161,286073,135521,9.05
2026-08-21 10:49:27,24252.75,2026-08-25,24300.0,PE,85.15,84.95,85.15,1425838,234035,119000,7.36
2026-08-21 10:49:27,24252.75,2026-08-25,24350.0,CE,59.0,58.8,58.95,678748,95422,48429,8.84
2026-08-21 10:49:27,24252.75,2026-08-25,24350.0,PE,112.05,111.8,112.05,498409,69593,38913,7.04
2026-08-21 10:49:27,24252.75,2026-08-25,24400.0,CE,40.75,40.75,40.85,769998,186631,60159,8.67
2026-08-21 10:49:27,24252.75,2026-08-25,24400.0,PE,144.3,143.85,144.25,432415,77444,28823,6.62
2026-08-21 10:49:27,24252.75,2026-08-25,24450.0,CE,27.3,27.2,27.3,375865,76977,34978,8.57
2026-08-21 10:49:27,24252.75,2026-08-25,24450.0,PE,181.0,180.4,180.9,100520,19216,10498,6.07
2026-08-21 10:49:27,24252.75,2026-08-25,24500.0,CE,17.8,17.85,17.9,652866,237068,44535,8.56
2026-08-21 10:49:27,24252.75,2026-08-25,24500.0,PE,221.0,220.55,221.05,125531,67112,5527,3.89
2026-08-21 10:49:27,24252.75,2026-08-25,24550.0,CE,11.55,11.5,11.6,318706,65864,19277,8.59
2026-08-21 10:49:27,24252.75,2026-08-25,24550.0,PE,264.9,264.3,264.9,13740,4328,1395,
2026-08-21 10:49:27,24252.75,2026-08-25,24600.0,CE,7.4,7.4,7.45,374100,160254,33613,8.7
2026-08-21 10:49:27,24252.75,2026-08-25,24600.0,PE,310.85,310.0,310.65,21879,15393,782,
2026-08-21 10:49:27,24252.75,2026-08-25,24650.0,CE,5.2,5.2,5.25,193548,65108,20602,8.98
2026-08-21 10:49:27,24252.75,2026-08-25,24650.0,PE,359.0,357.45,358.55,3295,2972,174,
2026-08-21 10:49:27,24252.75,2026-08-25,24700.0,CE,3.65,3.65,3.7,233811,122042,5792,9.3
2026-08-21 10:49:27,24252.75,2026-08-25,24700.0,PE,407.55,405.85,407.1,5021,12928,-393,
2026-08-21 10:49:27,24252.75,2026-08-25,24750.0,CE,2.8,2.8,2.85,139101,44215,12510,9.75
2026-08-21 10:49:27,24252.75,2026-08-25,24750.0,PE,456.55,454.8,456.2,459,1465,-11,
2026-08-21 10:50:27,24253.45,2026-08-25,23750.0,CE,555.75,552.8,555.3,236,723,-27,17.36
2026-08-21 10:50:27,24253.45,2026-08-25,23750.0,PE,4.4,4.35,4.4,162286,40741,5888,11.84
2026-08-21 10:50:27,24253.45,2026-08-25,23800.0,CE,505.15,503.0,504.8,4713,10069,477,15.78
2026-08-21 10:50:27,24253.45,2026-08-25,23800.0,PE,4.95,4.9,4.95,300184,137329,12937,11.19
2026-08-21 10:50:27,24253.45,2026-08-25,23850.0,CE,451.95,455.0,456.45,848,1225,90,15.47
2026-08-21 10:50:27,24253.45,2026-08-25,23850.0,PE,5.9,5.85,5.9,197990,65763,7576,10.6
2026-08-21 10:50:27,24253.45,2026-08-25,23900.0,CE,409.3,405.95,407.25,7216,5427,697,13.76
2026-08-21 10:50:27,24253.45,2026-08-25,23900.0,PE,7.3,7.25,7.3,320523,112844,9213,10.09
2026-08-21 10:50:27,24253.45,2026-08-25,23950.0,CE,359.0,357.95,359.05,5880,3567,318,13.05
2026-08-21 10:50:27,24253.45,2026-08-25,23950.0,PE,9.5,9.45,9.5,226641,56078,7469,9.64
2026-08-21 10:50:27,24253.45,2026-08-25,24000.0,CE,312.7,311.85,312.6,85267,95281,881,12.14
2026-08-21 10:50:27,24253.45,2026-08-25,24000.0,PE,12.8,12.75,12.8,691522,287926,36420,9.27
2026-08-21 10:50:27,24253.45,2026-08-25,24050.0,CE,266.35,266.35,266.95,30237,10209,766,11.36
2026-08-21 10:50:27,24253.45,2026-08-25,24050.0,PE,17.15,17.15,17.2,342367,76275,27713,8.86
2026-08-21 10:50:27,24253.45,2026-08-25,24100.0,CE,223.2,222.9,223.0,194468,55518,8476,10.73
2026-08-21 10:50:27,24253.45,2026-08-25,24100.0,PE,23.6,23.6,23.7,641068,161769,44501,8.52
2026-08-21 10:50:27,24253.45,2026-08-25,24150.0,CE,182.9,182.3,182.8,236153,34627,15361,10.28
2026-08-21 10:50:27,24253.45,2026-08-25,24150.0,PE,32.75,32.75,32.8,610355,128967,57397,8.19
2026-08-21 10:50:27,24253.45,2026-08-25,24200.0,CE,145.15,145.2,145.55,1214639,210844,81481,9.83
2026-08-21 10:50:27,24253.45,2026-08-25,24200.0,PE,45.5,45.4,45.55,1896135,384564,180118,7.93
2026-08-21 10:50:27,24253.45,2026-08-25,24250.0,CE,111.7,111.3,111.55,1329378,164237,100074,9.38
2026-08-21 10:50:27,24253.45,2026-08-25,24250.0,PE,62.4,62.25,62.4,1619220,234481,157904,7.65
2026-08-21 10:50:27,24253.45,2026-08-25,24300.0,CE,82.85,82.85,83.05,1626528,287191,136639,9.05
2026-08-21 10:50:27,24253.45,2026-08-25,24300.0,PE,83.75,83.7,83.95,1433336,234737,119702,7.36
2026-08-21 10:50:27,24253.45,2026-08-25,24350.0,CE,59.75,59.6,59.7,683680,95567,48574,8.84
2026-08-21 10:50:27,24253.45,2026-08-25,24350.0,PE,110.5,110.3,110.55,500742,69801,39121,7.04
2026-08-21 10:50:27,24253.45,2026-08-25,24400.0,CE,41.45,41.35,41.45,775443,188342,61870,8.67
2026-08-21 10:50:27,24253.45,2026-08-25,24400.0,PE,142.0,142.0,142.3,434081,77515,28894,6.62
2026-08-21 10:50:27,24253.45,2026-08-25,24450.0,CE,27.6,27.6,27.7,378199,76931,34932,8.57
2026-08-21 10:50:27,24253.45,2026-08-25,24450.0,PE,178.6,178.15,178.65,100924,19078,10360,6.07
2026-08-21 10:50:27,24253.45,2026-08-25,24500.0,CE,18.1,18.05,18.1,656885,235506,42973,8.56
2026-08-21 10:50:27,24253.45,2026-08-25,24500.0,PE,218.9,218.4,218.95,126327,67060,5475,3.89
2026-08-21 10:50:27,24253.45,2026-08-25,24550.0,CE,11.75,11.65,11.7,320496,65792,19205,8.59
2026-08-21 10:50:27,24253.45,2026-08-25,24550.0,PE,262.5,261.6,262.35,13769,4331,1398,
2026-08-21 10:50:27,24253.45,2026-08-25,24600.0,CE,7.5,7.5,7.55,375295,160472,33831,8.7
2026-08-21 10:50:27,24253.45,2026-08-25,24600.0,PE,307.85,307.65,308.55,21967,15407,796,
2026-08-21 10:50:27,24253.45,2026-08-25,24650.0,CE,5.2,5.2,5.25,194284,65098,20592,8.98
2026-08-21 10:50:27,24253.45,2026-08-25,24650.0,PE,355.45,354.95,355.95,3298,2978,180,
2026-08-21 10:50:27,24253.45,2026-08-25,24700.0,CE,3.65,3.65,3.7,234455,121735,5485,9.3
2026-08-21 10:50:27,24253.45,2026-08-25,24700.0,PE,404.8,403.45,404.55,5065,12905,-416,
2026-08-21 10:50:27,24253.45,2026-08-25,24750.0,CE,2.85,2.8,2.85,139320,44196,12491,9.75
2026-08-21 10:50:27,24253.45,2026-08-25,24750.0,PE,456.55,452.35,453.85,459,1466,-10,
2026-08-21 10:51:27,24254.8,2026-08-25,23750.0,CE,555.75,550.95,553.85,236,723,-27,17.36
2026-08-21 10:51:27,24254.8,2026-08-25,23750.0,PE,4.35,4.3,4.35,162499,40741,5888,11.84
2026-08-21 10:51:27,24254.8,2026-08-25,23800.0,CE,502.5,501.8,502.5,4718,10069,477,15.78
2026-08-21 10:51:27,24254.8,2026-08-25,23800.0,PE,4.9,4.9,4.95,300570,137329,12937,11.19
2026-08-21 10:51:27,24254.8,2026-08-25,23850.0,CE,455.0,453.55,454.85,855,1226,91,15.47
2026-08-21 10:51:27,24254.8,2026-08-25,23850.0,PE,5.85,5.85,5.9,198223,65763,7576,10.6
2026-08-21 10:51:27,24254.8,2026-08-25,23900.0,CE,406.8,405.1,406.2,7231,5427,697,13.76
2026-08-21 10:51:27,24254.8,2026-08-25,23900.0,PE,7.3,7.25,7.3,321043,112844,9213,10.09
2026-08-21 10:51:27,24254.8,2026-08-25,23950.0,CE,358.05,357.05,358.15,5883,3567,318,13.05
2026-08-21 10:51:27,24254.8,2026-08-25,23950.0,PE,9.5,9.45,9.5,227263,56078,7469,9.64
2026-08-21 10:51:27,24254.8,2026-08-25,24000.0,CE,311.0,310.65,311.4,85387,95281,881,12.14
2026-08-21 10:51:27,24254.8,2026-08-25,24000.0,PE,12.9,12.85,12.9,693063,287926,36420,9.27
2026-08-21 10:51:27,24254.8,2026-08-25,24050.0,CE,266.15,265.35,266.0,30275,10209,766,11.36
2026-08-21 10:51:27,24254.8,2026-08-25,24050.0,PE,17.35,17.3,17.4,342510,76275,27713,8.86
2026-08-21 10:51:27,24254.8,2026-08-25,24100.0,CE,222.15,222.0,222.5,194815,55518,8476,10.73
2026-08-21 10:51:27,24254.8,2026-08-25,24100.0,PE,23.85,23.85,23.95,642348,161769,44501,8.52
2026-08-21 10:51:27,24254.8,2026-08-25,24150.0,CE,181.35,181.2,181.65,236524,34627,15361,10.28
2026-08-21 10:51:27,24254.8,2026-08-25,24150.0,PE,33.05,33.1,33.15,611259,128967,57397,8.19
2026-08-21 10:51:27,24254.8,2026-08-25,24200.0,CE,144.6,144.25,144.6,1217253,210844,81481,9.83
2026-08-21 10:51:27,24254.8,2026-08-25,24200.0,PE,46.0,45.85,45.95,1899593,384564,180118,7.93
2026-08-21 10:51:27,24254.8,2026-08-25,24250.0,CE,111.2,111.0,111.2,1333547,164237,100074,9.38
2026-08-21 10:51:27,24254.8,2026-08-25,24250.0,PE,62.65,62.65,62.7,1623400,234481,157904,7.65
2026-08-21 10:51:27,24254.8,2026-08-25,24300.0,CE,82.6,82.4,82.65,1630762,287191,136639,9.05
2026-08-21 10:51:27,24254.8,2026-08-25,24300.0,PE,84.3,84.3,84.5,1436100,234737,119702,7.36
2026-08-21 10:51:27,24254.8,2026-08-25,24350.0,CE,59.0,59.0,59.1,685250,95567,48574,8.84
2026-08-21 10:51:27,24254.8,2026-08-25,24350.0,PE,111.35,111.05,111.35,501610,69801,39121,7.04
2026-08-21 10:51:27,24254.8,2026-08-25,24400.0,CE,40.95,40.95,41.05,777520,188342,61870,8.67
2026-08-21 10:51:27,24254.8,2026-08-25,24400.0,PE,142.85,142.8,143.2,434742,77515,28894,6.62
2026-08-21 10:51:27,24254.8,2026-08-25,24450.0,CE,27.3,27.35,27.45,379283,76931,34932,8.57
2026-08-21 10:51:27,24254.8,2026-08-25,24450.0,PE,179.5,179.25,179.7,100988,19078,10360,6.07
2026-08-21 10:51:27,24254.8,2026-08-25,24500.0,CE,17.85,17.8,17.9,658183,235506,42973,8.56
2026-08-21 10:51:27,24254.8,2026-08-25,24500.0,PE,219.9,219.5,219.7,126631,67060,5475,3.89
2026-08-21 10:51:27,24254.8,2026-08-25,24550.0,CE,11.55,11.5,11.6,321791,65792,19205,8.59
2026-08-21 10:51:27,24254.8,2026-08-25,24550.0,PE,262.15,262.9,263.65,13773,4331,1398,
2026-08-21 10:51:27,24254.8,2026-08-25,24600.0,CE,7.45,7.4,7.45,376256,160472,33831,8.7
2026-08-21 10:51:27,24254.8,2026-08-25,24600.0,PE,309.5,308.6,309.35,21984,15407,796,
2026-08-21 10:51:27,24254.8,2026-08-25,24650.0,CE,5.2,5.15,5.2,194653,65098,20592,8.98
2026-08-21 10:51:27,24254.8,2026-08-25,24650.0,PE,355.95,355.85,356.85,3301,2978,180,
2026-08-21 10:51:27,24254.8,2026-08-25,24700.0,CE,3.65,3.6,3.7,234998,121735,5485,9.3
2026-08-21 10:51:27,24254.8,2026-08-25,24700.0,PE,404.1,404.65,405.7,5103,12885,-436,
2026-08-21 10:51:27,24254.8,2026-08-25,24750.0,CE,2.8,2.8,2.85,139764,44196,12491,9.75
2026-08-21 10:51:27,24254.8,2026-08-25,24750.0,PE,456.55,453.0,455.1,459,1466,-10,
2026-08-21 10:52:27,24255.55,2026-08-25,23750.0,CE,555.75,553.6,556.2,236,723,-27,18.3
2026-08-21 10:52:27,24255.55,2026-08-25,23750.0,PE,4.4,4.35,4.4,162769,40843,5990,11.74
2026-08-21 10:52:27,24255.55,2026-08-25,23800.0,CE,502.75,503.85,505.0,4730,10074,482,16.94
2026-08-21 10:52:27,24255.55,2026-08-25,23800.0,PE,5.0,4.95,5.0,301156,137094,12702,11.09
2026-08-21 10:52:27,24255.55,2026-08-25,23850.0,CE,454.75,455.8,457.2,857,1231,96,15.65
2026-08-21 10:52:27,24255.55,2026-08-25,23850.0,PE,5.95,5.9,5.95,198877,65752,7565,10.48
2026-08-21 10:52:27,24255.55,2026-08-25,23900.0,CE,406.15,407.15,408.3,7237,5412,682,14.67
2026-08-21 10:52:27,24255.55,2026-08-25,23900.0,PE,7.35,7.3,7.35,322392,112819,9188,9.96
2026-08-21 10:52:27,24255.55,2026-08-25,23950.0,CE,359.3,359.25,360.4,5886,3570,321,13.7
2026-08-21 10:52:27,24255.55,2026-08-25,23950.0,PE,9.5,9.45,9.5,228434,56218,7609,9.5
2026-08-21 10:52:27,24255.55,2026-08-25,24000.0,CE,313.55,312.8,313.6,85865,95346,946,12.81
2026-08-21 10:52:27,24255.55,2026-08-25,24000.0,PE,12.85,12.8,12.85,694937,288136,36630,9.11
2026-08-21 10:52:27,24255.55,2026-08-25,24050.0,CE,267.7,267.5,268.1,30345,10226,783,11.82
2026-08-21 10:52:27,24255.55,2026-08-25,24050.0,PE,17.15,17.2,17.25,343717,76353,27791,8.72
2026-08-21 10:52:27,24255.55,2026-08-25,24100.0,CE,224.4,223.85,224.4,195299,55798,8756,11.08
2026-08-21 10:52:27,24255.55,2026-08-25,24100.0,PE,23.6,23.6,23.7,643611,161935,44667,8.38
2026-08-21 10:52:27,24255.55,2026-08-25,24150.0,CE,183.2,183.15,183.5,237787,34606,15340,10.54
2026-08-21 10:52:27,24255.55,2026-08-25,24150.0,PE,32.75,32.65,32.8,612510,129051,57481,8.03
2026-08-21 10:52:27,24255.55,2026-08-25,24200.0,CE,146.3,145.95,146.3,1220695,211132,81769,10.01
2026-08-21 10:52:27,24255.55,2026-08-25,24200.0,PE,45.35,45.3,45.35,1903012,384677,180231,7.77
2026-08-21 10:52:27,24255.55,2026-08-25,24250.0,CE,112.55,112.25,112.55,1337715,166028,101865,9.57
2026-08-21 10:52:27,24255.55,2026-08-25,24250.0,PE,61.9,61.9,62.1,1627527,236204,159627,7.47
2026-08-21 10:52:27,24255.55,2026-08-25,24300.0,CE,83.65,83.6,83.8,1636610,289334,138782,9.23
2026-08-21 10:52:27,24255.55,2026-08-25,24300.0,PE,83.25,83.2,83.4,1439329,235264,120229,7.13
2026-08-21 10:52:27,24255.55,2026-08-25,24350.0,CE,60.05,60.0,60.15,687705,96013,49020,8.95
2026-08-21 10:52:27,24255.55,2026-08-25,24350.0,PE,110.05,109.8,110.1,502497,70079,39399,6.77
2026-08-21 10:52:27,24255.55,2026-08-25,24400.0,CE,41.85,41.75,41.9,779996,189128,62656,8.79
2026-08-21 10:52:27,24255.55,2026-08-25,24400.0,PE,141.35,141.3,141.65,436123,77705,29084,6.24
2026-08-21 10:52:27,24255.55,2026-08-25,24450.0,CE,27.95,27.85,27.95,380731,77121,35122,8.65
2026-08-21 10:52:27,24255.55,2026-08-25,24450.0,PE,177.75,177.65,178.1,101106,19122,10404,5.38
2026-08-21 10:52:27,24255.55,2026-08-25,24500.0,CE,18.25,18.2,18.25,660748,235557,43024,8.62
2026-08-21 10:52:27,24255.55,2026-08-25,24500.0,PE,218.15,217.7,218.2,126862,67098,5513,
2026-08-21 10:52:27,24255.55,2026-08-25,24550.0,CE,11.8,11.75,11.8,323425,66355,19768,8.65
2026-08-21 10:52:27,24255.55,2026-08-25,24550.0,PE,261.2,260.9,261.65,13810,4330,1397,
2026-08-21 10:52:27,24255.55,2026-08-25,24600.0,CE,7.55,7.55,7.6,377671,160738,34097,8.74
2026-08-21 10:52:27,24255.55,2026-08-25,24600.0,PE,307.5,306.45,307.25,22136,15411,800,
2026-08-21 10:52:27,24255.55,2026-08-25,24650.0,CE,5.25,5.25,5.3,194915,65159,20653,9.02
2026-08-21 10:52:27,24255.55,2026-08-25,24650.0,PE,355.05,353.9,354.8,3309,2982,184,
2026-08-21 10:52:27,24255.55,2026-08-25,24700.0,CE,3.65,3.65,3.7,235364,121705,5455,9.3
2026-08-21 10:52:27,24255.55,2026-08-25,24700.0,PE,403.4,402.35,403.6,5109,12878,-443,
2026-08-21 10:52:27,24255.55,2026-08-25,24750.0,CE,2.8,2.8,2.85,140056,43869,12164,9.72
2026-08-21 10:52:27,24255.55,2026-08-25,24750.0,PE,456.55,451.1,452.65,459,1466,-10,
2026-08-21 10:53:28,24261.95,2026-08-25,23750.0,CE,555.75,556.65,559.0,236,723,-27,18.3
2026-08-21 10:53:28,24261.95,2026-08-25,23750.0,PE,4.35,4.35,4.4,163011,40886,6033,11.74
2026-08-21 10:53:28,24261.95,2026-08-25,23800.0,CE,507.0,506.85,508.0,4735,10060,468,16.94
2026-08-21 10:53:28,24261.95,2026-08-25,23800.0,PE,4.95,4.9,4.95,301798,137074,12682,11.09
2026-08-21 10:53:28,24261.95,2026-08-25,23850.0,CE,456.4,458.55,460.15,865,1233,98,15.65
2026-08-21 10:53:28,24261.95,2026-08-25,23850.0,PE,5.85,5.85,5.9,199223,65274,7087,10.48
2026-08-21 10:53:28,24261.95,2026-08-25,23900.0,CE,411.2,409.95,411.05,7259,5414,684,14.67
2026-08-21 10:53:28,24261.95,2026-08-25,23900.0,PE,7.25,7.25,7.3,323178,111944,8313,9.96
2026-08-21 10:53:28,24261.95,2026-08-25,23950.0,CE,362.0,362.0,363.0,5890,3570,321,13.7
2026-08-21 10:53:28,24261.95,2026-08-25,23950.0,PE,9.35,9.3,9.4,229077,56238,7629,9.5
2026-08-21 10:53:28,24261.95,2026-08-25,24000.0,CE,315.6,315.3,315.6,86184,95433,1033,12.81
2026-08-21 10:53:28,24261.95,2026-08-25,24000.0,PE,12.6,12.6,12.65,696228,288157,36651,9.11
2026-08-21 10:53:28,24261.95,2026-08-25,24050.0,CE,270.55,269.85,270.5,30438,10236,793,11.82
2026-08-21 10:53:28,24261.95,2026-08-25,24050.0,PE,16.9,16.9,16.95,344690,76346,27784,8.72
2026-08-21 10:53:28,24261.95,2026-08-25,24100.0,CE,226.75,226.25,226.8,196470,55821,8779,11.08
2026-08-21 10:53:28,24261.95,2026-08-25,24100.0,PE,23.15,23.1,23.2,645690,161876,44608,8.38
2026-08-21 10:53:28,24261.95,2026-08-25,24150.0,CE,185.8,185.4,185.9,239273,34041,14775,10.54
2026-08-21 10:53:28,24261.95,2026-08-25,24150.0,PE,32.1,32.0,32.1,614639,129048,57478,8.03
2026-08-21 10:53:28,24261.95,2026-08-25,24200.0,CE,148.35,148.1,148.35,1226069,211277,81914,10.01
2026-08-21 10:53:28,24261.95,2026-08-25,24200.0,PE,44.3,44.3,44.45,1910888,384899,180453,7.77
2026-08-21 10:53:28,24261.95,2026-08-25,24250.0,CE,114.25,113.95,114.25,1344903,166879,102716,9.57
2026-08-21 10:53:28,24261.95,2026-08-25,24250.0,PE,60.7,60.65,60.85,1636920,237237,160660,7.47
2026-08-21 10:53:28,24261.95,2026-08-25,24300.0,CE,85.2,85.0,85.2,1645157,290100,139548,9.23
2026-08-21 10:53:28,24261.95,2026-08-25,24300.0,PE,81.75,81.75,81.95,1447150,235858,120823,7.13
2026-08-21 10:53:28,24261.95,2026-08-25,24350.0,CE,61.1,61.1,61.3,690638,96409,49416,8.95
2026-08-21 10:53:28,24261.95,2026-08-25,24350.0,PE,108.0,108.05,108.3,503928,70342,39662,6.77
2026-08-21 10:53:28,24261.95,2026-08-25,24400.0,CE,42.55,42.55,42.65,783622,189364,62892,8.79
2026-08-21 10:53:28,24261.95,2026-08-25,24400.0,PE,139.6,139.3,139.65,437896,77876,29255,6.24
2026-08-21 10:53:28,24261.95,2026-08-25,24450.0,CE,28.5,28.5,28.6,382270,77096,35097,8.65
2026-08-21 10:53:28,24261.95,2026-08-25,24450.0,PE,175.3,175.25,175.65,101384,19200,10482,5.38
2026-08-21 10:53:28,24261.95,2026-08-25,24500.0,CE,18.7,18.7,18.75,664515,235438,42905,8.62
2026-08-21 10:53:28,24261.95,2026-08-25,24500.0,PE,215.7,215.35,215.7,127348,67090,5505,
2026-08-21 10:53:28,24261.95,2026-08-25,24550.0,CE,12.05,12.05,12.15,324233,66644,20057,8.65
2026-08-21 10:53:28,24261.95,2026-08-25,24550.0,PE,258.35,258.15,258.95,13851,4342,1409,
2026-08-21 10:53:28,24261.95,2026-08-25,24600.0,CE,7.75,7.75,7.8,379252,160464,33823,8.74
2026-08-21 10:53:28,24261.95,2026-08-25,24600.0,PE,304.3,304.3,304.65,22222,15338,727,
2026-08-21 10:53:28,24261.95,2026-08-25,24650.0,CE,5.35,5.35,5.4,196093,65166,20660,9.02
2026-08-21 10:53:28,24261.95,2026-08-25,24650.0,PE,351.2,351.15,352.0,3322,2984,186,
2026-08-21 10:53:28,24261.95,2026-08-25,24700.0,CE,3.75,3.75,3.8,235700,121806,5556,9.3
2026-08-21 10:53:28,24261.95,2026-08-25,24700.0,PE,400.95,400.0,400.85,5125,12879,-442,
2026-08-21 10:53:28,24261.95,2026-08-25,24750.0,CE,2.85,2.85,2.9,140880,43597,11892,9.72
2026-08-21 10:53:28,24261.95,2026-08-25,24750.0,PE,456.55,448.4,449.9,459,1466,-10,
2026-08-21 10:54:28,24263.35,2026-08-25,23750.0,CE,555.75,562.1,564.0,236,723,-27,18.3
2026-08-21 10:54:28,24263.35,2026-08-25,23750.0,PE,4.35,4.35,4.4,163603,40886,6033,11.74
2026-08-21 10:54:28,24263.35,2026-08-25,23800.0,CE,512.95,512.55,514.0,4747,10059,467,16.94
2026-08-21 10:54:28,24263.35,2026-08-25,23800.0,PE,4.9,4.9,4.95,302928,137191,12799,11.09
2026-08-21 10:54:28,24263.35,2026-08-25,23850.0,CE,456.4,464.05,465.95,865,1233,98,15.65
2026-08-21 10:54:28,24263.35,2026-08-25,23850.0,PE,5.9,5.85,5.9,201184,65279,7092,10.48
2026-08-21 10:54:28,24263.35,2026-08-25,23900.0,CE,415.4,415.05,416.0,7500,5414,684,14.67
2026-08-21 10:54:28,24263.35,2026-08-25,23900.0,PE,7.15,7.15,7.2,325433,112238,8607,9.96
2026-08-21 10:54:28,24263.35,2026-08-25,23950.0,CE,368.1,368.0,368.7,5945,3569,320,13.7
2026-08-21 10:54:28,24263.35,2026-08-25,23950.0,PE,9.3,9.25,9.3,230300,56224,7615,9.5
2026-08-21 10:54:28,24263.35,2026-08-25,24000.0,CE,321.4,320.75,321.45,87658,95192,792,12.81
2026-08-21 10:54:28,24263.35,2026-08-25,24000.0,PE,12.35,12.35,12.4,704442,287924,36418,9.11
2026-08-21 10:54:28,24263.35,2026-08-25,24050.0,CE,275.3,275.3,275.85,30937,10218,775,11.82
2026-08-21 10:54:28,24263.35,2026-08-25,24050.0,PE,16.55,16.5,16.55,346935,76504,27942,8.72
2026-08-21 10:54:28,24263.35,2026-08-25,24100.0,CE,231.35,231.45,232.0,199597,55738,8696,11.08
2026-08-21 10:54:28,24263.35,2026-08-25,24100.0,PE,22.6,22.55,22.65,650450,162173,44905,8.38
2026-08-21 10:54:28,24263.35,2026-08-25,24150.0,CE,190.7,190.25,190.7,243859,33702,14436,10.54
2026-08-21 10:54:28,24263.35,2026-08-25,24150.0,PE,31.05,31.05,31.15,622099,129225,57655,8.03
2026-08-21 10:54:28,24263.35,2026-08-25,24200.0,CE,152.65,152.3,152.65,1246412,210905,81542,10.01
2026-08-21 10:54:28,24263.35,2026-08-25,24200.0,PE,43.1,43.0,43.1,1931177,385064,180618,7.77
2026-08-21 10:54:28,24263.35,2026-08-25,24250.0,CE,118.1,117.8,118.1,1372339,166183,102020,9.57
2026-08-21 10:54:28,24263.35,2026-08-25,24250.0,PE,58.9,58.9,59.05,1656904,235398,158821,7.47
2026-08-21 10:54:28,24263.35,2026-08-25,24300.0,CE,88.7,88.45,88.7,1678646,288620,138068,9.23
2026-08-21 10:54:28,24263.35,2026-08-25,24300.0,PE,79.55,79.4,79.6,1467475,235079,120044,7.13
2026-08-21 10:54:28,24263.35,2026-08-25,24350.0,CE,63.8,63.8,63.95,703134,96431,49438,8.95
2026-08-21 10:54:28,24263.35,2026-08-25,24350.0,PE,105.05,104.85,105.05,512494,70771,40091,6.77
2026-08-21 10:54:28,24263.35,2026-08-25,24400.0,CE,44.65,44.6,44.75,797296,188838,62366,8.79
2026-08-21 10:54:28,24263.35,2026-08-25,24400.0,PE,135.4,135.5,135.85,444241,78040,29419,6.24
2026-08-21 10:54:28,24263.35,2026-08-25,24450.0,CE,29.9,29.9,30.0,388797,76829,34830,8.65
2026-08-21 10:54:28,24263.35,2026-08-25,24450.0,PE,171.65,171.25,171.65,103101,19086,10368,5.38
2026-08-21 10:54:28,24263.35,2026-08-25,24500.0,CE,19.65,19.6,19.7,672667,236448,43915,8.62
2026-08-21 10:54:28,24263.35,2026-08-25,24500.0,PE,210.9,210.35,210.9,128624,66995,5410,
2026-08-21 10:54:28,24263.35,2026-08-25,24550.0,CE,12.65,12.65,12.7,326524,66512,19925,8.65
2026-08-21 10:54:28,24263.35,2026-08-25,24550.0,PE,254.0,253.05,253.8,14032,4353,1420,
2026-08-21 10:54:28,24263.35,2026-08-25,24600.0,CE,8.15,8.1,8.15,381322,160417,33776,8.74
2026-08-21 10:54:28,24263.35,2026-08-25,24600.0,PE,299.4,298.85,299.6,22669,15266,655,
2026-08-21 10:54:28,24263.35,2026-08-25,24650.0,CE,5.6,5.55,5.6,198501,65076,20570,9.02
2026-08-21 10:54:28,24263.35,2026-08-25,24650.0,PE,346.5,345.6,346.7,3362,2985,187,
2026-08-21 10:54:28,24263.35,2026-08-25,24700.0,CE,3.85,3.85,3.9,237255,121714,5464,9.3
2026-08-21 10:54:28,24263.35,2026-08-25,24700.0,PE,394.5,394.2,395.15,5184,12897,-424,
2026-08-21 10:54:28,24263.35,2026-08-25,24750.0,CE,2.9,2.9,2.95,142376,43542,11837,9.72
2026-08-21 10:54:28,24263.35,2026-08-25,24750.0,PE,442.95,442.65,444.35,465,1463,-13,
2026-08-21 10:55:28,24265.45,2026-08-25,23750.0,CE,555.75,561.65,564.0,236,723,-27,18.3
2026-08-21 10:55:28,24265.45,2026-08-25,23750.0,PE,4.35,4.35,4.4,163767,40881,6028,11.74
2026-08-21 10:55:28,24265.45,2026-08-25,23800.0,CE,514.6,512.5,514.5,4861,10054,462,16.94
2026-08-21 10:55:28,24265.45,2026-08-25,23800.0,PE,4.95,4.9,4.95,303309,137310,12918,11.09
2026-08-21 10:55:28,24265.45,2026-08-25,23850.0,CE,464.5,463.8,465.45,869,1232,97,15.65
2026-08-21 10:55:28,24265.45,2026-08-25,23850.0,PE,5.85,5.8,5.85,202140,64563,6376,10.48
2026-08-21 10:55:28,24265.45,2026-08-25,23900.0,CE,415.95,415.35,416.1,7557,5285,555,14.67
2026-08-21 10:55:28,24265.45,2026-08-25,23900.0,PE,7.15,7.1,7.15,326406,112767,9136,9.96
2026-08-21 10:55:28,24265.45,2026-08-25,23950.0,CE,368.8,367.1,368.3,5969,3546,297,13.7
2026-08-21 10:55:28,24265.45,2026-08-25,23950.0,PE,9.2,9.2,9.25,230983,56110,7501,9.5
2026-08-21 10:55:28,24265.45,2026-08-25,24000.0,CE,321.05,320.2,321.0,88604,94882,482,12.81
2026-08-21 10:55:28,24265.45,2026-08-25,24000.0,PE,12.3,12.3,12.4,707331,287363,35857,9.11
2026-08-21 10:55:28,24265.45,2026-08-25,24050.0,CE,275.0,275.4,276.0,31054,10101,658,11.82
2026-08-21 10:55:28,24265.45,2026-08-25,24050.0,PE,16.45,16.45,16.5,348129,76661,28099,8.72
2026-08-21 10:55:28,24265.45,2026-08-25,24100.0,CE,231.5,231.45,231.65,201001,55319,8277,11.08
2026-08-21 10:55:28,24265.45,2026-08-25,24100.0,PE,22.5,22.5,22.55,652938,162539,45271,8.38
2026-08-21 10:55:28,24265.45,2026-08-25,24150.0,CE,190.7,190.35,190.7,245977,32771,13505,10.54
2026-08-21 10:55:28,24265.45,2026-08-25,24150.0,PE,31.15,31.1,31.15,625083,128445,56875,8.03
2026-08-21 10:55:28,24265.45,2026-08-25,24200.0,CE,152.65,152.45,152.65,1253908,208951,79588,10.01
2026-08-21 10:55:28,24265.45,2026-08-25,24200.0,PE,42.95,42.95,43.0,1938103,383772,179326,7.77
2026-08-21 10:55:28,24265.45,2026-08-25,24250.0,CE,117.95,117.6,117.95,1384662,161623,97460,9.57
2026-08-21 10:55:28,24265.45,2026-08-25,24250.0,PE,58.85,58.85,59.0,1664834,235822,159245,7.47
2026-08-21 10:55:28,24265.45,2026-08-25,24300.0,CE,88.75,88.55,88.8,1694015,287698,137146,9.23
2026-08-21 10:55:28,24265.45,2026-08-25,24300.0,PE,79.15,79.15,79.35,1474562,236350,121315,7.13
2026-08-21 10:55:28,24265.45,2026-08-25,24350.0,CE,63.7,63.7,63.85,709427,94805,47812,8.95
2026-08-21 10:55:28,24265.45,2026-08-25,24350.0,PE,105.05,105.0,105.25,515351,69254,38574,6.77
2026-08-21 10:55:28,24265.45,2026-08-25,24400.0,CE,44.9,44.75,44.9,802745,185690,59218,8.79
2026-08-21 10:55:28,24265.45,2026-08-25,24400.0,PE,135.5,135.45,135.8,446429,78613,29992,6.24
2026-08-21 10:55:28,24265.45,2026-08-25,24450.0,CE,30.15,30.05,30.1,391693,76111,34112,8.65
2026-08-21 10:55:28,24265.45,2026-08-25,24450.0,PE,171.1,171.1,171.35,103475,19257,10539,5.38
2026-08-21 10:55:28,24265.45,2026-08-25,24500.0,CE,19.8,19.75,19.8,676860,235386,42853,8.62
2026-08-21 10:55:28,24265.45,2026-08-25,24500.0,PE,210.95,210.6,210.9,129168,66983,5398,
2026-08-21 10:55:28,24265.45,2026-08-25,24550.0,CE,12.75,12.7,12.75,328428,66498,19911,8.65
2026-08-21 10:55:28,24265.45,2026-08-25,24550.0,PE,254.0,253.3,253.8,14089,4376,1443,
2026-08-21 10:55:28,24265.45,2026-08-25,24600.0,CE,8.1,8.1,8.15,384193,160208,33567,8.74
2026-08-21 10:55:28,24265.45,2026-08-25,24600.0,PE,299.7,299.05,299.7,22905,15331,720,
2026-08-21 10:55:28,24265.45,2026-08-25,24650.0,CE,5.55,5.55,5.6,199776,64146,19640,9.02
2026-08-21 10:55:28,24265.45,2026-08-25,24650.0,PE,347.4,345.75,346.9,3370,2995,197,
2026-08-21 10:55:28,24265.45,2026-08-25,24700.0,CE,3.9,3.85,3.9,238413,121534,5284,9.3
2026-08-21 10:55:28,24265.45,2026-08-25,24700.0,PE,394.8,394.4,395.0,5207,12913,-408,
2026-08-21 10:55:28,24265.45,2026-08-25,24750.0,CE,3.0,2.95,3.0,142741,43139,11434,9.72
2026-08-21 10:55:28,24265.45,2026-08-25,24750.0,PE,446.1,443.0,444.55,469,1463,-13,
2026-08-21 10:56:28,24262.0,2026-08-25,23750.0,CE,561.95,556.5,558.85,238,724,-26,18.3
2026-08-21 10:56:28,24262.0,2026-08-25,23750.0,PE,4.4,4.35,4.4,164503,40980,6127,11.74
2026-08-21 10:56:28,24262.0,2026-08-25,23800.0,CE,510.0,506.85,508.7,4896,10102,510,16.94
2026-08-21 10:56:28,24262.0,2026-08-25,23800.0,PE,4.95,4.9,4.95,304605,137374,12982,11.09
2026-08-21 10:56:28,24262.0,2026-08-25,23850.0,CE,459.1,458.6,459.95,877,1235,100,15.65
2026-08-21 10:56:28,24262.0,2026-08-25,23850.0,PE,5.9,5.85,5.9,203378,64263,6076,10.48
2026-08-21 10:56:28,24262.0,2026-08-25,23900.0,CE,411.05,410.8,411.9,7620,5271,541,14.67
2026-08-21 10:56:28,24262.0,2026-08-25,23900.0,PE,7.2,7.2,7.25,329638,112973,9342,9.96
2026-08-21 10:56:28,24262.0,2026-08-25,23950.0,CE,362.9,362.7,363.85,6017,3545,296,13.7
2026-08-21 10:56:28,24262.0,2026-08-25,23950.0,PE,9.4,9.35,9.4,232185,56473,7864,9.5
2026-08-21 10:56:28,24262.0,2026-08-25,24000.0,CE,315.85,315.1,315.9,89566,94958,558,12.81
2026-08-21 10:56:28,24262.0,2026-08-25,24000.0,PE,12.65,12.6,12.65,712287,288098,36592,9.11
2026-08-21 10:56:28,24262.0,2026-08-25,24050.0,CE,270.7,270.75,271.0,31378,10114,671,11.82
2026-08-21 10:56:28,24262.0,2026-08-25,24050.0,PE,16.85,16.85,16.9,350469,76799,28237,8.72
2026-08-21 10:56:28,24262.0,2026-08-25,24100.0,CE,226.2,226.05,226.65,203652,55078,8036,11.08
2026-08-21 10:56:28,24262.0,2026-08-25,24100.0,PE,23.3,23.25,23.3,659213,164315,47047,8.38
2026-08-21 10:56:28,24262.0,2026-08-25,24150.0,CE,185.25,185.25,185.7,249568,32619,13353,10.54
2026-08-21 10:56:28,24262.0,2026-08-25,24150.0,PE,32.2,32.1,32.2,628795,128497,56927,8.03
2026-08-21 10:56:28,24262.0,2026-08-25,24200.0,CE,148.15,148.0,148.15,1269582,206753,77390,10.01
2026-08-21 10:56:28,24262.0,2026-08-25,24200.0,PE,44.55,44.5,44.55,1956408,386125,181679,7.77
2026-08-21 10:56:28,24262.0,2026-08-25,24250.0,CE,114.65,114.7,115.0,1406406,161317,97154,9.57
2026-08-21 10:56:28,24262.0,2026-08-25,24250.0,PE,60.45,60.45,60.55,1685928,238838,162261,7.47
2026-08-21 10:56:28,24262.0,2026-08-25,24300.0,CE,85.35,85.1,85.35,1723909,286614,136062,9.23
2026-08-21 10:56:28,24262.0,2026-08-25,24300.0,PE,81.65,81.65,81.85,1493212,240848,125813,7.13
2026-08-21 10:56:28,24262.0,2026-08-25,24350.0,CE,61.05,61.0,61.2,720861,94981,47988,8.95
2026-08-21 10:56:28,24262.0,2026-08-25,24350.0,PE,108.1,107.9,108.1,521093,70689,40009,6.77
2026-08-21 10:56:28,24262.0,2026-08-25,24400.0,CE,42.85,42.8,42.9,814171,185603,59131,8.79
2026-08-21 10:56:28,24262.0,2026-08-25,24400.0,PE,138.95,138.6,138.95,450674,79355,30734,6.24
2026-08-21 10:56:28,24262.0,2026-08-25,24450.0,CE,28.25,28.25,28.3,398076,76286,34287,8.65
2026-08-21 10:56:28,24262.0,2026-08-25,24450.0,PE,175.8,175.55,175.75,104649,19777,11059,5.38
2026-08-21 10:56:28,24262.0,2026-08-25,24500.0,CE,18.45,18.45,18.5,687809,235809,43276,8.62
2026-08-21 10:56:28,24262.0,2026-08-25,24500.0,PE,215.2,215.15,215.7,130234,67250,5665,
2026-08-21 10:56:28,24262.0,2026-08-25,24550.0,CE,11.9,11.9,11.95,332581,66661,20074,8.65
2026-08-21 10:56:28,24262.0,2026-08-25,24550.0,PE,258.4,258.35,259.0,14159,4415,1482,
2026-08-21 10:56:28,24262.0,2026-08-25,24600.0,CE,7.7,7.7,7.75,388512,160090,33449,8.74
2026-08-21 10:56:28,24262.0,2026-08-25,24600.0,PE,303.05,303.05,303.8,23087,15425,814,
2026-08-21 10:56:28,24262.0,2026-08-25,24650.0,CE,5.35,5.35,5.4,202489,64055,19549,9.02
2026-08-21 10:56:28,24262.0,2026-08-25,24650.0,PE,351.25,350.3,351.35,3461,3010,212,
2026-08-21 10:56:28,24262.0,2026-08-25,24700.0,CE,3.7,3.7,3.75,242137,121482,5232,9.3
2026-08-21 10:56:28,24262.0,2026-08-25,24700.0,PE,399.6,399.75,400.9,5231,12913,-408,
2026-08-21 10:56:28,24262.0,2026-08-25,24750.0,CE,2.85,2.85,2.9,146526,43216,11511,9.72
2026-08-21 10:56:28,24262.0,2026-08-25,24750.0,PE,448.4,447.5,449.35,476,1460,-16,
2026-08-21 10:57:28,24259.9,2026-08-25,23750.0,CE,558.3,557.4,559.7,239,724,-26,18.3
2026-08-21 10:57:28,24259.9,2026-08-25,23750.0,PE,4.4,4.35,4.4,165139,40980,6127,11.74
2026-08-21 10:57:28,24259.9,2026-08-25,23800.0,CE,507.45,507.8,509.4,4998,10088,496,16.94
2026-08-21 10:57:28,24259.9,2026-08-25,23800.0,PE,4.95,4.9,4.95,304842,137374,12982,11.09
2026-08-21 10:57:28,24259.9,2026-08-25,23850.0,CE,459.3,459.65,460.95,880,1235,100,15.65
2026-08-21 10:57:28,24259.9,2026-08-25,23850.0,PE,5.9,5.85,5.9,203595,64263,6076,10.48
2026-08-21 10:57:28,24259.9,2026-08-25,23900.0,CE,412.2,410.6,411.75,7649,5271,541,14.67
2026-08-21 10:57:28,24259.9,2026-08-25,23900.0,PE,7.2,7.2,7.25,330294,112973,9342,9.96
2026-08-21 10:57:28,24259.9,2026-08-25,23950.0,CE,364.35,362.8,363.95,6023,3545,296,13.7
2026-08-21 10:57:28,24259.9,2026-08-25,23950.0,PE,9.35,9.35,9.4,232400,56473,7864,9.5
2026-08-21 10:57:28,24259.9,2026-08-25,24000.0,CE,316.05,316.05,316.8,89698,94958,558,12.81
2026-08-21 10:57:28,24259.9,2026-08-25,24000.0,PE,12.55,12.55,12.65,713611,288098,36592,9.11
2026-08-21 10:57:28,24259.9,2026-08-25,24050.0,CE,271.25,270.8,271.45,31452,10114,671,11.82
2026-08-21 10:57:28,24259.9,2026-08-25,24050.0,PE,16.9,16.85,16.9,350985,76799,28237,8.72
2026-08-21 10:57:28,24259.9,2026-08-25,24100.0,CE,227.8,227.2,227.75,204296,55078,8036,11.08
2026-08-21 10:57:28,24259.9,2026-08-25,24100.0,PE,23.1,23.1,23.2,659978,164315,47047,8.38
2026-08-21 10:57:28,24259.9,2026-08-25,24150.0,CE,186.25,186.25,186.7,250106,32619,13353,10.54
2026-08-21 10:57:28,24259.9,2026-08-25,24150.0,PE,32.0,31.9,32.0,630192,128497,56927,8.03
2026-08-21 10:57:28,24259.9,2026-08-25,24200.0,CE,149.1,148.8,149.05,1271603,206753,77390,10.01
2026-08-21 10:57:28,24259.9,2026-08-25,24200.0,PE,44.2,44.15,44.3,1959530,386125,181679,7.77
2026-08-21 10:57:28,24259.9,2026-08-25,24250.0,CE,114.65,114.65,114.9,1409911,161317,97154,9.57
2026-08-21 10:57:28,24259.9,2026-08-25,24250.0,PE,60.5,60.5,60.65,1690553,238838,162261,7.47
2026-08-21 10:57:28,24259.9,2026-08-25,24300.0,CE,85.85,85.6,85.85,1728058,286614,136062,9.23
2026-08-21 10:57:28,24259.9,2026-08-25,24300.0,PE,81.35,81.35,81.5,1496213,240848,125813,7.13
2026-08-21 10:57:28,24259.9,2026-08-25,24350.0,CE,61.6,61.5,61.65,722875,94981,47988,8.95
2026-08-21 10:57:28,24259.9,2026-08-25,24350.0,PE,107.45,107.45,107.65,522099,70689,40009,6.77
2026-08-21 10:57:28,24259.9,2026-08-25,24400.0,CE,43.0,42.85,42.95,816027,185603,59131,8.79
2026-08-21 10:57:28,24259.9,2026-08-25,24400.0,PE,138.85,138.6,138.85,451694,79355,30734,6.24
2026-08-21 10:57:28,24259.9,2026-08-25,24450.0,CE,28.6,28.6,28.7,399210,76286,34287,8.65
2026-08-21 10:57:28,24259.9,2026-08-25,24450.0,PE,174.9,174.5,174.9,104846,19777,11059,5.38
2026-08-21 10:57:28,24259.9,2026-08-25,24500.0,CE,18.75,18.65,18.75,689846,235809,43276,8.62
2026-08-21 10:57:28,24259.9,2026-08-25,24500.0,PE,214.45,214.45,214.9,130720,67250,5665,
2026-08-21 10:57:28,24259.9,2026-08-25,24550.0,CE,12.1,12.0,12.05,334045,66661,20074,8.65
2026-08-21 10:57:28,24259.9,2026-08-25,24550.0,PE,258.0,257.45,258.1,14199,4415,1482,
2026-08-21 10:57:28,24259.9,2026-08-25,24600.0,CE,7.7,7.7,7.75,389080,160090,33449,8.74
2026-08-21 10:57:28,24259.9,2026-08-25,24600.0,PE,302.85,303.1,303.95,23200,15425,814,
2026-08-21 10:57:28,24259.9,2026-08-25,24650.0,CE,5.35,5.3,5.35,202906,64055,19549,9.02
2026-08-21 10:57:28,24259.9,2026-08-25,24650.0,PE,349.95,350.15,351.2,3472,3010,212,
2026-08-21 10:57:28,24259.9,2026-08-25,24700.0,CE,3.7,3.7,3.75,243120,121482,5232,9.3
2026-08-21 10:57:28,24259.9,2026-08-25,24700.0,PE,398.45,398.9,399.9,5240,12913,-408,
2026-08-21 10:57:28,24259.9,2026-08-25,24750.0,CE,2.9,2.85,2.9,147356,43216,11511,9.72
2026-08-21 10:57:28,24259.9,2026-08-25,24750.0,PE,448.9,447.5,449.0,477,1460,-16,
2026-08-21 10:58:28,24253.8,2026-08-25,23750.0,CE,558.3,554.7,557.9,239,724,-26,18.3
2026-08-21 10:58:28,24253.8,2026-08-25,23750.0,PE,4.4,4.35,4.4,165442,40960,6107,11.74
2026-08-21 10:58:28,24253.8,2026-08-25,23800.0,CE,507.35,505.55,507.2,5002,10063,471,16.94
2026-08-21 10:58:28,24253.8,2026-08-25,23800.0,PE,4.9,4.9,4.95,305231,137466,13074,11.09
2026-08-21 10:58:28,24253.8,2026-08-25,23850.0,CE,459.3,457.3,459.15,880,1235,100,15.65
2026-08-21 10:58:28,24253.8,2026-08-25,23850.0,PE,5.9,5.85,5.9,203839,64171,5984,10.48
2026-08-21 10:58:28,24253.8,2026-08-25,23900.0,CE,410.0,409.0,409.85,7674,5299,569,14.67
2026-08-21 10:58:28,24253.8,2026-08-25,23900.0,PE,7.3,7.25,7.3,330651,112781,9150,9.96
2026-08-21 10:58:28,24253.8,2026-08-25,23950.0,CE,362.0,360.55,361.7,6045,3546,297,13.7
2026-08-21 10:58:28,24253.8,2026-08-25,23950.0,PE,9.4,9.4,9.45,232752,56465,7856,9.5
2026-08-21 10:58:28,24253.8,2026-08-25,24000.0,CE,314.1,314.1,314.95,89812,94947,547,12.81
2026-08-21 10:58:28,24253.8,2026-08-25,24000.0,PE,12.7,12.65,12.7,714314,288149,36643,9.11
2026-08-21 10:58:28,24253.8,2026-08-25,24050.0,CE,269.85,268.7,269.45,31504,10115,672,11.82
2026-08-21 10:58:28,24253.8,2026-08-25,24050.0,PE,17.0,16.95,17.0,351577,76938,28376,8.72
2026-08-21 10:58:28,24253.8,2026-08-25,24100.0,CE,225.2,225.2,225.35,204664,55142,8100,11.08
2026-08-21 10:58:28,24253.8,2026-08-25,24100.0,PE,23.35,23.3,23.35,661665,164593,47325,8.38
2026-08-21 10:58:28,24253.8,2026-08-25,24150.0,CE,184.05,184.0,184.55,251116,32531,13265,10.54
2026-08-21 10:58:28,24253.8,2026-08-25,24150.0,PE,32.3,32.25,32.3,631570,128714,57144,8.03
2026-08-21 10:58:28,24253.8,2026-08-25,24200.0,CE,146.7,146.7,146.9,1274784,205858,76495,10.01
2026-08-21 10:58:28,24253.8,2026-08-25,24200.0,PE,44.7,44.7,44.8,1962539,387708,183262,7.77
2026-08-21 10:58:28,24253.8,2026-08-25,24250.0,CE,113.45,113.15,113.45,1414454,161415,97252,9.57
2026-08-21 10:58:28,24253.8,2026-08-25,24250.0,PE,61.2,61.1,61.2,1694619,242426,165849,7.47
2026-08-21 10:58:28,24253.8,2026-08-25,24300.0,CE,84.15,84.15,84.4,1734295,286528,135976,9.23
2026-08-21 10:58:28,24253.8,2026-08-25,24300.0,PE,82.3,82.3,82.45,1500424,242865,127830,7.13
2026-08-21 10:58:28,24253.8,2026-08-25,24350.0,CE,60.55,60.55,60.75,725290,94901,47908,8.95
2026-08-21 10:58:28,24253.8,2026-08-25,24350.0,PE,108.5,108.5,108.7,522926,71121,40441,6.77
2026-08-21 10:58:28,24253.8,2026-08-25,24400.0,CE,42.0,42.0,42.05,818826,185246,58774,8.79
2026-08-21 10:58:28,24253.8,2026-08-25,24400.0,PE,140.25,140.1,140.25,452995,79718,31097,6.24
2026-08-21 10:58:28,24253.8,2026-08-25,24450.0,CE,28.0,28.0,28.05,400944,76377,34378,8.65
2026-08-21 10:58:28,24253.8,2026-08-25,24450.0,PE,176.6,176.45,176.6,105078,19911,11193,5.38
2026-08-21 10:58:28,24253.8,2026-08-25,24500.0,CE,18.25,18.3,18.35,693226,235149,42616,8.62
2026-08-21 10:58:28,24253.8,2026-08-25,24500.0,PE,216.15,216.35,216.65,131062,67567,5982,
2026-08-21 10:58:28,24253.8,2026-08-25,24550.0,CE,11.8,11.8,11.85,334769,66839,20252,8.65
2026-08-21 10:58:28,24253.8,2026-08-25,24550.0,PE,259.0,259.45,260.0,14252,4424,1491,
2026-08-21 10:58:28,24253.8,2026-08-25,24600.0,CE,7.6,7.55,7.65,390565,160173,33532,8.74
2026-08-21 10:58:28,24253.8,2026-08-25,24600.0,PE,305.8,305.15,305.9,23244,15373,762,
2026-08-21 10:58:28,24253.8,2026-08-25,24650.0,CE,5.3,5.25,5.3,204381,64144,19638,9.02
2026-08-21 10:58:28,24253.8,2026-08-25,24650.0,PE,351.5,352.1,353.2,3489,3013,215,
2026-08-21 10:58:28,24253.8,2026-08-25,24700.0,CE,3.7,3.7,3.75,244967,121569,5319,9.3
2026-08-21 10:58:28,24253.8,2026-08-25,24700.0,PE,401.0,400.45,401.0,5252,12909,-412,
2026-08-21 10:58:28,24253.8,2026-08-25,24750.0,CE,2.85,2.85,2.9,148579,43289,11584,9.72
2026-08-21 10:58:28,24253.8,2026-08-25,24750.0,PE,447.05,449.1,452.2,478,1459,-17,
2026-08-21 10:59:29,24253.55,2026-08-25,23750.0,CE,558.3,552.7,554.85,239,724,-26,18.3
2026-08-21 10:59:29,24253.55,2026-08-25,23750.0,PE,4.4,4.35,4.4,165604,41067,6214,11.74
2026-08-21 10:59:29,24253.55,2026-08-25,23800.0,CE,505.0,503.15,504.7,5021,10052,460,16.94
2026-08-21 10:59:29,24253.55,2026-08-25,23800.0,PE,4.95,4.9,4.95,306159,137464,13072,11.09
2026-08-21 10:59:29,24253.55,2026-08-25,23850.0,CE,454.75,455.05,456.4,881,1232,97,15.65
2026-08-21 10:59:29,24253.55,2026-08-25,23850.0,PE,5.85,5.85,5.9,204408,64150,5963,10.48
2026-08-21 10:59:29,24253.55,2026-08-25,23900.0,CE,407.0,406.2,407.25,7691,5304,574,14.67
2026-08-21 10:59:29,24253.55,2026-08-25,23900.0,PE,7.25,7.25,7.3,331242,113026,9395,9.96
2026-08-21 10:59:29,24253.55,2026-08-25,23950.0,CE,359.1,358.25,359.4,6058,3549,300,13.7
2026-08-21 10:59:29,24253.55,2026-08-25,23950.0,PE,9.5,9.45,9.5,233048,56623,8014,9.5
2026-08-21 10:59:29,24253.55,2026-08-25,24000.0,CE,312.55,312.25,312.75,90226,94936,536,12.81
2026-08-21 10:59:29,24253.55,2026-08-25,24000.0,PE,12.8,12.75,12.8,716601,287875,36369,9.11
2026-08-21 10:59:29,24253.55,2026-08-25,24050.0,CE,266.7,266.75,267.4,31667,10104,661,11.82
2026-08-21 10:59:29,24253.55,2026-08-25,24050.0,PE,17.15,17.05,17.15,352829,77008,28446,8.72
2026-08-21 10:59:29,24253.55,2026-08-25,24100.0,CE,223.4,222.9,223.45,205999,54583,7541,11.08
2026-08-21 10:59:29,24253.55,2026-08-25,24100.0,PE,23.5,23.5,23.6,664047,164860,47592,8.38
2026-08-21 10:59:29,24253.55,2026-08-25,24150.0,CE,182.35,182.35,182.8,252382,32223,12957,10.54
2026-08-21 10:59:29,24253.55,2026-08-25,24150.0,PE,32.65,32.6,32.65,635338,129332,57762,8.03
2026-08-21 10:59:29,24253.55,2026-08-25,24200.0,CE,145.25,145.25,145.5,1283229,204363,75000,10.01
2026-08-21 10:59:29,24253.55,2026-08-25,24200.0,PE,45.25,45.15,45.3,1972455,386503,182057,7.77
2026-08-21 10:59:29,24253.55,2026-08-25,24250.0,CE,111.7,111.65,111.95,1425344,160818,96655,9.57
2026-08-21 10:59:29,24253.55,2026-08-25,24250.0,PE,62.0,61.8,62.0,1705864,243997,167420,7.47
2026-08-21 10:59:29,24253.55,2026-08-25,24300.0,CE,83.15,82.95,83.15,1748372,288247,137695,9.23
2026-08-21 10:59:29,24253.55,2026-08-25,24300.0,PE,83.5,83.3,83.5,1513133,242122,127087,7.13
2026-08-21 10:59:29,24253.55,2026-08-25,24350.0,CE,59.65,59.65,59.8,732020,94303,47310,8.95
2026-08-21 10:59:29,24253.55,2026-08-25,24350.0,PE,110.0,109.75,109.95,526861,70933,40253,6.77
2026-08-21 10:59:29,24253.55,2026-08-25,24400.0,CE,41.5,41.35,41.45,824462,185318,58846,8.79
2026-08-21 10:59:29,24253.55,2026-08-25,24400.0,PE,141.7,141.35,141.7,455914,79293,30672,6.24
2026-08-21 10:59:29,24253.55,2026-08-25,24450.0,CE,27.6,27.5,27.6,404276,76662,34663,8.65
2026-08-21 10:59:29,24253.55,2026-08-25,24450.0,PE,178.5,177.8,178.3,105931,19877,11159,5.38
2026-08-21 10:59:29,24253.55,2026-08-25,24500.0,CE,18.0,18.0,18.1,697136,234222,41689,8.62
2026-08-21 10:59:29,24253.55,2026-08-25,24500.0,PE,218.0,218.0,218.55,131912,67501,5916,
2026-08-21 10:59:29,24253.55,2026-08-25,24550.0,CE,11.6,11.6,11.65,337497,67777,21190,8.65
2026-08-21 10:59:29,24253.55,2026-08-25,24550.0,PE,261.8,261.35,262.05,14479,4479,1546,
2026-08-21 10:59:29,24253.55,2026-08-25,24600.0,CE,7.45,7.45,7.5,392280,160516,33875,8.74
2026-08-21 10:59:29,24253.55,2026-08-25,24600.0,PE,307.8,307.0,307.7,23427,15292,681,
2026-08-21 10:59:29,24253.55,2026-08-25,24650.0,CE,5.2,5.2,5.25,205193,64004,19498,9.02
2026-08-21 10:59:29,24253.55,2026-08-25,24650.0,PE,354.1,354.75,355.7,3505,3002,204,
2026-08-21 10:59:29,24253.55,2026-08-25,24700.0,CE,3.65,3.65,3.7,246260,121736,5486,9.3
2026-08-21 10:59:29,24253.55,2026-08-25,24700.0,PE,404.0,403.0,403.95,5282,12872,-449,
2026-08-21 10:59:29,24253.55,2026-08-25,24750.0,CE,2.9,2.85,2.9,149644,43177,11472,9.72
2026-08-21 10:59:29,24253.55,2026-08-25,24750.0,PE,449.75,452.1,453.8,479,1459,-17,
2026-08-21 11:00:29,24261.25,2026-08-25,23750.0,CE,557.8,556.5,558.55,240,723,-27,18.3
2026-08-21 11:00:29,24261.25,2026-08-25,23750.0,PE,4.4,4.35,4.4,165911,41067,6214,11.74
2026-08-21 11:00:29,24261.25,2026-08-25,23800.0,CE,507.95,506.4,507.7,5038,10052,460,16.94
2026-08-21 11:00:29,24261.25,2026-08-25,23800.0,PE,4.9,4.9,4.95,306754,137464,13072,11.09
2026-08-21 11:00:29,24261.25,2026-08-25,23850.0,CE,459.3,458.4,459.65,886,1232,97,15.65
2026-08-21 11:00:29,24261.25,2026-08-25,23850.0,PE,5.9,5.85,5.9,205089,64150,5963,10.48
2026-08-21 11:00:29,24261.25,2026-08-25,23900.0,CE,409.0,409.05,410.2,8259,5303,573,14.67
2026-08-21 11:00:29,24261.25,2026-08-25,23900.0,PE,7.25,7.2,7.25,332132,113026,9395,9.96
2026-08-21 11:00:29,24261.25,2026-08-25,23950.0,CE,360.5,361.45,362.0,6077,3549,300,13.7
2026-08-21 11:00:29,24261.25,2026-08-25,23950.0,PE,9.4,9.35,9.4,233768,56623,8014,9.5
2026-08-21 11:00:29,24261.25,2026-08-25,24000.0,CE,315.0,315.05,315.85,90868,94936,536,12.81
2026-08-21 11:00:29,24261.25,2026-08-25,24000.0,PE,12.65,12.55,12.65,720069,287875,36369,9.11
2026-08-21 11:00:29,24261.25,2026-08-25,24050.0,CE,270.15,269.7,270.3,31860,10104,661,11.82
2026-08-21 11:00:29,24261.25,2026-08-25,24050.0,PE,16.9,16.85,16.9,354479,77008,28446,8.72
2026-08-21 11:00:29,24261.25,2026-08-25,24100.0,CE,226.4,225.9,226.5,208536,54583,7541,11.08
2026-08-21 11:00:29,24261.25,2026-08-25,24100.0,PE,23.25,23.2,23.25,666980,164860,47592,8.38
2026-08-21 11:00:29,24261.25,2026-08-25,24150.0,CE,185.5,185.1,185.5,254363,32223,12957,10.54
2026-08-21 11:00:29,24261.25,2026-08-25,24150.0,PE,32.05,32.05,32.15,638607,129332,57762,8.03
2026-08-21 11:00:29,24261.25,2026-08-25,24200.0,CE,148.0,147.6,147.95,1292711,204363,75000,10.01
2026-08-21 11:00:29,24261.25,2026-08-25,24200.0,PE,44.45,44.45,44.55,1985035,386503,182057,7.77
2026-08-21 11:00:29,24261.25,2026-08-25,24250.0,CE,114.0,114.0,114.3,1439104,160818,96655,9.57
2026-08-21 11:00:29,24261.25,2026-08-25,24250.0,PE,61.1,60.9,61.1,1720274,243997,167420,7.47
2026-08-21 11:00:29,24261.25,2026-08-25,24300.0,CE,85.35,85.1,85.35,1764676,288247,137695,9.23
2026-08-21 11:00:29,24261.25,2026-08-25,24300.0,PE,82.0,82.0,82.15,1527691,242122,127087,7.13
2026-08-21 11:00:29,24261.25,2026-08-25,24350.0,CE,61.35,61.2,61.35,738959,94303,47310,8.95
2026-08-21 11:00:29,24261.25,2026-08-25,24350.0,PE,108.2,108.2,108.45,530963,70933,40253,6.77
2026-08-21 11:00:29,24261.25,2026-08-25,24400.0,CE,42.6,42.5,42.6,832408,185318,58846,8.79
2026-08-21 11:00:29,24261.25,2026-08-25,24400.0,PE,139.55,139.55,139.8,459439,79293,30672,6.24
2026-08-21 11:00:29,24261.25,2026-08-25,24450.0,CE,28.4,28.45,28.55,407688,76662,34663,8.65
2026-08-21 11:00:29,24261.25,2026-08-25,24450.0,PE,175.7,175.7,176.05,106727,19877,11159,5.38
2026-08-21 11:00:29,24261.25,2026-08-25,24500.0,CE,18.7,18.65,18.7,703045,234222,41689,8.62
2026-08-21 11:00:29,24261.25,2026-08-25,24500.0,PE,215.4,215.4,215.95,133274,67501,5916,
2026-08-21 11:00:29,24261.25,2026-08-25,24550.0,CE,12.0,12.0,12.05,341475,67777,21190,8.65
2026-08-21 11:00:29,24261.25,2026-08-25,24550.0,PE,259.35,258.6,259.25,14548,4479,1546,
2026-08-21 11:00:29,24261.25,2026-08-25,24600.0,CE,7.75,7.7,7.75,395349,160516,33875,8.74
2026-08-21 11:00:29,24261.25,2026-08-25,24600.0,PE,305.0,304.2,304.95,23596,15292,681,
2026-08-21 11:00:29,24261.25,2026-08-25,24650.0,CE,5.3,5.3,5.35,206558,64004,19498,9.02
2026-08-21 11:00:29,24261.25,2026-08-25,24650.0,PE,351.45,351.3,352.3,3524,3002,204,
2026-08-21 11:00:29,24261.25,2026-08-25,24700.0,CE,3.7,3.7,3.75,247823,121736,5486,9.3
2026-08-21 11:00:29,24261.25,2026-08-25,24700.0,PE,402.05,399.9,400.95,5304,12872,-449,
2026-08-21 11:00:29,24261.25,2026-08-25,24750.0,CE,2.85,2.85,2.9,151323,43177,11472,9.72
2026-08-21 11:00:29,24261.25,2026-08-25,24750.0,PE,449.75,449.75,450.15,479,1459,-17,
2026-08-21 11:01:29,24264.4,2026-08-25,23750.0,CE,557.8,556.65,558.85,240,723,-27,18.3
2026-08-21 11:01:29,24264.4,2026-08-25,23750.0,PE,4.35,4.35,4.4,166132,41071,6218,11.74
2026-08-21 11:01:29,24264.4,2026-08-25,23800.0,CE,506.7,506.95,508.45,5052,10052,460,16.94
2026-08-21 11:01:29,24264.4,2026-08-25,23800.0,PE,4.95,4.9,4.95,307462,137522,13130,11.09
2026-08-21 11:01:29,24264.4,2026-08-25,23850.0,CE,459.3,458.6,459.85,886,1232,97,15.65
2026-08-21 11:01:29,24264.4,2026-08-25,23850.0,PE,5.85,5.85,5.9,205245,64261,6074,10.48
2026-08-21 11:01:29,24264.4,2026-08-25,23900.0,CE,409.25,409.5,410.6,8268,5112,382,14.67
2026-08-21 11:01:29,24264.4,2026-08-25,23900.0,PE,7.2,7.2,7.25,332558,113110,9479,9.96
2026-08-21 11:01:29,24264.4,2026-08-25,23950.0,CE,362.35,362.0,363.15,6089,3547,298,13.7
2026-08-21 11:01:29,24264.4,2026-08-25,23950.0,PE,9.35,9.35,9.4,233993,56614,8005,9.5
2026-08-21 11:01:29,24264.4,2026-08-25,24000.0,CE,315.9,315.2,315.9,91029,94940,540,12.81
2026-08-21 11:01:29,24264.4,2026-08-25,24000.0,PE,12.6,12.55,12.6,721847,287596,36090,9.11
2026-08-21 11:01:29,24264.4,2026-08-25,24050.0,CE,270.0,269.9,270.0,32071,10111,668,11.82
2026-08-21 11:01:29,24264.4,2026-08-25,24050.0,PE,16.8,16.8,16.85,355067,76985,28423,8.72
2026-08-21 11:01:29,24264.4,2026-08-25,24100.0,CE,226.9,226.15,226.7,209168,54323,7281,11.08
2026-08-21 11:01:29,24264.4,2026-08-25,24100.0,PE,23.1,23.1,23.2,668314,165074,47806,8.38
2026-08-21 11:01:29,24264.4,2026-08-25,24150.0,CE,185.85,185.55,185.95,255319,32518,13252,10.54
2026-08-21 11:01:29,24264.4,2026-08-25,24150.0,PE,32.0,32.0,32.1,640317,129296,57726,8.03
2026-08-21 11:01:29,24264.4,2026-08-25,24200.0,CE,147.8,147.8,148.15,1297062,204737,75374,10.01
2026-08-21 11:01:29,24264.4,2026-08-25,24200.0,PE,44.45,44.35,44.45,1989334,386520,182074,7.77
2026-08-21 11:01:29,24264.4,2026-08-25,24250.0,CE,114.35,114.1,114.35,1445612,162176,98013,9.57
2026-08-21 11:01:29,24264.4,2026-08-25,24250.0,PE,60.9,60.75,60.9,1726325,244622,168045,7.47
2026-08-21 11:01:29,24264.4,2026-08-25,24300.0,CE,85.35,85.1,85.35,1774499,289596,139044,9.23
2026-08-21 11:01:29,24264.4,2026-08-25,24300.0,PE,81.75,81.7,81.95,1531924,241801,126766,7.13
2026-08-21 11:01:29,24264.4,2026-08-25,24350.0,CE,61.45,61.35,61.5,741838,94335,47342,8.95
2026-08-21 11:01:29,24264.4,2026-08-25,24350.0,PE,108.1,108.05,108.3,532314,70898,40218,6.77
2026-08-21 11:01:29,24264.4,2026-08-25,24400.0,CE,42.7,42.7,42.8,836001,185409,58937,8.79
2026-08-21 11:01:29,24264.4,2026-08-25,24400.0,PE,139.6,139.3,139.6,460488,79214,30593,6.24
2026-08-21 11:01:29,24264.4,2026-08-25,24450.0,CE,28.55,28.5,28.55,409160,76620,34621,8.65
2026-08-21 11:01:29,24264.4,2026-08-25,24450.0,PE,175.45,175.4,175.5,106935,19756,11038,5.38
2026-08-21 11:01:29,24264.4,2026-08-25,24500.0,CE,18.7,18.65,18.75,705821,234240,41707,8.62
2026-08-21 11:01:29,24264.4,2026-08-25,24500.0,PE,215.65,215.1,215.65,133923,67259,5674,
2026-08-21 11:01:29,24264.4,2026-08-25,24550.0,CE,12.05,12.0,12.05,342868,68389,21802,8.65
2026-08-21 11:01:29,24264.4,2026-08-25,24550.0,PE,258.2,258.4,259.05,14558,4466,1533,
2026-08-21 11:01:29,24264.4,2026-08-25,24600.0,CE,7.75,7.7,7.75,396065,160646,34005,8.74
2026-08-21 11:01:29,24264.4,2026-08-25,24600.0,PE,304.75,304.05,304.75,23722,15283,672,
2026-08-21 11:01:29,24264.4,2026-08-25,24650.0,CE,5.35,5.3,5.35,207018,63996,19490,9.02
2026-08-21 11:01:29,24264.4,2026-08-25,24650.0,PE,351.8,351.0,351.95,3525,2994,196,
2026-08-21 11:01:29,24264.4,2026-08-25,24700.0,CE,3.7,3.7,3.75,248232,122007,5757,9.3
2026-08-21 11:01:29,24264.4,2026-08-25,24700.0,PE,400.7,399.35,400.55,5306,12869,-452,
2026-08-21 11:01:29,24264.4,2026-08-25,24750.0,CE,2.85,2.85,2.9,151494,43134,11429,9.72
2026-08-21 11:01:29,24264.4,2026-08-25,24750.0,PE,448.0,448.25,449.9,481,1459,-17,
2026-08-21 11:02:29,24263.7,2026-08-25,23750.0,CE,559.15,556.9,559.6,241,723,-27,16.85
2026-08-21 11:02:29,24263.7,2026-08-25,23750.0,PE,4.4,4.35,4.4,166262,40959,6106,11.95
2026-08-21 11:02:29,24263.7,2026-08-25,23800.0,CE,506.7,507.45,509.0,5052,10052,460,15.7
2026-08-21 11:02:29,24263.7,2026-08-25,23800.0,PE,4.95,4.9,4.95,307717,137703,13311,11.28
2026-08-21 11:02:29,24263.7,2026-08-25,23850.0,CE,461.05,459.05,460.85,887,1233,98,14.78
2026-08-21 11:02:29,24263.7,2026-08-25,23850.0,PE,5.85,5.8,5.85,205462,64285,6098,10.7
2026-08-21 11:02:29,24263.7,2026-08-25,23900.0,CE,411.4,410.6,411.85,8665,5113,383,13.5
2026-08-21 11:02:29,24263.7,2026-08-25,23900.0,PE,7.15,7.15,7.25,333364,113148,9517,10.15
2026-08-21 11:02:29,24263.7,2026-08-25,23950.0,CE,363.15,362.95,364.0,6090,3548,299,12.52
2026-08-21 11:02:29,24263.7,2026-08-25,23950.0,PE,9.3,9.3,9.35,234275,56572,7963,9.69
2026-08-21 11:02:29,24263.7,2026-08-25,24000.0,CE,316.75,316.0,316.75,91258,94975,575,11.95
2026-08-21 11:02:29,24263.7,2026-08-25,24000.0,PE,12.5,12.5,12.55,723539,287640,36134,9.32
2026-08-21 11:02:29,24263.7,2026-08-25,24050.0,CE,271.35,270.2,270.85,32177,10232,789,11.32
2026-08-21 11:02:29,24263.7,2026-08-25,24050.0,PE,16.8,16.75,16.8,355864,76888,28326,8.91
2026-08-21 11:02:29,24263.7,2026-08-25,24100.0,CE,227.2,226.65,227.25,209977,54483,7441,10.65
2026-08-21 11:02:29,24263.7,2026-08-25,24100.0,PE,23.0,23.0,23.1,669841,165264,47996,8.56
2026-08-21 11:02:29,24263.7,2026-08-25,24150.0,CE,186.2,185.8,186.2,256157,32901,13635,10.07
2026-08-21 11:02:29,24263.7,2026-08-25,24150.0,PE,31.95,31.9,31.95,641546,129482,57912,8.26
2026-08-21 11:02:29,24263.7,2026-08-25,24200.0,CE,148.75,148.4,148.75,1300941,205415,76052,9.68
2026-08-21 11:02:29,24263.7,2026-08-25,24200.0,PE,44.1,44.1,44.2,1993712,386254,181808,8.0
2026-08-21 11:02:29,24263.7,2026-08-25,24250.0,CE,114.65,114.4,114.65,1452380,161307,97144,9.28
2026-08-21 11:02:29,24263.7,2026-08-25,24250.0,PE,60.45,60.45,60.6,1732369,244120,167543,7.74
2026-08-21 11:02:29,24263.7,2026-08-25,24300.0,CE,85.5,85.5,85.75,1782795,292602,142050,8.98
2026-08-21 11:02:29,24263.7,2026-08-25,24300.0,PE,81.3,81.3,81.45,1536848,242159,127124,7.48
2026-08-21 11:02:29,24263.7,2026-08-25,24350.0,CE,61.55,61.5,61.65,745439,95059,48066,8.77
2026-08-21 11:02:29,24263.7,2026-08-25,24350.0,PE,107.65,107.5,107.65,533880,71085,40405,7.22
2026-08-21 11:02:29,24263.7,2026-08-25,24400.0,CE,42.8,42.7,42.85,838977,186484,60012,8.61
2026-08-21 11:02:29,24263.7,2026-08-25,24400.0,PE,138.6,138.65,138.85,461852,79518,30897,6.89
2026-08-21 11:02:29,24263.7,2026-08-25,24450.0,CE,28.55,28.45,28.55,410433,76950,34951,8.48
2026-08-21 11:02:29,24263.7,2026-08-25,24450.0,PE,174.75,174.7,175.1,107226,19758,11040,6.44
2026-08-21 11:02:29,24263.7,2026-08-25,24500.0,CE,18.65,18.6,18.65,708226,234702,42169,8.46
2026-08-21 11:02:29,24263.7,2026-08-25,24500.0,PE,215.0,214.55,215.05,134366,67128,5543,5.48
2026-08-21 11:02:29,24263.7,2026-08-25,24550.0,CE,11.95,11.95,12.0,344905,68577,21990,8.5
2026-08-21 11:02:29,24263.7,2026-08-25,24550.0,PE,257.9,257.75,258.4,14633,4458,1525,
2026-08-21 11:02:29,24263.7,2026-08-25,24600.0,CE,7.7,7.65,7.7,397347,160664,34023,8.59
2026-08-21 11:02:29,24263.7,2026-08-25,24600.0,PE,302.55,303.3,304.1,23820,15278,667,
2026-08-21 11:02:29,24263.7,2026-08-25,24650.0,CE,5.3,5.25,5.3,207323,64163,19657,8.85
2026-08-21 11:02:29,24263.7,2026-08-25,24650.0,PE,349.3,350.15,351.4,3528,2992,194,
2026-08-21 11:02:29,24263.7,2026-08-25,24700.0,CE,3.65,3.65,3.7,248627,122127,5877,9.16
2026-08-21 11:02:29,24263.7,2026-08-25,24700.0,PE,400.7,398.8,399.95,5306,12869,-452,
2026-08-21 11:02:29,24263.7,2026-08-25,24750.0,CE,2.8,2.8,2.85,151980,43095,11390,9.57
2026-08-21 11:02:29,24263.7,2026-08-25,24750.0,PE,449.85,447.25,449.55,484,1459,-17,
2026-08-21 11:03:29,24261.45,2026-08-25,23750.0,CE,559.0,556.95,559.25,242,724,-26,16.92
2026-08-21 11:03:29,24261.45,2026-08-25,23750.0,PE,4.35,4.3,4.35,168189,41179,6326,11.92
2026-08-21 11:03:29,24261.45,2026-08-25,23800.0,CE,506.7,507.15,508.95,5052,10052,460,15.5
2026-08-21 11:03:29,24261.45,2026-08-25,23800.0,PE,4.9,4.85,4.9,308977,137708,13316,11.27
2026-08-21 11:03:29,24261.45,2026-08-25,23850.0,CE,462.3,458.95,460.5,891,1233,98,14.84
2026-08-21 11:03:29,24261.45,2026-08-25,23850.0,PE,5.8,5.75,5.8,205913,64217,6030,10.67
2026-08-21 11:03:29,24261.45,2026-08-25,23900.0,CE,412.9,410.3,411.45,8687,5250,520,13.81
2026-08-21 11:03:29,24261.45,2026-08-25,23900.0,PE,7.1,7.1,7.15,334209,113164,9533,10.13
2026-08-21 11:03:29,24261.45,2026-08-25,23950.0,CE,364.15,362.35,363.4,6106,3546,297,12.83
2026-08-21 11:03:29,24261.45,2026-08-25,23950.0,PE,9.25,9.2,9.25,240575,56425,7816,9.68
2026-08-21 11:03:29,24261.45,2026-08-25,24000.0,CE,316.2,315.5,316.35,91517,94927,527,12.06
2026-08-21 11:03:29,24261.45,2026-08-25,24000.0,PE,12.45,12.45,12.5,725367,287827,36321,9.31
2026-08-21 11:03:29,24261.45,2026-08-25,24050.0,CE,270.8,270.55,270.9,32357,10243,800,11.32
2026-08-21 11:03:29,24261.45,2026-08-25,24050.0,PE,16.65,16.6,16.7,357511,76490,27928,8.9
2026-08-21 11:03:29,24261.45,2026-08-25,24100.0,CE,226.9,226.6,227.15,210958,54582,7540,10.64
2026-08-21 11:03:29,24261.45,2026-08-25,24100.0,PE,23.0,22.95,23.0,671397,165271,48003,8.57
2026-08-21 11:03:29,24261.45,2026-08-25,24150.0,CE,185.8,185.7,186.15,257356,32989,13723,10.12
2026-08-21 11:03:29,24261.45,2026-08-25,24150.0,PE,31.8,31.8,31.9,642746,129546,57976,8.25
2026-08-21 11:03:29,24261.45,2026-08-25,24200.0,CE,148.1,148.1,148.45,1306063,205567,76204,9.67
2026-08-21 11:03:29,24261.45,2026-08-25,24200.0,PE,44.25,44.15,44.25,1998721,386084,181638,7.98
2026-08-21 11:03:29,24261.45,2026-08-25,24250.0,CE,114.2,114.2,114.5,1459858,161021,96858,9.27
2026-08-21 11:03:29,24261.45,2026-08-25,24250.0,PE,60.55,60.4,60.55,1739316,244781,168204,7.74
2026-08-21 11:03:29,24261.45,2026-08-25,24300.0,CE,85.5,85.25,85.5,1794153,293975,143423,8.97
2026-08-21 11:03:29,24261.45,2026-08-25,24300.0,PE,81.45,81.45,81.5,1542228,242144,127109,7.45
2026-08-21 11:03:29,24261.45,2026-08-25,24350.0,CE,61.3,61.3,61.45,749962,95315,48322,8.74
2026-08-21 11:03:29,24261.45,2026-08-25,24350.0,PE,107.8,107.5,107.8,535052,70894,40214,7.21
2026-08-21 11:03:29,24261.45,2026-08-25,24400.0,CE,42.75,42.7,42.8,843319,186822,60350,8.58
2026-08-21 11:03:29,24261.45,2026-08-25,24400.0,PE,138.8,138.45,138.8,463184,79581,30960,6.88
2026-08-21 11:03:29,24261.45,2026-08-25,24450.0,CE,28.4,28.4,28.5,412694,77280,35281,8.48
2026-08-21 11:03:29,24261.45,2026-08-25,24450.0,PE,174.85,174.7,175.1,107439,19688,10970,6.4
2026-08-21 11:03:29,24261.45,2026-08-25,24500.0,CE,18.5,18.5,18.55,710894,234964,42431,8.45
2026-08-21 11:03:29,24261.45,2026-08-25,24500.0,PE,214.65,214.55,215.0,134929,67220,5635,5.4
2026-08-21 11:03:29,24261.45,2026-08-25,24550.0,CE,11.85,11.85,11.9,346944,69332,22745,8.49
2026-08-21 11:03:29,24261.45,2026-08-25,24550.0,PE,257.75,257.55,258.25,14703,4471,1538,
2026-08-21 11:03:29,24261.45,2026-08-25,24600.0,CE,7.6,7.6,7.65,398445,160368,33727,8.58
2026-08-21 11:03:29,24261.45,2026-08-25,24600.0,PE,303.5,303.3,304.1,23945,15258,647,
2026-08-21 11:03:29,24261.45,2026-08-25,24650.0,CE,5.3,5.25,5.3,207683,64186,19680,8.88
2026-08-21 11:03:29,24261.45,2026-08-25,24650.0,PE,350.55,350.4,351.4,3545,2990,192,
2026-08-21 11:03:29,24261.45,2026-08-25,24700.0,CE,3.65,3.65,3.7,249066,121855,5605,9.17
2026-08-21 11:03:29,24261.45,2026-08-25,24700.0,PE,399.0,398.9,399.95,5323,12870,-451,
2026-08-21 11:03:29,24261.45,2026-08-25,24750.0,CE,2.8,2.8,2.85,152243,43327,11622,9.61
2026-08-21 11:03:29,24261.45,2026-08-25,24750.0,PE,449.85,447.75,449.55,484,1459,-17,
2026-08-21 11:04:30,24261.45,2026-08-25,23750.0,CE,559.0,557.05,559.55,242,724,-26,16.85
2026-08-21 11:04:30,24261.45,2026-08-25,23750.0,PE,4.35,4.3,4.35,168287,41930,7077,11.95
2026-08-21 11:04:30,24261.45,2026-08-25,23800.0,CE,506.1,507.3,508.85,5053,10052,460,15.7
2026-08-21 11:04:30,24261.45,2026-08-25,23800.0,PE,4.85,4.85,4.9,309261,137652,13260,11.28
2026-08-21 11:04:30,24261.45,2026-08-25,23850.0,CE,458.65,459.15,460.6,894,1234,99,14.78
2026-08-21 11:04:30,24261.45,2026-08-25,23850.0,PE,5.8,5.75,5.8,206228,64328,6141,10.7
2026-08-21 11:04:30,24261.45,2026-08-25,23900.0,CE,411.3,410.25,411.5,8698,5249,519,13.5
2026-08-21 11:04:30,24261.45,2026-08-25,23900.0,PE,7.1,7.1,7.15,335214,112621,8990,10.15
2026-08-21 11:04:30,24261.45,2026-08-25,23950.0,CE,362.45,362.45,363.4,6130,3544,295,12.52
2026-08-21 11:04:30,24261.45,2026-08-25,23950.0,PE,9.2,9.15,9.2,242534,61046,12437,9.69
2026-08-21 11:04:30,24261.45,2026-08-25,24000.0,CE,316.55,315.6,316.45,91705,94933,533,11.95
2026-08-21 11:04:30,24261.45,2026-08-25,24000.0,PE,12.5,12.45,12.5,726813,288068,36562,9.32
2026-08-21 11:04:30,24261.45,2026-08-25,24050.0,CE,270.25,270.05,270.7,32411,10253,810,11.32
2026-08-21 11:04:30,24261.45,2026-08-25,24050.0,PE,16.7,16.65,16.75,358199,76766,28204,8.91
2026-08-21 11:04:30,24261.45,2026-08-25,24100.0,CE,226.95,226.55,227.15,211606,54686,7644,10.65
2026-08-21 11:04:30,24261.45,2026-08-25,24100.0,PE,22.9,22.9,23.0,672640,165358,48090,8.56
2026-08-21 11:04:30,24261.45,2026-08-25,24150.0,CE,186.1,185.65,186.1,258257,32792,13526,10.07
2026-08-21 11:04:30,24261.45,2026-08-25,24150.0,PE,31.85,31.75,31.8,643927,129508,57938,8.26
2026-08-21 11:04:30,24261.45,2026-08-25,24200.0,CE,148.15,148.15,148.5,1309337,205368,76005,9.68
2026-08-21 11:04:30,24261.45,2026-08-25,24200.0,PE,44.0,44.0,44.15,2002568,386396,181950,8.0
2026-08-21 11:04:30,24261.45,2026-08-25,24250.0,CE,114.4,114.25,114.55,1464167,160709,96546,9.28
2026-08-21 11:04:30,24261.45,2026-08-25,24250.0,PE,60.35,60.35,60.45,1743947,245802,169225,7.74
2026-08-21 11:04:30,24261.45,2026-08-25,24300.0,CE,85.5,85.25,85.45,1799698,293967,143415,8.98
2026-08-21 11:04:30,24261.45,2026-08-25,24300.0,PE,81.45,81.2,81.45,1546831,242988,127953,7.48
2026-08-21 11:04:30,24261.45,2026-08-25,24350.0,CE,61.5,61.3,61.5,752723,95124,48131,8.77
2026-08-21 11:04:30,24261.45,2026-08-25,24350.0,PE,107.4,107.35,107.6,536683,71181,40501,7.22
2026-08-21 11:04:30,24261.45,2026-08-25,24400.0,CE,42.65,42.55,42.65,845730,186669,60197,8.61
2026-08-21 11:04:30,24261.45,2026-08-25,24400.0,PE,138.75,138.75,139.1,464164,79953,31332,6.89
2026-08-21 11:04:30,24261.45,2026-08-25,24450.0,CE,28.4,28.4,28.5,414538,77471,35472,8.48
2026-08-21 11:04:30,24261.45,2026-08-25,24450.0,PE,175.0,174.7,175.05,107659,19732,11014,6.44
2026-08-21 11:04:30,24261.45,2026-08-25,24500.0,CE,18.55,18.45,18.55,713143,235185,42652,8.46
2026-08-21 11:04:30,24261.45,2026-08-25,24500.0,PE,215.0,214.55,215.15,135181,67339,5754,5.48
2026-08-21 11:04:30,24261.45,2026-08-25,24550.0,CE,11.85,11.85,11.9,348260,70223,23636,8.5
2026-08-21 11:04:30,24261.45,2026-08-25,24550.0,PE,259.25,257.4,258.15,14728,4468,1535,
2026-08-21 11:04:30,24261.45,2026-08-25,24600.0,CE,7.65,7.6,7.65,399259,160386,33745,8.59
2026-08-21 11:04:30,24261.45,2026-08-25,24600.0,PE,303.55,303.1,303.95,24077,15278,667,
2026-08-21 11:04:30,24261.45,2026-08-25,24650.0,CE,5.25,5.25,5.3,208138,64093,19587,8.85
2026-08-21 11:04:30,24261.45,2026-08-25,24650.0,PE,350.6,350.2,351.3,3546,2994,196,
2026-08-21 11:04:30,24261.45,2026-08-25,24700.0,CE,3.65,3.65,3.7,249620,121857,5607,9.16
2026-08-21 11:04:30,24261.45,2026-08-25,24700.0,PE,399.0,399.0,399.9,5323,12870,-451,
2026-08-21 11:04:30,24261.45,2026-08-25,24750.0,CE,2.8,2.8,2.85,152337,43319,11614,9.57
2026-08-21 11:04:30,24261.45,2026-08-25,24750.0,PE,449.85,447.65,449.2,484,1459,-17,
2026-08-21 11:05:30,24265.3,2026-08-25,23750.0,CE,559.0,558.8,560.0,242,724,-26,16.85
2026-08-21 11:05:30,24265.3,2026-08-25,23750.0,PE,4.35,4.3,4.35,168319,41906,7053,11.95
2026-08-21 11:05:30,24265.3,2026-08-25,23800.0,CE,506.1,508.9,510.45,5053,10052,460,15.7
2026-08-21 11:05:30,24265.3,2026-08-25,23800.0,PE,4.85,4.85,4.9,309348,137683,13291,11.28
2026-08-21 11:05:30,24265.3,2026-08-25,23850.0,CE,458.65,460.95,462.2,894,1234,99,14.78
2026-08-21 11:05:30,24265.3,2026-08-25,23850.0,PE,5.75,5.75,5.8,206270,64269,6082,10.7
2026-08-21 11:05:30,24265.3,2026-08-25,23900.0,CE,411.05,412.1,413.3,8753,5291,561,13.5
2026-08-21 11:05:30,24265.3,2026-08-25,23900.0,PE,7.1,7.05,7.15,335702,112757,9126,10.15
2026-08-21 11:05:30,24265.3,2026-08-25,23950.0,CE,362.45,364.1,365.0,6130,3544,295,12.52
2026-08-21 11:05:30,24265.3,2026-08-25,23950.0,PE,9.2,9.15,9.2,242810,60877,12268,9.69
2026-08-21 11:05:30,24265.3,2026-08-25,24000.0,CE,317.0,317.25,317.9,91836,94940,540,11.95
2026-08-21 11:05:30,24265.3,2026-08-25,24000.0,PE,12.4,12.35,12.4,727601,288129,36623,9.32
2026-08-21 11:05:30,24265.3,2026-08-25,24050.0,CE,272.05,271.7,272.35,32456,10252,809,11.32
2026-08-21 11:05:30,24265.3,2026-08-25,24050.0,PE,16.55,16.55,16.6,358722,76902,28340,8.91
2026-08-21 11:05:30,24265.3,2026-08-25,24100.0,CE,228.15,228.05,228.55,212006,54651,7609,10.65
2026-08-21 11:05:30,24265.3,2026-08-25,24100.0,PE,22.8,22.7,22.8,673478,165760,48492,8.56
2026-08-21 11:05:30,24265.3,2026-08-25,24150.0,CE,186.95,187.0,187.4,258568,32812,13546,10.07
2026-08-21 11:05:30,24265.3,2026-08-25,24150.0,PE,31.6,31.5,31.6,645763,129773,58203,8.26
2026-08-21 11:05:30,24265.3,2026-08-25,24200.0,CE,149.9,149.5,149.9,1311385,204882,75519,9.68
2026-08-21 11:05:30,24265.3,2026-08-25,24200.0,PE,43.8,43.7,43.8,2005431,387568,183122,8.0
2026-08-21 11:05:30,24265.3,2026-08-25,24250.0,CE,115.6,115.35,115.65,1466538,160611,96448,9.28
2026-08-21 11:05:30,24265.3,2026-08-25,24250.0,PE,59.85,59.8,60.0,1747231,247582,171005,7.74
2026-08-21 11:05:30,24265.3,2026-08-25,24300.0,CE,86.5,86.35,86.5,1803058,294051,143499,8.98
2026-08-21 11:05:30,24265.3,2026-08-25,24300.0,PE,80.5,80.55,80.75,1550423,245255,130220,7.48
2026-08-21 11:05:30,24265.3,2026-08-25,24350.0,CE,62.15,62.15,62.3,754107,95202,48209,8.77
2026-08-21 11:05:30,24265.3,2026-08-25,24350.0,PE,106.5,106.45,106.7,537670,71933,41253,7.22
2026-08-21 11:05:30,24265.3,2026-08-25,24400.0,CE,43.1,43.1,43.25,847571,187051,60579,8.61
2026-08-21 11:05:30,24265.3,2026-08-25,24400.0,PE,138.2,137.9,138.1,465232,80257,31636,6.89
2026-08-21 11:05:30,24265.3,2026-08-25,24450.0,CE,28.95,28.85,28.95,415476,77415,35416,8.48
2026-08-21 11:05:30,24265.3,2026-08-25,24450.0,PE,173.75,173.55,173.9,107836,19869,11151,6.44
2026-08-21 11:05:30,24265.3,2026-08-25,24500.0,CE,18.85,18.85,18.95,714936,235196,42663,8.46
2026-08-21 11:05:30,24265.3,2026-08-25,24500.0,PE,213.6,213.3,213.7,135301,67378,5793,5.48
2026-08-21 11:05:30,24265.3,2026-08-25,24550.0,CE,12.1,12.05,12.1,349339,70510,23923,8.5
2026-08-21 11:05:30,24265.3,2026-08-25,24550.0,PE,256.1,256.1,256.75,14827,4519,1586,
2026-08-21 11:05:30,24265.3,2026-08-25,24600.0,CE,7.75,7.75,7.8,400467,160478,33837,8.59
2026-08-21 11:05:30,24265.3,2026-08-25,24600.0,PE,302.05,302.0,302.35,24149,15259,648,
2026-08-21 11:05:30,24265.3,2026-08-25,24650.0,CE,5.3,5.3,5.35,208887,64219,19713,8.85
2026-08-21 11:05:30,24265.3,2026-08-25,24650.0,PE,349.6,348.7,349.75,3548,2991,193,
2026-08-21 11:05:30,24265.3,2026-08-25,24700.0,CE,3.65,3.65,3.7,250166,122012,5762,9.16
2026-08-21 11:05:30,24265.3,2026-08-25,24700.0,PE,397.85,397.85,398.3,5334,12876,-445,
2026-08-21 11:05:30,24265.3,2026-08-25,24750.0,CE,2.8,2.8,2.85,152969,43089,11384,9.57
2026-08-21 11:05:30,24265.3,2026-08-25,24750.0,PE,449.85,446.05,447.45,484,1459,-17,
2026-08-21 11:06:30,24265.75,2026-08-25,23750.0,CE,560.0,560.2,562.2,244,723,-27,16.85
2026-08-21 11:06:30,24265.75,2026-08-25,23750.0,PE,4.4,4.35,4.4,170756,42017,7164,11.95
2026-08-21 11:06:30,24265.75,2026-08-25,23800.0,CE,510.35,510.45,511.0,5064,10048,456,15.7
2026-08-21 11:06:30,24265.75,2026-08-25,23800.0,PE,4.85,4.85,4.9,310648,137666,13274,11.28
2026-08-21 11:06:30,24265.75,2026-08-25,23850.0,CE,461.15,462.2,463.45,897,1236,101,14.78
2026-08-21 11:06:30,24265.75,2026-08-25,23850.0,PE,5.8,5.75,5.8,207506,64036,5849,10.7
2026-08-21 11:06:30,24265.75,2026-08-25,23900.0,CE,413.0,413.2,414.4,8778,5284,554,13.5
2026-08-21 11:06:30,24265.75,2026-08-25,23900.0,PE,7.2,7.1,7.15,337034,112847,9216,10.15
2026-08-21 11:06:30,24265.75,2026-08-25,23950.0,CE,365.3,365.4,366.4,6139,3547,298,12.52
2026-08-21 11:06:30,24265.75,2026-08-25,23950.0,PE,9.2,9.15,9.2,244964,61597,12988,9.69
2026-08-21 11:06:30,24265.75,2026-08-25,24000.0,CE,318.5,318.5,319.0,92433,94994,594,11.95
2026-08-21 11:06:30,24265.75,2026-08-25,24000.0,PE,12.4,12.35,12.4,731990,288271,36765,9.32
2026-08-21 11:06:30,24265.75,2026-08-25,24050.0,CE,273.3,273.15,273.7,32660,10258,815,11.32
2026-08-21 11:06:30,24265.75,2026-08-25,24050.0,PE,16.6,16.55,16.6,360657,77102,28540,8.91
2026-08-21 11:06:30,24265.75,2026-08-25,24100.0,CE,229.35,229.4,229.8,213574,54532,7490,10.65
2026-08-21 11:06:30,24265.75,2026-08-25,24100.0,PE,22.6,22.6,22.65,675635,165941,48673,8.56
2026-08-21 11:06:30,24265.75,2026-08-25,24150.0,CE,188.8,188.3,188.8,260380,32713,13447,10.07
2026-08-21 11:06:30,24265.75,2026-08-25,24150.0,PE,31.35,31.3,31.35,649394,130282,58712,8.26
2026-08-21 11:06:30,24265.75,2026-08-25,24200.0,CE,150.9,150.45,150.85,1321653,205384,76021,9.68
2026-08-21 11:06:30,24265.75,2026-08-25,24200.0,PE,43.35,43.3,43.45,2014111,388114,183668,8.0
2026-08-21 11:06:30,24265.75,2026-08-25,24250.0,CE,116.55,116.35,116.55,1480033,158444,94281,9.28
2026-08-21 11:06:30,24265.75,2026-08-25,24250.0,PE,59.45,59.35,59.45,1759249,249574,172997,7.74
2026-08-21 11:06:30,24265.75,2026-08-25,24300.0,CE,87.2,87.0,87.2,1822060,295640,145088,8.98
2026-08-21 11:06:30,24265.75,2026-08-25,24300.0,PE,80.1,80.0,80.1,1561183,247390,132355,7.48
2026-08-21 11:06:30,24265.75,2026-08-25,24350.0,CE,62.7,62.7,62.85,762451,96095,49102,8.77
2026-08-21 11:06:30,24265.75,2026-08-25,24350.0,PE,106.1,105.85,106.1,541170,72616,41936,7.22
2026-08-21 11:06:30,24265.75,2026-08-25,24400.0,CE,43.7,43.6,43.65,854463,187483,61011,8.61
2026-08-21 11:06:30,24265.75,2026-08-25,24400.0,PE,136.8,136.8,137.1,467490,81064,32443,6.89
2026-08-21 11:06:30,24265.75,2026-08-25,24450.0,CE,29.1,29.1,29.15,419516,77649,35650,8.48
2026-08-21 11:06:30,24265.75,2026-08-25,24450.0,PE,172.75,172.55,172.7,108520,20037,11319,6.44
2026-08-21 11:06:30,24265.75,2026-08-25,24500.0,CE,19.0,18.95,19.0,721494,236160,43627,8.46
2026-08-21 11:06:30,24265.75,2026-08-25,24500.0,PE,212.75,212.15,212.65,136204,67645,6060,5.48
2026-08-21 11:06:30,24265.75,2026-08-25,24550.0,CE,12.15,12.15,12.2,352373,71051,24464,8.5
2026-08-21 11:06:30,24265.75,2026-08-25,24550.0,PE,255.7,255.05,255.7,14890,4552,1619,
2026-08-21 11:06:30,24265.75,2026-08-25,24600.0,CE,7.8,7.75,7.8,402784,160460,33819,8.59
2026-08-21 11:06:30,24265.75,2026-08-25,24600.0,PE,301.35,301.0,301.3,24367,15287,676,
2026-08-21 11:06:30,24265.75,2026-08-25,24650.0,CE,5.3,5.3,5.35,209718,64144,19638,8.85
2026-08-21 11:06:30,24265.75,2026-08-25,24650.0,PE,348.85,347.8,348.55,3572,2996,198,
2026-08-21 11:06:30,24265.75,2026-08-25,24700.0,CE,3.65,3.65,3.7,252139,121959,5709,9.16
2026-08-21 11:06:30,24265.75,2026-08-25,24700.0,PE,396.55,396.0,397.25,5360,12891,-430,
2026-08-21 11:06:30,24265.75,2026-08-25,24750.0,CE,2.85,2.8,2.85,153533,43198,11493,9.57
2026-08-21 11:06:30,24265.75,2026-08-25,24750.0,PE,446.0,446.0,446.4,486,1459,-17,
2026-08-21 11:07:30,24262.95,2026-08-25,23750.0,CE,560.0,560.8,563.1,244,723,-27,16.85
2026-08-21 11:07:30,24262.95,2026-08-25,23750.0,PE,4.45,4.4,4.45,172402,42676,7823,11.95
2026-08-21 11:07:30,24262.95,2026-08-25,23800.0,CE,512.95,511.35,512.8,5076,10048,456,15.7
2026-08-21 11:07:30,24262.95,2026-08-25,23800.0,PE,4.9,4.9,4.95,311327,137851,13459,11.28
2026-08-21 11:07:30,24262.95,2026-08-25,23850.0,CE,464.05,462.95,464.5,902,1236,101,14.78
2026-08-21 11:07:30,24262.95,2026-08-25,23850.0,PE,5.85,5.8,5.85,207905,63979,5792,10.7
2026-08-21 11:07:30,24262.95,2026-08-25,23900.0,CE,415.15,414.05,415.2,8791,5284,554,13.5
2026-08-21 11:07:30,24262.95,2026-08-25,23900.0,PE,7.1,7.1,7.15,337960,112895,9264,10.15
2026-08-21 11:07:30,24262.95,2026-08-25,23950.0,CE,367.2,365.9,367.05,6186,3548,299,12.52
2026-08-21 11:07:30,24262.95,2026-08-25,23950.0,PE,9.15,9.15,9.2,245516,61575,12966,9.69
2026-08-21 11:07:30,24262.95,2026-08-25,24000.0,CE,319.6,319.25,319.95,93324,95085,685,11.95
2026-08-21 11:07:30,24262.95,2026-08-25,24000.0,PE,12.3,12.3,12.35,733705,288283,36777,9.32
2026-08-21 11:07:30,24262.95,2026-08-25,24050.0,CE,274.3,273.65,274.3,32837,10243,800,11.32
2026-08-21 11:07:30,24262.95,2026-08-25,24050.0,PE,16.45,16.5,16.55,361877,77401,28839,8.91
2026-08-21 11:07:30,24262.95,2026-08-25,24100.0,CE,230.55,230.15,230.45,214886,54287,7245,10.65
2026-08-21 11:07:30,24262.95,2026-08-25,24100.0,PE,22.5,22.5,22.6,677999,166394,49126,8.56
2026-08-21 11:07:30,24262.95,2026-08-25,24150.0,CE,189.25,188.8,189.25,262046,32199,12933,10.07
2026-08-21 11:07:30,24262.95,2026-08-25,24150.0,PE,31.2,31.15,31.25,652018,130577,59007,8.26
2026-08-21 11:07:30,24262.95,2026-08-25,24200.0,CE,151.15,151.15,151.3,1330641,203608,74245,9.68
2026-08-21 11:07:30,24262.95,2026-08-25,24200.0,PE,43.15,43.15,43.3,2023772,387912,183466,8.0
2026-08-21 11:07:30,24262.95,2026-08-25,24250.0,CE,116.6,116.6,116.9,1490572,157102,92939,9.28
2026-08-21 11:07:30,24262.95,2026-08-25,24250.0,PE,59.1,59.1,59.25,1769234,249077,172500,7.74
2026-08-21 11:07:30,24262.95,2026-08-25,24300.0,CE,87.4,87.3,87.5,1836444,293535,142983,8.98
2026-08-21 11:07:30,24262.95,2026-08-25,24300.0,PE,79.65,79.6,79.8,1571693,251348,136313,7.48
2026-08-21 11:07:30,24262.95,2026-08-25,24350.0,CE,62.8,62.8,62.95,768882,95695,48702,8.77
2026-08-21 11:07:30,24262.95,2026-08-25,24350.0,PE,105.3,105.35,105.5,544774,73531,42851,7.22
2026-08-21 11:07:30,24262.95,2026-08-25,24400.0,CE,43.8,43.7,43.8,860832,186901,60429,8.61
2026-08-21 11:07:30,24262.95,2026-08-25,24400.0,PE,136.45,136.45,136.5,469823,81596,32975,6.89
2026-08-21 11:07:30,24262.95,2026-08-25,24450.0,CE,29.2,29.15,29.2,422418,77408,35409,8.48
2026-08-21 11:07:30,24262.95,2026-08-25,24450.0,PE,172.1,171.75,172.15,109403,20253,11535,6.44
2026-08-21 11:07:30,24262.95,2026-08-25,24500.0,CE,18.95,18.95,19.05,726101,235885,43352,8.46
2026-08-21 11:07:30,24262.95,2026-08-25,24500.0,PE,211.35,211.2,211.75,137691,68027,6442,5.48
2026-08-21 11:07:30,24262.95,2026-08-25,24550.0,CE,12.2,12.15,12.2,354962,70900,24313,8.5
2026-08-21 11:07:30,24262.95,2026-08-25,24550.0,PE,254.75,254.2,254.95,15061,4578,1645,
2026-08-21 11:07:30,24262.95,2026-08-25,24600.0,CE,7.7,7.7,7.75,408987,160257,33616,8.59
2026-08-21 11:07:30,24262.95,2026-08-25,24600.0,PE,299.7,299.9,300.65,24534,15316,705,
2026-08-21 11:07:30,24262.95,2026-08-25,24650.0,CE,5.35,5.3,5.35,211534,64122,19616,8.85
2026-08-21 11:07:30,24262.95,2026-08-25,24650.0,PE,346.55,346.95,347.9,3608,2970,172,
2026-08-21 11:07:30,24262.95,2026-08-25,24700.0,CE,3.7,3.65,3.7,254740,121937,5687,9.16
2026-08-21 11:07:30,24262.95,2026-08-25,24700.0,PE,396.15,395.15,396.25,5397,12895,-426,
2026-08-21 11:07:30,24262.95,2026-08-25,24750.0,CE,2.8,2.8,2.85,155707,43204,11499,9.57
2026-08-21 11:07:30,24262.95,2026-08-25,24750.0,PE,444.1,443.85,445.7,493,1459,-17,
2026-08-21 11:08:31,24265.15,2026-08-25,23750.0,CE,560.0,561.3,563.85,244,723,-27,16.85
2026-08-21 11:08:31,24265.15,2026-08-25,23750.0,PE,4.4,4.4,4.45,172456,42966,8113,11.95
2026-08-21 11:08:31,24265.15,2026-08-25,23800.0,CE,509.65,511.7,513.0,5082,10044,452,15.7
2026-08-21 11:08:31,24265.15,2026-08-25,23800.0,PE,4.9,4.9,4.95,311749,137930,13538,11.28
2026-08-21 11:08:31,24265.15,2026-08-25,23850.0,CE,464.05,463.6,465.0,902,1236,101,14.78
2026-08-21 11:08:31,24265.15,2026-08-25,23850.0,PE,5.8,5.8,5.85,208143,64021,5834,10.7
2026-08-21 11:08:31,24265.15,2026-08-25,23900.0,CE,413.0,414.45,415.45,8798,5279,549,13.5
2026-08-21 11:08:31,24265.15,2026-08-25,23900.0,PE,7.1,7.1,7.15,338203,112981,9350,10.15
2026-08-21 11:08:31,24265.15,2026-08-25,23950.0,CE,365.15,366.65,367.75,6188,3548,299,12.52
2026-08-21 11:08:31,24265.15,2026-08-25,23950.0,PE,9.15,9.15,9.2,245857,61442,12833,9.69
2026-08-21 11:08:31,24265.15,2026-08-25,24000.0,CE,319.65,319.75,319.9,93567,95162,762,11.95
2026-08-21 11:08:31,24265.15,2026-08-25,24000.0,PE,12.35,12.3,12.35,734811,288212,36706,9.32
2026-08-21 11:08:31,24265.15,2026-08-25,24050.0,CE,274.4,274.25,274.85,32974,10231,788,11.32
2026-08-21 11:08:31,24265.15,2026-08-25,24050.0,PE,16.4,16.4,16.5,362327,77456,28894,8.91
2026-08-21 11:08:31,24265.15,2026-08-25,24100.0,CE,231.0,230.45,231.0,215663,54290,7248,10.65
2026-08-21 11:08:31,24265.15,2026-08-25,24100.0,PE,22.45,22.45,22.55,679438,166660,49392,8.56
2026-08-21 11:08:31,24265.15,2026-08-25,24150.0,CE,189.7,189.25,189.7,262675,32042,12776,10.07
2026-08-21 11:08:31,24265.15,2026-08-25,24150.0,PE,31.15,31.05,31.15,653130,130577,59007,8.26
2026-08-21 11:08:31,24265.15,2026-08-25,24200.0,CE,151.8,151.5,151.8,1335940,203773,74410,9.68
2026-08-21 11:08:31,24265.15,2026-08-25,24200.0,PE,43.0,43.05,43.15,2029416,390131,185685,8.0
2026-08-21 11:08:31,24265.15,2026-08-25,24250.0,CE,117.4,117.25,117.4,1496835,156053,91890,9.28
2026-08-21 11:08:31,24265.15,2026-08-25,24250.0,PE,58.9,58.9,59.05,1775158,251422,174845,7.74
2026-08-21 11:08:31,24265.15,2026-08-25,24300.0,CE,87.9,87.8,87.9,1845705,292048,141496,8.98
2026-08-21 11:08:31,24265.15,2026-08-25,24300.0,PE,79.35,79.35,79.55,1578866,252642,137607,7.48
2026-08-21 11:08:31,24265.15,2026-08-25,24350.0,CE,63.35,63.25,63.4,773176,95933,48940,8.77
2026-08-21 11:08:31,24265.15,2026-08-25,24350.0,PE,105.2,105.0,105.2,546582,73936,43256,7.22
2026-08-21 11:08:31,24265.15,2026-08-25,24400.0,CE,44.1,44.0,44.1,864113,187271,60799,8.61
2026-08-21 11:08:31,24265.15,2026-08-25,24400.0,PE,136.05,135.75,136.1,471252,81962,33341,6.89
2026-08-21 11:08:31,24265.15,2026-08-25,24450.0,CE,29.35,29.35,29.45,424207,77411,35412,8.48
2026-08-21 11:08:31,24265.15,2026-08-25,24450.0,PE,171.8,171.35,171.75,109929,20128,11410,6.44
2026-08-21 11:08:31,24265.15,2026-08-25,24500.0,CE,19.2,19.15,19.2,728955,236165,43632,8.46
2026-08-21 11:08:31,24265.15,2026-08-25,24500.0,PE,210.9,210.85,211.4,138092,68255,6670,5.48
2026-08-21 11:08:31,24265.15,2026-08-25,24550.0,CE,12.25,12.25,12.3,356577,71543,24956,8.5
2026-08-21 11:08:31,24265.15,2026-08-25,24550.0,PE,254.4,253.65,254.35,15103,4638,1705,
2026-08-21 11:08:31,24265.15,2026-08-25,24600.0,CE,7.8,7.8,7.85,410115,159614,32973,8.59
2026-08-21 11:08:31,24265.15,2026-08-25,24600.0,PE,300.25,299.35,300.1,24637,15351,740,
2026-08-21 11:08:31,24265.15,2026-08-25,24650.0,CE,5.4,5.35,5.4,211945,64093,19587,8.85
2026-08-21 11:08:31,24265.15,2026-08-25,24650.0,PE,346.5,346.1,347.2,3621,2971,173,
2026-08-21 11:08:31,24265.15,2026-08-25,24700.0,CE,3.7,3.7,3.75,256363,122048,5798,9.16
2026-08-21 11:08:31,24265.15,2026-08-25,24700.0,PE,395.0,394.8,395.8,5422,12910,-411,
2026-08-21 11:08:31,24265.15,2026-08-25,24750.0,CE,2.85,2.85,2.9,156918,43524,11819,9.57
2026-08-21 11:08:31,24265.15,2026-08-25,24750.0,PE,444.9,443.5,444.9,498,1460,-16,
2026-08-21 11:09:31,24263.45,2026-08-25,23750.0,CE,560.0,560.4,562.35,244,723,-27,16.85
2026-08-21 11:09:31,24263.45,2026-08-25,23750.0,PE,4.4,4.4,4.45,172704,42966,8113,11.95
2026-08-21 11:09:31,24263.45,2026-08-25,23800.0,CE,510.35,510.55,512.05,5090,10044,452,15.7
2026-08-21 11:09:31,24263.45,2026-08-25,23800.0,PE,4.9,4.9,4.95,311888,137930,13538,11.28
2026-08-21 11:09:31,24263.45,2026-08-25,23850.0,CE,464.05,462.35,463.6,902,1236,101,14.78
2026-08-21 11:09:31,24263.45,2026-08-25,23850.0,PE,5.8,5.8,5.85,208235,64021,5834,10.7
2026-08-21 11:09:31,24263.45,2026-08-25,23900.0,CE,414.45,413.55,414.55,8805,5284,554,13.5
2026-08-21 11:09:31,24263.45,2026-08-25,23900.0,PE,7.15,7.1,7.15,338574,112981,9350,10.15
2026-08-21 11:09:31,24263.45,2026-08-25,23950.0,CE,366.0,365.4,366.45,6192,3549,300,12.52
2026-08-21 11:09:31,24263.45,2026-08-25,23950.0,PE,9.15,9.15,9.2,246227,61442,12833,9.69
2026-08-21 11:09:31,24263.45,2026-08-25,24000.0,CE,319.05,318.5,319.25,93863,95162,762,11.95
2026-08-21 11:09:31,24263.45,2026-08-25,24000.0,PE,12.35,12.3,12.35,735708,288212,36706,9.32
2026-08-21 11:09:31,24263.45,2026-08-25,24050.0,CE,272.95,273.0,273.6,33011,10231,788,11.32
2026-08-21 11:09:31,24263.45,2026-08-25,24050.0,PE,16.45,16.5,16.55,363052,77456,28894,8.91
2026-08-21 11:09:31,24263.45,2026-08-25,24100.0,CE,229.9,229.3,229.9,216223,54290,7248,10.65
2026-08-21 11:09:31,24263.45,2026-08-25,24100.0,PE,22.5,22.5,22.55,680445,166660,49392,8.56
2026-08-21 11:09:31,24263.45,2026-08-25,24150.0,CE,188.1,188.15,188.6,263304,32042,12776,10.07
2026-08-21 11:09:31,24263.45,2026-08-25,24150.0,PE,31.2,31.15,31.25,654449,130577,59007,8.26
2026-08-21 11:09:31,24263.45,2026-08-25,24200.0,CE,150.35,150.35,150.6,1338667,203773,74410,9.68
2026-08-21 11:09:31,24263.45,2026-08-25,24200.0,PE,43.3,43.25,43.4,2033321,390131,185685,8.0
2026-08-21 11:09:31,24263.45,2026-08-25,24250.0,CE,116.2,116.2,116.5,1501025,156053,91890,9.28
2026-08-21 11:09:31,24263.45,2026-08-25,24250.0,PE,59.45,59.25,59.45,1779087,251422,174845,7.74
2026-08-21 11:09:31,24263.45,2026-08-25,24300.0,CE,87.15,86.9,87.15,1850848,292048,141496,8.98
2026-08-21 11:09:31,24263.45,2026-08-25,24300.0,PE,79.85,79.85,80.0,1582599,252642,137607,7.48
2026-08-21 11:09:31,24263.45,2026-08-25,24350.0,CE,62.7,62.6,62.75,775667,95933,48940,8.77
2026-08-21 11:09:31,24263.45,2026-08-25,24350.0,PE,105.85,105.75,105.85,547397,73936,43256,7.22
2026-08-21 11:09:31,24263.45,2026-08-25,24400.0,CE,43.5,43.5,43.65,866022,187271,60799,8.61
2026-08-21 11:09:31,24263.45,2026-08-25,24400.0,PE,136.9,136.6,136.9,471894,81962,33341,6.89
2026-08-21 11:09:31,24263.45,2026-08-25,24450.0,CE,29.05,29.05,29.15,425066,77411,35412,8.48
2026-08-21 11:09:31,24263.45,2026-08-25,24450.0,PE,172.75,172.6,172.75,110005,20128,11410,6.44
2026-08-21 11:09:31,24263.45,2026-08-25,24500.0,CE,18.9,18.9,18.95,730721,236165,43632,8.46
2026-08-21 11:09:31,24263.45,2026-08-25,24500.0,PE,212.45,211.9,212.45,138490,68255,6670,5.48
2026-08-21 11:09:31,24263.45,2026-08-25,24550.0,CE,12.1,12.1,12.15,357760,71543,24956,8.5
2026-08-21 11:09:31,24263.45,2026-08-25,24550.0,PE,254.85,254.9,255.55,15137,4638,1705,
2026-08-21 11:09:31,24263.45,2026-08-25,24600.0,CE,7.75,7.75,7.8,411032,159614,32973,8.59
2026-08-21 11:09:31,24263.45,2026-08-25,24600.0,PE,301.3,300.55,301.35,24657,15351,740,
2026-08-21 11:09:31,24263.45,2026-08-25,24650.0,CE,5.3,5.3,5.35,212274,64093,19587,8.85
2026-08-21 11:09:31,24263.45,2026-08-25,24650.0,PE,347.1,347.5,348.45,3625,2971,173,
2026-08-21 11:09:31,24263.45,2026-08-25,24700.0,CE,3.65,3.65,3.7,256712,122048,5798,9.16
2026-08-21 11:09:31,24263.45,2026-08-25,24700.0,PE,397.0,395.9,397.0,5455,12910,-411,
2026-08-21 11:09:31,24263.45,2026-08-25,24750.0,CE,2.9,2.85,2.9,157018,43524,11819,9.57
2026-08-21 11:09:31,24263.45,2026-08-25,24750.0,PE,443.65,444.75,446.25,499,1460,-16,
2026-08-21 11:10:31,24260.4,2026-08-25,23750.0,CE,560.0,559.6,561.45,244,723,-27,16.85
2026-08-21 11:10:31,24260.4,2026-08-25,23750.0,PE,4.45,4.4,4.45,172921,43018,8165,11.95
2026-08-21 11:10:31,24260.4,2026-08-25,23800.0,CE,510.35,509.5,511.15,5090,10044,452,15.7
2026-08-21 11:10:31,24260.4,2026-08-25,23800.0,PE,4.95,4.9,4.95,312469,137950,13558,11.28
2026-08-21 11:10:31,24260.4,2026-08-25,23850.0,CE,461.75,461.45,462.85,904,1236,101,14.78
2026-08-21 11:10:31,24260.4,2026-08-25,23850.0,PE,5.85,5.8,5.85,208439,64041,5854,10.7
2026-08-21 11:10:31,24260.4,2026-08-25,23900.0,CE,413.35,412.45,413.7,8811,5285,555,13.5
2026-08-21 11:10:31,24260.4,2026-08-25,23900.0,PE,7.15,7.1,7.15,339053,112992,9361,10.15
2026-08-21 11:10:31,24260.4,2026-08-25,23950.0,CE,364.3,364.6,365.75,6202,3548,299,12.52
2026-08-21 11:10:31,24260.4,2026-08-25,23950.0,PE,9.2,9.15,9.2,246402,61506,12897,9.69
2026-08-21 11:10:31,24260.4,2026-08-25,24000.0,CE,317.3,317.55,318.2,94007,95146,746,11.95
2026-08-21 11:10:31,24260.4,2026-08-25,24000.0,PE,12.35,12.35,12.4,736544,288274,36768,9.32
2026-08-21 11:10:31,24260.4,2026-08-25,24050.0,CE,272.7,272.2,272.85,33033,10208,765,11.32
2026-08-21 11:10:31,24260.4,2026-08-25,24050.0,PE,16.55,16.55,16.6,363502,77495,28933,8.91
2026-08-21 11:10:31,24260.4,2026-08-25,24100.0,CE,228.3,228.4,229.0,217009,54244,7202,10.65
2026-08-21 11:10:31,24260.4,2026-08-25,24100.0,PE,22.65,22.65,22.75,681193,166804,49536,8.56
2026-08-21 11:10:31,24260.4,2026-08-25,24150.0,CE,187.35,187.2,187.65,263991,32018,12752,10.07
2026-08-21 11:10:31,24260.4,2026-08-25,24150.0,PE,31.45,31.35,31.45,655447,131141,59571,8.26
2026-08-21 11:10:31,24260.4,2026-08-25,24200.0,CE,149.75,149.75,150.1,1342693,203758,74395,9.68
2026-08-21 11:10:31,24260.4,2026-08-25,24200.0,PE,43.55,43.55,43.65,2036774,390196,185750,8.0
2026-08-21 11:10:31,24260.4,2026-08-25,24250.0,CE,115.9,115.7,115.9,1506358,155935,91772,9.28
2026-08-21 11:10:31,24260.4,2026-08-25,24250.0,PE,59.65,59.6,59.65,1782255,252903,176326,7.74
2026-08-21 11:10:31,24260.4,2026-08-25,24300.0,CE,86.7,86.5,86.7,1856260,291832,141280,8.98
2026-08-21 11:10:31,24260.4,2026-08-25,24300.0,PE,80.45,80.25,80.45,1586825,254849,139814,7.48
2026-08-21 11:10:31,24260.4,2026-08-25,24350.0,CE,62.45,62.2,62.3,778237,96038,49045,8.77
2026-08-21 11:10:31,24260.4,2026-08-25,24350.0,PE,106.2,106.25,106.55,548824,74113,43433,7.22
2026-08-21 11:10:31,24260.4,2026-08-25,24400.0,CE,43.2,43.2,43.35,869346,187403,60931,8.61
2026-08-21 11:10:31,24260.4,2026-08-25,24400.0,PE,137.3,137.3,137.55,472685,82302,33681,6.89
2026-08-21 11:10:31,24260.4,2026-08-25,24450.0,CE,28.85,28.85,28.9,426182,77481,35482,8.48
2026-08-21 11:10:31,24260.4,2026-08-25,24450.0,PE,173.25,173.05,173.45,110242,20106,11388,6.44
2026-08-21 11:10:31,24260.4,2026-08-25,24500.0,CE,18.8,18.8,18.85,732776,236457,43924,8.46
2026-08-21 11:10:31,24260.4,2026-08-25,24500.0,PE,212.75,212.75,213.3,138885,68209,6624,5.48
2026-08-21 11:10:31,24260.4,2026-08-25,24550.0,CE,12.05,12.05,12.1,359251,72092,25505,8.5
2026-08-21 11:10:31,24260.4,2026-08-25,24550.0,PE,256.5,255.75,256.35,15151,4632,1699,
2026-08-21 11:10:31,24260.4,2026-08-25,24600.0,CE,7.7,7.7,7.75,412132,159442,32801,8.59
2026-08-21 11:10:31,24260.4,2026-08-25,24600.0,PE,301.55,301.5,302.25,24737,15357,746,
2026-08-21 11:10:31,24260.4,2026-08-25,24650.0,CE,5.35,5.3,5.35,212887,64225,19719,8.85
2026-08-21 11:10:31,24260.4,2026-08-25,24650.0,PE,348.9,348.3,349.35,3635,2972,174,
2026-08-21 11:10:31,24260.4,2026-08-25,24700.0,CE,3.65,3.65,3.7,257287,122158,5908,9.16
2026-08-21 11:10:31,24260.4,2026-08-25,24700.0,PE,398.0,396.7,397.45,5467,12928,-393,
2026-08-21 11:10:31,24260.4,2026-08-25,24750.0,CE,2.85,2.85,2.9,157136,43421,11716,9.57
2026-08-21 11:10:31,24260.4,2026-08-25,24750.0,PE,446.25,445.4,447.05,500,1460,-16,
2026-08-21 11:11:31,24262.25,2026-08-25,23750.0,CE,560.0,556.85,559.05,244,723,-27,16.85
2026-08-21 11:11:31,24262.25,2026-08-25,23750.0,PE,4.45,4.4,4.45,173387,43078,8225,11.95
2026-08-21 11:11:31,24262.25,2026-08-25,23800.0,CE,506.5,507.05,508.55,5092,10041,449,15.7
2026-08-21 11:11:31,24262.25,2026-08-25,23800.0,PE,4.95,4.9,4.95,314076,137929,13537,11.28
2026-08-21 11:11:31,24262.25,2026-08-25,23850.0,CE,457.85,459.05,460.4,905,1236,101,14.78
2026-08-21 11:11:31,24262.25,2026-08-25,23850.0,PE,5.9,5.85,5.9,208870,64033,5846,10.7
2026-08-21 11:11:31,24262.25,2026-08-25,23900.0,CE,409.7,410.0,411.25,8828,5288,558,13.5
2026-08-21 11:11:31,24262.25,2026-08-25,23900.0,PE,7.2,7.15,7.2,339696,113106,9475,10.15
2026-08-21 11:11:31,24262.25,2026-08-25,23950.0,CE,362.2,362.05,363.1,6207,3547,298,12.52
2026-08-21 11:11:31,24262.25,2026-08-25,23950.0,PE,9.3,9.25,9.3,246819,61547,12938,9.69
2026-08-21 11:11:31,24262.25,2026-08-25,24000.0,CE,316.15,315.4,316.15,94804,95192,792,11.95
2026-08-21 11:11:31,24262.25,2026-08-25,24000.0,PE,12.55,12.5,12.55,738505,288293,36787,9.32
2026-08-21 11:11:31,24262.25,2026-08-25,24050.0,CE,269.95,270.05,270.7,33190,10217,774,11.32
2026-08-21 11:11:31,24262.25,2026-08-25,24050.0,PE,16.85,16.8,16.85,364522,77546,28984,8.91
2026-08-21 11:11:31,24262.25,2026-08-25,24100.0,CE,226.85,226.35,226.9,217905,54079,7037,10.65
2026-08-21 11:11:31,24262.25,2026-08-25,24100.0,PE,23.0,22.9,23.0,682826,166798,49530,8.56
2026-08-21 11:11:31,24262.25,2026-08-25,24150.0,CE,185.75,185.2,185.65,264972,31802,12536,10.07
2026-08-21 11:11:31,24262.25,2026-08-25,24150.0,PE,31.75,31.75,31.85,657253,131287,59717,8.26
2026-08-21 11:11:31,24262.25,2026-08-25,24200.0,CE,147.85,147.85,148.0,1349406,203221,73858,9.68
2026-08-21 11:11:31,24262.25,2026-08-25,24200.0,PE,44.15,44.05,44.15,2042719,390022,185576,8.0
2026-08-21 11:11:31,24262.25,2026-08-25,24250.0,CE,114.2,114.05,114.25,1514290,156133,91970,9.28
2026-08-21 11:11:31,24262.25,2026-08-25,24250.0,PE,60.45,60.3,60.45,1790843,254225,177648,7.74
2026-08-21 11:11:31,24262.25,2026-08-25,24300.0,CE,85.0,84.95,85.15,1866944,291936,141384,8.98
2026-08-21 11:11:31,24262.25,2026-08-25,24300.0,PE,81.25,81.25,81.4,1595532,255161,140126,7.48
2026-08-21 11:11:31,24262.25,2026-08-25,24350.0,CE,61.0,61.0,61.15,781740,95609,48616,8.77
2026-08-21 11:11:31,24262.25,2026-08-25,24350.0,PE,107.55,107.45,107.6,551726,74236,43556,7.22
2026-08-21 11:11:31,24262.25,2026-08-25,24400.0,CE,42.3,42.2,42.35,874523,187610,61138,8.61
2026-08-21 11:11:31,24262.25,2026-08-25,24400.0,PE,139.0,138.6,138.95,476014,82414,33793,6.89
2026-08-21 11:11:31,24262.25,2026-08-25,24450.0,CE,28.3,28.15,28.2,427875,77537,35538,8.48
2026-08-21 11:11:31,24262.25,2026-08-25,24450.0,PE,174.65,174.65,175.05,110854,20281,11563,6.44
2026-08-21 11:11:31,24262.25,2026-08-25,24500.0,CE,18.25,18.25,18.3,735487,236542,44009,8.46
2026-08-21 11:11:31,24262.25,2026-08-25,24500.0,PE,215.35,215.0,215.3,139597,68346,6761,5.48
2026-08-21 11:11:31,24262.25,2026-08-25,24550.0,CE,11.75,11.7,11.75,361023,72075,25488,8.5
2026-08-21 11:11:31,24262.25,2026-08-25,24550.0,PE,258.3,257.75,258.45,15253,4640,1707,
2026-08-21 11:11:31,24262.25,2026-08-25,24600.0,CE,7.55,7.5,7.55,413335,159356,32715,8.59
2026-08-21 11:11:31,24262.25,2026-08-25,24600.0,PE,304.3,303.6,304.35,24908,15387,776,
2026-08-21 11:11:31,24262.25,2026-08-25,24650.0,CE,5.2,5.2,5.25,213492,64193,19687,8.85
2026-08-21 11:11:31,24262.25,2026-08-25,24650.0,PE,351.25,350.7,351.55,3644,2966,168,
2026-08-21 11:11:31,24262.25,2026-08-25,24700.0,CE,3.6,3.6,3.65,257603,122114,5864,9.16
2026-08-21 11:11:31,24262.25,2026-08-25,24700.0,PE,399.4,399.1,400.35,5485,12921,-400,
2026-08-21 11:11:31,24262.25,2026-08-25,24750.0,CE,2.85,2.8,2.85,157835,43415,11710,9.57
2026-08-21 11:11:31,24262.25,2026-08-25,24750.0,PE,449.85,447.95,449.85,502,1460,-16,
2026-08-21 11:12:31,24258.85,2026-08-25,23750.0,CE,560.0,553.05,555.9,244,723,-27,16.9
2026-08-21 11:12:31,24258.85,2026-08-25,23750.0,PE,4.45,4.4,4.45,173554,43255,8402,12.02
2026-08-21 11:12:31,24258.85,2026-08-25,23800.0,CE,507.0,503.6,505.2,5093,10041,449,15.8
2026-08-21 11:12:31,24258.85,2026-08-25,23800.0,PE,4.95,4.9,4.95,314492,138854,14462,11.32
2026-08-21 11:12:31,24258.85,2026-08-25,23850.0,CE,457.85,455.5,456.9,905,1236,101,14.88
2026-08-21 11:12:31,24258.85,2026-08-25,23850.0,PE,5.9,5.85,5.9,209098,64260,6073,10.72
2026-08-21 11:12:31,24258.85,2026-08-25,23900.0,CE,406.8,406.65,407.75,8851,5298,568,13.95
2026-08-21 11:12:31,24258.85,2026-08-25,23900.0,PE,7.3,7.25,7.3,340074,113150,9519,10.17
2026-08-21 11:12:31,24258.85,2026-08-25,23950.0,CE,360.0,358.8,359.9,6240,3550,301,12.85
2026-08-21 11:12:31,24258.85,2026-08-25,23950.0,PE,9.45,9.4,9.45,247202,61616,13007,9.7
2026-08-21 11:12:31,24258.85,2026-08-25,24000.0,CE,312.05,312.05,312.85,95162,95014,614,12.02
2026-08-21 11:12:31,24258.85,2026-08-25,24000.0,PE,12.8,12.7,12.75,739842,288744,37238,9.31
2026-08-21 11:12:31,24258.85,2026-08-25,24050.0,CE,267.45,266.8,267.4,33329,10222,779,11.43
2026-08-21 11:12:31,24258.85,2026-08-25,24050.0,PE,17.15,17.05,17.15,365611,77742,29180,8.91
2026-08-21 11:12:31,24258.85,2026-08-25,24100.0,CE,223.15,223.2,223.8,219358,53981,6939,10.68
2026-08-21 11:12:31,24258.85,2026-08-25,24100.0,PE,23.45,23.35,23.45,685021,167024,49756,8.55
2026-08-21 11:12:31,24258.85,2026-08-25,24150.0,CE,182.45,182.45,182.9,266386,31650,12384,10.15
2026-08-21 11:12:31,24258.85,2026-08-25,24150.0,PE,32.45,32.35,32.45,659122,131417,59847,8.25
2026-08-21 11:12:31,24258.85,2026-08-25,24200.0,CE,145.1,145.1,145.4,1356580,201708,72345,9.72
2026-08-21 11:12:31,24258.85,2026-08-25,24200.0,PE,45.05,44.9,45.0,2050375,387969,183523,7.98
2026-08-21 11:12:31,24258.85,2026-08-25,24250.0,CE,111.6,111.6,111.85,1524490,155646,91483,9.34
2026-08-21 11:12:31,24258.85,2026-08-25,24250.0,PE,61.65,61.5,61.65,1801657,255145,178568,7.71
2026-08-21 11:12:31,24258.85,2026-08-25,24300.0,CE,83.1,82.95,83.15,1879739,290881,140329,9.04
2026-08-21 11:12:31,24258.85,2026-08-25,24300.0,PE,82.85,82.85,83.0,1607056,254410,139375,7.44
2026-08-21 11:12:31,24258.85,2026-08-25,24350.0,CE,59.45,59.4,59.55,790362,98050,51057,8.79
2026-08-21 11:12:31,24258.85,2026-08-25,24350.0,PE,109.55,109.3,109.6,554946,74239,43559,7.13
2026-08-21 11:12:31,24258.85,2026-08-25,24400.0,CE,41.05,41.05,41.15,880647,188082,61610,8.6
2026-08-21 11:12:31,24258.85,2026-08-25,24400.0,PE,140.9,140.9,141.0,478733,82641,34020,6.79
2026-08-21 11:12:31,24258.85,2026-08-25,24450.0,CE,27.35,27.25,27.35,430163,77823,35824,8.48
2026-08-21 11:12:31,24258.85,2026-08-25,24450.0,PE,177.35,177.3,177.7,111509,19955,11237,6.3
2026-08-21 11:12:31,24258.85,2026-08-25,24500.0,CE,17.8,17.75,17.85,739684,236237,43704,8.43
2026-08-21 11:12:31,24258.85,2026-08-25,24500.0,PE,217.4,217.5,217.95,140504,68322,6737,5.13
2026-08-21 11:12:31,24258.85,2026-08-25,24550.0,CE,11.4,11.4,11.45,363391,72028,25441,8.46
2026-08-21 11:12:31,24258.85,2026-08-25,24550.0,PE,261.0,260.9,261.65,15396,4669,1736,
2026-08-21 11:12:31,24258.85,2026-08-25,24600.0,CE,7.4,7.35,7.4,415160,159769,33128,8.54
2026-08-21 11:12:31,24258.85,2026-08-25,24600.0,PE,307.5,306.8,307.5,25023,15344,733,
2026-08-21 11:12:31,24258.85,2026-08-25,24650.0,CE,5.1,5.1,5.15,214385,64069,19563,8.83
2026-08-21 11:12:31,24258.85,2026-08-25,24650.0,PE,354.5,353.95,354.7,3650,2962,164,
2026-08-21 11:12:31,24258.85,2026-08-25,24700.0,CE,3.6,3.55,3.6,258476,122248,5998,9.07
2026-08-21 11:12:31,24258.85,2026-08-25,24700.0,PE,402.5,402.35,403.65,5514,12914,-407,
2026-08-21 11:12:31,24258.85,2026-08-25,24750.0,CE,2.75,2.75,2.8,158565,43708,12003,9.53
2026-08-21 11:12:31,24258.85,2026-08-25,24750.0,PE,449.9,451.65,452.9,504,1461,-15,
2026-08-21 11:13:31,24263.05,2026-08-25,23750.0,CE,560.0,557.25,559.55,244,723,-27,16.9
2026-08-21 11:13:31,24263.05,2026-08-25,23750.0,PE,4.55,4.5,4.55,175198,43255,8402,12.02
2026-08-21 11:13:31,24263.05,2026-08-25,23800.0,CE,508.9,507.5,508.95,5102,10041,449,15.8
2026-08-21 11:13:31,24263.05,2026-08-25,23800.0,PE,5.05,5.0,5.05,316798,138854,14462,11.32
2026-08-21 11:13:31,24263.05,2026-08-25,23850.0,CE,459.9,458.9,460.4,910,1236,101,14.88
2026-08-21 11:13:31,24263.05,2026-08-25,23850.0,PE,5.95,5.95,6.0,210541,64260,6073,10.72
2026-08-21 11:13:31,24263.05,2026-08-25,23900.0,CE,408.15,410.1,411.4,8852,5300,570,13.95
2026-08-21 11:13:31,24263.05,2026-08-25,23900.0,PE,7.35,7.3,7.35,341489,113150,9519,10.17
2026-08-21 11:13:31,24263.05,2026-08-25,23950.0,CE,362.4,362.2,363.3,6243,3555,306,12.85
2026-08-21 11:13:31,24263.05,2026-08-25,23950.0,PE,9.35,9.35,9.4,247727,61616,13007,9.7
2026-08-21 11:13:31,24263.05,2026-08-25,24000.0,CE,316.0,315.5,316.0,95638,95014,614,12.02
2026-08-21 11:13:31,24263.05,2026-08-25,24000.0,PE,12.6,12.6,12.65,741590,288744,37238,9.31
2026-08-21 11:13:31,24263.05,2026-08-25,24050.0,CE,271.15,270.4,271.0,33446,10221,778,11.43
2026-08-21 11:13:31,24263.05,2026-08-25,24050.0,PE,16.8,16.8,16.9,366976,77742,29180,8.91
2026-08-21 11:13:31,24263.05,2026-08-25,24100.0,CE,226.8,226.1,226.7,220444,53981,6939,10.68
2026-08-21 11:13:31,24263.05,2026-08-25,24100.0,PE,23.0,23.0,23.1,687139,167024,49756,8.55
2026-08-21 11:13:31,24263.05,2026-08-25,24150.0,CE,185.15,185.2,185.65,267351,31650,12384,10.15
2026-08-21 11:13:31,24263.05,2026-08-25,24150.0,PE,31.75,31.7,31.8,660622,131417,59847,8.25
2026-08-21 11:13:31,24263.05,2026-08-25,24200.0,CE,147.65,147.6,147.9,1361553,201708,72345,9.72
2026-08-21 11:13:31,24263.05,2026-08-25,24200.0,PE,44.2,44.1,44.2,2055470,387969,183523,7.98
2026-08-21 11:13:31,24263.05,2026-08-25,24250.0,CE,113.85,113.85,114.15,1530177,155646,91483,9.34
2026-08-21 11:13:31,24263.05,2026-08-25,24250.0,PE,60.25,60.2,60.3,1807526,255145,178568,7.71
2026-08-21 11:13:31,24263.05,2026-08-25,24300.0,CE,84.75,84.65,84.85,1887182,290881,140329,9.04
2026-08-21 11:13:31,24263.05,2026-08-25,24300.0,PE,81.25,81.15,81.3,1614534,254410,139375,7.44
2026-08-21 11:13:31,24263.05,2026-08-25,24350.0,CE,60.9,60.9,61.05,795196,98050,51057,8.79
2026-08-21 11:13:31,24263.05,2026-08-25,24350.0,PE,107.1,107.1,107.3,557088,74239,43559,7.13
2026-08-21 11:13:31,24263.05,2026-08-25,24400.0,CE,42.1,42.05,42.15,883694,188082,61610,8.6
2026-08-21 11:13:31,24263.05,2026-08-25,24400.0,PE,138.2,138.3,138.5,480739,82641,34020,6.79
2026-08-21 11:13:31,24263.05,2026-08-25,24450.0,CE,27.95,27.9,27.95,431783,77823,35824,8.48
2026-08-21 11:13:31,24263.05,2026-08-25,24450.0,PE,174.5,174.75,174.85,111970,19955,11237,6.3
2026-08-21 11:13:31,24263.05,2026-08-25,24500.0,CE,18.1,18.1,18.2,741974,236237,43704,8.43
2026-08-21 11:13:31,24263.05,2026-08-25,24500.0,PE,214.55,214.6,215.0,141294,68322,6737,5.13
2026-08-21 11:13:31,24263.05,2026-08-25,24550.0,CE,11.6,11.55,11.65,365484,72028,25441,8.46
2026-08-21 11:13:31,24263.05,2026-08-25,24550.0,PE,257.6,257.85,258.5,15443,4669,1736,
2026-08-21 11:13:31,24263.05,2026-08-25,24600.0,CE,7.5,7.45,7.5,415783,159769,33128,8.54
2026-08-21 11:13:31,24263.05,2026-08-25,24600.0,PE,303.3,303.35,304.0,25069,15344,733,
2026-08-21 11:13:31,24263.05,2026-08-25,24650.0,CE,5.2,5.15,5.2,215006,64069,19563,8.83
2026-08-21 11:13:31,24263.05,2026-08-25,24650.0,PE,351.5,350.45,351.55,3652,2962,164,
2026-08-21 11:13:31,24263.05,2026-08-25,24700.0,CE,3.6,3.6,3.65,258817,122248,5998,9.07
2026-08-21 11:13:31,24263.05,2026-08-25,24700.0,PE,398.75,398.8,399.95,5529,12914,-407,
2026-08-21 11:13:31,24263.05,2026-08-25,24750.0,CE,2.8,2.8,2.85,159042,43708,12003,9.53
2026-08-21 11:13:31,24263.05,2026-08-25,24750.0,PE,449.3,447.9,449.35,506,1460,-16,
2026-08-21 11:14:32,24262.4,2026-08-25,23750.0,CE,560.0,558.25,560.55,244,723,-27,16.9
2026-08-21 11:14:32,24262.4,2026-08-25,23750.0,PE,4.55,4.5,4.55,175304,43533,8680,12.02
2026-08-21 11:14:32,24262.4,2026-08-25,23800.0,CE,508.9,508.9,510.0,5104,10044,452,15.8
2026-08-21 11:14:32,24262.4,2026-08-25,23800.0,PE,5.0,5.0,5.05,317220,139224,14832,11.32
2026-08-21 11:14:32,24262.4,2026-08-25,23850.0,CE,460.5,460.2,461.85,914,1239,104,14.88
2026-08-21 11:14:32,24262.4,2026-08-25,23850.0,PE,5.95,5.95,6.0,210904,64543,6356,10.72
2026-08-21 11:14:32,24262.4,2026-08-25,23900.0,CE,412.45,411.5,412.6,8858,5302,572,13.95
2026-08-21 11:14:32,24262.4,2026-08-25,23900.0,PE,7.3,7.25,7.3,341709,113530,9899,10.17
2026-08-21 11:14:32,24262.4,2026-08-25,23950.0,CE,364.0,363.5,364.0,6246,3556,307,12.85
2026-08-21 11:14:32,24262.4,2026-08-25,23950.0,PE,9.35,9.3,9.35,247893,61713,13104,9.7
2026-08-21 11:14:32,24262.4,2026-08-25,24000.0,CE,317.3,316.6,317.4,95768,94983,583,12.02
2026-08-21 11:14:32,24262.4,2026-08-25,24000.0,PE,12.6,12.5,12.55,742084,288858,37352,9.31
2026-08-21 11:14:32,24262.4,2026-08-25,24050.0,CE,272.0,271.45,272.0,33488,10241,798,11.43
2026-08-21 11:14:32,24262.4,2026-08-25,24050.0,PE,16.75,16.7,16.75,367308,77568,29006,8.91
2026-08-21 11:14:32,24262.4,2026-08-25,24100.0,CE,228.0,227.55,228.0,220787,53971,6929,10.68
2026-08-21 11:14:32,24262.4,2026-08-25,24100.0,PE,22.8,22.8,22.9,687905,167384,50116,8.55
2026-08-21 11:14:32,24262.4,2026-08-25,24150.0,CE,186.95,186.6,187.0,267933,31720,12454,10.15
2026-08-21 11:14:32,24262.4,2026-08-25,24150.0,PE,31.5,31.5,31.55,661285,131716,60146,8.25
2026-08-21 11:14:32,24262.4,2026-08-25,24200.0,CE,149.0,148.8,149.0,1364317,203281,73918,9.72
2026-08-21 11:14:32,24262.4,2026-08-25,24200.0,PE,43.75,43.7,43.8,2057671,388655,184209,7.98
2026-08-21 11:14:32,24262.4,2026-08-25,24250.0,CE,114.8,114.7,115.0,1533946,156415,92252,9.34
2026-08-21 11:14:32,24262.4,2026-08-25,24250.0,PE,59.75,59.75,59.85,1811767,256746,180169,7.71
2026-08-21 11:14:32,24262.4,2026-08-25,24300.0,CE,85.45,85.5,85.65,1892832,292488,141936,9.04
2026-08-21 11:14:32,24262.4,2026-08-25,24300.0,PE,80.55,80.55,80.6,1618116,254380,139345,7.44
2026-08-21 11:14:32,24262.4,2026-08-25,24350.0,CE,61.35,61.35,61.5,797328,97857,50864,8.79
2026-08-21 11:14:32,24262.4,2026-08-25,24350.0,PE,106.65,106.5,106.65,558167,73747,43067,7.13
2026-08-21 11:14:32,24262.4,2026-08-25,24400.0,CE,42.5,42.45,42.55,885928,188299,61827,8.6
2026-08-21 11:14:32,24262.4,2026-08-25,24400.0,PE,137.6,137.7,137.8,481767,82798,34177,6.79
2026-08-21 11:14:32,24262.4,2026-08-25,24450.0,CE,28.3,28.25,28.35,432677,77721,35722,8.48
2026-08-21 11:14:32,24262.4,2026-08-25,24450.0,PE,174.05,173.4,173.8,112128,20138,11420,6.3
2026-08-21 11:14:32,24262.4,2026-08-25,24500.0,CE,18.45,18.4,18.45,743551,236324,43791,8.43
2026-08-21 11:14:32,24262.4,2026-08-25,24500.0,PE,213.75,213.5,213.85,141528,68179,6594,5.13
2026-08-21 11:14:32,24262.4,2026-08-25,24550.0,CE,11.75,11.75,11.8,366217,72674,26087,8.46
2026-08-21 11:14:32,24262.4,2026-08-25,24550.0,PE,256.5,256.5,257.2,15476,4673,1740,
2026-08-21 11:14:32,24262.4,2026-08-25,24600.0,CE,7.55,7.55,7.6,416262,159857,33216,8.54
2026-08-21 11:14:32,24262.4,2026-08-25,24600.0,PE,303.15,302.3,302.95,25106,15366,755,
2026-08-21 11:14:32,24262.4,2026-08-25,24650.0,CE,5.2,5.2,5.25,215205,64094,19588,8.83
2026-08-21 11:14:32,24262.4,2026-08-25,24650.0,PE,351.45,349.3,350.2,3655,2961,163,
2026-08-21 11:14:32,24262.4,2026-08-25,24700.0,CE,3.6,3.6,3.65,258917,122145,5895,9.07
2026-08-21 11:14:32,24262.4,2026-08-25,24700.0,PE,398.0,397.6,398.65,5537,12920,-401,
2026-08-21 11:14:32,24262.4,2026-08-25,24750.0,CE,2.8,2.8,2.85,159168,43661,11956,9.53
2026-08-21 11:14:32,24262.4,2026-08-25,24750.0,PE,447.95,446.75,448.1,508,1460,-16,
2026-08-21 11:15:32,24262.8,2026-08-25,23750.0,CE,560.0,558.65,561.05,244,723,-27,16.9
2026-08-21 11:15:32,24262.8,2026-08-25,23750.0,PE,4.5,4.45,4.5,175737,43917,9064,12.02
2026-08-21 11:15:32,24262.8,2026-08-25,23800.0,CE,510.25,509.4,510.9,5106,10043,451,15.8
2026-08-21 11:15:32,24262.8,2026-08-25,23800.0,PE,5.0,4.95,5.0,318019,139201,14809,11.32
2026-08-21 11:15:32,24262.8,2026-08-25,23850.0,CE,460.5,460.75,462.35,914,1239,104,14.88
2026-08-21 11:15:32,24262.8,2026-08-25,23850.0,PE,5.9,5.85,5.9,211237,64691,6504,10.72
2026-08-21 11:15:32,24262.8,2026-08-25,23900.0,CE,412.85,411.95,413.0,8867,5305,575,13.95
2026-08-21 11:15:32,24262.8,2026-08-25,23900.0,PE,7.25,7.2,7.25,342042,113540,9909,10.17
2026-08-21 11:15:32,24262.8,2026-08-25,23950.0,CE,363.75,364.2,365.0,6250,3555,306,12.85
2026-08-21 11:15:32,24262.8,2026-08-25,23950.0,PE,9.25,9.25,9.3,248218,61697,13088,9.7
2026-08-21 11:15:32,24262.8,2026-08-25,24000.0,CE,316.85,317.3,318.0,96259,94979,579,12.02
2026-08-21 11:15:32,24262.8,2026-08-25,24000.0,PE,12.5,12.4,12.45,744772,288629,37123,9.31
2026-08-21 11:15:32,24262.8,2026-08-25,24050.0,CE,272.0,271.95,272.55,33545,10231,788,11.43
2026-08-21 11:15:32,24262.8,2026-08-25,24050.0,PE,16.7,16.6,16.65,368208,77394,28832,8.91
2026-08-21 11:15:32,24262.8,2026-08-25,24100.0,CE,228.5,228.05,228.5,221232,53866,6824,10.68
2026-08-21 11:15:32,24262.8,2026-08-25,24100.0,PE,22.8,22.7,22.75,689418,167703,50435,8.55
2026-08-21 11:15:32,24262.8,2026-08-25,24150.0,CE,186.65,187.1,187.3,268615,31880,12614,10.15
2026-08-21 11:15:32,24262.8,2026-08-25,24150.0,PE,31.45,31.35,31.45,663099,132000,60430,8.25
2026-08-21 11:15:32,24262.8,2026-08-25,24200.0,CE,149.35,149.35,149.6,1368238,203275,73912,9.72
2026-08-21 11:15:32,24262.8,2026-08-25,24200.0,PE,43.6,43.5,43.6,2061846,388985,184539,7.98
2026-08-21 11:15:32,24262.8,2026-08-25,24250.0,CE,115.35,115.1,115.35,1539433,156270,92107,9.34
2026-08-21 11:15:32,24262.8,2026-08-25,24250.0,PE,59.65,59.65,59.75,1816283,257105,180528,7.71
2026-08-21 11:15:32,24262.8,2026-08-25,24300.0,CE,86.0,85.9,86.0,1899859,292727,142175,9.04
2026-08-21 11:15:32,24262.8,2026-08-25,24300.0,PE,80.4,80.2,80.4,1622992,254245,139210,7.44
2026-08-21 11:15:32,24262.8,2026-08-25,24350.0,CE,61.75,61.65,61.75,800519,98570,51577,8.79
2026-08-21 11:15:32,24262.8,2026-08-25,24350.0,PE,106.2,106.0,106.3,559600,73709,43029,7.13
2026-08-21 11:15:32,24262.8,2026-08-25,24400.0,CE,42.8,42.7,42.8,888931,188602,62130,8.6
2026-08-21 11:15:32,24262.8,2026-08-25,24400.0,PE,137.05,137.05,137.25,482919,82884,34263,6.79
2026-08-21 11:15:32,24262.8,2026-08-25,24450.0,CE,28.5,28.4,28.5,434024,77961,35962,8.48
2026-08-21 11:15:32,24262.8,2026-08-25,24450.0,PE,173.6,173.05,173.2,112472,20147,11429,6.3
2026-08-21 11:15:32,24262.8,2026-08-25,24500.0,CE,18.5,18.45,18.5,745662,236364,43831,8.43
2026-08-21 11:15:32,24262.8,2026-08-25,24500.0,PE,213.3,213.0,213.25,141937,68210,6625,5.13
2026-08-21 11:15:32,24262.8,2026-08-25,24550.0,CE,11.8,11.8,11.85,367487,72959,26372,8.46
2026-08-21 11:15:32,24262.8,2026-08-25,24550.0,PE,256.25,255.75,256.4,15535,4662,1729,
2026-08-21 11:15:32,24262.8,2026-08-25,24600.0,CE,7.55,7.55,7.6,417136,159896,33255,8.54
2026-08-21 11:15:32,24262.8,2026-08-25,24600.0,PE,302.55,302.0,302.4,25148,15366,755,
2026-08-21 11:15:32,24262.8,2026-08-25,24650.0,CE,5.2,5.2,5.25,215432,64028,19522,8.83
2026-08-21 11:15:32,24262.8,2026-08-25,24650.0,PE,349.15,348.6,349.6,3661,2959,161,
2026-08-21 11:15:32,24262.8,2026-08-25,24700.0,CE,3.65,3.6,3.65,259337,122171,5921,9.07
2026-08-21 11:15:32,24262.8,2026-08-25,24700.0,PE,398.4,396.95,398.15,5550,12925,-396,
2026-08-21 11:15:32,24262.8,2026-08-25,24750.0,CE,2.8,2.8,2.85,159596,43460,11755,9.53
2026-08-21 11:15:32,24262.8,2026-08-25,24750.0,PE,447.95,446.15,447.8,508,1460,-16,
2026-08-21 11:16:32,24265.3,2026-08-25,23750.0,CE,560.0,558.9,561.1,244,723,-27,16.9
2026-08-21 11:16:32,24265.3,2026-08-25,23750.0,PE,4.45,4.45,4.5,175787,43934,9081,12.02
2026-08-21 11:16:32,24265.3,2026-08-25,23800.0,CE,510.25,509.35,510.85,5106,10043,451,15.8
2026-08-21 11:16:32,24265.3,2026-08-25,23800.0,PE,5.0,4.95,5.0,318181,139260,14868,11.32
2026-08-21 11:16:32,24265.3,2026-08-25,23850.0,CE,462.5,461.25,462.35,921,1242,107,14.88
2026-08-21 11:16:32,24265.3,2026-08-25,23850.0,PE,5.9,5.85,5.9,211467,64665,6478,10.72
2026-08-21 11:16:32,24265.3,2026-08-25,23900.0,CE,412.05,412.2,413.35,8870,5306,576,13.95
2026-08-21 11:16:32,24265.3,2026-08-25,23900.0,PE,7.2,7.2,7.25,342484,113568,9937,10.17
2026-08-21 11:16:32,24265.3,2026-08-25,23950.0,CE,363.75,364.2,365.0,6250,3555,306,12.85
2026-08-21 11:16:32,24265.3,2026-08-25,23950.0,PE,9.25,9.25,9.3,248394,61649,13040,9.7
2026-08-21 11:16:32,24265.3,2026-08-25,24000.0,CE,318.15,317.55,318.25,96325,95060,660,12.02
2026-08-21 11:16:32,24265.3,2026-08-25,24000.0,PE,12.45,12.45,12.5,745067,288785,37279,9.31
2026-08-21 11:16:32,24265.3,2026-08-25,24050.0,CE,272.65,272.0,272.5,33603,10219,776,11.43
2026-08-21 11:16:32,24265.3,2026-08-25,24050.0,PE,16.75,16.65,16.7,368406,77428,28866,8.91
2026-08-21 11:16:32,24265.3,2026-08-25,24100.0,CE,228.6,228.15,228.65,221806,53997,6955,10.68
2026-08-21 11:16:32,24265.3,2026-08-25,24100.0,PE,22.85,22.8,22.85,689761,167647,50379,8.55
2026-08-21 11:16:32,24265.3,2026-08-25,24150.0,CE,187.1,187.1,187.55,269188,32004,12738,10.15
2026-08-21 11:16:32,24265.3,2026-08-25,24150.0,PE,31.6,31.5,31.55,663343,132003,60433,8.25
2026-08-21 11:16:32,24265.3,2026-08-25,24200.0,CE,149.3,149.3,149.6,1369216,203010,73647,9.72
2026-08-21 11:16:32,24265.3,2026-08-25,24200.0,PE,43.75,43.7,43.75,2062812,389814,185368,7.98
2026-08-21 11:16:32,24265.3,2026-08-25,24250.0,CE,115.5,115.25,115.5,1541988,155473,91310,9.34
2026-08-21 11:16:32,24265.3,2026-08-25,24250.0,PE,59.7,59.7,59.85,1817673,258239,181662,7.71
2026-08-21 11:16:32,24265.3,2026-08-25,24300.0,CE,86.0,85.95,86.2,1903173,293414,142862,9.04
2026-08-21 11:16:32,24265.3,2026-08-25,24300.0,PE,80.3,80.3,80.5,1624552,255560,140525,7.44
2026-08-21 11:16:32,24265.3,2026-08-25,24350.0,CE,61.85,61.75,61.85,801480,98759,51766,8.79
2026-08-21 11:16:32,24265.3,2026-08-25,24350.0,PE,106.15,106.15,106.35,560131,74008,43328,7.13
2026-08-21 11:16:32,24265.3,2026-08-25,24400.0,CE,42.85,42.75,42.85,890617,188480,62008,8.6
2026-08-21 11:16:32,24265.3,2026-08-25,24400.0,PE,137.45,137.15,137.5,483199,83136,34515,6.79
2026-08-21 11:16:32,24265.3,2026-08-25,24450.0,CE,28.45,28.45,28.55,434349,78052,36053,8.48
2026-08-21 11:16:32,24265.3,2026-08-25,24450.0,PE,173.45,173.2,173.45,112577,20289,11571,6.3
2026-08-21 11:16:32,24265.3,2026-08-25,24500.0,CE,18.6,18.5,18.6,746661,236796,44263,8.43
2026-08-21 11:16:32,24265.3,2026-08-25,24500.0,PE,213.3,212.9,213.4,141977,68269,6684,5.13
2026-08-21 11:16:32,24265.3,2026-08-25,24550.0,CE,11.9,11.85,11.9,367733,73399,26812,8.46
2026-08-21 11:16:32,24265.3,2026-08-25,24550.0,PE,256.95,255.95,256.5,15558,4628,1695,
2026-08-21 11:16:32,24265.3,2026-08-25,24600.0,CE,7.6,7.6,7.65,417390,159961,33320,8.54
2026-08-21 11:16:32,24265.3,2026-08-25,24600.0,PE,302.0,302.0,302.45,25166,15366,755,
2026-08-21 11:16:32,24265.3,2026-08-25,24650.0,CE,5.2,5.2,5.25,215456,64016,19510,8.83
2026-08-21 11:16:32,24265.3,2026-08-25,24650.0,PE,350.1,348.7,349.6,3662,2959,161,
2026-08-21 11:16:32,24265.3,2026-08-25,24700.0,CE,3.6,3.6,3.65,259487,122133,5883,9.07
2026-08-21 11:16:32,24265.3,2026-08-25,24700.0,PE,397.2,397.05,398.25,5558,12919,-402,
2026-08-21 11:16:32,24265.3,2026-08-25,24750.0,CE,2.8,2.8,2.85,159658,43453,11748,9.53
2026-08-21 11:16:32,24265.3,2026-08-25,24750.0,PE,447.95,446.05,447.55,509,1460,-16,
2026-08-21 11:17:32,24262.6,2026-08-25,23750.0,CE,560.0,557.65,559.75,244,723,-27,16.9
2026-08-21 11:17:32,24262.6,2026-08-25,23750.0,PE,4.5,4.45,4.5,175961,43893,9040,12.02
2026-08-21 11:17:32,24262.6,2026-08-25,23800.0,CE,507.6,508.25,509.55,5109,10042,450,15.8
2026-08-21 11:17:32,24262.6,2026-08-25,23800.0,PE,5.0,4.95,5.0,318522,139462,15070,11.32
2026-08-21 11:17:32,24262.6,2026-08-25,23850.0,CE,462.5,459.85,461.3,921,1248,113,14.88
2026-08-21 11:17:32,24262.6,2026-08-25,23850.0,PE,5.9,5.85,5.9,211672,64466,6279,10.72
2026-08-21 11:17:32,24262.6,2026-08-25,23900.0,CE,412.0,411.1,412.2,8912,5310,580,13.95
2026-08-21 11:17:32,24262.6,2026-08-25,23900.0,PE,7.25,7.2,7.25,342975,113641,10010,10.17
2026-08-21 11:17:32,24262.6,2026-08-25,23950.0,CE,364.05,363.15,364.15,6258,3554,305,12.85
2026-08-21 11:17:32,24262.6,2026-08-25,23950.0,PE,9.3,9.3,9.35,248671,61664,13055,9.7
2026-08-21 11:17:32,24262.6,2026-08-25,24000.0,CE,316.95,316.35,317.15,96630,95103,703,12.02
2026-08-21 11:17:32,24262.6,2026-08-25,24000.0,PE,12.55,12.5,12.55,746460,288764,37258,9.31
2026-08-21 11:17:32,24262.6,2026-08-25,24050.0,CE,270.95,270.7,271.35,33795,10217,774,11.43
2026-08-21 11:17:32,24262.6,2026-08-25,24050.0,PE,16.7,16.75,16.8,369309,77465,28903,8.91
2026-08-21 11:17:32,24262.6,2026-08-25,24100.0,CE,226.8,226.8,227.4,222713,53852,6810,10.68
2026-08-21 11:17:32,24262.6,2026-08-25,24100.0,PE,22.95,22.9,22.95,691411,167390,50122,8.55
2026-08-21 11:17:32,24262.6,2026-08-25,24150.0,CE,186.15,186.15,186.6,271072,32624,13358,10.15
2026-08-21 11:17:32,24262.6,2026-08-25,24150.0,PE,31.75,31.65,31.75,664920,132143,60573,8.25
2026-08-21 11:17:32,24262.6,2026-08-25,24200.0,CE,148.6,148.15,148.5,1375027,202569,73206,9.72
2026-08-21 11:17:32,24262.6,2026-08-25,24200.0,PE,44.0,43.95,44.0,2067702,390127,185681,7.98
2026-08-21 11:17:32,24262.6,2026-08-25,24250.0,CE,114.55,114.45,114.75,1549831,155459,91296,9.34
2026-08-21 11:17:32,24262.6,2026-08-25,24250.0,PE,60.0,60.0,60.15,1823548,259883,183306,7.71
2026-08-21 11:17:32,24262.6,2026-08-25,24300.0,CE,85.4,85.25,85.45,1914153,295494,144942,9.04
2026-08-21 11:17:32,24262.6,2026-08-25,24300.0,PE,81.05,80.9,81.1,1632266,258211,143176,7.44
2026-08-21 11:17:32,24262.6,2026-08-25,24350.0,CE,61.15,61.15,61.3,805519,98492,51499,8.79
2026-08-21 11:17:32,24262.6,2026-08-25,24350.0,PE,106.75,106.75,107.0,561854,74859,44179,7.13
2026-08-21 11:17:32,24262.6,2026-08-25,24400.0,CE,42.4,42.35,42.45,894863,188234,61762,8.6
2026-08-21 11:17:32,24262.6,2026-08-25,24400.0,PE,138.3,138.2,138.5,484512,83721,35100,6.79
2026-08-21 11:17:32,24262.6,2026-08-25,24450.0,CE,28.2,28.2,28.3,436492,77995,35996,8.48
2026-08-21 11:17:32,24262.6,2026-08-25,24450.0,PE,174.1,174.1,174.5,112918,20513,11795,6.3
2026-08-21 11:17:32,24262.6,2026-08-25,24500.0,CE,18.4,18.4,18.45,749702,236782,44249,8.43
2026-08-21 11:17:32,24262.6,2026-08-25,24500.0,PE,214.0,214.0,214.35,142426,68343,6758,5.13
2026-08-21 11:17:32,24262.6,2026-08-25,24550.0,CE,11.8,11.75,11.8,370696,74050,27463,8.46
2026-08-21 11:17:32,24262.6,2026-08-25,24550.0,PE,257.2,257.1,257.8,15657,4612,1679,
2026-08-21 11:17:32,24262.6,2026-08-25,24600.0,CE,7.6,7.55,7.6,418988,160147,33506,8.54
2026-08-21 11:17:32,24262.6,2026-08-25,24600.0,PE,302.85,302.65,303.5,25325,15372,761,
2026-08-21 11:17:32,24262.6,2026-08-25,24650.0,CE,5.25,5.2,5.25,216324,64020,19514,8.83
2026-08-21 11:17:32,24262.6,2026-08-25,24650.0,PE,349.9,349.75,350.7,3685,2961,163,
2026-08-21 11:17:32,24262.6,2026-08-25,24700.0,CE,3.7,3.65,3.7,261381,122611,6361,9.07
2026-08-21 11:17:32,24262.6,2026-08-25,24700.0,PE,399.65,398.05,399.25,5578,12910,-411,
2026-08-21 11:17:32,24262.6,2026-08-25,24750.0,CE,2.85,2.8,2.85,160366,43210,11505,9.53
2026-08-21 11:17:32,24262.6,2026-08-25,24750.0,PE,447.95,447.25,448.7,509,1460,-16,
2026-08-21 11:18:33,24256.0,2026-08-25,23750.0,CE,560.0,556.95,559.1,244,723,-27,16.9
2026-08-21 11:18:33,24256.0,2026-08-25,23750.0,PE,4.7,4.65,4.7,177908,43893,9040,12.02
2026-08-21 11:18:33,24256.0,2026-08-25,23800.0,CE,507.6,507.5,508.95,5109,10042,450,15.8
2026-08-21 11:18:33,24256.0,2026-08-25,23800.0,PE,5.2,5.15,5.2,320920,139462,15070,11.32
2026-08-21 11:18:33,24256.0,2026-08-25,23850.0,CE,460.7,459.15,460.6,922,1248,113,14.88
2026-08-21 11:18:33,24256.0,2026-08-25,23850.0,PE,6.05,6.05,6.1,212564,64466,6279,10.72
2026-08-21 11:18:33,24256.0,2026-08-25,23900.0,CE,411.0,410.4,411.5,8923,5310,580,13.95
2026-08-21 11:18:33,24256.0,2026-08-25,23900.0,PE,7.4,7.4,7.45,343407,113641,10010,10.17
2026-08-21 11:18:33,24256.0,2026-08-25,23950.0,CE,363.9,362.45,363.55,6259,3555,306,12.85
2026-08-21 11:18:33,24256.0,2026-08-25,23950.0,PE,9.5,9.5,9.55,248985,61664,13055,9.7
2026-08-21 11:18:33,24256.0,2026-08-25,24000.0,CE,315.85,315.85,316.6,96730,95103,703,12.02
2026-08-21 11:18:33,24256.0,2026-08-25,24000.0,PE,12.7,12.7,12.75,747721,288764,37258,9.31
2026-08-21 11:18:33,24256.0,2026-08-25,24050.0,CE,270.85,270.4,271.1,33842,10217,774,11.43
2026-08-21 11:18:33,24256.0,2026-08-25,24050.0,PE,17.0,16.95,17.05,369947,77465,28903,8.91
2026-08-21 11:18:33,24256.0,2026-08-25,24100.0,CE,227.15,226.5,227.05,223275,53852,6810,10.68
2026-08-21 11:18:33,24256.0,2026-08-25,24100.0,PE,23.2,23.1,23.2,692265,167390,50122,8.55
2026-08-21 11:18:33,24256.0,2026-08-25,24150.0,CE,185.95,185.55,186.0,271956,32624,13358,10.15
2026-08-21 11:18:33,24256.0,2026-08-25,24150.0,PE,32.0,31.9,32.0,666228,132143,60573,8.25
2026-08-21 11:18:33,24256.0,2026-08-25,24200.0,CE,148.2,148.0,148.35,1376947,202569,73206,9.72
2026-08-21 11:18:33,24256.0,2026-08-25,24200.0,PE,44.25,44.15,44.25,2069939,390127,185681,7.98
2026-08-21 11:18:33,24256.0,2026-08-25,24250.0,CE,114.3,114.1,114.35,1552598,155459,91296,9.34
2026-08-21 11:18:33,24256.0,2026-08-25,24250.0,PE,60.5,60.4,60.5,1827068,259883,183306,7.71
2026-08-21 11:18:33,24256.0,2026-08-25,24300.0,CE,85.1,85.1,85.15,1919246,295494,144942,9.04
2026-08-21 11:18:33,24256.0,2026-08-25,24300.0,PE,81.45,81.25,81.45,1635928,258211,143176,7.44
2026-08-21 11:18:33,24256.0,2026-08-25,24350.0,CE,61.05,60.95,61.05,807525,98492,51499,8.79
2026-08-21 11:18:33,24256.0,2026-08-25,24350.0,PE,107.25,107.3,107.55,562753,74859,44179,7.13
2026-08-21 11:18:33,24256.0,2026-08-25,24400.0,CE,42.1,42.15,42.25,897152,188234,61762,8.6
2026-08-21 11:18:33,24256.0,2026-08-25,24400.0,PE,138.75,138.45,138.75,485299,83721,35100,6.79
2026-08-21 11:18:33,24256.0,2026-08-25,24450.0,CE,28.0,28.0,28.05,437262,77995,35996,8.48
2026-08-21 11:18:33,24256.0,2026-08-25,24450.0,PE,175.0,174.55,174.95,113248,20513,11795,6.3
2026-08-21 11:18:33,24256.0,2026-08-25,24500.0,CE,18.15,18.15,18.2,751425,236782,44249,8.43
2026-08-21 11:18:33,24256.0,2026-08-25,24500.0,PE,215.2,214.55,214.95,142760,68343,6758,5.13
2026-08-21 11:18:33,24256.0,2026-08-25,24550.0,CE,11.6,11.6,11.65,371228,74050,27463,8.46
2026-08-21 11:18:33,24256.0,2026-08-25,24550.0,PE,256.4,257.7,258.35,15659,4613,1680,
2026-08-21 11:18:33,24256.0,2026-08-25,24600.0,CE,7.4,7.4,7.45,420109,160147,33506,8.54
2026-08-21 11:18:33,24256.0,2026-08-25,24600.0,PE,303.3,303.6,304.25,25388,15372,761,
2026-08-21 11:18:33,24256.0,2026-08-25,24650.0,CE,5.15,5.15,5.2,216968,64020,19514,8.83
2026-08-21 11:18:33,24256.0,2026-08-25,24650.0,PE,350.75,350.65,351.4,3690,2961,163,
2026-08-21 11:18:33,24256.0,2026-08-25,24700.0,CE,3.65,3.6,3.65,261626,122611,6361,9.07
2026-08-21 11:18:33,24256.0,2026-08-25,24700.0,PE,398.15,398.85,400.0,5587,12910,-411,
2026-08-21 11:18:33,24256.0,2026-08-25,24750.0,CE,2.75,2.75,2.8,160567,43210,11505,9.53
2026-08-21 11:18:33,24256.0,2026-08-25,24750.0,PE,448.05,448.15,449.55,510,1460,-16,
2026-08-21 11:19:33,24254.55,2026-08-25,23750.0,CE,560.0,553.8,555.5,244,723,-27,16.9
2026-08-21 11:19:33,24254.55,2026-08-25,23750.0,PE,4.55,4.55,4.6,178775,44358,9505,12.02
2026-08-21 11:19:33,24254.55,2026-08-25,23800.0,CE,505.8,503.85,505.6,5129,10044,452,15.8
2026-08-21 11:19:33,24254.55,2026-08-25,23800.0,PE,5.15,5.1,5.15,322596,139498,15106,11.32
2026-08-21 11:19:33,24254.55,2026-08-25,23850.0,CE,459.75,455.9,457.15,936,1248,113,14.88
2026-08-21 11:19:33,24254.55,2026-08-25,23850.0,PE,6.05,6.0,6.05,213176,64679,6492,10.72
2026-08-21 11:19:33,24254.55,2026-08-25,23900.0,CE,407.4,406.75,407.95,8934,5311,581,13.95
2026-08-21 11:19:33,24254.55,2026-08-25,23900.0,PE,7.35,7.35,7.4,346438,113586,9955,10.17
2026-08-21 11:19:33,24254.55,2026-08-25,23950.0,CE,359.35,358.8,359.95,6268,3555,306,12.85
2026-08-21 11:19:33,24254.55,2026-08-25,23950.0,PE,9.5,9.5,9.55,249540,61736,13127,9.7
2026-08-21 11:19:33,24254.55,2026-08-25,24000.0,CE,312.95,312.15,312.9,97137,95097,697,12.02
2026-08-21 11:19:33,24254.55,2026-08-25,24000.0,PE,12.85,12.85,12.9,751064,288090,36584,9.31
2026-08-21 11:19:33,24254.55,2026-08-25,24050.0,CE,267.55,266.8,267.4,33973,10222,779,11.43
2026-08-21 11:19:33,24254.55,2026-08-25,24050.0,PE,17.15,17.15,17.2,371738,76896,28334,8.91
2026-08-21 11:19:33,24254.55,2026-08-25,24100.0,CE,223.7,223.2,223.7,224259,53866,6824,10.68
2026-08-21 11:19:33,24254.55,2026-08-25,24100.0,PE,23.55,23.45,23.55,695503,167333,50065,8.55
2026-08-21 11:19:33,24254.55,2026-08-25,24150.0,CE,182.9,182.5,182.9,273670,32586,13320,10.15
2026-08-21 11:19:33,24254.55,2026-08-25,24150.0,PE,32.4,32.4,32.45,669249,132005,60435,8.25
2026-08-21 11:19:33,24254.55,2026-08-25,24200.0,CE,145.4,145.05,145.4,1383785,202853,73490,9.72
2026-08-21 11:19:33,24254.55,2026-08-25,24200.0,PE,45.15,45.0,45.1,2078894,390223,185777,7.98
2026-08-21 11:19:33,24254.55,2026-08-25,24250.0,CE,111.75,111.5,111.75,1561812,155582,91419,9.34
2026-08-21 11:19:33,24254.55,2026-08-25,24250.0,PE,61.7,61.6,61.75,1837424,258711,182134,7.71
2026-08-21 11:19:33,24254.55,2026-08-25,24300.0,CE,83.15,83.0,83.15,1931055,297039,146487,9.04
2026-08-21 11:19:33,24254.55,2026-08-25,24300.0,PE,83.0,82.85,83.0,1647756,258055,143020,7.44
2026-08-21 11:19:33,24254.55,2026-08-25,24350.0,CE,59.45,59.3,59.45,812579,98573,51580,8.79
2026-08-21 11:19:33,24254.55,2026-08-25,24350.0,PE,109.65,109.4,109.7,566833,75772,45092,7.13
2026-08-21 11:19:33,24254.55,2026-08-25,24400.0,CE,40.9,40.9,40.95,902724,188440,61968,8.6
2026-08-21 11:19:33,24254.55,2026-08-25,24400.0,PE,141.4,141.0,141.35,489052,84006,35385,6.79
2026-08-21 11:19:33,24254.55,2026-08-25,24450.0,CE,27.2,27.15,27.2,440117,77948,35949,8.48
2026-08-21 11:19:33,24254.55,2026-08-25,24450.0,PE,177.65,177.3,177.7,114462,20820,12102,6.3
2026-08-21 11:19:33,24254.55,2026-08-25,24500.0,CE,17.65,17.6,17.65,756042,236465,43932,8.43
2026-08-21 11:19:33,24254.55,2026-08-25,24500.0,PE,218.0,217.55,218.0,144056,68451,6866,5.13
2026-08-21 11:19:33,24254.55,2026-08-25,24550.0,CE,11.25,11.25,11.3,373839,73905,27318,8.46
2026-08-21 11:19:33,24254.55,2026-08-25,24550.0,PE,261.3,260.9,261.5,15831,4605,1672,
2026-08-21 11:19:33,24254.55,2026-08-25,24600.0,CE,7.3,7.25,7.3,422860,159940,33299,8.54
2026-08-21 11:19:33,24254.55,2026-08-25,24600.0,PE,306.9,306.7,307.0,25522,15391,780,
2026-08-21 11:19:33,24254.55,2026-08-25,24650.0,CE,5.1,5.05,5.1,218385,64263,19757,8.83
2026-08-21 11:19:33,24254.55,2026-08-25,24650.0,PE,354.15,354.05,354.75,3696,2957,159,
2026-08-21 11:19:33,24254.55,2026-08-25,24700.0,CE,3.6,3.55,3.6,262107,122582,6332,9.07
2026-08-21 11:19:33,24254.55,2026-08-25,24700.0,PE,402.9,402.45,403.75,5600,12911,-410,
2026-08-21 11:19:33,24254.55,2026-08-25,24750.0,CE,2.8,2.75,2.8,160789,43166,11461,9.53
2026-08-21 11:19:33,24254.55,2026-08-25,24750.0,PE,452.8,451.7,453.1,514,1460,-16,
2026-08-21 11:20:33,24255.05,2026-08-25,23750.0,CE,560.0,553.9,556.05,244,723,-27,16.9
2026-08-21 11:20:33,24255.05,2026-08-25,23750.0,PE,4.6,4.55,4.6,178945,44552,9699,12.02
2026-08-21 11:20:33,24255.05,2026-08-25,23800.0,CE,503.15,504.2,505.9,5132,10054,462,15.8
2026-08-21 11:20:33,24255.05,2026-08-25,23800.0,PE,5.1,5.05,5.1,323297,139637,15245,11.32
2026-08-21 11:20:33,24255.05,2026-08-25,23850.0,CE,455.25,456.05,457.45,947,1245,110,14.88
2026-08-21 11:20:33,24255.05,2026-08-25,23850.0,PE,6.05,6.0,6.05,213321,64617,6430,10.72
2026-08-21 11:20:33,24255.05,2026-08-25,23900.0,CE,408.45,407.2,408.4,8963,5315,585,13.95
2026-08-21 11:20:33,24255.05,2026-08-25,23900.0,PE,7.4,7.35,7.4,346788,113581,9950,10.17
2026-08-21 11:20:33,24255.05,2026-08-25,23950.0,CE,359.75,359.75,360.15,6315,3555,306,12.85
2026-08-21 11:20:33,24255.05,2026-08-25,23950.0,PE,9.5,9.5,9.55,249790,61687,13078,9.7
2026-08-21 11:20:33,24255.05,2026-08-25,24000.0,CE,313.6,312.6,313.4,97557,95018,618,12.02
2026-08-21 11:20:33,24255.05,2026-08-25,24000.0,PE,12.85,12.8,12.85,753735,288211,36705,9.31
2026-08-21 11:20:33,24255.05,2026-08-25,24050.0,CE,267.95,267.2,267.8,34108,10210,767,11.43
2026-08-21 11:20:33,24255.05,2026-08-25,24050.0,PE,17.15,17.15,17.2,372564,76966,28404,8.91
2026-08-21 11:20:33,24255.05,2026-08-25,24100.0,CE,223.5,223.6,224.15,225130,53686,6644,10.68
2026-08-21 11:20:33,24255.05,2026-08-25,24100.0,PE,23.55,23.45,23.55,697412,167727,50459,8.55
2026-08-21 11:20:33,24255.05,2026-08-25,24150.0,CE,183.3,183.1,183.2,274608,32651,13385,10.15
2026-08-21 11:20:33,24255.05,2026-08-25,24150.0,PE,32.4,32.4,32.5,671290,131896,60326,8.25
2026-08-21 11:20:33,24255.05,2026-08-25,24200.0,CE,145.6,145.5,145.75,1388709,202163,72800,9.72
2026-08-21 11:20:33,24255.05,2026-08-25,24200.0,PE,44.9,44.95,45.0,2085533,389217,184771,7.98
2026-08-21 11:20:33,24255.05,2026-08-25,24250.0,CE,111.8,111.85,112.05,1568318,154905,90742,9.34
2026-08-21 11:20:33,24255.05,2026-08-25,24250.0,PE,61.4,61.4,61.6,1848399,258504,181927,7.71
2026-08-21 11:20:33,24255.05,2026-08-25,24300.0,CE,83.25,83.1,83.25,1939401,297581,147029,9.04
2026-08-21 11:20:33,24255.05,2026-08-25,24300.0,PE,82.6,82.6,82.8,1655800,258254,143219,7.44
2026-08-21 11:20:33,24255.05,2026-08-25,24350.0,CE,59.45,59.35,59.5,815898,98633,51640,8.79
2026-08-21 11:20:33,24255.05,2026-08-25,24350.0,PE,109.3,109.05,109.3,570435,75704,45024,7.13
2026-08-21 11:20:33,24255.05,2026-08-25,24400.0,CE,41.0,40.85,41.0,906234,187806,61334,8.6
2026-08-21 11:20:33,24255.05,2026-08-25,24400.0,PE,140.75,140.7,141.0,490964,84454,35833,6.79
2026-08-21 11:20:33,24255.05,2026-08-25,24450.0,CE,27.1,27.15,27.25,441882,78050,36051,8.48
2026-08-21 11:20:33,24255.05,2026-08-25,24450.0,PE,176.95,176.85,177.25,115021,20650,11932,6.3
2026-08-21 11:20:33,24255.05,2026-08-25,24500.0,CE,17.6,17.55,17.6,760497,236009,43476,8.43
2026-08-21 11:20:33,24255.05,2026-08-25,24500.0,PE,217.25,217.15,217.7,144941,68296,6711,5.13
2026-08-21 11:20:33,24255.05,2026-08-25,24550.0,CE,11.2,11.2,11.25,375249,73916,27329,8.46
2026-08-21 11:20:33,24255.05,2026-08-25,24550.0,PE,261.2,260.6,261.3,15880,4634,1701,
2026-08-21 11:20:33,24255.05,2026-08-25,24600.0,CE,7.15,7.15,7.2,425500,159709,33068,8.54
2026-08-21 11:20:33,24255.05,2026-08-25,24600.0,PE,306.3,306.3,306.95,25583,15399,788,
2026-08-21 11:20:33,24255.05,2026-08-25,24650.0,CE,5.05,5.0,5.05,219114,64291,19785,8.83
2026-08-21 11:20:33,24255.05,2026-08-25,24650.0,PE,354.85,353.65,354.55,3720,2952,154,
2026-08-21 11:20:33,24255.05,2026-08-25,24700.0,CE,3.55,3.5,3.55,262737,122592,6342,9.07
2026-08-21 11:20:33,24255.05,2026-08-25,24700.0,PE,403.95,402.1,403.45,5606,12918,-403,
2026-08-21 11:20:33,24255.05,2026-08-25,24750.0,CE,2.8,2.75,2.8,161303,43236,11531,9.53
2026-08-21 11:20:33,24255.05,2026-08-25,24750.0,PE,453.35,450.95,452.75,516,1459,-17,
2026-08-21 11:21:34,24252.4,2026-08-25,23750.0,CE,553.85,554.15,556.2,245,723,-27,16.44
2026-08-21 11:21:34,24252.4,2026-08-25,23750.0,PE,4.6,4.55,4.6,179284,44441,9588,12.01
2026-08-21 11:21:34,24252.4,2026-08-25,23800.0,CE,505.85,504.05,505.8,5136,10053,461,15.71
2026-08-21 11:21:34,24252.4,2026-08-25,23800.0,PE,5.05,5.05,5.1,323948,139662,15270,11.3
2026-08-21 11:21:34,24252.4,2026-08-25,23850.0,CE,455.25,455.75,457.35,947,1245,110,14.39
2026-08-21 11:21:34,24252.4,2026-08-25,23850.0,PE,6.05,6.0,6.05,213597,64634,6447,10.7
2026-08-21 11:21:34,24252.4,2026-08-25,23900.0,CE,408.3,407.1,408.2,8971,5309,579,13.78
2026-08-21 11:21:34,24252.4,2026-08-25,23900.0,PE,7.45,7.4,7.45,347794,113670,10039,10.15
2026-08-21 11:21:34,24252.4,2026-08-25,23950.0,CE,359.15,359.15,360.05,6358,3560,311,12.87
2026-08-21 11:21:34,24252.4,2026-08-25,23950.0,PE,9.6,9.5,9.55,250165,61643,13034,9.69
2026-08-21 11:21:34,24252.4,2026-08-25,24000.0,CE,312.45,312.45,313.0,97664,95067,667,11.98
2026-08-21 11:21:34,24252.4,2026-08-25,24000.0,PE,12.9,12.85,12.9,756646,290711,39205,9.3
2026-08-21 11:21:34,24252.4,2026-08-25,24050.0,CE,267.35,267.1,267.3,34164,10225,782,11.43
2026-08-21 11:21:34,24252.4,2026-08-25,24050.0,PE,17.15,17.1,17.15,374171,77264,28702,8.88
2026-08-21 11:21:34,24252.4,2026-08-25,24100.0,CE,223.45,223.7,224.0,226086,53767,6725,10.71
2026-08-21 11:21:34,24252.4,2026-08-25,24100.0,PE,23.45,23.45,23.5,699408,167886,50618,8.53
2026-08-21 11:21:34,24252.4,2026-08-25,24150.0,CE,182.65,182.6,183.0,275726,33022,13756,10.14
2026-08-21 11:21:34,24252.4,2026-08-25,24150.0,PE,32.4,32.35,32.4,673319,132137,60567,8.2
2026-08-21 11:21:34,24252.4,2026-08-25,24200.0,CE,145.5,145.3,145.45,1392418,203037,73674,9.68
2026-08-21 11:21:34,24252.4,2026-08-25,24200.0,PE,44.85,44.85,45.0,2090607,390184,185738,7.95
2026-08-21 11:21:34,24252.4,2026-08-25,24250.0,CE,111.75,111.75,111.9,1574293,155391,91228,9.28
2026-08-21 11:21:34,24252.4,2026-08-25,24250.0,PE,61.6,61.4,61.55,1855498,259381,182804,7.66
2026-08-21 11:21:34,24252.4,2026-08-25,24300.0,CE,83.0,83.0,83.2,1946749,299856,149304,8.98
2026-08-21 11:21:34,24252.4,2026-08-25,24300.0,PE,82.8,82.6,82.75,1662236,258537,143502,7.37
2026-08-21 11:21:34,24252.4,2026-08-25,24350.0,CE,59.25,59.25,59.4,818764,98396,51403,8.71
2026-08-21 11:21:34,24252.4,2026-08-25,24350.0,PE,109.15,109.15,109.35,572227,75190,44510,7.07
2026-08-21 11:21:34,24252.4,2026-08-25,24400.0,CE,40.85,40.85,40.95,909706,188637,62165,8.56
2026-08-21 11:21:34,24252.4,2026-08-25,24400.0,PE,140.95,140.7,140.95,492527,84564,35943,6.7
2026-08-21 11:21:34,24252.4,2026-08-25,24450.0,CE,27.05,27.05,27.15,443361,78370,36371,8.42
2026-08-21 11:21:34,24252.4,2026-08-25,24450.0,PE,176.95,176.9,177.3,115226,20448,11730,6.24
2026-08-21 11:21:34,24252.4,2026-08-25,24500.0,CE,17.6,17.5,17.6,763150,235959,43426,8.39
2026-08-21 11:21:34,24252.4,2026-08-25,24500.0,PE,217.8,217.1,217.75,145361,68200,6615,4.8
2026-08-21 11:21:34,24252.4,2026-08-25,24550.0,CE,11.15,11.15,11.2,377036,73877,27290,8.41
2026-08-21 11:21:34,24252.4,2026-08-25,24550.0,PE,260.45,260.65,261.35,15997,4641,1708,
2026-08-21 11:21:34,24252.4,2026-08-25,24600.0,CE,7.15,7.15,7.2,426922,159970,33329,8.52
2026-08-21 11:21:34,24252.4,2026-08-25,24600.0,PE,306.95,306.3,307.0,25643,15400,789,
2026-08-21 11:21:34,24252.4,2026-08-25,24650.0,CE,5.0,5.0,5.05,220031,64130,19624,8.81
2026-08-21 11:21:34,24252.4,2026-08-25,24650.0,PE,353.6,353.65,354.45,3728,2951,153,
2026-08-21 11:21:34,24252.4,2026-08-25,24700.0,CE,3.5,3.5,3.55,263493,122083,5833,9.09
2026-08-21 11:21:34,24252.4,2026-08-25,24700.0,PE,401.45,402.1,403.35,5617,12924,-397,
2026-08-21 11:21:34,24252.4,2026-08-25,24750.0,CE,2.75,2.7,2.75,162138,43366,11661,9.59
2026-08-21 11:21:34,24252.4,2026-08-25,24750.0,PE,450.9,451.05,452.5,517,1459,-17,
2026-08-21 11:22:34,24251.35,2026-08-25,23750.0,CE,553.85,553.75,555.6,246,723,-27,16.44
2026-08-21 11:22:34,24251.35,2026-08-25,23750.0,PE,4.6,4.55,4.6,179443,44531,9678,12.01
2026-08-21 11:22:34,24251.35,2026-08-25,23800.0,CE,505.5,503.75,505.55,5163,10053,461,15.71
2026-08-21 11:22:34,24251.35,2026-08-25,23800.0,PE,5.1,5.1,5.15,325096,139775,15383,11.3
2026-08-21 11:22:34,24251.35,2026-08-25,23850.0,CE,455.0,455.4,457.0,948,1248,113,14.39
2026-08-21 11:22:34,24251.35,2026-08-25,23850.0,PE,6.05,6.05,6.1,214086,64606,6419,10.7
2026-08-21 11:22:34,24251.35,2026-08-25,23900.0,CE,406.5,406.65,407.75,8980,5313,583,13.78
2026-08-21 11:22:34,24251.35,2026-08-25,23900.0,PE,7.45,7.4,7.45,348437,113777,10146,10.15
2026-08-21 11:22:34,24251.35,2026-08-25,23950.0,CE,357.8,358.7,359.8,6361,3571,322,12.87
2026-08-21 11:22:34,24251.35,2026-08-25,23950.0,PE,9.55,9.55,9.6,250663,61684,13075,9.69
2026-08-21 11:22:34,24251.35,2026-08-25,24000.0,CE,311.75,312.05,312.85,98347,94961,561,11.98
2026-08-21 11:22:34,24251.35,2026-08-25,24000.0,PE,12.85,12.85,12.95,760077,291154,39648,9.3
2026-08-21 11:22:34,24251.35,2026-08-25,24050.0,CE,267.5,266.7,267.25,34301,10226,783,11.43
2026-08-21 11:22:34,24251.35,2026-08-25,24050.0,PE,17.1,17.15,17.2,375744,77526,28964,8.88
2026-08-21 11:22:34,24251.35,2026-08-25,24100.0,CE,223.7,223.05,223.65,226833,53587,6545,10.71
2026-08-21 11:22:34,24251.35,2026-08-25,24100.0,PE,23.6,23.5,23.6,702019,168239,50971,8.53
2026-08-21 11:22:34,24251.35,2026-08-25,24150.0,CE,182.95,182.5,182.95,277179,32935,13669,10.14
2026-08-21 11:22:34,24251.35,2026-08-25,24150.0,PE,32.5,32.45,32.5,676014,132413,60843,8.2
2026-08-21 11:22:34,24251.35,2026-08-25,24200.0,CE,145.2,145.0,145.2,1397954,203763,74400,9.68
2026-08-21 11:22:34,24251.35,2026-08-25,24200.0,PE,44.95,44.95,45.0,2098537,390062,185616,7.95
2026-08-21 11:22:34,24251.35,2026-08-25,24250.0,CE,111.6,111.5,111.65,1581553,156824,92661,9.28
2026-08-21 11:22:34,24251.35,2026-08-25,24250.0,PE,61.45,61.5,61.7,1865712,258871,182294,7.66
2026-08-21 11:22:34,24251.35,2026-08-25,24300.0,CE,82.85,82.7,82.85,1957456,301351,150799,8.98
2026-08-21 11:22:34,24251.35,2026-08-25,24300.0,PE,82.95,82.8,82.95,1673898,258466,143431,7.37
2026-08-21 11:22:34,24251.35,2026-08-25,24350.0,CE,59.15,59.0,59.15,823653,98773,51780,8.71
2026-08-21 11:22:34,24251.35,2026-08-25,24350.0,PE,109.5,109.4,109.6,575026,75481,44801,7.07
2026-08-21 11:22:34,24251.35,2026-08-25,24400.0,CE,40.8,40.6,40.75,916002,189090,62618,8.56
2026-08-21 11:22:34,24251.35,2026-08-25,24400.0,PE,141.3,141.0,141.2,495460,84397,35776,6.7
2026-08-21 11:22:34,24251.35,2026-08-25,24450.0,CE,27.0,26.9,27.0,446579,78691,36692,8.42
2026-08-21 11:22:34,24251.35,2026-08-25,24450.0,PE,177.75,177.35,177.8,115774,20418,11700,6.24
2026-08-21 11:22:34,24251.35,2026-08-25,24500.0,CE,17.4,17.4,17.5,767580,236719,44186,8.39
2026-08-21 11:22:34,24251.35,2026-08-25,24500.0,PE,217.85,217.4,217.95,146083,68201,6616,4.8
2026-08-21 11:22:34,24251.35,2026-08-25,24550.0,CE,11.05,11.05,11.15,379857,74467,27880,8.41
2026-08-21 11:22:34,24251.35,2026-08-25,24550.0,PE,260.75,261.0,261.7,16089,4657,1724,
2026-08-21 11:22:34,24251.35,2026-08-25,24600.0,CE,7.1,7.1,7.15,429396,159768,33127,8.52
2026-08-21 11:22:34,24251.35,2026-08-25,24600.0,PE,306.6,306.6,307.4,25695,15399,788,
2026-08-21 11:22:34,24251.35,2026-08-25,24650.0,CE,5.0,4.95,5.0,221827,64123,19617,8.81
2026-08-21 11:22:34,24251.35,2026-08-25,24650.0,PE,353.55,354.05,355.05,3780,2929,131,
2026-08-21 11:22:34,24251.35,2026-08-25,24700.0,CE,3.45,3.45,3.5,265004,122358,6108,9.09
2026-08-21 11:22:34,24251.35,2026-08-25,24700.0,PE,403.95,402.5,403.85,5622,12918,-403,
2026-08-21 11:22:34,24251.35,2026-08-25,24750.0,CE,2.75,2.7,2.75,162338,43539,11834,9.59
2026-08-21 11:22:34,24251.35,2026-08-25,24750.0,PE,450.9,451.05,453.4,517,1459,-17,
2026-08-21 11:23:34,24249.05,2026-08-25,23750.0,CE,553.85,551.9,553.75,248,724,-26,16.44
2026-08-21 11:23:34,24249.05,2026-08-25,23750.0,PE,4.6,4.6,4.65,179537,44501,9648,12.01
2026-08-21 11:23:34,24249.05,2026-08-25,23800.0,CE,504.15,502.7,504.05,5166,10063,471,15.71
2026-08-21 11:23:34,24249.05,2026-08-25,23800.0,PE,5.2,5.15,5.2,326046,139555,15163,11.3
2026-08-21 11:23:34,24249.05,2026-08-25,23850.0,CE,455.0,454.4,455.45,951,1248,113,14.39
2026-08-21 11:23:34,24249.05,2026-08-25,23850.0,PE,6.15,6.1,6.15,214256,64552,6365,10.7
2026-08-21 11:23:34,24249.05,2026-08-25,23900.0,CE,405.7,405.7,406.75,8984,5309,579,13.78
2026-08-21 11:23:34,24249.05,2026-08-25,23900.0,PE,7.5,7.45,7.5,349321,113817,10186,10.15
2026-08-21 11:23:34,24249.05,2026-08-25,23950.0,CE,358.4,357.25,358.35,6367,3572,323,12.87
2026-08-21 11:23:34,24249.05,2026-08-25,23950.0,PE,9.6,9.6,9.65,250946,61585,12976,9.69
2026-08-21 11:23:34,24249.05,2026-08-25,24000.0,CE,311.55,310.6,311.45,98497,94950,550,11.98
2026-08-21 11:23:34,24249.05,2026-08-25,24000.0,PE,12.95,12.95,13.0,761462,291008,39502,9.3
2026-08-21 11:23:34,24249.05,2026-08-25,24050.0,CE,265.65,265.25,265.85,34388,10222,779,11.43
2026-08-21 11:23:34,24249.05,2026-08-25,24050.0,PE,17.2,17.25,17.3,376561,77982,29420,8.88
2026-08-21 11:23:34,24249.05,2026-08-25,24100.0,CE,221.9,221.8,222.35,227104,53510,6468,10.71
2026-08-21 11:23:34,24249.05,2026-08-25,24100.0,PE,23.65,23.7,23.75,703156,168321,51053,8.53
2026-08-21 11:23:34,24249.05,2026-08-25,24150.0,CE,181.0,181.0,181.4,277789,32999,13733,10.14
2026-08-21 11:23:34,24249.05,2026-08-25,24150.0,PE,32.65,32.65,32.7,677219,132919,61349,8.2
2026-08-21 11:23:34,24249.05,2026-08-25,24200.0,CE,144.0,144.0,144.35,1401110,204192,74829,9.68
2026-08-21 11:23:34,24249.05,2026-08-25,24200.0,PE,45.3,45.2,45.3,2101927,390595,186149,7.95
2026-08-21 11:23:34,24249.05,2026-08-25,24250.0,CE,110.05,110.05,110.3,1586641,157070,92907,9.28
2026-08-21 11:23:34,24249.05,2026-08-25,24250.0,PE,62.2,62.0,62.2,1870257,259118,182541,7.66
2026-08-21 11:23:34,24249.05,2026-08-25,24300.0,CE,81.7,81.75,81.9,1964221,302286,151734,8.98
2026-08-21 11:23:34,24249.05,2026-08-25,24300.0,PE,83.25,83.25,83.45,1678656,260115,145080,7.37
2026-08-21 11:23:34,24249.05,2026-08-25,24350.0,CE,58.25,58.2,58.35,826642,98676,51683,8.71
2026-08-21 11:23:34,24249.05,2026-08-25,24350.0,PE,110.2,110.05,110.25,576886,75625,44945,7.07
2026-08-21 11:23:34,24249.05,2026-08-25,24400.0,CE,39.95,39.9,40.0,925957,188715,62243,8.56
2026-08-21 11:23:34,24249.05,2026-08-25,24400.0,PE,141.95,141.7,141.95,497704,84402,35781,6.7
2026-08-21 11:23:34,24249.05,2026-08-25,24450.0,CE,26.5,26.4,26.5,448449,78526,36527,8.42
2026-08-21 11:23:34,24249.05,2026-08-25,24450.0,PE,178.6,178.2,178.65,116325,20535,11817,6.24
2026-08-21 11:23:34,24249.05,2026-08-25,24500.0,CE,17.1,17.05,17.1,770657,236726,44193,8.39
2026-08-21 11:23:34,24249.05,2026-08-25,24500.0,PE,218.9,218.45,218.95,146702,68428,6843,4.8
2026-08-21 11:23:34,24249.05,2026-08-25,24550.0,CE,10.85,10.85,10.9,381114,74404,27817,8.41
2026-08-21 11:23:34,24249.05,2026-08-25,24550.0,PE,263.05,261.95,262.75,16144,4657,1724,
2026-08-21 11:23:34,24249.05,2026-08-25,24600.0,CE,6.95,6.95,7.0,430782,159549,32908,8.52
2026-08-21 11:23:34,24249.05,2026-08-25,24600.0,PE,307.85,308.25,308.95,25770,15390,779,
2026-08-21 11:23:34,24249.05,2026-08-25,24650.0,CE,4.95,4.9,4.95,222443,64340,19834,8.81
2026-08-21 11:23:34,24249.05,2026-08-25,24650.0,PE,356.65,355.6,356.4,3799,2930,132,
2026-08-21 11:23:34,24249.05,2026-08-25,24700.0,CE,3.45,3.45,3.5,266147,122019,5769,9.09
2026-08-21 11:23:34,24249.05,2026-08-25,24700.0,PE,404.5,404.0,405.0,5623,12917,-404,
2026-08-21 11:23:34,24249.05,2026-08-25,24750.0,CE,2.75,2.7,2.75,162587,43596,11891,9.59
2026-08-21 11:23:34,24249.05,2026-08-25,24750.0,PE,454.0,452.5,454.0,518,1460,-16,
2026-08-21 11:24:34,24251.85,2026-08-25,23750.0,CE,553.85,555.3,557.15,248,724,-26,16.44
2026-08-21 11:24:34,24251.85,2026-08-25,23750.0,PE,4.6,4.6,4.65,179916,44723,9870,12.01
2026-08-21 11:24:34,24251.85,2026-08-25,23800.0,CE,507.2,505.55,507.15,5168,10066,474,15.71
2026-08-21 11:24:34,24251.85,2026-08-25,23800.0,PE,5.15,5.1,5.15,326743,139618,15226,11.3
2026-08-21 11:24:34,24251.85,2026-08-25,23850.0,CE,455.0,457.35,458.4,951,1248,113,14.39
2026-08-21 11:24:34,24251.85,2026-08-25,23850.0,PE,6.05,6.0,6.05,214549,64577,6390,10.7
2026-08-21 11:24:34,24251.85,2026-08-25,23900.0,CE,407.0,408.35,409.45,9002,5307,577,13.78
2026-08-21 11:24:34,24251.85,2026-08-25,23900.0,PE,7.4,7.4,7.45,350625,113841,10210,10.15
2026-08-21 11:24:34,24251.85,2026-08-25,23950.0,CE,360.7,360.7,361.4,6375,3569,320,12.87
2026-08-21 11:24:34,24251.85,2026-08-25,23950.0,PE,9.5,9.5,9.55,251394,61612,13003,9.69
2026-08-21 11:24:34,24251.85,2026-08-25,24000.0,CE,314.6,313.8,314.4,98697,94973,573,11.98
2026-08-21 11:24:34,24251.85,2026-08-25,24000.0,PE,12.75,12.75,12.8,763694,290840,39334,9.3
2026-08-21 11:24:34,24251.85,2026-08-25,24050.0,CE,268.5,268.5,268.8,34437,10245,802,11.43
2026-08-21 11:24:34,24251.85,2026-08-25,24050.0,PE,17.0,16.95,17.0,377933,77976,29414,8.88
2026-08-21 11:24:34,24251.85,2026-08-25,24100.0,CE,225.2,224.85,225.2,227702,53503,6461,10.71
2026-08-21 11:24:34,24251.85,2026-08-25,24100.0,PE,23.2,23.2,23.3,705686,168199,50931,8.53
2026-08-21 11:24:34,24251.85,2026-08-25,24150.0,CE,184.4,183.8,184.15,278625,33112,13846,10.14
2026-08-21 11:24:34,24251.85,2026-08-25,24150.0,PE,32.1,32.05,32.15,680956,132909,61339,8.2
2026-08-21 11:24:34,24251.85,2026-08-25,24200.0,CE,146.65,146.2,146.55,1406449,204054,74691,9.68
2026-08-21 11:24:34,24251.85,2026-08-25,24200.0,PE,44.5,44.4,44.5,2110992,391753,187307,7.95
2026-08-21 11:24:34,24251.85,2026-08-25,24250.0,CE,112.45,112.4,112.7,1593674,157132,92969,9.28
2026-08-21 11:24:34,24251.85,2026-08-25,24250.0,PE,61.0,60.85,61.0,1881316,262227,185650,7.66
2026-08-21 11:24:34,24251.85,2026-08-25,24300.0,CE,83.7,83.45,83.7,1973478,302023,151471,8.98
2026-08-21 11:24:34,24251.85,2026-08-25,24300.0,PE,81.8,81.85,82.0,1689000,260538,145503,7.37
2026-08-21 11:24:34,24251.85,2026-08-25,24350.0,CE,59.65,59.65,59.75,830263,99021,52028,8.71
2026-08-21 11:24:34,24251.85,2026-08-25,24350.0,PE,108.25,108.25,108.35,579841,76229,45549,7.07
2026-08-21 11:24:34,24251.85,2026-08-25,24400.0,CE,41.1,41.05,41.1,931848,190680,64208,8.56
2026-08-21 11:24:34,24251.85,2026-08-25,24400.0,PE,139.75,139.65,139.8,500372,84590,35969,6.7
2026-08-21 11:24:34,24251.85,2026-08-25,24450.0,CE,27.15,27.2,27.25,449752,78274,36275,8.42
2026-08-21 11:24:34,24251.85,2026-08-25,24450.0,PE,176.0,175.85,176.0,117054,20517,11799,6.24
2026-08-21 11:24:34,24251.85,2026-08-25,24500.0,CE,17.6,17.55,17.6,775168,237156,44623,8.39
2026-08-21 11:24:34,24251.85,2026-08-25,24500.0,PE,215.85,215.6,216.1,147687,68474,6889,4.8
2026-08-21 11:24:34,24251.85,2026-08-25,24550.0,CE,11.2,11.2,11.25,382937,74554,27967,8.41
2026-08-21 11:24:34,24251.85,2026-08-25,24550.0,PE,259.05,259.15,259.8,16235,4656,1723,
2026-08-21 11:24:34,24251.85,2026-08-25,24600.0,CE,7.2,7.2,7.25,433324,159485,32844,8.52
2026-08-21 11:24:34,24251.85,2026-08-25,24600.0,PE,305.75,305.25,305.7,25854,15375,764,
2026-08-21 11:24:34,24251.85,2026-08-25,24650.0,CE,5.05,5.0,5.05,223113,64087,19581,8.81
2026-08-21 11:24:34,24251.85,2026-08-25,24650.0,PE,353.0,352.55,353.4,3829,2910,112,
2026-08-21 11:24:34,24251.85,2026-08-25,24700.0,CE,3.5,3.5,3.55,270510,122010,5760,9.09
2026-08-21 11:24:34,24251.85,2026-08-25,24700.0,PE,402.3,400.75,402.0,5632,12916,-405,
2026-08-21 11:24:34,24251.85,2026-08-25,24750.0,CE,2.8,2.75,2.8,163039,43754,12049,9.59
2026-08-21 11:24:34,24251.85,2026-08-25,24750.0,PE,454.0,450.0,451.35,518,1460,-16,
2026-08-21 11:25:34,24255.3,2026-08-25,23750.0,CE,553.85,555.6,557.85,248,724,-26,16.44
2026-08-21 11:25:34,24255.3,2026-08-25,23750.0,PE,4.6,4.55,4.6,180263,45093,10240,12.01
2026-08-21 11:25:34,24255.3,2026-08-25,23800.0,CE,507.05,506.1,507.65,5171,10068,476,15.71
2026-08-21 11:25:34,24255.3,2026-08-25,23800.0,PE,5.05,5.05,5.1,328451,138914,14522,11.3
2026-08-21 11:25:34,24255.3,2026-08-25,23850.0,CE,455.0,457.75,458.95,951,1248,113,14.39
2026-08-21 11:25:34,24255.3,2026-08-25,23850.0,PE,6.0,5.95,6.0,214758,64641,6454,10.7
2026-08-21 11:25:34,24255.3,2026-08-25,23900.0,CE,409.55,408.85,409.7,9058,5319,589,13.78
2026-08-21 11:25:34,24255.3,2026-08-25,23900.0,PE,7.3,7.3,7.35,351362,114071,10440,10.15
2026-08-21 11:25:34,24255.3,2026-08-25,23950.0,CE,362.2,360.95,362.0,6377,3569,320,12.87
2026-08-21 11:25:34,24255.3,2026-08-25,23950.0,PE,9.4,9.4,9.45,251607,61650,13041,9.69
2026-08-21 11:25:34,24255.3,2026-08-25,24000.0,CE,314.15,314.1,314.9,98839,94971,571,11.98
2026-08-21 11:25:34,24255.3,2026-08-25,24000.0,PE,12.65,12.6,12.65,765979,291007,39501,9.3
2026-08-21 11:25:34,24255.3,2026-08-25,24050.0,CE,268.75,268.9,269.5,34505,10239,796,11.43
2026-08-21 11:25:34,24255.3,2026-08-25,24050.0,PE,16.9,16.85,16.9,378598,78149,29587,8.88
2026-08-21 11:25:34,24255.3,2026-08-25,24100.0,CE,225.15,225.15,225.7,228191,53596,6554,10.71
2026-08-21 11:25:34,24255.3,2026-08-25,24100.0,PE,23.1,23.1,23.2,706658,168508,51240,8.53
2026-08-21 11:25:34,24255.3,2026-08-25,24150.0,CE,184.3,184.2,184.5,279141,33114,13848,10.14
2026-08-21 11:25:34,24255.3,2026-08-25,24150.0,PE,31.9,31.9,31.95,682130,132761,61191,8.2
2026-08-21 11:25:34,24255.3,2026-08-25,24200.0,CE,146.65,146.65,147.0,1409830,204442,75079,9.68
2026-08-21 11:25:34,24255.3,2026-08-25,24200.0,PE,44.3,44.2,44.35,2115392,390311,185865,7.95
2026-08-21 11:25:34,24255.3,2026-08-25,24250.0,CE,113.0,112.8,113.0,1599697,157393,93230,9.28
2026-08-21 11:25:34,24255.3,2026-08-25,24250.0,PE,60.75,60.65,60.75,1886012,263297,186720,7.66
2026-08-21 11:25:34,24255.3,2026-08-25,24300.0,CE,83.85,83.85,84.0,1980120,302352,151800,8.98
2026-08-21 11:25:34,24255.3,2026-08-25,24300.0,PE,81.8,81.6,81.8,1693379,261327,146292,7.37
2026-08-21 11:25:34,24255.3,2026-08-25,24350.0,CE,60.0,59.85,60.0,832832,99058,52065,8.71
2026-08-21 11:25:34,24255.3,2026-08-25,24350.0,PE,108.1,108.0,108.1,581823,75595,44915,7.07
2026-08-21 11:25:34,24255.3,2026-08-25,24400.0,CE,41.2,41.15,41.3,934985,190236,63764,8.56
2026-08-21 11:25:34,24255.3,2026-08-25,24400.0,PE,139.25,139.3,139.35,501551,84102,35481,6.7
2026-08-21 11:25:34,24255.3,2026-08-25,24450.0,CE,27.3,27.25,27.3,451644,78054,36055,8.42
2026-08-21 11:25:34,24255.3,2026-08-25,24450.0,PE,175.35,175.45,175.75,117215,20204,11486,6.24
2026-08-21 11:25:34,24255.3,2026-08-25,24500.0,CE,17.65,17.6,17.65,778048,237416,44883,8.39
2026-08-21 11:25:34,24255.3,2026-08-25,24500.0,PE,215.9,215.3,215.8,147894,68128,6543,4.8
2026-08-21 11:25:34,24255.3,2026-08-25,24550.0,CE,11.25,11.25,11.3,383928,74286,27699,8.41
2026-08-21 11:25:34,24255.3,2026-08-25,24550.0,PE,260.0,258.6,259.2,16257,4653,1720,
2026-08-21 11:25:34,24255.3,2026-08-25,24600.0,CE,7.25,7.2,7.25,435100,159991,33350,8.52
2026-08-21 11:25:34,24255.3,2026-08-25,24600.0,PE,304.4,304.25,305.1,25927,15372,761,
2026-08-21 11:25:34,24255.3,2026-08-25,24650.0,CE,5.1,5.05,5.1,224451,64126,19620,8.81
2026-08-21 11:25:34,24255.3,2026-08-25,24650.0,PE,353.65,351.85,352.75,3831,2910,112,
2026-08-21 11:25:34,24255.3,2026-08-25,24700.0,CE,3.6,3.55,3.6,273003,121865,5615,9.09
2026-08-21 11:25:34,24255.3,2026-08-25,24700.0,PE,401.85,400.4,401.7,5639,12916,-405,
2026-08-21 11:25:34,24255.3,2026-08-25,24750.0,CE,2.8,2.8,2.85,163348,44009,12304,9.59
2026-08-21 11:25:34,24255.3,2026-08-25,24750.0,PE,454.0,449.45,450.95,518,1460,-16,
2026-08-21 11:26:34,24256.05,2026-08-25,23750.0,CE,553.85,557.4,559.6,248,724,-26,16.44
2026-08-21 11:26:34,24256.05,2026-08-25,23750.0,PE,4.65,4.6,4.65,182094,45227,10374,12.01
2026-08-21 11:26:34,24256.05,2026-08-25,23800.0,CE,508.2,507.75,509.3,5175,10067,475,15.71
2026-08-21 11:26:34,24256.05,2026-08-25,23800.0,PE,5.15,5.1,5.15,329659,138880,14488,11.3
2026-08-21 11:26:34,24256.05,2026-08-25,23850.0,CE,459.75,459.75,460.65,960,1247,112,14.39
2026-08-21 11:26:34,24256.05,2026-08-25,23850.0,PE,6.05,6.0,6.05,215931,64408,6221,10.7
2026-08-21 11:26:34,24256.05,2026-08-25,23900.0,CE,411.55,410.65,411.7,9083,5338,608,13.78
2026-08-21 11:26:34,24256.05,2026-08-25,23900.0,PE,7.35,7.35,7.4,352967,114014,10383,10.15
2026-08-21 11:26:34,24256.05,2026-08-25,23950.0,CE,363.55,362.7,363.55,6390,3570,321,12.87
2026-08-21 11:26:34,24256.05,2026-08-25,23950.0,PE,9.45,9.4,9.45,252813,61932,13323,9.69
2026-08-21 11:26:34,24256.05,2026-08-25,24000.0,CE,316.65,315.85,316.7,99310,94988,588,11.98
2026-08-21 11:26:34,24256.05,2026-08-25,24000.0,PE,12.65,12.6,12.65,770829,290871,39365,9.3
2026-08-21 11:26:34,24256.05,2026-08-25,24050.0,CE,270.45,270.4,271.05,34719,10254,811,11.43
2026-08-21 11:26:34,24256.05,2026-08-25,24050.0,PE,16.8,16.8,16.85,381195,77711,29149,8.88
2026-08-21 11:26:34,24256.05,2026-08-25,24100.0,CE,227.0,226.65,227.15,229934,53806,6764,10.71
2026-08-21 11:26:34,24256.05,2026-08-25,24100.0,PE,22.9,22.95,23.0,710107,169177,51909,8.53
2026-08-21 11:26:34,24256.05,2026-08-25,24150.0,CE,185.7,185.65,186.1,281724,33618,14352,10.14
2026-08-21 11:26:34,24256.05,2026-08-25,24150.0,PE,31.65,31.65,31.7,686545,132670,61100,8.2
2026-08-21 11:26:34,24256.05,2026-08-25,24200.0,CE,148.35,147.95,148.3,1419188,206403,77040,9.68
2026-08-21 11:26:34,24256.05,2026-08-25,24200.0,PE,43.85,43.85,43.9,2125865,389974,185528,7.95
2026-08-21 11:26:34,24256.05,2026-08-25,24250.0,CE,113.8,113.8,114.1,1615279,158920,94757,9.28
2026-08-21 11:26:34,24256.05,2026-08-25,24250.0,PE,60.2,60.05,60.2,1899963,263137,186560,7.66
2026-08-21 11:26:34,24256.05,2026-08-25,24300.0,CE,84.75,84.8,85.0,1999377,304567,154015,8.98
2026-08-21 11:26:34,24256.05,2026-08-25,24300.0,PE,81.05,80.8,81.0,1706651,261178,146143,7.37
2026-08-21 11:26:34,24256.05,2026-08-25,24350.0,CE,60.65,60.65,60.75,840217,99621,52628,8.71
2026-08-21 11:26:34,24256.05,2026-08-25,24350.0,PE,107.15,106.9,107.15,585281,75893,45213,7.07
2026-08-21 11:26:34,24256.05,2026-08-25,24400.0,CE,41.85,41.75,41.9,943256,189977,63505,8.56
2026-08-21 11:26:34,24256.05,2026-08-25,24400.0,PE,138.2,138.2,138.35,505076,83739,35118,6.7
2026-08-21 11:26:34,24256.05,2026-08-25,24450.0,CE,27.7,27.65,27.75,454898,78465,36466,8.42
2026-08-21 11:26:34,24256.05,2026-08-25,24450.0,PE,174.3,174.0,174.4,117740,20318,11600,6.24
2026-08-21 11:26:34,24256.05,2026-08-25,24500.0,CE,17.9,17.9,18.0,785049,238355,45822,8.39
2026-08-21 11:26:34,24256.05,2026-08-25,24500.0,PE,213.8,213.8,214.3,148586,68041,6456,4.8
2026-08-21 11:26:34,24256.05,2026-08-25,24550.0,CE,11.45,11.45,11.5,388041,74635,28048,8.41
2026-08-21 11:26:34,24256.05,2026-08-25,24550.0,PE,257.05,257.1,257.8,16427,4639,1706,
2026-08-21 11:26:34,24256.05,2026-08-25,24600.0,CE,7.4,7.35,7.4,438974,160035,33394,8.52
2026-08-21 11:26:34,24256.05,2026-08-25,24600.0,PE,302.7,302.8,303.5,26057,15398,787,
2026-08-21 11:26:34,24256.05,2026-08-25,24650.0,CE,5.15,5.1,5.15,225958,64201,19695,8.81
2026-08-21 11:26:34,24256.05,2026-08-25,24650.0,PE,350.2,350.3,351.1,3858,2913,115,
2026-08-21 11:26:34,24256.05,2026-08-25,24700.0,CE,3.7,3.65,3.7,275549,121972,5722,9.09
2026-08-21 11:26:34,24256.05,2026-08-25,24700.0,PE,398.6,398.7,399.85,5670,12925,-396,
2026-08-21 11:26:34,24256.05,2026-08-25,24750.0,CE,2.8,2.8,2.85,163776,44107,12402,9.59
2026-08-21 11:26:34,24256.05,2026-08-25,24750.0,PE,449.1,447.8,449.25,525,1459,-17,
2026-08-21 11:27:34,24255.15,2026-08-25,23750.0,CE,553.85,557.3,559.2,248,724,-26,16.44
2026-08-21 11:27:34,24255.15,2026-08-25,23750.0,PE,4.6,4.55,4.6,182174,45320,10467,12.01
2026-08-21 11:27:34,24255.15,2026-08-25,23800.0,CE,508.2,507.45,509.05,5176,10067,475,15.71
2026-08-21 11:27:34,24255.15,2026-08-25,23800.0,PE,5.1,5.05,5.1,329843,138816,14424,11.3
2026-08-21 11:27:34,24255.15,2026-08-25,23850.0,CE,460.35,459.5,460.45,963,1248,113,14.39
2026-08-21 11:27:34,24255.15,2026-08-25,23850.0,PE,6.0,5.95,6.0,216081,64364,6177,10.7
2026-08-21 11:27:34,24255.15,2026-08-25,23900.0,CE,411.6,410.35,411.4,9102,5339,609,13.78
2026-08-21 11:27:34,24255.15,2026-08-25,23900.0,PE,7.25,7.25,7.3,353285,114313,10682,10.15
2026-08-21 11:27:34,24255.15,2026-08-25,23950.0,CE,363.3,362.35,363.25,6405,3573,324,12.87
2026-08-21 11:27:34,24255.15,2026-08-25,23950.0,PE,9.4,9.35,9.4,253033,61918,13309,9.69
2026-08-21 11:27:34,24255.15,2026-08-25,24000.0,CE,316.1,315.6,316.1,99414,94994,594,11.98
2026-08-21 11:27:34,24255.15,2026-08-25,24000.0,PE,12.5,12.5,12.55,774762,289066,37560,9.3
2026-08-21 11:27:34,24255.15,2026-08-25,24050.0,CE,270.75,270.25,270.85,34755,10230,787,11.43
2026-08-21 11:27:34,24255.15,2026-08-25,24050.0,PE,16.75,16.75,16.8,381558,77694,29132,8.88
2026-08-21 11:27:34,24255.15,2026-08-25,24100.0,CE,227.05,226.4,226.85,230130,53742,6700,10.71
2026-08-21 11:27:34,24255.15,2026-08-25,24100.0,PE,22.95,22.95,23.0,710771,169034,51766,8.53
2026-08-21 11:27:34,24255.15,2026-08-25,24150.0,CE,185.75,185.4,185.85,282016,33439,14173,10.14
2026-08-21 11:27:34,24255.15,2026-08-25,24150.0,PE,31.65,31.65,31.75,687129,133219,61649,8.2
2026-08-21 11:27:34,24255.15,2026-08-25,24200.0,CE,147.65,147.6,148.0,1421292,206569,77206,9.68
2026-08-21 11:27:34,24255.15,2026-08-25,24200.0,PE,44.05,43.9,44.05,2127921,390049,185603,7.95
2026-08-21 11:27:34,24255.15,2026-08-25,24250.0,CE,113.9,113.7,113.9,1618075,158405,94242,9.28
2026-08-21 11:27:34,24255.15,2026-08-25,24250.0,PE,60.35,60.2,60.35,1902890,263457,186880,7.66
2026-08-21 11:27:34,24255.15,2026-08-25,24300.0,CE,84.5,84.45,84.7,2004296,305618,155066,8.98
2026-08-21 11:27:34,24255.15,2026-08-25,24300.0,PE,81.2,81.0,81.25,1709535,262039,147004,7.37
2026-08-21 11:27:34,24255.15,2026-08-25,24350.0,CE,60.55,60.45,60.6,842579,99898,52905,8.71
2026-08-21 11:27:34,24255.15,2026-08-25,24350.0,PE,107.4,107.0,107.25,586236,75716,45036,7.07
2026-08-21 11:27:34,24255.15,2026-08-25,24400.0,CE,41.65,41.65,41.8,945001,190099,63627,8.56
2026-08-21 11:27:34,24255.15,2026-08-25,24400.0,PE,138.2,138.1,138.5,505695,83776,35155,6.7
2026-08-21 11:27:34,24255.15,2026-08-25,24450.0,CE,27.6,27.6,27.7,455566,78588,36589,8.42
2026-08-21 11:27:34,24255.15,2026-08-25,24450.0,PE,174.65,174.35,174.7,117905,20441,11723,6.24
2026-08-21 11:27:34,24255.15,2026-08-25,24500.0,CE,17.9,17.85,17.9,786598,238972,46439,8.39
2026-08-21 11:27:34,24255.15,2026-08-25,24500.0,PE,214.7,214.1,214.65,148692,68038,6453,4.8
2026-08-21 11:27:34,24255.15,2026-08-25,24550.0,CE,11.4,11.4,11.45,389412,75359,28772,8.41
2026-08-21 11:27:34,24255.15,2026-08-25,24550.0,PE,257.4,257.4,258.0,16472,4582,1649,
2026-08-21 11:27:34,24255.15,2026-08-25,24600.0,CE,7.3,7.3,7.35,439388,160125,33484,8.52
2026-08-21 11:27:34,24255.15,2026-08-25,24600.0,PE,303.6,303.25,304.05,26123,15398,787,
2026-08-21 11:27:34,24255.15,2026-08-25,24650.0,CE,5.1,5.1,5.15,226387,64113,19607,8.81
2026-08-21 11:27:34,24255.15,2026-08-25,24650.0,PE,349.95,350.55,351.5,3863,2913,115,
2026-08-21 11:27:34,24255.15,2026-08-25,24700.0,CE,3.6,3.6,3.65,276132,122168,5918,9.09
2026-08-21 11:27:34,24255.15,2026-08-25,24700.0,PE,399.65,399.05,400.05,5673,12928,-393,
2026-08-21 11:27:34,24255.15,2026-08-25,24750.0,CE,2.8,2.8,2.85,163830,44145,12440,9.59
2026-08-21 11:27:34,24255.15,2026-08-25,24750.0,PE,449.1,448.1,449.4,525,1459,-17,
2026-08-21 11:28:35,24254.55,2026-08-25,23750.0,CE,553.85,556.55,559.1,248,724,-26,16.44
2026-08-21 11:28:35,24254.55,2026-08-25,23750.0,PE,4.6,4.55,4.6,182290,45320,10467,12.01
2026-08-21 11:28:35,24254.55,2026-08-25,23800.0,CE,508.2,507.35,509.05,5176,10066,474,15.71
2026-08-21 11:28:35,24254.55,2026-08-25,23800.0,PE,5.05,5.05,5.1,330021,138816,14424,11.3
2026-08-21 11:28:35,24254.55,2026-08-25,23850.0,CE,460.35,459.2,460.0,963,1248,113,14.39
2026-08-21 11:28:35,24254.55,2026-08-25,23850.0,PE,6.0,5.95,6.0,216136,64364,6177,10.7
2026-08-21 11:28:35,24254.55,2026-08-25,23900.0,CE,411.6,410.25,411.2,9105,5339,609,13.78
2026-08-21 11:28:35,24254.55,2026-08-25,23900.0,PE,7.3,7.25,7.3,353433,114313,10682,10.15
2026-08-21 11:28:35,24254.55,2026-08-25,23950.0,CE,363.4,362.2,363.2,6406,3572,323,12.87
2026-08-21 11:28:35,24254.55,2026-08-25,23950.0,PE,9.4,9.35,9.4,253343,61918,13309,9.69
2026-08-21 11:28:35,24254.55,2026-08-25,24000.0,CE,315.3,315.35,316.15,99481,94994,594,11.98
2026-08-21 11:28:35,24254.55,2026-08-25,24000.0,PE,12.6,12.55,12.6,776186,289066,37560,9.3
2026-08-21 11:28:35,24254.55,2026-08-25,24050.0,CE,270.15,270.05,270.6,34777,10230,787,11.43
2026-08-21 11:28:35,24254.55,2026-08-25,24050.0,PE,16.85,16.8,16.85,382277,77694,29132,8.88
2026-08-21 11:28:35,24254.55,2026-08-25,24100.0,CE,225.85,226.2,226.7,230291,53742,6700,10.71
2026-08-21 11:28:35,24254.55,2026-08-25,24100.0,PE,22.95,22.95,23.05,711425,169034,51766,8.53
2026-08-21 11:28:35,24254.55,2026-08-25,24150.0,CE,185.6,185.15,185.5,282331,33439,14173,10.14
2026-08-21 11:28:35,24254.55,2026-08-25,24150.0,PE,31.8,31.75,31.85,687840,133219,61649,8.2
2026-08-21 11:28:35,24254.55,2026-08-25,24200.0,CE,147.55,147.55,147.9,1422730,206569,77206,9.68
2026-08-21 11:28:35,24254.55,2026-08-25,24200.0,PE,44.1,44.0,44.1,2130019,390049,185603,7.95
2026-08-21 11:28:35,24254.55,2026-08-25,24250.0,CE,113.85,113.55,113.8,1620667,158405,94242,9.28
2026-08-21 11:28:35,24254.55,2026-08-25,24250.0,PE,60.25,60.25,60.45,1906420,263457,186880,7.66
2026-08-21 11:28:35,24254.55,2026-08-25,24300.0,CE,84.75,84.55,84.75,2007860,305618,155066,8.98
2026-08-21 11:28:35,24254.55,2026-08-25,24300.0,PE,81.3,81.2,81.3,1712277,262039,147004,7.37
2026-08-21 11:28:35,24254.55,2026-08-25,24350.0,CE,60.45,60.45,60.55,843955,99898,52905,8.71
2026-08-21 11:28:35,24254.55,2026-08-25,24350.0,PE,107.5,107.35,107.5,586899,75716,45036,7.07
2026-08-21 11:28:35,24254.55,2026-08-25,24400.0,CE,41.7,41.65,41.8,946716,190099,63627,8.56
2026-08-21 11:28:35,24254.55,2026-08-25,24400.0,PE,138.7,138.4,138.7,506650,83776,35155,6.7
2026-08-21 11:28:35,24254.55,2026-08-25,24450.0,CE,27.75,27.65,27.7,456777,78588,36589,8.42
2026-08-21 11:28:35,24254.55,2026-08-25,24450.0,PE,174.5,174.5,174.9,118002,20441,11723,6.24
2026-08-21 11:28:35,24254.55,2026-08-25,24500.0,CE,17.95,17.9,17.95,788694,238972,46439,8.39
2026-08-21 11:28:35,24254.55,2026-08-25,24500.0,PE,214.35,214.5,214.95,148983,68038,6453,4.8
2026-08-21 11:28:35,24254.55,2026-08-25,24550.0,CE,11.5,11.5,11.55,393577,75359,28772,8.41
2026-08-21 11:28:35,24254.55,2026-08-25,24550.0,PE,258.7,257.65,258.25,16498,4582,1649,
2026-08-21 11:28:35,24254.55,2026-08-25,24600.0,CE,7.35,7.35,7.4,440302,160125,33484,8.52
2026-08-21 11:28:35,24254.55,2026-08-25,24600.0,PE,304.25,303.45,304.25,26159,15428,817,
2026-08-21 11:28:35,24254.55,2026-08-25,24650.0,CE,5.1,5.1,5.15,226883,64113,19607,8.81
2026-08-21 11:28:35,24254.55,2026-08-25,24650.0,PE,350.35,350.7,351.65,3867,2912,114,
2026-08-21 11:28:35,24254.55,2026-08-25,24700.0,CE,3.6,3.6,3.65,276229,122168,5918,9.09
2026-08-21 11:28:35,24254.55,2026-08-25,24700.0,PE,399.65,399.2,400.25,5676,12928,-393,
2026-08-21 11:28:35,24254.55,2026-08-25,24750.0,CE,2.85,2.8,2.85,165084,44145,12440,9.59
2026-08-21 11:28:35,24254.55,2026-08-25,24750.0,PE,449.1,448.3,449.65,525,1459,-17,
2026-08-21 11:29:35,24255.25,2026-08-25,23750.0,CE,553.85,558.2,560.35,248,724,-26,16.44
2026-08-21 11:29:35,24255.25,2026-08-25,23750.0,PE,4.6,4.55,4.6,182398,45342,10489,12.01
2026-08-21 11:29:35,24255.25,2026-08-25,23800.0,CE,508.2,508.55,509.5,5176,10066,474,15.71
2026-08-21 11:29:35,24255.25,2026-08-25,23800.0,PE,5.1,5.05,5.1,330192,138848,14456,11.3
2026-08-21 11:29:35,24255.25,2026-08-25,23850.0,CE,460.0,460.25,461.4,965,1248,113,14.39
2026-08-21 11:29:35,24255.25,2026-08-25,23850.0,PE,5.95,5.95,6.0,216250,64416,6229,10.7
2026-08-21 11:29:35,24255.25,2026-08-25,23900.0,CE,412.45,411.0,412.2,9125,5336,606,13.78
2026-08-21 11:29:35,24255.25,2026-08-25,23900.0,PE,7.3,7.25,7.3,353738,114422,10791,10.15
2026-08-21 11:29:35,24255.25,2026-08-25,23950.0,CE,363.35,363.45,364.4,6408,3572,323,12.87
2026-08-21 11:29:35,24255.25,2026-08-25,23950.0,PE,9.35,9.3,9.35,253518,61700,13091,9.69
2026-08-21 11:29:35,24255.25,2026-08-25,24000.0,CE,317.0,316.5,317.0,99643,94983,583,11.98
2026-08-21 11:29:35,24255.25,2026-08-25,24000.0,PE,12.45,12.45,12.5,776839,288728,37222,9.3
2026-08-21 11:29:35,24255.25,2026-08-25,24050.0,CE,271.4,270.75,271.45,34829,10236,793,11.43
2026-08-21 11:29:35,24255.25,2026-08-25,24050.0,PE,16.75,16.7,16.75,382493,77663,29101,8.88
2026-08-21 11:29:35,24255.25,2026-08-25,24100.0,CE,228.0,227.45,227.9,230711,53793,6751,10.71
2026-08-21 11:29:35,24255.25,2026-08-25,24100.0,PE,22.8,22.75,22.85,712222,169194,51926,8.53
2026-08-21 11:29:35,24255.25,2026-08-25,24150.0,CE,186.7,186.25,186.65,282662,33351,14085,10.14
2026-08-21 11:29:35,24255.25,2026-08-25,24150.0,PE,31.35,31.4,31.5,688757,133354,61784,8.2
2026-08-21 11:29:35,24255.25,2026-08-25,24200.0,CE,148.55,148.15,148.55,1425522,206519,77156,9.68
2026-08-21 11:29:35,24255.25,2026-08-25,24200.0,PE,43.8,43.65,43.8,2133102,390514,186068,7.95
2026-08-21 11:29:35,24255.25,2026-08-25,24250.0,CE,114.05,114.05,114.25,1623937,158654,94491,9.28
2026-08-21 11:29:35,24255.25,2026-08-25,24250.0,PE,60.1,59.9,60.1,1910413,264148,187571,7.66
2026-08-21 11:29:35,24255.25,2026-08-25,24300.0,CE,85.2,85.0,85.15,2013530,305699,155147,8.98
2026-08-21 11:29:35,24255.25,2026-08-25,24300.0,PE,80.75,80.55,80.65,1716230,262638,147603,7.37
2026-08-21 11:29:35,24255.25,2026-08-25,24350.0,CE,61.15,61.0,61.15,845703,99781,52788,8.71
2026-08-21 11:29:35,24255.25,2026-08-25,24350.0,PE,106.35,106.4,106.65,587977,76081,45401,7.07
2026-08-21 11:29:35,24255.25,2026-08-25,24400.0,CE,42.0,41.9,42.05,948677,189949,63477,8.56
2026-08-21 11:29:35,24255.25,2026-08-25,24400.0,PE,137.7,137.75,138.1,507947,84045,35424,6.7
2026-08-21 11:29:35,24255.25,2026-08-25,24450.0,CE,28.0,27.9,28.0,458734,78707,36708,8.42
2026-08-21 11:29:35,24255.25,2026-08-25,24450.0,PE,173.9,173.5,173.8,118079,20426,11708,6.24
2026-08-21 11:29:35,24255.25,2026-08-25,24500.0,CE,18.05,18.05,18.15,790721,238746,46213,8.39
2026-08-21 11:29:35,24255.25,2026-08-25,24500.0,PE,213.4,213.05,213.4,149273,68105,6520,4.8
2026-08-21 11:29:35,24255.25,2026-08-25,24550.0,CE,11.6,11.55,11.6,395294,75957,29370,8.41
2026-08-21 11:29:35,24255.25,2026-08-25,24550.0,PE,256.95,256.7,257.35,16512,4588,1655,
2026-08-21 11:29:35,24255.25,2026-08-25,24600.0,CE,7.4,7.35,7.4,441777,160156,33515,8.52
2026-08-21 11:29:35,24255.25,2026-08-25,24600.0,PE,302.35,302.65,303.4,26189,15439,828,
2026-08-21 11:29:35,24255.25,2026-08-25,24650.0,CE,5.15,5.1,5.15,227356,64134,19628,8.81
2026-08-21 11:29:35,24255.25,2026-08-25,24650.0,PE,349.65,349.4,350.2,3869,2911,113,
2026-08-21 11:29:35,24255.25,2026-08-25,24700.0,CE,3.65,3.6,3.65,276592,122138,5888,9.09
2026-08-21 11:29:35,24255.25,2026-08-25,24700.0,PE,398.9,397.75,399.0,5689,12932,-389,
2026-08-21 11:29:35,24255.25,2026-08-25,24750.0,CE,2.85,2.8,2.85,165128,44128,12423,9.59
2026-08-21 11:29:35,24255.25,2026-08-25,24750.0,PE,449.1,447.05,448.8,525,1459,-17,
2026-08-21 11:30:35,24258.2,2026-08-25,23750.0,CE,553.85,557.75,559.9,248,724,-26,16.44
2026-08-21 11:30:35,24258.2,2026-08-25,23750.0,PE,4.5,4.45,4.5,182775,45343,10490,12.01
2026-08-21 11:30:35,24258.2,2026-08-25,23800.0,CE,508.8,507.8,509.35,5177,10066,474,15.71
2026-08-21 11:30:35,24258.2,2026-08-25,23800.0,PE,5.0,4.95,5.0,331169,138812,14420,11.3
2026-08-21 11:30:35,24258.2,2026-08-25,23850.0,CE,460.0,459.85,460.95,965,1248,113,14.39
2026-08-21 11:30:35,24258.2,2026-08-25,23850.0,PE,5.9,5.85,5.9,216433,64463,6276,10.7
2026-08-21 11:30:35,24258.2,2026-08-25,23900.0,CE,412.05,410.55,411.7,9136,5341,611,13.78
2026-08-21 11:30:35,24258.2,2026-08-25,23900.0,PE,7.2,7.15,7.2,354647,114422,10791,10.15
2026-08-21 11:30:35,24258.2,2026-08-25,23950.0,CE,361.0,363.2,363.8,6412,3572,323,12.87
2026-08-21 11:30:35,24258.2,2026-08-25,23950.0,PE,9.25,9.2,9.25,253759,61627,13018,9.69
2026-08-21 11:30:35,24258.2,2026-08-25,24000.0,CE,316.5,316.5,316.75,99830,94972,572,11.98
2026-08-21 11:30:35,24258.2,2026-08-25,24000.0,PE,12.45,12.4,12.45,778387,288766,37260,9.3
2026-08-21 11:30:35,24258.2,2026-08-25,24050.0,CE,271.0,270.55,271.2,34956,10244,801,11.43
2026-08-21 11:30:35,24258.2,2026-08-25,24050.0,PE,16.7,16.65,16.7,383415,77555,28993,8.88
2026-08-21 11:30:35,24258.2,2026-08-25,24100.0,CE,227.5,226.7,227.2,231143,53857,6815,10.71
2026-08-21 11:30:35,24258.2,2026-08-25,24100.0,PE,22.8,22.8,22.85,713414,169264,51996,8.53
2026-08-21 11:30:35,24258.2,2026-08-25,24150.0,CE,185.85,185.6,185.85,283113,33240,13974,10.14
2026-08-21 11:30:35,24258.2,2026-08-25,24150.0,PE,31.55,31.45,31.55,690588,133480,61910,8.2
2026-08-21 11:30:35,24258.2,2026-08-25,24200.0,CE,148.0,148.0,148.3,1428226,205897,76534,9.68
2026-08-21 11:30:35,24258.2,2026-08-25,24200.0,PE,43.7,43.7,43.85,2136159,390720,186274,7.95
2026-08-21 11:30:35,24258.2,2026-08-25,24250.0,CE,114.15,113.85,114.15,1627222,157913,93750,9.28
2026-08-21 11:30:35,24258.2,2026-08-25,24250.0,PE,60.0,60.0,60.15,1914195,264504,187927,7.66
2026-08-21 11:30:35,24258.2,2026-08-25,24300.0,CE,85.0,84.85,85.0,2018165,304571,154019,8.98
2026-08-21 11:30:35,24258.2,2026-08-25,24300.0,PE,80.75,80.8,81.0,1720052,263000,147965,7.37
2026-08-21 11:30:35,24258.2,2026-08-25,24350.0,CE,60.7,60.65,60.85,848402,99387,52394,8.71
2026-08-21 11:30:35,24258.2,2026-08-25,24350.0,PE,106.95,106.85,107.0,588819,76511,45831,7.07
2026-08-21 11:30:35,24258.2,2026-08-25,24400.0,CE,42.0,41.95,42.0,951103,189797,63325,8.56
2026-08-21 11:30:35,24258.2,2026-08-25,24400.0,PE,138.3,137.95,138.3,509227,84445,35824,6.7
2026-08-21 11:30:35,24258.2,2026-08-25,24450.0,CE,27.8,27.75,27.85,460238,79289,37290,8.42
2026-08-21 11:30:35,24258.2,2026-08-25,24450.0,PE,174.0,173.95,174.35,118292,20439,11721,6.24
2026-08-21 11:30:35,24258.2,2026-08-25,24500.0,CE,18.1,18.05,18.1,792714,238649,46116,8.39
2026-08-21 11:30:35,24258.2,2026-08-25,24500.0,PE,213.9,213.6,214.1,149537,68214,6629,4.8
2026-08-21 11:30:35,24258.2,2026-08-25,24550.0,CE,11.55,11.5,11.6,397211,75616,29029,8.41
2026-08-21 11:30:35,24258.2,2026-08-25,24550.0,PE,257.45,257.05,257.7,16578,4591,1658,
2026-08-21 11:30:35,24258.2,2026-08-25,24600.0,CE,7.35,7.35,7.4,443334,160251,33610,8.52
2026-08-21 11:30:35,24258.2,2026-08-25,24600.0,PE,302.65,302.8,303.5,26260,15452,841,
2026-08-21 11:30:35,24258.2,2026-08-25,24650.0,CE,5.2,5.15,5.2,228002,64310,19804,8.81
2026-08-21 11:30:35,24258.2,2026-08-25,24650.0,PE,351.65,350.05,351.0,3878,2911,113,
2026-08-21 11:30:35,24258.2,2026-08-25,24700.0,CE,3.65,3.6,3.65,277365,122221,5971,9.09
2026-08-21 11:30:35,24258.2,2026-08-25,24700.0,PE,400.0,398.45,399.6,5694,12931,-390,
2026-08-21 11:30:35,24258.2,2026-08-25,24750.0,CE,2.85,2.8,2.85,165487,45229,13524,9.59
2026-08-21 11:30:35,24258.2,2026-08-25,24750.0,PE,448.6,447.8,449.0,527,1459,-17,
2026-08-21 11:31:35,24260.25,2026-08-25,23750.0,CE,560.15,560.4,562.95,249,726,-24,18.33
2026-08-21 11:31:35,24260.25,2026-08-25,23750.0,PE,4.45,4.45,4.5,183140,45593,10740,11.86
2026-08-21 11:31:35,24260.25,2026-08-25,23800.0,CE,511.15,511.05,512.6,5193,10066,474,16.97
2026-08-21 11:31:35,24260.25,2026-08-25,23800.0,PE,4.95,4.95,5.0,332177,139254,14862,11.15
2026-08-21 11:31:35,24260.25,2026-08-25,23850.0,CE,460.0,462.75,464.1,965,1248,113,15.8
2026-08-21 11:31:35,24260.25,2026-08-25,23850.0,PE,5.9,5.85,5.9,216874,64570,6383,10.57
2026-08-21 11:31:35,24260.25,2026-08-25,23900.0,CE,414.5,414.0,414.95,9169,5336,606,15.02
2026-08-21 11:31:35,24260.25,2026-08-25,23900.0,PE,7.15,7.15,7.2,355379,114618,10987,10.01
2026-08-21 11:31:35,24260.25,2026-08-25,23950.0,CE,366.0,366.05,366.85,6423,3572,323,13.85
2026-08-21 11:31:35,24260.25,2026-08-25,23950.0,PE,9.15,9.15,9.2,253965,61588,12979,9.52
2026-08-21 11:31:35,24260.25,2026-08-25,24000.0,CE,319.85,318.95,319.75,100204,95014,614,12.93
2026-08-21 11:31:35,24260.25,2026-08-25,24000.0,PE,12.35,12.3,12.35,781118,288793,37287,9.13
2026-08-21 11:31:35,24260.25,2026-08-25,24050.0,CE,273.6,273.55,274.15,35156,10257,814,12.01
2026-08-21 11:31:35,24260.25,2026-08-25,24050.0,PE,16.4,16.4,16.45,384827,77470,28908,8.71
2026-08-21 11:31:35,24260.25,2026-08-25,24100.0,CE,230.0,229.5,230.0,232058,53838,6796,11.42
2026-08-21 11:31:35,24260.25,2026-08-25,24100.0,PE,22.5,22.5,22.55,714907,169407,52139,8.34
2026-08-21 11:31:35,24260.25,2026-08-25,24150.0,CE,188.3,188.3,188.5,284405,33285,14019,10.74
2026-08-21 11:31:35,24260.25,2026-08-25,24150.0,PE,31.1,31.0,31.1,692542,133163,61593,7.99
2026-08-21 11:31:35,24260.25,2026-08-25,24200.0,CE,150.8,150.45,150.8,1434396,206319,76956,10.16
2026-08-21 11:31:35,24260.25,2026-08-25,24200.0,PE,43.05,43.1,43.15,2142208,390366,185920,7.69
2026-08-21 11:31:35,24260.25,2026-08-25,24250.0,CE,116.15,116.15,116.3,1635685,158360,94197,9.69
2026-08-21 11:31:35,24260.25,2026-08-25,24250.0,PE,59.05,59.0,59.15,1922572,264550,187973,7.37
2026-08-21 11:31:35,24260.25,2026-08-25,24300.0,CE,86.75,86.75,86.95,2028555,305196,154644,9.3
2026-08-21 11:31:35,24260.25,2026-08-25,24300.0,PE,79.6,79.55,79.6,1729911,263462,148427,7.02
2026-08-21 11:31:35,24260.25,2026-08-25,24350.0,CE,62.5,62.3,62.45,852498,100029,53036,9.0
2026-08-21 11:31:35,24260.25,2026-08-25,24350.0,PE,105.15,105.2,105.4,591231,76715,46035,7.07
2026-08-21 11:31:35,24260.25,2026-08-25,24400.0,CE,43.15,43.15,43.3,956143,189778,63306,8.8
2026-08-21 11:31:35,24260.25,2026-08-25,24400.0,PE,135.8,135.8,136.1,511305,84645,36024,6.07
2026-08-21 11:31:35,24260.25,2026-08-25,24450.0,CE,28.8,28.7,28.8,462335,79364,37365,8.64
2026-08-21 11:31:35,24260.25,2026-08-25,24450.0,PE,171.5,171.5,171.95,118836,20481,11763,5.0
2026-08-21 11:31:35,24260.25,2026-08-25,24500.0,CE,18.65,18.65,18.7,795547,238485,45952,8.56
2026-08-21 11:31:35,24260.25,2026-08-25,24500.0,PE,211.2,211.1,211.6,150036,68267,6682,
2026-08-21 11:31:35,24260.25,2026-08-25,24550.0,CE,11.95,11.95,12.0,399189,75565,28978,8.41
2026-08-21 11:31:35,24260.25,2026-08-25,24550.0,PE,254.45,254.15,254.75,16835,4577,1644,
2026-08-21 11:31:35,24260.25,2026-08-25,24600.0,CE,7.7,7.65,7.7,445206,160248,33607,8.65
2026-08-21 11:31:35,24260.25,2026-08-25,24600.0,PE,300.5,300.0,300.65,26398,15441,830,
2026-08-21 11:31:35,24260.25,2026-08-25,24650.0,CE,5.35,5.3,5.35,228960,64347,19841,8.92
2026-08-21 11:31:35,24260.25,2026-08-25,24650.0,PE,349.05,347.05,347.95,3884,2917,119,
2026-08-21 11:31:35,24260.25,2026-08-25,24700.0,CE,3.7,3.7,3.75,277853,122376,6126,9.21
2026-08-21 11:31:35,24260.25,2026-08-25,24700.0,PE,396.45,395.45,396.55,5705,12927,-394,
2026-08-21 11:31:35,24260.25,2026-08-25,24750.0,CE,2.85,2.85,2.9,166089,45112,13407,9.7
2026-08-21 11:31:35,24260.25,2026-08-25,24750.0,PE,447.0,444.35,445.9,537,1460,-16,
2026-08-21 11:32:36,24256.05,2026-08-25,23750.0,CE,560.15,557.8,560.35,249,726,-24,18.33
2026-08-21 11:32:36,24256.05,2026-08-25,23750.0,PE,4.5,4.45,4.5,183329,45536,10683,11.86
2026-08-21 11:32:36,24256.05,2026-08-25,23800.0,CE,510.85,508.4,510.0,5199,10057,465,16.97
2026-08-21 11:32:36,24256.05,2026-08-25,23800.0,PE,5.0,4.95,5.0,333054,138842,14450,11.15
2026-08-21 11:32:36,24256.05,2026-08-25,23850.0,CE,460.0,460.3,461.55,965,1248,113,15.8
2026-08-21 11:32:36,24256.05,2026-08-25,23850.0,PE,5.9,5.85,5.9,217187,64517,6330,10.57
2026-08-21 11:32:36,24256.05,2026-08-25,23900.0,CE,412.5,411.3,412.4,9203,5338,608,15.02
2026-08-21 11:32:36,24256.05,2026-08-25,23900.0,PE,7.15,7.15,7.2,356193,114715,11084,10.01
2026-08-21 11:32:36,24256.05,2026-08-25,23950.0,CE,364.05,363.15,364.1,6457,3576,327,13.85
2026-08-21 11:32:36,24256.05,2026-08-25,23950.0,PE,9.25,9.2,9.25,254833,61634,13025,9.52
2026-08-21 11:32:36,24256.05,2026-08-25,24000.0,CE,316.8,316.8,316.95,100954,95066,666,12.93
2026-08-21 11:32:36,24256.05,2026-08-25,24000.0,PE,12.35,12.35,12.4,785545,288848,37342,9.13
2026-08-21 11:32:36,24256.05,2026-08-25,24050.0,CE,271.0,270.9,271.5,35541,10320,877,12.01
2026-08-21 11:32:36,24256.05,2026-08-25,24050.0,PE,16.6,16.55,16.6,386328,77259,28697,8.71
2026-08-21 11:32:36,24256.05,2026-08-25,24100.0,CE,227.1,227.1,227.65,234987,53840,6798,11.42
2026-08-21 11:32:36,24256.05,2026-08-25,24100.0,PE,22.7,22.75,22.8,720151,169688,52420,8.34
2026-08-21 11:32:36,24256.05,2026-08-25,24150.0,CE,186.05,185.95,186.4,288550,33060,13794,10.74
2026-08-21 11:32:36,24256.05,2026-08-25,24150.0,PE,31.45,31.45,31.5,697784,133060,61490,7.99
2026-08-21 11:32:36,24256.05,2026-08-25,24200.0,CE,148.7,148.35,148.7,1445503,204994,75631,10.16
2026-08-21 11:32:36,24256.05,2026-08-25,24200.0,PE,43.7,43.6,43.7,2158680,389919,185473,7.69
2026-08-21 11:32:36,24256.05,2026-08-25,24250.0,CE,114.55,114.35,114.55,1650639,156812,92649,9.69
2026-08-21 11:32:36,24256.05,2026-08-25,24250.0,PE,59.7,59.7,59.9,1942883,262203,185626,7.37
2026-08-21 11:32:36,24256.05,2026-08-25,24300.0,CE,85.3,85.15,85.3,2049447,303967,153415,9.3
2026-08-21 11:32:36,24256.05,2026-08-25,24300.0,PE,80.5,80.4,80.6,1751612,263232,148197,7.02
2026-08-21 11:32:36,24256.05,2026-08-25,24350.0,CE,61.1,61.0,61.15,860458,99104,52111,9.0
2026-08-21 11:32:36,24256.05,2026-08-25,24350.0,PE,106.6,106.4,106.65,598942,76258,45578,7.07
2026-08-21 11:32:36,24256.05,2026-08-25,24400.0,CE,42.2,42.1,42.25,963537,190040,63568,8.8
2026-08-21 11:32:36,24256.05,2026-08-25,24400.0,PE,137.7,137.5,137.85,516127,84331,35710,6.07
2026-08-21 11:32:36,24256.05,2026-08-25,24450.0,CE,28.0,27.95,28.05,466840,79387,37388,8.64
2026-08-21 11:32:36,24256.05,2026-08-25,24450.0,PE,173.75,173.55,174.0,120510,20342,11624,5.0
2026-08-21 11:32:36,24256.05,2026-08-25,24500.0,CE,18.15,18.15,18.2,801152,238239,45706,8.56
2026-08-21 11:32:36,24256.05,2026-08-25,24500.0,PE,213.75,213.35,213.85,152091,68285,6700,
2026-08-21 11:32:36,24256.05,2026-08-25,24550.0,CE,11.6,11.6,11.65,402541,75403,28816,8.41
2026-08-21 11:32:36,24256.05,2026-08-25,24550.0,PE,257.35,256.55,257.2,17104,4476,1543,
2026-08-21 11:32:36,24256.05,2026-08-25,24600.0,CE,7.45,7.45,7.5,447129,160124,33483,8.65
2026-08-21 11:32:36,24256.05,2026-08-25,24600.0,PE,303.0,302.2,303.0,26569,15420,809,
2026-08-21 11:32:36,24256.05,2026-08-25,24650.0,CE,5.2,5.2,5.25,229942,64186,19680,8.92
2026-08-21 11:32:36,24256.05,2026-08-25,24650.0,PE,348.75,349.6,350.4,3920,2914,116,
2026-08-21 11:32:36,24256.05,2026-08-25,24700.0,CE,3.7,3.65,3.7,278914,122287,6037,9.21
2026-08-21 11:32:36,24256.05,2026-08-25,24700.0,PE,396.6,397.9,399.1,5728,12924,-397,
2026-08-21 11:32:36,24256.05,2026-08-25,24750.0,CE,2.85,2.85,2.9,166393,45093,13388,9.7
2026-08-21 11:32:36,24256.05,2026-08-25,24750.0,PE,447.05,446.95,448.45,539,1460,-16,
2026-08-21 11:33:36,24258.25,2026-08-25,23750.0,CE,560.15,556.65,559.25,249,726,-24,18.33
2026-08-21 11:33:36,24258.25,2026-08-25,23750.0,PE,4.4,4.4,4.45,183684,45720,10867,11.86
2026-08-21 11:33:36,24258.25,2026-08-25,23800.0,CE,508.0,507.2,508.9,5203,10059,467,16.97
2026-08-21 11:33:36,24258.25,2026-08-25,23800.0,PE,4.95,4.9,4.95,333516,139064,14672,11.15
2026-08-21 11:33:36,24258.25,2026-08-25,23850.0,CE,460.0,459.1,460.45,965,1248,113,15.8
2026-08-21 11:33:36,24258.25,2026-08-25,23850.0,PE,5.85,5.8,5.85,217434,64436,6249,10.57
2026-08-21 11:33:36,24258.25,2026-08-25,23900.0,CE,410.7,410.3,411.45,9212,5339,609,15.02
2026-08-21 11:33:36,24258.25,2026-08-25,23900.0,PE,7.1,7.1,7.15,356465,114756,11125,10.01
2026-08-21 11:33:36,24258.25,2026-08-25,23950.0,CE,363.55,362.2,363.2,6462,3569,320,13.85
2026-08-21 11:33:36,24258.25,2026-08-25,23950.0,PE,9.25,9.15,9.2,254969,61606,12997,9.52
2026-08-21 11:33:36,24258.25,2026-08-25,24000.0,CE,316.25,315.3,316.15,101201,95001,601,12.93
2026-08-21 11:33:36,24258.25,2026-08-25,24000.0,PE,12.35,12.35,12.4,788009,287325,35819,9.13
2026-08-21 11:33:36,24258.25,2026-08-25,24050.0,CE,270.95,270.2,270.8,35668,10220,777,12.01
2026-08-21 11:33:36,24258.25,2026-08-25,24050.0,PE,16.65,16.6,16.7,387006,77088,28526,8.71
2026-08-21 11:33:36,24258.25,2026-08-25,24100.0,CE,226.35,226.35,226.95,235618,53910,6868,11.42
2026-08-21 11:33:36,24258.25,2026-08-25,24100.0,PE,22.8,22.75,22.85,722281,169493,52225,8.34
2026-08-21 11:33:36,24258.25,2026-08-25,24150.0,CE,184.95,185.05,185.5,289260,31883,12617,10.74
2026-08-21 11:33:36,24258.25,2026-08-25,24150.0,PE,31.7,31.6,31.7,698677,133126,61556,7.99
2026-08-21 11:33:36,24258.25,2026-08-25,24200.0,CE,147.65,147.75,148.0,1448168,203408,74045,10.16
2026-08-21 11:33:36,24258.25,2026-08-25,24200.0,PE,43.9,43.8,43.9,2162596,390561,186115,7.69
2026-08-21 11:33:36,24258.25,2026-08-25,24250.0,CE,113.95,113.65,114.0,1654156,154564,90401,9.69
2026-08-21 11:33:36,24258.25,2026-08-25,24250.0,PE,60.25,60.15,60.25,1947968,259144,182567,7.37
2026-08-21 11:33:36,24258.25,2026-08-25,24300.0,CE,84.7,84.7,84.9,2055883,303650,153098,9.3
2026-08-21 11:33:36,24258.25,2026-08-25,24300.0,PE,81.0,81.0,81.1,1758307,261918,146883,7.02
2026-08-21 11:33:36,24258.25,2026-08-25,24350.0,CE,60.5,60.6,60.65,862536,98552,51559,9.0
2026-08-21 11:33:36,24258.25,2026-08-25,24350.0,PE,107.35,107.05,107.35,600916,74638,43958,6.61
2026-08-21 11:33:36,24258.25,2026-08-25,24400.0,CE,41.9,41.9,41.95,965168,190105,63633,8.8
2026-08-21 11:33:36,24258.25,2026-08-25,24400.0,PE,138.5,138.15,138.5,518165,83865,35244,6.07
2026-08-21 11:33:36,24258.25,2026-08-25,24450.0,CE,27.85,27.8,27.9,468130,79977,37978,8.64
2026-08-21 11:33:36,24258.25,2026-08-25,24450.0,PE,174.65,174.2,174.65,120787,20449,11731,5.0
2026-08-21 11:33:36,24258.25,2026-08-25,24500.0,CE,18.05,17.95,18.05,803518,237812,45279,8.56
2026-08-21 11:33:36,24258.25,2026-08-25,24500.0,PE,214.2,214.25,214.75,152616,68669,7084,
2026-08-21 11:33:36,24258.25,2026-08-25,24550.0,CE,11.55,11.5,11.55,403597,75672,29085,8.58
2026-08-21 11:33:36,24258.25,2026-08-25,24550.0,PE,257.8,257.3,258.0,17145,4487,1554,
2026-08-21 11:33:36,24258.25,2026-08-25,24600.0,CE,7.35,7.35,7.4,447644,159825,33184,8.65
2026-08-21 11:33:36,24258.25,2026-08-25,24600.0,PE,303.25,303.05,303.8,26606,15430,819,
2026-08-21 11:33:36,24258.25,2026-08-25,24650.0,CE,5.2,5.15,5.2,230114,64372,19866,8.92
2026-08-21 11:33:36,24258.25,2026-08-25,24650.0,PE,351.75,350.45,351.3,3948,2898,100,
2026-08-21 11:33:36,24258.25,2026-08-25,24700.0,CE,3.7,3.65,3.7,279075,122477,6227,9.21
2026-08-21 11:33:36,24258.25,2026-08-25,24700.0,PE,397.5,399.05,400.25,5733,12921,-400,
2026-08-21 11:33:36,24258.25,2026-08-25,24750.0,CE,2.9,2.85,2.9,166601,45050,13345,9.7
2026-08-21 11:33:36,24258.25,2026-08-25,24750.0,PE,446.75,448.05,449.6,541,1448,-28,
2026-08-21 11:34:36,24259.05,2026-08-25,23750.0,CE,560.15,559.65,562.3,249,726,-24,18.33
2026-08-21 11:34:36,24259.05,2026-08-25,23750.0,PE,4.4,4.35,4.4,183804,45753,10900,11.86
2026-08-21 11:34:36,24259.05,2026-08-25,23800.0,CE,508.0,509.95,511.55,5203,10059,467,16.97
2026-08-21 11:34:36,24259.05,2026-08-25,23800.0,PE,4.9,4.9,4.95,333805,138972,14580,11.15
2026-08-21 11:34:36,24259.05,2026-08-25,23850.0,CE,460.0,461.4,462.95,965,1248,113,15.8
2026-08-21 11:34:36,24259.05,2026-08-25,23850.0,PE,5.8,5.75,5.8,217573,64410,6223,10.57
2026-08-21 11:34:36,24259.05,2026-08-25,23900.0,CE,413.2,413.05,413.9,9220,5344,614,15.02
2026-08-21 11:34:36,24259.05,2026-08-25,23900.0,PE,7.1,7.05,7.1,357082,114703,11072,10.01
2026-08-21 11:34:36,24259.05,2026-08-25,23950.0,CE,363.05,364.65,365.75,6467,3568,319,13.85
2026-08-21 11:34:36,24259.05,2026-08-25,23950.0,PE,9.1,9.1,9.15,255115,61584,12975,9.52
2026-08-21 11:34:36,24259.05,2026-08-25,24000.0,CE,318.0,317.85,318.2,101477,95011,611,12.93
2026-08-21 11:34:36,24259.05,2026-08-25,24000.0,PE,12.25,12.2,12.25,789947,286658,35152,9.13
2026-08-21 11:34:36,24259.05,2026-08-25,24050.0,CE,272.3,272.45,273.1,35695,10257,814,12.01
2026-08-21 11:34:36,24259.05,2026-08-25,24050.0,PE,16.4,16.4,16.5,387556,77310,28748,8.71
2026-08-21 11:34:36,24259.05,2026-08-25,24100.0,CE,229.2,228.5,229.15,236379,54034,6992,11.42
2026-08-21 11:34:36,24259.05,2026-08-25,24100.0,PE,22.45,22.45,22.5,723195,169186,51918,8.34
2026-08-21 11:34:36,24259.05,2026-08-25,24150.0,CE,187.8,187.65,187.8,289804,31874,12608,10.74
2026-08-21 11:34:36,24259.05,2026-08-25,24150.0,PE,31.05,31.05,31.15,700433,133565,61995,7.99
2026-08-21 11:34:36,24259.05,2026-08-25,24200.0,CE,149.95,149.6,149.95,1450638,203360,73997,10.16
2026-08-21 11:34:36,24259.05,2026-08-25,24200.0,PE,43.2,43.1,43.2,2167159,390782,186336,7.69
2026-08-21 11:34:36,24259.05,2026-08-25,24250.0,CE,115.6,115.45,115.6,1657406,154491,90328,9.69
2026-08-21 11:34:36,24259.05,2026-08-25,24250.0,PE,59.3,59.15,59.3,1952512,261380,184803,7.37
2026-08-21 11:34:36,24259.05,2026-08-25,24300.0,CE,86.05,86.05,86.3,2060759,304117,153565,9.3
2026-08-21 11:34:36,24259.05,2026-08-25,24300.0,PE,79.85,79.65,79.9,1764211,263673,148638,7.02
2026-08-21 11:34:36,24259.05,2026-08-25,24350.0,CE,61.85,61.7,61.85,865072,98345,51352,9.0
2026-08-21 11:34:36,24259.05,2026-08-25,24350.0,PE,105.7,105.5,105.7,603095,75754,45074,6.61
2026-08-21 11:34:36,24259.05,2026-08-25,24400.0,CE,42.7,42.7,42.8,967673,189910,63438,8.8
2026-08-21 11:34:36,24259.05,2026-08-25,24400.0,PE,136.85,136.6,136.9,519801,84817,36196,6.07
2026-08-21 11:34:36,24259.05,2026-08-25,24450.0,CE,28.4,28.4,28.5,469527,80040,38041,8.64
2026-08-21 11:34:36,24259.05,2026-08-25,24450.0,PE,172.75,172.3,172.75,121060,20474,11756,5.0
2026-08-21 11:34:36,24259.05,2026-08-25,24500.0,CE,18.45,18.45,18.5,806211,238498,45965,8.56
2026-08-21 11:34:36,24259.05,2026-08-25,24500.0,PE,212.45,212.2,212.55,152997,68744,7159,
2026-08-21 11:34:36,24259.05,2026-08-25,24550.0,CE,11.75,11.75,11.8,404439,75400,28813,8.58
2026-08-21 11:34:36,24259.05,2026-08-25,24550.0,PE,255.95,255.15,255.8,17199,4505,1572,
2026-08-21 11:34:36,24259.05,2026-08-25,24600.0,CE,7.6,7.55,7.6,448557,159776,33135,8.65
2026-08-21 11:34:36,24259.05,2026-08-25,24600.0,PE,300.35,300.75,301.55,26632,15443,832,
2026-08-21 11:34:36,24259.05,2026-08-25,24650.0,CE,5.3,5.25,5.3,230848,64277,19771,8.92
2026-08-21 11:34:36,24259.05,2026-08-25,24650.0,PE,348.3,348.0,348.9,3989,2907,109,
2026-08-21 11:34:36,24259.05,2026-08-25,24700.0,CE,3.7,3.7,3.75,279596,122596,6346,9.21
2026-08-21 11:34:36,24259.05,2026-08-25,24700.0,PE,397.5,396.4,397.45,5737,12924,-397,
2026-08-21 11:34:36,24259.05,2026-08-25,24750.0,CE,2.85,2.85,2.9,166631,45042,13337,9.7
2026-08-21 11:34:36,24259.05,2026-08-25,24750.0,PE,446.75,445.4,446.8,541,1447,-29,
2026-08-21 11:35:36,24258.0,2026-08-25,23750.0,CE,560.15,558.65,560.75,249,726,-24,18.33
2026-08-21 11:35:36,24258.0,2026-08-25,23750.0,PE,4.45,4.4,4.45,184482,45717,10864,11.86
2026-08-21 11:35:36,24258.0,2026-08-25,23800.0,CE,514.1,508.75,510.6,5205,10059,467,16.97
2026-08-21 11:35:36,24258.0,2026-08-25,23800.0,PE,5.0,4.95,5.0,334939,138864,14472,11.15
2026-08-21 11:35:36,24258.0,2026-08-25,23850.0,CE,460.0,460.8,461.95,965,1248,113,15.8
2026-08-21 11:35:36,24258.0,2026-08-25,23850.0,PE,5.85,5.8,5.85,217923,64278,6091,10.57
2026-08-21 11:35:36,24258.0,2026-08-25,23900.0,CE,411.8,411.6,412.75,9234,5344,614,15.02
2026-08-21 11:35:36,24258.0,2026-08-25,23900.0,PE,7.15,7.1,7.15,357651,114782,11151,10.01
2026-08-21 11:35:36,24258.0,2026-08-25,23950.0,CE,365.0,363.7,364.75,6474,3568,319,13.85
2026-08-21 11:35:36,24258.0,2026-08-25,23950.0,PE,9.15,9.15,9.2,255541,61485,12876,9.52
2026-08-21 11:35:36,24258.0,2026-08-25,24000.0,CE,317.3,317.0,317.65,101801,95090,690,12.93
2026-08-21 11:35:36,24258.0,2026-08-25,24000.0,PE,12.3,12.3,12.35,791926,286154,34648,9.13
2026-08-21 11:35:36,24258.0,2026-08-25,24050.0,CE,272.0,271.4,272.05,35802,10252,809,12.01
2026-08-21 11:35:36,24258.0,2026-08-25,24050.0,PE,16.6,16.55,16.65,388276,77333,28771,8.71
2026-08-21 11:35:36,24258.0,2026-08-25,24100.0,CE,228.05,227.6,228.1,237105,54124,7082,11.42
2026-08-21 11:35:36,24258.0,2026-08-25,24100.0,PE,22.65,22.65,22.7,724890,169116,51848,8.34
2026-08-21 11:35:36,24258.0,2026-08-25,24150.0,CE,187.8,186.4,186.85,290733,31833,12567,10.74
2026-08-21 11:35:36,24258.0,2026-08-25,24150.0,PE,31.3,31.3,31.4,701862,133850,62280,7.99
2026-08-21 11:35:36,24258.0,2026-08-25,24200.0,CE,149.05,148.8,149.05,1455705,202714,73351,10.16
2026-08-21 11:35:36,24258.0,2026-08-25,24200.0,PE,43.5,43.5,43.6,2171293,391106,186660,7.69
2026-08-21 11:35:36,24258.0,2026-08-25,24250.0,CE,114.7,114.7,115.0,1664601,154735,90572,9.69
2026-08-21 11:35:36,24258.0,2026-08-25,24250.0,PE,59.6,59.65,59.8,1958128,262288,185711,7.37
2026-08-21 11:35:36,24258.0,2026-08-25,24300.0,CE,85.55,85.5,85.6,2069145,304109,153557,9.3
2026-08-21 11:35:36,24258.0,2026-08-25,24300.0,PE,80.45,80.3,80.45,1772590,265872,150837,7.02
2026-08-21 11:35:36,24258.0,2026-08-25,24350.0,CE,61.4,61.2,61.35,868189,98126,51133,9.0
2026-08-21 11:35:36,24258.0,2026-08-25,24350.0,PE,106.2,106.25,106.5,605054,76014,45334,6.61
2026-08-21 11:35:36,24258.0,2026-08-25,24400.0,CE,42.25,42.25,42.4,971364,190011,63539,8.8
2026-08-21 11:35:36,24258.0,2026-08-25,24400.0,PE,137.65,137.35,137.7,521645,85314,36693,6.07
2026-08-21 11:35:36,24258.0,2026-08-25,24450.0,CE,28.1,28.1,28.15,471425,79999,38000,8.64
2026-08-21 11:35:36,24258.0,2026-08-25,24450.0,PE,173.2,173.3,173.7,121483,20644,11926,5.0
2026-08-21 11:35:36,24258.0,2026-08-25,24500.0,CE,18.25,18.2,18.25,809765,238712,46179,8.56
2026-08-21 11:35:36,24258.0,2026-08-25,24500.0,PE,212.45,213.0,213.55,153568,68720,7135,
2026-08-21 11:35:36,24258.0,2026-08-25,24550.0,CE,11.6,11.6,11.65,406445,75353,28766,8.58
2026-08-21 11:35:36,24258.0,2026-08-25,24550.0,PE,256.15,256.15,256.8,17317,4510,1577,
2026-08-21 11:35:36,24258.0,2026-08-25,24600.0,CE,7.45,7.4,7.45,450252,159821,33180,8.65
2026-08-21 11:35:36,24258.0,2026-08-25,24600.0,PE,302.55,301.75,302.55,26678,15449,838,
2026-08-21 11:35:36,24258.0,2026-08-25,24650.0,CE,5.2,5.15,5.2,231444,64220,19714,8.92
2026-08-21 11:35:36,24258.0,2026-08-25,24650.0,PE,348.05,349.0,350.05,4000,2914,116,
2026-08-21 11:35:36,24258.0,2026-08-25,24700.0,CE,3.7,3.65,3.7,279983,122592,6342,9.21
2026-08-21 11:35:36,24258.0,2026-08-25,24700.0,PE,396.45,397.45,398.65,5763,12903,-418,
2026-08-21 11:35:36,24258.0,2026-08-25,24750.0,CE,2.8,2.8,2.85,166836,45070,13365,9.7
2026-08-21 11:35:36,24258.0,2026-08-25,24750.0,PE,443.05,446.65,448.0,549,1447,-29,
2026-08-21 11:36:36,24258.05,2026-08-25,23750.0,CE,560.15,557.7,560.15,249,726,-24,18.33
2026-08-21 11:36:36,24258.05,2026-08-25,23750.0,PE,4.45,4.4,4.45,184595,45754,10901,11.86
2026-08-21 11:36:36,24258.05,2026-08-25,23800.0,CE,511.1,508.35,510.1,5207,10061,469,16.97
2026-08-21 11:36:36,24258.05,2026-08-25,23800.0,PE,5.0,4.95,5.0,335230,138754,14362,11.15
2026-08-21 11:36:36,24258.05,2026-08-25,23850.0,CE,460.0,459.85,461.4,965,1248,113,15.8
2026-08-21 11:36:36,24258.05,2026-08-25,23850.0,PE,5.85,5.8,5.85,218126,64279,6092,10.57
2026-08-21 11:36:36,24258.05,2026-08-25,23900.0,CE,413.1,410.95,412.2,9237,5336,606,15.02
2026-08-21 11:36:36,24258.05,2026-08-25,23900.0,PE,7.15,7.15,7.2,358431,114703,11072,10.01
2026-08-21 11:36:36,24258.05,2026-08-25,23950.0,CE,365.7,363.2,364.25,6492,3568,319,13.85
2026-08-21 11:36:36,24258.05,2026-08-25,23950.0,PE,9.15,9.15,9.2,255852,61555,12946,9.52
2026-08-21 11:36:36,24258.05,2026-08-25,24000.0,CE,316.3,316.3,316.95,101914,95067,667,12.93
2026-08-21 11:36:36,24258.05,2026-08-25,24000.0,PE,12.3,12.3,12.35,793422,285663,34157,9.13
2026-08-21 11:36:36,24258.05,2026-08-25,24050.0,CE,271.45,271.0,271.2,35821,10267,824,12.01
2026-08-21 11:36:36,24258.05,2026-08-25,24050.0,PE,16.6,16.55,16.6,388991,77466,28904,8.71
2026-08-21 11:36:36,24258.05,2026-08-25,24100.0,CE,227.05,227.1,227.3,237609,54163,7121,11.42
2026-08-21 11:36:36,24258.05,2026-08-25,24100.0,PE,22.65,22.65,22.7,725906,169111,51843,8.34
2026-08-21 11:36:36,24258.05,2026-08-25,24150.0,CE,186.0,185.8,186.1,291222,31945,12679,10.74
2026-08-21 11:36:36,24258.05,2026-08-25,24150.0,PE,31.45,31.4,31.5,702813,133811,62241,7.99
2026-08-21 11:36:36,24258.05,2026-08-25,24200.0,CE,148.3,148.3,148.45,1457688,202982,73619,10.16
2026-08-21 11:36:36,24258.05,2026-08-25,24200.0,PE,43.7,43.65,43.7,2174331,391022,186576,7.69
2026-08-21 11:36:36,24258.05,2026-08-25,24250.0,CE,114.6,114.35,114.6,1667572,155295,91132,9.69
2026-08-21 11:36:36,24258.05,2026-08-25,24250.0,PE,59.9,59.8,59.9,1962344,261831,185254,7.37
2026-08-21 11:36:36,24258.05,2026-08-25,24300.0,CE,85.3,85.2,85.45,2073430,305581,155029,9.3
2026-08-21 11:36:36,24258.05,2026-08-25,24300.0,PE,80.55,80.35,80.55,1776055,265248,150213,7.02
2026-08-21 11:36:36,24258.05,2026-08-25,24350.0,CE,61.2,61.0,61.2,870771,98495,51502,9.0
2026-08-21 11:36:36,24258.05,2026-08-25,24350.0,PE,106.75,106.45,106.7,605955,76092,45412,6.61
2026-08-21 11:36:36,24258.05,2026-08-25,24400.0,CE,42.1,42.1,42.2,973716,190367,63895,8.8
2026-08-21 11:36:36,24258.05,2026-08-25,24400.0,PE,137.95,137.6,137.95,523019,85473,36852,6.07
2026-08-21 11:36:36,24258.05,2026-08-25,24450.0,CE,28.05,27.95,28.05,473182,80190,38191,8.64
2026-08-21 11:36:36,24258.05,2026-08-25,24450.0,PE,173.75,173.4,173.8,121672,20599,11881,5.0
2026-08-21 11:36:36,24258.05,2026-08-25,24500.0,CE,18.05,18.05,18.1,812498,239075,46542,8.56
2026-08-21 11:36:36,24258.05,2026-08-25,24500.0,PE,213.65,213.65,214.0,153898,68794,7209,
2026-08-21 11:36:36,24258.05,2026-08-25,24550.0,CE,11.5,11.5,11.55,407898,75494,28907,8.58
2026-08-21 11:36:36,24258.05,2026-08-25,24550.0,PE,256.2,256.85,257.5,17344,4500,1567,
2026-08-21 11:36:36,24258.05,2026-08-25,24600.0,CE,7.35,7.35,7.4,451850,159739,33098,8.65
2026-08-21 11:36:36,24258.05,2026-08-25,24600.0,PE,301.9,302.45,303.0,26688,15436,825,
2026-08-21 11:36:36,24258.05,2026-08-25,24650.0,CE,5.15,5.15,5.2,232064,64147,19641,8.92
2026-08-21 11:36:36,24258.05,2026-08-25,24650.0,PE,349.65,349.45,350.35,4003,2914,116,
2026-08-21 11:36:36,24258.05,2026-08-25,24700.0,CE,3.65,3.6,3.65,280723,122338,6088,9.21
2026-08-21 11:36:36,24258.05,2026-08-25,24700.0,PE,398.55,398.0,399.25,5770,12903,-418,
2026-08-21 11:36:36,24258.05,2026-08-25,24750.0,CE,2.85,2.8,2.85,167350,45113,13408,9.7
2026-08-21 11:36:36,24258.05,2026-08-25,24750.0,PE,443.05,447.0,448.45,549,1447,-29,
2026-08-21 11:37:37,24255.5,2026-08-25,23750.0,CE,560.15,555.75,558.55,249,726,-24,18.33
2026-08-21 11:37:37,24255.5,2026-08-25,23750.0,PE,4.5,4.45,4.5,185011,45844,10991,11.86
2026-08-21 11:37:37,24255.5,2026-08-25,23800.0,CE,507.0,505.6,507.1,5215,10056,464,16.97
2026-08-21 11:37:37,24255.5,2026-08-25,23800.0,PE,5.0,4.95,5.0,336306,139065,14673,11.15
2026-08-21 11:37:37,24255.5,2026-08-25,23850.0,CE,460.0,457.4,458.5,967,1248,113,15.8
2026-08-21 11:37:37,24255.5,2026-08-25,23850.0,PE,5.85,5.85,5.9,218608,64282,6095,10.57
2026-08-21 11:37:37,24255.5,2026-08-25,23900.0,CE,410.0,409.5,410.8,9249,5340,610,15.02
2026-08-21 11:37:37,24255.5,2026-08-25,23900.0,PE,7.2,7.15,7.2,359523,114922,11291,10.01
2026-08-21 11:37:37,24255.5,2026-08-25,23950.0,CE,362.7,360.6,361.55,6515,3576,327,13.85
2026-08-21 11:37:37,24255.5,2026-08-25,23950.0,PE,9.25,9.25,9.3,256507,61660,13051,9.52
2026-08-21 11:37:37,24255.5,2026-08-25,24000.0,CE,314.3,313.7,314.45,102233,95028,628,12.93
2026-08-21 11:37:37,24255.5,2026-08-25,24000.0,PE,12.5,12.45,12.5,796673,285141,33635,9.13
2026-08-21 11:37:37,24255.5,2026-08-25,24050.0,CE,268.5,268.5,269.0,36014,10318,875,12.01
2026-08-21 11:37:37,24255.5,2026-08-25,24050.0,PE,16.85,16.8,16.85,390114,77694,29132,8.71
2026-08-21 11:37:37,24255.5,2026-08-25,24100.0,CE,224.4,224.65,225.0,238672,54083,7041,11.42
2026-08-21 11:37:37,24255.5,2026-08-25,24100.0,PE,23.1,23.0,23.1,728157,169113,51845,8.34
2026-08-21 11:37:37,24255.5,2026-08-25,24150.0,CE,184.5,184.5,184.95,292393,32040,12774,10.74
2026-08-21 11:37:37,24255.5,2026-08-25,24150.0,PE,31.75,31.65,31.75,705142,134111,62541,7.99
2026-08-21 11:37:37,24255.5,2026-08-25,24200.0,CE,147.05,147.05,147.3,1463270,203226,73863,10.16
2026-08-21 11:37:37,24255.5,2026-08-25,24200.0,PE,44.0,44.0,44.1,2180852,390130,185684,7.69
2026-08-21 11:37:37,24255.5,2026-08-25,24250.0,CE,112.7,112.7,113.0,1676587,156798,92635,9.69
2026-08-21 11:37:37,24255.5,2026-08-25,24250.0,PE,60.6,60.6,60.8,1971826,261742,185165,7.37
2026-08-21 11:37:37,24255.5,2026-08-25,24300.0,CE,83.85,83.65,83.85,2083409,307058,156506,9.3
2026-08-21 11:37:37,24255.5,2026-08-25,24300.0,PE,81.9,81.7,81.9,1786893,264060,149025,7.02
2026-08-21 11:37:37,24255.5,2026-08-25,24350.0,CE,59.9,59.75,59.95,875515,98436,51443,9.0
2026-08-21 11:37:37,24255.5,2026-08-25,24350.0,PE,108.2,108.1,108.2,609833,75814,45134,6.61
2026-08-21 11:37:37,24255.5,2026-08-25,24400.0,CE,41.25,41.2,41.25,978367,190610,64138,8.8
2026-08-21 11:37:37,24255.5,2026-08-25,24400.0,PE,139.7,139.5,139.7,525682,85482,36861,6.07
2026-08-21 11:37:37,24255.5,2026-08-25,24450.0,CE,27.25,27.25,27.35,475635,80243,38244,8.64
2026-08-21 11:37:37,24255.5,2026-08-25,24450.0,PE,175.8,175.6,176.0,122734,20716,11998,5.0
2026-08-21 11:37:37,24255.5,2026-08-25,24500.0,CE,17.85,17.85,17.95,816728,239244,46711,8.56
2026-08-21 11:37:37,24255.5,2026-08-25,24500.0,PE,214.75,214.75,215.3,154767,68797,7212,
2026-08-21 11:37:37,24255.5,2026-08-25,24550.0,CE,11.4,11.35,11.4,409684,75624,29037,8.58
2026-08-21 11:37:37,24255.5,2026-08-25,24550.0,PE,259.0,258.1,258.85,17388,4491,1558,
2026-08-21 11:37:37,24255.5,2026-08-25,24600.0,CE,7.25,7.25,7.3,453242,159624,32983,8.65
2026-08-21 11:37:37,24255.5,2026-08-25,24600.0,PE,304.8,303.9,304.7,26773,15455,844,
2026-08-21 11:37:37,24255.5,2026-08-25,24650.0,CE,5.05,5.0,5.05,232698,63892,19386,8.92
2026-08-21 11:37:37,24255.5,2026-08-25,24650.0,PE,352.15,352.2,353.15,4022,2904,106,
2026-08-21 11:37:37,24255.5,2026-08-25,24700.0,CE,3.6,3.55,3.6,281257,122285,6035,9.21
2026-08-21 11:37:37,24255.5,2026-08-25,24700.0,PE,401.5,400.6,401.75,5814,12912,-409,
2026-08-21 11:37:37,24255.5,2026-08-25,24750.0,CE,2.85,2.8,2.85,167587,45152,13447,9.7
2026-08-21 11:37:37,24255.5,2026-08-25,24750.0,PE,447.25,449.85,451.25,550,1448,-28,
2026-08-21 11:38:37,24257.1,2026-08-25,23750.0,CE,560.15,556.45,558.05,249,726,-24,18.33
2026-08-21 11:38:37,24257.1,2026-08-25,23750.0,PE,4.5,4.45,4.5,185036,45844,10991,11.86
2026-08-21 11:38:37,24257.1,2026-08-25,23800.0,CE,507.0,506.15,507.85,5215,10056,464,16.97
2026-08-21 11:38:37,24257.1,2026-08-25,23800.0,PE,4.95,4.95,5.0,336538,139044,14652,11.15
2026-08-21 11:38:37,24257.1,2026-08-25,23850.0,CE,460.0,458.2,459.2,967,1248,113,15.8
2026-08-21 11:38:37,24257.1,2026-08-25,23850.0,PE,5.9,5.85,5.9,218834,64316,6129,10.57
2026-08-21 11:38:37,24257.1,2026-08-25,23900.0,CE,411.05,409.05,410.2,9251,5340,610,15.02
2026-08-21 11:38:37,24257.1,2026-08-25,23900.0,PE,7.2,7.15,7.2,359641,114932,11301,10.01
2026-08-21 11:38:37,24257.1,2026-08-25,23950.0,CE,361.5,361.0,361.95,6531,3585,336,13.85
2026-08-21 11:38:37,24257.1,2026-08-25,23950.0,PE,9.25,9.2,9.3,256737,61823,13214,9.52
2026-08-21 11:38:37,24257.1,2026-08-25,24000.0,CE,315.3,314.6,315.0,102299,95059,659,12.93
2026-08-21 11:38:37,24257.1,2026-08-25,24000.0,PE,12.4,12.4,12.45,798385,285426,33920,9.13
2026-08-21 11:38:37,24257.1,2026-08-25,24050.0,CE,269.3,268.8,269.5,36061,10325,882,12.01
2026-08-21 11:38:37,24257.1,2026-08-25,24050.0,PE,16.7,16.7,16.75,390591,77944,29382,8.71
2026-08-21 11:38:37,24257.1,2026-08-25,24100.0,CE,225.6,225.05,225.6,239183,54005,6963,11.42
2026-08-21 11:38:37,24257.1,2026-08-25,24100.0,PE,23.0,22.9,23.0,728891,169089,51821,8.34
2026-08-21 11:38:37,24257.1,2026-08-25,24150.0,CE,184.6,184.05,184.5,292788,31972,12706,10.74
2026-08-21 11:38:37,24257.1,2026-08-25,24150.0,PE,31.75,31.7,31.75,706137,134003,62433,7.99
2026-08-21 11:38:37,24257.1,2026-08-25,24200.0,CE,146.6,146.65,147.0,1464603,202464,73101,10.16
2026-08-21 11:38:37,24257.1,2026-08-25,24200.0,PE,44.15,44.15,44.25,2184203,390583,186137,7.69
2026-08-21 11:38:37,24257.1,2026-08-25,24250.0,CE,113.0,112.8,113.0,1679500,156753,92590,9.69
2026-08-21 11:38:37,24257.1,2026-08-25,24250.0,PE,60.8,60.65,60.8,1975337,262313,185736,7.37
2026-08-21 11:38:37,24257.1,2026-08-25,24300.0,CE,84.0,84.0,84.1,2086227,307640,157088,9.3
2026-08-21 11:38:37,24257.1,2026-08-25,24300.0,PE,81.5,81.5,81.7,1789834,263870,148835,7.02
2026-08-21 11:38:37,24257.1,2026-08-25,24350.0,CE,60.05,60.05,60.1,877115,98519,51526,9.0
2026-08-21 11:38:37,24257.1,2026-08-25,24350.0,PE,108.0,107.85,108.0,611311,75523,44843,6.61
2026-08-21 11:38:37,24257.1,2026-08-25,24400.0,CE,41.4,41.35,41.4,979749,190605,64133,8.8
2026-08-21 11:38:37,24257.1,2026-08-25,24400.0,PE,139.45,139.15,139.4,526762,85504,36883,6.07
2026-08-21 11:38:37,24257.1,2026-08-25,24450.0,CE,27.35,27.3,27.4,476504,80295,38296,8.64
2026-08-21 11:38:37,24257.1,2026-08-25,24450.0,PE,175.4,175.25,175.4,122950,20908,12190,5.0
2026-08-21 11:38:37,24257.1,2026-08-25,24500.0,CE,17.75,17.7,17.75,818510,239192,46659,8.56
2026-08-21 11:38:37,24257.1,2026-08-25,24500.0,PE,215.0,215.25,215.4,154980,68738,7153,
2026-08-21 11:38:37,24257.1,2026-08-25,24550.0,CE,11.25,11.2,11.25,410697,75574,28987,8.58
2026-08-21 11:38:37,24257.1,2026-08-25,24550.0,PE,259.0,258.5,259.2,17416,4488,1555,
2026-08-21 11:38:37,24257.1,2026-08-25,24600.0,CE,7.25,7.2,7.25,453672,159643,33002,8.65
2026-08-21 11:38:37,24257.1,2026-08-25,24600.0,PE,304.0,304.4,305.2,26858,15455,844,
2026-08-21 11:38:37,24257.1,2026-08-25,24650.0,CE,5.05,5.0,5.05,233235,63958,19452,8.92
2026-08-21 11:38:37,24257.1,2026-08-25,24650.0,PE,351.9,351.75,352.0,4026,2906,108,
2026-08-21 11:38:37,24257.1,2026-08-25,24700.0,CE,3.6,3.55,3.6,281528,122205,5955,9.21
2026-08-21 11:38:37,24257.1,2026-08-25,24700.0,PE,400.65,400.05,400.65,5824,12912,-409,
2026-08-21 11:38:37,24257.1,2026-08-25,24750.0,CE,2.8,2.75,2.8,167735,45170,13465,9.7
2026-08-21 11:38:37,24257.1,2026-08-25,24750.0,PE,447.25,449.45,450.7,550,1448,-28,
2026-08-21 11:39:37,24258.3,2026-08-25,23750.0,CE,560.15,555.9,557.8,249,726,-24,18.33
2026-08-21 11:39:37,24258.3,2026-08-25,23750.0,PE,4.45,4.4,4.45,185492,45858,11005,11.86
2026-08-21 11:39:37,24258.3,2026-08-25,23800.0,CE,507.0,505.95,507.55,5215,10056,464,16.97
2026-08-21 11:39:37,24258.3,2026-08-25,23800.0,PE,4.9,4.9,4.95,337160,139044,14652,11.15
2026-08-21 11:39:37,24258.3,2026-08-25,23850.0,CE,460.0,457.85,459.0,967,1248,113,15.8
2026-08-21 11:39:37,24258.3,2026-08-25,23850.0,PE,5.8,5.8,5.85,219067,64316,6129,10.57
2026-08-21 11:39:37,24258.3,2026-08-25,23900.0,CE,409.95,409.0,409.95,9271,5343,613,15.02
2026-08-21 11:39:37,24258.3,2026-08-25,23900.0,PE,7.15,7.15,7.2,359785,114932,11301,10.01
2026-08-21 11:39:37,24258.3,2026-08-25,23950.0,CE,361.5,361.5,361.8,6531,3585,336,13.85
2026-08-21 11:39:37,24258.3,2026-08-25,23950.0,PE,9.2,9.2,9.25,256855,61823,13214,9.52
2026-08-21 11:39:37,24258.3,2026-08-25,24000.0,CE,314.0,314.0,314.7,102417,95059,659,12.93
2026-08-21 11:39:37,24258.3,2026-08-25,24000.0,PE,12.45,12.4,12.45,799165,285426,33920,9.13
2026-08-21 11:39:37,24258.3,2026-08-25,24050.0,CE,269.65,268.75,269.4,36079,10325,882,12.01
2026-08-21 11:39:37,24258.3,2026-08-25,24050.0,PE,16.7,16.7,16.75,390838,77944,29382,8.71
2026-08-21 11:39:37,24258.3,2026-08-25,24100.0,CE,225.45,225.2,225.35,239482,54005,6963,11.42
2026-08-21 11:39:37,24258.3,2026-08-25,24100.0,PE,23.0,22.95,23.0,729423,169089,51821,8.34
2026-08-21 11:39:37,24258.3,2026-08-25,24150.0,CE,184.05,184.2,184.35,293192,31972,12706,10.74
2026-08-21 11:39:37,24258.3,2026-08-25,24150.0,PE,31.8,31.75,31.85,707581,134003,62433,7.99
2026-08-21 11:39:37,24258.3,2026-08-25,24200.0,CE,146.95,146.6,146.95,1465975,202464,73101,10.16
2026-08-21 11:39:37,24258.3,2026-08-25,24200.0,PE,44.35,44.3,44.35,2187355,390583,186137,7.69
2026-08-21 11:39:37,24258.3,2026-08-25,24250.0,CE,112.9,112.7,112.9,1681566,156753,92590,9.69
2026-08-21 11:39:37,24258.3,2026-08-25,24250.0,PE,60.8,60.75,60.8,1978922,262313,185736,7.37
2026-08-21 11:39:37,24258.3,2026-08-25,24300.0,CE,83.95,83.8,83.95,2089145,307640,157088,9.3
2026-08-21 11:39:37,24258.3,2026-08-25,24300.0,PE,81.75,81.55,81.75,1792013,263870,148835,7.02
2026-08-21 11:39:37,24258.3,2026-08-25,24350.0,CE,59.95,59.9,59.95,878033,98519,51526,9.0
2026-08-21 11:39:37,24258.3,2026-08-25,24350.0,PE,108.0,107.95,108.0,612333,75523,44843,6.61
2026-08-21 11:39:37,24258.3,2026-08-25,24400.0,CE,41.2,41.2,41.3,981097,190605,64133,8.8
2026-08-21 11:39:37,24258.3,2026-08-25,24400.0,PE,139.45,139.1,139.45,527532,85504,36883,6.07
2026-08-21 11:39:37,24258.3,2026-08-25,24450.0,CE,27.3,27.2,27.3,477090,80295,38296,8.64
2026-08-21 11:39:37,24258.3,2026-08-25,24450.0,PE,175.2,175.35,175.45,123005,20908,12190,5.0
2026-08-21 11:39:37,24258.3,2026-08-25,24500.0,CE,17.6,17.6,17.65,819650,239192,46659,8.56
2026-08-21 11:39:37,24258.3,2026-08-25,24500.0,PE,215.9,215.5,215.9,155168,68738,7153,
2026-08-21 11:39:37,24258.3,2026-08-25,24550.0,CE,11.15,11.15,11.2,411396,75574,28987,8.58
2026-08-21 11:39:37,24258.3,2026-08-25,24550.0,PE,258.8,258.85,259.4,17533,4488,1555,
2026-08-21 11:39:37,24258.3,2026-08-25,24600.0,CE,7.2,7.15,7.2,454333,159643,33002,8.65
2026-08-21 11:39:37,24258.3,2026-08-25,24600.0,PE,305.5,304.6,305.35,26900,15494,883,
2026-08-21 11:39:37,24258.3,2026-08-25,24650.0,CE,5.05,5.0,5.05,233439,63958,19452,8.92
2026-08-21 11:39:37,24258.3,2026-08-25,24650.0,PE,351.85,351.85,352.7,4031,2906,108,
2026-08-21 11:39:37,24258.3,2026-08-25,24700.0,CE,3.55,3.5,3.55,282174,122205,5955,9.21
2026-08-21 11:39:37,24258.3,2026-08-25,24700.0,PE,400.95,400.2,401.4,5839,12905,-416,
2026-08-21 11:39:37,24258.3,2026-08-25,24750.0,CE,2.8,2.75,2.8,167788,45170,13465,9.7
2026-08-21 11:39:37,24258.3,2026-08-25,24750.0,PE,447.25,449.5,450.8,550,1448,-28,
2026-08-21 11:40:37,24256.85,2026-08-25,23750.0,CE,560.15,554.0,556.35,249,726,-24,18.33
2026-08-21 11:40:37,24256.85,2026-08-25,23750.0,PE,4.35,4.35,4.4,185630,46249,11396,11.86
2026-08-21 11:40:37,24256.85,2026-08-25,23800.0,CE,506.25,503.65,505.8,5218,10056,464,16.97
2026-08-21 11:40:37,24256.85,2026-08-25,23800.0,PE,4.85,4.85,4.9,337862,139391,14999,11.15
2026-08-21 11:40:37,24256.85,2026-08-25,23850.0,CE,458.05,456.25,457.4,969,1250,115,15.8
2026-08-21 11:40:37,24256.85,2026-08-25,23850.0,PE,5.8,5.75,5.8,219439,64344,6157,10.57
2026-08-21 11:40:37,24256.85,2026-08-25,23900.0,CE,408.0,407.05,408.25,9288,5351,621,15.02
2026-08-21 11:40:37,24256.85,2026-08-25,23900.0,PE,7.1,7.1,7.15,360136,114844,11213,10.01
2026-08-21 11:40:37,24256.85,2026-08-25,23950.0,CE,361.1,358.75,359.85,6535,3576,327,13.85
2026-08-21 11:40:37,24256.85,2026-08-25,23950.0,PE,9.25,9.2,9.25,257624,61802,13193,9.52
2026-08-21 11:40:37,24256.85,2026-08-25,24000.0,CE,312.8,312.45,313.25,102840,95027,627,12.93
2026-08-21 11:40:37,24256.85,2026-08-25,24000.0,PE,12.45,12.35,12.45,801411,285428,33922,9.13
2026-08-21 11:40:37,24256.85,2026-08-25,24050.0,CE,266.65,266.9,267.55,36225,10335,892,12.01
2026-08-21 11:40:37,24256.85,2026-08-25,24050.0,PE,16.7,16.7,16.8,391743,77835,29273,8.71
2026-08-21 11:40:37,24256.85,2026-08-25,24100.0,CE,223.4,223.05,223.6,240633,54257,7215,11.42
2026-08-21 11:40:37,24256.85,2026-08-25,24100.0,PE,23.05,23.0,23.05,730564,169070,51802,8.34
2026-08-21 11:40:37,24256.85,2026-08-25,24150.0,CE,182.75,182.25,182.7,294333,32172,12906,10.74
2026-08-21 11:40:37,24256.85,2026-08-25,24150.0,PE,31.9,31.9,31.95,709656,133402,61832,7.99
2026-08-21 11:40:37,24256.85,2026-08-25,24200.0,CE,145.0,145.0,145.3,1472319,202828,73465,10.16
2026-08-21 11:40:37,24256.85,2026-08-25,24200.0,PE,44.45,44.45,44.5,2192844,390264,185818,7.69
2026-08-21 11:40:37,24256.85,2026-08-25,24250.0,CE,111.6,111.35,111.65,1688480,157546,93383,9.69
2026-08-21 11:40:37,24256.85,2026-08-25,24250.0,PE,61.25,61.15,61.25,1986489,262767,186190,7.37
2026-08-21 11:40:37,24256.85,2026-08-25,24300.0,CE,82.75,82.65,82.8,2098384,308895,158343,9.3
2026-08-21 11:40:37,24256.85,2026-08-25,24300.0,PE,82.55,82.35,82.55,1800640,264126,149091,7.02
2026-08-21 11:40:37,24256.85,2026-08-25,24350.0,CE,59.2,59.0,59.2,882432,98767,51774,9.0
2026-08-21 11:40:37,24256.85,2026-08-25,24350.0,PE,108.7,108.65,108.9,614820,75320,44640,6.61
2026-08-21 11:40:37,24256.85,2026-08-25,24400.0,CE,40.55,40.55,40.6,985257,190582,64110,8.8
2026-08-21 11:40:37,24256.85,2026-08-25,24400.0,PE,140.55,140.2,140.6,529871,85629,37008,6.07
2026-08-21 11:40:37,24256.85,2026-08-25,24450.0,CE,26.6,26.65,26.75,479382,80305,38306,8.64
2026-08-21 11:40:37,24256.85,2026-08-25,24450.0,PE,176.8,176.6,177.0,123297,20842,12124,5.0
2026-08-21 11:40:37,24256.85,2026-08-25,24500.0,CE,17.2,17.2,17.25,823309,239165,46632,8.56
2026-08-21 11:40:37,24256.85,2026-08-25,24500.0,PE,216.95,217.0,217.4,155702,68730,7145,
2026-08-21 11:40:37,24256.85,2026-08-25,24550.0,CE,10.9,10.9,10.95,414488,75925,29338,8.58
2026-08-21 11:40:37,24256.85,2026-08-25,24550.0,PE,260.55,260.3,261.0,17624,4548,1615,
2026-08-21 11:40:37,24256.85,2026-08-25,24600.0,CE,7.0,7.0,7.05,456547,159620,32979,8.65
2026-08-21 11:40:37,24256.85,2026-08-25,24600.0,PE,306.95,306.15,306.95,27012,15496,885,
2026-08-21 11:40:37,24256.85,2026-08-25,24650.0,CE,4.85,4.85,4.9,234426,63988,19482,8.92
2026-08-21 11:40:37,24256.85,2026-08-25,24650.0,PE,354.0,353.7,354.65,4048,2902,104,
2026-08-21 11:40:37,24256.85,2026-08-25,24700.0,CE,3.45,3.45,3.5,283881,122153,5903,9.21
2026-08-21 11:40:37,24256.85,2026-08-25,24700.0,PE,402.05,401.75,402.95,5874,12907,-414,
2026-08-21 11:40:37,24256.85,2026-08-25,24750.0,CE,2.7,2.7,2.75,168050,45272,13567,9.7
2026-08-21 11:40:37,24256.85,2026-08-25,24750.0,PE,447.25,450.95,453.2,550,1448,-28,
2026-08-21 11:41:38,24255.7,2026-08-25,23750.0,CE,552.8,552.8,554.55,252,727,-23,18.08
2026-08-21 11:41:38,24255.7,2026-08-25,23750.0,PE,4.35,4.3,4.35,185919,46303,11450,11.83
2026-08-21 11:41:38,24255.7,2026-08-25,23800.0,CE,502.65,502.65,504.15,5242,10055,463,15.95
2026-08-21 11:41:38,24255.7,2026-08-25,23800.0,PE,4.85,4.85,4.9,338441,139284,14892,11.16
2026-08-21 11:41:38,24255.7,2026-08-25,23850.0,CE,454.75,454.55,455.7,977,1252,117,15.04
2026-08-21 11:41:38,24255.7,2026-08-25,23850.0,PE,5.8,5.75,5.8,219967,64382,6195,10.54
2026-08-21 11:41:38,24255.7,2026-08-25,23900.0,CE,405.6,405.55,406.65,9326,5348,618,13.95
2026-08-21 11:41:38,24255.7,2026-08-25,23900.0,PE,7.2,7.15,7.2,360524,115059,11428,10.01
2026-08-21 11:41:38,24255.7,2026-08-25,23950.0,CE,357.2,357.55,358.55,6569,3576,327,12.97
2026-08-21 11:41:38,24255.7,2026-08-25,23950.0,PE,9.3,9.25,9.3,257990,61484,12875,9.56
2026-08-21 11:41:38,24255.7,2026-08-25,24000.0,CE,311.0,311.0,311.7,103073,95103,703,12.24
2026-08-21 11:41:38,24255.7,2026-08-25,24000.0,PE,12.55,12.55,12.6,803018,284745,33239,9.17
2026-08-21 11:41:38,24255.7,2026-08-25,24050.0,CE,266.0,266.0,266.3,36322,10344,901,11.39
2026-08-21 11:41:38,24255.7,2026-08-25,24050.0,PE,16.95,16.9,16.95,392170,77541,28979,8.78
2026-08-21 11:41:38,24255.7,2026-08-25,24100.0,CE,221.85,221.75,222.25,241282,54261,7219,10.73
2026-08-21 11:41:38,24255.7,2026-08-25,24100.0,PE,23.3,23.25,23.3,731706,168988,51720,8.42
2026-08-21 11:41:38,24255.7,2026-08-25,24150.0,CE,181.65,181.15,181.6,295187,32268,13002,10.16
2026-08-21 11:41:38,24255.7,2026-08-25,24150.0,PE,32.35,32.25,32.35,713284,133360,61790,8.1
2026-08-21 11:41:38,24255.7,2026-08-25,24200.0,CE,144.0,144.0,144.2,1476354,204440,75077,9.69
2026-08-21 11:41:38,24255.7,2026-08-25,24200.0,PE,45.0,44.95,45.0,2198826,389579,185133,7.84
2026-08-21 11:41:38,24255.7,2026-08-25,24250.0,CE,110.7,110.4,110.6,1693762,158710,94547,9.26
2026-08-21 11:41:38,24255.7,2026-08-25,24250.0,PE,61.7,61.7,61.85,1992201,260779,184202,7.59
2026-08-21 11:41:38,24255.7,2026-08-25,24300.0,CE,82.05,82.0,82.05,2105732,311038,160486,8.96
2026-08-21 11:41:38,24255.7,2026-08-25,24300.0,PE,83.2,83.15,83.2,1807332,261234,146199,7.29
2026-08-21 11:41:38,24255.7,2026-08-25,24350.0,CE,58.25,58.2,58.35,886185,98794,51801,8.7
2026-08-21 11:41:38,24255.7,2026-08-25,24350.0,PE,109.65,109.65,109.9,617038,74765,44085,6.98
2026-08-21 11:41:38,24255.7,2026-08-25,24400.0,CE,40.0,40.05,40.1,989231,190845,64373,8.53
2026-08-21 11:41:38,24255.7,2026-08-25,24400.0,PE,141.2,141.25,141.6,531998,85547,36926,6.55
2026-08-21 11:41:38,24255.7,2026-08-25,24450.0,CE,26.4,26.3,26.35,481456,80584,38585,8.4
2026-08-21 11:41:38,24255.7,2026-08-25,24450.0,PE,178.0,177.8,178.0,123667,20776,12058,5.96
2026-08-21 11:41:38,24255.7,2026-08-25,24500.0,CE,17.0,16.95,17.0,826842,239499,46966,8.34
2026-08-21 11:41:38,24255.7,2026-08-25,24500.0,PE,218.2,218.0,218.2,156502,68719,7134,4.31
2026-08-21 11:41:38,24255.7,2026-08-25,24550.0,CE,10.75,10.75,10.8,415953,76935,30348,8.37
2026-08-21 11:41:38,24255.7,2026-08-25,24550.0,PE,262.25,261.75,262.3,17642,4550,1617,
2026-08-21 11:41:38,24255.7,2026-08-25,24600.0,CE,6.95,6.9,6.95,457482,160027,33386,8.48
2026-08-21 11:41:38,24255.7,2026-08-25,24600.0,PE,308.0,307.5,308.3,27047,15464,853,
2026-08-21 11:41:38,24255.7,2026-08-25,24650.0,CE,4.8,4.8,4.85,235249,64077,19571,8.79
2026-08-21 11:41:38,24255.7,2026-08-25,24650.0,PE,354.95,355.0,356.0,4067,2899,101,
2026-08-21 11:41:38,24255.7,2026-08-25,24700.0,CE,3.5,3.45,3.5,284578,122332,6082,9.12
2026-08-21 11:41:38,24255.7,2026-08-25,24700.0,PE,403.35,403.55,404.65,5896,12911,-410,
2026-08-21 11:41:38,24255.7,2026-08-25,24750.0,CE,2.7,2.7,2.75,168071,45394,13689,9.58
2026-08-21 11:41:38,24255.7,2026-08-25,24750.0,PE,451.8,452.35,454.0,551,1448,-28,
2026-08-21 11:42:38,24252.75,2026-08-25,23750.0,CE,554.0,552.7,555.1,253,726,-24,18.08
2026-08-21 11:42:38,24252.75,2026-08-25,23750.0,PE,4.25,4.25,4.3,186142,46281,11428,11.83
2026-08-21 11:42:38,24252.75,2026-08-25,23800.0,CE,502.65,503.25,504.7,5242,10055,463,15.95
2026-08-21 11:42:38,24252.75,2026-08-25,23800.0,PE,4.8,4.8,4.85,338894,139252,14860,11.16
2026-08-21 11:42:38,24252.75,2026-08-25,23850.0,CE,454.75,455.15,456.2,977,1252,117,15.04
2026-08-21 11:42:38,24252.75,2026-08-25,23850.0,PE,5.75,5.7,5.75,220504,64429,6242,10.54
2026-08-21 11:42:38,24252.75,2026-08-25,23900.0,CE,406.7,406.05,407.15,9331,5338,608,13.95
2026-08-21 11:42:38,24252.75,2026-08-25,23900.0,PE,7.1,7.1,7.15,360781,114989,11358,10.01
2026-08-21 11:42:38,24252.75,2026-08-25,23950.0,CE,357.6,357.9,359.1,6599,3574,325,12.97
2026-08-21 11:42:38,24252.75,2026-08-25,23950.0,PE,9.25,9.15,9.25,258306,61464,12855,9.56
2026-08-21 11:42:38,24252.75,2026-08-25,24000.0,CE,312.0,311.35,311.8,103261,95106,706,12.24
2026-08-21 11:42:38,24252.75,2026-08-25,24000.0,PE,12.45,12.4,12.45,804878,285173,33667,9.17
2026-08-21 11:42:38,24252.75,2026-08-25,24050.0,CE,266.7,266.35,266.7,36342,10351,908,11.39
2026-08-21 11:42:38,24252.75,2026-08-25,24050.0,PE,16.85,16.8,16.85,393154,77651,29089,8.78
2026-08-21 11:42:38,24252.75,2026-08-25,24100.0,CE,223.0,222.45,223.0,241598,54115,7073,10.73
2026-08-21 11:42:38,24252.75,2026-08-25,24100.0,PE,23.15,23.1,23.15,732860,169035,51767,8.42
2026-08-21 11:42:38,24252.75,2026-08-25,24150.0,CE,181.6,181.7,182.0,295584,32443,13177,10.16
2026-08-21 11:42:38,24252.75,2026-08-25,24150.0,PE,32.15,32.05,32.15,716977,134802,63232,8.1
2026-08-21 11:42:38,24252.75,2026-08-25,24200.0,CE,144.75,144.4,144.7,1478206,204214,74851,9.69
2026-08-21 11:42:38,24252.75,2026-08-25,24200.0,PE,44.65,44.6,44.75,2203407,389128,184682,7.84
2026-08-21 11:42:38,24252.75,2026-08-25,24250.0,CE,110.75,110.85,111.0,1696785,159140,94977,9.26
2026-08-21 11:42:38,24252.75,2026-08-25,24250.0,PE,61.4,61.5,61.55,1997921,259939,183362,7.59
2026-08-21 11:42:38,24252.75,2026-08-25,24300.0,CE,82.45,82.3,82.45,2109634,311997,161445,8.96
2026-08-21 11:42:38,24252.75,2026-08-25,24300.0,PE,82.65,82.65,82.85,1813475,260594,145559,7.29
2026-08-21 11:42:38,24252.75,2026-08-25,24350.0,CE,58.6,58.6,58.7,888051,99390,52397,8.7
2026-08-21 11:42:38,24252.75,2026-08-25,24350.0,PE,109.2,109.3,109.55,618691,74572,43892,6.98
2026-08-21 11:42:38,24252.75,2026-08-25,24400.0,CE,40.2,40.2,40.25,991081,191041,64569,8.53
2026-08-21 11:42:38,24252.75,2026-08-25,24400.0,PE,140.8,140.7,141.1,533725,84997,36376,6.55
2026-08-21 11:42:38,24252.75,2026-08-25,24450.0,CE,26.45,26.45,26.5,482676,80633,38634,8.4
2026-08-21 11:42:38,24252.75,2026-08-25,24450.0,PE,177.5,177.25,177.55,123901,20740,12022,5.96
2026-08-21 11:42:38,24252.75,2026-08-25,24500.0,CE,17.0,17.0,17.05,829401,240274,47741,8.34
2026-08-21 11:42:38,24252.75,2026-08-25,24500.0,PE,217.5,217.4,218.0,156880,68554,6969,4.31
2026-08-21 11:42:38,24252.75,2026-08-25,24550.0,CE,10.8,10.8,10.85,417234,77120,30533,8.37
2026-08-21 11:42:38,24252.75,2026-08-25,24550.0,PE,261.1,261.0,261.7,17692,4540,1607,
2026-08-21 11:42:38,24252.75,2026-08-25,24600.0,CE,6.9,6.9,6.95,458762,160170,33529,8.48
2026-08-21 11:42:38,24252.75,2026-08-25,24600.0,PE,307.35,306.9,307.7,27081,15464,853,
2026-08-21 11:42:38,24252.75,2026-08-25,24650.0,CE,4.85,4.8,4.85,236048,63940,19434,8.79
2026-08-21 11:42:38,24252.75,2026-08-25,24650.0,PE,354.6,354.35,355.35,4092,2900,102,
2026-08-21 11:42:38,24252.75,2026-08-25,24700.0,CE,3.45,3.45,3.5,285036,122479,6229,9.12
2026-08-21 11:42:38,24252.75,2026-08-25,24700.0,PE,402.95,402.75,403.9,5900,12903,-418,
2026-08-21 11:42:38,24252.75,2026-08-25,24750.0,CE,2.7,2.7,2.75,168123,45392,13687,9.58
2026-08-21 11:42:38,24252.75,2026-08-25,24750.0,PE,451.65,453.0,453.5,552,1448,-28,
2026-08-21 11:43:38,24250.95,2026-08-25,23750.0,CE,554.0,551.2,553.6,253,726,-24,18.08
2026-08-21 11:43:38,24250.95,2026-08-25,23750.0,PE,4.25,4.25,4.3,186810,46080,11227,11.83
2026-08-21 11:43:38,24250.95,2026-08-25,23800.0,CE,501.3,501.8,503.35,5260,10041,449,15.95
2026-08-21 11:43:38,24250.95,2026-08-25,23800.0,PE,4.8,4.8,4.85,339589,139203,14811,11.16
2026-08-21 11:43:38,24250.95,2026-08-25,23850.0,CE,454.75,453.6,454.95,980,1253,118,15.04
2026-08-21 11:43:38,24250.95,2026-08-25,23850.0,PE,5.8,5.75,5.8,220857,64064,5877,10.54
2026-08-21 11:43:38,24250.95,2026-08-25,23900.0,CE,404.2,404.65,405.85,9347,5337,607,13.95
2026-08-21 11:43:38,24250.95,2026-08-25,23900.0,PE,7.15,7.1,7.15,361273,115038,11407,10.01
2026-08-21 11:43:38,24250.95,2026-08-25,23950.0,CE,357.0,356.7,357.8,6602,3567,318,12.97
2026-08-21 11:43:38,24250.95,2026-08-25,23950.0,PE,9.25,9.2,9.25,258543,61445,12836,9.56
2026-08-21 11:43:38,24250.95,2026-08-25,24000.0,CE,311.15,310.55,310.9,103970,95160,760,12.24
2026-08-21 11:43:38,24250.95,2026-08-25,24000.0,PE,12.55,12.5,12.55,806365,284714,33208,9.17
2026-08-21 11:43:38,24250.95,2026-08-25,24050.0,CE,265.5,265.1,265.65,36484,10348,905,11.39
2026-08-21 11:43:38,24250.95,2026-08-25,24050.0,PE,16.9,16.9,16.95,394099,77750,29188,8.78
2026-08-21 11:43:38,24250.95,2026-08-25,24100.0,CE,221.0,221.25,221.8,243196,54220,7178,10.73
2026-08-21 11:43:38,24250.95,2026-08-25,24100.0,PE,23.25,23.25,23.35,734785,168953,51685,8.42
2026-08-21 11:43:38,24250.95,2026-08-25,24150.0,CE,180.85,180.55,181.0,297565,32490,13224,10.16
2026-08-21 11:43:38,24250.95,2026-08-25,24150.0,PE,32.45,32.35,32.4,719186,135599,64029,8.1
2026-08-21 11:43:38,24250.95,2026-08-25,24200.0,CE,143.7,143.4,143.7,1483269,204620,75257,9.69
2026-08-21 11:43:38,24250.95,2026-08-25,24200.0,PE,45.05,45.0,45.05,2209548,389361,184915,7.84
2026-08-21 11:43:38,24250.95,2026-08-25,24250.0,CE,110.0,109.8,110.0,1706025,159758,95595,9.26
2026-08-21 11:43:38,24250.95,2026-08-25,24250.0,PE,61.75,61.8,61.9,2007439,259612,183035,7.59
2026-08-21 11:43:38,24250.95,2026-08-25,24300.0,CE,81.5,81.35,81.5,2119604,313056,162504,8.96
2026-08-21 11:43:38,24250.95,2026-08-25,24300.0,PE,83.25,83.1,83.25,1822877,259485,144450,7.29
2026-08-21 11:43:38,24250.95,2026-08-25,24350.0,CE,58.0,57.95,58.0,894224,99766,52773,8.7
2026-08-21 11:43:38,24250.95,2026-08-25,24350.0,PE,110.05,109.8,110.05,623805,74408,43728,6.98
2026-08-21 11:43:38,24250.95,2026-08-25,24400.0,CE,39.65,39.65,39.75,994841,191573,65101,8.53
2026-08-21 11:43:38,24250.95,2026-08-25,24400.0,PE,141.75,141.6,141.75,536227,84953,36332,6.55
2026-08-21 11:43:38,24250.95,2026-08-25,24450.0,CE,26.05,26.0,26.1,485267,80808,38809,8.4
2026-08-21 11:43:38,24250.95,2026-08-25,24450.0,PE,178.05,178.0,178.45,124730,20740,12022,5.96
2026-08-21 11:43:38,24250.95,2026-08-25,24500.0,CE,16.75,16.7,16.8,833316,240823,48290,8.34
2026-08-21 11:43:38,24250.95,2026-08-25,24500.0,PE,218.75,218.25,218.75,158754,68496,6911,4.31
2026-08-21 11:43:38,24250.95,2026-08-25,24550.0,CE,10.6,10.6,10.65,422230,77158,30571,8.37
2026-08-21 11:43:38,24250.95,2026-08-25,24550.0,PE,262.65,261.95,262.65,17747,4529,1596,
2026-08-21 11:43:38,24250.95,2026-08-25,24600.0,CE,6.8,6.8,6.85,462466,160652,34011,8.48
2026-08-21 11:43:38,24250.95,2026-08-25,24600.0,PE,308.05,308.05,308.95,27117,15456,845,
2026-08-21 11:43:38,24250.95,2026-08-25,24650.0,CE,4.8,4.75,4.8,236703,64248,19742,8.79
2026-08-21 11:43:38,24250.95,2026-08-25,24650.0,PE,356.8,355.55,356.5,4108,2896,98,
2026-08-21 11:43:38,24250.95,2026-08-25,24700.0,CE,3.45,3.4,3.45,286199,122549,6299,9.12
2026-08-21 11:43:38,24250.95,2026-08-25,24700.0,PE,405.5,404.05,405.3,5906,12900,-421,
2026-08-21 11:43:38,24250.95,2026-08-25,24750.0,CE,2.7,2.7,2.75,168416,45426,13721,9.58
2026-08-21 11:43:38,24250.95,2026-08-25,24750.0,PE,455.0,453.45,455.35,561,1449,-27,
2026-08-21 11:44:38,24252.7,2026-08-25,23750.0,CE,554.0,550.6,552.5,253,726,-24,18.08
2026-08-21 11:44:38,24252.7,2026-08-25,23750.0,PE,4.3,4.25,4.3,187027,46055,11202,11.83
2026-08-21 11:44:38,24252.7,2026-08-25,23800.0,CE,500.55,500.6,502.35,5271,10041,449,15.95
2026-08-21 11:44:38,24252.7,2026-08-25,23800.0,PE,4.85,4.85,4.9,339891,138952,14560,11.16
2026-08-21 11:44:38,24252.7,2026-08-25,23850.0,CE,452.5,452.75,453.85,982,1251,116,15.04
2026-08-21 11:44:38,24252.7,2026-08-25,23850.0,PE,5.8,5.8,5.85,221581,63855,5668,10.54
2026-08-21 11:44:38,24252.7,2026-08-25,23900.0,CE,404.15,403.6,404.75,9352,5340,610,13.95
2026-08-21 11:44:38,24252.7,2026-08-25,23900.0,PE,7.2,7.2,7.25,361799,114978,11347,10.01
2026-08-21 11:44:38,24252.7,2026-08-25,23950.0,CE,356.3,355.65,356.6,6610,3567,318,12.97
2026-08-21 11:44:38,24252.7,2026-08-25,23950.0,PE,9.4,9.35,9.4,258787,61397,12788,9.56
2026-08-21 11:44:38,24252.7,2026-08-25,24000.0,CE,310.0,309.75,310.1,104235,95197,797,12.24
2026-08-21 11:44:38,24252.7,2026-08-25,24000.0,PE,12.75,12.7,12.75,809871,285598,34092,9.17
2026-08-21 11:44:38,24252.7,2026-08-25,24050.0,CE,263.75,263.7,264.3,36598,10334,891,11.39
2026-08-21 11:44:38,24252.7,2026-08-25,24050.0,PE,17.1,17.15,17.2,394664,77711,29149,8.78
2026-08-21 11:44:38,24252.7,2026-08-25,24100.0,CE,220.95,220.3,220.85,243685,54203,7161,10.73
2026-08-21 11:44:38,24252.7,2026-08-25,24100.0,PE,23.6,23.55,23.65,736171,169033,51765,8.42
2026-08-21 11:44:38,24252.7,2026-08-25,24150.0,CE,180.1,179.7,180.1,298117,32361,13095,10.16
2026-08-21 11:44:38,24252.7,2026-08-25,24150.0,PE,32.75,32.65,32.75,721567,135379,63809,8.1
2026-08-21 11:44:38,24252.7,2026-08-25,24200.0,CE,142.9,142.55,142.9,1486862,204967,75604,9.69
2026-08-21 11:44:38,24252.7,2026-08-25,24200.0,PE,45.5,45.4,45.5,2217899,389146,184700,7.84
2026-08-21 11:44:38,24252.7,2026-08-25,24250.0,CE,109.3,109.15,109.35,1710586,159580,95417,9.26
2026-08-21 11:44:38,24252.7,2026-08-25,24250.0,PE,62.5,62.35,62.45,2015784,257767,181190,7.59
2026-08-21 11:44:38,24252.7,2026-08-25,24300.0,CE,80.95,80.85,80.95,2126606,313175,162623,8.96
2026-08-21 11:44:38,24252.7,2026-08-25,24300.0,PE,83.85,83.8,84.0,1830949,258187,143152,7.29
2026-08-21 11:44:38,24252.7,2026-08-25,24350.0,CE,57.55,57.5,57.55,896767,99321,52328,8.7
2026-08-21 11:44:38,24252.7,2026-08-25,24350.0,PE,110.75,110.7,110.75,626358,72250,41570,6.98
2026-08-21 11:44:38,24252.7,2026-08-25,24400.0,CE,39.25,39.3,39.35,998215,191496,65024,8.53
2026-08-21 11:44:38,24252.7,2026-08-25,24400.0,PE,142.5,142.5,142.8,538733,84514,35893,6.55
2026-08-21 11:44:38,24252.7,2026-08-25,24450.0,CE,25.8,25.75,25.85,487024,80900,38901,8.4
2026-08-21 11:44:38,24252.7,2026-08-25,24450.0,PE,179.45,179.0,179.5,125276,20644,11926,5.96
2026-08-21 11:44:38,24252.7,2026-08-25,24500.0,CE,16.55,16.55,16.6,836465,240951,48418,8.34
2026-08-21 11:44:38,24252.7,2026-08-25,24500.0,PE,219.25,219.4,219.95,159319,68359,6774,4.31
2026-08-21 11:44:38,24252.7,2026-08-25,24550.0,CE,10.5,10.5,10.55,423849,77319,30732,8.37
2026-08-21 11:44:38,24252.7,2026-08-25,24550.0,PE,263.35,263.55,263.9,17804,4511,1578,
2026-08-21 11:44:38,24252.7,2026-08-25,24600.0,CE,6.8,6.75,6.8,463792,160911,34270,8.48
2026-08-21 11:44:38,24252.7,2026-08-25,24600.0,PE,309.85,309.15,309.95,27213,15457,846,
2026-08-21 11:44:38,24252.7,2026-08-25,24650.0,CE,4.8,4.75,4.8,237286,64386,19880,8.79
2026-08-21 11:44:38,24252.7,2026-08-25,24650.0,PE,357.1,356.95,357.85,4117,2897,99,
2026-08-21 11:44:38,24252.7,2026-08-25,24700.0,CE,3.4,3.4,3.45,286603,122675,6425,9.12
2026-08-21 11:44:38,24252.7,2026-08-25,24700.0,PE,406.0,405.25,406.0,5920,12898,-423,
2026-08-21 11:44:38,24252.7,2026-08-25,24750.0,CE,2.75,2.7,2.75,168715,45684,13979,9.58
2026-08-21 11:44:38,24252.7,2026-08-25,24750.0,PE,455.6,454.65,456.2,563,1449,-27,
2026-08-21 11:45:38,24251.3,2026-08-25,23750.0,CE,554.0,550.55,551.85,253,726,-24,18.08
2026-08-21 11:45:38,24251.3,2026-08-25,23750.0,PE,4.3,4.25,4.3,187212,45925,11072,11.83
2026-08-21 11:45:38,24251.3,2026-08-25,23800.0,CE,502.9,501.0,501.85,5273,10042,450,15.95
2026-08-21 11:45:38,24251.3,2026-08-25,23800.0,PE,4.85,4.85,4.9,341098,138965,14573,11.16
2026-08-21 11:45:38,24251.3,2026-08-25,23850.0,CE,452.5,452.2,453.45,982,1251,116,15.04
2026-08-21 11:45:38,24251.3,2026-08-25,23850.0,PE,5.9,5.85,5.9,222952,63903,5716,10.54
2026-08-21 11:45:38,24251.3,2026-08-25,23900.0,CE,404.15,404.15,404.45,9369,5342,612,13.95
2026-08-21 11:45:38,24251.3,2026-08-25,23900.0,PE,7.25,7.2,7.25,362252,115049,11418,10.01
2026-08-21 11:45:38,24251.3,2026-08-25,23950.0,CE,356.7,355.4,356.4,6620,3566,317,12.97
2026-08-21 11:45:38,24251.3,2026-08-25,23950.0,PE,9.45,9.4,9.45,259107,61545,12936,9.56
2026-08-21 11:45:38,24251.3,2026-08-25,24000.0,CE,309.65,308.95,309.7,104530,95223,823,12.24
2026-08-21 11:45:38,24251.3,2026-08-25,24000.0,PE,12.75,12.75,12.8,811703,286266,34760,9.17
2026-08-21 11:45:38,24251.3,2026-08-25,24050.0,CE,264.25,263.65,264.25,36671,10324,881,11.39
2026-08-21 11:45:38,24251.3,2026-08-25,24050.0,PE,17.2,17.15,17.2,396234,77818,29256,8.78
2026-08-21 11:45:38,24251.3,2026-08-25,24100.0,CE,220.65,220.3,220.7,244086,54233,7191,10.73
2026-08-21 11:45:38,24251.3,2026-08-25,24100.0,PE,23.75,23.65,23.75,737667,168963,51695,8.42
2026-08-21 11:45:38,24251.3,2026-08-25,24150.0,CE,179.85,179.7,179.95,298711,32456,13190,10.16
2026-08-21 11:45:38,24251.3,2026-08-25,24150.0,PE,32.85,32.85,32.9,724297,135410,63840,8.1
2026-08-21 11:45:38,24251.3,2026-08-25,24200.0,CE,142.75,142.5,142.75,1490607,205110,75747,9.69
2026-08-21 11:45:38,24251.3,2026-08-25,24200.0,PE,45.75,45.6,45.75,2223211,387236,182790,7.84
2026-08-21 11:45:38,24251.3,2026-08-25,24250.0,CE,108.95,109.0,109.2,1714743,160508,96345,9.26
2026-08-21 11:45:38,24251.3,2026-08-25,24250.0,PE,62.8,62.55,62.7,2023123,258373,181796,7.59
2026-08-21 11:45:38,24251.3,2026-08-25,24300.0,CE,80.85,80.65,80.85,2133567,314581,164029,8.96
2026-08-21 11:45:38,24251.3,2026-08-25,24300.0,PE,84.05,84.05,84.25,1837366,258372,143337,7.29
2026-08-21 11:45:38,24251.3,2026-08-25,24350.0,CE,57.35,57.35,57.4,899030,99441,52448,8.7
2026-08-21 11:45:38,24251.3,2026-08-25,24350.0,PE,111.2,110.95,111.15,628093,72164,41484,6.98
2026-08-21 11:45:38,24251.3,2026-08-25,24400.0,CE,39.3,39.25,39.3,1001109,191724,65252,8.53
2026-08-21 11:45:38,24251.3,2026-08-25,24400.0,PE,143.0,142.8,143.0,540491,84040,35419,6.55
2026-08-21 11:45:38,24251.3,2026-08-25,24450.0,CE,25.85,25.75,25.8,488355,81256,39257,8.4
2026-08-21 11:45:38,24251.3,2026-08-25,24450.0,PE,179.4,179.25,179.6,125602,20762,12044,5.96
2026-08-21 11:45:38,24251.3,2026-08-25,24500.0,CE,16.55,16.55,16.6,838790,241451,48918,8.34
2026-08-21 11:45:38,24251.3,2026-08-25,24500.0,PE,219.95,219.75,220.0,159851,68319,6734,4.31
2026-08-21 11:45:38,24251.3,2026-08-25,24550.0,CE,10.45,10.45,10.5,426460,77567,30980,8.37
2026-08-21 11:45:38,24251.3,2026-08-25,24550.0,PE,263.05,263.5,264.0,18023,4362,1429,
2026-08-21 11:45:38,24251.3,2026-08-25,24600.0,CE,6.75,6.7,6.75,465597,160733,34092,8.48
2026-08-21 11:45:38,24251.3,2026-08-25,24600.0,PE,309.5,309.4,309.9,27247,15417,806,
2026-08-21 11:45:38,24251.3,2026-08-25,24650.0,CE,4.75,4.7,4.75,238033,64290,19784,8.79
2026-08-21 11:45:38,24251.3,2026-08-25,24650.0,PE,355.8,357.15,358.15,4128,2892,94,
2026-08-21 11:45:38,24251.3,2026-08-25,24700.0,CE,3.45,3.4,3.45,287113,122691,6441,9.12
2026-08-21 11:45:38,24251.3,2026-08-25,24700.0,PE,406.4,405.75,406.95,5938,12906,-415,
2026-08-21 11:45:38,24251.3,2026-08-25,24750.0,CE,2.7,2.7,2.75,168824,45663,13958,9.58
2026-08-21 11:45:38,24251.3,2026-08-25,24750.0,PE,455.6,455.0,456.4,563,1449,-27,
2026-08-21 11:46:38,24248.8,2026-08-25,23750.0,CE,553.15,550.45,551.75,254,727,-23,18.08
2026-08-21 11:46:38,24248.8,2026-08-25,23750.0,PE,4.35,4.3,4.35,187550,45737,10884,11.83
2026-08-21 11:46:38,24248.8,2026-08-25,23800.0,CE,503.0,501.1,501.8,5278,10039,447,15.95
2026-08-21 11:46:38,24248.8,2026-08-25,23800.0,PE,4.9,4.9,4.95,342239,138641,14249,11.16
2026-08-21 11:46:38,24248.8,2026-08-25,23850.0,CE,454.0,452.15,453.4,986,1252,117,15.04
2026-08-21 11:46:38,24248.8,2026-08-25,23850.0,PE,5.85,5.85,5.9,223511,63997,5810,10.54
2026-08-21 11:46:38,24248.8,2026-08-25,23900.0,CE,404.15,403.15,404.25,9400,5352,622,13.95
2026-08-21 11:46:38,24248.8,2026-08-25,23900.0,PE,7.25,7.25,7.3,362802,115261,11630,10.01
2026-08-21 11:46:38,24248.8,2026-08-25,23950.0,CE,356.5,355.2,356.1,6629,3566,317,12.97
2026-08-21 11:46:38,24248.8,2026-08-25,23950.0,PE,9.5,9.45,9.5,259494,61479,12870,9.56
2026-08-21 11:46:38,24248.8,2026-08-25,24000.0,CE,309.0,309.0,309.5,104920,95216,816,12.24
2026-08-21 11:46:38,24248.8,2026-08-25,24000.0,PE,12.8,12.8,12.85,815296,287328,35822,9.17
2026-08-21 11:46:38,24248.8,2026-08-25,24050.0,CE,264.1,263.7,264.0,36812,10349,906,11.39
2026-08-21 11:46:38,24248.8,2026-08-25,24050.0,PE,17.25,17.2,17.3,397922,77751,29189,8.78
2026-08-21 11:46:38,24248.8,2026-08-25,24100.0,CE,220.0,220.0,220.4,244854,54367,7325,10.73
2026-08-21 11:46:38,24248.8,2026-08-25,24100.0,PE,23.8,23.75,23.8,739850,168549,51281,8.42
2026-08-21 11:46:38,24248.8,2026-08-25,24150.0,CE,179.8,179.6,179.8,299568,32720,13454,10.16
2026-08-21 11:46:38,24248.8,2026-08-25,24150.0,PE,32.95,32.9,33.0,728161,135322,63752,8.1
2026-08-21 11:46:38,24248.8,2026-08-25,24200.0,CE,142.5,142.5,142.55,1495946,207046,77683,9.69
2026-08-21 11:46:38,24248.8,2026-08-25,24200.0,PE,45.75,45.65,45.75,2231995,386588,182142,7.84
2026-08-21 11:46:38,24248.8,2026-08-25,24250.0,CE,109.0,108.9,109.0,1721822,160914,96751,9.26
2026-08-21 11:46:38,24248.8,2026-08-25,24250.0,PE,62.5,62.55,62.7,2035425,259268,182691,7.59
2026-08-21 11:46:38,24248.8,2026-08-25,24300.0,CE,80.5,80.5,80.65,2145830,317994,167442,8.96
2026-08-21 11:46:38,24248.8,2026-08-25,24300.0,PE,84.05,84.05,84.25,1847467,257841,142806,7.29
2026-08-21 11:46:38,24248.8,2026-08-25,24350.0,CE,57.2,57.1,57.3,903511,100517,53524,8.7
2026-08-21 11:46:38,24248.8,2026-08-25,24350.0,PE,111.2,110.95,111.2,631641,72092,41412,6.98
2026-08-21 11:46:38,24248.8,2026-08-25,24400.0,CE,39.05,39.05,39.1,1006099,192062,65590,8.53
2026-08-21 11:46:38,24248.8,2026-08-25,24400.0,PE,142.95,142.7,142.95,543635,84403,35782,6.55
2026-08-21 11:46:38,24248.8,2026-08-25,24450.0,CE,25.65,25.55,25.65,490789,81422,39423,8.4
2026-08-21 11:46:38,24248.8,2026-08-25,24450.0,PE,179.35,179.5,179.8,126198,20745,12027,5.96
2026-08-21 11:46:38,24248.8,2026-08-25,24500.0,CE,16.45,16.4,16.45,843248,242486,49953,8.34
2026-08-21 11:46:38,24248.8,2026-08-25,24500.0,PE,219.7,219.6,220.0,160707,68373,6788,4.31
2026-08-21 11:46:38,24248.8,2026-08-25,24550.0,CE,10.35,10.35,10.4,429360,77804,31217,8.37
2026-08-21 11:46:38,24248.8,2026-08-25,24550.0,PE,264.3,263.7,264.3,18179,4401,1468,
2026-08-21 11:46:38,24248.8,2026-08-25,24600.0,CE,6.65,6.6,6.65,468984,161452,34811,8.48
2026-08-21 11:46:38,24248.8,2026-08-25,24600.0,PE,310.0,309.5,309.95,27378,15382,771,
2026-08-21 11:46:38,24248.8,2026-08-25,24650.0,CE,4.65,4.65,4.7,239384,64404,19898,8.79
2026-08-21 11:46:38,24248.8,2026-08-25,24650.0,PE,357.3,357.3,358.35,4146,2892,94,
2026-08-21 11:46:38,24248.8,2026-08-25,24700.0,CE,3.35,3.35,3.4,288588,122757,6507,9.12
2026-08-21 11:46:38,24248.8,2026-08-25,24700.0,PE,406.0,405.85,406.4,5945,12907,-414,
2026-08-21 11:46:38,24248.8,2026-08-25,24750.0,CE,2.6,2.6,2.65,170359,46105,14400,9.58
2026-08-21 11:46:38,24248.8,2026-08-25,24750.0,PE,453.65,455.15,456.5,564,1448,-28,
2026-08-21 11:47:39,24251.25,2026-08-25,23750.0,CE,550.45,550.8,552.95,255,728,-22,18.08
2026-08-21 11:47:39,24251.25,2026-08-25,23750.0,PE,4.3,4.3,4.35,187710,45737,10884,11.83
2026-08-21 11:47:39,24251.25,2026-08-25,23800.0,CE,499.5,501.05,502.7,5292,10039,447,15.95
2026-08-21 11:47:39,24251.25,2026-08-25,23800.0,PE,4.85,4.85,4.9,343320,138546,14154,11.16
2026-08-21 11:47:39,24251.25,2026-08-25,23850.0,CE,451.25,453.1,454.2,990,1253,118,15.04
2026-08-21 11:47:39,24251.25,2026-08-25,23850.0,PE,5.8,5.75,5.8,224002,63974,5787,10.54
2026-08-21 11:47:39,24251.25,2026-08-25,23900.0,CE,405.0,404.05,405.25,9413,5352,622,13.95
2026-08-21 11:47:39,24251.25,2026-08-25,23900.0,PE,7.2,7.15,7.2,363300,115264,11633,10.01
2026-08-21 11:47:39,24251.25,2026-08-25,23950.0,CE,355.4,356.1,357.1,6640,3568,319,12.97
2026-08-21 11:47:39,24251.25,2026-08-25,23950.0,PE,9.3,9.3,9.4,259673,61461,12852,9.56
2026-08-21 11:47:39,24251.25,2026-08-25,24000.0,CE,309.45,309.55,310.25,105250,95241,841,12.24
2026-08-21 11:47:39,24251.25,2026-08-25,24000.0,PE,12.6,12.6,12.65,819392,287068,35562,9.17
2026-08-21 11:47:39,24251.25,2026-08-25,24050.0,CE,264.7,264.3,264.95,36957,10357,914,11.39
2026-08-21 11:47:39,24251.25,2026-08-25,24050.0,PE,17.05,17.0,17.1,398652,77785,29223,8.78
2026-08-21 11:47:39,24251.25,2026-08-25,24100.0,CE,221.0,221.0,221.25,245913,54272,7230,10.73
2026-08-21 11:47:39,24251.25,2026-08-25,24100.0,PE,23.45,23.45,23.55,741970,168187,50919,8.42
2026-08-21 11:47:39,24251.25,2026-08-25,24150.0,CE,180.25,180.1,180.5,301123,32723,13457,10.16
2026-08-21 11:47:39,24251.25,2026-08-25,24150.0,PE,32.6,32.6,32.7,730160,134883,63313,8.1
2026-08-21 11:47:39,24251.25,2026-08-25,24200.0,CE,143.1,143.0,143.25,1503989,205926,76563,9.69
2026-08-21 11:47:39,24251.25,2026-08-25,24200.0,PE,45.3,45.3,45.4,2239229,385706,181260,7.84
2026-08-21 11:47:39,24251.25,2026-08-25,24250.0,CE,109.65,109.45,109.65,1731180,159847,95684,9.26
2026-08-21 11:47:39,24251.25,2026-08-25,24250.0,PE,62.1,62.1,62.3,2045459,258655,182078,7.59
2026-08-21 11:47:39,24251.25,2026-08-25,24300.0,CE,81.15,81.05,81.2,2158157,317663,167111,8.96
2026-08-21 11:47:39,24251.25,2026-08-25,24300.0,PE,83.85,83.6,83.8,1856223,256748,141713,7.29
2026-08-21 11:47:39,24251.25,2026-08-25,24350.0,CE,57.6,57.55,57.65,910642,102435,55442,8.7
2026-08-21 11:47:39,24251.25,2026-08-25,24350.0,PE,110.5,110.3,110.5,634802,71737,41057,6.98
2026-08-21 11:47:39,24251.25,2026-08-25,24400.0,CE,39.3,39.3,39.35,1010826,192380,65908,8.53
2026-08-21 11:47:39,24251.25,2026-08-25,24400.0,PE,142.1,142.1,142.35,546173,84521,35900,6.55
2026-08-21 11:47:39,24251.25,2026-08-25,24450.0,CE,25.85,25.75,25.85,493110,81598,39599,8.4
2026-08-21 11:47:39,24251.25,2026-08-25,24450.0,PE,178.9,178.4,178.85,126946,20428,11710,5.96
2026-08-21 11:47:39,24251.25,2026-08-25,24500.0,CE,16.6,16.5,16.6,846663,242638,50105,8.34
2026-08-21 11:47:39,24251.25,2026-08-25,24500.0,PE,218.85,218.9,219.5,161469,68270,6685,4.31
2026-08-21 11:47:39,24251.25,2026-08-25,24550.0,CE,10.45,10.45,10.5,431535,77890,31303,8.37
2026-08-21 11:47:39,24251.25,2026-08-25,24550.0,PE,263.5,262.7,263.45,18351,4444,1511,
2026-08-21 11:47:39,24251.25,2026-08-25,24600.0,CE,6.65,6.65,6.7,470357,161512,34871,8.48
2026-08-21 11:47:39,24251.25,2026-08-25,24600.0,PE,309.55,308.7,309.45,27462,15405,794,
2026-08-21 11:47:39,24251.25,2026-08-25,24650.0,CE,4.65,4.65,4.7,240496,64387,19881,8.79
2026-08-21 11:47:39,24251.25,2026-08-25,24650.0,PE,357.1,356.35,357.5,4167,2893,95,
2026-08-21 11:47:39,24251.25,2026-08-25,24700.0,CE,3.35,3.35,3.4,289201,122928,6678,9.12
2026-08-21 11:47:39,24251.25,2026-08-25,24700.0,PE,407.9,405.0,406.25,5953,12907,-414,
2026-08-21 11:47:39,24251.25,2026-08-25,24750.0,CE,2.65,2.6,2.65,170664,46194,14489,9.58
2026-08-21 11:47:39,24251.25,2026-08-25,24750.0,PE,453.65,454.2,456.1,564,1448,-28,
2026-08-21 11:48:39,24251.25,2026-08-25,23750.0,CE,550.45,552.05,554.4,255,728,-22,18.08
2026-08-21 11:48:39,24251.25,2026-08-25,23750.0,PE,4.3,4.25,4.3,187907,45813,10960,11.83
2026-08-21 11:48:39,24251.25,2026-08-25,23800.0,CE,501.25,502.55,504.2,5297,10038,446,15.95
2026-08-21 11:48:39,24251.25,2026-08-25,23800.0,PE,4.8,4.8,4.85,343792,138596,14204,11.16
2026-08-21 11:48:39,24251.25,2026-08-25,23850.0,CE,451.25,454.6,455.8,990,1253,118,15.04
2026-08-21 11:48:39,24251.25,2026-08-25,23850.0,PE,5.8,5.75,5.8,224113,63974,5787,10.54
2026-08-21 11:48:39,24251.25,2026-08-25,23900.0,CE,405.3,405.3,406.45,9441,5360,630,13.95
2026-08-21 11:48:39,24251.25,2026-08-25,23900.0,PE,7.1,7.1,7.15,363466,115439,11808,10.01
2026-08-21 11:48:39,24251.25,2026-08-25,23950.0,CE,355.75,357.4,358.45,6641,3566,317,12.97
2026-08-21 11:48:39,24251.25,2026-08-25,23950.0,PE,9.3,9.2,9.3,259898,61398,12789,9.56
2026-08-21 11:48:39,24251.25,2026-08-25,24000.0,CE,311.4,310.85,311.65,105321,95243,843,12.24
2026-08-21 11:48:39,24251.25,2026-08-25,24000.0,PE,12.55,12.5,12.55,820306,287682,36176,9.17
2026-08-21 11:48:39,24251.25,2026-08-25,24050.0,CE,265.5,265.55,266.15,36966,10357,914,11.39
2026-08-21 11:48:39,24251.25,2026-08-25,24050.0,PE,16.9,16.9,16.95,398955,77882,29320,8.78
2026-08-21 11:48:39,24251.25,2026-08-25,24100.0,CE,222.0,221.75,222.0,246162,54327,7285,10.73
2026-08-21 11:48:39,24251.25,2026-08-25,24100.0,PE,23.3,23.25,23.3,743060,168695,51427,8.42
2026-08-21 11:48:39,24251.25,2026-08-25,24150.0,CE,181.6,181.2,181.6,301551,32708,13442,10.16
2026-08-21 11:48:39,24251.25,2026-08-25,24150.0,PE,32.25,32.3,32.35,731071,135136,63566,8.1
2026-08-21 11:48:39,24251.25,2026-08-25,24200.0,CE,144.0,143.85,144.0,1505458,206469,77106,9.69
2026-08-21 11:48:39,24251.25,2026-08-25,24200.0,PE,44.8,44.8,44.9,2242724,387518,183072,7.84
2026-08-21 11:48:39,24251.25,2026-08-25,24250.0,CE,110.1,110.1,110.35,1733776,160350,96187,9.26
2026-08-21 11:48:39,24251.25,2026-08-25,24250.0,PE,61.5,61.5,61.65,2049569,260442,183865,7.59
2026-08-21 11:48:39,24251.25,2026-08-25,24300.0,CE,81.65,81.65,81.75,2162555,317500,166948,8.96
2026-08-21 11:48:39,24251.25,2026-08-25,24300.0,PE,82.7,82.65,82.85,1860584,256888,141853,7.29
2026-08-21 11:48:39,24251.25,2026-08-25,24350.0,CE,58.15,58.15,58.2,912273,102580,55587,8.7
2026-08-21 11:48:39,24251.25,2026-08-25,24350.0,PE,109.65,109.4,109.6,635708,71958,41278,6.98
2026-08-21 11:48:39,24251.25,2026-08-25,24400.0,CE,39.75,39.65,39.8,1011875,192660,66188,8.53
2026-08-21 11:48:39,24251.25,2026-08-25,24400.0,PE,141.25,140.95,141.25,547385,84401,35780,6.55
2026-08-21 11:48:39,24251.25,2026-08-25,24450.0,CE,26.1,26.05,26.15,493588,81568,39569,8.4
2026-08-21 11:48:39,24251.25,2026-08-25,24450.0,PE,177.35,177.3,177.75,127089,20486,11768,5.96
2026-08-21 11:48:39,24251.25,2026-08-25,24500.0,CE,16.7,16.7,16.75,848084,242728,50195,8.34
2026-08-21 11:48:39,24251.25,2026-08-25,24500.0,PE,217.7,218.15,218.2,161621,68286,6701,4.31
2026-08-21 11:48:39,24251.25,2026-08-25,24550.0,CE,10.55,10.55,10.6,432014,78099,31512,8.37
2026-08-21 11:48:39,24251.25,2026-08-25,24550.0,PE,262.0,261.4,262.1,18371,4448,1515,
2026-08-21 11:48:39,24251.25,2026-08-25,24600.0,CE,6.75,6.7,6.75,470701,161305,34664,8.48
2026-08-21 11:48:39,24251.25,2026-08-25,24600.0,PE,308.3,308.0,308.3,27476,15409,798,
2026-08-21 11:48:39,24251.25,2026-08-25,24650.0,CE,4.65,4.65,4.7,240652,64384,19878,8.79
2026-08-21 11:48:39,24251.25,2026-08-25,24650.0,PE,354.95,354.95,356.0,4177,2895,97,
2026-08-21 11:48:39,24251.25,2026-08-25,24700.0,CE,3.4,3.35,3.4,289325,122928,6678,9.12
2026-08-21 11:48:39,24251.25,2026-08-25,24700.0,PE,405.6,403.25,404.9,5955,12906,-415,
2026-08-21 11:48:39,24251.25,2026-08-25,24750.0,CE,2.6,2.6,2.65,170769,46261,14556,9.58
2026-08-21 11:48:39,24251.25,2026-08-25,24750.0,PE,453.65,452.85,454.6,564,1448,-28,
2026-08-21 11:49:39,24254.6,2026-08-25,23750.0,CE,550.45,553.5,556.05,255,728,-22,18.08
2026-08-21 11:49:39,24254.6,2026-08-25,23750.0,PE,4.3,4.25,4.3,187927,45813,10960,11.83
2026-08-21 11:49:39,24254.6,2026-08-25,23800.0,CE,501.25,503.95,505.65,5297,10038,446,15.95
2026-08-21 11:49:39,24254.6,2026-08-25,23800.0,PE,4.8,4.8,4.85,343892,138596,14204,11.16
2026-08-21 11:49:39,24254.6,2026-08-25,23850.0,CE,451.25,455.7,457.7,990,1253,118,15.04
2026-08-21 11:49:39,24254.6,2026-08-25,23850.0,PE,5.75,5.7,5.75,224233,64144,5957,10.54
2026-08-21 11:49:39,24254.6,2026-08-25,23900.0,CE,406.7,406.8,407.95,9442,5360,630,13.95
2026-08-21 11:49:39,24254.6,2026-08-25,23900.0,PE,7.1,7.05,7.1,363654,115439,11808,10.01
2026-08-21 11:49:39,24254.6,2026-08-25,23950.0,CE,357.6,358.75,359.85,6643,3566,317,12.97
2026-08-21 11:49:39,24254.6,2026-08-25,23950.0,PE,9.2,9.15,9.2,260254,61398,12789,9.56
2026-08-21 11:49:39,24254.6,2026-08-25,24000.0,CE,313.15,312.2,313.05,105447,95243,843,12.24
2026-08-21 11:49:39,24254.6,2026-08-25,24000.0,PE,12.35,12.35,12.4,821803,287682,36176,9.17
2026-08-21 11:49:39,24254.6,2026-08-25,24050.0,CE,267.0,266.85,267.5,36986,10355,912,11.39
2026-08-21 11:49:39,24254.6,2026-08-25,24050.0,PE,16.65,16.65,16.7,399466,77882,29320,8.78
2026-08-21 11:49:39,24254.6,2026-08-25,24100.0,CE,223.2,223.2,223.7,246521,54327,7285,10.73
2026-08-21 11:49:39,24254.6,2026-08-25,24100.0,PE,22.9,22.9,22.95,744109,168695,51427,8.42
2026-08-21 11:49:39,24254.6,2026-08-25,24150.0,CE,182.5,182.3,182.5,302027,32708,13442,10.16
2026-08-21 11:49:39,24254.6,2026-08-25,24150.0,PE,31.85,31.85,31.95,732300,135136,63566,8.1
2026-08-21 11:49:39,24254.6,2026-08-25,24200.0,CE,145.0,144.8,145.0,1510112,206469,77106,9.69
2026-08-21 11:49:39,24254.6,2026-08-25,24200.0,PE,44.35,44.2,44.35,2246007,387518,183072,7.84
2026-08-21 11:49:39,24254.6,2026-08-25,24250.0,CE,110.95,110.95,111.05,1738088,160350,96187,9.26
2026-08-21 11:49:39,24254.6,2026-08-25,24250.0,PE,60.9,60.7,60.9,2055173,260442,183865,7.59
2026-08-21 11:49:39,24254.6,2026-08-25,24300.0,CE,82.2,82.2,82.4,2167023,317500,166948,8.96
2026-08-21 11:49:39,24254.6,2026-08-25,24300.0,PE,81.75,81.75,82.0,1864671,256888,141853,7.29
2026-08-21 11:49:39,24254.6,2026-08-25,24350.0,CE,58.65,58.5,58.65,914612,102580,55587,8.7
2026-08-21 11:49:39,24254.6,2026-08-25,24350.0,PE,108.25,108.25,108.5,636950,71958,41278,6.98
2026-08-21 11:49:39,24254.6,2026-08-25,24400.0,CE,40.0,40.05,40.15,1014367,192660,66188,8.53
2026-08-21 11:49:39,24254.6,2026-08-25,24400.0,PE,139.6,139.65,140.0,548973,84401,35780,6.55
2026-08-21 11:49:39,24254.6,2026-08-25,24450.0,CE,26.35,26.3,26.35,494578,81568,39569,8.4
2026-08-21 11:49:39,24254.6,2026-08-25,24450.0,PE,175.95,175.95,176.4,127271,20486,11768,5.96
2026-08-21 11:49:39,24254.6,2026-08-25,24500.0,CE,16.8,16.8,16.85,849282,242728,50195,8.34
2026-08-21 11:49:39,24254.6,2026-08-25,24500.0,PE,216.15,216.15,216.75,161926,68286,6701,4.31
2026-08-21 11:49:39,24254.6,2026-08-25,24550.0,CE,10.6,10.6,10.65,432638,78099,31512,8.37
2026-08-21 11:49:39,24254.6,2026-08-25,24550.0,PE,260.4,260.0,260.7,18377,4448,1515,
2026-08-21 11:49:39,24254.6,2026-08-25,24600.0,CE,6.8,6.75,6.8,471025,161305,34664,8.48
2026-08-21 11:49:39,24254.6,2026-08-25,24600.0,PE,306.2,306.25,306.65,27525,15409,798,
2026-08-21 11:49:39,24254.6,2026-08-25,24650.0,CE,4.7,4.7,4.75,241406,64384,19878,8.79
2026-08-21 11:49:39,24254.6,2026-08-25,24650.0,PE,354.35,353.4,354.25,4179,2895,97,
2026-08-21 11:49:39,24254.6,2026-08-25,24700.0,CE,3.4,3.35,3.4,289624,122833,6583,9.12
2026-08-21 11:49:39,24254.6,2026-08-25,24700.0,PE,403.0,401.85,403.3,5957,12908,-413,
2026-08-21 11:49:39,24254.6,2026-08-25,24750.0,CE,2.65,2.6,2.65,170810,46261,14556,9.58
2026-08-21 11:49:39,24254.6,2026-08-25,24750.0,PE,453.65,451.1,453.0,564,1448,-28,
2026-08-21 11:50:39,24253.95,2026-08-25,23750.0,CE,550.45,554.55,556.95,255,729,-21,18.08
2026-08-21 11:50:39,24253.95,2026-08-25,23750.0,PE,4.25,4.2,4.25,188005,45824,10971,11.83
2026-08-21 11:50:39,24253.95,2026-08-25,23800.0,CE,501.25,505.0,506.65,5297,10038,446,15.95
2026-08-21 11:50:39,24253.95,2026-08-25,23800.0,PE,4.8,4.8,4.85,344353,138603,14211,11.16
2026-08-21 11:50:39,24253.95,2026-08-25,23850.0,CE,451.25,456.9,458.0,990,1253,118,15.04
2026-08-21 11:50:39,24253.95,2026-08-25,23850.0,PE,5.65,5.65,5.7,224697,64198,6011,10.54
2026-08-21 11:50:39,24253.95,2026-08-25,23900.0,CE,409.65,408.05,409.25,9513,5364,634,13.95
2026-08-21 11:50:39,24253.95,2026-08-25,23900.0,PE,7.0,7.0,7.05,364221,115384,11753,10.01
2026-08-21 11:50:39,24253.95,2026-08-25,23950.0,CE,361.85,359.9,361.0,6652,3565,316,12.97
2026-08-21 11:50:39,24253.95,2026-08-25,23950.0,PE,9.1,9.05,9.1,260581,61436,12827,9.56
2026-08-21 11:50:39,24253.95,2026-08-25,24000.0,CE,313.9,313.25,314.0,105670,95246,846,12.24
2026-08-21 11:50:39,24253.95,2026-08-25,24000.0,PE,12.25,12.2,12.25,825727,286559,35053,9.17
2026-08-21 11:50:39,24253.95,2026-08-25,24050.0,CE,268.4,267.85,268.45,37029,10346,903,11.39
2026-08-21 11:50:39,24253.95,2026-08-25,24050.0,PE,16.5,16.45,16.55,400228,77990,29428,8.78
2026-08-21 11:50:39,24253.95,2026-08-25,24100.0,CE,224.5,224.2,224.4,247345,54332,7290,10.73
2026-08-21 11:50:39,24253.95,2026-08-25,24100.0,PE,22.75,22.75,22.8,746157,168753,51485,8.42
2026-08-21 11:50:39,24253.95,2026-08-25,24150.0,CE,183.6,183.1,183.55,303140,32739,13473,10.16
2026-08-21 11:50:39,24253.95,2026-08-25,24150.0,PE,31.6,31.5,31.65,734385,134761,63191,8.1
2026-08-21 11:50:39,24253.95,2026-08-25,24200.0,CE,145.9,145.6,145.95,1516533,204882,75519,9.69
2026-08-21 11:50:39,24253.95,2026-08-25,24200.0,PE,43.95,43.9,44.0,2252637,386293,181847,7.84
2026-08-21 11:50:39,24253.95,2026-08-25,24250.0,CE,111.65,111.6,111.9,1745631,160433,96270,9.26
2026-08-21 11:50:39,24253.95,2026-08-25,24250.0,PE,60.45,60.45,60.55,2064890,258361,181784,7.59
2026-08-21 11:50:39,24253.95,2026-08-25,24300.0,CE,83.0,82.8,82.95,2178245,316164,165612,8.96
2026-08-21 11:50:39,24253.95,2026-08-25,24300.0,PE,81.5,81.35,81.5,1871708,255426,140391,7.29
2026-08-21 11:50:39,24253.95,2026-08-25,24350.0,CE,59.1,59.0,59.15,919827,102221,55228,8.7
2026-08-21 11:50:39,24253.95,2026-08-25,24350.0,PE,107.65,107.65,107.9,639141,71182,40502,6.98
2026-08-21 11:50:39,24253.95,2026-08-25,24400.0,CE,40.5,40.4,40.5,1019732,192150,65678,8.53
2026-08-21 11:50:39,24253.95,2026-08-25,24400.0,PE,139.45,139.05,139.4,550870,83935,35314,6.55
2026-08-21 11:50:39,24253.95,2026-08-25,24450.0,CE,26.6,26.5,26.6,496136,81593,39594,8.4
2026-08-21 11:50:39,24253.95,2026-08-25,24450.0,PE,175.35,175.35,175.85,127595,20465,11747,5.96
2026-08-21 11:50:39,24253.95,2026-08-25,24500.0,CE,17.05,17.0,17.05,854275,243260,50727,8.34
2026-08-21 11:50:39,24253.95,2026-08-25,24500.0,PE,215.4,215.25,215.75,162405,68144,6559,4.31
2026-08-21 11:50:39,24253.95,2026-08-25,24550.0,CE,10.7,10.7,10.75,433664,78520,31933,8.37
2026-08-21 11:50:39,24253.95,2026-08-25,24550.0,PE,259.2,258.8,259.5,18453,4441,1508,
2026-08-21 11:50:39,24253.95,2026-08-25,24600.0,CE,6.8,6.75,6.85,472323,161633,34992,8.48
2026-08-21 11:50:39,24253.95,2026-08-25,24600.0,PE,305.2,304.95,305.7,27583,15395,784,
2026-08-21 11:50:39,24253.95,2026-08-25,24650.0,CE,4.7,4.7,4.75,241672,64387,19881,8.79
2026-08-21 11:50:39,24253.95,2026-08-25,24650.0,PE,351.4,352.2,353.3,4184,2888,90,
2026-08-21 11:50:39,24253.95,2026-08-25,24700.0,CE,3.4,3.35,3.4,289853,122830,6580,9.12
2026-08-21 11:50:39,24253.95,2026-08-25,24700.0,PE,403.0,400.85,402.35,5957,12910,-411,
2026-08-21 11:50:39,24253.95,2026-08-25,24750.0,CE,2.65,2.6,2.65,171017,46293,14588,9.58
2026-08-21 11:50:39,24253.95,2026-08-25,24750.0,PE,451.55,450.0,451.6,567,1447,-29,
2026-08-21 11:51:40,24258.95,2026-08-25,23750.0,CE,553.45,555.6,557.95,256,729,-21,17.32
2026-08-21 11:51:40,24258.95,2026-08-25,23750.0,PE,4.3,4.25,4.3,188451,45837,10984,11.71
2026-08-21 11:51:40,24258.95,2026-08-25,23800.0,CE,508.75,505.9,507.45,5302,10038,446,16.26
2026-08-21 11:51:40,24258.95,2026-08-25,23800.0,PE,4.8,4.75,4.8,345978,138877,14485,11.01
2026-08-21 11:51:40,24258.95,2026-08-25,23850.0,CE,456.25,457.2,459.15,995,1253,118,15.03
2026-08-21 11:51:40,24258.95,2026-08-25,23850.0,PE,5.75,5.7,5.75,225263,64308,6121,10.42
2026-08-21 11:51:40,24258.95,2026-08-25,23900.0,CE,410.0,408.75,409.95,9522,5390,660,15.18
2026-08-21 11:51:40,24258.95,2026-08-25,23900.0,PE,7.05,7.0,7.05,365032,115376,11745,9.86
2026-08-21 11:51:40,24258.95,2026-08-25,23950.0,CE,361.95,360.75,361.8,6665,3565,316,14.18
2026-08-21 11:51:40,24258.95,2026-08-25,23950.0,PE,9.05,9.05,9.1,261478,61187,12578,9.41
2026-08-21 11:51:40,24258.95,2026-08-25,24000.0,CE,314.65,313.95,314.65,106018,95234,834,13.13
2026-08-21 11:51:40,24258.95,2026-08-25,24000.0,PE,12.2,12.2,12.25,828163,285706,34200,9.0
2026-08-21 11:51:40,24258.95,2026-08-25,24050.0,CE,269.0,268.65,269.35,37119,10364,921,12.1
2026-08-21 11:51:40,24258.95,2026-08-25,24050.0,PE,16.45,16.4,16.45,400909,77975,29413,8.58
2026-08-21 11:51:40,24258.95,2026-08-25,24100.0,CE,225.35,225.0,225.25,248599,54606,7564,11.44
2026-08-21 11:51:40,24258.95,2026-08-25,24100.0,PE,22.65,22.55,22.65,748483,168990,51722,8.2
2026-08-21 11:51:40,24258.95,2026-08-25,24150.0,CE,183.6,183.75,184.2,304625,32888,13622,10.72
2026-08-21 11:51:40,24258.95,2026-08-25,24150.0,PE,31.3,31.3,31.4,736388,134700,63130,7.89
2026-08-21 11:51:40,24258.95,2026-08-25,24200.0,CE,146.2,146.15,146.5,1521501,205970,76607,10.12
2026-08-21 11:51:40,24258.95,2026-08-25,24200.0,PE,43.65,43.55,43.65,2259290,385797,181351,7.58
2026-08-21 11:51:40,24258.95,2026-08-25,24250.0,CE,112.55,112.25,112.55,1753291,161323,97160,9.67
2026-08-21 11:51:40,24258.95,2026-08-25,24250.0,PE,60.0,59.95,60.0,2072642,258702,182125,7.21
2026-08-21 11:51:40,24258.95,2026-08-25,24300.0,CE,83.4,83.2,83.4,2186129,317650,167098,9.25
2026-08-21 11:51:40,24258.95,2026-08-25,24300.0,PE,80.8,80.8,80.95,1879273,255289,140254,6.88
2026-08-21 11:51:40,24258.95,2026-08-25,24350.0,CE,59.5,59.35,59.45,923341,102520,55527,8.99
2026-08-21 11:51:40,24258.95,2026-08-25,24350.0,PE,107.1,107.05,107.25,641693,71398,40718,6.4
2026-08-21 11:51:40,24258.95,2026-08-25,24400.0,CE,40.8,40.7,40.8,1024629,193596,67124,8.73
2026-08-21 11:51:40,24258.95,2026-08-25,24400.0,PE,138.15,138.2,138.5,553071,84198,35577,5.79
2026-08-21 11:51:40,24258.95,2026-08-25,24450.0,CE,26.8,26.7,26.8,498513,81926,39927,8.58
2026-08-21 11:51:40,24258.95,2026-08-25,24450.0,PE,174.45,174.55,174.85,127889,20533,11815,4.26
2026-08-21 11:51:40,24258.95,2026-08-25,24500.0,CE,17.15,17.1,17.15,859031,244616,52083,8.47
2026-08-21 11:51:40,24258.95,2026-08-25,24500.0,PE,214.55,214.4,214.95,162840,68106,6521,
2026-08-21 11:51:40,24258.95,2026-08-25,24550.0,CE,10.8,10.75,10.8,435690,78821,32234,8.47
2026-08-21 11:51:40,24258.95,2026-08-25,24550.0,PE,257.5,258.1,258.8,18481,4463,1530,
2026-08-21 11:51:40,24258.95,2026-08-25,24600.0,CE,6.85,6.85,6.9,474594,161780,35139,8.56
2026-08-21 11:51:40,24258.95,2026-08-25,24600.0,PE,304.75,304.15,304.75,27665,15389,778,
2026-08-21 11:51:40,24258.95,2026-08-25,24650.0,CE,4.75,4.75,4.8,242271,64393,19887,8.84
2026-08-21 11:51:40,24258.95,2026-08-25,24650.0,PE,350.3,351.6,352.45,4194,2891,93,
2026-08-21 11:51:40,24258.95,2026-08-25,24700.0,CE,3.35,3.35,3.4,291078,123244,6994,9.16
2026-08-21 11:51:40,24258.95,2026-08-25,24700.0,PE,400.25,400.55,401.35,5994,12910,-411,
2026-08-21 11:51:40,24258.95,2026-08-25,24750.0,CE,2.6,2.6,2.65,172214,46265,14560,9.64
2026-08-21 11:51:40,24258.95,2026-08-25,24750.0,PE,451.55,449.05,450.65,567,1447,-29,
2026-08-21 11:52:40,24257.3,2026-08-25,23750.0,CE,555.6,555.65,558.3,257,728,-22,17.32
2026-08-21 11:52:40,24257.3,2026-08-25,23750.0,PE,4.25,4.25,4.3,188524,45856,11003,11.71
2026-08-21 11:52:40,24257.3,2026-08-25,23800.0,CE,508.95,506.4,508.05,5313,10039,447,16.26
2026-08-21 11:52:40,24257.3,2026-08-25,23800.0,PE,4.8,4.8,4.85,346718,138828,14436,11.01
2026-08-21 11:52:40,24257.3,2026-08-25,23850.0,CE,456.25,458.35,459.7,995,1253,118,15.03
2026-08-21 11:52:40,24257.3,2026-08-25,23850.0,PE,5.7,5.7,5.75,225678,64228,6041,10.42
2026-08-21 11:52:40,24257.3,2026-08-25,23900.0,CE,410.95,409.45,410.7,9529,5391,661,15.18
2026-08-21 11:52:40,24257.3,2026-08-25,23900.0,PE,7.0,7.0,7.05,365196,115377,11746,9.86
2026-08-21 11:52:40,24257.3,2026-08-25,23950.0,CE,362.15,361.55,362.5,6667,3571,322,14.18
2026-08-21 11:52:40,24257.3,2026-08-25,23950.0,PE,9.05,9.05,9.1,261728,61095,12486,9.41
2026-08-21 11:52:40,24257.3,2026-08-25,24000.0,CE,315.45,314.7,315.6,106229,95081,681,13.13
2026-08-21 11:52:40,24257.3,2026-08-25,24000.0,PE,12.15,12.15,12.2,830656,286619,35113,9.0
2026-08-21 11:52:40,24257.3,2026-08-25,24050.0,CE,269.3,269.25,269.65,37221,10370,927,12.1
2026-08-21 11:52:40,24257.3,2026-08-25,24050.0,PE,16.4,16.4,16.45,401401,77903,29341,8.58
2026-08-21 11:52:40,24257.3,2026-08-25,24100.0,CE,225.65,225.3,225.85,249422,54739,7697,11.44
2026-08-21 11:52:40,24257.3,2026-08-25,24100.0,PE,22.5,22.5,22.55,749855,168875,51607,8.2
2026-08-21 11:52:40,24257.3,2026-08-25,24150.0,CE,184.6,184.2,184.6,305336,32993,13727,10.72
2026-08-21 11:52:40,24257.3,2026-08-25,24150.0,PE,31.2,31.25,31.35,738271,134407,62837,7.89
2026-08-21 11:52:40,24257.3,2026-08-25,24200.0,CE,146.5,146.5,146.9,1525626,205363,76000,10.12
2026-08-21 11:52:40,24257.3,2026-08-25,24200.0,PE,43.45,43.45,43.6,2263719,385589,181143,7.58
2026-08-21 11:52:40,24257.3,2026-08-25,24250.0,CE,112.95,112.65,112.95,1758440,161348,97185,9.67
2026-08-21 11:52:40,24257.3,2026-08-25,24250.0,PE,59.8,59.65,59.7,2079297,259093,182516,7.21
2026-08-21 11:52:40,24257.3,2026-08-25,24300.0,CE,83.45,83.4,83.55,2193370,317508,166956,9.25
2026-08-21 11:52:40,24257.3,2026-08-25,24300.0,PE,80.7,80.75,80.85,1883624,255346,140311,6.88
2026-08-21 11:52:40,24257.3,2026-08-25,24350.0,CE,59.55,59.65,59.7,925952,102399,55406,8.99
2026-08-21 11:52:40,24257.3,2026-08-25,24350.0,PE,106.8,106.65,106.85,643629,71627,40947,6.4
2026-08-21 11:52:40,24257.3,2026-08-25,24400.0,CE,40.95,40.85,40.9,1027240,193371,66899,8.73
2026-08-21 11:52:40,24257.3,2026-08-25,24400.0,PE,138.15,137.85,138.2,554182,84067,35446,5.79
2026-08-21 11:52:40,24257.3,2026-08-25,24450.0,CE,26.9,26.85,26.9,500283,81991,39992,8.58
2026-08-21 11:52:40,24257.3,2026-08-25,24450.0,PE,174.15,174.0,174.45,128156,20523,11805,4.26
2026-08-21 11:52:40,24257.3,2026-08-25,24500.0,CE,17.15,17.15,17.2,860681,244669,52136,8.47
2026-08-21 11:52:40,24257.3,2026-08-25,24500.0,PE,214.5,214.3,214.7,163138,68107,6522,
2026-08-21 11:52:40,24257.3,2026-08-25,24550.0,CE,10.8,10.75,10.85,436661,78639,32052,8.47
2026-08-21 11:52:40,24257.3,2026-08-25,24550.0,PE,258.05,257.55,258.25,18550,4456,1523,
2026-08-21 11:52:40,24257.3,2026-08-25,24600.0,CE,6.85,6.85,6.9,475692,161338,34697,8.56
2026-08-21 11:52:40,24257.3,2026-08-25,24600.0,PE,302.9,303.35,304.15,27692,15399,788,
2026-08-21 11:52:40,24257.3,2026-08-25,24650.0,CE,4.75,4.75,4.8,242668,64279,19773,8.84
2026-08-21 11:52:40,24257.3,2026-08-25,24650.0,PE,350.55,350.85,351.85,4203,2891,93,
2026-08-21 11:52:40,24257.3,2026-08-25,24700.0,CE,3.4,3.35,3.4,291468,123351,7101,9.16
2026-08-21 11:52:40,24257.3,2026-08-25,24700.0,PE,400.6,399.25,400.0,6016,12931,-390,
2026-08-21 11:52:40,24257.3,2026-08-25,24750.0,CE,2.65,2.6,2.65,172521,46205,14500,9.64
2026-08-21 11:52:40,24257.3,2026-08-25,24750.0,PE,447.5,448.35,450.0,569,1444,-32,
2026-08-21 11:53:40,24252.8,2026-08-25,23750.0,CE,555.6,555.65,558.3,257,728,-22,17.32
2026-08-21 11:53:40,24252.8,2026-08-25,23750.0,PE,4.25,4.25,4.3,188524,45856,11003,11.71
2026-08-21 11:53:40,24252.8,2026-08-25,23800.0,CE,508.95,506.4,508.05,5313,10039,447,16.26
2026-08-21 11:53:40,24252.8,2026-08-25,23800.0,PE,4.8,4.8,4.85,346718,138828,14436,11.01
2026-08-21 11:53:40,24252.8,2026-08-25,23850.0,CE,456.25,458.35,459.7,995,1253,118,15.03
2026-08-21 11:53:40,24252.8,2026-08-25,23850.0,PE,5.7,5.7,5.75,225678,64228,6041,10.42
2026-08-21 11:53:40,24252.8,2026-08-25,23900.0,CE,410.95,409.45,410.7,9529,5391,661,15.18
2026-08-21 11:53:40,24252.8,2026-08-25,23900.0,PE,7.0,7.0,7.05,365196,115377,11746,9.86
2026-08-21 11:53:40,24252.8,2026-08-25,23950.0,CE,362.15,361.55,362.5,6667,3571,322,14.18
2026-08-21 11:53:40,24252.8,2026-08-25,23950.0,PE,9.05,9.05,9.1,261728,61095,12486,9.41
2026-08-21 11:53:40,24252.8,2026-08-25,24000.0,CE,315.45,314.7,315.6,106229,95081,681,13.13
2026-08-21 11:53:40,24252.8,2026-08-25,24000.0,PE,12.15,12.15,12.2,830656,286619,35113,9.0
2026-08-21 11:53:40,24252.8,2026-08-25,24050.0,CE,269.3,269.25,269.65,37221,10370,927,12.1
2026-08-21 11:53:40,24252.8,2026-08-25,24050.0,PE,16.4,16.4,16.45,401401,77903,29341,8.58
2026-08-21 11:53:40,24252.8,2026-08-25,24100.0,CE,225.65,225.3,225.85,249422,54739,7697,11.44
2026-08-21 11:53:40,24252.8,2026-08-25,24100.0,PE,22.5,22.5,22.55,749855,168875,51607,8.2
2026-08-21 11:53:40,24252.8,2026-08-25,24150.0,CE,184.6,184.2,184.6,305336,32993,13727,10.72
2026-08-21 11:53:40,24252.8,2026-08-25,24150.0,PE,31.2,31.25,31.35,738271,134407,62837,7.89
2026-08-21 11:53:40,24252.8,2026-08-25,24200.0,CE,146.5,146.5,146.9,1525626,205363,76000,10.12
2026-08-21 11:53:40,24252.8,2026-08-25,24200.0,PE,43.45,43.45,43.6,2263719,385589,181143,7.58
2026-08-21 11:53:40,24252.8,2026-08-25,24250.0,CE,112.95,112.65,112.95,1758440,161348,97185,9.67
2026-08-21 11:53:40,24252.8,2026-08-25,24250.0,PE,59.8,59.65,59.7,2079297,259093,182516,7.21
2026-08-21 11:53:40,24252.8,2026-08-25,24300.0,CE,83.45,83.4,83.55,2193370,317508,166956,9.25
2026-08-21 11:53:40,24252.8,2026-08-25,24300.0,PE,80.7,80.75,80.85,1883624,255346,140311,6.88
2026-08-21 11:53:40,24252.8,2026-08-25,24350.0,CE,59.55,59.65,59.7,925952,102399,55406,8.99
2026-08-21 11:53:40,24252.8,2026-08-25,24350.0,PE,106.8,106.65,106.85,643629,71627,40947,6.4
2026-08-21 11:53:40,24252.8,2026-08-25,24400.0,CE,40.95,40.85,40.9,1027240,193371,66899,8.73
2026-08-21 11:53:40,24252.8,2026-08-25,24400.0,PE,138.15,137.85,138.2,554182,84067,35446,5.79
2026-08-21 11:53:40,24252.8,2026-08-25,24450.0,CE,26.9,26.85,26.9,500283,81991,39992,8.58
2026-08-21 11:53:40,24252.8,2026-08-25,24450.0,PE,174.15,174.0,174.45,128156,20523,11805,4.26
2026-08-21 11:53:40,24252.8,2026-08-25,24500.0,CE,17.15,17.15,17.2,860681,244669,52136,8.47
2026-08-21 11:53:40,24252.8,2026-08-25,24500.0,PE,214.5,214.3,214.7,163138,68107,6522,
2026-08-21 11:53:40,24252.8,2026-08-25,24550.0,CE,10.8,10.75,10.85,436661,78639,32052,8.47
2026-08-21 11:53:40,24252.8,2026-08-25,24550.0,PE,258.05,257.55,258.25,18550,4456,1523,
2026-08-21 11:53:40,24252.8,2026-08-25,24600.0,CE,6.85,6.85,6.9,475692,161338,34697,8.56
2026-08-21 11:53:40,24252.8,2026-08-25,24600.0,PE,302.9,303.35,304.15,27692,15399,788,
2026-08-21 11:53:40,24252.8,2026-08-25,24650.0,CE,4.75,4.75,4.8,242668,64279,19773,8.84
2026-08-21 11:53:40,24252.8,2026-08-25,24650.0,PE,350.55,350.85,351.85,4203,2891,93,
2026-08-21 11:53:40,24252.8,2026-08-25,24700.0,CE,3.4,3.35,3.4,291468,123351,7101,9.16
2026-08-21 11:53:40,24252.8,2026-08-25,24700.0,PE,400.6,399.25,400.0,6016,12931,-390,
2026-08-21 11:53:40,24252.8,2026-08-25,24750.0,CE,2.65,2.6,2.65,172521,46205,14500,9.64
2026-08-21 11:53:40,24252.8,2026-08-25,24750.0,PE,447.5,448.35,450.0,569,1444,-32,
2026-08-21 11:54:40,24252.0,2026-08-25,23750.0,CE,552.95,551.35,553.4,260,728,-22,17.32
2026-08-21 11:54:40,24252.0,2026-08-25,23750.0,PE,4.3,4.25,4.3,188841,45710,10857,11.71
2026-08-21 11:54:40,24252.0,2026-08-25,23800.0,CE,503.4,501.8,503.15,5331,10042,450,16.26
2026-08-21 11:54:40,24252.0,2026-08-25,23800.0,PE,4.8,4.8,4.85,346892,138240,13848,11.01
2026-08-21 11:54:40,24252.0,2026-08-25,23850.0,CE,454.15,453.6,454.8,1003,1252,117,15.03
2026-08-21 11:54:40,24252.0,2026-08-25,23850.0,PE,5.75,5.7,5.75,227241,63943,5756,10.42
2026-08-21 11:54:40,24252.0,2026-08-25,23900.0,CE,406.1,405.05,406.05,9552,5377,647,15.18
2026-08-21 11:54:40,24252.0,2026-08-25,23900.0,PE,7.1,7.1,7.15,365993,115701,12070,9.86
2026-08-21 11:54:40,24252.0,2026-08-25,23950.0,CE,358.05,356.9,357.8,6698,3566,317,14.18
2026-08-21 11:54:40,24252.0,2026-08-25,23950.0,PE,9.2,9.2,9.25,262007,61060,12451,9.41
2026-08-21 11:54:40,24252.0,2026-08-25,24000.0,CE,310.1,310.15,310.85,106592,95170,770,13.13
2026-08-21 11:54:40,24252.0,2026-08-25,24000.0,PE,12.45,12.45,12.5,834173,286541,35035,9.0
2026-08-21 11:54:40,24252.0,2026-08-25,24050.0,CE,265.15,265.0,265.35,37356,10380,937,12.1
2026-08-21 11:54:40,24252.0,2026-08-25,24050.0,PE,16.9,16.85,16.9,402755,77620,29058,8.58
2026-08-21 11:54:40,24252.0,2026-08-25,24100.0,CE,221.3,221.1,221.65,250598,54716,7674,11.44
2026-08-21 11:54:40,24252.0,2026-08-25,24100.0,PE,23.2,23.2,23.25,751936,168774,51506,8.2
2026-08-21 11:54:40,24252.0,2026-08-25,24150.0,CE,181.0,180.55,181.0,306466,33159,13893,10.72
2026-08-21 11:54:40,24252.0,2026-08-25,24150.0,PE,32.15,32.15,32.2,740153,134132,62562,7.89
2026-08-21 11:54:40,24252.0,2026-08-25,24200.0,CE,143.25,143.2,143.6,1530224,205287,75924,10.12
2026-08-21 11:54:40,24252.0,2026-08-25,24200.0,PE,44.7,44.7,44.75,2269890,383964,179518,7.58
2026-08-21 11:54:40,24252.0,2026-08-25,24250.0,CE,109.8,109.65,109.8,1765071,161780,97617,9.67
2026-08-21 11:54:40,24252.0,2026-08-25,24250.0,PE,61.6,61.6,61.7,2091364,262575,185998,7.21
2026-08-21 11:54:40,24252.0,2026-08-25,24300.0,CE,81.15,81.15,81.35,2201909,317583,167031,9.25
2026-08-21 11:54:40,24252.0,2026-08-25,24300.0,PE,82.9,82.7,82.9,1891146,254694,139659,6.88
2026-08-21 11:54:40,24252.0,2026-08-25,24350.0,CE,57.7,57.65,57.8,930154,103161,56168,8.99
2026-08-21 11:54:40,24252.0,2026-08-25,24350.0,PE,109.65,109.4,109.65,646258,71788,41108,6.4
2026-08-21 11:54:40,24252.0,2026-08-25,24400.0,CE,39.5,39.4,39.5,1032318,194572,68100,8.73
2026-08-21 11:54:40,24252.0,2026-08-25,24400.0,PE,141.35,141.3,141.65,556381,84115,35494,5.79
2026-08-21 11:54:40,24252.0,2026-08-25,24450.0,CE,25.8,25.8,25.9,502969,82218,40219,8.58
2026-08-21 11:54:40,24252.0,2026-08-25,24450.0,PE,177.95,177.95,178.0,128417,20522,11804,4.26
2026-08-21 11:54:40,24252.0,2026-08-25,24500.0,CE,16.55,16.55,16.6,866594,244136,51603,8.47
2026-08-21 11:54:40,24252.0,2026-08-25,24500.0,PE,218.4,217.95,218.45,163510,68146,6561,
2026-08-21 11:54:40,24252.0,2026-08-25,24550.0,CE,10.4,10.4,10.45,439926,79289,32702,8.47
2026-08-21 11:54:40,24252.0,2026-08-25,24550.0,PE,262.4,261.85,262.55,18650,4460,1527,
2026-08-21 11:54:40,24252.0,2026-08-25,24600.0,CE,6.65,6.6,6.65,478589,161767,35126,8.56
2026-08-21 11:54:40,24252.0,2026-08-25,24600.0,PE,308.0,308.05,308.85,27750,15375,764,
2026-08-21 11:54:40,24252.0,2026-08-25,24650.0,CE,4.7,4.65,4.7,243695,64518,20012,8.84
2026-08-21 11:54:40,24252.0,2026-08-25,24650.0,PE,356.35,355.35,356.35,4234,2894,96,
2026-08-21 11:54:40,24252.0,2026-08-25,24700.0,CE,3.35,3.3,3.35,292278,123300,7050,9.16
2026-08-21 11:54:40,24252.0,2026-08-25,24700.0,PE,404.95,404.25,405.0,6046,12921,-400,
2026-08-21 11:54:40,24252.0,2026-08-25,24750.0,CE,2.6,2.55,2.6,172691,46405,14700,9.64
2026-08-21 11:54:40,24252.0,2026-08-25,24750.0,PE,452.9,453.15,454.4,571,1442,-34,
2026-08-21 11:55:40,24249.2,2026-08-25,23750.0,CE,552.95,549.2,551.45,260,728,-22,17.32
2026-08-21 11:55:40,24249.2,2026-08-25,23750.0,PE,4.3,4.25,4.3,189001,45729,10876,11.71
2026-08-21 11:55:40,24249.2,2026-08-25,23800.0,CE,500.75,500.0,501.6,5333,10042,450,16.26
2026-08-21 11:55:40,24249.2,2026-08-25,23800.0,PE,4.85,4.8,4.85,347018,138251,13859,11.01
2026-08-21 11:55:40,24249.2,2026-08-25,23850.0,CE,454.15,451.85,453.05,1004,1252,117,15.03
2026-08-21 11:55:40,24249.2,2026-08-25,23850.0,PE,5.8,5.75,5.8,227566,63939,5752,10.42
2026-08-21 11:55:40,24249.2,2026-08-25,23900.0,CE,404.75,403.05,404.0,9573,5377,647,15.18
2026-08-21 11:55:40,24249.2,2026-08-25,23900.0,PE,7.2,7.15,7.2,366336,115834,12203,9.86
2026-08-21 11:55:40,24249.2,2026-08-25,23950.0,CE,356.1,355.4,356.05,6703,3562,313,14.18
2026-08-21 11:55:40,24249.2,2026-08-25,23950.0,PE,9.25,9.3,9.35,262422,61087,12478,9.41
2026-08-21 11:55:40,24249.2,2026-08-25,24000.0,CE,309.4,309.1,309.4,106999,95276,876,13.13
2026-08-21 11:55:40,24249.2,2026-08-25,24000.0,PE,12.6,12.6,12.65,836464,286424,34918,9.0
2026-08-21 11:55:40,24249.2,2026-08-25,24050.0,CE,263.2,263.35,263.95,37480,10412,969,12.1
2026-08-21 11:55:40,24249.2,2026-08-25,24050.0,PE,17.05,17.0,17.05,403806,77538,28976,8.58
2026-08-21 11:55:40,24249.2,2026-08-25,24100.0,CE,220.0,220.0,220.4,251658,54521,7479,11.44
2026-08-21 11:55:40,24249.2,2026-08-25,24100.0,PE,23.45,23.45,23.55,753132,168819,51551,8.2
2026-08-21 11:55:40,24249.2,2026-08-25,24150.0,CE,179.1,179.0,179.4,307437,33008,13742,10.72
2026-08-21 11:55:40,24249.2,2026-08-25,24150.0,PE,32.6,32.55,32.6,742035,134404,62834,7.89
2026-08-21 11:55:40,24249.2,2026-08-25,24200.0,CE,142.25,142.05,142.35,1535640,204898,75535,10.12
2026-08-21 11:55:40,24249.2,2026-08-25,24200.0,PE,45.4,45.3,45.4,2276795,384423,179977,7.58
2026-08-21 11:55:40,24249.2,2026-08-25,24250.0,CE,108.7,108.5,108.75,1772368,161339,97176,9.67
2026-08-21 11:55:40,24249.2,2026-08-25,24250.0,PE,62.1,62.1,62.25,2105423,263094,186517,7.21
2026-08-21 11:55:40,24249.2,2026-08-25,24300.0,CE,80.25,80.2,80.35,2212681,319345,168793,9.25
2026-08-21 11:55:40,24249.2,2026-08-25,24300.0,PE,83.6,83.6,83.7,1899501,255438,140403,6.88
2026-08-21 11:55:40,24249.2,2026-08-25,24350.0,CE,56.8,56.8,57.0,934762,103393,56400,8.99
2026-08-21 11:55:40,24249.2,2026-08-25,24350.0,PE,110.55,110.55,110.75,649637,71886,41206,6.4
2026-08-21 11:55:40,24249.2,2026-08-25,24400.0,CE,38.8,38.8,38.85,1036845,194247,67775,8.73
2026-08-21 11:55:40,24249.2,2026-08-25,24400.0,PE,142.4,142.4,142.7,558870,84178,35557,5.79
2026-08-21 11:55:40,24249.2,2026-08-25,24450.0,CE,25.4,25.4,25.5,505056,82389,40390,8.58
2026-08-21 11:55:40,24249.2,2026-08-25,24450.0,PE,179.0,179.05,179.5,129049,20652,11934,4.26
2026-08-21 11:55:40,24249.2,2026-08-25,24500.0,CE,16.2,16.2,16.25,870745,244451,51918,8.47
2026-08-21 11:55:40,24249.2,2026-08-25,24500.0,PE,220.0,219.6,220.0,164099,68227,6642,
2026-08-21 11:55:40,24249.2,2026-08-25,24550.0,CE,10.2,10.2,10.25,442404,79129,32542,8.47
2026-08-21 11:55:40,24249.2,2026-08-25,24550.0,PE,263.5,263.45,264.0,18696,4461,1528,
2026-08-21 11:55:40,24249.2,2026-08-25,24600.0,CE,6.55,6.5,6.55,480570,161735,35094,8.56
2026-08-21 11:55:40,24249.2,2026-08-25,24600.0,PE,310.0,309.9,310.45,27788,15371,760,
2026-08-21 11:55:40,24249.2,2026-08-25,24650.0,CE,4.6,4.55,4.6,244633,64800,20294,8.84
2026-08-21 11:55:40,24249.2,2026-08-25,24650.0,PE,356.75,357.15,358.35,4237,2890,92,
2026-08-21 11:55:40,24249.2,2026-08-25,24700.0,CE,3.3,3.3,3.35,292793,123298,7048,9.16
2026-08-21 11:55:40,24249.2,2026-08-25,24700.0,PE,406.0,405.85,406.95,6063,12915,-406,
2026-08-21 11:55:40,24249.2,2026-08-25,24750.0,CE,2.6,2.55,2.6,172784,46387,14682,9.64
2026-08-21 11:55:40,24249.2,2026-08-25,24750.0,PE,452.9,455.0,456.45,571,1442,-34,
2026-08-21 11:56:41,24242.55,2026-08-25,23750.0,CE,552.95,541.6,544.1,260,728,-22,17.32
2026-08-21 11:56:41,24242.55,2026-08-25,23750.0,PE,4.3,4.25,4.3,189302,45818,10965,11.71
2026-08-21 11:56:41,24242.55,2026-08-25,23800.0,CE,493.0,492.0,493.75,5400,10042,450,16.26
2026-08-21 11:56:41,24242.55,2026-08-25,23800.0,PE,4.9,4.9,4.95,348271,138087,13695,11.01
2026-08-21 11:56:41,24242.55,2026-08-25,23850.0,CE,444.95,443.25,444.65,1025,1255,120,15.03
2026-08-21 11:56:41,24242.55,2026-08-25,23850.0,PE,5.95,5.9,5.95,228847,63967,5780,10.42
2026-08-21 11:56:41,24242.55,2026-08-25,23900.0,CE,394.85,395.05,396.15,10209,5168,438,15.18
2026-08-21 11:56:41,24242.55,2026-08-25,23900.0,PE,7.4,7.35,7.4,368196,115456,11825,9.86
2026-08-21 11:56:41,24242.55,2026-08-25,23950.0,CE,347.45,347.2,348.15,6935,3634,385,14.18
2026-08-21 11:56:41,24242.55,2026-08-25,23950.0,PE,9.7,9.65,9.7,266002,61607,12998,9.41
2026-08-21 11:56:41,24242.55,2026-08-25,24000.0,CE,301.6,301.0,301.65,108901,95749,1349,13.13
2026-08-21 11:56:41,24242.55,2026-08-25,24000.0,PE,13.2,13.15,13.2,845499,285927,34421,9.0
2026-08-21 11:56:41,24242.55,2026-08-25,24050.0,CE,255.75,255.85,256.45,38239,10432,989,12.1
2026-08-21 11:56:41,24242.55,2026-08-25,24050.0,PE,17.85,17.8,17.85,407536,77716,29154,8.58
2026-08-21 11:56:41,24242.55,2026-08-25,24100.0,CE,212.45,212.4,212.95,255912,53883,6841,11.44
2026-08-21 11:56:41,24242.55,2026-08-25,24100.0,PE,24.75,24.65,24.75,764383,169197,51929,8.2
2026-08-21 11:56:41,24242.55,2026-08-25,24150.0,CE,172.85,172.45,172.8,313051,32477,13211,10.72
2026-08-21 11:56:41,24242.55,2026-08-25,24150.0,PE,34.35,34.3,34.35,751904,135318,63748,7.89
2026-08-21 11:56:41,24242.55,2026-08-25,24200.0,CE,136.05,136.1,136.45,1560353,202017,72654,10.12
2026-08-21 11:56:41,24242.55,2026-08-25,24200.0,PE,47.6,47.55,47.7,2310138,384122,179676,7.58
2026-08-21 11:56:41,24242.55,2026-08-25,24250.0,CE,103.4,103.45,103.7,1802314,158140,93977,9.67
2026-08-21 11:56:41,24242.55,2026-08-25,24250.0,PE,65.35,65.2,65.35,2142595,257572,180995,7.21
2026-08-21 11:56:41,24242.55,2026-08-25,24300.0,CE,75.8,75.8,76.0,2252773,315716,165164,9.25
2026-08-21 11:56:41,24242.55,2026-08-25,24300.0,PE,87.75,87.55,87.8,1937508,254796,139761,6.88
2026-08-21 11:56:41,24242.55,2026-08-25,24350.0,CE,53.5,53.4,53.5,950355,102869,55876,8.99
2026-08-21 11:56:41,24242.55,2026-08-25,24350.0,PE,115.8,115.5,115.8,662146,71708,41028,6.4
2026-08-21 11:56:41,24242.55,2026-08-25,24400.0,CE,36.35,36.3,36.45,1055046,192806,66334,8.73
2026-08-21 11:56:41,24242.55,2026-08-25,24400.0,PE,148.0,148.0,148.35,571125,82973,34352,5.79
2026-08-21 11:56:41,24242.55,2026-08-25,24450.0,CE,23.75,23.65,23.75,513711,82181,40182,8.58
2026-08-21 11:56:41,24242.55,2026-08-25,24450.0,PE,186.3,185.75,186.2,131713,19996,11278,4.26
2026-08-21 11:56:41,24242.55,2026-08-25,24500.0,CE,15.15,15.15,15.2,887611,243356,50823,8.47
2026-08-21 11:56:41,24242.55,2026-08-25,24500.0,PE,226.85,226.6,227.15,167762,67988,6403,
2026-08-21 11:56:41,24242.55,2026-08-25,24550.0,CE,9.55,9.55,9.6,449949,79308,32721,8.47
2026-08-21 11:56:41,24242.55,2026-08-25,24550.0,PE,271.95,270.9,271.65,19124,4422,1489,
2026-08-21 11:56:41,24242.55,2026-08-25,24600.0,CE,6.1,6.1,6.15,486533,161527,34886,8.56
2026-08-21 11:56:41,24242.55,2026-08-25,24600.0,PE,317.95,317.25,317.95,28311,15266,655,
2026-08-21 11:56:41,24242.55,2026-08-25,24650.0,CE,4.35,4.35,4.4,247764,64708,20202,8.84
2026-08-21 11:56:41,24242.55,2026-08-25,24650.0,PE,365.35,365.35,366.0,4280,2884,86,
2026-08-21 11:56:41,24242.55,2026-08-25,24700.0,CE,3.2,3.2,3.25,295026,123471,7221,9.16
2026-08-21 11:56:41,24242.55,2026-08-25,24700.0,PE,414.0,413.7,415.0,6180,12907,-414,
2026-08-21 11:56:41,24242.55,2026-08-25,24750.0,CE,2.55,2.55,2.6,173406,46478,14773,9.64
2026-08-21 11:56:41,24242.55,2026-08-25,24750.0,PE,464.35,463.3,465.1,583,1444,-32,
2026-08-21 11:57:41,24241.6,2026-08-25,23750.0,CE,552.95,541.65,543.9,260,728,-22,17.32
2026-08-21 11:57:41,24241.6,2026-08-25,23750.0,PE,4.35,4.3,4.35,189548,45818,10965,11.71
2026-08-21 11:57:41,24241.6,2026-08-25,23800.0,CE,493.75,492.7,494.4,5422,10055,463,16.26
2026-08-21 11:57:41,24241.6,2026-08-25,23800.0,PE,4.95,4.9,4.95,349127,138087,13695,11.01
2026-08-21 11:57:41,24241.6,2026-08-25,23850.0,CE,446.7,443.95,445.15,1027,1242,107,15.03
2026-08-21 11:57:41,24241.6,2026-08-25,23850.0,PE,5.9,5.9,5.95,229182,63967,5780,10.42
2026-08-21 11:57:41,24241.6,2026-08-25,23900.0,CE,396.35,396.3,397.45,10218,5168,438,15.18
2026-08-21 11:57:41,24241.6,2026-08-25,23900.0,PE,7.4,7.4,7.45,368827,115456,11825,9.86
2026-08-21 11:57:41,24241.6,2026-08-25,23950.0,CE,348.8,347.6,348.65,7000,3634,385,14.18
2026-08-21 11:57:41,24241.6,2026-08-25,23950.0,PE,9.75,9.75,9.8,266560,61607,12998,9.41
2026-08-21 11:57:41,24241.6,2026-08-25,24000.0,CE,302.0,301.15,301.95,109433,95749,1349,13.13
2026-08-21 11:57:41,24241.6,2026-08-25,24000.0,PE,13.3,13.25,13.3,848142,285927,34421,9.0
2026-08-21 11:57:41,24241.6,2026-08-25,24050.0,CE,256.65,256.0,256.6,38363,10380,937,12.1
2026-08-21 11:57:41,24241.6,2026-08-25,24050.0,PE,18.0,17.95,18.0,408989,77716,29154,8.58
2026-08-21 11:57:41,24241.6,2026-08-25,24100.0,CE,213.35,213.0,213.4,257063,53883,6841,11.44
2026-08-21 11:57:41,24241.6,2026-08-25,24100.0,PE,24.85,24.8,24.85,767258,169197,51929,8.2
2026-08-21 11:57:41,24241.6,2026-08-25,24150.0,CE,173.0,172.65,173.1,314204,32477,13211,10.72
2026-08-21 11:57:41,24241.6,2026-08-25,24150.0,PE,34.6,34.5,34.6,755772,135318,63748,7.89
2026-08-21 11:57:41,24241.6,2026-08-25,24200.0,CE,136.45,136.45,136.7,1567096,202017,72654,10.12
2026-08-21 11:57:41,24241.6,2026-08-25,24200.0,PE,47.95,47.8,47.95,2328411,384122,179676,7.58
2026-08-21 11:57:41,24241.6,2026-08-25,24250.0,CE,104.0,103.55,103.75,1812284,158140,93977,9.67
2026-08-21 11:57:41,24241.6,2026-08-25,24250.0,PE,65.7,65.5,65.7,2160697,257572,180995,7.21
2026-08-21 11:57:41,24241.6,2026-08-25,24300.0,CE,76.05,76.05,76.3,2262956,315716,165164,9.25
2026-08-21 11:57:41,24241.6,2026-08-25,24300.0,PE,88.0,87.85,88.0,1951564,254796,139761,6.88
2026-08-21 11:57:41,24241.6,2026-08-25,24350.0,CE,53.7,53.7,53.8,955039,102869,55876,8.99
2026-08-21 11:57:41,24241.6,2026-08-25,24350.0,PE,115.75,115.75,115.9,666607,71708,41028,6.4
2026-08-21 11:57:41,24241.6,2026-08-25,24400.0,CE,36.55,36.5,36.6,1058816,192806,66334,8.73
2026-08-21 11:57:41,24241.6,2026-08-25,24400.0,PE,148.2,148.2,148.5,575053,82973,34352,5.79
2026-08-21 11:57:41,24241.6,2026-08-25,24450.0,CE,23.8,23.8,23.85,515505,82181,40182,8.58
2026-08-21 11:57:41,24241.6,2026-08-25,24450.0,PE,185.8,185.6,186.0,132674,19996,11278,4.26
2026-08-21 11:57:41,24241.6,2026-08-25,24500.0,CE,15.15,15.15,15.2,891752,243356,50823,8.47
2026-08-21 11:57:41,24241.6,2026-08-25,24500.0,PE,227.0,226.65,227.2,168814,67988,6403,
2026-08-21 11:57:41,24241.6,2026-08-25,24550.0,CE,9.6,9.6,9.65,451953,79308,32721,8.47
2026-08-21 11:57:41,24241.6,2026-08-25,24550.0,PE,270.95,270.25,271.1,19257,4422,1489,
2026-08-21 11:57:41,24241.6,2026-08-25,24600.0,CE,6.2,6.15,6.2,488475,161527,34886,8.56
2026-08-21 11:57:41,24241.6,2026-08-25,24600.0,PE,317.1,315.85,316.7,28482,15266,655,
2026-08-21 11:57:41,24241.6,2026-08-25,24650.0,CE,4.35,4.35,4.4,248283,64708,20202,8.84
2026-08-21 11:57:41,24241.6,2026-08-25,24650.0,PE,366.05,364.95,366.15,4301,2885,87,
2026-08-21 11:57:41,24241.6,2026-08-25,24700.0,CE,3.2,3.15,3.2,296292,123471,7221,9.16
2026-08-21 11:57:41,24241.6,2026-08-25,24700.0,PE,414.35,413.85,414.9,6208,12862,-459,
2026-08-21 11:57:41,24241.6,2026-08-25,24750.0,CE,2.5,2.5,2.55,174228,46551,14846,9.64
2026-08-21 11:57:41,24241.6,2026-08-25,24750.0,PE,459.8,463.05,464.55,592,1449,-27,
2026-08-21 11:58:41,24242.3,2026-08-25,23750.0,CE,552.95,543.15,545.7,260,728,-22,17.83
2026-08-21 11:58:41,24242.3,2026-08-25,23750.0,PE,4.35,4.3,4.35,189725,45861,11008,11.72
2026-08-21 11:58:41,24242.3,2026-08-25,23800.0,CE,494.35,493.7,495.35,5425,10061,469,16.17
2026-08-21 11:58:41,24242.3,2026-08-25,23800.0,PE,4.9,4.85,4.9,349433,137982,13590,11.02
2026-08-21 11:58:41,24242.3,2026-08-25,23850.0,CE,446.0,445.15,447.0,1030,1242,107,15.85
2026-08-21 11:58:41,24242.3,2026-08-25,23850.0,PE,5.85,5.85,5.9,229349,64057,5870,10.45
2026-08-21 11:58:41,24242.3,2026-08-25,23900.0,CE,397.85,397.0,397.85,10251,5167,437,14.72
2026-08-21 11:58:41,24242.3,2026-08-25,23900.0,PE,7.35,7.3,7.35,369670,115519,11888,9.89
2026-08-21 11:58:41,24242.3,2026-08-25,23950.0,CE,350.3,349.05,350.1,7029,3639,390,14.05
2026-08-21 11:58:41,24242.3,2026-08-25,23950.0,PE,9.65,9.6,9.65,266999,61689,13080,9.42
2026-08-21 11:58:41,24242.3,2026-08-25,24000.0,CE,304.0,303.0,303.45,109671,95775,1375,12.91
2026-08-21 11:58:41,24242.3,2026-08-25,24000.0,PE,13.0,13.0,13.05,850541,286280,34774,9.02
2026-08-21 11:58:41,24242.3,2026-08-25,24050.0,CE,258.0,257.7,258.35,38446,10414,971,12.22
2026-08-21 11:58:41,24242.3,2026-08-25,24050.0,PE,17.65,17.6,17.7,410185,77851,29289,8.59
2026-08-21 11:58:41,24242.3,2026-08-25,24100.0,CE,214.75,214.35,214.8,257620,53797,6755,11.36
2026-08-21 11:58:41,24242.3,2026-08-25,24100.0,PE,24.4,24.35,24.45,769274,169354,52086,8.24
2026-08-21 11:58:41,24242.3,2026-08-25,24150.0,CE,174.6,174.15,174.55,315025,32463,13197,10.7
2026-08-21 11:58:41,24242.3,2026-08-25,24150.0,PE,33.9,33.9,34.0,758447,136002,64432,7.89
2026-08-21 11:58:41,24242.3,2026-08-25,24200.0,CE,137.7,137.5,137.65,1570422,203313,73950,10.13
2026-08-21 11:58:41,24242.3,2026-08-25,24200.0,PE,47.15,47.25,47.3,2338396,388100,183654,7.57
2026-08-21 11:58:41,24242.3,2026-08-25,24250.0,CE,104.55,104.5,104.65,1817411,159742,95579,9.64
2026-08-21 11:58:41,24242.3,2026-08-25,24250.0,PE,64.8,64.65,64.8,2171215,258994,182417,7.26
2026-08-21 11:58:41,24242.3,2026-08-25,24300.0,CE,76.95,76.9,77.15,2267979,316403,165851,9.23
2026-08-21 11:58:41,24242.3,2026-08-25,24300.0,PE,86.85,86.85,87.0,1959513,254322,139287,6.87
2026-08-21 11:58:41,24242.3,2026-08-25,24350.0,CE,54.4,54.25,54.4,957377,102709,55716,8.94
2026-08-21 11:58:41,24242.3,2026-08-25,24350.0,PE,114.5,114.4,114.7,669829,72295,41615,6.48
2026-08-21 11:58:41,24242.3,2026-08-25,24400.0,CE,36.9,36.9,36.95,1062132,192439,65967,8.71
2026-08-21 11:58:41,24242.3,2026-08-25,24400.0,PE,146.85,146.8,147.0,576963,82533,33912,5.84
2026-08-21 11:58:41,24242.3,2026-08-25,24450.0,CE,24.15,24.1,24.15,517163,81901,39902,8.53
2026-08-21 11:58:41,24242.3,2026-08-25,24450.0,PE,184.35,184.1,184.35,133276,20015,11297,4.4
2026-08-21 11:58:41,24242.3,2026-08-25,24500.0,CE,15.4,15.4,15.45,894203,243544,51011,8.47
2026-08-21 11:58:41,24242.3,2026-08-25,24500.0,PE,225.2,224.8,225.3,169450,68182,6597,
2026-08-21 11:58:41,24242.3,2026-08-25,24550.0,CE,9.65,9.65,9.7,453422,79579,32992,8.45
2026-08-21 11:58:41,24242.3,2026-08-25,24550.0,PE,269.7,269.2,269.9,19295,4432,1499,
2026-08-21 11:58:41,24242.3,2026-08-25,24600.0,CE,6.15,6.15,6.2,489847,161447,34806,8.53
2026-08-21 11:58:41,24242.3,2026-08-25,24600.0,PE,315.9,315.45,316.0,28570,15290,679,
2026-08-21 11:58:41,24242.3,2026-08-25,24650.0,CE,4.4,4.35,4.4,249181,64517,20011,8.83
2026-08-21 11:58:41,24242.3,2026-08-25,24650.0,PE,364.9,363.4,364.5,4353,2887,89,
2026-08-21 11:58:41,24242.3,2026-08-25,24700.0,CE,3.15,3.15,3.2,296604,123317,7067,9.15
2026-08-21 11:58:41,24242.3,2026-08-25,24700.0,PE,412.95,412.05,413.4,6213,12868,-453,
2026-08-21 11:58:41,24242.3,2026-08-25,24750.0,CE,2.55,2.5,2.55,174419,46494,14789,9.6
2026-08-21 11:58:41,24242.3,2026-08-25,24750.0,PE,462.6,460.95,462.7,594,1448,-28,
2026-08-21 11:59:41,24241.8,2026-08-25,23750.0,CE,543.65,543.95,546.35,262,727,-23,17.32
2026-08-21 11:59:41,24241.8,2026-08-25,23750.0,PE,4.3,4.3,4.35,189984,45891,11038,11.71
2026-08-21 11:59:41,24241.8,2026-08-25,23800.0,CE,493.25,494.2,495.85,5437,10062,470,16.26
2026-08-21 11:59:41,24241.8,2026-08-25,23800.0,PE,4.85,4.85,4.9,350220,138000,13608,11.01
2026-08-21 11:59:41,24241.8,2026-08-25,23850.0,CE,445.7,446.2,447.5,1031,1242,107,15.03
2026-08-21 11:59:41,24241.8,2026-08-25,23850.0,PE,5.85,5.85,5.9,229739,63991,5804,10.42
2026-08-21 11:59:41,24241.8,2026-08-25,23900.0,CE,397.05,397.35,398.5,10276,5172,442,15.18
2026-08-21 11:59:41,24241.8,2026-08-25,23900.0,PE,7.25,7.25,7.3,370474,115552,11921,9.86
2026-08-21 11:59:41,24241.8,2026-08-25,23950.0,CE,349.25,349.35,350.5,7058,3629,380,14.18
2026-08-21 11:59:41,24241.8,2026-08-25,23950.0,PE,9.55,9.55,9.6,268052,61841,13232,9.41
2026-08-21 11:59:41,24241.8,2026-08-25,24000.0,CE,303.65,303.0,303.65,110122,95759,1359,13.13
2026-08-21 11:59:41,24241.8,2026-08-25,24000.0,PE,13.05,13.0,13.05,853890,286218,34712,9.0
2026-08-21 11:59:41,24241.8,2026-08-25,24050.0,CE,258.5,258.0,258.55,38628,10438,995,12.1
2026-08-21 11:59:41,24241.8,2026-08-25,24050.0,PE,17.65,17.6,17.65,411363,77843,29281,8.58
2026-08-21 11:59:41,24241.8,2026-08-25,24100.0,CE,215.35,215.0,215.4,258505,53941,6899,11.44
2026-08-21 11:59:41,24241.8,2026-08-25,24100.0,PE,24.3,24.3,24.35,773021,169182,51914,8.2
2026-08-21 11:59:41,24241.8,2026-08-25,24150.0,CE,174.45,174.4,174.7,316323,32791,13525,10.72
2026-08-21 11:59:41,24241.8,2026-08-25,24150.0,PE,33.7,33.75,33.8,762450,136179,64609,7.89
2026-08-21 11:59:41,24241.8,2026-08-25,24200.0,CE,138.05,137.7,138.0,1576342,204295,74932,10.12
2026-08-21 11:59:41,24241.8,2026-08-25,24200.0,PE,46.95,46.85,47.0,2352186,389728,185282,7.58
2026-08-21 11:59:41,24241.8,2026-08-25,24250.0,CE,104.9,104.7,104.9,1827586,161675,97512,9.67
2026-08-21 11:59:41,24241.8,2026-08-25,24250.0,PE,64.35,64.45,64.55,2188446,257963,181386,7.21
2026-08-21 11:59:41,24241.8,2026-08-25,24300.0,CE,77.05,76.85,77.05,2277640,317372,166820,9.25
2026-08-21 11:59:41,24241.8,2026-08-25,24300.0,PE,86.6,86.4,86.65,1970799,254080,139045,6.88
2026-08-21 11:59:41,24241.8,2026-08-25,24350.0,CE,54.35,54.25,54.3,961802,103115,56122,8.99
2026-08-21 11:59:41,24241.8,2026-08-25,24350.0,PE,113.95,113.95,114.2,674324,72095,41415,6.4
2026-08-21 11:59:41,24241.8,2026-08-25,24400.0,CE,36.8,36.85,36.9,1067390,191957,65485,8.73
2026-08-21 11:59:41,24241.8,2026-08-25,24400.0,PE,146.25,146.35,146.6,580810,82651,34030,5.79
2026-08-21 11:59:41,24241.8,2026-08-25,24450.0,CE,24.1,24.05,24.1,519153,82101,40102,8.58
2026-08-21 11:59:41,24241.8,2026-08-25,24450.0,PE,183.4,183.35,183.8,134071,19783,11065,4.26
2026-08-21 11:59:41,24241.8,2026-08-25,24500.0,CE,15.3,15.3,15.35,899769,243796,51263,8.47
2026-08-21 11:59:41,24241.8,2026-08-25,24500.0,PE,224.8,224.3,224.85,170828,68054,6469,
2026-08-21 11:59:41,24241.8,2026-08-25,24550.0,CE,9.6,9.55,9.6,462292,79673,33086,8.47
2026-08-21 11:59:41,24241.8,2026-08-25,24550.0,PE,269.7,268.55,269.3,19381,4425,1492,
2026-08-21 11:59:41,24241.8,2026-08-25,24600.0,CE,6.15,6.1,6.15,491273,161622,34981,8.56
2026-08-21 11:59:41,24241.8,2026-08-25,24600.0,PE,314.8,315.05,315.8,28701,15288,677,
2026-08-21 11:59:41,24241.8,2026-08-25,24650.0,CE,4.35,4.3,4.35,250369,64458,19952,8.84
2026-08-21 11:59:41,24241.8,2026-08-25,24650.0,PE,364.3,362.8,364.0,4368,2927,129,
2026-08-21 11:59:41,24241.8,2026-08-25,24700.0,CE,3.1,3.1,3.15,298109,123380,7130,9.16
2026-08-21 11:59:41,24241.8,2026-08-25,24700.0,PE,412.9,411.25,412.55,6253,12865,-456,
2026-08-21 11:59:41,24241.8,2026-08-25,24750.0,CE,2.55,2.5,2.55,174721,46573,14868,9.64
2026-08-21 11:59:41,24241.8,2026-08-25,24750.0,PE,460.4,460.6,462.3,595,1448,-28,
2026-08-21 12:00:41,24238.95,2026-08-25,23750.0,CE,543.05,541.7,543.75,265,728,-22,17.32
2026-08-21 12:00:41,24238.95,2026-08-25,23750.0,PE,4.2,4.2,4.25,190339,45920,11067,11.71
2026-08-21 12:00:41,24238.95,2026-08-25,23800.0,CE,492.35,491.95,493.6,5443,10074,482,16.26
2026-08-21 12:00:41,24238.95,2026-08-25,23800.0,PE,4.8,4.8,4.85,350921,137970,13578,11.01
2026-08-21 12:00:41,24238.95,2026-08-25,23850.0,CE,445.7,443.75,445.2,1031,1242,107,15.03
2026-08-21 12:00:41,24238.95,2026-08-25,23850.0,PE,5.8,5.8,5.85,230136,64001,5814,10.42
2026-08-21 12:00:41,24238.95,2026-08-25,23900.0,CE,395.0,395.15,396.15,10284,5178,448,15.18
2026-08-21 12:00:41,24238.95,2026-08-25,23900.0,PE,7.3,7.25,7.3,370999,115354,11723,9.86
2026-08-21 12:00:41,24238.95,2026-08-25,23950.0,CE,348.3,347.3,348.35,7065,3634,385,14.18
2026-08-21 12:00:41,24238.95,2026-08-25,23950.0,PE,9.55,9.55,9.6,273891,61919,13310,9.41
2026-08-21 12:00:41,24238.95,2026-08-25,24000.0,CE,301.8,301.1,301.9,110423,95675,1275,13.13
2026-08-21 12:00:41,24238.95,2026-08-25,24000.0,PE,13.1,13.05,13.1,856358,286441,34935,9.0
2026-08-21 12:00:41,24238.95,2026-08-25,24050.0,CE,256.15,256.15,256.7,38710,10461,1018,12.1
2026-08-21 12:00:41,24238.95,2026-08-25,24050.0,PE,17.75,17.75,17.8,411838,77807,29245,8.58
2026-08-21 12:00:41,24238.95,2026-08-25,24100.0,CE,212.8,212.85,213.3,259232,54152,7110,11.44
2026-08-21 12:00:41,24238.95,2026-08-25,24100.0,PE,24.65,24.6,24.65,775187,169428,52160,8.2
2026-08-21 12:00:41,24238.95,2026-08-25,24150.0,CE,172.9,172.95,173.05,317368,33016,13750,10.72
2026-08-21 12:00:41,24238.95,2026-08-25,24150.0,PE,34.3,34.2,34.25,764714,136639,65069,7.89
2026-08-21 12:00:41,24238.95,2026-08-25,24200.0,CE,136.15,136.15,136.4,1581148,205617,76254,10.12
2026-08-21 12:00:41,24238.95,2026-08-25,24200.0,PE,47.65,47.55,47.65,2359979,389190,184744,7.58
2026-08-21 12:00:41,24238.95,2026-08-25,24250.0,CE,103.35,103.3,103.6,1833201,162793,98630,9.67
2026-08-21 12:00:41,24238.95,2026-08-25,24250.0,PE,65.3,65.15,65.3,2195721,257656,181079,7.21
2026-08-21 12:00:41,24238.95,2026-08-25,24300.0,CE,75.8,75.8,75.9,2285150,318647,168095,9.25
2026-08-21 12:00:41,24238.95,2026-08-25,24300.0,PE,87.35,87.35,87.65,1976348,252473,137438,6.88
2026-08-21 12:00:41,24238.95,2026-08-25,24350.0,CE,53.25,53.25,53.35,965985,104234,57241,8.99
2026-08-21 12:00:41,24238.95,2026-08-25,24350.0,PE,115.45,115.15,115.4,676076,71400,40720,6.4
2026-08-21 12:00:41,24238.95,2026-08-25,24400.0,CE,36.2,36.15,36.3,1072383,192506,66034,8.73
2026-08-21 12:00:41,24238.95,2026-08-25,24400.0,PE,148.1,148.0,148.05,582764,82238,33617,5.79
2026-08-21 12:00:41,24238.95,2026-08-25,24450.0,CE,23.5,23.5,23.6,520671,82456,40457,8.58
2026-08-21 12:00:41,24238.95,2026-08-25,24450.0,PE,185.7,185.25,185.7,134312,19747,11029,4.26
2026-08-21 12:00:41,24238.95,2026-08-25,24500.0,CE,15.0,14.95,15.0,904774,243827,51294,8.47
2026-08-21 12:00:41,24238.95,2026-08-25,24500.0,PE,226.35,226.5,226.7,171363,67855,6270,
2026-08-21 12:00:41,24238.95,2026-08-25,24550.0,CE,9.4,9.35,9.4,464334,85028,38441,8.47
2026-08-21 12:00:41,24238.95,2026-08-25,24550.0,PE,270.9,270.55,271.3,19393,4444,1511,
2026-08-21 12:00:41,24238.95,2026-08-25,24600.0,CE,6.0,6.0,6.05,494285,161501,34860,8.56
2026-08-21 12:00:41,24238.95,2026-08-25,24600.0,PE,317.4,316.8,317.4,28778,15271,660,
2026-08-21 12:00:41,24238.95,2026-08-25,24650.0,CE,4.3,4.25,4.3,251350,64559,20053,8.84
2026-08-21 12:00:41,24238.95,2026-08-25,24650.0,PE,365.85,364.95,365.95,4380,2919,121,
2026-08-21 12:00:41,24238.95,2026-08-25,24700.0,CE,3.1,3.1,3.15,298871,123456,7206,9.16
2026-08-21 12:00:41,24238.95,2026-08-25,24700.0,PE,415.0,414.0,415.0,6263,12861,-460,
2026-08-21 12:00:41,24238.95,2026-08-25,24750.0,CE,2.5,2.5,2.55,174939,46575,14870,9.64
2026-08-21 12:00:41,24238.95,2026-08-25,24750.0,PE,460.4,462.8,464.6,595,1448,-28,
2026-08-21 12:01:41,24241.65,2026-08-25,23750.0,CE,543.05,542.25,544.7,265,728,-22,17.62
2026-08-21 12:01:41,24241.65,2026-08-25,23750.0,PE,4.3,4.25,4.3,190508,46095,11242,11.48
2026-08-21 12:01:41,24241.65,2026-08-25,23800.0,CE,494.05,492.45,494.2,5455,10074,482,16.25
2026-08-21 12:01:41,24241.65,2026-08-25,23800.0,PE,4.85,4.85,4.9,351350,137994,13602,10.83
2026-08-21 12:01:41,24241.65,2026-08-25,23850.0,CE,445.8,444.3,446.25,1032,1242,107,15.6
2026-08-21 12:01:41,24241.65,2026-08-25,23850.0,PE,5.9,5.85,5.9,230904,64201,6014,10.26
2026-08-21 12:01:41,24241.65,2026-08-25,23900.0,CE,396.65,396.05,397.15,10319,5178,448,14.22
2026-08-21 12:01:41,24241.65,2026-08-25,23900.0,PE,7.35,7.3,7.35,371890,115311,11680,9.75
2026-08-21 12:01:41,24241.65,2026-08-25,23950.0,CE,347.6,347.85,348.95,7072,3630,381,13.38
2026-08-21 12:01:41,24241.65,2026-08-25,23950.0,PE,9.65,9.6,9.65,274142,65525,16916,9.3
2026-08-21 12:01:41,24241.65,2026-08-25,24000.0,CE,302.45,301.8,302.65,110606,95696,1296,12.39
2026-08-21 12:01:41,24241.65,2026-08-25,24000.0,PE,13.2,13.15,13.2,857961,285775,34269,8.95
2026-08-21 12:01:41,24241.65,2026-08-25,24050.0,CE,256.6,256.85,257.45,38762,10480,1037,11.58
2026-08-21 12:01:41,24241.65,2026-08-25,24050.0,PE,17.85,17.8,17.85,413575,77893,29331,8.54
2026-08-21 12:01:41,24241.65,2026-08-25,24100.0,CE,213.65,213.55,214.1,259676,54243,7201,10.85
2026-08-21 12:01:41,24241.65,2026-08-25,24100.0,PE,24.65,24.55,24.65,776940,169984,52716,8.19
2026-08-21 12:01:41,24241.65,2026-08-25,24150.0,CE,173.5,173.25,173.45,317940,33111,13845,10.26
2026-08-21 12:01:41,24241.65,2026-08-25,24150.0,PE,34.2,34.15,34.2,766000,136357,64787,7.88
2026-08-21 12:01:41,24241.65,2026-08-25,24200.0,CE,137.2,136.75,137.05,1584918,207111,77748,9.74
2026-08-21 12:01:41,24241.65,2026-08-25,24200.0,PE,47.45,47.4,47.5,2367336,388774,184328,7.58
2026-08-21 12:01:41,24241.65,2026-08-25,24250.0,CE,103.9,103.8,103.9,1837888,164618,100455,9.34
2026-08-21 12:01:41,24241.65,2026-08-25,24250.0,PE,64.8,64.8,64.9,2203077,256486,179909,7.28
2026-08-21 12:01:41,24241.65,2026-08-25,24300.0,CE,76.2,76.05,76.15,2290564,320194,169642,8.99
2026-08-21 12:01:41,24241.65,2026-08-25,24300.0,PE,87.1,87.1,87.3,1982516,251628,136593,6.93
2026-08-21 12:01:41,24241.65,2026-08-25,24350.0,CE,53.55,53.55,53.65,968443,104156,57163,8.72
2026-08-21 12:01:41,24241.65,2026-08-25,24350.0,PE,114.85,114.75,114.95,678205,71076,40396,6.5
2026-08-21 12:01:41,24241.65,2026-08-25,24400.0,CE,36.45,36.35,36.45,1075103,193670,67198,8.54
2026-08-21 12:01:41,24241.65,2026-08-25,24400.0,PE,147.65,147.5,147.65,584251,81975,33354,5.87
2026-08-21 12:01:41,24241.65,2026-08-25,24450.0,CE,23.7,23.65,23.7,521550,82439,40440,8.41
2026-08-21 12:01:41,24241.65,2026-08-25,24450.0,PE,185.3,184.45,184.85,134877,19664,10946,4.56
2026-08-21 12:01:41,24241.65,2026-08-25,24500.0,CE,15.1,15.05,15.1,907903,244051,51518,8.37
2026-08-21 12:01:41,24241.65,2026-08-25,24500.0,PE,225.55,225.5,226.05,172150,67715,6130,
2026-08-21 12:01:41,24241.65,2026-08-25,24550.0,CE,9.35,9.35,9.4,465989,84953,38366,8.38
2026-08-21 12:01:41,24241.65,2026-08-25,24550.0,PE,270.55,270.0,270.55,19489,4451,1518,
2026-08-21 12:01:41,24241.65,2026-08-25,24600.0,CE,6.0,5.95,6.0,496376,161242,34601,8.51
2026-08-21 12:01:41,24241.65,2026-08-25,24600.0,PE,317.0,316.05,316.9,28846,15249,638,
2026-08-21 12:01:41,24241.65,2026-08-25,24650.0,CE,4.3,4.25,4.3,251742,64694,20188,8.85
2026-08-21 12:01:41,24241.65,2026-08-25,24650.0,PE,365.65,364.35,365.45,4397,2919,121,
2026-08-21 12:01:41,24241.65,2026-08-25,24700.0,CE,3.1,3.1,3.15,299144,123606,7356,9.22
2026-08-21 12:01:41,24241.65,2026-08-25,24700.0,PE,414.75,412.9,414.35,6272,12863,-458,
2026-08-21 12:01:41,24241.65,2026-08-25,24750.0,CE,2.55,2.5,2.55,175125,46604,14899,9.75
2026-08-21 12:01:41,24241.65,2026-08-25,24750.0,PE,464.15,462.3,464.1,598,1447,-29,
2026-08-21 12:02:42,24241.0,2026-08-25,23750.0,CE,543.05,544.35,546.35,265,728,-22,17.62
2026-08-21 12:02:42,24241.0,2026-08-25,23750.0,PE,4.15,4.15,4.2,190958,46110,11257,11.48
2026-08-21 12:02:42,24241.0,2026-08-25,23800.0,CE,494.0,494.3,496.0,5457,10074,482,16.25
2026-08-21 12:02:42,24241.0,2026-08-25,23800.0,PE,4.75,4.75,4.8,352502,138064,13672,10.83
2026-08-21 12:02:42,24241.0,2026-08-25,23850.0,CE,445.7,446.05,447.75,1037,1241,106,15.6
2026-08-21 12:02:42,24241.0,2026-08-25,23850.0,PE,5.75,5.7,5.75,231782,64659,6472,10.26
2026-08-21 12:02:42,24241.0,2026-08-25,23900.0,CE,396.65,397.2,398.3,10336,5194,464,14.22
2026-08-21 12:02:42,24241.0,2026-08-25,23900.0,PE,7.1,7.1,7.15,373173,115854,12223,9.75
2026-08-21 12:02:42,24241.0,2026-08-25,23950.0,CE,349.95,349.6,350.55,7091,3624,375,13.38
2026-08-21 12:02:42,24241.0,2026-08-25,23950.0,PE,9.4,9.35,9.4,275650,65883,17274,9.3
2026-08-21 12:02:42,24241.0,2026-08-25,24000.0,CE,303.95,303.1,303.9,111014,95712,1312,12.39
2026-08-21 12:02:42,24241.0,2026-08-25,24000.0,PE,12.9,12.85,12.9,860515,286180,34674,8.95
2026-08-21 12:02:42,24241.0,2026-08-25,24050.0,CE,258.1,258.1,258.7,38883,10499,1056,11.58
2026-08-21 12:02:42,24241.0,2026-08-25,24050.0,PE,17.5,17.45,17.5,415372,77763,29201,8.54
2026-08-21 12:02:42,24241.0,2026-08-25,24100.0,CE,215.35,214.8,215.25,260971,54259,7217,10.85
2026-08-21 12:02:42,24241.0,2026-08-25,24100.0,PE,24.25,24.15,24.25,780317,170323,53055,8.19
2026-08-21 12:02:42,24241.0,2026-08-25,24150.0,CE,174.85,174.35,174.75,318940,33255,13989,10.26
2026-08-21 12:02:42,24241.0,2026-08-25,24150.0,PE,33.7,33.65,33.7,770251,136581,65011,7.88
2026-08-21 12:02:42,24241.0,2026-08-25,24200.0,CE,137.65,137.65,138.0,1591102,207907,78544,9.74
2026-08-21 12:02:42,24241.0,2026-08-25,24200.0,PE,46.85,46.8,46.9,2378960,389460,185014,7.58
2026-08-21 12:02:42,24241.0,2026-08-25,24250.0,CE,104.85,104.55,104.8,1844949,165963,101800,9.34
2026-08-21 12:02:42,24241.0,2026-08-25,24250.0,PE,64.25,64.15,64.25,2213848,256778,180201,7.28
2026-08-21 12:02:42,24241.0,2026-08-25,24300.0,CE,76.8,76.8,76.9,2298961,320202,169650,8.99
2026-08-21 12:02:42,24241.0,2026-08-25,24300.0,PE,86.35,86.2,86.35,1993460,250460,135425,6.93
2026-08-21 12:02:42,24241.0,2026-08-25,24350.0,CE,54.2,54.05,54.2,972301,104842,57849,8.72
2026-08-21 12:02:42,24241.0,2026-08-25,24350.0,PE,113.9,113.65,113.9,681615,71122,40442,6.5
2026-08-21 12:02:42,24241.0,2026-08-25,24400.0,CE,36.8,36.7,36.85,1079586,193958,67486,8.54
2026-08-21 12:02:42,24241.0,2026-08-25,24400.0,PE,145.95,146.1,146.4,586942,82062,33441,5.87
2026-08-21 12:02:42,24241.0,2026-08-25,24450.0,CE,23.95,23.85,23.95,523385,82458,40459,8.41
2026-08-21 12:02:42,24241.0,2026-08-25,24450.0,PE,183.7,183.3,183.7,135569,19541,10823,4.56
2026-08-21 12:02:42,24241.0,2026-08-25,24500.0,CE,15.25,15.2,15.25,911893,244070,51537,8.37
2026-08-21 12:02:42,24241.0,2026-08-25,24500.0,PE,224.1,224.15,224.75,173177,67714,6129,
2026-08-21 12:02:42,24241.0,2026-08-25,24550.0,CE,9.55,9.5,9.55,468140,85535,38948,8.38
2026-08-21 12:02:42,24241.0,2026-08-25,24550.0,PE,269.15,268.35,269.1,19541,4468,1535,
2026-08-21 12:02:42,24241.0,2026-08-25,24600.0,CE,6.1,6.05,6.1,498912,161134,34493,8.51
2026-08-21 12:02:42,24241.0,2026-08-25,24600.0,PE,315.0,314.7,315.45,28916,15243,632,
2026-08-21 12:02:42,24241.0,2026-08-25,24650.0,CE,4.3,4.3,4.35,253457,64632,20126,8.85
2026-08-21 12:02:42,24241.0,2026-08-25,24650.0,PE,364.0,362.7,363.85,4404,2928,130,
2026-08-21 12:02:42,24241.0,2026-08-25,24700.0,CE,3.2,3.15,3.2,299958,123515,7265,9.22
2026-08-21 12:02:42,24241.0,2026-08-25,24700.0,PE,411.3,411.4,412.7,6284,12865,-456,
2026-08-21 12:02:42,24241.0,2026-08-25,24750.0,CE,2.5,2.5,2.55,175487,46434,14729,9.75
2026-08-21 12:02:42,24241.0,2026-08-25,24750.0,PE,461.0,460.75,462.1,604,1447,-29,
2026-08-21 12:03:42,24241.75,2026-08-25,23750.0,CE,543.05,546.1,548.4,265,728,-22,17.62
2026-08-21 12:03:42,24241.75,2026-08-25,23750.0,PE,4.2,4.2,4.25,191344,46281,11428,11.48
2026-08-21 12:03:42,24241.75,2026-08-25,23800.0,CE,496.85,496.35,498.1,5467,10074,482,16.25
2026-08-21 12:03:42,24241.75,2026-08-25,23800.0,PE,4.8,4.75,4.8,353500,138415,14023,10.83
2026-08-21 12:03:42,24241.75,2026-08-25,23850.0,CE,445.45,448.25,449.6,1045,1241,106,15.6
2026-08-21 12:03:42,24241.75,2026-08-25,23850.0,PE,5.7,5.7,5.75,232416,64663,6476,10.26
2026-08-21 12:03:42,24241.75,2026-08-25,23900.0,CE,396.9,399.5,400.0,10348,5193,463,14.22
2026-08-21 12:03:42,24241.75,2026-08-25,23900.0,PE,7.1,7.05,7.1,375568,115909,12278,9.75
2026-08-21 12:03:42,24241.75,2026-08-25,23950.0,CE,348.8,351.65,352.55,7094,3624,375,13.38
2026-08-21 12:03:42,24241.75,2026-08-25,23950.0,PE,9.3,9.25,9.35,276444,65978,17369,9.3
2026-08-21 12:03:42,24241.75,2026-08-25,24000.0,CE,305.3,305.4,306.0,111355,95697,1297,12.39
2026-08-21 12:03:42,24241.75,2026-08-25,24000.0,PE,12.75,12.7,12.75,862928,285857,34351,8.95
2026-08-21 12:03:42,24241.75,2026-08-25,24050.0,CE,261.0,260.2,260.8,39254,10539,1096,11.58
2026-08-21 12:03:42,24241.75,2026-08-25,24050.0,PE,17.2,17.2,17.25,416643,77115,28553,8.54
2026-08-21 12:03:42,24241.75,2026-08-25,24100.0,CE,216.95,216.55,217.0,261650,54421,7379,10.85
2026-08-21 12:03:42,24241.75,2026-08-25,24100.0,PE,23.85,23.8,23.85,782205,169624,52356,8.19
2026-08-21 12:03:42,24241.75,2026-08-25,24150.0,CE,175.95,176.05,176.4,320282,33193,13927,10.26
2026-08-21 12:03:42,24241.75,2026-08-25,24150.0,PE,33.15,33.1,33.15,772889,136067,64497,7.88
2026-08-21 12:03:42,24241.75,2026-08-25,24200.0,CE,139.5,139.1,139.5,1595379,208810,79447,9.74
2026-08-21 12:03:42,24241.75,2026-08-25,24200.0,PE,46.1,45.95,46.05,2387693,389602,185156,7.58
2026-08-21 12:03:42,24241.75,2026-08-25,24250.0,CE,105.7,105.7,105.9,1852732,165689,101526,9.34
2026-08-21 12:03:42,24241.75,2026-08-25,24250.0,PE,63.2,63.0,63.15,2222290,255026,178449,7.28
2026-08-21 12:03:42,24241.75,2026-08-25,24300.0,CE,78.1,78.05,78.15,2306000,320410,169858,8.99
2026-08-21 12:03:42,24241.75,2026-08-25,24300.0,PE,84.6,84.6,84.65,2002082,248947,133912,6.93
2026-08-21 12:03:42,24241.75,2026-08-25,24350.0,CE,54.75,54.75,54.85,976377,105630,58637,8.72
2026-08-21 12:03:42,24241.75,2026-08-25,24350.0,PE,112.05,112.1,112.35,683491,70753,40073,6.5
2026-08-21 12:03:42,24241.75,2026-08-25,24400.0,CE,37.3,37.25,37.35,1083003,194681,68209,8.54
2026-08-21 12:03:42,24241.75,2026-08-25,24400.0,PE,144.1,144.15,144.5,589330,81796,33175,5.87
2026-08-21 12:03:42,24241.75,2026-08-25,24450.0,CE,24.2,24.2,24.25,524996,82643,40644,8.41
2026-08-21 12:03:42,24241.75,2026-08-25,24450.0,PE,182.0,181.4,181.85,136108,19601,10883,4.56
2026-08-21 12:03:42,24241.75,2026-08-25,24500.0,CE,15.4,15.4,15.45,915731,244278,51745,8.37
2026-08-21 12:03:42,24241.75,2026-08-25,24500.0,PE,223.0,222.4,222.75,173781,67434,5849,
2026-08-21 12:03:42,24241.75,2026-08-25,24550.0,CE,9.6,9.6,9.65,469560,85891,39304,8.38
2026-08-21 12:03:42,24241.75,2026-08-25,24550.0,PE,268.3,266.3,266.95,19616,4462,1529,
2026-08-21 12:03:42,24241.75,2026-08-25,24600.0,CE,6.1,6.1,6.15,500084,161417,34776,8.51
2026-08-21 12:03:42,24241.75,2026-08-25,24600.0,PE,313.5,313.0,313.45,28960,15248,637,
2026-08-21 12:03:42,24241.75,2026-08-25,24650.0,CE,4.3,4.3,4.35,253989,64794,20288,8.85
2026-08-21 12:03:42,24241.75,2026-08-25,24650.0,PE,361.95,360.55,361.65,4412,2928,130,
2026-08-21 12:03:42,24241.75,2026-08-25,24700.0,CE,3.15,3.15,3.2,301191,123758,7508,9.22
2026-08-21 12:03:42,24241.75,2026-08-25,24700.0,PE,413.3,410.0,410.95,6316,12872,-449,
2026-08-21 12:03:42,24241.75,2026-08-25,24750.0,CE,2.55,2.5,2.55,175962,46464,14759,9.75
2026-08-21 12:03:42,24241.75,2026-08-25,24750.0,PE,462.85,458.65,460.5,616,1447,-29,
2026-08-21 12:04:42,24240.35,2026-08-25,23750.0,CE,543.05,546.35,548.5,265,728,-22,17.76
2026-08-21 12:04:42,24240.35,2026-08-25,23750.0,PE,4.25,4.2,4.25,191453,46348,11495,11.47
2026-08-21 12:04:42,24240.35,2026-08-25,23800.0,CE,496.85,497.0,498.05,5467,10079,487,16.39
2026-08-21 12:04:42,24240.35,2026-08-25,23800.0,PE,4.8,4.75,4.8,353830,138128,13736,10.81
2026-08-21 12:04:42,24240.35,2026-08-25,23850.0,CE,445.45,447.85,449.35,1045,1241,106,15.73
2026-08-21 12:04:42,24240.35,2026-08-25,23850.0,PE,5.7,5.7,5.75,232592,64612,6425,10.24
2026-08-21 12:04:42,24240.35,2026-08-25,23900.0,CE,400.0,399.15,400.15,10350,5193,463,14.34
2026-08-21 12:04:42,24240.35,2026-08-25,23900.0,PE,7.1,7.05,7.1,375684,115909,12278,9.73
2026-08-21 12:04:42,24240.35,2026-08-25,23950.0,CE,351.5,351.9,352.85,7095,3626,377,13.28
2026-08-21 12:04:42,24240.35,2026-08-25,23950.0,PE,9.25,9.2,9.3,276654,65997,17388,9.28
2026-08-21 12:04:42,24240.35,2026-08-25,24000.0,CE,305.1,305.4,305.75,111505,95702,1302,12.61
2026-08-21 12:04:42,24240.35,2026-08-25,24000.0,PE,12.65,12.6,12.65,863698,286305,34799,8.92
2026-08-21 12:04:42,24240.35,2026-08-25,24050.0,CE,260.45,260.0,260.3,39305,10681,1238,11.71
2026-08-21 12:04:42,24240.35,2026-08-25,24050.0,PE,17.1,17.15,17.2,416929,76924,28362,8.52
2026-08-21 12:04:42,24240.35,2026-08-25,24100.0,CE,215.85,215.6,216.1,261927,54486,7444,11.04
2026-08-21 12:04:42,24240.35,2026-08-25,24100.0,PE,23.9,23.85,23.9,783181,169449,52181,8.17
2026-08-21 12:04:42,24240.35,2026-08-25,24150.0,CE,176.1,176.0,176.1,320630,33193,13927,10.38
2026-08-21 12:04:42,24240.35,2026-08-25,24150.0,PE,32.95,32.95,33.05,774106,135536,63966,7.83
2026-08-21 12:04:42,24240.35,2026-08-25,24200.0,CE,139.2,139.0,139.2,1596811,209690,80327,9.87
2026-08-21 12:04:42,24240.35,2026-08-25,24200.0,PE,45.95,45.9,46.0,2390361,388688,184242,7.53
2026-08-21 12:04:42,24240.35,2026-08-25,24250.0,CE,105.7,105.5,105.7,1855550,165258,101095,9.43
2026-08-21 12:04:42,24240.35,2026-08-25,24250.0,PE,63.15,63.05,63.15,2225374,254380,177803,7.22
2026-08-21 12:04:42,24240.35,2026-08-25,24300.0,CE,77.95,77.75,77.95,2308165,320169,169617,9.06
2026-08-21 12:04:42,24240.35,2026-08-25,24300.0,PE,84.45,84.5,84.65,2004757,247955,132920,6.83
2026-08-21 12:04:42,24240.35,2026-08-25,24350.0,CE,54.85,54.75,54.85,977723,105860,58867,8.78
2026-08-21 12:04:42,24240.35,2026-08-25,24350.0,PE,111.7,111.75,111.95,684277,70626,39946,6.43
2026-08-21 12:04:42,24240.35,2026-08-25,24400.0,CE,37.1,37.1,37.15,1084044,195229,68757,8.59
2026-08-21 12:04:42,24240.35,2026-08-25,24400.0,PE,144.45,144.45,144.8,590293,81758,33137,5.73
2026-08-21 12:04:42,24240.35,2026-08-25,24450.0,CE,24.1,24.0,24.05,525334,82842,40843,8.46
2026-08-21 12:04:42,24240.35,2026-08-25,24450.0,PE,181.45,181.7,182.15,136237,19533,10815,4.15
2026-08-21 12:04:42,24240.35,2026-08-25,24500.0,CE,15.35,15.35,15.4,917094,245000,52467,8.42
2026-08-21 12:04:42,24240.35,2026-08-25,24500.0,PE,222.35,222.3,222.85,173970,67466,5881,
2026-08-21 12:04:42,24240.35,2026-08-25,24550.0,CE,9.6,9.55,9.6,469839,85916,39329,8.42
2026-08-21 12:04:42,24240.35,2026-08-25,24550.0,PE,265.9,266.4,267.0,19634,4480,1547,
2026-08-21 12:04:42,24240.35,2026-08-25,24600.0,CE,6.1,6.1,6.15,500291,161298,34657,8.54
2026-08-21 12:04:42,24240.35,2026-08-25,24600.0,PE,312.9,312.65,313.55,28991,15248,637,
2026-08-21 12:04:42,24240.35,2026-08-25,24650.0,CE,4.3,4.3,4.35,254060,64660,20154,8.89
2026-08-21 12:04:42,24240.35,2026-08-25,24650.0,PE,361.1,360.5,361.75,4413,2928,130,
2026-08-21 12:04:42,24240.35,2026-08-25,24700.0,CE,3.2,3.15,3.2,301287,123890,7640,9.26
2026-08-21 12:04:42,24240.35,2026-08-25,24700.0,PE,410.85,409.35,410.75,6319,12872,-449,
2026-08-21 12:04:42,24240.35,2026-08-25,24750.0,CE,2.5,2.5,2.55,176083,46817,15112,9.76
2026-08-21 12:04:42,24240.35,2026-08-25,24750.0,PE,458.8,458.7,460.2,640,1444,-32,
2026-08-21 12:05:42,24238.2,2026-08-25,23750.0,CE,543.05,542.4,544.8,265,728,-22,17.62
2026-08-21 12:05:42,24238.2,2026-08-25,23750.0,PE,4.2,4.2,4.3,192193,46338,11485,11.48
2026-08-21 12:05:42,24238.2,2026-08-25,23800.0,CE,496.0,492.8,494.55,5496,10079,487,16.25
2026-08-21 12:05:42,24238.2,2026-08-25,23800.0,PE,4.85,4.8,4.85,354497,137854,13462,10.83
2026-08-21 12:05:42,24238.2,2026-08-25,23850.0,CE,443.6,444.3,446.1,1049,1241,106,15.6
2026-08-21 12:05:42,24238.2,2026-08-25,23850.0,PE,5.8,5.8,5.85,233294,64505,6318,10.26
2026-08-21 12:05:42,24238.2,2026-08-25,23900.0,CE,395.0,395.9,397.1,10359,5191,461,14.22
2026-08-21 12:05:42,24238.2,2026-08-25,23900.0,PE,7.3,7.25,7.3,376411,115929,12298,9.75
2026-08-21 12:05:42,24238.2,2026-08-25,23950.0,CE,348.0,348.25,349.35,7098,3623,374,13.38
2026-08-21 12:05:42,24238.2,2026-08-25,23950.0,PE,9.55,9.5,9.55,277224,65920,17311,9.3
2026-08-21 12:05:42,24238.2,2026-08-25,24000.0,CE,302.05,301.75,302.45,111801,95684,1284,12.39
2026-08-21 12:05:42,24238.2,2026-08-25,24000.0,PE,13.0,13.0,13.1,866541,286315,34809,8.95
2026-08-21 12:05:42,24238.2,2026-08-25,24050.0,CE,257.0,256.8,257.4,39433,10707,1264,11.58
2026-08-21 12:05:42,24238.2,2026-08-25,24050.0,PE,17.75,17.7,17.75,417963,76987,28425,8.54
2026-08-21 12:05:42,24238.2,2026-08-25,24100.0,CE,214.15,213.65,214.1,262710,54623,7581,10.85
2026-08-21 12:05:42,24238.2,2026-08-25,24100.0,PE,24.45,24.45,24.5,786117,169547,52279,8.19
2026-08-21 12:05:42,24238.2,2026-08-25,24150.0,CE,173.4,173.35,173.8,321846,33355,14089,10.26
2026-08-21 12:05:42,24238.2,2026-08-25,24150.0,PE,34.05,33.95,34.05,776747,135713,64143,7.88
2026-08-21 12:05:42,24238.2,2026-08-25,24200.0,CE,136.9,136.6,136.95,1602326,211162,81799,9.74
2026-08-21 12:05:42,24238.2,2026-08-25,24200.0,PE,47.3,47.2,47.3,2402138,388843,184397,7.58
2026-08-21 12:05:42,24238.2,2026-08-25,24250.0,CE,104.0,103.9,104.0,1863966,167886,103723,9.34
2026-08-21 12:05:42,24238.2,2026-08-25,24250.0,PE,64.8,64.7,64.85,2236189,255991,179414,7.28
2026-08-21 12:05:42,24238.2,2026-08-25,24300.0,CE,76.2,76.2,76.4,2320031,321288,170736,8.99
2026-08-21 12:05:42,24238.2,2026-08-25,24300.0,PE,86.8,86.8,87.0,2014324,248137,133102,6.93
2026-08-21 12:05:42,24238.2,2026-08-25,24350.0,CE,53.4,53.4,53.5,982097,106249,59256,8.72
2026-08-21 12:05:42,24238.2,2026-08-25,24350.0,PE,114.75,114.55,114.75,686987,70872,40192,6.5
2026-08-21 12:05:42,24238.2,2026-08-25,24400.0,CE,36.3,36.3,36.4,1088527,196259,69787,8.54
2026-08-21 12:05:42,24238.2,2026-08-25,24400.0,PE,147.25,147.0,147.35,593205,81538,32917,5.87
2026-08-21 12:05:42,24238.2,2026-08-25,24450.0,CE,23.6,23.6,23.65,527404,83298,41299,8.41
2026-08-21 12:05:42,24238.2,2026-08-25,24450.0,PE,184.75,184.35,184.8,137264,19647,10929,4.56
2026-08-21 12:05:42,24238.2,2026-08-25,24500.0,CE,15.1,15.05,15.1,921304,245719,53186,8.37
2026-08-21 12:05:42,24238.2,2026-08-25,24500.0,PE,225.85,225.3,225.85,174641,67464,5879,
2026-08-21 12:05:42,24238.2,2026-08-25,24550.0,CE,9.4,9.35,9.45,471767,85863,39276,8.38
2026-08-21 12:05:42,24238.2,2026-08-25,24550.0,PE,271.05,269.85,270.55,19699,4492,1559,
2026-08-21 12:05:42,24238.2,2026-08-25,24600.0,CE,6.0,6.0,6.05,501798,161133,34492,8.51
2026-08-21 12:05:42,24238.2,2026-08-25,24600.0,PE,316.9,316.2,317.0,29027,15262,651,
2026-08-21 12:05:42,24238.2,2026-08-25,24650.0,CE,4.25,4.25,4.3,254987,64605,20099,8.85
2026-08-21 12:05:42,24238.2,2026-08-25,24650.0,PE,362.75,364.05,365.1,4425,2921,123,
2026-08-21 12:05:42,24238.2,2026-08-25,24700.0,CE,3.1,3.1,3.15,302049,123785,7535,9.22
2026-08-21 12:05:42,24238.2,2026-08-25,24700.0,PE,414.0,412.7,414.2,6364,12890,-431,
2026-08-21 12:05:42,24238.2,2026-08-25,24750.0,CE,2.5,2.5,2.55,176412,47012,15307,9.75
2026-08-21 12:05:42,24238.2,2026-08-25,24750.0,PE,462.4,462.25,463.85,643,1446,-30,
2026-08-21 12:06:42,24240.45,2026-08-25,23750.0,CE,543.05,543.05,545.25,265,728,-22,17.62
2026-08-21 12:06:42,24240.45,2026-08-25,23750.0,PE,4.35,4.3,4.35,192945,46350,11497,11.48
2026-08-21 12:06:42,24240.45,2026-08-25,23800.0,CE,494.25,493.2,494.0,5497,10081,489,16.25
2026-08-21 12:06:42,24240.45,2026-08-25,23800.0,PE,4.9,4.9,4.95,355658,138065,13673,10.83
2026-08-21 12:06:42,24240.45,2026-08-25,23850.0,CE,443.65,444.8,446.7,1050,1241,106,15.6
2026-08-21 12:06:42,24240.45,2026-08-25,23850.0,PE,5.9,5.85,5.9,233824,64603,6416,10.26
2026-08-21 12:06:42,24240.45,2026-08-25,23900.0,CE,397.2,396.55,397.6,10363,5191,461,14.22
2026-08-21 12:06:42,24240.45,2026-08-25,23900.0,PE,7.3,7.3,7.35,377280,115960,12329,9.75
2026-08-21 12:06:42,24240.45,2026-08-25,23950.0,CE,348.5,348.65,349.7,7120,3624,375,13.38
2026-08-21 12:06:42,24240.45,2026-08-25,23950.0,PE,9.65,9.55,9.65,278155,65563,16954,9.3
2026-08-21 12:06:42,24240.45,2026-08-25,24000.0,CE,303.1,302.85,303.35,112110,95660,1260,12.39
2026-08-21 12:06:42,24240.45,2026-08-25,24000.0,PE,13.1,13.1,13.15,870530,285828,34322,8.95
2026-08-21 12:06:42,24240.45,2026-08-25,24050.0,CE,256.8,257.5,258.0,39549,10708,1265,11.58
2026-08-21 12:06:42,24240.45,2026-08-25,24050.0,PE,17.7,17.7,17.75,419162,76929,28367,8.54
2026-08-21 12:06:42,24240.45,2026-08-25,24100.0,CE,214.7,214.15,214.65,263302,54628,7586,10.85
2026-08-21 12:06:42,24240.45,2026-08-25,24100.0,PE,24.5,24.45,24.55,788524,169606,52338,8.19
2026-08-21 12:06:42,24240.45,2026-08-25,24150.0,CE,174.0,174.05,174.3,322505,33749,14483,10.26
2026-08-21 12:06:42,24240.45,2026-08-25,24150.0,PE,34.0,33.9,34.0,780167,135802,64232,7.88
2026-08-21 12:06:42,24240.45,2026-08-25,24200.0,CE,137.5,137.2,137.4,1605878,212296,82933,9.74
2026-08-21 12:06:42,24240.45,2026-08-25,24200.0,PE,47.25,47.25,47.35,2410853,388908,184462,7.58
2026-08-21 12:06:42,24240.45,2026-08-25,24250.0,CE,104.3,104.25,104.35,1868866,168508,104345,9.34
2026-08-21 12:06:42,24240.45,2026-08-25,24250.0,PE,64.6,64.45,64.6,2245836,256280,179703,7.28
2026-08-21 12:06:42,24240.45,2026-08-25,24300.0,CE,76.3,76.3,76.45,2326110,320722,170170,8.99
2026-08-21 12:06:42,24240.45,2026-08-25,24300.0,PE,86.7,86.7,86.9,2020527,249452,134417,6.93
2026-08-21 12:06:42,24240.45,2026-08-25,24350.0,CE,53.8,53.75,53.85,984926,105730,58737,8.72
2026-08-21 12:06:42,24240.45,2026-08-25,24350.0,PE,114.35,114.15,114.3,689170,71017,40337,6.5
2026-08-21 12:06:42,24240.45,2026-08-25,24400.0,CE,36.55,36.55,36.6,1091768,196151,69679,8.54
2026-08-21 12:06:42,24240.45,2026-08-25,24400.0,PE,147.0,146.6,146.9,595219,81527,32906,5.87
2026-08-21 12:06:42,24240.45,2026-08-25,24450.0,CE,23.75,23.7,23.8,528742,83489,41490,8.41
2026-08-21 12:06:42,24240.45,2026-08-25,24450.0,PE,184.0,184.05,184.5,137591,19385,10667,4.56
2026-08-21 12:06:42,24240.45,2026-08-25,24500.0,CE,15.1,15.1,15.15,923890,245544,53011,8.37
2026-08-21 12:06:42,24240.45,2026-08-25,24500.0,PE,225.3,224.7,225.35,175158,67501,5916,
2026-08-21 12:06:42,24240.45,2026-08-25,24550.0,CE,9.45,9.4,9.45,472867,85997,39410,8.38
2026-08-21 12:06:42,24240.45,2026-08-25,24550.0,PE,270.15,269.35,270.1,19799,4492,1559,
2026-08-21 12:06:42,24240.45,2026-08-25,24600.0,CE,6.0,6.0,6.05,503515,161010,34369,8.51
2026-08-21 12:06:42,24240.45,2026-08-25,24600.0,PE,315.65,315.5,316.3,29128,15278,667,
2026-08-21 12:06:42,24240.45,2026-08-25,24650.0,CE,4.25,4.25,4.3,255644,64359,19853,8.85
2026-08-21 12:06:42,24240.45,2026-08-25,24650.0,PE,365.4,363.65,364.8,4430,2922,124,
2026-08-21 12:06:42,24240.45,2026-08-25,24700.0,CE,3.15,3.1,3.15,303059,123595,7345,9.22
2026-08-21 12:06:42,24240.45,2026-08-25,24700.0,PE,414.6,412.05,413.7,6370,12890,-431,
2026-08-21 12:06:42,24240.45,2026-08-25,24750.0,CE,2.5,2.5,2.55,176623,47062,15357,9.75
2026-08-21 12:06:42,24240.45,2026-08-25,24750.0,PE,463.85,461.5,463.35,645,1446,-30,
2026-08-21 12:07:43,24236.65,2026-08-25,23750.0,CE,544.25,541.3,543.55,269,728,-22,17.62
2026-08-21 12:07:43,24236.65,2026-08-25,23750.0,PE,4.35,4.35,4.4,193290,46398,11545,11.48
2026-08-21 12:07:43,24236.65,2026-08-25,23800.0,CE,493.0,491.9,493.55,5503,10080,488,16.25
2026-08-21 12:07:43,24236.65,2026-08-25,23800.0,PE,4.95,4.95,5.0,357174,138235,13843,10.83
2026-08-21 12:07:43,24236.65,2026-08-25,23850.0,CE,445.7,443.45,445.0,1058,1242,107,15.6
2026-08-21 12:07:43,24236.65,2026-08-25,23850.0,PE,5.9,5.9,5.95,234160,64563,6376,10.26
2026-08-21 12:07:43,24236.65,2026-08-25,23900.0,CE,397.65,395.0,395.95,10372,5189,459,14.22
2026-08-21 12:07:43,24236.65,2026-08-25,23900.0,PE,7.4,7.35,7.4,377879,116229,12598,9.75
2026-08-21 12:07:43,24236.65,2026-08-25,23950.0,CE,349.15,347.05,348.05,7127,3616,367,13.38
2026-08-21 12:07:43,24236.65,2026-08-25,23950.0,PE,9.6,9.65,9.7,279057,65501,16892,9.3
2026-08-21 12:07:43,24236.65,2026-08-25,24000.0,CE,300.9,300.85,301.65,112502,95663,1263,12.39
2026-08-21 12:07:43,24236.65,2026-08-25,24000.0,PE,13.15,13.15,13.2,874242,287255,35749,8.95
2026-08-21 12:07:43,24236.65,2026-08-25,24050.0,CE,256.55,255.75,256.35,39732,10704,1261,11.58
2026-08-21 12:07:43,24236.65,2026-08-25,24050.0,PE,17.85,17.85,17.9,420516,76964,28402,8.54
2026-08-21 12:07:43,24236.65,2026-08-25,24100.0,CE,213.0,212.8,213.05,264248,54654,7612,10.85
2026-08-21 12:07:43,24236.65,2026-08-25,24100.0,PE,24.6,24.6,24.7,791242,169592,52324,8.19
2026-08-21 12:07:43,24236.65,2026-08-25,24150.0,CE,172.6,172.55,172.95,324618,33546,14280,10.26
2026-08-21 12:07:43,24236.65,2026-08-25,24150.0,PE,34.3,34.3,34.4,784530,135781,64211,7.88
2026-08-21 12:07:43,24236.65,2026-08-25,24200.0,CE,136.2,136.0,136.25,1615160,213060,83697,9.74
2026-08-21 12:07:43,24236.65,2026-08-25,24200.0,PE,47.7,47.6,47.7,2422230,389708,185262,7.58
2026-08-21 12:07:43,24236.65,2026-08-25,24250.0,CE,103.2,103.05,103.2,1877252,169631,105468,9.34
2026-08-21 12:07:43,24236.65,2026-08-25,24250.0,PE,65.25,65.1,65.3,2256296,256057,179480,7.28
2026-08-21 12:07:43,24236.65,2026-08-25,24300.0,CE,75.5,75.5,75.65,2336166,321024,170472,8.99
2026-08-21 12:07:43,24236.65,2026-08-25,24300.0,PE,87.6,87.4,87.6,2029745,248962,133927,6.93
2026-08-21 12:07:43,24236.65,2026-08-25,24350.0,CE,53.2,53.05,53.2,989220,105872,58879,8.72
2026-08-21 12:07:43,24236.65,2026-08-25,24350.0,PE,115.4,115.2,115.45,692026,70756,40076,6.5
2026-08-21 12:07:43,24236.65,2026-08-25,24400.0,CE,36.0,36.0,36.1,1096413,196114,69642,8.54
2026-08-21 12:07:43,24236.65,2026-08-25,24400.0,PE,148.0,147.8,148.0,598642,81189,32568,5.87
2026-08-21 12:07:43,24236.65,2026-08-25,24450.0,CE,23.35,23.35,23.45,530391,83497,41498,8.41
2026-08-21 12:07:43,24236.65,2026-08-25,24450.0,PE,185.25,185.3,185.8,138379,19357,10639,4.56
2026-08-21 12:07:43,24236.65,2026-08-25,24500.0,CE,14.85,14.85,14.95,927835,245222,52689,8.37
2026-08-21 12:07:43,24236.65,2026-08-25,24500.0,PE,226.4,226.4,226.85,175760,67530,5945,
2026-08-21 12:07:43,24236.65,2026-08-25,24550.0,CE,9.35,9.3,9.35,474626,86096,39509,8.38
2026-08-21 12:07:43,24236.65,2026-08-25,24550.0,PE,271.0,270.65,271.0,19916,4456,1523,
2026-08-21 12:07:43,24236.65,2026-08-25,24600.0,CE,6.0,5.95,6.0,505873,160928,34287,8.51
2026-08-21 12:07:43,24236.65,2026-08-25,24600.0,PE,317.55,317.2,318.0,29479,15263,652,
2026-08-21 12:07:43,24236.65,2026-08-25,24650.0,CE,4.25,4.2,4.25,256739,64220,19714,8.85
2026-08-21 12:07:43,24236.65,2026-08-25,24650.0,PE,363.9,365.25,366.3,4442,2918,120,
2026-08-21 12:07:43,24236.65,2026-08-25,24700.0,CE,3.15,3.1,3.15,303861,123515,7265,9.22
2026-08-21 12:07:43,24236.65,2026-08-25,24700.0,PE,412.7,413.7,414.9,6378,12889,-432,
2026-08-21 12:07:43,24236.65,2026-08-25,24750.0,CE,2.55,2.5,2.55,177033,47082,15377,9.75
2026-08-21 12:07:43,24236.65,2026-08-25,24750.0,PE,465.0,463.15,464.7,649,1447,-29,
2026-08-21 12:08:43,24237.25,2026-08-25,23750.0,CE,544.25,538.95,540.75,269,728,-22,17.62
2026-08-21 12:08:43,24237.25,2026-08-25,23750.0,PE,4.35,4.35,4.4,193475,46451,11598,11.48
2026-08-21 12:08:43,24237.25,2026-08-25,23800.0,CE,491.65,490.0,490.75,5515,10080,488,16.25
2026-08-21 12:08:43,24237.25,2026-08-25,23800.0,PE,4.95,4.95,5.0,357754,138015,13623,10.83
2026-08-21 12:08:43,24237.25,2026-08-25,23850.0,CE,442.0,441.0,442.2,1061,1242,107,15.6
2026-08-21 12:08:43,24237.25,2026-08-25,23850.0,PE,6.0,5.95,6.0,234460,64522,6335,10.26
2026-08-21 12:08:43,24237.25,2026-08-25,23900.0,CE,393.0,392.0,392.95,10461,5189,459,14.22
2026-08-21 12:08:43,24237.25,2026-08-25,23900.0,PE,7.5,7.45,7.5,379503,116306,12675,9.75
2026-08-21 12:08:43,24237.25,2026-08-25,23950.0,CE,345.0,344.45,345.5,7181,3613,364,13.38
2026-08-21 12:08:43,24237.25,2026-08-25,23950.0,PE,9.8,9.8,9.85,279757,65874,17265,9.3
2026-08-21 12:08:43,24237.25,2026-08-25,24000.0,CE,299.05,298.35,299.05,113458,95704,1304,12.39
2026-08-21 12:08:43,24237.25,2026-08-25,24000.0,PE,13.45,13.4,13.45,879258,287035,35529,8.95
2026-08-21 12:08:43,24237.25,2026-08-25,24050.0,CE,254.05,253.3,253.8,39944,10717,1274,11.58
2026-08-21 12:08:43,24237.25,2026-08-25,24050.0,PE,18.2,18.25,18.3,422495,76945,28383,8.54
2026-08-21 12:08:43,24237.25,2026-08-25,24100.0,CE,210.6,210.15,210.65,267225,54605,7563,10.85
2026-08-21 12:08:43,24237.25,2026-08-25,24100.0,PE,25.25,25.15,25.25,798357,169455,52187,8.19
2026-08-21 12:08:43,24237.25,2026-08-25,24150.0,CE,170.8,170.35,170.75,326679,34209,14943,10.26
2026-08-21 12:08:43,24237.25,2026-08-25,24150.0,PE,35.05,35.05,35.15,789810,135061,63491,7.88
2026-08-21 12:08:43,24237.25,2026-08-25,24200.0,CE,134.1,134.1,134.4,1626448,215403,86040,9.74
2026-08-21 12:08:43,24237.25,2026-08-25,24200.0,PE,48.6,48.6,48.75,2442218,389158,184712,7.58
2026-08-21 12:08:43,24237.25,2026-08-25,24250.0,CE,101.35,101.35,101.5,1889139,170460,106297,9.34
2026-08-21 12:08:43,24237.25,2026-08-25,24250.0,PE,66.45,66.45,66.6,2278019,254235,177658,7.28
2026-08-21 12:08:43,24237.25,2026-08-25,24300.0,CE,74.1,74.1,74.3,2351437,321992,171440,8.99
2026-08-21 12:08:43,24237.25,2026-08-25,24300.0,PE,89.2,88.95,89.2,2046002,248804,133769,6.93
2026-08-21 12:08:43,24237.25,2026-08-25,24350.0,CE,52.05,52.05,52.2,995820,106414,59421,8.72
2026-08-21 12:08:43,24237.25,2026-08-25,24350.0,PE,116.9,116.9,117.2,698095,70486,39806,6.5
2026-08-21 12:08:43,24237.25,2026-08-25,24400.0,CE,35.2,35.2,35.25,1103019,196813,70341,8.54
2026-08-21 12:08:43,24237.25,2026-08-25,24400.0,PE,150.1,149.95,150.3,604486,81090,32469,5.87
2026-08-21 12:08:43,24237.25,2026-08-25,24450.0,CE,22.85,22.85,22.95,533819,83698,41699,8.41
2026-08-21 12:08:43,24237.25,2026-08-25,24450.0,PE,187.5,187.55,187.95,139902,19511,10793,4.56
2026-08-21 12:08:43,24237.25,2026-08-25,24500.0,CE,14.6,14.55,14.6,934472,245161,52628,8.37
2026-08-21 12:08:43,24237.25,2026-08-25,24500.0,PE,229.35,228.85,229.4,177464,67245,5660,
2026-08-21 12:08:43,24237.25,2026-08-25,24550.0,CE,9.1,9.1,9.15,478270,86256,39669,8.38
2026-08-21 12:08:43,24237.25,2026-08-25,24550.0,PE,274.0,273.45,274.0,20139,4400,1467,
2026-08-21 12:08:43,24237.25,2026-08-25,24600.0,CE,5.85,5.85,5.9,508103,160942,34301,8.51
2026-08-21 12:08:43,24237.25,2026-08-25,24600.0,PE,320.0,319.8,320.2,29819,15342,731,
2026-08-21 12:08:43,24237.25,2026-08-25,24650.0,CE,4.15,4.15,4.2,257684,64269,19763,8.85
2026-08-21 12:08:43,24237.25,2026-08-25,24650.0,PE,368.0,368.0,369.1,4473,2917,119,
2026-08-21 12:08:43,24237.25,2026-08-25,24700.0,CE,3.15,3.1,3.15,305184,123483,7233,9.22
2026-08-21 12:08:43,24237.25,2026-08-25,24700.0,PE,416.7,416.6,417.2,6402,12891,-430,
2026-08-21 12:08:43,24237.25,2026-08-25,24750.0,CE,2.55,2.5,2.55,178121,47281,15576,9.75
2026-08-21 12:08:43,24237.25,2026-08-25,24750.0,PE,465.8,465.9,467.65,652,1449,-27,
2026-08-21 12:09:43,24236.0,2026-08-25,23750.0,CE,544.25,537.35,540.1,269,728,-22,17.62
2026-08-21 12:09:43,24236.0,2026-08-25,23750.0,PE,4.3,4.3,4.35,193704,46477,11624,11.48
2026-08-21 12:09:43,24236.0,2026-08-25,23800.0,CE,488.3,488.2,489.6,5536,10087,495,16.25
2026-08-21 12:09:43,24236.0,2026-08-25,23800.0,PE,4.9,4.9,4.95,358796,138015,13623,10.83
2026-08-21 12:09:43,24236.0,2026-08-25,23850.0,CE,439.65,439.8,441.05,1067,1243,108,15.6
2026-08-21 12:09:43,24236.0,2026-08-25,23850.0,PE,5.9,5.9,5.95,235029,64522,6335,10.26
2026-08-21 12:09:43,24236.0,2026-08-25,23900.0,CE,391.0,391.05,392.05,10494,5210,480,14.22
2026-08-21 12:09:43,24236.0,2026-08-25,23900.0,PE,7.4,7.35,7.4,380111,115907,12276,9.75
2026-08-21 12:09:43,24236.0,2026-08-25,23950.0,CE,343.25,343.35,344.35,7199,3603,354,13.38
2026-08-21 12:09:43,24236.0,2026-08-25,23950.0,PE,9.75,9.7,9.75,280132,65798,17189,9.3
2026-08-21 12:09:43,24236.0,2026-08-25,24000.0,CE,297.05,297.1,297.9,113917,95760,1360,12.39
2026-08-21 12:09:43,24236.0,2026-08-25,24000.0,PE,13.35,13.35,13.4,883113,287054,35548,8.95
2026-08-21 12:09:43,24236.0,2026-08-25,24050.0,CE,252.15,252.05,252.7,40112,10707,1264,11.58
2026-08-21 12:09:43,24236.0,2026-08-25,24050.0,PE,18.2,18.15,18.2,423740,76754,28192,8.54
2026-08-21 12:09:43,24236.0,2026-08-25,24100.0,CE,209.05,209.1,209.6,268390,54097,7055,10.85
2026-08-21 12:09:43,24236.0,2026-08-25,24100.0,PE,25.2,25.15,25.25,802071,168463,51195,8.19
2026-08-21 12:09:43,24236.0,2026-08-25,24150.0,CE,169.3,169.25,169.75,328550,34209,14943,10.26
2026-08-21 12:09:43,24236.0,2026-08-25,24150.0,PE,35.05,35.05,35.15,793301,135061,63491,7.88
2026-08-21 12:09:43,24236.0,2026-08-25,24200.0,CE,133.6,133.25,133.55,1632423,215403,86040,9.74
2026-08-21 12:09:43,24236.0,2026-08-25,24200.0,PE,48.75,48.75,48.85,2453841,387661,183215,7.58
2026-08-21 12:09:43,24236.0,2026-08-25,24250.0,CE,100.85,100.6,100.9,1897539,169570,105407,9.34
2026-08-21 12:09:43,24236.0,2026-08-25,24250.0,PE,66.8,66.6,66.75,2294639,255541,178964,7.28
2026-08-21 12:09:43,24236.0,2026-08-25,24300.0,CE,73.75,73.55,73.75,2359807,322844,172292,8.99
2026-08-21 12:09:43,24236.0,2026-08-25,24300.0,PE,89.35,89.35,89.55,2058309,248674,133639,6.93
2026-08-21 12:09:43,24236.0,2026-08-25,24350.0,CE,51.7,51.6,51.75,1000261,106687,59694,8.72
2026-08-21 12:09:43,24236.0,2026-08-25,24350.0,PE,117.9,117.5,117.8,701635,69723,39043,6.5
2026-08-21 12:09:43,24236.0,2026-08-25,24400.0,CE,34.9,34.9,35.0,1108311,196641,70169,8.54
2026-08-21 12:09:43,24236.0,2026-08-25,24400.0,PE,150.65,150.65,151.05,607790,80962,32341,5.87
2026-08-21 12:09:43,24236.0,2026-08-25,24450.0,CE,22.7,22.75,22.8,535729,84308,42309,8.41
2026-08-21 12:09:43,24236.0,2026-08-25,24450.0,PE,189.05,188.5,189.0,140760,19302,10584,4.56
2026-08-21 12:09:43,24236.0,2026-08-25,24500.0,CE,14.45,14.45,14.5,938981,245161,52628,8.37
2026-08-21 12:09:43,24236.0,2026-08-25,24500.0,PE,230.4,229.75,230.35,178505,67245,5660,
2026-08-21 12:09:43,24236.0,2026-08-25,24550.0,CE,9.15,9.1,9.15,480608,86376,39789,8.38
2026-08-21 12:09:43,24236.0,2026-08-25,24550.0,PE,275.1,274.5,275.3,20284,4400,1467,
2026-08-21 12:09:43,24236.0,2026-08-25,24600.0,CE,5.8,5.8,5.85,509347,160861,34220,8.51
2026-08-21 12:09:43,24236.0,2026-08-25,24600.0,PE,321.9,320.85,321.75,30193,15317,706,
2026-08-21 12:09:43,24236.0,2026-08-25,24650.0,CE,4.15,4.15,4.2,258667,64348,19842,8.85
2026-08-21 12:09:43,24236.0,2026-08-25,24650.0,PE,370.1,368.95,370.15,4488,2904,106,
2026-08-21 12:09:43,24236.0,2026-08-25,24700.0,CE,3.1,3.1,3.15,305884,123859,7609,9.22
2026-08-21 12:09:43,24236.0,2026-08-25,24700.0,PE,419.2,418.0,419.15,6418,12881,-440,
2026-08-21 12:09:43,24236.0,2026-08-25,24750.0,CE,2.5,2.5,2.55,178249,47560,15855,9.75
2026-08-21 12:09:43,24236.0,2026-08-25,24750.0,PE,466.15,466.95,468.9,653,1448,-28,
2026-08-21 12:10:43,24237.5,2026-08-25,23750.0,CE,537.0,536.95,538.85,272,728,-22,17.62
2026-08-21 12:10:43,24237.5,2026-08-25,23750.0,PE,4.35,4.3,4.35,194001,46515,11662,11.48
2026-08-21 12:10:43,24237.5,2026-08-25,23800.0,CE,486.55,487.0,488.45,5553,10094,502,16.25
2026-08-21 12:10:43,24237.5,2026-08-25,23800.0,PE,4.9,4.9,4.95,359218,138107,13715,10.83
2026-08-21 12:10:43,24237.5,2026-08-25,23850.0,CE,440.95,438.55,440.3,1068,1245,110,15.6
2026-08-21 12:10:43,24237.5,2026-08-25,23850.0,PE,6.0,5.95,6.0,235332,64601,6414,10.26
2026-08-21 12:10:43,24237.5,2026-08-25,23900.0,CE,390.1,390.2,391.2,10530,5210,480,14.22
2026-08-21 12:10:43,24237.5,2026-08-25,23900.0,PE,7.5,7.45,7.5,380693,115992,12361,9.75
2026-08-21 12:10:43,24237.5,2026-08-25,23950.0,CE,343.75,342.45,343.45,7206,3625,376,13.38
2026-08-21 12:10:43,24237.5,2026-08-25,23950.0,PE,9.9,9.85,9.9,280504,65898,17289,9.3
2026-08-21 12:10:43,24237.5,2026-08-25,24000.0,CE,297.05,296.45,297.25,114314,95781,1381,12.39
2026-08-21 12:10:43,24237.5,2026-08-25,24000.0,PE,13.65,13.6,13.65,884639,285481,33975,8.95
2026-08-21 12:10:43,24237.5,2026-08-25,24050.0,CE,252.05,251.6,252.25,40196,10672,1229,11.58
2026-08-21 12:10:43,24237.5,2026-08-25,24050.0,PE,18.5,18.45,18.5,424611,76809,28247,8.54
2026-08-21 12:10:43,24237.5,2026-08-25,24100.0,CE,209.2,208.75,209.25,269040,54320,7278,10.85
2026-08-21 12:10:43,24237.5,2026-08-25,24100.0,PE,25.65,25.55,25.65,804969,168026,50758,8.19
2026-08-21 12:10:43,24237.5,2026-08-25,24150.0,CE,169.0,169.0,169.35,329301,33794,14528,10.26
2026-08-21 12:10:43,24237.5,2026-08-25,24150.0,PE,35.75,35.65,35.75,796123,135022,63452,7.88
2026-08-21 12:10:43,24237.5,2026-08-25,24200.0,CE,133.4,133.1,133.45,1638828,216252,86889,9.74
2026-08-21 12:10:43,24237.5,2026-08-25,24200.0,PE,49.35,49.35,49.45,2464439,385919,181473,7.58
2026-08-21 12:10:43,24237.5,2026-08-25,24250.0,CE,100.8,100.65,100.85,1903740,169725,105562,9.34
2026-08-21 12:10:43,24237.5,2026-08-25,24250.0,PE,67.6,67.55,67.6,2306182,251767,175190,7.28
2026-08-21 12:10:43,24237.5,2026-08-25,24300.0,CE,73.3,73.3,73.45,2364567,322916,172364,8.99
2026-08-21 12:10:43,24237.5,2026-08-25,24300.0,PE,90.25,90.3,90.55,2066624,247244,132209,6.93
2026-08-21 12:10:43,24237.5,2026-08-25,24350.0,CE,51.5,51.4,51.5,1005176,106925,59932,8.72
2026-08-21 12:10:43,24237.5,2026-08-25,24350.0,PE,118.4,118.45,118.7,705292,68508,37828,6.5
2026-08-21 12:10:43,24237.5,2026-08-25,24400.0,CE,34.85,34.85,35.0,1113502,196585,70113,8.54
2026-08-21 12:10:43,24237.5,2026-08-25,24400.0,PE,152.0,151.8,152.1,610343,80548,31927,5.87
2026-08-21 12:10:43,24237.5,2026-08-25,24450.0,CE,22.65,22.65,22.7,536901,83801,41802,8.41
2026-08-21 12:10:43,24237.5,2026-08-25,24450.0,PE,189.75,189.25,189.75,141568,19195,10477,4.56
2026-08-21 12:10:43,24237.5,2026-08-25,24500.0,CE,14.4,14.35,14.45,941083,245806,53273,8.37
2026-08-21 12:10:43,24237.5,2026-08-25,24500.0,PE,230.55,230.65,231.1,179050,67056,5471,
2026-08-21 12:10:43,24237.5,2026-08-25,24550.0,CE,9.1,9.05,9.1,482073,85648,39061,8.38
2026-08-21 12:10:43,24237.5,2026-08-25,24550.0,PE,275.15,275.2,276.0,20305,4396,1463,
2026-08-21 12:10:43,24237.5,2026-08-25,24600.0,CE,5.85,5.8,5.85,512579,160907,34266,8.51
2026-08-21 12:10:43,24237.5,2026-08-25,24600.0,PE,322.35,321.65,322.5,30271,15351,740,
2026-08-21 12:10:43,24237.5,2026-08-25,24650.0,CE,4.2,4.15,4.2,259496,64617,20111,8.85
2026-08-21 12:10:43,24237.5,2026-08-25,24650.0,PE,370.0,370.05,371.15,4494,2903,105,
2026-08-21 12:10:43,24237.5,2026-08-25,24700.0,CE,3.15,3.1,3.15,306502,123994,7744,9.22
2026-08-21 12:10:43,24237.5,2026-08-25,24700.0,PE,418.9,418.45,419.95,6425,12881,-440,
2026-08-21 12:10:43,24237.5,2026-08-25,24750.0,CE,2.55,2.5,2.55,178485,47619,15914,9.75
2026-08-21 12:10:43,24237.5,2026-08-25,24750.0,PE,469.1,467.9,469.75,657,1447,-29,
2026-08-21 12:11:43,24238.7,2026-08-25,23750.0,CE,537.55,538.0,540.25,273,727,-23,17.04
2026-08-21 12:11:43,24238.7,2026-08-25,23750.0,PE,4.3,4.3,4.35,194223,46686,11833,11.49
2026-08-21 12:11:43,24238.7,2026-08-25,23800.0,CE,488.2,488.65,490.15,5559,10105,513,16.15
2026-08-21 12:11:43,24238.7,2026-08-25,23800.0,PE,4.9,4.9,4.95,360603,138070,13678,10.83
2026-08-21 12:11:43,24238.7,2026-08-25,23850.0,CE,441.25,440.25,441.7,1070,1245,110,15.31
2026-08-21 12:11:43,24238.7,2026-08-25,23850.0,PE,5.95,5.95,6.0,235579,64472,6285,10.24
2026-08-21 12:11:43,24238.7,2026-08-25,23900.0,CE,391.5,391.9,393.05,10540,5197,467,14.14
2026-08-21 12:11:43,24238.7,2026-08-25,23900.0,PE,7.45,7.45,7.5,381367,115946,12315,9.72
2026-08-21 12:11:43,24238.7,2026-08-25,23950.0,CE,343.55,344.45,345.35,7236,3627,378,13.33
2026-08-21 12:11:43,24238.7,2026-08-25,23950.0,PE,9.9,9.85,9.9,280741,65918,17309,9.28
2026-08-21 12:11:43,24238.7,2026-08-25,24000.0,CE,298.9,298.15,298.85,114471,95803,1403,12.5
2026-08-21 12:11:43,24238.7,2026-08-25,24000.0,PE,13.6,13.55,13.6,887190,285577,34071,8.92
2026-08-21 12:11:43,24238.7,2026-08-25,24050.0,CE,252.9,252.9,253.35,40268,10706,1263,11.57
2026-08-21 12:11:43,24238.7,2026-08-25,24050.0,PE,18.45,18.35,18.45,426421,76942,28380,8.52
2026-08-21 12:11:43,24238.7,2026-08-25,24100.0,CE,210.6,210.3,210.7,269533,54626,7584,10.92
2026-08-21 12:11:43,24238.7,2026-08-25,24100.0,PE,25.45,25.35,25.4,807491,167976,50708,8.17
2026-08-21 12:11:43,24238.7,2026-08-25,24150.0,CE,170.7,170.3,170.7,330216,34120,14854,10.34
2026-08-21 12:11:43,24238.7,2026-08-25,24150.0,PE,35.4,35.25,35.4,799472,134771,63201,7.86
2026-08-21 12:11:43,24238.7,2026-08-25,24200.0,CE,134.1,134.1,134.4,1642761,218077,88714,9.85
2026-08-21 12:11:43,24238.7,2026-08-25,24200.0,PE,49.1,48.95,49.05,2474346,385042,180596,7.57
2026-08-21 12:11:43,24238.7,2026-08-25,24250.0,CE,101.4,101.5,101.75,1908086,170772,106609,9.37
2026-08-21 12:11:43,24238.7,2026-08-25,24250.0,PE,66.8,66.65,66.8,2318375,250833,174256,7.25
2026-08-21 12:11:43,24238.7,2026-08-25,24300.0,CE,74.4,74.25,74.4,2370332,323790,173238,9.02
2026-08-21 12:11:43,24238.7,2026-08-25,24300.0,PE,89.15,89.15,89.35,2075738,246236,131201,6.85
2026-08-21 12:11:43,24238.7,2026-08-25,24350.0,CE,52.1,52.0,52.1,1011815,108964,61971,8.76
2026-08-21 12:11:43,24238.7,2026-08-25,24350.0,PE,117.65,117.5,117.65,708078,67353,36673,6.46
2026-08-21 12:11:43,24238.7,2026-08-25,24400.0,CE,35.25,35.25,35.35,1118829,196025,69553,8.59
2026-08-21 12:11:43,24238.7,2026-08-25,24400.0,PE,150.3,150.3,150.7,612860,80168,31547,5.84
2026-08-21 12:11:43,24238.7,2026-08-25,24450.0,CE,22.95,22.9,23.0,538221,83803,41804,8.44
2026-08-21 12:11:43,24238.7,2026-08-25,24450.0,PE,188.5,187.85,188.25,142294,19257,10539,4.18
2026-08-21 12:11:43,24238.7,2026-08-25,24500.0,CE,14.6,14.55,14.6,943338,245764,53231,8.42
2026-08-21 12:11:43,24238.7,2026-08-25,24500.0,PE,230.05,229.3,229.9,179624,67166,5581,
2026-08-21 12:11:43,24238.7,2026-08-25,24550.0,CE,9.15,9.1,9.15,483453,85885,39298,8.43
2026-08-21 12:11:43,24238.7,2026-08-25,24550.0,PE,274.4,274.0,274.5,20383,4385,1452,
2026-08-21 12:11:43,24238.7,2026-08-25,24600.0,CE,5.85,5.8,5.85,513429,161444,34803,8.56
2026-08-21 12:11:43,24238.7,2026-08-25,24600.0,PE,320.8,320.15,321.0,30343,15343,732,
2026-08-21 12:11:43,24238.7,2026-08-25,24650.0,CE,4.2,4.15,4.2,259885,64749,20243,8.88
2026-08-21 12:11:43,24238.7,2026-08-25,24650.0,PE,370.15,368.35,369.4,4504,2904,106,
2026-08-21 12:11:43,24238.7,2026-08-25,24700.0,CE,3.15,3.1,3.15,306938,124389,8139,9.31
2026-08-21 12:11:43,24238.7,2026-08-25,24700.0,PE,419.1,417.35,418.8,6430,12880,-441,
2026-08-21 12:11:43,24238.7,2026-08-25,24750.0,CE,2.55,2.5,2.55,178801,47776,16071,9.81
2026-08-21 12:11:43,24238.7,2026-08-25,24750.0,PE,469.1,466.45,468.2,657,1447,-29,
2026-08-21 12:12:43,24237.35,2026-08-25,23750.0,CE,537.55,540.6,542.65,273,727,-23,17.04
2026-08-21 12:12:43,24237.35,2026-08-25,23750.0,PE,4.3,4.3,4.35,194243,46720,11867,11.49
2026-08-21 12:12:43,24237.35,2026-08-25,23800.0,CE,493.05,491.0,492.6,5569,10101,509,16.15
2026-08-21 12:12:43,24237.35,2026-08-25,23800.0,PE,4.95,4.9,4.95,360869,137849,13457,10.83
2026-08-21 12:12:43,24237.35,2026-08-25,23850.0,CE,442.6,442.4,444.3,1075,1245,110,15.31
2026-08-21 12:12:43,24237.35,2026-08-25,23850.0,PE,5.9,5.9,5.95,235703,64382,6195,10.24
2026-08-21 12:12:43,24237.35,2026-08-25,23900.0,CE,393.0,393.95,395.0,10591,5197,467,14.14
2026-08-21 12:12:43,24237.35,2026-08-25,23900.0,PE,7.45,7.4,7.45,381862,115995,12364,9.72
2026-08-21 12:12:43,24237.35,2026-08-25,23950.0,CE,346.1,346.2,347.25,7241,3627,378,13.33
2026-08-21 12:12:43,24237.35,2026-08-25,23950.0,PE,9.7,9.75,9.8,280967,65921,17312,9.28
2026-08-21 12:12:43,24237.35,2026-08-25,24000.0,CE,301.05,300.25,301.0,114742,95809,1409,12.5
2026-08-21 12:12:43,24237.35,2026-08-25,24000.0,PE,13.4,13.35,13.4,889222,286544,35038,8.92
2026-08-21 12:12:43,24237.35,2026-08-25,24050.0,CE,254.95,255.15,255.75,40340,10711,1268,11.57
2026-08-21 12:12:43,24237.35,2026-08-25,24050.0,PE,18.2,18.1,18.15,427199,77203,28641,8.52
2026-08-21 12:12:43,24237.35,2026-08-25,24100.0,CE,212.55,212.05,212.5,270483,54782,7740,10.92
2026-08-21 12:12:43,24237.35,2026-08-25,24100.0,PE,25.0,25.0,25.1,809832,168101,50833,8.17
2026-08-21 12:12:43,24237.35,2026-08-25,24150.0,CE,172.0,172.05,172.5,331071,34481,15215,10.34
2026-08-21 12:12:43,24237.35,2026-08-25,24150.0,PE,34.75,34.7,34.8,803573,134244,62674,7.86
2026-08-21 12:12:43,24237.35,2026-08-25,24200.0,CE,136.05,135.95,136.05,1648257,219076,89713,9.85
2026-08-21 12:12:43,24237.35,2026-08-25,24200.0,PE,48.15,48.15,48.3,2484048,384712,180266,7.57
2026-08-21 12:12:43,24237.35,2026-08-25,24250.0,CE,103.05,102.8,103.05,1914745,171326,107163,9.37
2026-08-21 12:12:43,24237.35,2026-08-25,24250.0,PE,65.95,65.8,65.95,2328240,248541,171964,7.25
2026-08-21 12:12:43,24237.35,2026-08-25,24300.0,CE,75.3,75.15,75.3,2376446,324363,173811,9.02
2026-08-21 12:12:43,24237.35,2026-08-25,24300.0,PE,88.45,88.25,88.4,2082940,245304,130269,6.85
2026-08-21 12:12:43,24237.35,2026-08-25,24350.0,CE,53.05,52.9,53.05,1015665,111089,64096,8.76
2026-08-21 12:12:43,24237.35,2026-08-25,24350.0,PE,116.2,116.0,116.2,710635,67275,36595,6.46
2026-08-21 12:12:43,24237.35,2026-08-25,24400.0,CE,36.0,35.85,36.0,1121749,195434,68962,8.59
2026-08-21 12:12:43,24237.35,2026-08-25,24400.0,PE,148.6,148.6,148.95,615247,80450,31829,5.84
2026-08-21 12:12:43,24237.35,2026-08-25,24450.0,CE,23.3,23.25,23.35,539653,83900,41901,8.44
2026-08-21 12:12:43,24237.35,2026-08-25,24450.0,PE,186.0,186.05,186.55,142845,19325,10607,4.18
2026-08-21 12:12:43,24237.35,2026-08-25,24500.0,CE,14.85,14.8,14.85,946093,245606,53073,8.42
2026-08-21 12:12:43,24237.35,2026-08-25,24500.0,PE,228.0,227.15,227.75,180265,67159,5574,
2026-08-21 12:12:43,24237.35,2026-08-25,24550.0,CE,9.3,9.3,9.35,484868,85828,39241,8.43
2026-08-21 12:12:43,24237.35,2026-08-25,24550.0,PE,272.15,271.5,272.25,20463,4390,1457,
2026-08-21 12:12:43,24237.35,2026-08-25,24600.0,CE,5.95,5.9,5.95,515005,161479,34838,8.56
2026-08-21 12:12:43,24237.35,2026-08-25,24600.0,PE,318.3,318.05,318.95,30417,15344,733,
2026-08-21 12:12:43,24237.35,2026-08-25,24650.0,CE,4.2,4.2,4.25,260202,64616,20110,8.88
2026-08-21 12:12:43,24237.35,2026-08-25,24650.0,PE,366.85,366.15,367.25,4511,2904,106,
2026-08-21 12:12:43,24237.35,2026-08-25,24700.0,CE,3.15,3.1,3.15,307254,124447,8197,9.31
2026-08-21 12:12:43,24237.35,2026-08-25,24700.0,PE,416.3,415.0,416.3,6434,12882,-439,
2026-08-21 12:12:43,24237.35,2026-08-25,24750.0,CE,2.55,2.5,2.55,179073,47962,16257,9.81
2026-08-21 12:12:43,24237.35,2026-08-25,24750.0,PE,466.6,464.05,465.75,662,1447,-29,
2026-08-21 12:13:43,24236.1,2026-08-25,23750.0,CE,537.55,538.1,540.4,273,727,-23,17.04
2026-08-21 12:13:43,24236.1,2026-08-25,23750.0,PE,4.4,4.35,4.4,194836,46779,11926,11.49
2026-08-21 12:13:43,24236.1,2026-08-25,23800.0,CE,492.15,488.85,490.35,5571,10101,509,16.15
2026-08-21 12:13:43,24236.1,2026-08-25,23800.0,PE,5.0,5.0,5.05,361218,137834,13442,10.83
2026-08-21 12:13:43,24236.1,2026-08-25,23850.0,CE,440.65,440.05,441.7,1079,1245,110,15.31
2026-08-21 12:13:43,24236.1,2026-08-25,23850.0,PE,6.05,6.0,6.05,236152,64330,6143,10.24
2026-08-21 12:13:43,24236.1,2026-08-25,23900.0,CE,392.05,391.75,392.7,10603,5195,465,14.14
2026-08-21 12:13:43,24236.1,2026-08-25,23900.0,PE,7.6,7.55,7.6,382144,115828,12197,9.72
2026-08-21 12:13:43,24236.1,2026-08-25,23950.0,CE,344.45,344.25,345.35,7249,3622,373,13.33
2026-08-21 12:13:43,24236.1,2026-08-25,23950.0,PE,10.0,9.95,10.0,281359,65977,17368,9.28
2026-08-21 12:13:43,24236.1,2026-08-25,24000.0,CE,299.1,298.9,299.6,114911,95819,1419,12.5
2026-08-21 12:13:43,24236.1,2026-08-25,24000.0,PE,13.6,13.6,13.65,890779,285931,34425,8.92
2026-08-21 12:13:43,24236.1,2026-08-25,24050.0,CE,253.3,253.3,253.95,40447,10763,1320,11.57
2026-08-21 12:13:43,24236.1,2026-08-25,24050.0,PE,18.6,18.55,18.6,427909,77262,28700,8.52
2026-08-21 12:13:43,24236.1,2026-08-25,24100.0,CE,210.3,210.45,210.95,270741,55068,8026,10.92
2026-08-21 12:13:43,24236.1,2026-08-25,24100.0,PE,25.55,25.55,25.6,811938,168014,50746,8.17
2026-08-21 12:13:43,24236.1,2026-08-25,24150.0,CE,170.85,170.5,170.95,331676,34524,15258,10.34
2026-08-21 12:13:43,24236.1,2026-08-25,24150.0,PE,35.55,35.5,35.6,805523,134564,62994,7.86
2026-08-21 12:13:43,24236.1,2026-08-25,24200.0,CE,134.45,134.45,134.75,1650810,218739,89376,9.85
2026-08-21 12:13:43,24236.1,2026-08-25,24200.0,PE,49.2,49.05,49.2,2489521,384036,179590,7.57
2026-08-21 12:13:43,24236.1,2026-08-25,24250.0,CE,102.25,102.0,102.25,1918326,171624,107461,9.37
2026-08-21 12:13:43,24236.1,2026-08-25,24250.0,PE,66.75,66.65,66.75,2334357,246688,170111,7.25
2026-08-21 12:13:43,24236.1,2026-08-25,24300.0,CE,74.45,74.45,74.55,2380667,325187,174635,9.02
2026-08-21 12:13:43,24236.1,2026-08-25,24300.0,PE,89.5,89.5,89.7,2087314,244090,129055,6.85
2026-08-21 12:13:43,24236.1,2026-08-25,24350.0,CE,52.45,52.45,52.5,1018538,111382,64389,8.76
2026-08-21 12:13:43,24236.1,2026-08-25,24350.0,PE,117.3,117.15,117.3,712020,66541,35861,6.46
2026-08-21 12:13:43,24236.1,2026-08-25,24400.0,CE,35.4,35.4,35.5,1123526,195630,69158,8.59
2026-08-21 12:13:43,24236.1,2026-08-25,24400.0,PE,150.8,150.4,150.8,616465,80233,31612,5.84
2026-08-21 12:13:43,24236.1,2026-08-25,24450.0,CE,22.95,22.95,23.0,540634,83878,41879,8.44
2026-08-21 12:13:43,24236.1,2026-08-25,24450.0,PE,188.6,188.05,188.55,143134,19174,10456,4.18
2026-08-21 12:13:43,24236.1,2026-08-25,24500.0,CE,14.65,14.6,14.65,947907,246511,53978,8.42
2026-08-21 12:13:43,24236.1,2026-08-25,24500.0,PE,230.0,229.5,230.0,180630,67018,5433,
2026-08-21 12:13:43,24236.1,2026-08-25,24550.0,CE,9.15,9.15,9.2,486063,85693,39106,8.43
2026-08-21 12:13:43,24236.1,2026-08-25,24550.0,PE,274.35,273.8,274.5,20495,4372,1439,
2026-08-21 12:13:43,24236.1,2026-08-25,24600.0,CE,5.85,5.85,5.9,516224,161421,34780,8.56
2026-08-21 12:13:43,24236.1,2026-08-25,24600.0,PE,321.35,320.0,320.65,30485,15327,716,
2026-08-21 12:13:43,24236.1,2026-08-25,24650.0,CE,4.2,4.15,4.2,260532,64544,20038,8.88
2026-08-21 12:13:43,24236.1,2026-08-25,24650.0,PE,369.6,368.35,369.45,4516,2910,112,
2026-08-21 12:13:43,24236.1,2026-08-25,24700.0,CE,3.15,3.1,3.15,307905,124477,8227,9.31
2026-08-21 12:13:43,24236.1,2026-08-25,24700.0,PE,417.95,417.35,418.6,6452,12882,-439,
2026-08-21 12:13:43,24236.1,2026-08-25,24750.0,CE,2.55,2.5,2.55,179283,48121,16416,9.81
2026-08-21 12:13:43,24236.1,2026-08-25,24750.0,PE,467.7,466.2,468.2,665,1455,-21,
2026-08-21 12:14:44,24237.85,2026-08-25,23750.0,CE,537.55,540.4,542.3,273,727,-23,17.04
2026-08-21 12:14:44,24237.85,2026-08-25,23750.0,PE,4.3,4.25,4.3,196446,47150,12297,11.49
2026-08-21 12:14:44,24237.85,2026-08-25,23800.0,CE,490.55,490.85,492.55,5573,10105,513,16.15
2026-08-21 12:14:44,24237.85,2026-08-25,23800.0,PE,4.95,4.9,4.95,361893,138010,13618,10.83
2026-08-21 12:14:44,24237.85,2026-08-25,23850.0,CE,440.65,442.0,443.9,1079,1245,110,15.31
2026-08-21 12:14:44,24237.85,2026-08-25,23850.0,PE,5.95,5.9,5.95,236640,64291,6104,10.24
2026-08-21 12:14:44,24237.85,2026-08-25,23900.0,CE,393.65,393.55,394.75,10606,5196,466,14.14
2026-08-21 12:14:44,24237.85,2026-08-25,23900.0,PE,7.4,7.4,7.45,382403,115879,12248,9.72
2026-08-21 12:14:44,24237.85,2026-08-25,23950.0,CE,346.0,346.15,347.2,7254,3621,372,13.33
2026-08-21 12:14:44,24237.85,2026-08-25,23950.0,PE,9.75,9.75,9.8,284277,65974,17365,9.28
2026-08-21 12:14:44,24237.85,2026-08-25,24000.0,CE,300.1,300.0,300.7,114992,95880,1480,12.5
2026-08-21 12:14:44,24237.85,2026-08-25,24000.0,PE,13.45,13.4,13.45,892267,285799,34293,8.92
2026-08-21 12:14:44,24237.85,2026-08-25,24050.0,CE,255.6,254.95,255.6,40494,10751,1308,11.57
2026-08-21 12:14:44,24237.85,2026-08-25,24050.0,PE,18.25,18.25,18.3,428529,77234,28672,8.52
2026-08-21 12:14:44,24237.85,2026-08-25,24100.0,CE,212.2,212.35,212.6,270968,55146,8104,10.92
2026-08-21 12:14:44,24237.85,2026-08-25,24100.0,PE,25.2,25.15,25.25,813832,168102,50834,8.17
2026-08-21 12:14:44,24237.85,2026-08-25,24150.0,CE,172.45,172.1,172.5,332149,34412,15146,10.34
2026-08-21 12:14:44,24237.85,2026-08-25,24150.0,PE,34.95,34.95,35.05,806645,134439,62869,7.86
2026-08-21 12:14:44,24237.85,2026-08-25,24200.0,CE,136.1,135.75,136.1,1653088,218852,89489,9.85
2026-08-21 12:14:44,24237.85,2026-08-25,24200.0,PE,48.45,48.45,48.55,2494989,385031,180585,7.57
2026-08-21 12:14:44,24237.85,2026-08-25,24250.0,CE,102.75,102.75,103.0,1921027,171516,107353,9.37
2026-08-21 12:14:44,24237.85,2026-08-25,24250.0,PE,66.05,66.05,66.2,2338850,246247,169670,7.25
2026-08-21 12:14:44,24237.85,2026-08-25,24300.0,CE,75.5,75.35,75.5,2383848,325097,174545,9.02
2026-08-21 12:14:44,24237.85,2026-08-25,24300.0,PE,88.45,88.45,88.7,2090901,244457,129422,6.85
2026-08-21 12:14:44,24237.85,2026-08-25,24350.0,CE,53.0,52.9,53.0,1020254,111391,64398,8.76
2026-08-21 12:14:44,24237.85,2026-08-25,24350.0,PE,116.15,116.15,116.4,713009,66702,36022,6.46
2026-08-21 12:14:44,24237.85,2026-08-25,24400.0,CE,36.05,35.95,36.05,1125676,195655,69183,8.59
2026-08-21 12:14:44,24237.85,2026-08-25,24400.0,PE,149.3,148.65,149.0,617290,80299,31678,5.84
2026-08-21 12:14:44,24237.85,2026-08-25,24450.0,CE,23.35,23.3,23.4,541467,84048,42049,8.44
2026-08-21 12:14:44,24237.85,2026-08-25,24450.0,PE,186.3,186.3,186.75,143310,19213,10495,4.18
2026-08-21 12:14:44,24237.85,2026-08-25,24500.0,CE,14.85,14.8,14.85,949119,246306,53773,8.42
2026-08-21 12:14:44,24237.85,2026-08-25,24500.0,PE,228.0,227.4,227.9,180967,67051,5466,
2026-08-21 12:14:44,24237.85,2026-08-25,24550.0,CE,9.3,9.3,9.35,486424,85926,39339,8.43
2026-08-21 12:14:44,24237.85,2026-08-25,24550.0,PE,272.25,271.8,272.6,20520,4368,1435,
2026-08-21 12:14:44,24237.85,2026-08-25,24600.0,CE,5.9,5.9,5.95,516650,161462,34821,8.56
2026-08-21 12:14:44,24237.85,2026-08-25,24600.0,PE,319.6,318.45,319.3,30512,15335,724,
2026-08-21 12:14:44,24237.85,2026-08-25,24650.0,CE,4.2,4.2,4.25,260954,64483,19977,8.88
2026-08-21 12:14:44,24237.85,2026-08-25,24650.0,PE,366.1,366.25,367.4,4518,2912,114,
2026-08-21 12:14:44,24237.85,2026-08-25,24700.0,CE,3.15,3.1,3.15,308550,124987,8737,9.31
2026-08-21 12:14:44,24237.85,2026-08-25,24700.0,PE,416.55,415.15,416.6,6462,12882,-439,
2026-08-21 12:14:44,24237.85,2026-08-25,24750.0,CE,2.55,2.5,2.55,179709,48444,16739,9.81
2026-08-21 12:14:44,24237.85,2026-08-25,24750.0,PE,467.7,464.3,465.9,665,1455,-21,
2026-08-21 12:15:44,24235.6,2026-08-25,23750.0,CE,537.55,539.6,541.45,273,727,-23,17.04
2026-08-21 12:15:44,24235.6,2026-08-25,23750.0,PE,4.3,4.25,4.3,196553,47054,12201,11.49
2026-08-21 12:15:44,24235.6,2026-08-25,23800.0,CE,491.65,490.6,492.05,5576,10102,510,16.15
2026-08-21 12:15:44,24235.6,2026-08-25,23800.0,PE,4.9,4.9,4.95,361933,138036,13644,10.83
2026-08-21 12:15:44,24235.6,2026-08-25,23850.0,CE,441.75,441.5,442.95,1082,1243,108,15.31
2026-08-21 12:15:44,24235.6,2026-08-25,23850.0,PE,5.95,5.9,5.95,237340,64266,6079,10.24
2026-08-21 12:15:44,24235.6,2026-08-25,23900.0,CE,394.35,393.25,394.2,10612,5196,466,14.14
2026-08-21 12:15:44,24235.6,2026-08-25,23900.0,PE,7.5,7.45,7.5,382543,115882,12251,9.72
2026-08-21 12:15:44,24235.6,2026-08-25,23950.0,CE,345.9,345.9,346.9,7258,3621,372,13.33
2026-08-21 12:15:44,24235.6,2026-08-25,23950.0,PE,9.8,9.8,9.85,284397,65859,17250,9.28
2026-08-21 12:15:44,24235.6,2026-08-25,24000.0,CE,300.35,299.85,300.6,115119,95860,1460,12.5
2026-08-21 12:15:44,24235.6,2026-08-25,24000.0,PE,13.5,13.45,13.5,893642,286806,35300,8.92
2026-08-21 12:15:44,24235.6,2026-08-25,24050.0,CE,255.0,254.7,255.3,40508,10756,1313,11.57
2026-08-21 12:15:44,24235.6,2026-08-25,24050.0,PE,18.3,18.3,18.35,428893,77230,28668,8.52
2026-08-21 12:15:44,24235.6,2026-08-25,24100.0,CE,212.0,211.6,212.05,271198,55273,8231,10.92
2026-08-21 12:15:44,24235.6,2026-08-25,24100.0,PE,25.3,25.3,25.4,814425,168133,50865,8.17
2026-08-21 12:15:44,24235.6,2026-08-25,24150.0,CE,172.15,171.85,172.25,332387,34554,15288,10.34
2026-08-21 12:15:44,24235.6,2026-08-25,24150.0,PE,35.15,35.1,35.2,807154,134323,62753,7.86
2026-08-21 12:15:44,24235.6,2026-08-25,24200.0,CE,135.9,135.5,135.85,1654430,219447,90084,9.85
2026-08-21 12:15:44,24235.6,2026-08-25,24200.0,PE,48.65,48.65,48.75,2498568,385390,180944,7.57
2026-08-21 12:15:44,24235.6,2026-08-25,24250.0,CE,102.6,102.6,102.75,1923148,172180,108017,9.37
2026-08-21 12:15:44,24235.6,2026-08-25,24250.0,PE,66.5,66.45,66.5,2341097,245374,168797,7.25
2026-08-21 12:15:44,24235.6,2026-08-25,24300.0,CE,75.45,75.25,75.45,2386519,326163,175611,9.02
2026-08-21 12:15:44,24235.6,2026-08-25,24300.0,PE,88.75,88.6,88.85,2093304,244140,129105,6.85
2026-08-21 12:15:44,24235.6,2026-08-25,24350.0,CE,52.9,52.85,52.95,1021090,111909,64916,8.76
2026-08-21 12:15:44,24235.6,2026-08-25,24350.0,PE,116.55,116.45,116.6,713851,66379,35699,6.46
2026-08-21 12:15:44,24235.6,2026-08-25,24400.0,CE,35.95,35.85,35.95,1126899,196506,70034,8.59
2026-08-21 12:15:44,24235.6,2026-08-25,24400.0,PE,149.55,149.2,149.55,617941,80366,31745,5.84
2026-08-21 12:15:44,24235.6,2026-08-25,24450.0,CE,23.3,23.2,23.3,541763,84186,42187,8.44
2026-08-21 12:15:44,24235.6,2026-08-25,24450.0,PE,187.15,186.8,187.2,143523,19096,10378,4.18
2026-08-21 12:15:44,24235.6,2026-08-25,24500.0,CE,14.85,14.8,14.85,949841,246764,54231,8.42
2026-08-21 12:15:44,24235.6,2026-08-25,24500.0,PE,228.8,228.0,228.5,181102,67071,5486,
2026-08-21 12:15:44,24235.6,2026-08-25,24550.0,CE,9.3,9.25,9.3,486701,85953,39366,8.43
2026-08-21 12:15:44,24235.6,2026-08-25,24550.0,PE,273.1,272.25,272.9,20584,4371,1438,
2026-08-21 12:15:44,24235.6,2026-08-25,24600.0,CE,5.9,5.9,5.95,517496,161504,34863,8.56
2026-08-21 12:15:44,24235.6,2026-08-25,24600.0,PE,319.7,318.95,319.75,30529,15334,723,
2026-08-21 12:15:44,24235.6,2026-08-25,24650.0,CE,4.25,4.2,4.25,261046,64504,19998,8.88
2026-08-21 12:15:44,24235.6,2026-08-25,24650.0,PE,367.8,366.7,367.8,4524,2908,110,
2026-08-21 12:15:44,24235.6,2026-08-25,24700.0,CE,3.15,3.1,3.15,308716,125054,8804,9.31
2026-08-21 12:15:44,24235.6,2026-08-25,24700.0,PE,417.05,415.55,416.95,6463,12874,-447,
2026-08-21 12:15:44,24235.6,2026-08-25,24750.0,CE,2.55,2.5,2.55,179792,48559,16854,9.81
2026-08-21 12:15:44,24235.6,2026-08-25,24750.0,PE,467.7,464.8,466.75,665,1455,-21,
2026-08-21 12:16:44,24230.25,2026-08-25,23750.0,CE,535.7,533.3,535.9,274,727,-23,17.04
2026-08-21 12:16:44,24230.25,2026-08-25,23750.0,PE,4.35,4.35,4.4,198339,47240,12387,11.49
2026-08-21 12:16:44,24230.25,2026-08-25,23800.0,CE,488.8,484.35,486.0,5592,10103,511,16.15
2026-08-21 12:16:44,24230.25,2026-08-25,23800.0,PE,5.05,5.05,5.1,364233,138023,13631,10.83
2026-08-21 12:16:44,24230.25,2026-08-25,23850.0,CE,436.85,435.65,437.65,1090,1243,108,15.31
2026-08-21 12:16:44,24230.25,2026-08-25,23850.0,PE,6.15,6.1,6.15,239425,64079,5892,10.24
2026-08-21 12:16:44,24230.25,2026-08-25,23900.0,CE,387.6,388.0,388.5,10672,5182,452,14.14
2026-08-21 12:16:44,24230.25,2026-08-25,23900.0,PE,7.8,7.75,7.8,385891,116261,12630,9.72
2026-08-21 12:16:44,24230.25,2026-08-25,23950.0,CE,340.2,340.2,341.15,7307,3619,370,13.33
2026-08-21 12:16:44,24230.25,2026-08-25,23950.0,PE,10.3,10.3,10.35,286678,65487,16878,9.28
2026-08-21 12:16:44,24230.25,2026-08-25,24000.0,CE,295.0,294.4,295.15,115665,95918,1518,12.5
2026-08-21 12:16:44,24230.25,2026-08-25,24000.0,PE,14.2,14.15,14.2,905203,289270,37764,8.92
2026-08-21 12:16:44,24230.25,2026-08-25,24050.0,CE,250.2,249.5,250.1,40811,10769,1326,11.57
2026-08-21 12:16:44,24230.25,2026-08-25,24050.0,PE,19.35,19.25,19.3,433876,76016,27454,8.52
2026-08-21 12:16:44,24230.25,2026-08-25,24100.0,CE,206.85,206.85,207.4,273410,55384,8342,10.92
2026-08-21 12:16:44,24230.25,2026-08-25,24100.0,PE,26.6,26.6,26.65,824697,166380,49112,8.17
2026-08-21 12:16:44,24230.25,2026-08-25,24150.0,CE,167.95,167.4,167.85,335670,35332,16066,10.34
2026-08-21 12:16:44,24230.25,2026-08-25,24150.0,PE,36.9,36.9,37.0,815833,133382,61812,7.86
2026-08-21 12:16:44,24230.25,2026-08-25,24200.0,CE,132.0,132.0,132.15,1667537,221490,92127,9.85
2026-08-21 12:16:44,24230.25,2026-08-25,24200.0,PE,51.05,51.05,51.2,2529804,381913,177467,7.57
2026-08-21 12:16:44,24230.25,2026-08-25,24250.0,CE,99.6,99.55,99.75,1939576,174031,109868,9.37
2026-08-21 12:16:44,24230.25,2026-08-25,24250.0,PE,69.5,69.3,69.45,2378981,240100,163523,7.25
2026-08-21 12:16:44,24230.25,2026-08-25,24300.0,CE,73.0,72.85,73.0,2404011,325348,174796,9.02
2026-08-21 12:16:44,24230.25,2026-08-25,24300.0,PE,92.55,92.35,92.55,2122464,242423,127388,6.85
2026-08-21 12:16:44,24230.25,2026-08-25,24350.0,CE,51.05,51.05,51.2,1029390,113063,66070,8.76
2026-08-21 12:16:44,24230.25,2026-08-25,24350.0,PE,120.7,120.75,121.05,722825,65011,34331,6.46
2026-08-21 12:16:44,24230.25,2026-08-25,24400.0,CE,34.8,34.7,34.8,1134407,196163,69691,8.59
2026-08-21 12:16:44,24230.25,2026-08-25,24400.0,PE,153.7,153.7,154.1,625200,80078,31457,5.84
2026-08-21 12:16:44,24230.25,2026-08-25,24450.0,CE,22.55,22.55,22.65,544265,84526,42527,8.44
2026-08-21 12:16:44,24230.25,2026-08-25,24450.0,PE,192.2,192.25,192.75,145427,18920,10202,4.18
2026-08-21 12:16:44,24230.25,2026-08-25,24500.0,CE,14.45,14.45,14.5,958582,247875,55342,8.42
2026-08-21 12:16:44,24230.25,2026-08-25,24500.0,PE,234.2,233.7,234.3,183634,67027,5442,
2026-08-21 12:16:44,24230.25,2026-08-25,24550.0,CE,9.1,9.1,9.15,489195,86213,39626,8.43
2026-08-21 12:16:44,24230.25,2026-08-25,24550.0,PE,278.5,278.35,279.0,20784,4285,1352,
2026-08-21 12:16:44,24230.25,2026-08-25,24600.0,CE,5.9,5.85,5.9,520424,161589,34948,8.56
2026-08-21 12:16:44,24230.25,2026-08-25,24600.0,PE,326.0,324.85,325.65,30839,15323,712,
2026-08-21 12:16:44,24230.25,2026-08-25,24650.0,CE,4.25,4.2,4.25,261895,64482,19976,8.88
2026-08-21 12:16:44,24230.25,2026-08-25,24650.0,PE,374.0,372.95,374.05,4562,2928,130,
2026-08-21 12:16:44,24230.25,2026-08-25,24700.0,CE,3.1,3.1,3.15,310697,125617,9367,9.31
2026-08-21 12:16:44,24230.25,2026-08-25,24700.0,PE,422.0,421.9,423.2,6492,12872,-449,
2026-08-21 12:16:44,24230.25,2026-08-25,24750.0,CE,2.55,2.5,2.55,180691,49094,17389,9.81
2026-08-21 12:16:44,24230.25,2026-08-25,24750.0,PE,470.6,470.8,473.1,667,1457,-19,
2026-08-21 12:17:44,24230.4,2026-08-25,23750.0,CE,535.7,532.8,534.6,274,727,-23,17.04
2026-08-21 12:17:44,24230.4,2026-08-25,23750.0,PE,4.4,4.35,4.4,199594,47240,12387,11.49
2026-08-21 12:17:44,24230.4,2026-08-25,23800.0,CE,483.55,483.05,484.65,5626,10101,509,16.15
2026-08-21 12:17:44,24230.4,2026-08-25,23800.0,PE,5.05,5.05,5.1,365643,138023,13631,10.83
2026-08-21 12:17:44,24230.4,2026-08-25,23850.0,CE,435.0,434.55,436.2,1092,1243,108,15.31
2026-08-21 12:17:44,24230.4,2026-08-25,23850.0,PE,6.2,6.15,6.2,240138,64079,5892,10.24
2026-08-21 12:17:44,24230.4,2026-08-25,23900.0,CE,386.2,386.25,387.35,10721,5182,452,14.14
2026-08-21 12:17:44,24230.4,2026-08-25,23900.0,PE,7.85,7.85,7.9,388407,116261,12630,9.72
2026-08-21 12:17:44,24230.4,2026-08-25,23950.0,CE,340.45,339.0,340.05,7339,3617,368,13.33
2026-08-21 12:17:44,24230.4,2026-08-25,23950.0,PE,10.4,10.35,10.45,287717,65487,16878,9.28
2026-08-21 12:17:44,24230.4,2026-08-25,24000.0,CE,293.05,293.05,293.85,116157,95918,1518,12.5
2026-08-21 12:17:44,24230.4,2026-08-25,24000.0,PE,14.4,14.35,14.4,910852,289270,37764,8.92
2026-08-21 12:17:44,24230.4,2026-08-25,24050.0,CE,248.6,248.25,248.75,41040,10769,1326,11.57
2026-08-21 12:17:44,24230.4,2026-08-25,24050.0,PE,19.55,19.5,19.6,436596,76016,27454,8.52
2026-08-21 12:17:44,24230.4,2026-08-25,24100.0,CE,205.85,205.7,206.15,274589,55384,8342,10.92
2026-08-21 12:17:44,24230.4,2026-08-25,24100.0,PE,27.0,27.0,27.05,829466,166380,49112,8.17
2026-08-21 12:17:44,24230.4,2026-08-25,24150.0,CE,166.55,166.4,166.8,337543,35332,16066,10.34
2026-08-21 12:17:44,24230.4,2026-08-25,24150.0,PE,37.3,37.35,37.45,821664,133382,61812,7.86
2026-08-21 12:17:44,24230.4,2026-08-25,24200.0,CE,131.05,131.05,131.25,1675971,221490,92127,9.85
2026-08-21 12:17:44,24230.4,2026-08-25,24200.0,PE,51.6,51.6,51.7,2548973,381913,177467,7.57
2026-08-21 12:17:44,24230.4,2026-08-25,24250.0,CE,98.8,99.0,99.05,1951541,174031,109868,9.37
2026-08-21 12:17:44,24230.4,2026-08-25,24250.0,PE,70.15,70.0,70.15,2402176,240100,163523,7.25
2026-08-21 12:17:44,24230.4,2026-08-25,24300.0,CE,72.2,72.2,72.3,2416594,325348,174796,9.02
2026-08-21 12:17:44,24230.4,2026-08-25,24300.0,PE,93.25,93.05,93.3,2139029,242423,127388,6.85
2026-08-21 12:17:44,24230.4,2026-08-25,24350.0,CE,50.45,50.45,50.55,1034790,113063,66070,8.76
2026-08-21 12:17:44,24230.4,2026-08-25,24350.0,PE,121.6,121.6,121.9,728073,65011,34331,6.46
2026-08-21 12:17:44,24230.4,2026-08-25,24400.0,CE,34.2,34.2,34.3,1139207,196163,69691,8.59
2026-08-21 12:17:44,24230.4,2026-08-25,24400.0,PE,155.0,155.1,155.5,630579,80078,31457,5.84
2026-08-21 12:17:44,24230.4,2026-08-25,24450.0,CE,22.25,22.2,22.25,546621,84526,42527,8.44
2026-08-21 12:17:44,24230.4,2026-08-25,24450.0,PE,193.15,193.35,193.8,146643,18920,10202,4.18
2026-08-21 12:17:44,24230.4,2026-08-25,24500.0,CE,14.2,14.2,14.25,963060,247875,55342,8.42
2026-08-21 12:17:44,24230.4,2026-08-25,24500.0,PE,234.85,234.7,234.85,184960,67027,5442,
2026-08-21 12:17:44,24230.4,2026-08-25,24550.0,CE,8.9,8.9,8.95,491033,86213,39626,8.43
2026-08-21 12:17:44,24230.4,2026-08-25,24550.0,PE,279.5,279.5,280.25,20988,4285,1352,
2026-08-21 12:17:44,24230.4,2026-08-25,24600.0,CE,5.75,5.75,5.8,522727,161589,34948,8.56
2026-08-21 12:17:44,24230.4,2026-08-25,24600.0,PE,326.6,326.05,326.9,30995,15323,712,
2026-08-21 12:17:44,24230.4,2026-08-25,24650.0,CE,4.15,4.15,4.2,262509,64482,19976,8.88
2026-08-21 12:17:44,24230.4,2026-08-25,24650.0,PE,373.5,374.1,375.3,4581,2928,130,
2026-08-21 12:17:44,24230.4,2026-08-25,24700.0,CE,3.15,3.1,3.15,311029,125617,9367,9.31
2026-08-21 12:17:44,24230.4,2026-08-25,24700.0,PE,423.45,423.05,424.15,6560,12872,-449,
2026-08-21 12:17:44,24230.4,2026-08-25,24750.0,CE,2.55,2.5,2.55,181310,49094,17389,9.81
2026-08-21 12:17:44,24230.4,2026-08-25,24750.0,PE,472.35,472.1,474.35,668,1457,-19,
2026-08-21 12:18:44,24235.45,2026-08-25,23750.0,CE,536.0,536.25,538.5,276,728,-22,17.04
2026-08-21 12:18:44,24235.45,2026-08-25,23750.0,PE,4.25,4.25,4.3,200384,47068,12215,11.49
2026-08-21 12:18:44,24235.45,2026-08-25,23800.0,CE,485.0,486.8,488.45,5636,10115,523,16.15
2026-08-21 12:18:44,24235.45,2026-08-25,23800.0,PE,4.95,4.9,4.95,366409,137690,13298,10.83
2026-08-21 12:18:44,24235.45,2026-08-25,23850.0,CE,436.05,438.55,439.95,1094,1245,110,15.31
2026-08-21 12:18:44,24235.45,2026-08-25,23850.0,PE,6.05,6.0,6.05,240726,64091,5904,10.24
2026-08-21 12:18:44,24235.45,2026-08-25,23900.0,CE,389.1,389.8,390.85,10753,5178,448,14.14
2026-08-21 12:18:44,24235.45,2026-08-25,23900.0,PE,7.65,7.6,7.65,389494,116408,12777,9.72
2026-08-21 12:18:44,24235.45,2026-08-25,23950.0,CE,342.25,342.4,343.4,7357,3617,368,13.33
2026-08-21 12:18:44,24235.45,2026-08-25,23950.0,PE,10.1,10.05,10.1,289101,65584,16975,9.28
2026-08-21 12:18:44,24235.45,2026-08-25,24000.0,CE,297.0,296.35,296.95,116351,95933,1533,12.5
2026-08-21 12:18:44,24235.45,2026-08-25,24000.0,PE,13.85,13.8,13.85,915232,290444,38938,8.92
2026-08-21 12:18:44,24235.45,2026-08-25,24050.0,CE,252.2,251.55,252.05,41152,10846,1403,11.57
2026-08-21 12:18:44,24235.45,2026-08-25,24050.0,PE,18.9,18.85,18.9,439275,75609,27047,8.52
2026-08-21 12:18:44,24235.45,2026-08-25,24100.0,CE,209.4,208.9,209.4,275552,55457,8415,10.92
2026-08-21 12:18:44,24235.45,2026-08-25,24100.0,PE,26.0,26.0,26.05,834969,165718,48450,8.17
2026-08-21 12:18:44,24235.45,2026-08-25,24150.0,CE,169.6,169.2,169.6,338707,35382,16116,10.34
2026-08-21 12:18:44,24235.45,2026-08-25,24150.0,PE,36.2,36.05,36.2,826955,133233,61663,7.86
2026-08-21 12:18:44,24235.45,2026-08-25,24200.0,CE,133.6,133.2,133.45,1681405,222492,93129,9.85
2026-08-21 12:18:44,24235.45,2026-08-25,24200.0,PE,50.1,50.0,50.05,2565996,379930,175484,7.57
2026-08-21 12:18:44,24235.45,2026-08-25,24250.0,CE,100.75,100.55,100.75,1958415,175232,111069,9.37
2026-08-21 12:18:44,24235.45,2026-08-25,24250.0,PE,67.95,67.95,68.1,2417604,236104,159527,7.25
2026-08-21 12:18:44,24235.45,2026-08-25,24300.0,CE,73.55,73.55,73.7,2424370,325821,175269,9.02
2026-08-21 12:18:44,24235.45,2026-08-25,24300.0,PE,90.7,90.7,90.85,2151298,241267,126232,6.85
2026-08-21 12:18:44,24235.45,2026-08-25,24350.0,CE,51.7,51.6,51.7,1037636,113603,66610,8.76
2026-08-21 12:18:44,24235.45,2026-08-25,24350.0,PE,118.75,118.85,119.15,731671,64411,33731,6.46
2026-08-21 12:18:44,24235.45,2026-08-25,24400.0,CE,35.05,35.0,35.1,1142310,195747,69275,8.59
2026-08-21 12:18:44,24235.45,2026-08-25,24400.0,PE,152.0,152.0,152.3,633345,78934,30313,5.84
2026-08-21 12:18:44,24235.45,2026-08-25,24450.0,CE,22.85,22.8,22.85,548509,84654,42655,8.44
2026-08-21 12:18:44,24235.45,2026-08-25,24450.0,PE,190.0,190.0,190.35,147110,18909,10191,4.18
2026-08-21 12:18:44,24235.45,2026-08-25,24500.0,CE,14.55,14.5,14.6,966570,247422,54889,8.42
2026-08-21 12:18:44,24235.45,2026-08-25,24500.0,PE,231.3,231.15,231.65,185794,66630,5045,
2026-08-21 12:18:44,24235.45,2026-08-25,24550.0,CE,9.1,9.1,9.15,492976,86236,39649,8.43
2026-08-21 12:18:44,24235.45,2026-08-25,24550.0,PE,276.5,276.0,276.55,21078,4242,1309,
2026-08-21 12:18:44,24235.45,2026-08-25,24600.0,CE,5.85,5.85,5.9,523845,161753,35112,8.56
2026-08-21 12:18:44,24235.45,2026-08-25,24600.0,PE,323.05,322.55,323.3,31116,15313,702,
2026-08-21 12:18:44,24235.45,2026-08-25,24650.0,CE,4.2,4.15,4.2,262814,64700,20194,8.88
2026-08-21 12:18:44,24235.45,2026-08-25,24650.0,PE,372.45,370.4,371.55,4605,2939,141,
2026-08-21 12:18:44,24235.45,2026-08-25,24700.0,CE,3.15,3.1,3.15,311475,125605,9355,9.31
2026-08-21 12:18:44,24235.45,2026-08-25,24700.0,PE,422.25,419.3,420.65,6603,12841,-480,
2026-08-21 12:18:44,24235.45,2026-08-25,24750.0,CE,2.55,2.5,2.55,181525,49271,17566,9.81
2026-08-21 12:18:44,24235.45,2026-08-25,24750.0,PE,470.0,468.35,470.15,674,1458,-18,
2026-08-21 12:19:44,24238.85,2026-08-25,23750.0,CE,536.0,537.6,539.95,276,728,-22,17.04
2026-08-21 12:19:44,24238.85,2026-08-25,23750.0,PE,4.2,4.2,4.25,200611,47114,12261,11.49
2026-08-21 12:19:44,24238.85,2026-08-25,23800.0,CE,489.65,488.45,490.1,5647,10115,523,16.15
2026-08-21 12:19:44,24238.85,2026-08-25,23800.0,PE,4.85,4.85,4.9,366679,137615,13223,10.83
2026-08-21 12:19:44,24238.85,2026-08-25,23850.0,CE,438.25,440.1,441.0,1095,1245,110,15.31
2026-08-21 12:19:44,24238.85,2026-08-25,23850.0,PE,5.9,5.9,5.95,240897,64085,5898,10.24
2026-08-21 12:19:44,24238.85,2026-08-25,23900.0,CE,392.15,391.05,392.15,10782,5179,449,14.14
2026-08-21 12:19:44,24238.85,2026-08-25,23900.0,PE,7.5,7.45,7.5,390063,116798,13167,9.72
2026-08-21 12:19:44,24238.85,2026-08-25,23950.0,CE,344.4,343.95,345.0,7364,3622,373,13.33
2026-08-21 12:19:44,24238.85,2026-08-25,23950.0,PE,9.85,9.8,9.85,289556,65702,17093,9.28
2026-08-21 12:19:44,24238.85,2026-08-25,24000.0,CE,298.2,298.05,298.85,116572,95970,1570,12.5
2026-08-21 12:19:44,24238.85,2026-08-25,24000.0,PE,13.55,13.5,13.55,918814,290330,38824,8.92
2026-08-21 12:19:44,24238.85,2026-08-25,24050.0,CE,252.8,252.8,253.45,41229,10858,1415,11.57
2026-08-21 12:19:44,24238.85,2026-08-25,24050.0,PE,18.55,18.5,18.55,440459,75901,27339,8.52
2026-08-21 12:19:44,24238.85,2026-08-25,24100.0,CE,210.6,210.05,210.55,276141,55675,8633,10.92
2026-08-21 12:19:44,24238.85,2026-08-25,24100.0,PE,25.55,25.5,25.6,837755,166191,48923,8.17
2026-08-21 12:19:44,24238.85,2026-08-25,24150.0,CE,170.8,170.35,170.75,339728,35651,16385,10.34
2026-08-21 12:19:44,24238.85,2026-08-25,24150.0,PE,35.5,35.4,35.5,829909,133246,61676,7.86
2026-08-21 12:19:44,24238.85,2026-08-25,24200.0,CE,134.5,134.35,134.6,1685679,223923,94560,9.85
2026-08-21 12:19:44,24238.85,2026-08-25,24200.0,PE,49.15,49.15,49.2,2573564,382715,178269,7.57
2026-08-21 12:19:44,24238.85,2026-08-25,24250.0,CE,101.5,101.65,101.75,1964071,176030,111867,9.37
2026-08-21 12:19:44,24238.85,2026-08-25,24250.0,PE,67.15,67.0,67.15,2425160,234701,158124,7.25
2026-08-21 12:19:44,24238.85,2026-08-25,24300.0,CE,74.3,74.3,74.4,2429510,326360,175808,9.02
2026-08-21 12:19:44,24238.85,2026-08-25,24300.0,PE,89.85,89.65,89.85,2157778,240093,125058,6.85
2026-08-21 12:19:44,24238.85,2026-08-25,24350.0,CE,52.3,52.2,52.3,1040761,114635,67642,8.76
2026-08-21 12:19:44,24238.85,2026-08-25,24350.0,PE,117.9,117.6,117.85,734560,63530,32850,6.46
2026-08-21 12:19:44,24238.85,2026-08-25,24400.0,CE,35.5,35.45,35.5,1144461,195701,69229,8.59
2026-08-21 12:19:44,24238.85,2026-08-25,24400.0,PE,151.0,150.85,151.2,634741,78277,29656,5.84
2026-08-21 12:19:44,24238.85,2026-08-25,24450.0,CE,23.1,23.05,23.1,549356,84871,42872,8.44
2026-08-21 12:19:44,24238.85,2026-08-25,24450.0,PE,188.65,188.6,189.05,147470,18867,10149,4.18
2026-08-21 12:19:44,24238.85,2026-08-25,24500.0,CE,14.8,14.7,14.8,967734,247109,54576,8.42
2026-08-21 12:19:44,24238.85,2026-08-25,24500.0,PE,229.4,229.5,230.05,186410,66602,5017,
2026-08-21 12:19:44,24238.85,2026-08-25,24550.0,CE,9.25,9.2,9.25,493545,86252,39665,8.43
2026-08-21 12:19:44,24238.85,2026-08-25,24550.0,PE,275.0,273.95,274.7,21116,4213,1280,
2026-08-21 12:19:44,24238.85,2026-08-25,24600.0,CE,5.9,5.9,5.95,524768,161718,35077,8.56
2026-08-21 12:19:44,24238.85,2026-08-25,24600.0,PE,320.45,320.6,321.4,31190,15352,741,
2026-08-21 12:19:44,24238.85,2026-08-25,24650.0,CE,4.25,4.2,4.25,263238,64499,19993,8.88
2026-08-21 12:19:44,24238.85,2026-08-25,24650.0,PE,370.5,368.6,369.75,4610,2949,151,
2026-08-21 12:19:44,24238.85,2026-08-25,24700.0,CE,3.15,3.1,3.15,311694,125698,9448,9.31
2026-08-21 12:19:44,24238.85,2026-08-25,24700.0,PE,417.75,417.15,418.75,6624,12824,-497,
2026-08-21 12:19:44,24238.85,2026-08-25,24750.0,CE,2.55,2.5,2.55,181793,49249,17544,9.81
2026-08-21 12:19:44,24238.85,2026-08-25,24750.0,PE,467.3,466.5,468.25,679,1458,-18,
