timestamp,nifty_spot,expiry,strike,option_type,ltp,bid,ask,volume,oi,oi_change,iv
2026-09-17 14:15:25,23277.25,2026-09-22,22800.0,CE,502.3,502.45,503.8,10757,2121,347,
2026-09-17 14:15:25,23277.25,2026-09-22,22800.0,PE,16.35,16.3,16.4,651271,85598,7479,14.29
2026-09-17 14:15:25,23277.25,2026-09-22,22850.0,CE,454.15,455.75,457.45,2088,907,94,6.59
2026-09-17 14:15:25,23277.25,2026-09-22,22850.0,PE,19.9,19.85,19.95,379899,28031,8545,13.96
2026-09-17 14:15:25,23277.25,2026-09-22,22900.0,CE,410.0,410.15,411.45,14785,2179,371,8.84
2026-09-17 14:15:25,23277.25,2026-09-22,22900.0,PE,24.25,24.25,24.35,766822,57484,2473,13.65
2026-09-17 14:15:25,23277.25,2026-09-22,22950.0,CE,366.75,366.1,367.1,7966,1279,508,8.74
2026-09-17 14:15:25,23277.25,2026-09-22,22950.0,PE,29.85,29.85,29.95,545023,33571,10315,13.33
2026-09-17 14:15:25,23277.25,2026-09-22,23000.0,CE,323.5,323.2,323.85,120470,14021,3093,9.54
2026-09-17 14:15:25,23277.25,2026-09-22,23000.0,PE,37.25,37.1,37.25,1419863,146134,21019,13.1
2026-09-17 14:15:25,23277.25,2026-09-22,23050.0,CE,282.2,281.95,282.75,46209,4287,1770,10.09
2026-09-17 14:15:25,23277.25,2026-09-22,23050.0,PE,45.5,45.5,45.65,600955,37650,6143,12.83
2026-09-17 14:15:25,23277.25,2026-09-22,23100.0,CE,243.55,243.05,243.55,273719,17502,2657,9.94
2026-09-17 14:15:25,23277.25,2026-09-22,23100.0,PE,56.35,56.2,56.35,1206240,90819,25510,12.59
2026-09-17 14:15:25,23277.25,2026-09-22,23150.0,CE,205.7,205.75,206.25,297903,12643,2169,9.98
2026-09-17 14:15:25,23277.25,2026-09-22,23150.0,PE,69.2,69.2,69.3,854850,53098,14170,12.38
2026-09-17 14:15:25,23277.25,2026-09-22,23200.0,CE,171.8,171.65,172.0,1398676,71263,4928,9.95
2026-09-17 14:15:25,23277.25,2026-09-22,23200.0,PE,84.85,84.75,84.9,2450904,156067,41188,12.19
2026-09-17 14:15:25,23277.25,2026-09-22,23250.0,CE,140.0,140.0,140.3,1633778,68820,27269,9.9
2026-09-17 14:15:25,23277.25,2026-09-22,23250.0,PE,103.75,103.6,103.85,1881151,93321,42836,12.1
2026-09-17 14:15:25,23277.25,2026-09-22,23300.0,CE,112.85,112.55,112.85,2730006,140623,73080,9.92
2026-09-17 14:15:25,23277.25,2026-09-22,23300.0,PE,126.0,125.75,126.0,2511587,114088,64878,12.0
2026-09-17 14:15:25,23277.25,2026-09-22,23350.0,CE,88.75,88.55,88.75,1501490,71549,45016,9.85
2026-09-17 14:15:25,23277.25,2026-09-22,23350.0,PE,151.6,151.55,151.9,895646,29522,17725,12.0
2026-09-17 14:15:25,23277.25,2026-09-22,23400.0,CE,68.3,68.3,68.4,1793115,132477,45724,9.81
2026-09-17 14:15:25,23277.25,2026-09-22,23400.0,PE,181.85,181.4,181.85,743215,52053,6052,12.07
2026-09-17 14:15:25,23277.25,2026-09-22,23450.0,CE,51.65,51.65,51.8,840650,47362,12857,9.83
2026-09-17 14:15:25,23277.25,2026-09-22,23450.0,PE,214.5,214.5,214.95,176835,10639,1894,12.15
2026-09-17 14:15:25,23277.25,2026-09-22,23500.0,CE,38.35,38.25,38.4,1684204,132716,16807,9.82
2026-09-17 14:15:25,23277.25,2026-09-22,23500.0,PE,251.0,250.3,251.0,282278,36798,1156,12.38
2026-09-17 14:15:25,23277.25,2026-09-22,23550.0,CE,27.95,27.9,28.0,777506,52200,19820,9.8
2026-09-17 14:15:25,23277.25,2026-09-22,23550.0,PE,290.55,289.75,290.55,45038,4100,1854,12.4
2026-09-17 14:15:25,23277.25,2026-09-22,23600.0,CE,20.1,20.0,20.05,1148931,95239,20039,9.84
2026-09-17 14:15:25,23277.25,2026-09-22,23600.0,PE,332.6,332.35,333.3,58384,11539,-4197,13.03
2026-09-17 14:15:25,23277.25,2026-09-22,23650.0,CE,14.5,14.45,14.5,648382,46613,17639,9.97
2026-09-17 14:15:25,23277.25,2026-09-22,23650.0,PE,376.25,376.6,377.55,8352,3443,534,13.59
2026-09-17 14:15:25,23277.25,2026-09-22,23700.0,CE,10.3,10.25,10.35,850496,112729,29227,10.07
2026-09-17 14:15:25,23277.25,2026-09-22,23700.0,PE,422.6,422.75,424.1,18982,10887,-1321,14.0
2026-09-17 14:15:25,23277.25,2026-09-22,23750.0,CE,7.5,7.5,7.6,498323,52282,19457,10.25
2026-09-17 14:15:25,23277.25,2026-09-22,23750.0,PE,474.1,468.85,471.2,3803,1668,23,14.72
2026-09-17 14:15:25,23277.25,2026-09-22,23800.0,CE,5.6,5.6,5.7,763841,118613,21824,10.52
2026-09-17 14:15:25,23277.25,2026-09-22,23800.0,PE,516.85,517.45,519.15,8688,7759,-215,15.32
2026-09-17 14:16:25,23275.1,2026-09-22,22800.0,CE,501.7,500.95,502.35,10758,2121,347,
2026-09-17 14:16:25,23275.1,2026-09-22,22800.0,PE,16.4,16.35,16.4,651726,85598,7479,14.29
2026-09-17 14:16:25,23275.1,2026-09-22,22850.0,CE,454.15,453.95,455.5,2088,907,94,6.59
2026-09-17 14:16:25,23275.1,2026-09-22,22850.0,PE,19.95,19.95,20.05,380855,28031,8545,13.96
2026-09-17 14:16:25,23275.1,2026-09-22,22900.0,CE,411.15,408.25,409.45,14787,2188,380,8.84
2026-09-17 14:16:25,23275.1,2026-09-22,22900.0,PE,24.45,24.4,24.5,767343,57484,2473,13.65
2026-09-17 14:16:25,23275.1,2026-09-22,22950.0,CE,366.0,364.8,365.8,7967,1280,509,8.74
2026-09-17 14:16:25,23275.1,2026-09-22,22950.0,PE,30.1,29.95,30.05,545586,33652,10396,13.33
2026-09-17 14:16:25,23275.1,2026-09-22,23000.0,CE,321.0,321.4,322.3,120536,14024,3096,9.54
2026-09-17 14:16:25,23275.1,2026-09-22,23000.0,PE,37.6,37.4,37.5,1420680,146385,21270,13.1
2026-09-17 14:16:25,23275.1,2026-09-22,23050.0,CE,278.7,280.55,281.2,46280,4295,1778,10.09
2026-09-17 14:16:25,23275.1,2026-09-22,23050.0,PE,45.95,45.8,45.95,601417,37641,6134,12.83
2026-09-17 14:16:25,23275.1,2026-09-22,23100.0,CE,241.85,241.85,242.4,273963,17502,2657,9.94
2026-09-17 14:16:25,23275.1,2026-09-22,23100.0,PE,56.5,56.45,56.55,1207074,90819,25510,12.59
2026-09-17 14:16:25,23275.1,2026-09-22,23150.0,CE,204.55,204.7,205.2,298088,12643,2169,9.98
2026-09-17 14:16:25,23275.1,2026-09-22,23150.0,PE,69.85,69.5,69.7,855505,53098,14170,12.38
2026-09-17 14:16:25,23275.1,2026-09-22,23200.0,CE,170.6,170.4,170.8,1399613,71263,4928,9.95
2026-09-17 14:16:25,23275.1,2026-09-22,23200.0,PE,85.25,85.2,85.45,2452406,156067,41188,12.19
2026-09-17 14:16:25,23275.1,2026-09-22,23250.0,CE,139.3,138.85,139.15,1635647,68820,27269,9.9
2026-09-17 14:16:25,23275.1,2026-09-22,23250.0,PE,104.8,104.6,104.8,1882788,93321,42836,12.1
2026-09-17 14:16:25,23275.1,2026-09-22,23300.0,CE,112.0,111.7,112.0,2732971,140309,72766,9.92
2026-09-17 14:16:25,23275.1,2026-09-22,23300.0,PE,126.7,126.5,126.7,2513704,113800,64590,12.0
2026-09-17 14:16:25,23275.1,2026-09-22,23350.0,CE,87.7,87.65,87.85,1503179,71043,44510,9.85
2026-09-17 14:16:25,23275.1,2026-09-22,23350.0,PE,153.0,152.65,152.95,896236,29399,17602,12.0
2026-09-17 14:16:25,23275.1,2026-09-22,23400.0,CE,67.65,67.55,67.75,1794946,132271,45518,9.81
2026-09-17 14:16:25,23275.1,2026-09-22,23400.0,PE,182.6,182.35,182.75,743772,51975,5974,12.07
2026-09-17 14:16:25,23275.1,2026-09-22,23450.0,CE,51.1,51.15,51.35,841504,47362,12857,9.83
2026-09-17 14:16:25,23275.1,2026-09-22,23450.0,PE,215.95,215.35,215.95,176977,10639,1894,12.15
2026-09-17 14:16:25,23275.1,2026-09-22,23500.0,CE,37.95,37.95,38.0,1686142,132716,16807,9.82
2026-09-17 14:16:25,23275.1,2026-09-22,23500.0,PE,252.0,251.3,252.1,282452,36798,1156,12.38
2026-09-17 14:16:25,23275.1,2026-09-22,23550.0,CE,27.7,27.55,27.65,778262,52200,19820,9.8
2026-09-17 14:16:25,23275.1,2026-09-22,23550.0,PE,294.35,291.25,292.1,45112,4106,1860,12.4
2026-09-17 14:16:25,23275.1,2026-09-22,23600.0,CE,19.7,19.65,19.75,1149535,94819,19619,9.84
2026-09-17 14:16:25,23275.1,2026-09-22,23600.0,PE,336.1,333.75,334.75,58431,11534,-4202,13.03
2026-09-17 14:16:25,23275.1,2026-09-22,23650.0,CE,14.2,14.25,14.35,649003,46094,17120,9.97
2026-09-17 14:16:25,23275.1,2026-09-22,23650.0,PE,380.15,378.1,379.15,8354,3443,534,13.59
2026-09-17 14:16:25,23275.1,2026-09-22,23700.0,CE,10.15,10.15,10.2,851754,112612,29110,10.07
2026-09-17 14:16:25,23275.1,2026-09-22,23700.0,PE,425.0,424.25,425.35,18991,10890,-1318,14.0
2026-09-17 14:16:25,23275.1,2026-09-22,23750.0,CE,7.35,7.35,7.4,498534,52241,19416,10.25
2026-09-17 14:16:25,23275.1,2026-09-22,23750.0,PE,471.3,470.7,473.4,3805,1669,24,14.72
2026-09-17 14:16:25,23275.1,2026-09-22,23800.0,CE,5.55,5.55,5.6,764740,118613,21824,10.52
2026-09-17 14:16:25,23275.1,2026-09-22,23800.0,PE,524.0,520.0,520.55,8690,7759,-215,15.32
2026-09-17 14:17:26,23270.7,2026-09-22,22750.0,CE,546.3,546.5,547.85,765,510,100,
2026-09-17 14:17:26,23270.7,2026-09-22,22750.0,PE,13.6,13.55,13.6,325184,32414,17230,14.62
2026-09-17 14:17:26,23270.7,2026-09-22,22800.0,CE,501.7,499.55,500.9,10758,2121,347,
2026-09-17 14:17:26,23270.7,2026-09-22,22800.0,PE,16.55,16.5,16.55,652126,85590,7471,14.29
2026-09-17 14:17:26,23270.7,2026-09-22,22850.0,CE,453.25,452.8,454.3,2093,905,92,6.59
2026-09-17 14:17:26,23270.7,2026-09-22,22850.0,PE,20.25,20.15,20.2,381160,26783,7297,13.96
2026-09-17 14:17:26,23270.7,2026-09-22,22900.0,CE,408.0,407.85,408.8,14803,2190,382,8.84
2026-09-17 14:17:26,23270.7,2026-09-22,22900.0,PE,24.65,24.6,24.65,767750,57363,2352,13.65
2026-09-17 14:17:26,23270.7,2026-09-22,22950.0,CE,363.55,363.45,364.45,7970,1278,507,8.74
2026-09-17 14:17:26,23270.7,2026-09-22,22950.0,PE,30.3,30.3,30.4,545997,33474,10218,13.33
2026-09-17 14:17:26,23270.7,2026-09-22,23000.0,CE,320.65,320.5,321.3,120569,14014,3086,9.54
2026-09-17 14:17:26,23270.7,2026-09-22,23000.0,PE,37.75,37.65,37.8,1421403,146284,21169,13.1
2026-09-17 14:17:26,23270.7,2026-09-22,23050.0,CE,280.7,279.45,280.2,46320,4306,1789,10.09
2026-09-17 14:17:26,23270.7,2026-09-22,23050.0,PE,46.35,46.25,46.4,601730,37552,6045,12.83
2026-09-17 14:17:26,23270.7,2026-09-22,23100.0,CE,240.45,241.05,241.6,274065,17402,2557,9.94
2026-09-17 14:17:26,23270.7,2026-09-22,23100.0,PE,57.0,56.95,57.05,1207743,90561,25252,12.59
2026-09-17 14:17:26,23270.7,2026-09-22,23150.0,CE,204.6,203.5,204.0,298206,12717,2243,9.98
2026-09-17 14:17:26,23270.7,2026-09-22,23150.0,PE,70.1,70.2,70.3,856008,52789,13861,12.38
2026-09-17 14:17:26,23270.7,2026-09-22,23200.0,CE,170.15,169.6,170.05,1399974,71154,4819,9.95
2026-09-17 14:17:26,23270.7,2026-09-22,23200.0,PE,85.9,86.0,86.2,2453703,155725,40846,12.19
2026-09-17 14:17:26,23270.7,2026-09-22,23250.0,CE,138.5,138.25,138.5,1636301,68210,26659,9.9
2026-09-17 14:17:26,23270.7,2026-09-22,23250.0,PE,105.35,105.15,105.4,1883872,93452,42967,12.1
2026-09-17 14:17:26,23270.7,2026-09-22,23300.0,CE,111.05,111.0,111.1,2734615,140860,73317,9.92
2026-09-17 14:17:26,23270.7,2026-09-22,23300.0,PE,127.7,127.5,127.85,2515332,114164,64954,12.0
2026-09-17 14:17:26,23270.7,2026-09-22,23350.0,CE,87.25,87.35,87.45,1503987,71361,44828,9.85
2026-09-17 14:17:26,23270.7,2026-09-22,23350.0,PE,153.85,153.75,153.85,896619,29291,17494,12.0
2026-09-17 14:17:26,23270.7,2026-09-22,23400.0,CE,67.3,67.2,67.35,1795820,132383,45630,9.81
2026-09-17 14:17:26,23270.7,2026-09-22,23400.0,PE,183.9,183.55,183.95,744101,52104,6103,12.07
2026-09-17 14:17:26,23270.7,2026-09-22,23450.0,CE,51.1,50.9,51.05,841970,47577,13072,9.83
2026-09-17 14:17:26,23270.7,2026-09-22,23450.0,PE,216.95,216.4,217.0,177095,10561,1816,12.15
2026-09-17 14:17:26,23270.7,2026-09-22,23500.0,CE,37.75,37.7,37.75,1687058,133941,18032,9.82
2026-09-17 14:17:26,23270.7,2026-09-22,23500.0,PE,253.25,253.35,253.65,282660,36829,1187,12.38
2026-09-17 14:17:26,23270.7,2026-09-22,23550.0,CE,27.6,27.45,27.55,780290,53686,21306,9.8
2026-09-17 14:17:26,23270.7,2026-09-22,23550.0,PE,293.25,292.8,293.65,45176,4101,1855,12.4
2026-09-17 14:17:26,23270.7,2026-09-22,23600.0,CE,19.75,19.7,19.75,1150235,94867,19667,9.84
2026-09-17 14:17:26,23270.7,2026-09-22,23600.0,PE,336.15,335.05,336.05,58449,11527,-4209,13.03
2026-09-17 14:17:26,23270.7,2026-09-22,23650.0,CE,14.2,14.25,14.3,649476,46146,17172,9.97
2026-09-17 14:17:26,23270.7,2026-09-22,23650.0,PE,380.75,379.85,380.85,8365,3439,530,13.59
2026-09-17 14:17:26,23270.7,2026-09-22,23700.0,CE,10.2,10.15,10.25,852252,112519,29017,10.07
2026-09-17 14:17:26,23270.7,2026-09-22,23700.0,PE,426.65,425.0,426.2,18993,10892,-1316,14.0
2026-09-17 14:17:26,23270.7,2026-09-22,23750.0,CE,7.5,7.45,7.5,498830,52229,19404,10.25
2026-09-17 14:17:26,23270.7,2026-09-22,23750.0,PE,471.3,472.15,474.1,3805,1669,24,14.72
2026-09-17 14:18:26,23274.2,2026-09-22,22750.0,CE,546.3,541.35,543.75,765,510,100,
2026-09-17 14:18:26,23274.2,2026-09-22,22750.0,PE,14.0,14.0,14.05,326781,32414,17230,14.62
2026-09-17 14:18:26,23274.2,2026-09-22,22800.0,CE,494.25,495.4,497.1,10785,2121,347,
2026-09-17 14:18:26,23274.2,2026-09-22,22800.0,PE,16.95,16.85,16.95,653923,85528,7409,14.29
2026-09-17 14:18:26,23274.2,2026-09-22,22850.0,CE,453.25,448.5,450.0,2093,905,92,6.59
2026-09-17 14:18:26,23274.2,2026-09-22,22850.0,PE,20.8,20.65,20.8,382242,26783,7297,13.96
2026-09-17 14:18:26,23274.2,2026-09-22,22900.0,CE,402.65,403.25,404.55,14821,2186,378,8.84
2026-09-17 14:18:26,23274.2,2026-09-22,22900.0,PE,25.35,25.25,25.35,769568,57390,2379,13.65
2026-09-17 14:18:26,23274.2,2026-09-22,22950.0,CE,359.2,359.15,360.2,7999,1277,506,8.74
2026-09-17 14:18:26,23274.2,2026-09-22,22950.0,PE,31.05,31.1,31.25,546897,33511,10255,13.33
2026-09-17 14:18:26,23274.2,2026-09-22,23000.0,CE,317.45,317.15,318.05,120946,14019,3091,9.54
2026-09-17 14:18:26,23274.2,2026-09-22,23000.0,PE,38.8,38.55,38.65,1425097,146342,21227,13.1
2026-09-17 14:18:26,23274.2,2026-09-22,23050.0,CE,276.9,275.85,276.6,46592,4293,1776,10.09
2026-09-17 14:18:26,23274.2,2026-09-22,23050.0,PE,47.5,47.45,47.6,603001,37721,6214,12.83
2026-09-17 14:18:26,23274.2,2026-09-22,23100.0,CE,238.3,237.6,238.15,274882,17315,2470,9.94
2026-09-17 14:18:26,23274.2,2026-09-22,23100.0,PE,58.6,58.5,58.6,1211075,90134,24825,12.59
2026-09-17 14:18:26,23274.2,2026-09-22,23150.0,CE,201.65,200.7,201.15,299066,12576,2102,9.98
2026-09-17 14:18:26,23274.2,2026-09-22,23150.0,PE,71.95,71.7,71.9,858658,52978,14050,12.38
2026-09-17 14:18:26,23274.2,2026-09-22,23200.0,CE,167.0,166.65,167.05,1403129,70831,4496,9.95
2026-09-17 14:18:26,23274.2,2026-09-22,23200.0,PE,87.95,87.9,88.1,2460201,156310,41431,12.19
2026-09-17 14:18:26,23274.2,2026-09-22,23250.0,CE,136.2,136.05,136.3,1640829,67990,26439,9.9
2026-09-17 14:18:26,23274.2,2026-09-22,23250.0,PE,107.6,107.3,107.6,1890388,93370,42885,12.1
2026-09-17 14:18:26,23274.2,2026-09-22,23300.0,CE,109.0,109.0,109.15,2742829,141366,73823,9.92
2026-09-17 14:18:26,23274.2,2026-09-22,23300.0,PE,130.2,130.2,130.5,2522969,113961,64751,12.0
2026-09-17 14:18:26,23274.2,2026-09-22,23350.0,CE,86.15,86.0,86.2,1507884,71290,44757,9.85
2026-09-17 14:18:26,23274.2,2026-09-22,23350.0,PE,156.0,156.0,156.25,899053,29414,17617,12.0
2026-09-17 14:18:26,23274.2,2026-09-22,23400.0,CE,66.0,65.8,66.0,1801324,132174,45421,9.81
2026-09-17 14:18:26,23274.2,2026-09-22,23400.0,PE,187.45,186.95,187.4,746049,52125,6124,12.07
2026-09-17 14:18:26,23274.2,2026-09-22,23450.0,CE,49.75,49.65,49.8,844270,47276,12771,9.83
2026-09-17 14:18:26,23274.2,2026-09-22,23450.0,PE,220.6,220.6,221.2,177698,10561,1816,12.15
2026-09-17 14:18:26,23274.2,2026-09-22,23500.0,CE,36.95,36.95,37.05,1691045,133323,17414,9.82
2026-09-17 14:18:26,23274.2,2026-09-22,23500.0,PE,257.6,256.9,257.35,283132,36842,1200,12.38
2026-09-17 14:18:26,23274.2,2026-09-22,23550.0,CE,26.85,26.85,26.95,784554,54448,22068,9.8
2026-09-17 14:18:26,23274.2,2026-09-22,23550.0,PE,297.3,297.1,297.95,45340,4100,1854,12.4
2026-09-17 14:18:26,23274.2,2026-09-22,23600.0,CE,19.3,19.3,19.35,1152032,95032,19832,9.84
2026-09-17 14:18:26,23274.2,2026-09-22,23600.0,PE,339.55,339.55,340.45,58599,11545,-4191,13.03
2026-09-17 14:18:26,23274.2,2026-09-22,23650.0,CE,14.0,13.95,14.05,650602,46243,17269,9.97
2026-09-17 14:18:26,23274.2,2026-09-22,23650.0,PE,385.35,384.35,385.5,8386,3443,534,13.59
2026-09-17 14:18:26,23274.2,2026-09-22,23700.0,CE,9.95,9.95,10.0,853243,112823,29321,10.07
2026-09-17 14:18:26,23274.2,2026-09-22,23700.0,PE,431.65,429.6,430.85,19010,10893,-1315,14.0
2026-09-17 14:18:26,23274.2,2026-09-22,23750.0,CE,7.35,7.3,7.4,499701,52208,19383,10.25
2026-09-17 14:18:26,23274.2,2026-09-22,23750.0,PE,479.6,477.1,478.9,3810,1671,26,14.72
2026-09-17 14:19:27,23283.45,2026-09-22,22800.0,CE,503.0,502.9,504.45,10793,2123,349,
2026-09-17 14:19:27,23283.45,2026-09-22,22800.0,PE,16.3,16.2,16.3,655174,85528,7409,14.29
2026-09-17 14:19:27,23283.45,2026-09-22,22850.0,CE,458.05,457.45,458.95,2094,905,92,6.59
2026-09-17 14:19:27,23283.45,2026-09-22,22850.0,PE,19.75,19.7,19.75,382602,26872,7386,13.96
2026-09-17 14:19:27,23283.45,2026-09-22,22900.0,CE,412.7,412.1,413.3,14831,2179,371,8.84
2026-09-17 14:19:27,23283.45,2026-09-22,22900.0,PE,24.1,24.05,24.15,770236,57404,2393,13.65
2026-09-17 14:19:27,23283.45,2026-09-22,22950.0,CE,368.0,366.95,368.1,8004,1272,501,8.74
2026-09-17 14:19:27,23283.45,2026-09-22,22950.0,PE,29.75,29.65,29.75,547449,33411,10155,13.33
2026-09-17 14:19:27,23283.45,2026-09-22,23000.0,CE,324.9,324.35,325.3,121113,14043,3115,9.54
2026-09-17 14:19:27,23283.45,2026-09-22,23000.0,PE,36.7,36.75,36.9,1427816,146166,21051,13.1
2026-09-17 14:19:27,23283.45,2026-09-22,23050.0,CE,283.5,283.55,284.2,46652,4179,1662,10.09
2026-09-17 14:19:27,23283.45,2026-09-22,23050.0,PE,45.3,45.1,45.25,603761,37665,6158,12.83
2026-09-17 14:19:27,23283.45,2026-09-22,23100.0,CE,244.0,243.8,244.15,275279,17315,2470,9.94
2026-09-17 14:19:27,23283.45,2026-09-22,23100.0,PE,56.0,55.85,56.0,1212787,90134,24825,12.59
2026-09-17 14:19:27,23283.45,2026-09-22,23150.0,CE,207.3,206.45,206.95,299568,12576,2102,9.98
2026-09-17 14:19:27,23283.45,2026-09-22,23150.0,PE,68.7,68.75,68.95,859654,52978,14050,12.38
2026-09-17 14:19:27,23283.45,2026-09-22,23200.0,CE,172.6,172.3,172.6,1405028,70831,4496,9.95
2026-09-17 14:19:27,23283.45,2026-09-22,23200.0,PE,84.15,83.8,83.95,2464828,156310,41431,12.19
2026-09-17 14:19:27,23283.45,2026-09-22,23250.0,CE,140.5,140.75,140.95,1643396,67933,26382,9.9
2026-09-17 14:19:27,23283.45,2026-09-22,23250.0,PE,102.9,102.6,102.85,1894434,94221,43736,12.1
2026-09-17 14:19:27,23283.45,2026-09-22,23300.0,CE,113.1,112.85,113.1,2746878,140298,72755,9.92
2026-09-17 14:19:27,23283.45,2026-09-22,23300.0,PE,124.95,124.9,125.2,2528036,115212,66002,12.0
2026-09-17 14:19:27,23283.45,2026-09-22,23350.0,CE,88.8,89.15,89.35,1509708,71053,44520,9.85
2026-09-17 14:19:27,23283.45,2026-09-22,23350.0,PE,150.8,150.15,150.5,900377,29290,17493,12.0
2026-09-17 14:19:27,23283.45,2026-09-22,23400.0,CE,68.55,68.6,68.75,1804220,131564,44811,9.81
2026-09-17 14:19:27,23283.45,2026-09-22,23400.0,PE,180.8,180.05,180.2,747354,52425,6424,12.07
2026-09-17 14:19:27,23283.45,2026-09-22,23450.0,CE,51.8,51.65,51.8,845517,47276,12771,9.83
2026-09-17 14:19:27,23283.45,2026-09-22,23450.0,PE,213.35,213.3,213.85,177872,10533,1788,12.15
2026-09-17 14:19:27,23283.45,2026-09-22,23500.0,CE,38.3,38.3,38.45,1693666,133323,17414,9.82
2026-09-17 14:19:27,23283.45,2026-09-22,23500.0,PE,249.3,249.2,249.85,283498,36842,1200,12.38
2026-09-17 14:19:27,23283.45,2026-09-22,23550.0,CE,28.0,28.05,28.1,785746,54448,22068,9.8
2026-09-17 14:19:27,23283.45,2026-09-22,23550.0,PE,289.15,288.25,289.1,45446,4122,1876,12.4
2026-09-17 14:19:27,23283.45,2026-09-22,23600.0,CE,20.05,20.05,20.15,1153173,94940,19740,9.84
2026-09-17 14:19:27,23283.45,2026-09-22,23600.0,PE,331.0,330.65,331.6,58636,11548,-4188,13.03
2026-09-17 14:19:27,23283.45,2026-09-22,23650.0,CE,14.65,14.45,14.55,651168,46288,17314,9.97
2026-09-17 14:19:27,23283.45,2026-09-22,23650.0,PE,375.6,375.45,376.6,8392,3446,537,13.59
2026-09-17 14:19:27,23283.45,2026-09-22,23700.0,CE,10.3,10.25,10.3,853980,112869,29367,10.07
2026-09-17 14:19:27,23283.45,2026-09-22,23700.0,PE,421.5,421.0,422.25,19031,10900,-1308,14.0
2026-09-17 14:19:27,23283.45,2026-09-22,23750.0,CE,7.55,7.55,7.6,499969,52204,19379,10.25
2026-09-17 14:19:27,23283.45,2026-09-22,23750.0,PE,468.25,467.35,469.2,3812,1671,26,14.72
2026-09-17 14:19:27,23283.45,2026-09-22,23800.0,CE,5.65,5.6,5.65,768266,120405,23616,10.52
2026-09-17 14:19:27,23283.45,2026-09-22,23800.0,PE,516.4,516.5,518.25,8706,7754,-220,15.32
2026-09-17 14:20:27,23287.55,2026-09-22,22800.0,CE,515.4,515.45,516.95,10812,2126,352,
2026-09-17 14:20:27,23287.55,2026-09-22,22800.0,PE,15.05,15.05,15.1,658519,85670,7551,14.29
2026-09-17 14:20:27,23287.55,2026-09-22,22850.0,CE,463.9,467.9,469.55,2098,902,89,6.59
2026-09-17 14:20:27,23287.55,2026-09-22,22850.0,PE,18.4,18.4,18.5,383868,26810,7324,13.96
2026-09-17 14:20:27,23287.55,2026-09-22,22900.0,CE,421.3,421.8,423.15,14933,2182,374,8.84
2026-09-17 14:20:27,23287.55,2026-09-22,22900.0,PE,22.5,22.5,22.6,772219,57533,2522,13.65
2026-09-17 14:20:27,23287.55,2026-09-22,22950.0,CE,376.0,377.85,378.95,8033,1274,503,8.74
2026-09-17 14:20:27,23287.55,2026-09-22,22950.0,PE,27.8,27.8,27.9,549276,33660,10404,13.33
2026-09-17 14:20:27,23287.55,2026-09-22,23000.0,CE,334.2,334.5,335.0,121554,13989,3061,9.54
2026-09-17 14:20:27,23287.55,2026-09-22,23000.0,PE,34.35,34.3,34.35,1434576,146845,21730,13.1
2026-09-17 14:20:27,23287.55,2026-09-22,23050.0,CE,293.25,292.1,292.95,46882,4153,1636,10.09
2026-09-17 14:20:27,23287.55,2026-09-22,23050.0,PE,42.15,42.1,42.25,605837,37690,6183,12.83
2026-09-17 14:20:27,23287.55,2026-09-22,23100.0,CE,253.55,253.1,253.75,276635,17246,2401,9.94
2026-09-17 14:20:27,23287.55,2026-09-22,23100.0,PE,51.9,51.65,51.75,1217958,90484,25175,12.59
2026-09-17 14:20:27,23287.55,2026-09-22,23150.0,CE,215.1,215.05,215.6,300928,12530,2056,9.98
2026-09-17 14:20:27,23287.55,2026-09-22,23150.0,PE,63.85,63.85,64.0,863539,53274,14346,12.38
2026-09-17 14:20:27,23287.55,2026-09-22,23200.0,CE,179.7,179.4,179.8,1410959,70197,3862,9.95
2026-09-17 14:20:27,23287.55,2026-09-22,23200.0,PE,78.45,78.45,78.55,2474982,156757,41878,12.19
2026-09-17 14:20:27,23287.55,2026-09-22,23250.0,CE,146.85,146.45,146.85,1651660,67477,25926,9.9
2026-09-17 14:20:27,23287.55,2026-09-22,23250.0,PE,96.8,96.8,97.05,1903140,94731,44246,12.1
2026-09-17 14:20:27,23287.55,2026-09-22,23300.0,CE,117.8,117.5,117.8,2763033,139750,72207,9.92
2026-09-17 14:20:27,23287.55,2026-09-22,23300.0,PE,118.45,118.45,118.7,2539315,115663,66453,12.0
2026-09-17 14:20:27,23287.55,2026-09-22,23350.0,CE,93.4,93.45,93.7,1516750,70392,43859,9.85
2026-09-17 14:20:27,23287.55,2026-09-22,23350.0,PE,142.0,142.0,142.3,903198,29398,17601,12.0
2026-09-17 14:20:27,23287.55,2026-09-22,23400.0,CE,71.95,71.9,72.1,1813887,130961,44208,9.81
2026-09-17 14:20:27,23287.55,2026-09-22,23400.0,PE,171.4,171.5,171.9,750451,52278,6277,12.07
2026-09-17 14:20:27,23287.55,2026-09-22,23450.0,CE,54.8,54.8,54.95,848233,47132,12627,9.83
2026-09-17 14:20:27,23287.55,2026-09-22,23450.0,PE,203.4,202.75,203.25,178666,10503,1758,12.15
2026-09-17 14:20:27,23287.55,2026-09-22,23500.0,CE,40.7,40.65,40.8,1701478,132694,16785,9.82
2026-09-17 14:20:27,23287.55,2026-09-22,23500.0,PE,237.9,237.9,238.65,284454,36822,1180,12.38
2026-09-17 14:20:27,23287.55,2026-09-22,23550.0,CE,29.6,29.5,29.6,789946,54230,21850,9.8
2026-09-17 14:20:27,23287.55,2026-09-22,23550.0,PE,277.4,277.4,278.2,45612,4125,1879,12.4
2026-09-17 14:20:27,23287.55,2026-09-22,23600.0,CE,21.0,21.0,21.1,1156360,94630,19430,9.84
2026-09-17 14:20:27,23287.55,2026-09-22,23600.0,PE,320.0,319.75,320.75,58929,11536,-4200,13.03
2026-09-17 14:20:27,23287.55,2026-09-22,23650.0,CE,15.25,15.15,15.2,653002,46192,17218,9.97
2026-09-17 14:20:27,23287.55,2026-09-22,23650.0,PE,365.0,364.65,365.3,8406,3437,528,13.59
2026-09-17 14:20:27,23287.55,2026-09-22,23700.0,CE,10.65,10.7,10.8,855547,112888,29386,10.07
2026-09-17 14:20:27,23287.55,2026-09-22,23700.0,PE,410.0,408.45,409.75,19069,10900,-1308,14.0
2026-09-17 14:20:27,23287.55,2026-09-22,23750.0,CE,7.85,7.7,7.8,500953,51991,19166,10.25
2026-09-17 14:20:27,23287.55,2026-09-22,23750.0,PE,461.1,455.85,457.65,3822,1674,29,14.72
2026-09-17 14:20:27,23287.55,2026-09-22,23800.0,CE,5.75,5.7,5.75,770021,120659,23870,10.52
2026-09-17 14:20:27,23287.55,2026-09-22,23800.0,PE,507.45,503.75,505.35,8710,7757,-217,15.32
2026-09-17 14:21:27,23281.9,2026-09-22,22800.0,CE,509.35,508.4,509.9,10845,2123,349,
2026-09-17 14:21:27,23281.9,2026-09-22,22800.0,PE,15.6,15.6,15.65,659150,84736,6617,14.29
2026-09-17 14:21:27,23281.9,2026-09-22,22850.0,CE,460.9,461.45,463.6,2099,904,91,6.59
2026-09-17 14:21:27,23281.9,2026-09-22,22850.0,PE,19.05,19.1,19.15,384325,27117,7631,13.96
2026-09-17 14:21:27,23281.9,2026-09-22,22900.0,CE,413.9,415.85,417.0,14949,2154,346,8.84
2026-09-17 14:21:27,23281.9,2026-09-22,22900.0,PE,23.35,23.25,23.35,773267,57432,2421,13.65
2026-09-17 14:21:27,23281.9,2026-09-22,22950.0,CE,372.15,371.75,372.7,8038,1259,488,8.74
2026-09-17 14:21:27,23281.9,2026-09-22,22950.0,PE,28.65,28.7,28.8,550041,33743,10487,13.33
2026-09-17 14:21:27,23281.9,2026-09-22,23000.0,CE,328.05,328.55,329.35,121991,13835,2907,9.54
2026-09-17 14:21:27,23281.9,2026-09-22,23000.0,PE,35.8,35.55,35.7,1437592,148139,23024,13.1
2026-09-17 14:21:27,23281.9,2026-09-22,23050.0,CE,287.25,287.25,288.0,47003,4064,1547,10.09
2026-09-17 14:21:27,23281.9,2026-09-22,23050.0,PE,43.7,43.6,43.75,606516,37774,6267,12.83
2026-09-17 14:21:27,23281.9,2026-09-22,23100.0,CE,247.55,247.1,247.65,277154,17038,2193,9.94
2026-09-17 14:21:27,23281.9,2026-09-22,23100.0,PE,53.95,54.0,54.2,1220557,90365,25056,12.59
2026-09-17 14:21:27,23281.9,2026-09-22,23150.0,CE,210.45,209.95,210.5,301605,12291,1817,9.98
2026-09-17 14:21:27,23281.9,2026-09-22,23150.0,PE,66.6,66.25,66.45,865098,53071,14143,12.38
2026-09-17 14:21:27,23281.9,2026-09-22,23200.0,CE,175.45,175.0,175.5,1413969,69866,3531,9.95
2026-09-17 14:21:27,23281.9,2026-09-22,23200.0,PE,81.55,81.3,81.55,2479155,156470,41591,12.19
2026-09-17 14:21:27,23281.9,2026-09-22,23250.0,CE,143.4,143.4,143.75,1656793,66769,25218,9.9
2026-09-17 14:21:27,23281.9,2026-09-22,23250.0,PE,99.8,99.65,99.8,1907602,93832,43347,12.1
2026-09-17 14:21:27,23281.9,2026-09-22,23300.0,CE,115.05,114.8,115.05,2772540,138359,70816,9.92
2026-09-17 14:21:27,23281.9,2026-09-22,23300.0,PE,121.9,121.6,121.9,2544472,113918,64708,12.0
2026-09-17 14:21:27,23281.9,2026-09-22,23350.0,CE,90.7,90.7,90.8,1521528,69268,42735,9.85
2026-09-17 14:21:27,23281.9,2026-09-22,23350.0,PE,147.2,146.65,146.9,904632,29335,17538,12.0
2026-09-17 14:21:27,23281.9,2026-09-22,23400.0,CE,69.95,69.9,70.1,1825281,130142,43389,9.81
2026-09-17 14:21:27,23281.9,2026-09-22,23400.0,PE,176.15,176.0,176.3,751944,51619,5618,12.07
2026-09-17 14:21:27,23281.9,2026-09-22,23450.0,CE,52.75,52.6,52.75,850430,46944,12439,9.83
2026-09-17 14:21:27,23281.9,2026-09-22,23450.0,PE,209.0,209.15,209.8,178988,10460,1715,12.15
2026-09-17 14:21:27,23281.9,2026-09-22,23500.0,CE,39.15,39.1,39.2,1704578,130484,14575,9.82
2026-09-17 14:21:27,23281.9,2026-09-22,23500.0,PE,244.8,244.0,244.5,284889,36771,1129,12.38
2026-09-17 14:21:27,23281.9,2026-09-22,23550.0,CE,28.4,28.4,28.5,793293,53107,20727,9.8
2026-09-17 14:21:27,23281.9,2026-09-22,23550.0,PE,284.05,283.4,284.25,45678,4136,1890,12.4
2026-09-17 14:21:27,23281.9,2026-09-22,23600.0,CE,20.3,20.25,20.3,1159520,94869,19669,9.84
2026-09-17 14:21:27,23281.9,2026-09-22,23600.0,PE,327.4,325.0,325.9,59057,11544,-4192,13.03
2026-09-17 14:21:27,23281.9,2026-09-22,23650.0,CE,14.65,14.6,14.65,655375,45824,16850,9.97
2026-09-17 14:21:27,23281.9,2026-09-22,23650.0,PE,373.6,370.3,371.3,8413,3443,534,13.59
2026-09-17 14:21:27,23281.9,2026-09-22,23700.0,CE,10.4,10.3,10.4,857571,112818,29316,10.07
2026-09-17 14:21:27,23281.9,2026-09-22,23700.0,PE,417.4,415.6,416.95,19086,10915,-1293,14.0
2026-09-17 14:21:27,23281.9,2026-09-22,23750.0,CE,7.5,7.5,7.55,502206,52193,19368,10.25
2026-09-17 14:21:27,23281.9,2026-09-22,23750.0,PE,458.9,462.05,464.8,3823,1673,28,14.72
2026-09-17 14:21:27,23281.9,2026-09-22,23800.0,CE,5.6,5.55,5.65,771280,120674,23885,10.52
2026-09-17 14:21:27,23281.9,2026-09-22,23800.0,PE,512.35,510.6,512.5,8716,7758,-216,15.32
2026-09-17 14:22:28,23284.4,2026-09-22,22800.0,CE,509.0,511.45,512.95,10854,2123,349,7.35
2026-09-17 14:22:28,23284.4,2026-09-22,22800.0,PE,15.35,15.3,15.4,659503,84580,6461,13.97
2026-09-17 14:22:28,23284.4,2026-09-22,22850.0,CE,460.7,464.6,466.1,2100,904,91,10.13
2026-09-17 14:22:28,23284.4,2026-09-22,22850.0,PE,18.65,18.7,18.8,384675,26975,7489,13.65
2026-09-17 14:22:28,23284.4,2026-09-22,22900.0,CE,418.3,419.3,420.4,14956,2146,338,10.13
2026-09-17 14:22:28,23284.4,2026-09-22,22900.0,PE,22.85,22.8,22.9,774093,57198,2187,13.31
2026-09-17 14:22:28,23284.4,2026-09-22,22950.0,CE,375.25,375.2,376.3,8048,1251,480,10.31
2026-09-17 14:22:28,23284.4,2026-09-22,22950.0,PE,27.9,27.9,28.05,550464,33571,10315,13.04
2026-09-17 14:22:28,23284.4,2026-09-22,23000.0,CE,332.65,331.85,332.65,122168,13994,3066,10.59
2026-09-17 14:22:28,23284.4,2026-09-22,23000.0,PE,35.1,34.95,35.1,1439328,147214,22099,12.8
2026-09-17 14:22:28,23284.4,2026-09-22,23050.0,CE,290.45,290.2,290.95,47058,4092,1575,10.72
2026-09-17 14:22:28,23284.4,2026-09-22,23050.0,PE,42.9,42.7,42.85,607247,37796,6289,12.5
2026-09-17 14:22:28,23284.4,2026-09-22,23100.0,CE,249.95,250.05,250.7,277616,17127,2282,10.56
2026-09-17 14:22:28,23284.4,2026-09-22,23100.0,PE,52.75,52.85,53.0,1222421,89827,24518,12.25
2026-09-17 14:22:28,23284.4,2026-09-22,23150.0,CE,212.9,212.3,212.75,301950,12393,1919,10.63
2026-09-17 14:22:28,23284.4,2026-09-22,23150.0,PE,65.2,65.2,65.4,866045,53064,14136,12.03
2026-09-17 14:22:28,23284.4,2026-09-22,23200.0,CE,177.5,177.1,177.5,1415858,70064,3729,10.51
2026-09-17 14:22:28,23284.4,2026-09-22,23200.0,PE,80.25,80.05,80.25,2481828,155870,40991,11.82
2026-09-17 14:22:28,23284.4,2026-09-22,23250.0,CE,145.2,145.0,145.25,1660152,67621,26070,10.3
2026-09-17 14:22:28,23284.4,2026-09-22,23250.0,PE,98.25,98.2,98.5,1909827,93672,43187,11.7
2026-09-17 14:22:28,23284.4,2026-09-22,23300.0,CE,116.7,116.65,116.95,2777562,140522,72979,10.28
2026-09-17 14:22:28,23284.4,2026-09-22,23300.0,PE,119.3,119.1,119.4,2547464,114040,64830,11.53
2026-09-17 14:22:28,23284.4,2026-09-22,23350.0,CE,91.8,91.9,92.15,1523754,69894,43361,10.18
2026-09-17 14:22:28,23284.4,2026-09-22,23350.0,PE,144.95,144.75,145.1,905532,29274,17477,11.46
2026-09-17 14:22:28,23284.4,2026-09-22,23400.0,CE,71.25,71.1,71.3,1828768,128938,42185,10.1
2026-09-17 14:22:28,23284.4,2026-09-22,23400.0,PE,173.7,173.6,174.0,752982,51568,5567,11.49
2026-09-17 14:22:28,23284.4,2026-09-22,23450.0,CE,53.9,53.75,53.9,851744,47451,12946,10.07
2026-09-17 14:22:28,23284.4,2026-09-22,23450.0,PE,205.95,205.6,206.2,179196,10409,1664,11.58
2026-09-17 14:22:28,23284.4,2026-09-22,23500.0,CE,39.8,39.7,39.85,1707208,131221,15312,10.05
2026-09-17 14:22:28,23284.4,2026-09-22,23500.0,PE,241.3,241.6,242.15,285165,36798,1156,11.57
2026-09-17 14:22:28,23284.4,2026-09-22,23550.0,CE,28.9,28.85,28.95,794318,52410,20030,10.04
2026-09-17 14:22:28,23284.4,2026-09-22,23550.0,PE,280.25,280.65,281.5,45765,4139,1893,11.83
2026-09-17 14:22:28,23284.4,2026-09-22,23600.0,CE,20.55,20.55,20.65,1160801,95009,19809,10.07
2026-09-17 14:22:28,23284.4,2026-09-22,23600.0,PE,322.0,322.5,323.45,59332,11496,-4240,12.14
2026-09-17 14:22:28,23284.4,2026-09-22,23650.0,CE,14.85,14.8,14.85,656071,46646,17672,10.15
2026-09-17 14:22:28,23284.4,2026-09-22,23650.0,PE,373.6,365.95,367.05,8413,3443,534,12.75
2026-09-17 14:22:28,23284.4,2026-09-22,23700.0,CE,10.5,10.4,10.5,858675,113906,30404,10.22
2026-09-17 14:22:28,23284.4,2026-09-22,23700.0,PE,412.4,411.65,412.95,19113,10918,-1290,13.02
2026-09-17 14:22:28,23284.4,2026-09-22,23750.0,CE,7.55,7.5,7.55,502537,52140,19315,10.41
2026-09-17 14:22:28,23284.4,2026-09-22,23750.0,PE,463.05,458.25,459.95,3830,1673,28,12.42
2026-09-17 14:22:28,23284.4,2026-09-22,23800.0,CE,5.55,5.5,5.55,772465,120774,23985,10.63
2026-09-17 14:22:28,23284.4,2026-09-22,23800.0,PE,510.6,506.4,507.95,8767,7759,-215,14.17
2026-09-17 14:23:28,23288.4,2026-09-22,22800.0,CE,509.0,512.05,513.5,10854,2123,349,7.35
2026-09-17 14:23:28,23288.4,2026-09-22,22800.0,PE,15.25,15.2,15.3,660589,84286,6167,13.97
2026-09-17 14:23:28,23288.4,2026-09-22,22850.0,CE,460.7,465.4,467.2,2100,904,91,10.13
2026-09-17 14:23:28,23288.4,2026-09-22,22850.0,PE,18.7,18.6,18.7,384791,27089,7603,13.65
2026-09-17 14:23:28,23288.4,2026-09-22,22900.0,CE,421.8,419.95,421.15,14957,2146,338,10.13
2026-09-17 14:23:28,23288.4,2026-09-22,22900.0,PE,22.7,22.7,22.8,774448,57198,2187,13.31
2026-09-17 14:23:28,23288.4,2026-09-22,22950.0,CE,377.0,375.1,376.1,8051,1251,480,10.31
2026-09-17 14:23:28,23288.4,2026-09-22,22950.0,PE,28.05,27.9,28.0,550623,33571,10315,13.04
2026-09-17 14:23:28,23288.4,2026-09-22,23000.0,CE,331.65,331.6,332.3,122233,13994,3066,10.59
2026-09-17 14:23:28,23288.4,2026-09-22,23000.0,PE,34.85,34.8,34.95,1439994,147214,22099,12.8
2026-09-17 14:23:28,23288.4,2026-09-22,23050.0,CE,290.0,290.05,290.85,47064,4092,1575,10.72
2026-09-17 14:23:28,23288.4,2026-09-22,23050.0,PE,42.85,42.65,42.75,607490,37796,6289,12.5
2026-09-17 14:23:28,23288.4,2026-09-22,23100.0,CE,250.1,250.2,250.9,277735,17135,2290,10.56
2026-09-17 14:23:28,23288.4,2026-09-22,23100.0,PE,52.85,52.7,52.8,1222854,89750,24441,12.25
2026-09-17 14:23:28,23288.4,2026-09-22,23150.0,CE,213.0,212.8,213.05,302124,12373,1899,10.63
2026-09-17 14:23:28,23288.4,2026-09-22,23150.0,PE,65.0,65.0,65.2,866365,53074,14146,12.03
2026-09-17 14:23:28,23288.4,2026-09-22,23200.0,CE,177.4,177.35,177.8,1416914,69843,3508,10.51
2026-09-17 14:23:28,23288.4,2026-09-22,23200.0,PE,80.05,79.85,80.1,2483182,155646,40767,11.82
2026-09-17 14:23:28,23288.4,2026-09-22,23250.0,CE,145.4,145.3,145.7,1661392,67621,26070,10.3
2026-09-17 14:23:28,23288.4,2026-09-22,23250.0,PE,98.2,97.95,98.2,1910458,93672,43187,11.7
2026-09-17 14:23:28,23288.4,2026-09-22,23300.0,CE,117.25,116.85,117.2,2779764,140522,72979,10.28
2026-09-17 14:23:28,23288.4,2026-09-22,23300.0,PE,119.25,119.3,119.55,2549008,114040,64830,11.53
2026-09-17 14:23:28,23288.4,2026-09-22,23350.0,CE,92.4,92.25,92.45,1525092,69894,43361,10.18
2026-09-17 14:23:28,23288.4,2026-09-22,23350.0,PE,144.75,144.45,144.7,905911,29274,17477,11.46
2026-09-17 14:23:28,23288.4,2026-09-22,23400.0,CE,71.5,71.25,71.35,1830493,128938,42185,10.1
2026-09-17 14:23:28,23288.4,2026-09-22,23400.0,PE,173.75,173.4,173.9,753315,51568,5567,11.49
2026-09-17 14:23:28,23288.4,2026-09-22,23450.0,CE,54.0,53.8,54.0,852186,47538,13033,10.07
2026-09-17 14:23:28,23288.4,2026-09-22,23450.0,PE,205.75,205.8,206.4,179266,10392,1647,11.58
2026-09-17 14:23:28,23288.4,2026-09-22,23500.0,CE,40.0,39.9,40.05,1708065,130841,14932,10.05
2026-09-17 14:23:28,23288.4,2026-09-22,23500.0,PE,240.45,241.05,241.7,285350,36798,1156,11.57
2026-09-17 14:23:28,23288.4,2026-09-22,23550.0,CE,29.05,28.95,29.05,794645,52465,20085,10.04
2026-09-17 14:23:28,23288.4,2026-09-22,23550.0,PE,280.25,280.35,281.1,45765,4139,1893,11.83
2026-09-17 14:23:28,23288.4,2026-09-22,23600.0,CE,20.75,20.65,20.75,1161377,95009,19809,10.07
2026-09-17 14:23:28,23288.4,2026-09-22,23600.0,PE,322.8,322.05,322.8,59515,11496,-4240,12.14
2026-09-17 14:23:28,23288.4,2026-09-22,23650.0,CE,14.8,14.8,14.85,656600,46646,17672,10.15
2026-09-17 14:23:28,23288.4,2026-09-22,23650.0,PE,366.35,366.2,367.2,8415,3444,535,12.75
2026-09-17 14:23:28,23288.4,2026-09-22,23700.0,CE,10.4,10.4,10.45,858831,113906,30404,10.22
2026-09-17 14:23:28,23288.4,2026-09-22,23700.0,PE,412.4,411.9,413.2,19115,10918,-1290,13.02
2026-09-17 14:23:28,23288.4,2026-09-22,23750.0,CE,7.55,7.5,7.55,502582,52140,19315,10.41
2026-09-17 14:23:28,23288.4,2026-09-22,23750.0,PE,460.2,458.35,459.95,3831,1669,24,12.42
2026-09-17 14:23:28,23288.4,2026-09-22,23800.0,CE,5.5,5.5,5.55,772653,120973,24184,10.63
2026-09-17 14:23:28,23288.4,2026-09-22,23800.0,PE,510.6,506.15,507.85,8767,7759,-215,14.17
2026-09-17 14:24:29,23288.15,2026-09-22,22800.0,CE,516.65,515.05,516.65,10882,2094,320,
2026-09-17 14:24:29,23288.15,2026-09-22,22800.0,PE,15.15,15.15,15.2,663641,84434,6315,14.08
2026-09-17 14:24:29,23288.15,2026-09-22,22850.0,CE,470.45,468.75,470.6,2102,904,91,9.15
2026-09-17 14:24:29,23288.15,2026-09-22,22850.0,PE,18.4,18.35,18.4,385595,27164,7678,13.8
2026-09-17 14:24:29,23288.15,2026-09-22,22900.0,CE,420.85,423.3,424.5,14990,2155,347,9.6
2026-09-17 14:24:29,23288.15,2026-09-22,22900.0,PE,22.5,22.3,22.4,776586,56988,1977,13.43
2026-09-17 14:24:29,23288.15,2026-09-22,22950.0,CE,376.15,378.7,379.65,8079,1254,483,10.75
2026-09-17 14:24:29,23288.15,2026-09-22,22950.0,PE,27.3,27.35,27.45,552244,33614,10358,13.13
2026-09-17 14:24:29,23288.15,2026-09-22,23000.0,CE,335.4,334.85,335.7,122825,13902,2974,9.83
2026-09-17 14:24:29,23288.15,2026-09-22,23000.0,PE,34.0,34.0,34.15,1447175,148154,23039,12.97
2026-09-17 14:24:29,23288.15,2026-09-22,23050.0,CE,293.85,293.25,293.95,47242,4046,1529,10.21
2026-09-17 14:24:29,23288.15,2026-09-22,23050.0,PE,41.9,41.7,41.85,608607,37854,6347,12.62
2026-09-17 14:24:29,23288.15,2026-09-22,23100.0,CE,253.05,253.2,253.9,279479,16828,1983,10.21
2026-09-17 14:24:29,23288.15,2026-09-22,23100.0,PE,51.7,51.5,51.7,1230572,90948,25639,12.41
2026-09-17 14:24:29,23288.15,2026-09-22,23150.0,CE,215.75,215.25,215.75,303083,12313,1839,10.15
2026-09-17 14:24:29,23288.15,2026-09-22,23150.0,PE,63.55,63.55,63.75,869091,52941,14013,12.22
2026-09-17 14:24:29,23288.15,2026-09-22,23200.0,CE,179.75,179.9,180.35,1423321,69001,2666,10.1
2026-09-17 14:24:29,23288.15,2026-09-22,23200.0,PE,78.3,78.3,78.35,2491020,155936,41057,12.06
2026-09-17 14:24:29,23288.15,2026-09-22,23250.0,CE,147.4,147.4,147.75,1670638,66418,24867,10.11
2026-09-17 14:24:29,23288.15,2026-09-22,23250.0,PE,96.25,96.05,96.3,1917772,93409,42924,11.87
2026-09-17 14:24:29,23288.15,2026-09-22,23300.0,CE,119.0,118.75,119.0,2797991,138246,70703,9.98
2026-09-17 14:24:29,23288.15,2026-09-22,23300.0,PE,117.35,117.2,117.4,2556739,114059,64849,11.75
2026-09-17 14:24:29,23288.15,2026-09-22,23350.0,CE,93.9,93.85,93.95,1533047,68509,41976,9.96
2026-09-17 14:24:29,23288.15,2026-09-22,23350.0,PE,142.25,141.8,142.15,908276,29141,17344,11.77
2026-09-17 14:24:29,23288.15,2026-09-22,23400.0,CE,72.7,72.55,72.7,1839535,127640,40887,9.91
2026-09-17 14:24:29,23288.15,2026-09-22,23400.0,PE,171.0,170.5,170.9,756248,51371,5370,11.88
2026-09-17 14:24:29,23288.15,2026-09-22,23450.0,CE,55.0,54.85,55.0,856854,47413,12908,9.89
2026-09-17 14:24:29,23288.15,2026-09-22,23450.0,PE,202.75,202.7,203.2,179718,10380,1635,11.86
2026-09-17 14:24:29,23288.15,2026-09-22,23500.0,CE,40.75,40.75,40.85,1715029,130256,14347,9.88
2026-09-17 14:24:29,23288.15,2026-09-22,23500.0,PE,237.9,237.85,238.25,286290,36822,1180,12.01
2026-09-17 14:24:29,23288.15,2026-09-22,23550.0,CE,29.55,29.55,29.65,798584,52128,19748,9.88
2026-09-17 14:24:29,23288.15,2026-09-22,23550.0,PE,278.9,276.7,277.55,45897,4132,1886,12.34
2026-09-17 14:24:29,23288.15,2026-09-22,23600.0,CE,21.15,21.1,21.2,1166036,93897,18697,9.95
2026-09-17 14:24:29,23288.15,2026-09-22,23600.0,PE,318.2,318.5,319.3,59708,11467,-4269,12.32
2026-09-17 14:24:29,23288.15,2026-09-22,23650.0,CE,15.15,15.15,15.2,658529,46596,17622,10.02
2026-09-17 14:24:29,23288.15,2026-09-22,23650.0,PE,364.45,362.6,363.7,8442,3437,528,12.77
2026-09-17 14:24:29,23288.15,2026-09-22,23700.0,CE,10.65,10.65,10.7,860586,113781,30279,10.12
2026-09-17 14:24:29,23288.15,2026-09-22,23700.0,PE,406.85,408.5,409.45,19149,10924,-1284,13.06
2026-09-17 14:24:29,23288.15,2026-09-22,23750.0,CE,7.7,7.65,7.75,503522,52352,19527,10.32
2026-09-17 14:24:29,23288.15,2026-09-22,23750.0,PE,459.35,454.45,457.1,3833,1671,26,13.38
2026-09-17 14:24:29,23288.15,2026-09-22,23800.0,CE,5.65,5.65,5.75,775014,120924,24135,10.54
2026-09-17 14:24:29,23288.15,2026-09-22,23800.0,PE,502.45,503.5,505.2,8777,7711,-263,15.09
2026-09-17 14:25:29,23281.6,2026-09-22,22800.0,CE,518.0,516.35,518.15,10908,2093,319,7.35
2026-09-17 14:25:29,23281.6,2026-09-22,22800.0,PE,14.85,14.85,14.95,664748,84249,6130,13.97
2026-09-17 14:25:29,23281.6,2026-09-22,22850.0,CE,470.45,469.25,470.8,2102,904,91,10.13
2026-09-17 14:25:29,23281.6,2026-09-22,22850.0,PE,18.1,18.1,18.15,386307,27201,7715,13.65
2026-09-17 14:25:29,23281.6,2026-09-22,22900.0,CE,425.0,424.45,425.8,15004,2159,351,10.13
2026-09-17 14:25:29,23281.6,2026-09-22,22900.0,PE,22.15,22.15,22.2,785510,53221,-1790,13.31
2026-09-17 14:25:29,23281.6,2026-09-22,22950.0,CE,379.65,379.4,380.4,8096,1264,493,10.31
2026-09-17 14:25:29,23281.6,2026-09-22,22950.0,PE,27.05,27.0,27.1,560093,36213,12957,13.04
2026-09-17 14:25:29,23281.6,2026-09-22,23000.0,CE,335.9,335.6,336.4,123194,13855,2927,10.59
2026-09-17 14:25:29,23281.6,2026-09-22,23000.0,PE,33.75,33.65,33.8,1451907,146851,21736,12.8
2026-09-17 14:25:29,23281.6,2026-09-22,23050.0,CE,293.95,293.25,293.95,47379,4023,1506,10.72
2026-09-17 14:25:29,23281.6,2026-09-22,23050.0,PE,41.5,41.45,41.6,609830,37824,6317,12.5
2026-09-17 14:25:29,23281.6,2026-09-22,23100.0,CE,254.35,253.65,254.35,280114,16873,2028,10.56
2026-09-17 14:25:29,23281.6,2026-09-22,23100.0,PE,51.25,51.05,51.2,1234507,90872,25563,12.25
2026-09-17 14:25:29,23281.6,2026-09-22,23150.0,CE,216.3,215.75,216.3,303714,12379,1905,10.63
2026-09-17 14:25:29,23281.6,2026-09-22,23150.0,PE,63.05,63.1,63.25,871337,52742,13814,12.03
2026-09-17 14:25:29,23281.6,2026-09-22,23200.0,CE,180.6,180.45,180.85,1426056,69441,3106,10.51
2026-09-17 14:25:29,23281.6,2026-09-22,23200.0,PE,77.65,77.45,77.65,2496264,156259,41380,11.82
2026-09-17 14:25:29,23281.6,2026-09-22,23250.0,CE,147.9,147.9,148.3,1674900,66593,25042,10.3
2026-09-17 14:25:29,23281.6,2026-09-22,23250.0,PE,95.25,95.2,95.45,1922077,93471,42986,11.7
2026-09-17 14:25:29,23281.6,2026-09-22,23300.0,CE,119.15,119.15,119.4,2806132,138493,70950,10.28
2026-09-17 14:25:29,23281.6,2026-09-22,23300.0,PE,116.3,116.3,116.6,2563143,114122,64912,11.53
2026-09-17 14:25:29,23281.6,2026-09-22,23350.0,CE,94.1,94.15,94.35,1537426,68513,41980,10.18
2026-09-17 14:25:29,23281.6,2026-09-22,23350.0,PE,141.15,141.05,141.35,909648,29326,17529,11.46
2026-09-17 14:25:29,23281.6,2026-09-22,23400.0,CE,72.8,72.8,72.95,1844164,127248,40495,10.1
2026-09-17 14:25:29,23281.6,2026-09-22,23400.0,PE,170.1,169.6,169.95,757724,51786,5785,11.49
2026-09-17 14:25:29,23281.6,2026-09-22,23450.0,CE,55.0,55.0,55.1,859554,48183,13678,10.07
2026-09-17 14:25:29,23281.6,2026-09-22,23450.0,PE,201.75,201.85,202.15,179969,10380,1635,11.58
2026-09-17 14:25:29,23281.6,2026-09-22,23500.0,CE,40.8,40.8,40.9,1718439,130487,14578,10.05
2026-09-17 14:25:29,23281.6,2026-09-22,23500.0,PE,237.35,236.75,237.35,287567,36842,1200,11.57
2026-09-17 14:25:29,23281.6,2026-09-22,23550.0,CE,29.6,29.65,29.75,800411,52052,19672,10.04
2026-09-17 14:25:29,23281.6,2026-09-22,23550.0,PE,274.1,275.5,276.2,45951,4137,1891,11.83
2026-09-17 14:25:29,23281.6,2026-09-22,23600.0,CE,21.15,21.1,21.15,1168413,94146,18946,10.07
2026-09-17 14:25:29,23281.6,2026-09-22,23600.0,PE,317.6,317.0,317.85,59830,11489,-4247,12.14
2026-09-17 14:25:29,23281.6,2026-09-22,23650.0,CE,15.25,15.15,15.25,659469,46565,17591,10.15
2026-09-17 14:25:29,23281.6,2026-09-22,23650.0,PE,360.0,361.55,362.4,8443,3437,528,12.75
2026-09-17 14:25:29,23281.6,2026-09-22,23700.0,CE,10.65,10.65,10.75,861933,114029,30527,10.22
2026-09-17 14:25:29,23281.6,2026-09-22,23700.0,PE,406.0,406.85,408.1,19161,10930,-1278,13.02
2026-09-17 14:25:29,23281.6,2026-09-22,23750.0,CE,7.75,7.7,7.75,504062,52316,19491,10.41
2026-09-17 14:25:29,23281.6,2026-09-22,23750.0,PE,451.65,454.5,455.85,3874,1671,26,12.42
2026-09-17 14:25:29,23281.6,2026-09-22,23800.0,CE,5.7,5.65,5.7,778032,122102,25313,10.63
2026-09-17 14:25:29,23281.6,2026-09-22,23800.0,PE,499.65,501.4,502.8,8782,7711,-263,14.17
2026-09-17 14:26:29,23275.2,2026-09-22,22800.0,CE,512.0,509.0,509.7,10912,2094,320,7.35
2026-09-17 14:26:29,23275.2,2026-09-22,22800.0,PE,15.6,15.5,15.6,665469,83862,5743,13.97
2026-09-17 14:26:29,23275.2,2026-09-22,22850.0,CE,469.3,461.45,463.05,2104,902,89,10.13
2026-09-17 14:26:29,23275.2,2026-09-22,22850.0,PE,19.0,18.95,19.05,387111,27337,7851,13.65
2026-09-17 14:26:29,23275.2,2026-09-22,22900.0,CE,416.6,416.2,417.5,15015,2161,353,10.13
2026-09-17 14:26:29,23275.2,2026-09-22,22900.0,PE,23.15,23.15,23.2,786551,51267,-3744,13.31
2026-09-17 14:26:29,23275.2,2026-09-22,22950.0,CE,373.1,371.6,372.55,8103,1262,491,10.31
2026-09-17 14:26:29,23275.2,2026-09-22,22950.0,PE,28.3,28.3,28.4,560568,37526,14270,13.04
2026-09-17 14:26:29,23275.2,2026-09-22,23000.0,CE,328.4,328.2,329.0,123535,13745,2817,10.59
2026-09-17 14:26:29,23275.2,2026-09-22,23000.0,PE,35.3,35.3,35.4,1454321,145130,20015,12.8
2026-09-17 14:26:29,23275.2,2026-09-22,23050.0,CE,287.0,286.5,287.2,47475,4056,1539,10.72
2026-09-17 14:26:29,23275.2,2026-09-22,23050.0,PE,43.5,43.35,43.5,610591,37613,6106,12.5
2026-09-17 14:26:29,23275.2,2026-09-22,23100.0,CE,247.6,247.05,247.65,280671,16881,2036,10.56
2026-09-17 14:26:29,23275.2,2026-09-22,23100.0,PE,53.5,53.55,53.65,1237179,90583,25274,12.25
2026-09-17 14:26:29,23275.2,2026-09-22,23150.0,CE,210.55,209.7,210.1,304315,12274,1800,10.63
2026-09-17 14:26:29,23275.2,2026-09-22,23150.0,PE,66.2,66.0,66.2,872222,52920,13992,12.03
2026-09-17 14:26:29,23275.2,2026-09-22,23200.0,CE,174.95,174.65,174.95,1428513,69067,2732,10.51
2026-09-17 14:26:29,23275.2,2026-09-22,23200.0,PE,81.2,81.25,81.3,2500291,155951,41072,11.82
2026-09-17 14:26:29,23275.2,2026-09-22,23250.0,CE,143.0,143.0,143.2,1678900,66402,24851,10.3
2026-09-17 14:26:29,23275.2,2026-09-22,23250.0,PE,99.6,99.6,99.85,1924785,93002,42517,11.7
2026-09-17 14:26:29,23275.2,2026-09-22,23300.0,CE,115.05,115.0,115.1,2813232,137218,69675,10.28
2026-09-17 14:26:29,23275.2,2026-09-22,23300.0,PE,121.5,121.15,121.5,2567758,113775,64565,11.53
2026-09-17 14:26:29,23275.2,2026-09-22,23350.0,CE,90.7,90.7,90.75,1540597,68549,42016,10.18
2026-09-17 14:26:29,23275.2,2026-09-22,23350.0,PE,146.45,146.45,146.8,910931,29137,17340,11.46
2026-09-17 14:26:29,23275.2,2026-09-22,23400.0,CE,69.8,69.65,69.8,1849356,126681,39928,10.1
2026-09-17 14:26:29,23275.2,2026-09-22,23400.0,PE,176.1,176.2,176.6,759302,51685,5684,11.49
2026-09-17 14:26:29,23275.2,2026-09-22,23450.0,CE,52.85,52.7,52.8,861689,48290,13785,10.07
2026-09-17 14:26:29,23275.2,2026-09-22,23450.0,PE,208.95,208.5,209.0,180136,10325,1580,11.58
2026-09-17 14:26:29,23275.2,2026-09-22,23500.0,CE,39.1,38.95,39.1,1721605,131011,15102,10.05
2026-09-17 14:26:29,23275.2,2026-09-22,23500.0,PE,244.2,244.1,244.8,288197,36573,931,11.57
2026-09-17 14:26:29,23275.2,2026-09-22,23550.0,CE,28.35,28.2,28.35,801781,52143,19763,10.04
2026-09-17 14:26:29,23275.2,2026-09-22,23550.0,PE,283.1,283.8,284.55,45997,4117,1871,11.83
2026-09-17 14:26:29,23275.2,2026-09-22,23600.0,CE,20.2,20.15,20.25,1169992,93752,18552,10.07
2026-09-17 14:26:29,23275.2,2026-09-22,23600.0,PE,325.25,325.55,326.45,59912,11446,-4290,12.14
2026-09-17 14:26:29,23275.2,2026-09-22,23650.0,CE,14.5,14.5,14.55,659976,46550,17576,10.15
2026-09-17 14:26:29,23275.2,2026-09-22,23650.0,PE,367.0,369.8,370.9,8451,3437,528,12.75
2026-09-17 14:26:29,23275.2,2026-09-22,23700.0,CE,10.3,10.25,10.3,863073,114231,30729,10.22
2026-09-17 14:26:29,23275.2,2026-09-22,23700.0,PE,416.6,415.55,416.85,19166,10931,-1277,13.02
2026-09-17 14:26:29,23275.2,2026-09-22,23750.0,CE,7.45,7.45,7.5,504782,52370,19545,10.41
2026-09-17 14:26:29,23275.2,2026-09-22,23750.0,PE,456.4,462.65,464.25,3879,1673,28,12.42
2026-09-17 14:26:29,23275.2,2026-09-22,23800.0,CE,5.55,5.5,5.55,778991,123427,26638,10.63
2026-09-17 14:26:29,23275.2,2026-09-22,23800.0,PE,509.9,510.45,512.2,8787,7704,-270,14.17
2026-09-17 14:27:30,23276.15,2026-09-22,22800.0,CE,505.0,500.1,501.8,10923,2094,320,7.35
2026-09-17 14:27:30,23276.15,2026-09-22,22800.0,PE,16.0,16.0,16.05,668320,83279,5160,13.97
2026-09-17 14:27:30,23276.15,2026-09-22,22850.0,CE,456.4,453.55,455.6,2106,904,91,10.13
2026-09-17 14:27:30,23276.15,2026-09-22,22850.0,PE,19.55,19.6,19.65,387783,27245,7759,13.65
2026-09-17 14:27:30,23276.15,2026-09-22,22900.0,CE,409.8,408.5,409.8,15051,2161,353,10.13
2026-09-17 14:27:30,23276.15,2026-09-22,22900.0,PE,24.05,23.95,24.05,788697,51267,-3744,13.31
2026-09-17 14:27:30,23276.15,2026-09-22,22950.0,CE,365.45,364.2,365.15,8135,1262,491,10.31
2026-09-17 14:27:30,23276.15,2026-09-22,22950.0,PE,29.55,29.45,29.55,562161,37526,14270,13.04
2026-09-17 14:27:30,23276.15,2026-09-22,23000.0,CE,322.65,321.0,321.75,123954,13745,2817,10.59
2026-09-17 14:27:30,23276.15,2026-09-22,23000.0,PE,36.8,36.75,36.9,1460609,145130,20015,12.8
2026-09-17 14:27:30,23276.15,2026-09-22,23050.0,CE,281.05,280.1,280.75,47590,4056,1539,10.72
2026-09-17 14:27:30,23276.15,2026-09-22,23050.0,PE,45.25,45.2,45.3,612707,37613,6106,12.5
2026-09-17 14:27:30,23276.15,2026-09-22,23100.0,CE,241.6,241.05,241.4,281687,16661,1816,10.56
2026-09-17 14:27:30,23276.15,2026-09-22,23100.0,PE,55.7,55.6,55.8,1241557,90523,25214,12.25
2026-09-17 14:27:30,23276.15,2026-09-22,23150.0,CE,204.0,204.0,204.15,305234,12110,1636,10.63
2026-09-17 14:27:30,23276.15,2026-09-22,23150.0,PE,69.0,68.8,69.0,874686,52763,13835,12.03
2026-09-17 14:27:30,23276.15,2026-09-22,23200.0,CE,170.0,169.6,169.9,1432689,68778,2443,10.51
2026-09-17 14:27:30,23276.15,2026-09-22,23200.0,PE,84.5,84.45,84.5,2509341,155907,41028,11.82
2026-09-17 14:27:30,23276.15,2026-09-22,23250.0,CE,138.3,138.45,138.7,1686481,66402,24851,10.3
2026-09-17 14:27:30,23276.15,2026-09-22,23250.0,PE,103.6,103.4,103.65,1933024,93002,42517,11.7
2026-09-17 14:27:30,23276.15,2026-09-22,23300.0,CE,111.35,111.15,111.35,2826224,137218,69675,10.28
2026-09-17 14:27:30,23276.15,2026-09-22,23300.0,PE,126.0,125.75,126.0,2579557,113775,64565,11.53
2026-09-17 14:27:30,23276.15,2026-09-22,23350.0,CE,87.55,87.4,87.55,1547046,68549,42016,10.18
2026-09-17 14:27:30,23276.15,2026-09-22,23350.0,PE,151.7,151.75,152.0,914636,29137,17340,11.46
2026-09-17 14:27:30,23276.15,2026-09-22,23400.0,CE,67.35,67.2,67.25,1857218,126681,39928,10.1
2026-09-17 14:27:30,23276.15,2026-09-22,23400.0,PE,182.0,181.8,182.25,762788,51685,5684,11.49
2026-09-17 14:27:30,23276.15,2026-09-22,23450.0,CE,50.9,50.7,50.9,864986,47627,13122,10.07
2026-09-17 14:27:30,23276.15,2026-09-22,23450.0,PE,215.0,214.75,215.3,180960,10303,1558,11.58
2026-09-17 14:27:30,23276.15,2026-09-22,23500.0,CE,37.6,37.45,37.55,1727607,130674,14765,10.05
2026-09-17 14:27:30,23276.15,2026-09-22,23500.0,PE,250.95,251.1,251.9,289302,36505,863,11.57
2026-09-17 14:27:30,23276.15,2026-09-22,23550.0,CE,27.15,27.15,27.3,803946,52015,19635,10.04
2026-09-17 14:27:30,23276.15,2026-09-22,23550.0,PE,290.3,291.05,291.85,46138,4117,1871,11.83
2026-09-17 14:27:30,23276.15,2026-09-22,23600.0,CE,19.45,19.45,19.55,1173808,93752,18552,10.07
2026-09-17 14:27:30,23276.15,2026-09-22,23600.0,PE,333.25,333.0,333.9,60033,11446,-4290,12.14
2026-09-17 14:27:30,23276.15,2026-09-22,23650.0,CE,14.1,14.05,14.1,661485,46550,17576,10.15
2026-09-17 14:27:30,23276.15,2026-09-22,23650.0,PE,375.0,377.8,378.85,8468,3437,528,12.75
2026-09-17 14:27:30,23276.15,2026-09-22,23700.0,CE,9.95,9.95,10.0,865509,114231,30729,10.22
2026-09-17 14:27:30,23276.15,2026-09-22,23700.0,PE,420.0,423.5,424.9,19240,10931,-1277,13.02
2026-09-17 14:27:30,23276.15,2026-09-22,23750.0,CE,7.3,7.25,7.3,505595,52370,19545,10.41
2026-09-17 14:27:30,23276.15,2026-09-22,23750.0,PE,470.0,470.7,472.1,3882,1669,24,12.42
2026-09-17 14:27:30,23276.15,2026-09-22,23800.0,CE,5.45,5.4,5.45,780219,123395,26606,10.63
2026-09-17 14:27:30,23276.15,2026-09-22,23800.0,PE,520.8,518.4,520.0,8799,7701,-273,14.17
2026-09-17 14:28:30,23275.85,2026-09-22,22800.0,CE,496.15,498.15,499.65,10932,2094,320,7.35
2026-09-17 14:28:30,23275.85,2026-09-22,22800.0,PE,16.1,16.1,16.2,668999,83279,5160,13.97
2026-09-17 14:28:30,23275.85,2026-09-22,22850.0,CE,451.7,451.8,453.3,2108,906,93,10.13
2026-09-17 14:28:30,23275.85,2026-09-22,22850.0,PE,19.85,19.75,19.85,388449,27245,7759,13.65
2026-09-17 14:28:30,23275.85,2026-09-22,22900.0,CE,407.1,406.3,407.6,15067,2157,349,10.13
2026-09-17 14:28:30,23275.85,2026-09-22,22900.0,PE,24.3,24.2,24.3,789294,51167,-3844,13.31
2026-09-17 14:28:30,23275.85,2026-09-22,22950.0,CE,361.95,362.4,363.3,8154,1258,487,10.31
2026-09-17 14:28:30,23275.85,2026-09-22,22950.0,PE,29.65,29.65,29.75,563014,37685,14429,13.04
2026-09-17 14:28:30,23275.85,2026-09-22,23000.0,CE,319.65,318.9,319.7,124130,13726,2798,10.59
2026-09-17 14:28:30,23275.85,2026-09-22,23000.0,PE,37.15,37.15,37.25,1464305,144090,18975,12.8
2026-09-17 14:28:30,23275.85,2026-09-22,23050.0,CE,277.25,278.25,278.85,47690,4018,1501,10.72
2026-09-17 14:28:30,23275.85,2026-09-22,23050.0,PE,45.8,45.65,45.8,613350,37734,6227,12.5
2026-09-17 14:28:30,23275.85,2026-09-22,23100.0,CE,238.7,239.1,239.75,282107,16661,1816,10.56
2026-09-17 14:28:30,23275.85,2026-09-22,23100.0,PE,56.55,56.45,56.55,1243674,90523,25214,12.25
2026-09-17 14:28:30,23275.85,2026-09-22,23150.0,CE,202.6,202.25,202.75,305515,12110,1636,10.63
2026-09-17 14:28:30,23275.85,2026-09-22,23150.0,PE,69.7,69.5,69.7,876007,52763,13835,12.03
2026-09-17 14:28:30,23275.85,2026-09-22,23200.0,CE,168.3,168.3,168.7,1434617,68778,2443,10.51
2026-09-17 14:28:30,23275.85,2026-09-22,23200.0,PE,85.45,85.3,85.55,2514011,155907,41028,11.82
2026-09-17 14:28:30,23275.85,2026-09-22,23250.0,CE,137.2,137.1,137.35,1688890,65765,24214,10.3
2026-09-17 14:28:30,23275.85,2026-09-22,23250.0,PE,104.85,104.55,104.85,1936992,93435,42950,11.7
2026-09-17 14:28:30,23275.85,2026-09-22,23300.0,CE,110.15,109.95,110.15,2832708,135286,67743,10.28
2026-09-17 14:28:30,23275.85,2026-09-22,23300.0,PE,127.1,127.05,127.25,2583790,115520,66310,11.53
2026-09-17 14:28:30,23275.85,2026-09-22,23350.0,CE,86.4,86.4,86.6,1549036,68105,41572,10.18
2026-09-17 14:28:30,23275.85,2026-09-22,23350.0,PE,153.5,153.35,153.45,916064,29360,17563,11.46
2026-09-17 14:28:30,23275.85,2026-09-22,23400.0,CE,66.5,66.5,66.7,1860834,125569,38816,10.1
2026-09-17 14:28:30,23275.85,2026-09-22,23400.0,PE,183.4,183.5,183.95,764303,52123,6122,11.49
2026-09-17 14:28:30,23275.85,2026-09-22,23450.0,CE,50.3,50.15,50.35,866756,47627,13122,10.07
2026-09-17 14:28:30,23275.85,2026-09-22,23450.0,PE,217.4,216.9,217.4,181275,10303,1558,11.58
2026-09-17 14:28:30,23275.85,2026-09-22,23500.0,CE,37.2,37.15,37.3,1729930,130674,14765,10.05
2026-09-17 14:28:30,23275.85,2026-09-22,23500.0,PE,254.4,253.25,253.9,290661,36505,863,11.57
2026-09-17 14:28:30,23275.85,2026-09-22,23550.0,CE,27.1,27.0,27.1,804895,52015,19635,10.04
2026-09-17 14:28:30,23275.85,2026-09-22,23550.0,PE,294.3,293.05,294.0,46256,4130,1884,11.83
2026-09-17 14:28:30,23275.85,2026-09-22,23600.0,CE,19.4,19.3,19.4,1175122,93569,18369,10.07
2026-09-17 14:28:30,23275.85,2026-09-22,23600.0,PE,335.5,335.55,336.45,60269,11462,-4274,12.14
2026-09-17 14:28:30,23275.85,2026-09-22,23650.0,CE,13.9,14.0,14.05,662090,46581,17607,10.15
2026-09-17 14:28:30,23275.85,2026-09-22,23650.0,PE,380.65,379.75,380.9,8493,3439,530,12.75
2026-09-17 14:28:30,23275.85,2026-09-22,23700.0,CE,9.9,9.9,10.0,866665,113841,30339,10.22
2026-09-17 14:28:30,23275.85,2026-09-22,23700.0,PE,427.3,425.8,427.15,19257,10943,-1265,13.02
2026-09-17 14:28:30,23275.85,2026-09-22,23750.0,CE,7.25,7.25,7.3,505904,52294,19469,10.41
2026-09-17 14:28:30,23275.85,2026-09-22,23750.0,PE,474.95,472.8,474.65,3901,1669,24,12.42
2026-09-17 14:28:30,23275.85,2026-09-22,23800.0,CE,5.4,5.4,5.45,781071,123395,26606,10.63
2026-09-17 14:28:30,23275.85,2026-09-22,23800.0,PE,522.05,521.15,522.8,8819,7691,-283,14.17
2026-09-17 14:29:31,23271.45,2026-09-22,22750.0,CE,550.0,540.2,542.1,785,514,104,
2026-09-17 14:29:31,23271.45,2026-09-22,22750.0,PE,13.75,13.7,13.75,333579,31985,16801,14.44
2026-09-17 14:29:31,23271.45,2026-09-22,22800.0,CE,494.95,493.2,494.7,10954,2094,320,
2026-09-17 14:29:31,23271.45,2026-09-22,22800.0,PE,16.7,16.6,16.7,670486,82935,4816,14.08
2026-09-17 14:29:31,23271.45,2026-09-22,22850.0,CE,451.7,446.95,448.35,2108,906,93,9.15
2026-09-17 14:29:31,23271.45,2026-09-22,22850.0,PE,20.35,20.35,20.4,388785,26946,7460,13.8
2026-09-17 14:29:31,23271.45,2026-09-22,22900.0,CE,404.55,401.9,403.15,15079,2157,349,9.6
2026-09-17 14:29:31,23271.45,2026-09-22,22900.0,PE,25.0,24.9,24.95,790848,51046,-3965,13.43
2026-09-17 14:29:31,23271.45,2026-09-22,22950.0,CE,358.6,357.65,358.5,8166,1262,491,10.75
2026-09-17 14:29:31,23271.45,2026-09-22,22950.0,PE,30.6,30.6,30.7,563492,37352,14096,13.13
2026-09-17 14:29:31,23271.45,2026-09-22,23000.0,CE,315.15,315.35,315.9,124250,13796,2868,9.83
2026-09-17 14:29:31,23271.45,2026-09-22,23000.0,PE,38.1,38.1,38.2,1467434,142886,17771,12.97
2026-09-17 14:29:31,23271.45,2026-09-22,23050.0,CE,274.5,274.5,275.25,47756,4003,1486,10.21
2026-09-17 14:29:31,23271.45,2026-09-22,23050.0,PE,46.95,46.75,46.9,614020,37478,5971,12.62
2026-09-17 14:29:31,23271.45,2026-09-22,23100.0,CE,235.2,235.25,235.9,282439,16582,1737,10.21
2026-09-17 14:29:31,23271.45,2026-09-22,23100.0,PE,58.0,57.85,58.0,1246641,90467,25158,12.41
2026-09-17 14:29:31,23271.45,2026-09-22,23150.0,CE,199.3,198.6,199.15,305929,12055,1581,10.15
2026-09-17 14:29:31,23271.45,2026-09-22,23150.0,PE,71.4,71.35,71.5,877557,52484,13556,12.22
2026-09-17 14:29:31,23271.45,2026-09-22,23200.0,CE,165.15,165.05,165.5,1436816,68987,2652,10.1
2026-09-17 14:29:31,23271.45,2026-09-22,23200.0,PE,87.5,87.3,87.55,2519955,155792,40913,12.06
2026-09-17 14:29:31,23271.45,2026-09-22,23250.0,CE,134.65,134.3,134.6,1691974,65574,24023,10.11
2026-09-17 14:29:31,23271.45,2026-09-22,23250.0,PE,106.8,106.8,107.05,1941437,93304,42819,11.87
2026-09-17 14:29:31,23271.45,2026-09-22,23300.0,CE,107.75,107.6,107.75,2839498,135194,67651,9.98
2026-09-17 14:29:31,23271.45,2026-09-22,23300.0,PE,129.7,129.7,129.95,2589959,115594,66384,11.75
2026-09-17 14:29:31,23271.45,2026-09-22,23350.0,CE,84.7,84.55,84.75,1551927,68054,41521,9.96
2026-09-17 14:29:31,23271.45,2026-09-22,23350.0,PE,156.0,155.95,156.0,917517,29298,17501,11.77
2026-09-17 14:29:31,23271.45,2026-09-22,23400.0,CE,64.75,64.7,64.9,1865628,125671,38918,9.91
2026-09-17 14:29:31,23271.45,2026-09-22,23400.0,PE,187.2,187.0,187.4,766321,52254,6253,11.88
2026-09-17 14:29:31,23271.45,2026-09-22,23450.0,CE,48.7,48.65,48.8,868887,47674,13169,9.89
2026-09-17 14:29:31,23271.45,2026-09-22,23450.0,PE,220.7,220.5,220.85,181513,10376,1631,11.86
2026-09-17 14:29:31,23271.45,2026-09-22,23500.0,CE,36.1,36.0,36.05,1733593,130868,14959,9.88
2026-09-17 14:29:31,23271.45,2026-09-22,23500.0,PE,257.15,257.35,258.0,291156,36175,533,12.01
2026-09-17 14:29:31,23271.45,2026-09-22,23550.0,CE,26.15,26.1,26.2,805975,52042,19662,9.88
2026-09-17 14:29:31,23271.45,2026-09-22,23550.0,PE,297.35,297.4,298.25,46295,4098,1852,12.34
2026-09-17 14:29:31,23271.45,2026-09-22,23600.0,CE,18.85,18.75,18.85,1177303,93791,18591,9.95
2026-09-17 14:29:31,23271.45,2026-09-22,23600.0,PE,340.0,340.0,340.8,60347,11402,-4334,12.32
2026-09-17 14:29:31,23271.45,2026-09-22,23650.0,CE,13.55,13.55,13.6,663762,46725,17751,10.02
2026-09-17 14:29:31,23271.45,2026-09-22,23650.0,PE,382.0,384.85,386.05,8494,3436,527,12.77
2026-09-17 14:29:31,23271.45,2026-09-22,23700.0,CE,9.6,9.6,9.65,867686,113465,29963,10.12
2026-09-17 14:29:31,23271.45,2026-09-22,23700.0,PE,429.05,430.55,431.85,19292,10936,-1272,13.06
2026-09-17 14:29:31,23271.45,2026-09-22,23750.0,CE,7.1,7.05,7.1,506191,52348,19523,10.32
2026-09-17 14:29:31,23271.45,2026-09-22,23750.0,PE,478.75,477.55,479.35,3903,1679,34,13.38
2026-09-17 14:30:31,23282.25,2026-09-22,22800.0,CE,498.15,498.05,499.6,10955,2094,320,7.35
2026-09-17 14:30:31,23282.25,2026-09-22,22800.0,PE,16.25,16.2,16.3,671396,83030,4911,13.97
2026-09-17 14:30:31,23282.25,2026-09-22,22850.0,CE,451.7,451.6,453.25,2108,906,93,10.13
2026-09-17 14:30:31,23282.25,2026-09-22,22850.0,PE,19.9,19.85,20.0,389424,26904,7418,13.65
2026-09-17 14:30:31,23282.25,2026-09-22,22900.0,CE,405.95,406.5,407.5,15114,2159,351,10.13
2026-09-17 14:30:31,23282.25,2026-09-22,22900.0,PE,24.4,24.4,24.5,791749,51512,-3499,13.31
2026-09-17 14:30:31,23282.25,2026-09-22,22950.0,CE,361.9,362.0,363.1,8174,1271,500,10.31
2026-09-17 14:30:31,23282.25,2026-09-22,22950.0,PE,30.0,29.9,30.05,564461,37382,14126,13.04
2026-09-17 14:30:31,23282.25,2026-09-22,23000.0,CE,320.0,319.25,320.0,124425,13847,2919,10.59
2026-09-17 14:30:31,23282.25,2026-09-22,23000.0,PE,37.5,37.35,37.45,1470823,142999,17884,12.8
2026-09-17 14:30:31,23282.25,2026-09-22,23050.0,CE,278.6,278.05,278.85,47871,4011,1494,10.72
2026-09-17 14:30:31,23282.25,2026-09-22,23050.0,PE,46.05,46.0,46.1,616072,37626,6119,12.5
2026-09-17 14:30:31,23282.25,2026-09-22,23100.0,CE,239.2,239.2,239.8,283063,16544,1699,10.56
2026-09-17 14:30:31,23282.25,2026-09-22,23100.0,PE,56.5,56.45,56.6,1249601,90569,25260,12.25
2026-09-17 14:30:31,23282.25,2026-09-22,23150.0,CE,202.85,202.35,202.8,306429,11995,1521,10.63
2026-09-17 14:30:31,23282.25,2026-09-22,23150.0,PE,69.8,69.65,69.75,879355,52695,13767,12.03
2026-09-17 14:30:31,23282.25,2026-09-22,23200.0,CE,168.45,168.45,168.7,1440048,68940,2605,10.51
2026-09-17 14:30:31,23282.25,2026-09-22,23200.0,PE,85.6,85.4,85.6,2525762,155039,40160,11.82
2026-09-17 14:30:31,23282.25,2026-09-22,23250.0,CE,137.3,137.0,137.3,1695675,66634,25083,10.3
2026-09-17 14:30:31,23282.25,2026-09-22,23250.0,PE,104.85,104.6,104.85,1946578,92876,42391,11.7
2026-09-17 14:30:31,23282.25,2026-09-22,23300.0,CE,109.7,109.8,110.0,2844646,135542,67999,10.28
2026-09-17 14:30:31,23282.25,2026-09-22,23300.0,PE,127.05,127.0,127.3,2596509,116003,66793,11.53
2026-09-17 14:30:31,23282.25,2026-09-22,23350.0,CE,86.2,86.2,86.45,1554529,67971,41438,10.18
2026-09-17 14:30:31,23282.25,2026-09-22,23350.0,PE,153.5,153.2,153.6,919477,29295,17498,11.46
2026-09-17 14:30:31,23282.25,2026-09-22,23400.0,CE,66.25,66.2,66.35,1869783,125770,39017,10.1
2026-09-17 14:30:31,23282.25,2026-09-22,23400.0,PE,184.0,183.4,183.85,767942,52282,6281,11.49
2026-09-17 14:30:31,23282.25,2026-09-22,23450.0,CE,50.1,50.05,50.1,870442,47442,12937,10.07
2026-09-17 14:30:31,23282.25,2026-09-22,23450.0,PE,216.6,216.55,217.15,182121,10317,1572,11.58
2026-09-17 14:30:31,23282.25,2026-09-22,23500.0,CE,37.0,36.95,37.05,1738185,130513,14604,10.05
2026-09-17 14:30:31,23282.25,2026-09-22,23500.0,PE,253.0,252.85,253.6,291648,36115,473,11.57
2026-09-17 14:30:31,23282.25,2026-09-22,23550.0,CE,26.8,26.8,26.85,807832,51983,19603,10.04
2026-09-17 14:30:31,23282.25,2026-09-22,23550.0,PE,294.0,292.75,293.75,46479,4095,1849,11.83
2026-09-17 14:30:31,23282.25,2026-09-22,23600.0,CE,19.3,19.2,19.3,1179783,93808,18608,10.07
2026-09-17 14:30:31,23282.25,2026-09-22,23600.0,PE,336.3,335.4,336.3,60455,11351,-4385,12.14
2026-09-17 14:30:31,23282.25,2026-09-22,23650.0,CE,13.9,13.9,13.95,664832,46419,17445,10.15
2026-09-17 14:30:31,23282.25,2026-09-22,23650.0,PE,381.5,380.2,381.4,8500,3436,527,12.75
2026-09-17 14:30:31,23282.25,2026-09-22,23700.0,CE,9.85,9.85,9.9,869027,113331,29829,10.22
2026-09-17 14:30:31,23282.25,2026-09-22,23700.0,PE,427.3,426.1,427.55,19295,10929,-1279,13.02
2026-09-17 14:30:31,23282.25,2026-09-22,23750.0,CE,7.2,7.2,7.25,506792,52377,19552,10.41
2026-09-17 14:30:31,23282.25,2026-09-22,23750.0,PE,474.45,472.6,474.3,3905,1679,34,12.42
2026-09-17 14:30:31,23282.25,2026-09-22,23800.0,CE,5.35,5.35,5.4,782000,123336,26547,10.63
2026-09-17 14:30:31,23282.25,2026-09-22,23800.0,PE,522.7,521.1,522.9,8823,7677,-297,14.17
2026-09-17 14:31:32,23278.35,2026-09-22,22800.0,CE,500.0,498.95,500.4,10964,2098,324,7.35
2026-09-17 14:31:32,23278.35,2026-09-22,22800.0,PE,16.15,16.1,16.2,673134,83358,5239,13.97
2026-09-17 14:31:32,23278.35,2026-09-22,22850.0,CE,451.7,452.7,454.1,2108,906,93,10.13
2026-09-17 14:31:32,23278.35,2026-09-22,22850.0,PE,19.8,19.75,19.8,390482,26824,7338,13.65
2026-09-17 14:31:32,23278.35,2026-09-22,22900.0,CE,408.2,407.4,408.35,15123,2131,323,10.13
2026-09-17 14:31:32,23278.35,2026-09-22,22900.0,PE,24.2,24.1,24.2,793671,51486,-3525,13.31
2026-09-17 14:31:32,23278.35,2026-09-22,22950.0,CE,366.0,362.7,363.65,8195,1269,498,10.31
2026-09-17 14:31:32,23278.35,2026-09-22,22950.0,PE,29.75,29.6,29.7,565492,37543,14287,13.04
2026-09-17 14:31:32,23278.35,2026-09-22,23000.0,CE,319.75,320.0,320.45,124789,13853,2925,10.59
2026-09-17 14:31:32,23278.35,2026-09-22,23000.0,PE,37.0,37.0,37.15,1475243,143650,18535,12.8
2026-09-17 14:31:32,23278.35,2026-09-22,23050.0,CE,279.7,278.7,279.4,48060,3993,1476,10.72
2026-09-17 14:31:32,23278.35,2026-09-22,23050.0,PE,45.3,45.35,45.45,618233,37984,6477,12.5
2026-09-17 14:31:32,23278.35,2026-09-22,23100.0,CE,239.35,239.35,240.0,284002,16572,1727,10.56
2026-09-17 14:31:32,23278.35,2026-09-22,23100.0,PE,55.95,55.8,55.95,1254066,91104,25795,12.25
2026-09-17 14:31:32,23278.35,2026-09-22,23150.0,CE,202.9,202.5,202.9,307385,11850,1376,10.63
2026-09-17 14:31:32,23278.35,2026-09-22,23150.0,PE,68.9,68.9,69.1,882412,52836,13908,12.03
2026-09-17 14:31:32,23278.35,2026-09-22,23200.0,CE,168.65,168.5,168.7,1444381,68820,2485,10.51
2026-09-17 14:31:32,23278.35,2026-09-22,23200.0,PE,84.5,84.3,84.55,2536092,155463,40584,11.82
2026-09-17 14:31:32,23278.35,2026-09-22,23250.0,CE,136.75,136.75,137.1,1702295,66117,24566,10.3
2026-09-17 14:31:32,23278.35,2026-09-22,23250.0,PE,103.4,103.55,103.7,1953000,92492,42007,11.7
2026-09-17 14:31:32,23278.35,2026-09-22,23300.0,CE,109.75,109.45,109.75,2855303,134603,67060,10.28
2026-09-17 14:31:32,23278.35,2026-09-22,23300.0,PE,126.1,125.8,126.1,2607960,116094,66884,11.53
2026-09-17 14:31:32,23278.35,2026-09-22,23350.0,CE,85.85,85.85,85.95,1559498,67635,41102,10.18
2026-09-17 14:31:32,23278.35,2026-09-22,23350.0,PE,151.7,151.9,152.3,922840,29464,17667,11.46
2026-09-17 14:31:32,23278.35,2026-09-22,23400.0,CE,65.95,65.75,65.95,1876032,124393,37640,10.1
2026-09-17 14:31:32,23278.35,2026-09-22,23400.0,PE,181.5,181.75,182.2,771034,52272,6271,11.49
2026-09-17 14:31:32,23278.35,2026-09-22,23450.0,CE,49.45,49.4,49.55,874174,47568,13063,10.07
2026-09-17 14:31:32,23278.35,2026-09-22,23450.0,PE,215.4,215.05,215.65,182623,10215,1470,11.58
2026-09-17 14:31:32,23278.35,2026-09-22,23500.0,CE,36.5,36.45,36.5,1746388,128252,12343,10.05
2026-09-17 14:31:32,23278.35,2026-09-22,23500.0,PE,252.25,251.6,252.2,292482,36142,500,11.57
2026-09-17 14:31:32,23278.35,2026-09-22,23550.0,CE,26.3,26.25,26.3,812285,52054,19674,10.04
2026-09-17 14:31:32,23278.35,2026-09-22,23550.0,PE,285.25,291.25,292.0,46583,4108,1862,11.83
2026-09-17 14:31:32,23278.35,2026-09-22,23600.0,CE,18.85,18.75,18.85,1182281,93861,18661,10.07
2026-09-17 14:31:32,23278.35,2026-09-22,23600.0,PE,334.65,333.95,334.85,60601,11363,-4373,12.14
2026-09-17 14:31:32,23278.35,2026-09-22,23650.0,CE,13.5,13.45,13.55,666342,46430,17456,10.15
2026-09-17 14:31:32,23278.35,2026-09-22,23650.0,PE,375.0,378.75,379.9,8511,3438,529,12.75
2026-09-17 14:31:32,23278.35,2026-09-22,23700.0,CE,9.6,9.55,9.6,871409,113322,29820,10.22
2026-09-17 14:31:32,23278.35,2026-09-22,23700.0,PE,424.0,425.15,426.45,19334,10940,-1268,13.02
2026-09-17 14:31:32,23278.35,2026-09-22,23750.0,CE,6.95,6.95,7.0,507567,52249,19424,10.41
2026-09-17 14:31:32,23278.35,2026-09-22,23750.0,PE,468.7,471.5,472.85,3907,1679,34,12.42
2026-09-17 14:31:32,23278.35,2026-09-22,23800.0,CE,5.25,5.2,5.25,783155,123451,26662,10.63
2026-09-17 14:31:32,23278.35,2026-09-22,23800.0,PE,515.45,519.7,521.4,8840,7676,-298,14.17
2026-09-17 14:32:32,23282.0,2026-09-22,22800.0,CE,499.35,505.9,507.55,10967,2099,325,
2026-09-17 14:32:32,23282.0,2026-09-22,22800.0,PE,15.75,15.7,15.75,674114,83046,4927,14.1
2026-09-17 14:32:32,23282.0,2026-09-22,22850.0,CE,451.7,459.15,461.2,2108,906,93,
2026-09-17 14:32:32,23282.0,2026-09-22,22850.0,PE,19.2,19.25,19.35,393078,26793,7307,13.75
2026-09-17 14:32:32,23282.0,2026-09-22,22900.0,CE,413.2,413.75,414.95,15140,2132,324,7.23
2026-09-17 14:32:32,23282.0,2026-09-22,22900.0,PE,23.45,23.35,23.45,794524,51129,-3882,13.43
2026-09-17 14:32:32,23282.0,2026-09-22,22950.0,CE,368.4,369.3,370.35,8201,1271,500,8.49
2026-09-17 14:32:32,23282.0,2026-09-22,22950.0,PE,28.65,28.65,28.75,565908,37376,14120,13.13
2026-09-17 14:32:32,23282.0,2026-09-22,23000.0,CE,326.0,326.25,327.0,124933,13881,2953,9.54
2026-09-17 14:32:32,23282.0,2026-09-22,23000.0,PE,35.7,35.7,35.75,1477863,144032,18917,12.9
2026-09-17 14:32:32,23282.0,2026-09-22,23050.0,CE,283.9,284.5,285.25,48094,4018,1501,9.77
2026-09-17 14:32:32,23282.0,2026-09-22,23050.0,PE,44.2,43.85,44.0,618650,37648,6141,12.61
2026-09-17 14:32:32,23282.0,2026-09-22,23100.0,CE,246.0,245.35,246.0,284205,16476,1631,9.97
2026-09-17 14:32:32,23282.0,2026-09-22,23100.0,PE,54.0,54.0,54.1,1257824,91391,26082,12.35
2026-09-17 14:32:32,23282.0,2026-09-22,23150.0,CE,208.25,207.9,208.4,307724,12014,1540,9.92
2026-09-17 14:32:32,23282.0,2026-09-22,23150.0,PE,66.65,66.4,66.6,883573,52780,13852,12.16
2026-09-17 14:32:32,23282.0,2026-09-22,23200.0,CE,173.5,173.45,173.5,1445797,68893,2558,9.95
2026-09-17 14:32:32,23282.0,2026-09-22,23200.0,PE,81.6,81.6,81.85,2539361,154671,39792,11.91
2026-09-17 14:32:32,23282.0,2026-09-22,23250.0,CE,140.9,140.95,141.25,1704013,66930,25379,9.87
2026-09-17 14:32:32,23282.0,2026-09-22,23250.0,PE,100.3,100.25,100.55,1955595,91876,41391,11.81
2026-09-17 14:32:32,23282.0,2026-09-22,23300.0,CE,113.4,113.35,113.5,2859007,135923,68380,9.83
2026-09-17 14:32:32,23282.0,2026-09-22,23300.0,PE,122.2,122.0,122.2,2612207,116247,67037,11.72
2026-09-17 14:32:32,23282.0,2026-09-22,23350.0,CE,89.15,89.05,89.25,1561065,68578,42045,9.79
2026-09-17 14:32:32,23282.0,2026-09-22,23350.0,PE,147.2,147.2,147.45,923867,28893,17096,11.68
2026-09-17 14:32:32,23282.0,2026-09-22,23400.0,CE,68.35,68.2,68.4,1879022,125679,38926,9.77
2026-09-17 14:32:32,23282.0,2026-09-22,23400.0,PE,176.85,176.95,177.4,772189,52098,6097,11.69
2026-09-17 14:32:32,23282.0,2026-09-22,23450.0,CE,51.45,51.25,51.4,875300,48707,14202,9.73
2026-09-17 14:32:32,23282.0,2026-09-22,23450.0,PE,211.1,209.3,209.9,182774,10229,1484,11.8
2026-09-17 14:32:32,23282.0,2026-09-22,23500.0,CE,37.9,37.9,38.0,1748370,128451,12542,9.72
2026-09-17 14:32:32,23282.0,2026-09-22,23500.0,PE,247.1,245.15,245.8,292887,36078,436,11.9
2026-09-17 14:32:32,23282.0,2026-09-22,23550.0,CE,27.45,27.35,27.45,813533,51809,19429,9.75
2026-09-17 14:32:32,23282.0,2026-09-22,23550.0,PE,285.15,284.75,285.55,46604,4088,1842,12.33
2026-09-17 14:32:32,23282.0,2026-09-22,23600.0,CE,19.55,19.45,19.55,1183669,93948,18748,9.78
2026-09-17 14:32:32,23282.0,2026-09-22,23600.0,PE,328.8,327.25,328.25,60665,11365,-4371,12.65
2026-09-17 14:32:32,23282.0,2026-09-22,23650.0,CE,13.9,13.95,14.0,666670,46344,17370,9.87
2026-09-17 14:32:32,23282.0,2026-09-22,23650.0,PE,374.2,371.7,372.75,8519,3435,526,13.86
2026-09-17 14:32:32,23282.0,2026-09-22,23700.0,CE,9.8,9.8,9.85,872587,113423,29921,9.97
2026-09-17 14:32:32,23282.0,2026-09-22,23700.0,PE,418.8,417.55,418.7,19354,10943,-1265,14.08
2026-09-17 14:32:32,23282.0,2026-09-22,23750.0,CE,7.05,7.05,7.1,507940,52250,19425,10.17
2026-09-17 14:32:32,23282.0,2026-09-22,23750.0,PE,466.3,463.95,465.75,3925,1676,31,16.26
2026-09-17 14:32:32,23282.0,2026-09-22,23800.0,CE,5.2,5.2,5.25,783778,123417,26628,10.42
2026-09-17 14:32:32,23282.0,2026-09-22,23800.0,PE,514.45,512.75,514.5,8848,7678,-296,15.95
2026-09-17 14:33:32,23281.05,2026-09-22,22800.0,CE,507.8,503.85,505.55,10973,2100,326,
2026-09-17 14:33:32,23281.05,2026-09-22,22800.0,PE,16.05,15.95,16.05,674984,82900,4781,14.1
2026-09-17 14:33:32,23281.05,2026-09-22,22850.0,CE,459.0,457.75,459.4,2110,905,92,
2026-09-17 14:33:32,23281.05,2026-09-22,22850.0,PE,19.5,19.45,19.55,395836,28945,9459,13.75
2026-09-17 14:33:32,23281.05,2026-09-22,22900.0,CE,413.95,412.25,413.45,15155,2140,332,7.23
2026-09-17 14:33:32,23281.05,2026-09-22,22900.0,PE,23.75,23.8,23.85,794923,51224,-3787,13.43
2026-09-17 14:33:32,23281.05,2026-09-22,22950.0,CE,369.05,367.6,368.6,8207,1271,500,8.49
2026-09-17 14:33:32,23281.05,2026-09-22,22950.0,PE,29.15,29.1,29.2,566163,37331,14075,13.13
2026-09-17 14:33:32,23281.05,2026-09-22,23000.0,CE,325.45,324.35,325.25,125123,13805,2877,9.54
2026-09-17 14:33:32,23281.05,2026-09-22,23000.0,PE,36.3,36.25,36.35,1479162,143809,18694,12.9
2026-09-17 14:33:32,23281.05,2026-09-22,23050.0,CE,283.95,283.15,283.95,48119,4011,1494,9.77
2026-09-17 14:33:32,23281.05,2026-09-22,23050.0,PE,44.4,44.45,44.6,619037,37662,6155,12.61
2026-09-17 14:33:32,23281.05,2026-09-22,23100.0,CE,244.7,243.5,244.15,284533,16601,1756,9.97
2026-09-17 14:33:32,23281.05,2026-09-22,23100.0,PE,54.75,54.85,55.0,1259303,93794,28485,12.35
2026-09-17 14:33:32,23281.05,2026-09-22,23150.0,CE,206.95,206.4,206.9,308005,12067,1593,9.92
2026-09-17 14:33:32,23281.05,2026-09-22,23150.0,PE,67.45,67.45,67.6,884184,52917,13989,12.16
2026-09-17 14:33:32,23281.05,2026-09-22,23200.0,CE,172.0,171.95,172.3,1447076,69204,2869,9.95
2026-09-17 14:33:32,23281.05,2026-09-22,23200.0,PE,82.65,82.6,82.8,2541502,154770,39891,11.91
2026-09-17 14:33:32,23281.05,2026-09-22,23250.0,CE,140.45,140.0,140.25,1706615,67461,25910,9.87
2026-09-17 14:33:32,23281.05,2026-09-22,23250.0,PE,101.35,101.4,101.5,1957393,92502,42017,11.81
2026-09-17 14:33:32,23281.05,2026-09-22,23300.0,CE,112.3,112.2,112.25,2863288,136247,68704,9.83
2026-09-17 14:33:32,23281.05,2026-09-22,23300.0,PE,123.3,123.25,123.55,2614963,116557,67347,11.72
2026-09-17 14:33:32,23281.05,2026-09-22,23350.0,CE,88.05,88.05,88.25,1562808,68531,41998,9.79
2026-09-17 14:33:32,23281.05,2026-09-22,23350.0,PE,148.85,148.85,149.05,924375,28897,17100,11.68
2026-09-17 14:33:32,23281.05,2026-09-22,23400.0,CE,67.85,67.6,67.75,1881079,125995,39242,9.77
2026-09-17 14:33:32,23281.05,2026-09-22,23400.0,PE,178.35,178.35,178.65,772865,51868,5867,11.69
2026-09-17 14:33:32,23281.05,2026-09-22,23450.0,CE,50.95,50.8,50.9,875983,48573,14068,9.73
2026-09-17 14:33:32,23281.05,2026-09-22,23450.0,PE,211.75,211.45,211.95,182857,10226,1481,11.8
2026-09-17 14:33:32,23281.05,2026-09-22,23500.0,CE,37.4,37.4,37.5,1750508,128577,12668,9.72
2026-09-17 14:33:32,23281.05,2026-09-22,23500.0,PE,247.85,247.2,247.8,293178,36119,477,11.9
2026-09-17 14:33:32,23281.05,2026-09-22,23550.0,CE,26.9,26.95,27.1,813980,51682,19302,9.75
2026-09-17 14:33:32,23281.05,2026-09-22,23550.0,PE,286.9,286.5,287.25,46614,4088,1842,12.33
2026-09-17 14:33:32,23281.05,2026-09-22,23600.0,CE,19.25,19.2,19.25,1184536,93899,18699,9.78
2026-09-17 14:33:32,23281.05,2026-09-22,23600.0,PE,328.6,329.4,330.15,60773,11360,-4376,12.65
2026-09-17 14:33:32,23281.05,2026-09-22,23650.0,CE,13.85,13.75,13.8,667171,46167,17193,9.87
2026-09-17 14:33:32,23281.05,2026-09-22,23650.0,PE,373.75,373.8,374.95,8525,3436,527,13.86
2026-09-17 14:33:32,23281.05,2026-09-22,23700.0,CE,9.65,9.65,9.7,873769,113525,30023,9.97
2026-09-17 14:33:32,23281.05,2026-09-22,23700.0,PE,419.65,419.75,421.0,19357,10953,-1255,14.08
2026-09-17 14:33:32,23281.05,2026-09-22,23750.0,CE,7.05,7.0,7.05,508333,52364,19539,10.17
2026-09-17 14:33:32,23281.05,2026-09-22,23750.0,PE,465.85,466.35,468.1,3928,1677,32,16.26
2026-09-17 14:33:32,23281.05,2026-09-22,23800.0,CE,5.15,5.15,5.2,784738,123156,26367,10.42
2026-09-17 14:33:32,23281.05,2026-09-22,23800.0,PE,516.0,514.55,516.25,8850,7680,-294,15.95
2026-09-17 14:34:33,23280.45,2026-09-22,22800.0,CE,505.95,498.95,500.4,10975,2100,326,
2026-09-17 14:34:33,23280.45,2026-09-22,22800.0,PE,16.45,16.4,16.5,675360,82785,4666,14.1
2026-09-17 14:34:33,23280.45,2026-09-22,22850.0,CE,459.0,452.6,454.25,2110,905,92,
2026-09-17 14:34:33,23280.45,2026-09-22,22850.0,PE,20.2,20.1,20.2,396413,29655,10169,13.75
2026-09-17 14:34:33,23280.45,2026-09-22,22900.0,CE,412.25,407.55,408.6,15158,2140,332,7.23
2026-09-17 14:34:33,23280.45,2026-09-22,22900.0,PE,24.55,24.55,24.65,795409,51086,-3925,13.43
2026-09-17 14:34:33,23280.45,2026-09-22,22950.0,CE,363.85,362.85,363.85,8213,1272,501,8.49
2026-09-17 14:34:33,23280.45,2026-09-22,22950.0,PE,30.15,30.05,30.15,566516,37267,14011,13.13
2026-09-17 14:34:33,23280.45,2026-09-22,23000.0,CE,321.15,320.0,320.7,125199,13802,2874,9.54
2026-09-17 14:34:33,23280.45,2026-09-22,23000.0,PE,37.45,37.4,37.45,1480683,143622,18507,12.9
2026-09-17 14:34:33,23280.45,2026-09-22,23050.0,CE,279.65,278.85,279.55,48149,4004,1487,9.77
2026-09-17 14:34:33,23280.45,2026-09-22,23050.0,PE,45.9,45.9,46.0,619422,37632,6125,12.61
2026-09-17 14:34:33,23280.45,2026-09-22,23100.0,CE,239.3,239.65,240.05,284903,16663,1818,9.97
2026-09-17 14:34:33,23280.45,2026-09-22,23100.0,PE,56.5,56.45,56.6,1260968,94127,28818,12.35
2026-09-17 14:34:33,23280.45,2026-09-22,23150.0,CE,203.2,202.8,203.3,308212,12019,1545,9.92
2026-09-17 14:34:33,23280.45,2026-09-22,23150.0,PE,69.55,69.4,69.55,884944,52801,13873,12.16
2026-09-17 14:34:33,23280.45,2026-09-22,23200.0,CE,168.85,168.4,168.85,1448046,69310,2975,9.95
2026-09-17 14:34:33,23280.45,2026-09-22,23200.0,PE,85.25,85.0,85.15,2544212,154899,40020,11.91
2026-09-17 14:34:33,23280.45,2026-09-22,23250.0,CE,137.2,137.2,137.55,1707821,67421,25870,9.87
2026-09-17 14:34:33,23280.45,2026-09-22,23250.0,PE,104.05,104.05,104.3,1959335,92792,42307,11.81
2026-09-17 14:34:33,23280.45,2026-09-22,23300.0,CE,109.8,109.75,110.0,2866744,136723,69180,9.83
2026-09-17 14:34:33,23280.45,2026-09-22,23300.0,PE,126.65,126.35,126.65,2616921,116512,67302,11.72
2026-09-17 14:34:33,23280.45,2026-09-22,23350.0,CE,86.05,86.05,86.2,1564116,68524,41991,9.79
2026-09-17 14:34:33,23280.45,2026-09-22,23350.0,PE,152.85,152.4,152.7,924976,28837,17040,11.68
2026-09-17 14:34:33,23280.45,2026-09-22,23400.0,CE,65.9,65.9,66.1,1882355,125964,39211,9.77
2026-09-17 14:34:33,23280.45,2026-09-22,23400.0,PE,182.4,182.1,182.4,773912,52014,6013,11.69
2026-09-17 14:34:33,23280.45,2026-09-22,23450.0,CE,49.4,49.4,49.6,876775,48697,14192,9.73
2026-09-17 14:34:33,23280.45,2026-09-22,23450.0,PE,216.1,215.6,216.15,183001,10230,1485,11.8
2026-09-17 14:34:33,23280.45,2026-09-22,23500.0,CE,36.5,36.4,36.5,1751864,128653,12744,9.72
2026-09-17 14:34:33,23280.45,2026-09-22,23500.0,PE,251.9,251.8,252.25,293392,36137,495,11.9
2026-09-17 14:34:33,23280.45,2026-09-22,23550.0,CE,26.25,26.2,26.3,814763,51766,19386,9.75
2026-09-17 14:34:33,23280.45,2026-09-22,23550.0,PE,292.0,291.75,292.6,46626,4087,1841,12.33
2026-09-17 14:34:33,23280.45,2026-09-22,23600.0,CE,18.8,18.65,18.75,1185452,94014,18814,9.78
2026-09-17 14:34:33,23280.45,2026-09-22,23600.0,PE,334.0,334.3,335.0,60792,11338,-4398,12.65
2026-09-17 14:34:33,23280.45,2026-09-22,23650.0,CE,13.45,13.4,13.5,667575,46278,17304,9.87
2026-09-17 14:34:33,23280.45,2026-09-22,23650.0,PE,373.75,379.05,380.2,8525,3436,527,13.86
2026-09-17 14:34:33,23280.45,2026-09-22,23700.0,CE,9.45,9.45,9.5,874355,113529,30027,9.97
2026-09-17 14:34:33,23280.45,2026-09-22,23700.0,PE,425.0,425.3,426.5,19372,10949,-1259,14.08
2026-09-17 14:34:33,23280.45,2026-09-22,23750.0,CE,6.85,6.85,6.9,509042,52342,19517,10.17
2026-09-17 14:34:33,23280.45,2026-09-22,23750.0,PE,467.85,472.1,473.65,3931,1678,33,16.26
2026-09-17 14:34:33,23280.45,2026-09-22,23800.0,CE,5.1,5.1,5.15,785247,122921,26132,10.42
2026-09-17 14:34:33,23280.45,2026-09-22,23800.0,PE,516.0,520.1,521.8,8850,7680,-294,15.95
2026-09-17 14:35:33,23277.5,2026-09-22,22800.0,CE,505.95,503.15,504.65,10975,2100,326,
2026-09-17 14:35:33,23277.5,2026-09-22,22800.0,PE,16.0,16.05,16.1,675696,82785,4666,14.1
2026-09-17 14:35:33,23277.5,2026-09-22,22850.0,CE,459.0,455.9,458.4,2110,905,92,
2026-09-17 14:35:33,23277.5,2026-09-22,22850.0,PE,19.7,19.6,19.7,396451,29655,10169,13.75
2026-09-17 14:35:33,23277.5,2026-09-22,22900.0,CE,412.25,411.4,412.65,15158,2140,332,7.23
2026-09-17 14:35:33,23277.5,2026-09-22,22900.0,PE,23.9,23.9,24.0,795647,51086,-3925,13.43
2026-09-17 14:35:33,23277.5,2026-09-22,22950.0,CE,364.0,366.65,367.6,8214,1272,501,8.49
2026-09-17 14:35:33,23277.5,2026-09-22,22950.0,PE,29.45,29.35,29.45,566536,37267,14011,13.13
2026-09-17 14:35:33,23277.5,2026-09-22,23000.0,CE,323.25,323.65,324.55,125262,13802,2874,9.54
2026-09-17 14:35:33,23277.5,2026-09-22,23000.0,PE,36.5,36.45,36.6,1481157,143622,18507,12.9
2026-09-17 14:35:33,23277.5,2026-09-22,23050.0,CE,281.25,282.4,283.15,48166,4004,1487,9.77
2026-09-17 14:35:33,23277.5,2026-09-22,23050.0,PE,44.85,44.8,44.95,619621,37632,6125,12.61
2026-09-17 14:35:33,23277.5,2026-09-22,23100.0,CE,243.0,243.1,243.8,285041,16663,1818,9.97
2026-09-17 14:35:33,23277.5,2026-09-22,23100.0,PE,55.15,55.1,55.25,1261411,94127,28818,12.35
2026-09-17 14:35:33,23277.5,2026-09-22,23150.0,CE,206.0,205.75,206.25,308268,12019,1545,9.92
2026-09-17 14:35:33,23277.5,2026-09-22,23150.0,PE,67.95,67.9,68.05,885179,52801,13873,12.16
2026-09-17 14:35:33,23277.5,2026-09-22,23200.0,CE,171.45,171.35,171.75,1448346,69310,2975,9.95
2026-09-17 14:35:33,23277.5,2026-09-22,23200.0,PE,83.4,83.3,83.4,2545450,154899,40020,11.91
2026-09-17 14:35:33,23277.5,2026-09-22,23250.0,CE,139.75,139.65,139.95,1708596,67421,25870,9.87
2026-09-17 14:35:33,23277.5,2026-09-22,23250.0,PE,101.9,101.95,102.2,1960458,92792,42307,11.81
2026-09-17 14:35:33,23277.5,2026-09-22,23300.0,CE,112.15,111.8,112.0,2868027,136723,69180,9.83
2026-09-17 14:35:33,23277.5,2026-09-22,23300.0,PE,124.15,123.9,124.2,2618123,116512,67302,11.72
2026-09-17 14:35:33,23277.5,2026-09-22,23350.0,CE,87.9,87.8,87.95,1564771,68524,41991,9.79
2026-09-17 14:35:33,23277.5,2026-09-22,23350.0,PE,149.75,149.5,149.85,925226,28837,17040,11.68
2026-09-17 14:35:33,23277.5,2026-09-22,23400.0,CE,67.4,67.4,67.6,1882932,125964,39211,9.77
2026-09-17 14:35:33,23277.5,2026-09-22,23400.0,PE,179.55,179.0,179.5,774513,52014,6013,11.69
2026-09-17 14:35:33,23277.5,2026-09-22,23450.0,CE,50.65,50.65,50.8,877095,48697,14192,9.73
2026-09-17 14:35:33,23277.5,2026-09-22,23450.0,PE,213.0,212.0,212.6,183028,10230,1485,11.8
2026-09-17 14:35:33,23277.5,2026-09-22,23500.0,CE,37.4,37.25,37.35,1752376,128653,12744,9.72
2026-09-17 14:35:33,23277.5,2026-09-22,23500.0,PE,248.6,248.15,248.75,293474,36137,495,11.9
2026-09-17 14:35:33,23277.5,2026-09-22,23550.0,CE,26.85,26.85,26.95,814956,51766,19386,9.75
2026-09-17 14:35:33,23277.5,2026-09-22,23550.0,PE,290.45,287.6,288.35,46629,4087,1841,12.33
2026-09-17 14:35:33,23277.5,2026-09-22,23600.0,CE,19.1,19.1,19.15,1186157,94014,18814,9.78
2026-09-17 14:35:33,23277.5,2026-09-22,23600.0,PE,332.4,330.15,331.0,60811,11338,-4398,12.65
2026-09-17 14:35:33,23277.5,2026-09-22,23650.0,CE,13.65,13.65,13.75,667852,46278,17304,9.87
2026-09-17 14:35:33,23277.5,2026-09-22,23650.0,PE,373.75,374.75,375.8,8525,3436,527,13.86
2026-09-17 14:35:33,23277.5,2026-09-22,23700.0,CE,9.65,9.65,9.7,874979,113529,30027,9.97
2026-09-17 14:35:33,23277.5,2026-09-22,23700.0,PE,425.0,420.65,422.05,19372,10949,-1259,14.08
2026-09-17 14:35:33,23277.5,2026-09-22,23750.0,CE,6.95,6.95,7.0,509186,52342,19517,10.17
2026-09-17 14:35:33,23277.5,2026-09-22,23750.0,PE,467.85,467.3,468.9,3931,1678,33,16.26
2026-09-17 14:35:33,23277.5,2026-09-22,23800.0,CE,5.2,5.15,5.2,785412,122921,26132,10.42
2026-09-17 14:35:33,23277.5,2026-09-22,23800.0,PE,516.0,515.3,517.5,8850,7680,-294,15.95
2026-09-17 14:36:33,23286.55,2026-09-22,22800.0,CE,500.8,498.45,500.0,10987,2102,328,
2026-09-17 14:36:33,23286.55,2026-09-22,22800.0,PE,16.55,16.45,16.55,677270,82692,4573,14.1
2026-09-17 14:36:33,23286.55,2026-09-22,22850.0,CE,452.65,451.9,453.5,2119,907,94,
2026-09-17 14:36:33,23286.55,2026-09-22,22850.0,PE,20.2,20.2,20.25,397589,29744,10258,13.75
2026-09-17 14:36:33,23286.55,2026-09-22,22900.0,CE,407.65,407.35,407.85,15183,2153,345,7.23
2026-09-17 14:36:33,23286.55,2026-09-22,22900.0,PE,24.65,24.65,24.75,796986,51165,-3846,13.43
2026-09-17 14:36:33,23286.55,2026-09-22,22950.0,CE,364.6,362.3,363.25,8231,1269,498,8.49
2026-09-17 14:36:33,23286.55,2026-09-22,22950.0,PE,30.4,30.2,30.3,567737,37342,14086,13.13
2026-09-17 14:36:33,23286.55,2026-09-22,23000.0,CE,320.55,319.2,320.0,125605,13764,2836,9.54
2026-09-17 14:36:33,23286.55,2026-09-22,23000.0,PE,37.7,37.55,37.7,1484820,143067,17952,12.9
2026-09-17 14:36:33,23286.55,2026-09-22,23050.0,CE,278.9,278.3,279.0,48244,4018,1501,9.77
2026-09-17 14:36:33,23286.55,2026-09-22,23050.0,PE,46.1,46.1,46.25,621124,37678,6171,12.61
2026-09-17 14:36:33,23286.55,2026-09-22,23100.0,CE,240.0,239.1,239.65,285617,16656,1811,9.97
2026-09-17 14:36:33,23286.55,2026-09-22,23100.0,PE,56.9,56.7,56.9,1265605,94663,29354,12.35
2026-09-17 14:36:33,23286.55,2026-09-22,23150.0,CE,202.55,202.25,202.7,308797,11930,1456,9.92
2026-09-17 14:36:33,23286.55,2026-09-22,23150.0,PE,69.75,69.7,69.9,887348,52782,13854,12.16
2026-09-17 14:36:33,23286.55,2026-09-22,23200.0,CE,168.0,168.05,168.5,1450952,69335,3000,9.95
2026-09-17 14:36:33,23286.55,2026-09-22,23200.0,PE,85.65,85.45,85.55,2551882,154803,39924,11.91
2026-09-17 14:36:33,23286.55,2026-09-22,23250.0,CE,137.05,136.7,137.05,1712421,67435,25884,9.87
2026-09-17 14:36:33,23286.55,2026-09-22,23250.0,PE,104.5,104.5,104.75,1966348,92837,42352,11.81
2026-09-17 14:36:33,23286.55,2026-09-22,23300.0,CE,109.85,109.5,109.75,2875168,136462,68919,9.83
2026-09-17 14:36:33,23286.55,2026-09-22,23300.0,PE,127.0,126.8,127.1,2625835,117501,68291,11.72
2026-09-17 14:36:33,23286.55,2026-09-22,23350.0,CE,85.7,85.75,85.95,1569122,68666,42133,9.79
2026-09-17 14:36:33,23286.55,2026-09-22,23350.0,PE,152.9,152.85,153.2,927350,28596,16799,11.68
2026-09-17 14:36:33,23286.55,2026-09-22,23400.0,CE,65.85,65.7,65.85,1887889,125888,39135,9.77
2026-09-17 14:36:33,23286.55,2026-09-22,23400.0,PE,183.25,182.9,183.35,776346,52267,6266,11.69
2026-09-17 14:36:33,23286.55,2026-09-22,23450.0,CE,49.4,49.3,49.4,878899,49011,14506,9.73
2026-09-17 14:36:33,23286.55,2026-09-22,23450.0,PE,217.15,216.45,216.95,183492,10272,1527,11.8
2026-09-17 14:36:33,23286.55,2026-09-22,23500.0,CE,36.3,36.3,36.4,1758057,129785,13876,9.72
2026-09-17 14:36:33,23286.55,2026-09-22,23500.0,PE,252.7,252.45,253.2,293937,36131,489,11.9
2026-09-17 14:36:33,23286.55,2026-09-22,23550.0,CE,26.15,26.15,26.25,816970,52305,19925,9.75
2026-09-17 14:36:33,23286.55,2026-09-22,23550.0,PE,292.75,292.6,293.4,46675,4092,1846,12.33
2026-09-17 14:36:33,23286.55,2026-09-22,23600.0,CE,18.7,18.7,18.75,1188406,94246,19046,9.78
2026-09-17 14:36:33,23286.55,2026-09-22,23600.0,PE,335.0,335.35,336.15,61353,11434,-4302,12.65
2026-09-17 14:36:33,23286.55,2026-09-22,23650.0,CE,13.45,13.4,13.5,669371,46744,17770,9.87
2026-09-17 14:36:33,23286.55,2026-09-22,23650.0,PE,380.0,379.95,381.0,8530,3432,523,13.86
2026-09-17 14:36:33,23286.55,2026-09-22,23700.0,CE,9.5,9.45,9.55,876909,113511,30009,9.97
2026-09-17 14:36:33,23286.55,2026-09-22,23700.0,PE,425.75,425.8,427.3,19377,10935,-1273,14.08
2026-09-17 14:36:33,23286.55,2026-09-22,23750.0,CE,6.9,6.85,6.9,510068,52133,19308,10.17
2026-09-17 14:36:33,23286.55,2026-09-22,23750.0,PE,471.9,472.9,474.25,3933,1679,34,16.26
2026-09-17 14:36:33,23286.55,2026-09-22,23800.0,CE,5.15,5.1,5.15,786395,122890,26101,10.42
2026-09-17 14:36:33,23286.55,2026-09-22,23800.0,PE,519.65,521.05,522.75,8855,7677,-297,15.95
2026-09-17 14:37:34,23287.35,2026-09-22,22800.0,CE,508.3,510.35,511.75,10995,2099,325,
2026-09-17 14:37:34,23287.35,2026-09-22,22800.0,PE,15.35,15.35,15.4,679187,82886,4767,14.1
2026-09-17 14:37:34,23287.35,2026-09-22,22850.0,CE,461.9,464.2,465.7,2126,907,94,
2026-09-17 14:37:34,23287.35,2026-09-22,22850.0,PE,18.7,18.65,18.7,398251,29744,10258,13.75
2026-09-17 14:37:34,23287.35,2026-09-22,22900.0,CE,417.35,418.75,419.95,15214,2139,331,7.23
2026-09-17 14:37:34,23287.35,2026-09-22,22900.0,PE,22.8,22.7,22.8,798272,51165,-3846,13.43
2026-09-17 14:37:34,23287.35,2026-09-22,22950.0,CE,371.55,373.75,374.7,8247,1269,498,8.49
2026-09-17 14:37:34,23287.35,2026-09-22,22950.0,PE,27.9,27.8,27.9,568892,37342,14086,13.13
2026-09-17 14:37:34,23287.35,2026-09-22,23000.0,CE,329.0,329.3,330.0,125959,13764,2836,9.54
2026-09-17 14:37:34,23287.35,2026-09-22,23000.0,PE,35.1,35.0,35.05,1488844,143067,17952,12.9
2026-09-17 14:37:34,23287.35,2026-09-22,23050.0,CE,287.1,287.9,288.7,48351,4018,1501,9.77
2026-09-17 14:37:34,23287.35,2026-09-22,23050.0,PE,42.8,42.75,42.9,622949,37678,6171,12.61
2026-09-17 14:37:34,23287.35,2026-09-22,23100.0,CE,248.05,248.2,248.75,286585,16320,1475,9.97
2026-09-17 14:37:34,23287.35,2026-09-22,23100.0,PE,52.75,52.7,52.85,1269640,94416,29107,12.35
2026-09-17 14:37:34,23287.35,2026-09-22,23150.0,CE,210.9,210.45,210.95,309559,11905,1431,9.92
2026-09-17 14:37:34,23287.35,2026-09-22,23150.0,PE,65.35,65.05,65.25,890280,52533,13605,12.16
2026-09-17 14:37:34,23287.35,2026-09-22,23200.0,CE,175.95,175.5,175.95,1454454,69335,3000,9.95
2026-09-17 14:37:34,23287.35,2026-09-22,23200.0,PE,79.7,79.7,79.95,2560563,154803,39924,11.91
2026-09-17 14:37:34,23287.35,2026-09-22,23250.0,CE,143.85,143.85,144.0,1717602,67435,25884,9.87
2026-09-17 14:37:34,23287.35,2026-09-22,23250.0,PE,97.95,97.8,98.05,1973837,92837,42352,11.81
2026-09-17 14:37:34,23287.35,2026-09-22,23300.0,CE,115.65,115.5,115.65,2886399,136462,68919,9.83
2026-09-17 14:37:34,23287.35,2026-09-22,23300.0,PE,118.85,118.7,119.0,2636662,117501,68291,11.72
2026-09-17 14:37:34,23287.35,2026-09-22,23350.0,CE,90.55,90.35,90.55,1574238,68666,42133,9.79
2026-09-17 14:37:34,23287.35,2026-09-22,23350.0,PE,144.95,144.75,145.0,929986,28596,16799,11.68
2026-09-17 14:37:34,23287.35,2026-09-22,23400.0,CE,69.55,69.45,69.65,1893895,125888,39135,9.77
2026-09-17 14:37:34,23287.35,2026-09-22,23400.0,PE,173.9,173.65,174.0,779276,52267,6266,11.69
2026-09-17 14:37:34,23287.35,2026-09-22,23450.0,CE,52.15,52.2,52.3,881829,48580,14075,9.73
2026-09-17 14:37:34,23287.35,2026-09-22,23450.0,PE,206.85,206.25,206.65,183955,10176,1431,11.8
2026-09-17 14:37:34,23287.35,2026-09-22,23500.0,CE,38.5,38.45,38.55,1762438,128935,13026,9.72
2026-09-17 14:37:34,23287.35,2026-09-22,23500.0,PE,242.4,242.0,242.4,294821,36106,464,11.9
2026-09-17 14:37:34,23287.35,2026-09-22,23550.0,CE,27.9,27.85,27.9,818640,52305,19925,9.75
2026-09-17 14:37:34,23287.35,2026-09-22,23550.0,PE,282.0,280.2,280.95,46776,4092,1846,12.33
2026-09-17 14:37:34,23287.35,2026-09-22,23600.0,CE,19.8,19.8,19.85,1191225,94246,19046,9.78
2026-09-17 14:37:34,23287.35,2026-09-22,23600.0,PE,324.9,321.95,322.95,61535,11434,-4302,12.65
2026-09-17 14:37:34,23287.35,2026-09-22,23650.0,CE,14.1,14.05,14.1,672060,46744,17770,9.87
2026-09-17 14:37:34,23287.35,2026-09-22,23650.0,PE,370.7,366.6,367.65,8541,3432,523,13.86
2026-09-17 14:37:34,23287.35,2026-09-22,23700.0,CE,9.95,9.9,9.95,878692,113511,30009,9.97
2026-09-17 14:37:34,23287.35,2026-09-22,23700.0,PE,415.9,413.55,414.9,19408,10935,-1273,14.08
2026-09-17 14:37:34,23287.35,2026-09-22,23750.0,CE,7.1,7.15,7.2,511043,52133,19308,10.17
2026-09-17 14:37:34,23287.35,2026-09-22,23750.0,PE,463.7,459.85,461.65,3937,1680,35,16.26
2026-09-17 14:37:34,23287.35,2026-09-22,23800.0,CE,5.3,5.25,5.3,788486,122687,25898,10.42
2026-09-17 14:37:34,23287.35,2026-09-22,23800.0,PE,509.9,507.05,509.25,8861,7677,-297,15.95
2026-09-17 14:38:34,23305.05,2026-09-22,22800.0,CE,509.9,510.4,511.9,11014,2098,324,
2026-09-17 14:38:34,23305.05,2026-09-22,22800.0,PE,15.5,15.55,15.6,680484,82686,4567,14.1
2026-09-17 14:38:34,23305.05,2026-09-22,22850.0,CE,463.05,463.7,465.6,2129,905,92,
2026-09-17 14:38:34,23305.05,2026-09-22,22850.0,PE,19.0,18.9,19.0,398853,29782,10296,13.75
2026-09-17 14:38:34,23305.05,2026-09-22,22900.0,CE,417.5,418.2,419.55,15226,2145,337,7.23
2026-09-17 14:38:34,23305.05,2026-09-22,22900.0,PE,23.1,23.0,23.1,799823,50399,-4612,13.43
2026-09-17 14:38:34,23305.05,2026-09-22,22950.0,CE,373.35,373.4,374.3,8267,1256,485,8.49
2026-09-17 14:38:34,23305.05,2026-09-22,22950.0,PE,28.15,28.1,28.25,569517,36936,13680,13.13
2026-09-17 14:38:34,23305.05,2026-09-22,23000.0,CE,329.75,329.95,330.6,126255,13731,2803,9.54
2026-09-17 14:38:34,23305.05,2026-09-22,23000.0,PE,35.05,35.1,35.25,1492756,142452,17337,12.9
2026-09-17 14:38:34,23305.05,2026-09-22,23050.0,CE,288.35,288.5,289.25,48425,3990,1473,9.77
2026-09-17 14:38:34,23305.05,2026-09-22,23050.0,PE,43.1,42.9,43.0,623978,37764,6257,12.61
2026-09-17 14:38:34,23305.05,2026-09-22,23100.0,CE,247.65,248.5,249.0,287084,16433,1588,9.97
2026-09-17 14:38:34,23305.05,2026-09-22,23100.0,PE,52.95,52.95,53.15,1272372,94233,28924,12.35
2026-09-17 14:38:34,23305.05,2026-09-22,23150.0,CE,211.0,210.85,211.35,310030,11957,1483,9.92
2026-09-17 14:38:34,23305.05,2026-09-22,23150.0,PE,65.2,65.2,65.4,891752,52275,13347,12.16
2026-09-17 14:38:34,23305.05,2026-09-22,23200.0,CE,176.15,176.0,176.35,1456415,68873,2538,9.95
2026-09-17 14:38:34,23305.05,2026-09-22,23200.0,PE,80.15,80.0,80.15,2564882,154765,39886,11.91
2026-09-17 14:38:34,23305.05,2026-09-22,23250.0,CE,143.7,143.75,144.1,1720661,67233,25682,9.87
2026-09-17 14:38:34,23305.05,2026-09-22,23250.0,PE,98.35,98.1,98.35,1977216,93097,42612,11.81
2026-09-17 14:38:34,23305.05,2026-09-22,23300.0,CE,115.75,115.5,115.8,2892684,135949,68406,9.83
2026-09-17 14:38:34,23305.05,2026-09-22,23300.0,PE,119.85,119.6,119.7,2641845,116861,67651,11.72
2026-09-17 14:38:34,23305.05,2026-09-22,23350.0,CE,90.85,90.7,90.9,1576874,68380,41847,9.79
2026-09-17 14:38:34,23305.05,2026-09-22,23350.0,PE,144.9,144.75,145.1,931057,28742,16945,11.68
2026-09-17 14:38:34,23305.05,2026-09-22,23400.0,CE,69.95,69.75,69.95,1898569,125519,38766,9.77
2026-09-17 14:38:34,23305.05,2026-09-22,23400.0,PE,174.0,173.55,173.9,780400,52061,6060,11.69
2026-09-17 14:38:34,23305.05,2026-09-22,23450.0,CE,52.5,52.45,52.6,884791,48634,14129,9.73
2026-09-17 14:38:34,23305.05,2026-09-22,23450.0,PE,206.4,206.2,206.85,184195,10178,1433,11.8
2026-09-17 14:38:34,23305.05,2026-09-22,23500.0,CE,38.75,38.65,38.8,1765819,128598,12689,9.72
2026-09-17 14:38:34,23305.05,2026-09-22,23500.0,PE,241.95,241.7,242.35,295148,36161,519,11.9
2026-09-17 14:38:34,23305.05,2026-09-22,23550.0,CE,27.95,27.9,28.0,819501,51987,19607,9.75
2026-09-17 14:38:34,23305.05,2026-09-22,23550.0,PE,283.15,281.2,281.95,46873,4050,1804,12.33
2026-09-17 14:38:34,23305.05,2026-09-22,23600.0,CE,20.0,19.9,19.95,1192756,93789,18589,9.78
2026-09-17 14:38:34,23305.05,2026-09-22,23600.0,PE,324.0,323.3,324.05,61598,11465,-4271,12.65
2026-09-17 14:38:34,23305.05,2026-09-22,23650.0,CE,14.2,14.2,14.25,673012,46005,17031,9.87
2026-09-17 14:38:34,23305.05,2026-09-22,23650.0,PE,369.4,367.35,368.5,8561,3443,534,13.86
2026-09-17 14:38:34,23305.05,2026-09-22,23700.0,CE,10.05,10.0,10.1,880145,112981,29479,9.97
2026-09-17 14:38:34,23305.05,2026-09-22,23700.0,PE,415.25,413.55,414.8,19431,10943,-1265,14.08
2026-09-17 14:38:34,23305.05,2026-09-22,23750.0,CE,7.3,7.2,7.3,511296,52013,19188,10.17
2026-09-17 14:38:34,23305.05,2026-09-22,23750.0,PE,462.75,460.15,461.55,3944,1684,39,16.26
2026-09-17 14:38:34,23305.05,2026-09-22,23800.0,CE,5.35,5.35,5.4,789105,122665,25876,10.42
2026-09-17 14:38:34,23305.05,2026-09-22,23800.0,PE,510.35,508.05,510.05,8866,7675,-299,15.95
2026-09-17 14:39:35,23301.2,2026-09-22,22800.0,CE,528.4,520.35,521.95,11138,2096,322,
2026-09-17 14:39:35,23301.2,2026-09-22,22800.0,PE,14.8,14.85,14.9,689766,82431,4312,14.1
2026-09-17 14:39:35,23301.2,2026-09-22,22850.0,CE,485.85,474.05,476.65,2254,905,92,
2026-09-17 14:39:35,23301.2,2026-09-22,22850.0,PE,18.1,18.1,18.2,402563,29774,10288,13.75
2026-09-17 14:39:35,23301.2,2026-09-22,22900.0,CE,433.6,427.8,429.1,15452,2145,337,7.23
2026-09-17 14:39:35,23301.2,2026-09-22,22900.0,PE,22.0,21.95,22.05,807477,50399,-4612,13.43
2026-09-17 14:39:35,23301.2,2026-09-22,22950.0,CE,388.65,382.7,383.65,8481,1256,485,8.49
2026-09-17 14:39:35,23301.2,2026-09-22,22950.0,PE,26.9,26.85,26.9,576334,36936,13680,13.13
2026-09-17 14:39:35,23301.2,2026-09-22,23000.0,CE,337.7,338.9,339.85,127778,13731,2803,9.54
2026-09-17 14:39:35,23301.2,2026-09-22,23000.0,PE,33.45,33.3,33.45,1507770,142452,17337,12.9
2026-09-17 14:39:35,23301.2,2026-09-22,23050.0,CE,296.15,296.0,296.85,49218,3990,1473,9.77
2026-09-17 14:39:35,23301.2,2026-09-22,23050.0,PE,41.25,41.2,41.3,636747,37764,6257,12.61
2026-09-17 14:39:35,23301.2,2026-09-22,23100.0,CE,256.8,256.7,257.4,291118,15931,1086,9.97
2026-09-17 14:39:35,23301.2,2026-09-22,23100.0,PE,50.35,50.3,50.45,1289248,93754,28445,12.35
2026-09-17 14:39:35,23301.2,2026-09-22,23150.0,CE,218.45,218.35,218.8,313058,11275,801,9.92
2026-09-17 14:39:35,23301.2,2026-09-22,23150.0,PE,62.45,62.3,62.5,902942,51787,12859,12.16
2026-09-17 14:39:35,23301.2,2026-09-22,23200.0,CE,182.15,182.1,182.65,1469975,65400,-935,9.95
2026-09-17 14:39:35,23301.2,2026-09-22,23200.0,PE,76.75,76.7,76.9,2590272,155843,40964,11.91
2026-09-17 14:39:35,23301.2,2026-09-22,23250.0,CE,149.95,149.85,150.15,1738395,67233,25682,9.87
2026-09-17 14:39:35,23301.2,2026-09-22,23250.0,PE,94.1,93.9,94.1,1996177,93097,42612,11.81
2026-09-17 14:39:35,23301.2,2026-09-22,23300.0,CE,120.2,120.25,120.45,2933208,135949,68406,9.83
2026-09-17 14:39:35,23301.2,2026-09-22,23300.0,PE,115.4,115.1,115.25,2665966,116861,67651,11.72
2026-09-17 14:39:35,23301.2,2026-09-22,23350.0,CE,95.4,95.45,95.65,1598561,68380,41847,9.79
2026-09-17 14:39:35,23301.2,2026-09-22,23350.0,PE,138.7,138.45,138.75,939040,28742,16945,11.68
2026-09-17 14:39:35,23301.2,2026-09-22,23400.0,CE,73.15,73.0,73.15,1924342,125519,38766,9.77
2026-09-17 14:39:35,23301.2,2026-09-22,23400.0,PE,168.0,167.65,168.1,787456,52061,6060,11.69
2026-09-17 14:39:35,23301.2,2026-09-22,23450.0,CE,55.6,55.4,55.6,900569,46587,12082,9.73
2026-09-17 14:39:35,23301.2,2026-09-22,23450.0,PE,199.25,198.25,198.75,186161,10115,1370,11.8
2026-09-17 14:39:35,23301.2,2026-09-22,23500.0,CE,40.8,40.7,40.85,1788648,126785,10876,9.72
2026-09-17 14:39:35,23301.2,2026-09-22,23500.0,PE,234.1,233.45,234.15,297959,35706,64,11.9
2026-09-17 14:39:35,23301.2,2026-09-22,23550.0,CE,29.25,29.15,29.25,836256,51259,18879,9.75
2026-09-17 14:39:35,23301.2,2026-09-22,23550.0,PE,272.05,272.15,272.8,47442,4048,1802,12.33
2026-09-17 14:39:35,23301.2,2026-09-22,23600.0,CE,20.8,20.75,20.85,1208877,93789,18589,9.78
2026-09-17 14:39:35,23301.2,2026-09-22,23600.0,PE,311.65,313.6,314.5,62240,11465,-4271,12.65
2026-09-17 14:39:35,23301.2,2026-09-22,23650.0,CE,14.9,14.85,14.9,684662,46005,17031,9.87
2026-09-17 14:39:35,23301.2,2026-09-22,23650.0,PE,353.0,358.55,359.75,8738,3443,534,13.86
2026-09-17 14:39:35,23301.2,2026-09-22,23700.0,CE,10.45,10.35,10.45,896087,112981,29479,9.97
2026-09-17 14:39:35,23301.2,2026-09-22,23700.0,PE,399.75,404.0,405.15,19584,10943,-1265,14.08
2026-09-17 14:39:35,23301.2,2026-09-22,23750.0,CE,7.4,7.4,7.45,518377,52013,19188,10.17
2026-09-17 14:39:35,23301.2,2026-09-22,23750.0,PE,445.45,449.15,451.85,3984,1684,39,16.26
2026-09-17 14:39:35,23301.2,2026-09-22,23800.0,CE,5.45,5.4,5.45,799882,122773,25984,10.42
2026-09-17 14:39:35,23301.2,2026-09-22,23800.0,PE,492.5,498.05,499.7,9460,7434,-540,15.95
2026-09-17 14:40:35,23307.15,2026-09-22,22800.0,CE,533.0,533.05,534.8,11209,2141,367,
2026-09-17 14:40:35,23307.15,2026-09-22,22800.0,PE,14.3,14.25,14.3,692202,82363,4244,14.1
2026-09-17 14:40:35,23307.15,2026-09-22,22850.0,CE,485.85,486.55,488.1,2254,905,92,
2026-09-17 14:40:35,23307.15,2026-09-22,22850.0,PE,17.3,17.25,17.3,407945,29774,10288,13.75
2026-09-17 14:40:35,23307.15,2026-09-22,22900.0,CE,440.7,438.25,439.5,15467,2128,320,7.23
2026-09-17 14:40:35,23307.15,2026-09-22,22900.0,PE,20.9,20.9,21.0,808968,49575,-5436,13.43
2026-09-17 14:40:35,23307.15,2026-09-22,22950.0,CE,393.3,394.1,395.0,8514,1229,458,8.49
2026-09-17 14:40:35,23307.15,2026-09-22,22950.0,PE,25.55,25.55,25.6,577852,36731,13475,13.13
2026-09-17 14:40:35,23307.15,2026-09-22,23000.0,CE,350.9,348.65,349.5,128080,13380,2452,9.54
2026-09-17 14:40:35,23307.15,2026-09-22,23000.0,PE,32.0,31.95,32.0,1512159,143260,18145,12.9
2026-09-17 14:40:35,23307.15,2026-09-22,23050.0,CE,306.3,307.15,307.9,49379,3833,1316,9.77
2026-09-17 14:40:35,23307.15,2026-09-22,23050.0,PE,38.75,38.8,38.95,638280,36965,5458,12.61
2026-09-17 14:40:35,23307.15,2026-09-22,23100.0,CE,265.9,265.5,266.2,292199,15687,842,9.97
2026-09-17 14:40:35,23307.15,2026-09-22,23100.0,PE,47.95,48.0,48.1,1292378,93929,28620,12.35
2026-09-17 14:40:35,23307.15,2026-09-22,23150.0,CE,228.2,228.15,228.8,314245,11034,560,9.92
2026-09-17 14:40:35,23307.15,2026-09-22,23150.0,PE,58.55,58.55,58.7,905472,51691,12763,12.16
2026-09-17 14:40:35,23307.15,2026-09-22,23200.0,CE,190.25,190.25,190.4,1474555,65400,-935,9.95
2026-09-17 14:40:35,23307.15,2026-09-22,23200.0,PE,72.95,72.85,73.0,2600019,155843,40964,11.91
2026-09-17 14:40:35,23307.15,2026-09-22,23250.0,CE,156.7,156.7,157.1,1744904,62991,21440,9.87
2026-09-17 14:40:35,23307.15,2026-09-22,23250.0,PE,89.35,89.4,89.65,2002275,91536,41051,11.81
2026-09-17 14:40:35,23307.15,2026-09-22,23300.0,CE,128.0,127.75,128.0,2947313,129857,62314,9.83
2026-09-17 14:40:35,23307.15,2026-09-22,23300.0,PE,108.95,108.65,108.85,2674426,117888,68678,11.72
2026-09-17 14:40:35,23307.15,2026-09-22,23350.0,CE,101.0,100.85,100.95,1614972,66691,40158,9.79
2026-09-17 14:40:35,23307.15,2026-09-22,23350.0,PE,132.45,132.6,132.9,941920,28650,16853,11.68
2026-09-17 14:40:35,23307.15,2026-09-22,23400.0,CE,78.45,78.2,78.45,1933456,122261,35508,9.77
2026-09-17 14:40:35,23307.15,2026-09-22,23400.0,PE,159.35,159.5,159.8,789408,51103,5102,11.69
2026-09-17 14:40:35,23307.15,2026-09-22,23450.0,CE,59.05,59.05,59.2,904703,47027,12522,9.73
2026-09-17 14:40:35,23307.15,2026-09-22,23450.0,PE,190.35,191.15,191.4,186604,10188,1443,11.8
2026-09-17 14:40:35,23307.15,2026-09-22,23500.0,CE,44.25,44.25,44.35,1794329,127058,11149,9.72
2026-09-17 14:40:35,23307.15,2026-09-22,23500.0,PE,223.35,223.4,224.0,298619,35681,39,11.9
2026-09-17 14:40:35,23307.15,2026-09-22,23550.0,CE,32.05,32.05,32.15,839953,51259,18879,9.75
2026-09-17 14:40:35,23307.15,2026-09-22,23550.0,PE,262.0,261.35,262.05,47583,4048,1802,12.33
2026-09-17 14:40:35,23307.15,2026-09-22,23600.0,CE,22.6,22.6,22.65,1214597,93062,17862,9.78
2026-09-17 14:40:35,23307.15,2026-09-22,23600.0,PE,304.8,304.05,304.95,62458,11535,-4201,12.65
2026-09-17 14:40:35,23307.15,2026-09-22,23650.0,CE,16.25,16.15,16.2,687245,46441,17467,9.87
2026-09-17 14:40:35,23307.15,2026-09-22,23650.0,PE,350.0,346.35,347.5,8758,3437,528,13.86
2026-09-17 14:40:35,23307.15,2026-09-22,23700.0,CE,11.2,11.2,11.25,899404,112971,29469,9.97
2026-09-17 14:40:35,23307.15,2026-09-22,23700.0,PE,391.0,393.1,394.35,19663,10991,-1217,14.08
2026-09-17 14:40:35,23307.15,2026-09-22,23750.0,CE,8.05,8.05,8.1,520368,51294,18469,10.17
2026-09-17 14:40:35,23307.15,2026-09-22,23750.0,PE,439.9,437.85,439.45,3996,1681,36,16.26
2026-09-17 14:40:35,23307.15,2026-09-22,23800.0,CE,6.0,5.95,6.0,802958,122822,26033,10.42
2026-09-17 14:40:35,23307.15,2026-09-22,23800.0,PE,486.8,486.65,488.45,9479,7434,-540,15.95
2026-09-17 14:41:35,23297.0,2026-09-22,22800.0,CE,533.0,533.05,534.8,11209,2141,367,
2026-09-17 14:41:35,23297.0,2026-09-22,22800.0,PE,14.3,14.25,14.3,692202,82363,4244,14.1
2026-09-17 14:41:35,23297.0,2026-09-22,22850.0,CE,485.85,486.55,488.1,2254,905,92,
2026-09-17 14:41:35,23297.0,2026-09-22,22850.0,PE,17.3,17.25,17.3,407945,29774,10288,13.75
2026-09-17 14:41:35,23297.0,2026-09-22,22900.0,CE,440.7,438.25,439.5,15467,2128,320,7.23
2026-09-17 14:41:35,23297.0,2026-09-22,22900.0,PE,20.9,20.9,21.0,808968,49575,-5436,13.43
2026-09-17 14:41:35,23297.0,2026-09-22,22950.0,CE,393.3,394.1,395.0,8514,1229,458,8.49
2026-09-17 14:41:35,23297.0,2026-09-22,22950.0,PE,25.55,25.55,25.6,577852,36731,13475,13.13
2026-09-17 14:41:35,23297.0,2026-09-22,23000.0,CE,350.9,348.65,349.5,128080,13380,2452,9.54
2026-09-17 14:41:35,23297.0,2026-09-22,23000.0,PE,32.0,31.95,32.0,1512159,143260,18145,12.9
2026-09-17 14:41:35,23297.0,2026-09-22,23050.0,CE,306.3,307.15,307.9,49379,3833,1316,9.77
2026-09-17 14:41:35,23297.0,2026-09-22,23050.0,PE,38.75,38.8,38.95,638280,36965,5458,12.61
2026-09-17 14:41:35,23297.0,2026-09-22,23100.0,CE,265.9,265.5,266.2,292199,15687,842,9.97
2026-09-17 14:41:35,23297.0,2026-09-22,23100.0,PE,47.95,48.0,48.1,1292378,93929,28620,12.35
2026-09-17 14:41:35,23297.0,2026-09-22,23150.0,CE,228.2,228.15,228.8,314245,11034,560,9.92
2026-09-17 14:41:35,23297.0,2026-09-22,23150.0,PE,58.55,58.55,58.7,905472,51691,12763,12.16
2026-09-17 14:41:35,23297.0,2026-09-22,23200.0,CE,190.25,190.25,190.4,1474555,65400,-935,9.95
2026-09-17 14:41:35,23297.0,2026-09-22,23200.0,PE,72.95,72.85,73.0,2600019,155843,40964,11.91
2026-09-17 14:41:35,23297.0,2026-09-22,23250.0,CE,156.7,156.7,157.1,1744904,62991,21440,9.87
2026-09-17 14:41:35,23297.0,2026-09-22,23250.0,PE,89.35,89.4,89.65,2002275,91536,41051,11.81
2026-09-17 14:41:35,23297.0,2026-09-22,23300.0,CE,128.0,127.75,128.0,2947313,129857,62314,9.83
2026-09-17 14:41:35,23297.0,2026-09-22,23300.0,PE,108.95,108.65,108.85,2674426,117888,68678,11.72
2026-09-17 14:41:35,23297.0,2026-09-22,23350.0,CE,101.0,100.85,100.95,1614972,66691,40158,9.79
2026-09-17 14:41:35,23297.0,2026-09-22,23350.0,PE,132.45,132.6,132.9,941920,28650,16853,11.68
2026-09-17 14:41:35,23297.0,2026-09-22,23400.0,CE,78.45,78.2,78.45,1933456,122261,35508,9.77
2026-09-17 14:41:35,23297.0,2026-09-22,23400.0,PE,159.35,159.5,159.8,789408,51103,5102,11.69
2026-09-17 14:41:35,23297.0,2026-09-22,23450.0,CE,59.05,59.05,59.2,904703,47027,12522,9.73
2026-09-17 14:41:35,23297.0,2026-09-22,23450.0,PE,190.35,191.15,191.4,186604,10188,1443,11.8
2026-09-17 14:41:35,23297.0,2026-09-22,23500.0,CE,44.25,44.25,44.35,1794329,127058,11149,9.72
2026-09-17 14:41:35,23297.0,2026-09-22,23500.0,PE,223.35,223.4,224.0,298619,35681,39,11.9
2026-09-17 14:41:35,23297.0,2026-09-22,23550.0,CE,32.05,32.05,32.15,839953,51259,18879,9.75
2026-09-17 14:41:35,23297.0,2026-09-22,23550.0,PE,262.0,261.35,262.05,47583,4048,1802,12.33
2026-09-17 14:41:35,23297.0,2026-09-22,23600.0,CE,22.6,22.6,22.65,1214597,93062,17862,9.78
2026-09-17 14:41:35,23297.0,2026-09-22,23600.0,PE,304.8,304.05,304.95,62458,11535,-4201,12.65
2026-09-17 14:41:35,23297.0,2026-09-22,23650.0,CE,16.25,16.15,16.2,687245,46441,17467,9.87
2026-09-17 14:41:35,23297.0,2026-09-22,23650.0,PE,350.0,346.35,347.5,8758,3437,528,13.86
2026-09-17 14:41:35,23297.0,2026-09-22,23700.0,CE,11.2,11.2,11.25,899404,112971,29469,9.97
2026-09-17 14:41:35,23297.0,2026-09-22,23700.0,PE,391.0,393.1,394.35,19663,10991,-1217,14.08
2026-09-17 14:41:35,23297.0,2026-09-22,23750.0,CE,8.05,8.05,8.1,520368,51294,18469,10.17
2026-09-17 14:41:35,23297.0,2026-09-22,23750.0,PE,439.9,437.85,439.45,3996,1681,36,16.26
2026-09-17 14:41:35,23297.0,2026-09-22,23800.0,CE,6.0,5.95,6.0,802958,122822,26033,10.42
2026-09-17 14:41:35,23297.0,2026-09-22,23800.0,PE,486.8,486.65,488.45,9479,7434,-540,15.95
2026-09-17 14:42:36,23298.1,2026-09-22,22800.0,CE,521.6,519.1,520.65,11216,2121,347,10.99
2026-09-17 14:42:36,23298.1,2026-09-22,22800.0,PE,15.2,15.1,15.2,694354,82249,4130,14.12
2026-09-17 14:42:36,23298.1,2026-09-22,22850.0,CE,481.15,472.0,473.4,2255,933,120,11.16
2026-09-17 14:42:36,23298.1,2026-09-22,22850.0,PE,18.35,18.35,18.45,408796,26843,7357,13.76
2026-09-17 14:42:36,23298.1,2026-09-22,22900.0,CE,426.95,426.8,427.95,15507,2138,330,11.51
2026-09-17 14:42:36,23298.1,2026-09-22,22900.0,PE,22.4,22.25,22.35,811683,49665,-5346,13.39
2026-09-17 14:42:36,23298.1,2026-09-22,22950.0,CE,382.35,380.85,381.8,8526,1219,448,11.03
2026-09-17 14:42:36,23298.1,2026-09-22,22950.0,PE,27.3,27.25,27.4,578827,36266,13010,13.05
2026-09-17 14:42:36,23298.1,2026-09-22,23000.0,CE,336.8,337.8,338.75,128483,13386,2458,11.29
2026-09-17 14:42:36,23298.1,2026-09-22,23000.0,PE,33.7,33.7,33.8,1515904,142772,17657,12.83
2026-09-17 14:42:36,23298.1,2026-09-22,23050.0,CE,295.8,295.25,296.15,49510,3795,1278,10.9
2026-09-17 14:42:36,23298.1,2026-09-22,23050.0,PE,41.55,41.4,41.5,639452,37050,5543,12.46
2026-09-17 14:42:36,23298.1,2026-09-22,23100.0,CE,255.95,255.15,255.75,293080,15626,781,10.86
2026-09-17 14:42:36,23298.1,2026-09-22,23100.0,PE,50.75,50.7,50.9,1297027,93905,28596,12.2
2026-09-17 14:42:36,23298.1,2026-09-22,23150.0,CE,217.15,217.15,217.7,315135,11027,553,10.85
2026-09-17 14:42:36,23298.1,2026-09-22,23150.0,PE,62.85,62.65,62.8,907337,51493,12565,11.88
2026-09-17 14:42:36,23298.1,2026-09-22,23200.0,CE,181.5,181.05,181.45,1479785,65865,-470,10.53
2026-09-17 14:42:36,23298.1,2026-09-22,23200.0,PE,77.35,77.15,77.4,2605954,155883,41004,11.73
2026-09-17 14:42:36,23298.1,2026-09-22,23250.0,CE,148.65,148.9,149.3,1750858,62751,21200,10.38
2026-09-17 14:42:36,23298.1,2026-09-22,23250.0,PE,94.75,94.45,94.65,2007737,91468,40983,11.51
2026-09-17 14:42:36,23298.1,2026-09-22,23300.0,CE,119.8,119.75,120.0,2962174,129811,62268,10.37
2026-09-17 14:42:36,23298.1,2026-09-22,23300.0,PE,115.3,115.45,115.7,2684246,119412,70202,11.32
2026-09-17 14:42:36,23298.1,2026-09-22,23350.0,CE,95.1,94.9,95.15,1623569,73580,47047,10.2
2026-09-17 14:42:36,23298.1,2026-09-22,23350.0,PE,139.65,139.35,139.65,944582,29226,17429,11.2
2026-09-17 14:42:36,23298.1,2026-09-22,23400.0,CE,72.9,72.9,73.0,1941534,122491,35738,10.11
2026-09-17 14:42:36,23298.1,2026-09-22,23400.0,PE,168.9,168.35,168.75,792299,50931,4930,11.09
2026-09-17 14:42:36,23298.1,2026-09-22,23450.0,CE,55.3,55.2,55.35,908543,46688,12183,9.98
2026-09-17 14:42:36,23298.1,2026-09-22,23450.0,PE,200.0,199.7,200.2,186993,10135,1390,11.06
2026-09-17 14:42:36,23298.1,2026-09-22,23500.0,CE,40.6,40.65,40.8,1801343,127456,11547,9.97
2026-09-17 14:42:36,23298.1,2026-09-22,23500.0,PE,235.6,235.2,235.75,299580,35603,-39,10.92
2026-09-17 14:42:36,23298.1,2026-09-22,23550.0,CE,29.35,29.3,29.4,842439,51335,18955,9.92
2026-09-17 14:42:36,23298.1,2026-09-22,23550.0,PE,274.3,274.35,275.1,47646,4027,1781,11.1
2026-09-17 14:42:36,23298.1,2026-09-22,23600.0,CE,21.15,21.05,21.15,1219999,93731,18531,9.87
2026-09-17 14:42:36,23298.1,2026-09-22,23600.0,PE,316.2,315.3,316.25,62600,11609,-4127,11.53
2026-09-17 14:42:36,23298.1,2026-09-22,23650.0,CE,15.0,15.0,15.05,689825,45432,16458,9.96
2026-09-17 14:42:36,23298.1,2026-09-22,23650.0,PE,360.1,359.9,360.85,8760,3433,524,12.12
2026-09-17 14:42:36,23298.1,2026-09-22,23700.0,CE,10.6,10.6,10.65,902412,113339,29837,9.97
2026-09-17 14:42:36,23298.1,2026-09-22,23700.0,PE,405.75,404.25,405.55,19750,10951,-1257,11.86
2026-09-17 14:42:36,23298.1,2026-09-22,23750.0,CE,7.6,7.6,7.65,521635,51361,18536,10.13
2026-09-17 14:42:36,23298.1,2026-09-22,23750.0,PE,453.55,451.75,453.2,4003,1685,40,12.76
2026-09-17 14:42:36,23298.1,2026-09-22,23800.0,CE,5.6,5.6,5.65,804801,122788,25999,10.39
2026-09-17 14:42:36,23298.1,2026-09-22,23800.0,PE,499.4,498.6,500.25,9487,7428,-546,13.2
2026-09-17 14:43:36,23290.15,2026-09-22,22800.0,CE,520.05,515.55,517.15,11235,2121,347,10.99
2026-09-17 14:43:36,23290.15,2026-09-22,22800.0,PE,15.25,15.2,15.3,695780,82203,4084,14.12
2026-09-17 14:43:36,23290.15,2026-09-22,22850.0,CE,478.45,468.7,470.3,2259,933,120,11.16
2026-09-17 14:43:36,23290.15,2026-09-22,22850.0,PE,18.65,18.55,18.6,409571,26883,7397,13.76
2026-09-17 14:43:36,23290.15,2026-09-22,22900.0,CE,420.3,423.0,424.2,15554,2137,329,11.51
2026-09-17 14:43:36,23290.15,2026-09-22,22900.0,PE,22.55,22.55,22.6,813109,49511,-5500,13.39
2026-09-17 14:43:36,23290.15,2026-09-22,22950.0,CE,376.25,377.55,378.55,8573,1221,450,11.03
2026-09-17 14:43:36,23290.15,2026-09-22,22950.0,PE,27.6,27.6,27.7,580006,36372,13116,13.05
2026-09-17 14:43:36,23290.15,2026-09-22,23000.0,CE,333.4,333.45,334.35,128871,13366,2438,11.29
2026-09-17 14:43:36,23290.15,2026-09-22,23000.0,PE,34.25,34.3,34.45,1518968,142779,17664,12.83
2026-09-17 14:43:36,23290.15,2026-09-22,23050.0,CE,292.45,292.35,293.1,49661,3833,1316,10.9
2026-09-17 14:43:36,23290.15,2026-09-22,23050.0,PE,42.0,41.9,42.0,640915,36856,5349,12.46
2026-09-17 14:43:36,23290.15,2026-09-22,23100.0,CE,252.85,252.25,252.85,293757,15653,808,10.86
2026-09-17 14:43:36,23290.15,2026-09-22,23100.0,PE,51.55,51.6,51.65,1300817,94156,28847,12.2
2026-09-17 14:43:36,23290.15,2026-09-22,23150.0,CE,214.45,214.3,214.8,315925,11038,564,10.85
2026-09-17 14:43:36,23290.15,2026-09-22,23150.0,PE,63.65,63.5,63.65,910224,51633,12705,11.88
2026-09-17 14:43:36,23290.15,2026-09-22,23200.0,CE,179.15,178.65,179.1,1483383,66426,91,10.53
2026-09-17 14:43:36,23290.15,2026-09-22,23200.0,PE,78.4,78.05,78.25,2611353,156185,41306,11.73
2026-09-17 14:43:36,23290.15,2026-09-22,23250.0,CE,146.3,146.55,146.6,1756398,63007,21456,10.38
2026-09-17 14:43:36,23290.15,2026-09-22,23250.0,PE,96.0,95.8,96.0,2013064,92405,41920,11.51
2026-09-17 14:43:36,23290.15,2026-09-22,23300.0,CE,117.5,117.45,117.75,2974162,130327,62784,10.37
2026-09-17 14:43:36,23290.15,2026-09-22,23300.0,PE,117.25,117.0,117.2,2691791,120145,70935,11.32
2026-09-17 14:43:36,23290.15,2026-09-22,23350.0,CE,92.35,92.35,92.6,1630280,74530,47997,10.2
2026-09-17 14:43:36,23290.15,2026-09-22,23350.0,PE,142.25,142.0,142.25,946781,29368,17571,11.2
2026-09-17 14:43:36,23290.15,2026-09-22,23400.0,CE,71.2,71.2,71.4,1948355,123095,36342,10.11
2026-09-17 14:43:36,23290.15,2026-09-22,23400.0,PE,170.8,170.25,170.65,794013,51045,5044,11.09
2026-09-17 14:43:36,23290.15,2026-09-22,23450.0,CE,53.7,53.7,53.8,912244,47330,12825,9.98
2026-09-17 14:43:36,23290.15,2026-09-22,23450.0,PE,203.45,202.4,202.85,187404,10131,1386,11.06
2026-09-17 14:43:36,23290.15,2026-09-22,23500.0,CE,39.6,39.6,39.75,1807743,127969,12060,9.97
2026-09-17 14:43:36,23290.15,2026-09-22,23500.0,PE,238.65,237.7,238.2,300457,35628,-14,10.92
2026-09-17 14:43:36,23290.15,2026-09-22,23550.0,CE,28.65,28.6,28.75,844820,51302,18922,9.92
2026-09-17 14:43:36,23290.15,2026-09-22,23550.0,PE,276.8,276.8,277.55,47786,4028,1782,11.1
2026-09-17 14:43:36,23290.15,2026-09-22,23600.0,CE,20.55,20.45,20.55,1223900,93450,18250,9.87
2026-09-17 14:43:36,23290.15,2026-09-22,23600.0,PE,318.65,318.6,319.4,62876,11588,-4148,11.53
2026-09-17 14:43:36,23290.15,2026-09-22,23650.0,CE,14.65,14.6,14.65,691637,45220,16246,9.96
2026-09-17 14:43:36,23290.15,2026-09-22,23650.0,PE,363.2,363.0,363.95,8878,3456,547,12.12
2026-09-17 14:43:36,23290.15,2026-09-22,23700.0,CE,10.3,10.3,10.35,904969,113146,29644,9.97
2026-09-17 14:43:36,23290.15,2026-09-22,23700.0,PE,409.85,408.65,409.85,19796,10944,-1264,11.86
2026-09-17 14:43:36,23290.15,2026-09-22,23750.0,CE,7.5,7.5,7.55,522892,51511,18686,10.13
2026-09-17 14:43:36,23290.15,2026-09-22,23750.0,PE,456.85,454.05,456.8,4014,1694,49,12.76
2026-09-17 14:43:36,23290.15,2026-09-22,23800.0,CE,5.65,5.55,5.6,806854,122818,26029,10.39
2026-09-17 14:43:36,23290.15,2026-09-22,23800.0,PE,497.55,503.05,504.5,9488,7428,-546,13.2
2026-09-17 14:44:37,23293.55,2026-09-22,22800.0,CE,510.9,511.05,512.6,11246,2118,344,10.99
2026-09-17 14:44:37,23293.55,2026-09-22,22800.0,PE,15.75,15.7,15.8,699395,81875,3756,14.12
2026-09-17 14:44:37,23293.55,2026-09-22,22850.0,CE,478.45,464.85,466.15,2259,933,120,11.16
2026-09-17 14:44:37,23293.55,2026-09-22,22850.0,PE,19.1,19.05,19.15,410335,26835,7349,13.76
2026-09-17 14:44:37,23293.55,2026-09-22,22900.0,CE,418.3,418.45,419.75,15609,2081,273,11.51
2026-09-17 14:44:37,23293.55,2026-09-22,22900.0,PE,23.25,23.25,23.3,814878,49051,-5960,13.39
2026-09-17 14:44:37,23293.55,2026-09-22,22950.0,CE,375.1,373.4,374.45,8581,1198,427,11.03
2026-09-17 14:44:37,23293.55,2026-09-22,22950.0,PE,28.45,28.4,28.5,581207,36398,13142,13.05
2026-09-17 14:44:37,23293.55,2026-09-22,23000.0,CE,330.9,330.0,330.8,129333,13421,2493,11.29
2026-09-17 14:44:37,23293.55,2026-09-22,23000.0,PE,35.3,35.25,35.35,1522637,142703,17588,12.83
2026-09-17 14:44:37,23293.55,2026-09-22,23050.0,CE,289.0,288.9,289.7,49790,3810,1293,10.9
2026-09-17 14:44:37,23293.55,2026-09-22,23050.0,PE,43.1,43.0,43.15,642376,36895,5388,12.46
2026-09-17 14:44:37,23293.55,2026-09-22,23100.0,CE,249.25,248.65,249.35,294503,15619,774,10.86
2026-09-17 14:44:37,23293.55,2026-09-22,23100.0,PE,53.2,52.85,53.0,1304119,93682,28373,12.2
2026-09-17 14:44:37,23293.55,2026-09-22,23150.0,CE,210.75,210.6,211.2,316600,10992,518,10.85
2026-09-17 14:44:37,23293.55,2026-09-22,23150.0,PE,65.4,65.3,65.45,912560,51500,12572,11.88
2026-09-17 14:44:37,23293.55,2026-09-22,23200.0,CE,176.25,175.75,176.2,1487161,65846,-489,10.53
2026-09-17 14:44:37,23293.55,2026-09-22,23200.0,PE,80.0,80.0,80.25,2619851,155798,40919,11.73
2026-09-17 14:44:37,23293.55,2026-09-22,23250.0,CE,144.0,143.6,143.95,1761189,62482,20931,10.38
2026-09-17 14:44:37,23293.55,2026-09-22,23250.0,PE,98.25,98.25,98.45,2019220,91876,41391,11.51
2026-09-17 14:44:37,23293.55,2026-09-22,23300.0,CE,115.45,115.15,115.45,2985541,130269,62726,10.37
2026-09-17 14:44:37,23293.55,2026-09-22,23300.0,PE,119.5,119.55,119.85,2701904,119783,70573,11.32
2026-09-17 14:44:37,23293.55,2026-09-22,23350.0,CE,90.75,90.6,90.85,1636189,73693,47160,10.2
2026-09-17 14:44:37,23293.55,2026-09-22,23350.0,PE,144.65,144.65,144.85,949682,29127,17330,11.2
2026-09-17 14:44:37,23293.55,2026-09-22,23400.0,CE,69.8,69.65,69.85,1954892,123331,36578,10.11
2026-09-17 14:44:37,23293.55,2026-09-22,23400.0,PE,173.65,173.6,174.0,797028,50592,4591,11.09
2026-09-17 14:44:37,23293.55,2026-09-22,23450.0,CE,52.6,52.45,52.6,915553,46958,12453,9.98
2026-09-17 14:44:37,23293.55,2026-09-22,23450.0,PE,206.35,205.8,206.3,188676,10066,1321,11.06
2026-09-17 14:44:37,23293.55,2026-09-22,23500.0,CE,38.7,38.6,38.7,1812322,127867,11958,9.97
2026-09-17 14:44:37,23293.55,2026-09-22,23500.0,PE,241.9,241.95,242.5,301282,35539,-103,10.92
2026-09-17 14:44:37,23293.55,2026-09-22,23550.0,CE,28.0,27.9,28.05,847203,50814,18434,9.92
2026-09-17 14:44:37,23293.55,2026-09-22,23550.0,PE,281.4,281.25,282.05,47903,4007,1761,11.1
2026-09-17 14:44:37,23293.55,2026-09-22,23600.0,CE,19.95,19.95,20.0,1230857,93381,18181,9.87
2026-09-17 14:44:37,23293.55,2026-09-22,23600.0,PE,322.55,323.1,323.95,63088,11514,-4222,11.53
2026-09-17 14:44:37,23293.55,2026-09-22,23650.0,CE,14.3,14.3,14.4,693072,45426,16452,9.96
2026-09-17 14:44:37,23293.55,2026-09-22,23650.0,PE,367.85,367.5,368.5,8884,3437,528,12.12
2026-09-17 14:44:37,23293.55,2026-09-22,23700.0,CE,10.15,10.1,10.2,909323,113075,29573,9.97
2026-09-17 14:44:37,23293.55,2026-09-22,23700.0,PE,412.65,413.25,414.65,19876,10945,-1263,11.86
2026-09-17 14:44:37,23293.55,2026-09-22,23750.0,CE,7.45,7.4,7.45,523607,51620,18795,10.13
2026-09-17 14:44:37,23293.55,2026-09-22,23750.0,PE,463.6,459.6,461.25,4052,1674,29,12.76
2026-09-17 14:44:37,23293.55,2026-09-22,23800.0,CE,5.6,5.55,5.6,808023,122609,25820,10.39
2026-09-17 14:44:37,23293.55,2026-09-22,23800.0,PE,508.0,507.2,508.9,9489,7428,-546,13.2
2026-09-17 14:45:37,23291.95,2026-09-22,22800.0,CE,507.0,506.75,508.2,11260,2111,337,10.99
2026-09-17 14:45:37,23291.95,2026-09-22,22800.0,PE,16.15,16.15,16.25,703327,84077,5958,14.12
2026-09-17 14:45:37,23291.95,2026-09-22,22850.0,CE,462.9,460.5,461.8,2261,934,121,11.16
2026-09-17 14:45:37,23291.95,2026-09-22,22850.0,PE,19.6,19.6,19.65,411057,26649,7163,13.76
2026-09-17 14:45:37,23291.95,2026-09-22,22900.0,CE,416.2,414.55,415.65,15669,2094,286,11.51
2026-09-17 14:45:37,23291.95,2026-09-22,22900.0,PE,23.95,23.85,23.95,816358,49229,-5782,13.39
2026-09-17 14:45:37,23291.95,2026-09-22,22950.0,CE,371.75,370.0,370.95,8637,1199,428,11.03
2026-09-17 14:45:37,23291.95,2026-09-22,22950.0,PE,29.2,29.15,29.25,582069,36270,13014,13.05
2026-09-17 14:45:37,23291.95,2026-09-22,23000.0,CE,327.3,326.4,327.25,129605,13458,2530,11.29
2026-09-17 14:45:37,23291.95,2026-09-22,23000.0,PE,36.25,36.15,36.25,1526909,142638,17523,12.83
2026-09-17 14:45:37,23291.95,2026-09-22,23050.0,CE,284.15,285.1,285.9,49838,3823,1306,10.9
2026-09-17 14:45:37,23291.95,2026-09-22,23050.0,PE,44.25,44.15,44.3,643798,36930,5423,12.46
2026-09-17 14:45:37,23291.95,2026-09-22,23100.0,CE,245.25,245.4,245.95,295150,15582,737,10.86
2026-09-17 14:45:37,23291.95,2026-09-22,23100.0,PE,54.45,54.3,54.45,1307050,93228,27919,12.2
2026-09-17 14:45:37,23291.95,2026-09-22,23150.0,CE,207.85,207.85,208.35,317422,10921,447,10.85
2026-09-17 14:45:37,23291.95,2026-09-22,23150.0,PE,66.75,66.8,67.0,914387,51441,12513,11.88
2026-09-17 14:45:37,23291.95,2026-09-22,23200.0,CE,173.1,173.15,173.5,1490071,66283,-52,10.53
2026-09-17 14:45:37,23291.95,2026-09-22,23200.0,PE,81.85,81.75,82.0,2625735,155050,40171,11.73
2026-09-17 14:45:37,23291.95,2026-09-22,23250.0,CE,141.5,141.25,141.45,1765003,61583,20032,10.38
2026-09-17 14:45:37,23291.95,2026-09-22,23250.0,PE,100.2,100.2,100.35,2025803,91694,41209,11.51
2026-09-17 14:45:37,23291.95,2026-09-22,23300.0,CE,113.1,113.1,113.2,2995854,130510,62967,10.37
2026-09-17 14:45:37,23291.95,2026-09-22,23300.0,PE,121.95,121.7,122.05,2711703,120299,71089,11.32
2026-09-17 14:45:37,23291.95,2026-09-22,23350.0,CE,89.1,88.9,89.1,1641172,74171,47638,10.2
2026-09-17 14:45:37,23291.95,2026-09-22,23350.0,PE,147.55,147.2,147.55,952138,28747,16950,11.2
2026-09-17 14:45:37,23291.95,2026-09-22,23400.0,CE,68.25,68.0,68.2,1961164,123079,36326,10.11
2026-09-17 14:45:37,23291.95,2026-09-22,23400.0,PE,176.25,176.8,177.3,799365,50613,4612,11.09
2026-09-17 14:45:37,23291.95,2026-09-22,23450.0,CE,51.3,51.15,51.3,918501,46927,12422,9.98
2026-09-17 14:45:37,23291.95,2026-09-22,23450.0,PE,210.35,209.65,210.15,189191,10539,1794,11.06
2026-09-17 14:45:37,23291.95,2026-09-22,23500.0,CE,37.8,37.75,37.85,1817031,127691,11782,9.97
2026-09-17 14:45:37,23291.95,2026-09-22,23500.0,PE,246.2,245.45,246.05,302284,35630,-12,10.92
2026-09-17 14:45:37,23291.95,2026-09-22,23550.0,CE,27.25,27.2,27.3,849516,50491,18111,9.92
2026-09-17 14:45:37,23291.95,2026-09-22,23550.0,PE,286.0,284.95,285.85,48129,4072,1826,11.1
2026-09-17 14:45:37,23291.95,2026-09-22,23600.0,CE,19.45,19.5,19.6,1232887,91311,16111,9.87
2026-09-17 14:45:37,23291.95,2026-09-22,23600.0,PE,328.05,327.1,327.85,63240,11481,-4255,11.53
2026-09-17 14:45:37,23291.95,2026-09-22,23650.0,CE,14.0,14.0,14.05,695111,45636,16662,9.96
2026-09-17 14:45:37,23291.95,2026-09-22,23650.0,PE,366.65,371.65,372.65,8885,3437,528,12.12
2026-09-17 14:45:37,23291.95,2026-09-22,23700.0,CE,10.0,9.95,10.0,911663,113304,29802,9.97
2026-09-17 14:45:37,23291.95,2026-09-22,23700.0,PE,419.0,418.0,419.1,19930,10938,-1270,11.86
2026-09-17 14:45:37,23291.95,2026-09-22,23750.0,CE,7.3,7.3,7.35,524860,51638,18813,10.13
2026-09-17 14:45:37,23291.95,2026-09-22,23750.0,PE,463.6,464.65,466.25,4052,1674,29,12.76
2026-09-17 14:45:37,23291.95,2026-09-22,23800.0,CE,5.5,5.45,5.5,810714,123305,26516,10.39
2026-09-17 14:45:37,23291.95,2026-09-22,23800.0,PE,505.6,512.25,513.85,9490,7428,-546,13.2
2026-09-17 14:46:37,23297.2,2026-09-22,22800.0,CE,516.0,515.9,517.5,11268,2111,337,10.99
2026-09-17 14:46:37,23297.2,2026-09-22,22800.0,PE,15.6,15.5,15.55,703636,84077,5958,14.12
2026-09-17 14:46:37,23297.2,2026-09-22,22850.0,CE,468.4,468.9,470.4,2272,935,122,11.16
2026-09-17 14:46:37,23297.2,2026-09-22,22850.0,PE,18.9,18.8,18.9,411278,26649,7163,13.76
2026-09-17 14:46:37,23297.2,2026-09-22,22900.0,CE,419.75,422.45,423.6,15691,2094,286,11.51
2026-09-17 14:46:37,23297.2,2026-09-22,22900.0,PE,23.05,22.85,22.95,816847,49229,-5782,13.39
2026-09-17 14:46:37,23297.2,2026-09-22,22950.0,CE,378.1,378.0,378.95,8680,1226,455,11.03
2026-09-17 14:46:37,23297.2,2026-09-22,22950.0,PE,27.9,27.9,28.0,582404,36270,13014,13.05
2026-09-17 14:46:37,23297.2,2026-09-22,23000.0,CE,334.0,333.5,334.5,129691,13458,2530,11.29
2026-09-17 14:46:37,23297.2,2026-09-22,23000.0,PE,34.7,34.75,34.85,1527769,142638,17523,12.83
2026-09-17 14:46:37,23297.2,2026-09-22,23050.0,CE,293.3,292.5,293.25,49889,3823,1306,10.9
2026-09-17 14:46:37,23297.2,2026-09-22,23050.0,PE,42.35,42.3,42.45,644531,36930,5423,12.46
2026-09-17 14:46:37,23297.2,2026-09-22,23100.0,CE,252.85,252.35,253.0,295351,15582,737,10.86
2026-09-17 14:46:37,23297.2,2026-09-22,23100.0,PE,52.1,51.95,52.1,1308277,93228,27919,12.2
2026-09-17 14:46:37,23297.2,2026-09-22,23150.0,CE,214.9,214.3,214.85,317749,10921,447,10.85
2026-09-17 14:46:37,23297.2,2026-09-22,23150.0,PE,64.05,64.0,64.2,915171,51441,12513,11.88
2026-09-17 14:46:37,23297.2,2026-09-22,23200.0,CE,179.2,178.8,179.2,1491713,66283,-52,10.53
2026-09-17 14:46:37,23297.2,2026-09-22,23200.0,PE,78.95,78.7,78.95,2628687,155050,40171,11.73
2026-09-17 14:46:37,23297.2,2026-09-22,23250.0,CE,146.65,146.35,146.65,1767982,61583,20032,10.38
2026-09-17 14:46:37,23297.2,2026-09-22,23250.0,PE,96.85,96.7,96.9,2028322,91694,41209,11.51
2026-09-17 14:46:37,23297.2,2026-09-22,23300.0,CE,117.75,117.75,118.05,3000266,130510,62967,10.37
2026-09-17 14:46:37,23297.2,2026-09-22,23300.0,PE,117.25,117.05,117.3,2715949,120299,71089,11.32
2026-09-17 14:46:37,23297.2,2026-09-22,23350.0,CE,93.0,92.85,93.0,1644037,74171,47638,10.2
2026-09-17 14:46:37,23297.2,2026-09-22,23350.0,PE,142.7,142.7,143.0,953577,28747,16950,11.2
2026-09-17 14:46:37,23297.2,2026-09-22,23400.0,CE,71.8,71.8,72.0,1963963,123079,36326,10.11
2026-09-17 14:46:37,23297.2,2026-09-22,23400.0,PE,170.6,170.75,171.15,801008,50613,4612,11.09
2026-09-17 14:46:37,23297.2,2026-09-22,23450.0,CE,54.05,53.95,54.1,919215,46927,12422,9.98
2026-09-17 14:46:37,23297.2,2026-09-22,23450.0,PE,203.15,202.7,203.2,189451,10539,1794,11.06
2026-09-17 14:46:37,23297.2,2026-09-22,23500.0,CE,39.95,39.85,39.95,1819728,127691,11782,9.97
2026-09-17 14:46:37,23297.2,2026-09-22,23500.0,PE,238.4,238.25,238.75,302626,35630,-12,10.92
2026-09-17 14:46:37,23297.2,2026-09-22,23550.0,CE,28.8,28.8,28.95,850254,50491,18111,9.92
2026-09-17 14:46:37,23297.2,2026-09-22,23550.0,PE,277.0,277.9,278.55,48192,4072,1826,11.1
2026-09-17 14:46:37,23297.2,2026-09-22,23600.0,CE,20.7,20.7,20.8,1233490,91311,16111,9.87
2026-09-17 14:46:37,23297.2,2026-09-22,23600.0,PE,319.5,319.15,320.0,63253,11481,-4255,11.53
2026-09-17 14:46:37,23297.2,2026-09-22,23650.0,CE,14.85,14.8,14.9,696044,45636,16662,9.96
2026-09-17 14:46:37,23297.2,2026-09-22,23650.0,PE,366.65,363.65,364.5,8885,3437,528,12.12
2026-09-17 14:46:37,23297.2,2026-09-22,23700.0,CE,10.5,10.5,10.55,912239,113304,29802,9.97
2026-09-17 14:46:37,23297.2,2026-09-22,23700.0,PE,412.5,409.55,410.8,19958,10938,-1270,11.86
2026-09-17 14:46:37,23297.2,2026-09-22,23750.0,CE,7.7,7.65,7.7,525280,51638,18813,10.13
2026-09-17 14:46:37,23297.2,2026-09-22,23750.0,PE,461.95,455.05,456.8,4053,1672,27,12.76
2026-09-17 14:46:37,23297.2,2026-09-22,23800.0,CE,5.65,5.65,5.7,811496,123305,26516,10.39
2026-09-17 14:46:37,23297.2,2026-09-22,23800.0,PE,505.6,503.8,505.7,9493,7428,-546,13.2
2026-09-17 14:47:38,23298.3,2026-09-22,22800.0,CE,513.55,513.25,514.75,11272,2113,339,10.99
2026-09-17 14:47:38,23298.3,2026-09-22,22800.0,PE,15.65,15.65,15.7,704237,83939,5820,14.12
2026-09-17 14:47:38,23298.3,2026-09-22,22850.0,CE,471.0,466.65,468.05,2276,935,122,11.16
2026-09-17 14:47:38,23298.3,2026-09-22,22850.0,PE,19.15,19.05,19.1,411486,26646,7160,13.76
2026-09-17 14:47:38,23298.3,2026-09-22,22900.0,CE,422.45,420.65,421.8,15723,2099,291,11.51
2026-09-17 14:47:38,23298.3,2026-09-22,22900.0,PE,23.1,23.15,23.3,817812,49015,-5996,13.39
2026-09-17 14:47:38,23298.3,2026-09-22,22950.0,CE,376.0,376.4,377.5,8743,1244,473,11.03
2026-09-17 14:47:38,23298.3,2026-09-22,22950.0,PE,28.45,28.25,28.3,582640,36262,13006,13.05
2026-09-17 14:47:38,23298.3,2026-09-22,23000.0,CE,333.6,332.55,333.5,129944,13424,2496,11.29
2026-09-17 14:47:38,23298.3,2026-09-22,23000.0,PE,35.1,35.0,35.1,1528757,142202,17087,12.83
2026-09-17 14:47:38,23298.3,2026-09-22,23050.0,CE,292.75,291.2,291.9,49900,3830,1313,10.9
2026-09-17 14:47:38,23298.3,2026-09-22,23050.0,PE,43.1,42.85,42.9,644916,37099,5592,12.46
2026-09-17 14:47:38,23298.3,2026-09-22,23100.0,CE,250.85,250.85,251.45,295719,15712,867,10.86
2026-09-17 14:47:38,23298.3,2026-09-22,23100.0,PE,52.8,52.7,52.8,1309189,93217,27908,12.2
2026-09-17 14:47:38,23298.3,2026-09-22,23150.0,CE,213.6,213.35,213.85,318087,11180,706,10.85
2026-09-17 14:47:38,23298.3,2026-09-22,23150.0,PE,64.8,64.8,64.95,915821,51731,12803,11.88
2026-09-17 14:47:38,23298.3,2026-09-22,23200.0,CE,177.7,177.6,178.05,1493148,66064,-271,10.53
2026-09-17 14:47:38,23298.3,2026-09-22,23200.0,PE,79.8,79.7,79.8,2631126,153705,38826,11.73
2026-09-17 14:47:38,23298.3,2026-09-22,23250.0,CE,145.6,145.6,145.7,1770003,61718,20167,10.38
2026-09-17 14:47:38,23298.3,2026-09-22,23250.0,PE,98.0,97.8,98.0,2029983,91058,40573,11.51
2026-09-17 14:47:38,23298.3,2026-09-22,23300.0,CE,117.2,117.2,117.4,3006575,132381,64838,10.37
2026-09-17 14:47:38,23298.3,2026-09-22,23300.0,PE,119.05,118.7,119.0,2718913,120256,71046,11.32
2026-09-17 14:47:38,23298.3,2026-09-22,23350.0,CE,92.55,92.5,92.75,1646604,73535,47002,10.2
2026-09-17 14:47:38,23298.3,2026-09-22,23350.0,PE,143.7,143.6,143.9,954159,28617,16820,11.2
2026-09-17 14:47:38,23298.3,2026-09-22,23400.0,CE,71.35,71.15,71.35,1967139,123025,36272,10.11
2026-09-17 14:47:38,23298.3,2026-09-22,23400.0,PE,173.15,172.85,173.2,801603,50708,4707,11.09
2026-09-17 14:47:38,23298.3,2026-09-22,23450.0,CE,53.75,53.6,53.75,920318,46829,12324,9.98
2026-09-17 14:47:38,23298.3,2026-09-22,23450.0,PE,204.9,204.85,205.3,189639,10480,1735,11.06
2026-09-17 14:47:38,23298.3,2026-09-22,23500.0,CE,39.65,39.65,39.75,1822413,126619,10710,9.97
2026-09-17 14:47:38,23298.3,2026-09-22,23500.0,PE,240.25,240.2,240.75,302884,35652,10,10.92
2026-09-17 14:47:38,23298.3,2026-09-22,23550.0,CE,28.75,28.65,28.7,851104,50968,18588,9.92
2026-09-17 14:47:38,23298.3,2026-09-22,23550.0,PE,280.45,279.8,280.65,48252,4003,1757,11.1
2026-09-17 14:47:38,23298.3,2026-09-22,23600.0,CE,20.6,20.55,20.65,1235287,91617,16417,9.87
2026-09-17 14:47:38,23298.3,2026-09-22,23600.0,PE,320.4,321.5,322.35,63321,11498,-4238,11.53
2026-09-17 14:47:38,23298.3,2026-09-22,23650.0,CE,14.75,14.75,14.85,697644,45411,16437,9.96
2026-09-17 14:47:38,23298.3,2026-09-22,23650.0,PE,366.45,365.3,366.15,8888,3435,526,12.12
2026-09-17 14:47:38,23298.3,2026-09-22,23700.0,CE,10.5,10.45,10.5,915234,113933,30431,9.97
2026-09-17 14:47:38,23298.3,2026-09-22,23700.0,PE,410.7,410.9,412.45,19961,10932,-1276,11.86
2026-09-17 14:47:38,23298.3,2026-09-22,23750.0,CE,7.7,7.65,7.7,526626,51510,18685,10.13
2026-09-17 14:47:38,23298.3,2026-09-22,23750.0,PE,458.2,457.85,459.15,4054,1673,28,12.76
2026-09-17 14:47:38,23298.3,2026-09-22,23800.0,CE,5.75,5.65,5.7,812135,122786,25997,10.39
2026-09-17 14:47:38,23298.3,2026-09-22,23800.0,PE,506.25,505.55,507.1,9494,7429,-545,13.2
2026-09-17 14:48:38,23300.6,2026-09-22,22800.0,CE,517.0,518.8,520.0,11276,2117,343,10.99
2026-09-17 14:48:38,23300.6,2026-09-22,22800.0,PE,15.05,15.05,15.15,705205,83892,5773,14.12
2026-09-17 14:48:38,23300.6,2026-09-22,22850.0,CE,471.0,472.1,473.95,2276,932,119,11.16
2026-09-17 14:48:38,23300.6,2026-09-22,22850.0,PE,18.45,18.4,18.5,412327,26535,7049,13.76
2026-09-17 14:48:38,23300.6,2026-09-22,22900.0,CE,424.45,426.4,427.65,15731,2099,291,11.51
2026-09-17 14:48:38,23300.6,2026-09-22,22900.0,PE,22.35,22.35,22.4,819459,49015,-5996,13.39
2026-09-17 14:48:38,23300.6,2026-09-22,22950.0,CE,377.3,380.7,381.85,8795,1244,473,11.03
2026-09-17 14:48:38,23300.6,2026-09-22,22950.0,PE,27.5,27.45,27.55,583370,36262,13006,13.05
2026-09-17 14:48:38,23300.6,2026-09-22,23000.0,CE,338.0,337.7,338.45,130277,13424,2496,11.29
2026-09-17 14:48:38,23300.6,2026-09-22,23000.0,PE,33.95,33.95,34.0,1531339,142202,17087,12.83
2026-09-17 14:48:38,23300.6,2026-09-22,23050.0,CE,295.15,295.95,296.7,49951,3830,1313,10.9
2026-09-17 14:48:38,23300.6,2026-09-22,23050.0,PE,41.55,41.5,41.6,645901,37099,5592,12.46
2026-09-17 14:48:38,23300.6,2026-09-22,23100.0,CE,255.8,255.65,256.15,296333,15558,713,10.86
2026-09-17 14:48:38,23300.6,2026-09-22,23100.0,PE,51.2,51.05,51.2,1311055,93003,27694,12.2
2026-09-17 14:48:38,23300.6,2026-09-22,23150.0,CE,217.5,217.35,217.9,318578,11129,655,10.85
2026-09-17 14:48:38,23300.6,2026-09-22,23150.0,PE,63.0,63.05,63.2,917142,51809,12881,11.88
2026-09-17 14:48:38,23300.6,2026-09-22,23200.0,CE,182.2,182.0,182.45,1496126,65553,-782,10.53
2026-09-17 14:48:38,23300.6,2026-09-22,23200.0,PE,77.45,77.25,77.4,2636490,153607,38728,11.73
2026-09-17 14:48:38,23300.6,2026-09-22,23250.0,CE,149.0,149.0,149.3,1772946,61897,20346,10.38
2026-09-17 14:48:38,23300.6,2026-09-22,23250.0,PE,95.3,95.0,95.3,2033211,91368,40883,11.51
2026-09-17 14:48:38,23300.6,2026-09-22,23300.0,CE,119.95,120.0,120.3,3014044,132381,64838,10.37
2026-09-17 14:48:38,23300.6,2026-09-22,23300.0,PE,116.25,116.25,116.5,2722940,120256,71046,11.32
2026-09-17 14:48:38,23300.6,2026-09-22,23350.0,CE,95.1,95.1,95.25,1649690,73535,47002,10.2
2026-09-17 14:48:38,23300.6,2026-09-22,23350.0,PE,140.2,140.05,140.4,955346,28617,16820,11.2
2026-09-17 14:48:38,23300.6,2026-09-22,23400.0,CE,73.35,73.35,73.55,1972347,123025,36272,10.11
2026-09-17 14:48:38,23300.6,2026-09-22,23400.0,PE,168.65,168.75,169.1,803266,50708,4707,11.09
2026-09-17 14:48:38,23300.6,2026-09-22,23450.0,CE,55.5,55.5,55.6,922179,46637,12132,9.98
2026-09-17 14:48:38,23300.6,2026-09-22,23450.0,PE,201.0,200.35,200.9,190044,10464,1719,11.06
2026-09-17 14:48:38,23300.6,2026-09-22,23500.0,CE,41.25,41.15,41.25,1825818,127305,11396,9.97
2026-09-17 14:48:38,23300.6,2026-09-22,23500.0,PE,235.45,235.45,236.0,303186,35674,32,10.92
2026-09-17 14:48:38,23300.6,2026-09-22,23550.0,CE,29.8,29.7,29.75,852298,50695,18315,9.92
2026-09-17 14:48:38,23300.6,2026-09-22,23550.0,PE,275.0,274.2,274.95,48317,4003,1757,11.1
2026-09-17 14:48:38,23300.6,2026-09-22,23600.0,CE,21.4,21.3,21.4,1237356,91509,16309,9.87
2026-09-17 14:48:38,23300.6,2026-09-22,23600.0,PE,316.0,315.65,316.6,63425,11498,-4238,11.53
2026-09-17 14:48:38,23300.6,2026-09-22,23650.0,CE,15.2,15.2,15.3,699853,45411,16437,9.96
2026-09-17 14:48:38,23300.6,2026-09-22,23650.0,PE,364.4,360.45,361.55,8895,3431,522,12.12
2026-09-17 14:48:38,23300.6,2026-09-22,23700.0,CE,10.8,10.75,10.8,916758,113933,30431,9.97
2026-09-17 14:48:38,23300.6,2026-09-22,23700.0,PE,406.8,404.95,406.35,19977,10932,-1276,11.86
2026-09-17 14:48:38,23300.6,2026-09-22,23750.0,CE,7.8,7.8,7.85,527936,51510,18685,10.13
2026-09-17 14:48:38,23300.6,2026-09-22,23750.0,PE,456.6,452.95,454.8,4055,1673,28,12.76
2026-09-17 14:48:38,23300.6,2026-09-22,23800.0,CE,5.8,5.8,5.85,813837,122569,25780,10.39
2026-09-17 14:48:38,23300.6,2026-09-22,23800.0,PE,505.6,500.15,501.85,9502,7429,-545,13.2
2026-09-17 14:49:39,23306.3,2026-09-22,22800.0,CE,518.7,519.1,520.65,11295,2124,350,10.99
2026-09-17 14:49:39,23306.3,2026-09-22,22800.0,PE,14.8,14.75,14.8,706440,84063,5944,14.12
2026-09-17 14:49:39,23306.3,2026-09-22,22850.0,CE,475.0,472.45,474.1,2291,932,119,11.16
2026-09-17 14:49:39,23306.3,2026-09-22,22850.0,PE,18.0,18.0,18.05,412984,26605,7119,13.76
2026-09-17 14:49:39,23306.3,2026-09-22,22900.0,CE,427.55,426.1,427.35,15746,2099,291,11.51
2026-09-17 14:49:39,23306.3,2026-09-22,22900.0,PE,21.9,21.9,22.0,820943,49079,-5932,13.39
2026-09-17 14:49:39,23306.3,2026-09-22,22950.0,CE,381.15,381.2,382.2,8829,1228,457,11.03
2026-09-17 14:49:39,23306.3,2026-09-22,22950.0,PE,26.85,26.85,26.95,584563,36034,12778,13.05
2026-09-17 14:49:39,23306.3,2026-09-22,23000.0,CE,338.0,336.95,337.95,130478,13363,2435,11.29
2026-09-17 14:49:39,23306.3,2026-09-22,23000.0,PE,33.65,33.5,33.65,1533424,141864,16749,12.83
2026-09-17 14:49:39,23306.3,2026-09-22,23050.0,CE,293.2,295.5,296.4,50031,3790,1273,10.9
2026-09-17 14:49:39,23306.3,2026-09-22,23050.0,PE,41.1,41.0,41.05,647015,36875,5368,12.46
2026-09-17 14:49:39,23306.3,2026-09-22,23100.0,CE,256.3,255.25,255.95,296849,15560,715,10.86
2026-09-17 14:49:39,23306.3,2026-09-22,23100.0,PE,50.65,50.6,50.75,1313505,92973,27664,12.2
2026-09-17 14:49:39,23306.3,2026-09-22,23150.0,CE,217.65,217.45,217.95,319038,11238,764,10.85
2026-09-17 14:49:39,23306.3,2026-09-22,23150.0,PE,62.35,62.45,62.65,918953,51712,12784,11.88
2026-09-17 14:49:39,23306.3,2026-09-22,23200.0,CE,182.1,181.6,182.1,1498617,65330,-1005,10.53
2026-09-17 14:49:39,23306.3,2026-09-22,23200.0,PE,76.85,76.85,77.05,2642063,154309,39430,11.73
2026-09-17 14:49:39,23306.3,2026-09-22,23250.0,CE,149.25,148.9,149.25,1776404,61897,20346,10.38
2026-09-17 14:49:39,23306.3,2026-09-22,23250.0,PE,94.5,94.5,94.75,2036927,91368,40883,11.51
2026-09-17 14:49:39,23306.3,2026-09-22,23300.0,CE,120.25,120.15,120.5,3024287,132261,64718,10.37
2026-09-17 14:49:39,23306.3,2026-09-22,23300.0,PE,115.35,115.25,115.55,2730020,119281,70071,11.32
2026-09-17 14:49:39,23306.3,2026-09-22,23350.0,CE,94.9,94.95,95.2,1654256,72990,46457,10.2
2026-09-17 14:49:39,23306.3,2026-09-22,23350.0,PE,140.05,140.1,140.45,957266,28402,16605,11.2
2026-09-17 14:49:39,23306.3,2026-09-22,23400.0,CE,73.35,73.35,73.55,1977734,122175,35422,10.11
2026-09-17 14:49:39,23306.3,2026-09-22,23400.0,PE,168.7,168.65,168.9,804748,50453,4452,11.09
2026-09-17 14:49:39,23306.3,2026-09-22,23450.0,CE,55.8,55.5,55.65,924681,46606,12101,9.98
2026-09-17 14:49:39,23306.3,2026-09-22,23450.0,PE,200.6,200.5,200.85,190464,10566,1821,11.06
2026-09-17 14:49:39,23306.3,2026-09-22,23500.0,CE,41.3,41.15,41.3,1830287,127326,11417,9.97
2026-09-17 14:49:39,23306.3,2026-09-22,23500.0,PE,234.85,235.1,235.75,303668,35728,86,10.92
2026-09-17 14:49:39,23306.3,2026-09-22,23550.0,CE,29.9,29.85,29.9,854494,50558,18178,9.92
2026-09-17 14:49:39,23306.3,2026-09-22,23550.0,PE,277.0,274.2,274.95,48426,4007,1761,11.1
2026-09-17 14:49:39,23306.3,2026-09-22,23600.0,CE,21.45,21.35,21.5,1239891,91509,16309,9.87
2026-09-17 14:49:39,23306.3,2026-09-22,23600.0,PE,317.0,315.6,316.5,63515,11513,-4223,11.53
2026-09-17 14:49:39,23306.3,2026-09-22,23650.0,CE,15.35,15.35,15.4,701446,45387,16413,9.96
2026-09-17 14:49:39,23306.3,2026-09-22,23650.0,PE,362.4,359.4,360.45,8914,3430,521,12.12
2026-09-17 14:49:39,23306.3,2026-09-22,23700.0,CE,10.85,10.8,10.85,918600,114025,30523,9.97
2026-09-17 14:49:39,23306.3,2026-09-22,23700.0,PE,405.5,405.5,406.7,19999,10941,-1267,11.86
2026-09-17 14:49:39,23306.3,2026-09-22,23750.0,CE,7.85,7.8,7.85,529017,51372,18547,10.13
2026-09-17 14:49:39,23306.3,2026-09-22,23750.0,PE,457.0,452.05,453.85,4064,1673,28,12.76
2026-09-17 14:49:39,23306.3,2026-09-22,23800.0,CE,5.85,5.8,5.85,815513,122495,25706,10.39
2026-09-17 14:49:39,23306.3,2026-09-22,23800.0,PE,498.0,498.7,500.55,9504,7429,-545,13.2
2026-09-17 14:50:39,23301.35,2026-09-22,22800.0,CE,523.45,524.5,526.2,11309,2125,351,10.99
2026-09-17 14:50:39,23301.35,2026-09-22,22800.0,PE,14.3,14.35,14.4,707800,84118,5999,14.12
2026-09-17 14:50:39,23301.35,2026-09-22,22850.0,CE,478.0,477.6,479.8,2294,928,115,11.16
2026-09-17 14:50:39,23301.35,2026-09-22,22850.0,PE,17.4,17.35,17.45,413634,26634,7148,13.76
2026-09-17 14:50:39,23301.35,2026-09-22,22900.0,CE,432.4,432.05,433.35,15800,2123,315,11.51
2026-09-17 14:50:39,23301.35,2026-09-22,22900.0,PE,21.15,21.15,21.2,822344,49060,-5951,13.39
2026-09-17 14:50:39,23301.35,2026-09-22,22950.0,CE,387.6,386.9,387.85,8879,1227,456,11.03
2026-09-17 14:50:39,23301.35,2026-09-22,22950.0,PE,26.05,25.85,26.0,585602,36058,12802,13.05
2026-09-17 14:50:39,23301.35,2026-09-22,23000.0,CE,342.15,342.65,343.7,130789,13400,2472,11.29
2026-09-17 14:50:39,23301.35,2026-09-22,23000.0,PE,32.25,32.25,32.35,1538363,142484,17369,12.83
2026-09-17 14:50:39,23301.35,2026-09-22,23050.0,CE,297.9,300.0,300.8,50114,3784,1267,10.9
2026-09-17 14:50:39,23301.35,2026-09-22,23050.0,PE,39.7,39.65,39.75,648306,36644,5137,12.46
2026-09-17 14:50:39,23301.35,2026-09-22,23100.0,CE,260.0,259.65,260.45,297521,15457,612,10.86
2026-09-17 14:50:39,23301.35,2026-09-22,23100.0,PE,48.95,48.9,49.05,1316892,93120,27811,12.2
2026-09-17 14:50:39,23301.35,2026-09-22,23150.0,CE,221.55,221.15,221.75,319904,11238,764,10.85
2026-09-17 14:50:39,23301.35,2026-09-22,23150.0,PE,60.5,60.45,60.65,920725,51840,12912,11.88
2026-09-17 14:50:39,23301.35,2026-09-22,23200.0,CE,185.55,185.55,186.0,1503052,65212,-1123,10.53
2026-09-17 14:50:39,23301.35,2026-09-22,23200.0,PE,74.25,74.4,74.6,2649379,153948,39069,11.73
2026-09-17 14:50:39,23301.35,2026-09-22,23250.0,CE,152.6,152.3,152.6,1781054,61704,20153,10.38
2026-09-17 14:50:39,23301.35,2026-09-22,23250.0,PE,91.4,91.45,91.6,2041666,91705,41220,11.51
2026-09-17 14:50:39,23301.35,2026-09-22,23300.0,CE,123.45,123.25,123.45,3036269,132649,65106,10.37
2026-09-17 14:50:39,23301.35,2026-09-22,23300.0,PE,111.75,111.5,111.85,2737597,119993,70783,11.32
2026-09-17 14:50:39,23301.35,2026-09-22,23350.0,CE,97.8,97.55,97.8,1660749,73227,46694,10.2
2026-09-17 14:50:39,23301.35,2026-09-22,23350.0,PE,135.8,135.65,135.95,959219,28759,16962,11.2
2026-09-17 14:50:39,23301.35,2026-09-22,23400.0,CE,75.15,74.95,75.15,1984612,122104,35351,10.11
2026-09-17 14:50:39,23301.35,2026-09-22,23400.0,PE,164.75,164.35,164.75,806479,50712,4711,11.09
2026-09-17 14:50:39,23301.35,2026-09-22,23450.0,CE,57.1,56.8,56.9,927754,46559,12054,9.98
2026-09-17 14:50:39,23301.35,2026-09-22,23450.0,PE,195.45,195.5,196.0,190920,10532,1787,11.06
2026-09-17 14:50:39,23301.35,2026-09-22,23500.0,CE,42.0,42.05,42.2,1836235,126159,10250,9.97
2026-09-17 14:50:39,23301.35,2026-09-22,23500.0,PE,230.5,230.25,230.9,304213,35672,30,10.92
2026-09-17 14:50:39,23301.35,2026-09-22,23550.0,CE,30.7,30.5,30.6,856438,50441,18061,9.92
2026-09-17 14:50:39,23301.35,2026-09-22,23550.0,PE,270.6,268.8,269.5,48494,3989,1743,11.1
2026-09-17 14:50:39,23301.35,2026-09-22,23600.0,CE,21.9,21.9,22.0,1242656,91388,16188,9.87
2026-09-17 14:50:39,23301.35,2026-09-22,23600.0,PE,310.2,309.85,310.65,63647,11548,-4188,11.53
2026-09-17 14:50:39,23301.35,2026-09-22,23650.0,CE,15.65,15.7,15.75,703888,45964,16990,9.96
2026-09-17 14:50:39,23301.35,2026-09-22,23650.0,PE,354.5,353.35,354.3,8915,3432,523,12.12
2026-09-17 14:50:39,23301.35,2026-09-22,23700.0,CE,11.0,11.0,11.1,919966,114007,30505,9.97
2026-09-17 14:50:39,23301.35,2026-09-22,23700.0,PE,400.0,398.6,399.75,20015,10943,-1265,11.86
2026-09-17 14:50:39,23301.35,2026-09-22,23750.0,CE,7.95,7.95,8.0,530352,51351,18526,10.13
2026-09-17 14:50:39,23301.35,2026-09-22,23750.0,PE,446.25,445.3,447.05,4069,1673,28,12.76
2026-09-17 14:50:39,23301.35,2026-09-22,23800.0,CE,5.95,5.9,5.95,817322,122395,25606,10.39
2026-09-17 14:50:39,23301.35,2026-09-22,23800.0,PE,494.7,493.1,494.9,9509,7428,-546,13.2
2026-09-17 14:51:39,23303.25,2026-09-22,22800.0,CE,520.0,518.45,519.9,11312,2137,363,
2026-09-17 14:51:39,23303.25,2026-09-22,22800.0,PE,14.5,14.5,14.55,708687,84118,5999,14.22
2026-09-17 14:51:39,23303.25,2026-09-22,22850.0,CE,479.05,471.65,473.05,2305,928,115,
2026-09-17 14:51:39,23303.25,2026-09-22,22850.0,PE,17.75,17.7,17.75,414257,26634,7148,13.9
2026-09-17 14:51:39,23303.25,2026-09-22,22900.0,CE,426.65,425.5,426.65,15853,2084,276,
2026-09-17 14:51:39,23303.25,2026-09-22,22900.0,PE,21.65,21.65,21.7,823732,48791,-6220,13.58
2026-09-17 14:51:39,23303.25,2026-09-22,22950.0,CE,379.8,380.45,381.6,8921,1204,433,8.11
2026-09-17 14:51:39,23303.25,2026-09-22,22950.0,PE,26.7,26.55,26.65,586231,36132,12876,13.26
2026-09-17 14:51:39,23303.25,2026-09-22,23000.0,CE,337.05,336.65,337.55,131047,13423,2495,8.56
2026-09-17 14:51:39,23303.25,2026-09-22,23000.0,PE,33.25,33.15,33.25,1541679,142667,17552,13.03
2026-09-17 14:51:39,23303.25,2026-09-22,23050.0,CE,296.05,294.6,295.4,50196,3751,1234,8.97
2026-09-17 14:51:39,23303.25,2026-09-22,23050.0,PE,40.7,40.8,40.95,649439,36504,4997,12.74
2026-09-17 14:51:39,23303.25,2026-09-22,23100.0,CE,254.85,254.5,255.2,298103,15457,612,9.33
2026-09-17 14:51:39,23303.25,2026-09-22,23100.0,PE,50.35,50.35,50.45,1320001,93120,27811,12.52
2026-09-17 14:51:39,23303.25,2026-09-22,23150.0,CE,217.05,216.55,217.05,320419,11261,787,9.45
2026-09-17 14:51:39,23303.25,2026-09-22,23150.0,PE,62.3,62.25,62.35,922463,51840,12912,12.29
2026-09-17 14:51:39,23303.25,2026-09-22,23200.0,CE,181.55,181.0,181.5,1506483,65212,-1123,9.54
2026-09-17 14:51:39,23303.25,2026-09-22,23200.0,PE,76.7,76.7,76.9,2654123,153948,39069,12.11
2026-09-17 14:51:39,23303.25,2026-09-22,23250.0,CE,148.7,148.5,148.8,1784135,61521,19970,9.53
2026-09-17 14:51:39,23303.25,2026-09-22,23250.0,PE,94.65,94.4,94.6,2045304,92031,41546,12.02
2026-09-17 14:51:39,23303.25,2026-09-22,23300.0,CE,119.95,119.75,119.9,3044623,132017,64474,9.59
2026-09-17 14:51:39,23303.25,2026-09-22,23300.0,PE,115.2,115.2,115.5,2743996,120893,71683,11.92
2026-09-17 14:51:39,23303.25,2026-09-22,23350.0,CE,94.75,94.55,94.75,1665498,73121,46588,9.59
2026-09-17 14:51:39,23303.25,2026-09-22,23350.0,PE,139.95,139.85,140.15,960915,28851,17054,11.88
2026-09-17 14:51:39,23303.25,2026-09-22,23400.0,CE,72.95,72.7,72.9,1989111,121213,34460,9.55
2026-09-17 14:51:39,23303.25,2026-09-22,23400.0,PE,168.75,168.65,169.0,807624,50722,4721,11.95
2026-09-17 14:51:39,23303.25,2026-09-22,23450.0,CE,55.15,54.95,55.1,930497,46559,12054,9.54
2026-09-17 14:51:39,23303.25,2026-09-22,23450.0,PE,201.1,200.45,200.95,191466,10532,1787,12.15
2026-09-17 14:51:39,23303.25,2026-09-22,23500.0,CE,40.85,40.75,40.85,1840436,126159,10250,9.57
2026-09-17 14:51:39,23303.25,2026-09-22,23500.0,PE,235.95,235.55,235.9,304576,35672,30,12.26
2026-09-17 14:51:39,23303.25,2026-09-22,23550.0,CE,29.6,29.45,29.6,858246,50441,18061,9.56
2026-09-17 14:51:39,23303.25,2026-09-22,23550.0,PE,275.1,274.35,275.0,48767,3982,1736,12.61
2026-09-17 14:51:39,23303.25,2026-09-22,23600.0,CE,21.2,21.1,21.2,1244800,91378,16178,9.61
2026-09-17 14:51:39,23303.25,2026-09-22,23600.0,PE,315.7,315.95,316.75,63905,11655,-4081,13.09
2026-09-17 14:51:39,23303.25,2026-09-22,23650.0,CE,15.1,15.15,15.2,704868,45870,16896,9.73
2026-09-17 14:51:39,23303.25,2026-09-22,23650.0,PE,357.45,359.95,360.9,8919,3432,523,13.33
2026-09-17 14:51:39,23303.25,2026-09-22,23700.0,CE,10.75,10.7,10.75,921054,114074,30572,9.83
2026-09-17 14:51:39,23303.25,2026-09-22,23700.0,PE,406.6,405.2,406.5,20028,10950,-1258,14.01
2026-09-17 14:51:39,23303.25,2026-09-22,23750.0,CE,7.75,7.75,7.8,531411,51831,19006,10.05
2026-09-17 14:51:39,23303.25,2026-09-22,23750.0,PE,446.25,452.3,453.55,4069,1673,28,14.09
2026-09-17 14:51:39,23303.25,2026-09-22,23800.0,CE,5.75,5.75,5.8,818155,122395,25606,10.27
2026-09-17 14:51:39,23303.25,2026-09-22,23800.0,PE,499.7,499.65,501.35,9531,7429,-545,15.0
2026-09-17 14:52:40,23304.2,2026-09-22,22800.0,CE,517.9,516.1,517.55,11315,2137,363,
2026-09-17 14:52:40,23304.2,2026-09-22,22800.0,PE,14.8,14.75,14.8,709323,84084,5965,14.22
2026-09-17 14:52:40,23304.2,2026-09-22,22850.0,CE,469.3,470.1,471.5,2310,924,111,
2026-09-17 14:52:40,23304.2,2026-09-22,22850.0,PE,17.9,17.9,18.0,414802,26705,7219,13.9
2026-09-17 14:52:40,23304.2,2026-09-22,22900.0,CE,423.4,423.9,424.9,15877,2079,271,
2026-09-17 14:52:40,23304.2,2026-09-22,22900.0,PE,22.05,21.9,22.0,824549,48828,-6183,13.58
2026-09-17 14:52:40,23304.2,2026-09-22,22950.0,CE,380.55,378.0,379.15,8923,1209,438,8.11
2026-09-17 14:52:40,23304.2,2026-09-22,22950.0,PE,27.2,27.0,27.1,586874,36141,12885,13.26
2026-09-17 14:52:40,23304.2,2026-09-22,23000.0,CE,335.0,334.3,335.3,131089,13424,2496,8.56
2026-09-17 14:52:40,23304.2,2026-09-22,23000.0,PE,33.65,33.55,33.65,1542769,141698,16583,13.03
2026-09-17 14:52:40,23304.2,2026-09-22,23050.0,CE,293.65,293.75,294.4,50243,3738,1221,8.97
2026-09-17 14:52:40,23304.2,2026-09-22,23050.0,PE,41.05,41.05,41.2,650236,36463,4956,12.74
2026-09-17 14:52:40,23304.2,2026-09-22,23100.0,CE,253.3,252.9,253.55,298274,15546,701,9.33
2026-09-17 14:52:40,23304.2,2026-09-22,23100.0,PE,50.95,50.9,51.1,1321266,93015,27706,12.52
2026-09-17 14:52:40,23304.2,2026-09-22,23150.0,CE,215.0,215.05,215.6,320611,11215,741,9.45
2026-09-17 14:52:40,23304.2,2026-09-22,23150.0,PE,63.2,62.85,63.0,923127,51862,12934,12.29
2026-09-17 14:52:40,23304.2,2026-09-22,23200.0,CE,179.3,179.35,179.8,1507980,65242,-1093,9.54
2026-09-17 14:52:40,23304.2,2026-09-22,23200.0,PE,77.35,77.2,77.45,2657061,154746,39867,12.11
2026-09-17 14:52:40,23304.2,2026-09-22,23250.0,CE,146.8,146.7,147.1,1785318,61165,19614,9.53
2026-09-17 14:52:40,23304.2,2026-09-22,23250.0,PE,95.5,95.45,95.65,2046894,92148,41663,12.02
2026-09-17 14:52:40,23304.2,2026-09-22,23300.0,CE,118.45,118.5,118.8,3048315,132139,64596,9.59
2026-09-17 14:52:40,23304.2,2026-09-22,23300.0,PE,116.5,116.2,116.4,2747061,121021,71811,11.92
2026-09-17 14:52:40,23304.2,2026-09-22,23350.0,CE,93.6,93.2,93.45,1667531,73353,46820,9.59
2026-09-17 14:52:40,23304.2,2026-09-22,23350.0,PE,141.35,141.4,141.75,961531,29043,17246,11.88
2026-09-17 14:52:40,23304.2,2026-09-22,23400.0,CE,72.3,72.2,72.35,1991245,121395,34642,9.55
2026-09-17 14:52:40,23304.2,2026-09-22,23400.0,PE,169.7,169.15,169.6,808159,50699,4698,11.95
2026-09-17 14:52:40,23304.2,2026-09-22,23450.0,CE,54.3,54.2,54.35,931880,46890,12385,9.54
2026-09-17 14:52:40,23304.2,2026-09-22,23450.0,PE,202.7,201.9,202.4,191657,10638,1893,12.15
2026-09-17 14:52:40,23304.2,2026-09-22,23500.0,CE,40.2,40.2,40.35,1843209,126512,10603,9.57
2026-09-17 14:52:40,23304.2,2026-09-22,23500.0,PE,237.05,236.95,237.6,304736,35733,91,12.26
2026-09-17 14:52:40,23304.2,2026-09-22,23550.0,CE,28.95,29.05,29.15,859120,50134,17754,9.56
2026-09-17 14:52:40,23304.2,2026-09-22,23550.0,PE,276.65,275.85,276.6,48811,3889,1643,12.61
2026-09-17 14:52:40,23304.2,2026-09-22,23600.0,CE,20.85,20.75,20.85,1246004,91449,16249,9.61
2026-09-17 14:52:40,23304.2,2026-09-22,23600.0,PE,319.0,317.6,318.4,63930,11667,-4069,13.09
2026-09-17 14:52:40,23304.2,2026-09-22,23650.0,CE,14.95,14.85,14.95,705705,45919,16945,9.73
2026-09-17 14:52:40,23304.2,2026-09-22,23650.0,PE,362.8,361.7,362.8,8937,3432,523,13.33
2026-09-17 14:52:40,23304.2,2026-09-22,23700.0,CE,10.5,10.5,10.55,922008,113927,30425,9.83
2026-09-17 14:52:40,23304.2,2026-09-22,23700.0,PE,408.8,407.2,408.65,20044,10952,-1256,14.01
2026-09-17 14:52:40,23304.2,2026-09-22,23750.0,CE,7.65,7.65,7.7,532521,51934,19109,10.05
2026-09-17 14:52:40,23304.2,2026-09-22,23750.0,PE,455.8,453.95,455.4,4079,1676,31,14.09
2026-09-17 14:52:40,23304.2,2026-09-22,23800.0,CE,5.7,5.65,5.7,818927,122165,25376,10.27
2026-09-17 14:52:40,23304.2,2026-09-22,23800.0,PE,504.05,502.45,504.15,9538,7431,-543,15.0
2026-09-17 14:53:40,23304.85,2026-09-22,22800.0,CE,517.65,516.05,517.55,11317,2137,363,
2026-09-17 14:53:40,23304.85,2026-09-22,22800.0,PE,14.75,14.75,14.85,709559,84012,5893,14.22
2026-09-17 14:53:40,23304.85,2026-09-22,22850.0,CE,471.8,469.3,470.65,2312,924,111,
2026-09-17 14:53:40,23304.85,2026-09-22,22850.0,PE,18.05,18.0,18.05,414939,26644,7158,13.9
2026-09-17 14:53:40,23304.85,2026-09-22,22900.0,CE,423.4,423.25,424.55,15877,2079,271,
2026-09-17 14:53:40,23304.85,2026-09-22,22900.0,PE,22.0,22.0,22.05,824685,48828,-6183,13.58
2026-09-17 14:53:40,23304.85,2026-09-22,22950.0,CE,377.85,377.95,379.0,8926,1209,438,8.11
2026-09-17 14:53:40,23304.85,2026-09-22,22950.0,PE,27.05,26.95,27.05,586971,36141,12885,13.26
2026-09-17 14:53:40,23304.85,2026-09-22,23000.0,CE,334.85,334.25,335.25,131143,13424,2496,8.56
2026-09-17 14:53:40,23304.85,2026-09-22,23000.0,PE,33.75,33.65,33.8,1543054,141698,16583,13.03
2026-09-17 14:53:40,23304.85,2026-09-22,23050.0,CE,292.7,292.85,293.55,50279,3738,1221,8.97
2026-09-17 14:53:40,23304.85,2026-09-22,23050.0,PE,41.4,41.25,41.35,650397,36463,4956,12.74
2026-09-17 14:53:40,23304.85,2026-09-22,23100.0,CE,252.85,252.45,253.15,298315,15524,679,9.33
2026-09-17 14:53:40,23304.85,2026-09-22,23100.0,PE,50.9,51.0,51.15,1321758,92918,27609,12.52
2026-09-17 14:53:40,23304.85,2026-09-22,23150.0,CE,214.75,214.65,215.2,320697,11215,741,9.45
2026-09-17 14:53:40,23304.85,2026-09-22,23150.0,PE,62.95,62.95,63.1,923322,51818,12890,12.29
2026-09-17 14:53:40,23304.85,2026-09-22,23200.0,CE,179.45,179.45,179.85,1508356,65463,-872,9.54
2026-09-17 14:53:40,23304.85,2026-09-22,23200.0,PE,77.5,77.35,77.5,2657936,155023,40144,12.11
2026-09-17 14:53:40,23304.85,2026-09-22,23250.0,CE,146.8,146.85,147.2,1785652,61165,19614,9.53
2026-09-17 14:53:40,23304.85,2026-09-22,23250.0,PE,95.6,95.35,95.6,2047380,92148,41663,12.02
2026-09-17 14:53:40,23304.85,2026-09-22,23300.0,CE,118.4,118.15,118.4,3049946,132139,64596,9.59
2026-09-17 14:53:40,23304.85,2026-09-22,23300.0,PE,116.35,116.3,116.6,2748053,121021,71811,11.92
2026-09-17 14:53:40,23304.85,2026-09-22,23350.0,CE,93.4,93.15,93.4,1668483,73353,46820,9.59
2026-09-17 14:53:40,23304.85,2026-09-22,23350.0,PE,141.3,141.3,141.65,961872,29043,17246,11.88
2026-09-17 14:53:40,23304.85,2026-09-22,23400.0,CE,72.0,71.8,71.95,1991641,121395,34642,9.55
2026-09-17 14:53:40,23304.85,2026-09-22,23400.0,PE,170.2,169.8,170.2,808340,50699,4698,11.95
2026-09-17 14:53:40,23304.85,2026-09-22,23450.0,CE,54.05,54.05,54.2,932293,46844,12339,9.54
2026-09-17 14:53:40,23304.85,2026-09-22,23450.0,PE,202.55,202.1,202.6,191741,10688,1943,12.15
2026-09-17 14:53:40,23304.85,2026-09-22,23500.0,CE,39.95,39.95,40.1,1844370,126107,10198,9.57
2026-09-17 14:53:40,23304.85,2026-09-22,23500.0,PE,237.0,237.25,237.8,304831,35718,76,12.26
2026-09-17 14:53:40,23304.85,2026-09-22,23550.0,CE,28.95,28.95,29.0,859474,50279,17899,9.56
2026-09-17 14:53:40,23304.85,2026-09-22,23550.0,PE,277.0,276.05,276.75,48816,3889,1643,12.61
2026-09-17 14:53:40,23304.85,2026-09-22,23600.0,CE,20.7,20.65,20.7,1246471,91449,16249,9.61
2026-09-17 14:53:40,23304.85,2026-09-22,23600.0,PE,318.75,317.8,318.7,64233,11667,-4069,13.09
2026-09-17 14:53:40,23304.85,2026-09-22,23650.0,CE,14.9,14.8,14.9,706021,45919,16945,9.73
2026-09-17 14:53:40,23304.85,2026-09-22,23650.0,PE,362.8,362.15,363.25,8940,3432,523,13.33
2026-09-17 14:53:40,23304.85,2026-09-22,23700.0,CE,10.45,10.45,10.5,922358,113927,30425,9.83
2026-09-17 14:53:40,23304.85,2026-09-22,23700.0,PE,408.8,407.95,409.2,20044,10952,-1256,14.01
2026-09-17 14:53:40,23304.85,2026-09-22,23750.0,CE,7.6,7.6,7.65,532670,51934,19109,10.05
2026-09-17 14:53:40,23304.85,2026-09-22,23750.0,PE,455.8,454.6,456.3,4079,1676,31,14.09
2026-09-17 14:53:40,23304.85,2026-09-22,23800.0,CE,5.6,5.6,5.7,819015,122356,25567,10.27
2026-09-17 14:53:40,23304.85,2026-09-22,23800.0,PE,502.75,502.15,503.85,9539,7431,-543,15.0
2026-09-17 14:54:41,23302.7,2026-09-22,22800.0,CE,517.7,519.55,521.1,11336,2128,354,
2026-09-17 14:54:41,23302.7,2026-09-22,22800.0,PE,14.55,14.55,14.65,712997,83034,4915,14.22
2026-09-17 14:54:41,23302.7,2026-09-22,22850.0,CE,471.8,472.9,474.45,2312,924,111,
2026-09-17 14:54:41,23302.7,2026-09-22,22850.0,PE,17.8,17.75,17.8,415370,26601,7115,13.9
2026-09-17 14:54:41,23302.7,2026-09-22,22900.0,CE,428.6,426.7,428.05,15891,2077,269,
2026-09-17 14:54:41,23302.7,2026-09-22,22900.0,PE,21.7,21.7,21.75,825280,49061,-5950,13.58
2026-09-17 14:54:41,23302.7,2026-09-22,22950.0,CE,383.65,381.95,382.95,8934,1204,433,8.11
2026-09-17 14:54:41,23302.7,2026-09-22,22950.0,PE,26.7,26.7,26.8,587457,35997,12741,13.26
2026-09-17 14:54:41,23302.7,2026-09-22,23000.0,CE,337.85,338.05,338.95,131262,13423,2495,8.56
2026-09-17 14:54:41,23302.7,2026-09-22,23000.0,PE,33.2,33.2,33.3,1544934,141935,16820,13.03
2026-09-17 14:54:41,23302.7,2026-09-22,23050.0,CE,297.75,296.0,296.75,50316,3717,1200,8.97
2026-09-17 14:54:41,23302.7,2026-09-22,23050.0,PE,40.8,40.75,40.9,651022,36207,4700,12.74
2026-09-17 14:54:41,23302.7,2026-09-22,23100.0,CE,256.05,255.8,256.3,298571,15456,611,9.33
2026-09-17 14:54:41,23302.7,2026-09-22,23100.0,PE,50.4,50.25,50.4,1323287,92690,27381,12.52
2026-09-17 14:54:41,23302.7,2026-09-22,23150.0,CE,218.05,217.8,218.25,320861,11192,718,9.45
2026-09-17 14:54:41,23302.7,2026-09-22,23150.0,PE,62.0,62.05,62.25,924440,51579,12651,12.29
2026-09-17 14:54:41,23302.7,2026-09-22,23200.0,CE,182.4,182.1,182.55,1509786,65645,-690,9.54
2026-09-17 14:54:41,23302.7,2026-09-22,23200.0,PE,76.5,76.3,76.5,2661473,155165,40286,12.11
2026-09-17 14:54:41,23302.7,2026-09-22,23250.0,CE,149.45,149.2,149.55,1787926,60735,19184,9.53
2026-09-17 14:54:41,23302.7,2026-09-22,23250.0,PE,94.2,94.0,94.1,2049259,91910,41425,12.02
2026-09-17 14:54:41,23302.7,2026-09-22,23300.0,CE,120.5,120.15,120.35,3054221,131983,64440,9.59
2026-09-17 14:54:41,23302.7,2026-09-22,23300.0,PE,115.1,114.9,115.1,2751872,121717,72507,11.92
2026-09-17 14:54:41,23302.7,2026-09-22,23350.0,CE,95.4,95.1,95.35,1671306,73899,47366,9.59
2026-09-17 14:54:41,23302.7,2026-09-22,23350.0,PE,139.25,139.15,139.5,962791,28852,17055,11.88
2026-09-17 14:54:41,23302.7,2026-09-22,23400.0,CE,73.5,73.15,73.3,1993690,121292,34539,9.55
2026-09-17 14:54:41,23302.7,2026-09-22,23400.0,PE,167.45,167.7,168.1,808867,50637,4636,11.95
2026-09-17 14:54:41,23302.7,2026-09-22,23450.0,CE,55.4,55.25,55.4,933376,46729,12224,9.54
2026-09-17 14:54:41,23302.7,2026-09-22,23450.0,PE,199.35,199.45,200.0,191934,10673,1928,12.15
2026-09-17 14:54:41,23302.7,2026-09-22,23500.0,CE,41.0,40.9,41.0,1846012,125964,10055,9.57
2026-09-17 14:54:41,23302.7,2026-09-22,23500.0,PE,234.35,234.35,234.9,305072,35669,27,12.26
2026-09-17 14:54:41,23302.7,2026-09-22,23550.0,CE,29.55,29.55,29.65,860512,50247,17867,9.56
2026-09-17 14:54:41,23302.7,2026-09-22,23550.0,PE,273.3,273.0,273.85,48887,3844,1598,12.61
2026-09-17 14:54:41,23302.7,2026-09-22,23600.0,CE,21.15,21.15,21.2,1247758,91606,16406,9.61
2026-09-17 14:54:41,23302.7,2026-09-22,23600.0,PE,314.35,314.7,315.55,64353,11722,-4014,13.09
2026-09-17 14:54:41,23302.7,2026-09-22,23650.0,CE,15.15,15.2,15.25,707139,46008,17034,9.73
2026-09-17 14:54:41,23302.7,2026-09-22,23650.0,PE,360.9,358.85,359.9,8944,3443,534,13.33
2026-09-17 14:54:41,23302.7,2026-09-22,23700.0,CE,10.7,10.65,10.75,923141,114139,30637,9.83
2026-09-17 14:54:41,23302.7,2026-09-22,23700.0,PE,402.8,404.05,405.0,20055,10955,-1253,14.01
2026-09-17 14:54:41,23302.7,2026-09-22,23750.0,CE,7.85,7.75,7.8,532904,51776,18951,10.05
2026-09-17 14:54:41,23302.7,2026-09-22,23750.0,PE,450.0,450.7,452.35,4083,1678,33,14.09
2026-09-17 14:54:41,23302.7,2026-09-22,23800.0,CE,5.75,5.75,5.8,819756,122377,25588,10.27
2026-09-17 14:54:41,23302.7,2026-09-22,23800.0,PE,499.5,498.55,500.2,9544,7442,-532,15.0
2026-09-17 14:55:41,23298.3,2026-09-22,22800.0,CE,517.25,514.55,516.1,11353,2128,354,
2026-09-17 14:55:41,23298.3,2026-09-22,22800.0,PE,14.3,14.25,14.3,730390,81603,3484,14.22
2026-09-17 14:55:41,23298.3,2026-09-22,22850.0,CE,468.95,467.6,469.1,2315,922,109,
2026-09-17 14:55:41,23298.3,2026-09-22,22850.0,PE,17.6,17.6,17.65,418118,26399,6913,13.9
2026-09-17 14:55:41,23298.3,2026-09-22,22900.0,CE,421.85,421.85,423.05,15908,2081,273,
2026-09-17 14:55:41,23298.3,2026-09-22,22900.0,PE,21.65,21.65,21.7,827412,49221,-5790,13.58
2026-09-17 14:55:41,23298.3,2026-09-22,22950.0,CE,378.0,377.1,378.1,8952,1201,430,8.11
2026-09-17 14:55:41,23298.3,2026-09-22,22950.0,PE,26.8,26.75,26.8,588718,36128,12872,13.26
2026-09-17 14:55:41,23298.3,2026-09-22,23000.0,CE,332.7,333.7,334.6,131352,13420,2492,8.56
2026-09-17 14:55:41,23298.3,2026-09-22,23000.0,PE,33.5,33.45,33.55,1548211,141889,16774,13.03
2026-09-17 14:55:41,23298.3,2026-09-22,23050.0,CE,291.85,291.75,292.45,50447,3706,1189,8.97
2026-09-17 14:55:41,23298.3,2026-09-22,23050.0,PE,41.35,41.25,41.4,658238,36374,4867,12.74
2026-09-17 14:55:41,23298.3,2026-09-22,23100.0,CE,251.95,251.55,252.2,299125,15458,613,9.33
2026-09-17 14:55:41,23298.3,2026-09-22,23100.0,PE,51.2,51.1,51.25,1326543,92192,26883,12.52
2026-09-17 14:55:41,23298.3,2026-09-22,23150.0,CE,214.4,214.1,214.25,321504,11127,653,9.45
2026-09-17 14:55:41,23298.3,2026-09-22,23150.0,PE,63.4,63.25,63.4,926899,51585,12657,12.29
2026-09-17 14:55:41,23298.3,2026-09-22,23200.0,CE,178.9,178.9,179.35,1512374,65606,-729,9.54
2026-09-17 14:55:41,23298.3,2026-09-22,23200.0,PE,78.2,78.1,78.2,2677313,154824,39945,12.11
2026-09-17 14:55:41,23298.3,2026-09-22,23250.0,CE,146.85,146.5,146.85,1793465,60073,18522,9.53
2026-09-17 14:55:41,23298.3,2026-09-22,23250.0,PE,96.3,96.1,96.3,2054742,91477,40992,12.02
2026-09-17 14:55:41,23298.3,2026-09-22,23300.0,CE,118.0,118.0,118.25,3063550,131499,63956,9.59
2026-09-17 14:55:41,23298.3,2026-09-22,23300.0,PE,117.25,117.1,117.35,2758242,121924,72714,11.92
2026-09-17 14:55:41,23298.3,2026-09-22,23350.0,CE,93.25,93.25,93.45,1676106,74375,47842,9.59
2026-09-17 14:55:41,23298.3,2026-09-22,23350.0,PE,142.15,141.95,142.15,964725,28703,16906,11.88
2026-09-17 14:55:41,23298.3,2026-09-22,23400.0,CE,71.75,71.55,71.7,1998171,121108,34355,9.55
2026-09-17 14:55:41,23298.3,2026-09-22,23400.0,PE,171.0,170.9,171.3,809892,50555,4554,11.95
2026-09-17 14:55:41,23298.3,2026-09-22,23450.0,CE,53.85,53.85,54.0,935778,46997,12492,9.54
2026-09-17 14:55:41,23298.3,2026-09-22,23450.0,PE,203.4,203.0,203.5,192380,10701,1956,12.15
2026-09-17 14:55:41,23298.3,2026-09-22,23500.0,CE,39.95,39.85,39.95,1858609,130094,14185,9.57
2026-09-17 14:55:41,23298.3,2026-09-22,23500.0,PE,239.1,238.25,238.7,305486,35712,70,12.26
2026-09-17 14:55:41,23298.3,2026-09-22,23550.0,CE,28.8,28.75,28.85,862908,50517,18137,9.56
2026-09-17 14:55:41,23298.3,2026-09-22,23550.0,PE,277.4,277.3,278.05,48958,3859,1613,12.61
2026-09-17 14:55:41,23298.3,2026-09-22,23600.0,CE,20.6,20.6,20.65,1253032,92704,17504,9.61
2026-09-17 14:55:41,23298.3,2026-09-22,23600.0,PE,322.0,318.95,319.9,64408,11718,-4018,13.09
2026-09-17 14:55:41,23298.3,2026-09-22,23650.0,CE,14.65,14.65,14.7,711036,45670,16696,9.73
2026-09-17 14:55:41,23298.3,2026-09-22,23650.0,PE,366.0,362.9,364.05,8966,3451,542,13.33
2026-09-17 14:55:41,23298.3,2026-09-22,23700.0,CE,10.35,10.35,10.4,927369,114265,30763,9.83
2026-09-17 14:55:41,23298.3,2026-09-22,23700.0,PE,412.0,408.3,409.75,20072,10952,-1256,14.01
2026-09-17 14:55:41,23298.3,2026-09-22,23750.0,CE,7.5,7.45,7.5,534482,52083,19258,10.05
2026-09-17 14:55:41,23298.3,2026-09-22,23750.0,PE,457.45,455.3,457.35,4089,1677,32,14.09
2026-09-17 14:55:41,23298.3,2026-09-22,23800.0,CE,5.6,5.55,5.65,822738,122440,25651,10.27
2026-09-17 14:55:41,23298.3,2026-09-22,23800.0,PE,505.65,503.25,504.9,9578,7435,-539,15.0
2026-09-17 14:56:41,23291.05,2026-09-22,22800.0,CE,509.85,507.9,509.35,11363,2136,362,
2026-09-17 14:56:41,23291.05,2026-09-22,22800.0,PE,14.7,14.65,14.75,734029,79880,1761,14.22
2026-09-17 14:56:41,23291.05,2026-09-22,22850.0,CE,468.0,462.2,463.7,2318,922,109,
2026-09-17 14:56:41,23291.05,2026-09-22,22850.0,PE,18.05,18.05,18.15,420437,24715,5229,13.9
2026-09-17 14:56:41,23291.05,2026-09-22,22900.0,CE,419.0,416.15,417.3,15912,2068,260,
2026-09-17 14:56:41,23291.05,2026-09-22,22900.0,PE,22.45,22.3,22.4,829161,49207,-5804,13.58
2026-09-17 14:56:41,23291.05,2026-09-22,22950.0,CE,373.1,371.8,372.8,8956,1200,429,8.11
2026-09-17 14:56:41,23291.05,2026-09-22,22950.0,PE,27.7,27.5,27.6,590215,35965,12709,13.26
2026-09-17 14:56:41,23291.05,2026-09-22,23000.0,CE,329.0,328.1,329.2,131573,13429,2501,8.56
2026-09-17 14:56:41,23291.05,2026-09-22,23000.0,PE,34.65,34.6,34.7,1553567,142118,17003,13.03
2026-09-17 14:56:41,23291.05,2026-09-22,23050.0,CE,289.0,287.0,287.7,50625,3657,1140,8.97
2026-09-17 14:56:41,23291.05,2026-09-22,23050.0,PE,42.6,42.55,42.7,659975,38330,6823,12.74
2026-09-17 14:56:41,23291.05,2026-09-22,23100.0,CE,247.05,247.0,247.7,299557,15461,616,9.33
2026-09-17 14:56:41,23291.05,2026-09-22,23100.0,PE,52.75,52.75,52.9,1335157,88997,23688,12.52
2026-09-17 14:56:41,23291.05,2026-09-22,23150.0,CE,209.95,210.0,210.15,322190,11014,540,9.45
2026-09-17 14:56:41,23291.05,2026-09-22,23150.0,PE,65.5,65.5,65.65,929784,51134,12206,12.29
2026-09-17 14:56:41,23291.05,2026-09-22,23200.0,CE,175.1,175.0,175.3,1515404,65787,-548,9.54
2026-09-17 14:56:41,23291.05,2026-09-22,23200.0,PE,80.8,80.65,80.85,2685368,151589,36710,12.11
2026-09-17 14:56:41,23291.05,2026-09-22,23250.0,CE,143.6,143.3,143.65,1798770,57784,16233,9.53
2026-09-17 14:56:41,23291.05,2026-09-22,23250.0,PE,99.3,99.25,99.5,2062030,90520,40035,12.02
2026-09-17 14:56:41,23291.05,2026-09-22,23300.0,CE,114.95,115.0,115.3,3075564,130119,62576,9.59
2026-09-17 14:56:41,23291.05,2026-09-22,23300.0,PE,120.2,120.2,120.5,2767920,123032,73822,11.92
2026-09-17 14:56:41,23291.05,2026-09-22,23350.0,CE,90.9,90.5,90.7,1681286,73601,47068,9.59
2026-09-17 14:56:41,23291.05,2026-09-22,23350.0,PE,145.8,145.65,146.0,967010,28181,16384,11.88
2026-09-17 14:56:41,23291.05,2026-09-22,23400.0,CE,69.4,69.4,69.6,2003651,120580,33827,9.55
2026-09-17 14:56:41,23291.05,2026-09-22,23400.0,PE,174.85,174.85,175.3,811725,50473,4472,11.95
2026-09-17 14:56:41,23291.05,2026-09-22,23450.0,CE,52.25,52.1,52.25,938906,46687,12182,9.54
2026-09-17 14:56:41,23291.05,2026-09-22,23450.0,PE,208.0,207.4,207.95,192849,10574,1829,12.15
2026-09-17 14:56:41,23291.05,2026-09-22,23500.0,CE,38.4,38.3,38.35,1863983,130688,14779,9.57
2026-09-17 14:56:41,23291.05,2026-09-22,23500.0,PE,243.3,243.35,243.8,306289,35711,69,12.26
2026-09-17 14:56:41,23291.05,2026-09-22,23550.0,CE,27.65,27.6,27.7,866052,50994,18614,9.56
2026-09-17 14:56:41,23291.05,2026-09-22,23550.0,PE,283.0,282.6,283.4,49072,3894,1648,12.61
2026-09-17 14:56:41,23291.05,2026-09-22,23600.0,CE,19.8,19.75,19.8,1256392,93042,17842,9.61
2026-09-17 14:56:41,23291.05,2026-09-22,23600.0,PE,322.65,324.1,325.0,64592,11642,-4094,13.09
2026-09-17 14:56:41,23291.05,2026-09-22,23650.0,CE,14.1,14.05,14.15,716278,43906,14932,9.73
2026-09-17 14:56:41,23291.05,2026-09-22,23650.0,PE,364.45,368.5,369.5,8967,3451,542,13.33
2026-09-17 14:56:41,23291.05,2026-09-22,23700.0,CE,9.95,9.9,10.0,934080,112529,29027,9.83
2026-09-17 14:56:41,23291.05,2026-09-22,23700.0,PE,415.0,414.45,415.8,20087,10950,-1258,14.01
2026-09-17 14:56:41,23291.05,2026-09-22,23750.0,CE,7.25,7.2,7.25,536718,51736,18911,10.05
2026-09-17 14:56:41,23291.05,2026-09-22,23750.0,PE,462.65,461.45,463.25,4104,1677,32,14.09
2026-09-17 14:56:41,23291.05,2026-09-22,23800.0,CE,5.45,5.35,5.45,827212,122566,25777,10.27
2026-09-17 14:56:41,23291.05,2026-09-22,23800.0,PE,510.0,509.5,511.3,9601,7442,-532,15.0
2026-09-17 14:57:42,23284.5,2026-09-22,22800.0,CE,509.0,505.55,507.05,11366,2136,362,
2026-09-17 14:57:42,23284.5,2026-09-22,22800.0,PE,15.0,15.0,15.1,736898,80332,2213,14.26
2026-09-17 14:57:42,23284.5,2026-09-22,22850.0,CE,468.0,459.8,461.4,2318,922,109,
2026-09-17 14:57:42,23284.5,2026-09-22,22850.0,PE,18.45,18.5,18.55,420995,24429,4943,13.91
2026-09-17 14:57:42,23284.5,2026-09-22,22900.0,CE,415.0,414.0,415.15,15916,2068,260,
2026-09-17 14:57:42,23284.5,2026-09-22,22900.0,PE,22.85,22.8,22.95,829898,49308,-5703,13.6
2026-09-17 14:57:42,23284.5,2026-09-22,22950.0,CE,369.9,369.25,370.2,8972,1195,424,6.53
2026-09-17 14:57:42,23284.5,2026-09-22,22950.0,PE,28.4,28.35,28.45,590827,36037,12781,13.29
2026-09-17 14:57:42,23284.5,2026-09-22,23000.0,CE,327.3,327.3,327.95,131728,13406,2478,8.15
2026-09-17 14:57:42,23284.5,2026-09-22,23000.0,PE,35.4,35.25,35.4,1556311,142429,17314,13.07
2026-09-17 14:57:42,23284.5,2026-09-22,23050.0,CE,286.0,284.9,285.6,50707,3636,1119,9.07
2026-09-17 14:57:42,23284.5,2026-09-22,23050.0,PE,43.6,43.6,43.7,660712,38206,6699,12.78
2026-09-17 14:57:42,23284.5,2026-09-22,23100.0,CE,245.85,245.85,246.25,299794,15456,611,9.17
2026-09-17 14:57:42,23284.5,2026-09-22,23100.0,PE,53.8,53.7,53.8,1337649,89114,23805,12.56
2026-09-17 14:57:42,23284.5,2026-09-22,23150.0,CE,208.8,208.15,208.65,322720,10890,416,9.41
2026-09-17 14:57:42,23284.5,2026-09-22,23150.0,PE,66.7,66.65,66.8,930821,51408,12480,12.33
2026-09-17 14:57:42,23284.5,2026-09-22,23200.0,CE,173.8,173.8,173.95,1516827,65838,-497,9.43
2026-09-17 14:57:42,23284.5,2026-09-22,23200.0,PE,82.0,82.1,82.25,2690083,151108,36229,12.18
2026-09-17 14:57:42,23284.5,2026-09-22,23250.0,CE,142.3,141.95,142.2,1801038,57247,15696,9.48
2026-09-17 14:57:42,23284.5,2026-09-22,23250.0,PE,100.95,100.55,100.8,2066275,90400,39915,12.06
2026-09-17 14:57:42,23284.5,2026-09-22,23300.0,CE,114.1,113.8,114.1,3081192,129434,61891,9.46
2026-09-17 14:57:42,23284.5,2026-09-22,23300.0,PE,122.75,122.5,122.8,2774380,124149,74939,12.01
2026-09-17 14:57:42,23284.5,2026-09-22,23350.0,CE,89.85,89.65,89.85,1684876,73081,46548,9.49
2026-09-17 14:57:42,23284.5,2026-09-22,23350.0,PE,147.8,148.0,148.35,968291,28052,16255,12.0
2026-09-17 14:57:42,23284.5,2026-09-22,23400.0,CE,68.8,68.75,68.9,2006621,120266,33513,9.47
2026-09-17 14:57:42,23284.5,2026-09-22,23400.0,PE,177.4,177.3,177.7,812857,50659,4658,12.13
2026-09-17 14:57:42,23284.5,2026-09-22,23450.0,CE,51.9,51.95,52.1,940147,46611,12106,9.48
2026-09-17 14:57:42,23284.5,2026-09-22,23450.0,PE,209.9,209.35,209.85,193306,10464,1719,12.19
2026-09-17 14:57:42,23284.5,2026-09-22,23500.0,CE,38.05,38.1,38.15,1866458,130657,14748,9.51
2026-09-17 14:57:42,23284.5,2026-09-22,23500.0,PE,246.4,245.8,246.45,306745,35709,67,12.38
2026-09-17 14:57:42,23284.5,2026-09-22,23550.0,CE,27.4,27.4,27.5,866887,51450,19070,9.51
2026-09-17 14:57:42,23284.5,2026-09-22,23550.0,PE,285.5,285.0,285.85,49136,3886,1640,12.66
2026-09-17 14:57:42,23284.5,2026-09-22,23600.0,CE,19.65,19.6,19.65,1257714,92952,17752,9.59
2026-09-17 14:57:42,23284.5,2026-09-22,23600.0,PE,327.15,327.0,327.9,64749,11607,-4129,13.09
2026-09-17 14:57:42,23284.5,2026-09-22,23650.0,CE,14.0,14.0,14.1,718682,43687,14713,9.7
2026-09-17 14:57:42,23284.5,2026-09-22,23650.0,PE,372.75,371.8,372.9,8968,3451,542,13.33
2026-09-17 14:57:42,23284.5,2026-09-22,23700.0,CE,9.9,9.9,9.95,934923,112572,29070,9.83
2026-09-17 14:57:42,23284.5,2026-09-22,23700.0,PE,418.0,416.45,417.75,20101,10930,-1278,14.01
2026-09-17 14:57:42,23284.5,2026-09-22,23750.0,CE,7.15,7.15,7.25,537607,51389,18564,10.01
2026-09-17 14:57:42,23284.5,2026-09-22,23750.0,PE,463.6,464.4,466.05,4107,1679,34,14.09
2026-09-17 14:57:42,23284.5,2026-09-22,23800.0,CE,5.45,5.4,5.45,828106,122373,25584,10.27
2026-09-17 14:57:42,23284.5,2026-09-22,23800.0,PE,511.85,511.85,513.75,9604,7429,-545,15.0
2026-09-17 14:58:42,23284.1,2026-09-22,22800.0,CE,505.0,507.2,509.15,11368,2138,364,
2026-09-17 14:58:42,23284.1,2026-09-22,22800.0,PE,14.9,14.8,14.9,737981,80332,2213,14.22
2026-09-17 14:58:42,23284.1,2026-09-22,22850.0,CE,468.0,460.85,462.3,2318,922,109,
2026-09-17 14:58:42,23284.1,2026-09-22,22850.0,PE,18.55,18.35,18.45,421430,24429,4943,13.9
2026-09-17 14:58:42,23284.1,2026-09-22,22900.0,CE,414.75,414.25,415.0,15926,2068,260,
2026-09-17 14:58:42,23284.1,2026-09-22,22900.0,PE,22.8,22.7,22.8,830464,49308,-5703,13.58
2026-09-17 14:58:42,23284.1,2026-09-22,22950.0,CE,367.8,370.9,371.95,8976,1195,424,8.11
2026-09-17 14:58:42,23284.1,2026-09-22,22950.0,PE,27.95,27.95,28.05,591250,36037,12781,13.26
2026-09-17 14:58:42,23284.1,2026-09-22,23000.0,CE,324.7,326.7,327.0,131804,13406,2478,8.56
2026-09-17 14:58:42,23284.1,2026-09-22,23000.0,PE,35.25,35.25,35.35,1557917,142429,17314,13.03
2026-09-17 14:58:42,23284.1,2026-09-22,23050.0,CE,286.0,286.1,286.75,50724,3636,1119,8.97
2026-09-17 14:58:42,23284.1,2026-09-22,23050.0,PE,43.25,43.1,43.25,661683,38206,6699,12.74
2026-09-17 14:58:42,23284.1,2026-09-22,23100.0,CE,245.55,245.75,246.4,300130,15456,611,9.33
2026-09-17 14:58:42,23284.1,2026-09-22,23100.0,PE,53.75,53.6,53.75,1339298,89114,23805,12.52
2026-09-17 14:58:42,23284.1,2026-09-22,23150.0,CE,209.0,209.05,209.4,323025,10890,416,9.45
2026-09-17 14:58:42,23284.1,2026-09-22,23150.0,PE,66.3,66.1,66.3,931727,51408,12480,12.29
2026-09-17 14:58:42,23284.1,2026-09-22,23200.0,CE,174.0,174.15,174.5,1518230,65838,-497,9.54
2026-09-17 14:58:42,23284.1,2026-09-22,23200.0,PE,81.85,81.65,81.9,2693883,151108,36229,12.11
2026-09-17 14:58:42,23284.1,2026-09-22,23250.0,CE,142.05,142.2,142.45,1802461,57247,15696,9.53
2026-09-17 14:58:42,23284.1,2026-09-22,23250.0,PE,100.3,100.2,100.35,2069685,90400,39915,12.02
2026-09-17 14:58:42,23284.1,2026-09-22,23300.0,CE,114.75,114.65,114.9,3085657,129434,61891,9.59
2026-09-17 14:58:42,23284.1,2026-09-22,23300.0,PE,121.45,121.25,121.55,2778829,124149,74939,11.92
2026-09-17 14:58:42,23284.1,2026-09-22,23350.0,CE,90.05,89.95,90.15,1687304,73081,46548,9.59
2026-09-17 14:58:42,23284.1,2026-09-22,23350.0,PE,147.05,147.0,147.35,969118,28052,16255,11.88
2026-09-17 14:58:42,23284.1,2026-09-22,23400.0,CE,69.25,69.15,69.3,2009380,120266,33513,9.55
2026-09-17 14:58:42,23284.1,2026-09-22,23400.0,PE,176.5,176.3,176.45,814079,50659,4658,11.95
2026-09-17 14:58:42,23284.1,2026-09-22,23450.0,CE,51.85,51.85,51.95,941093,46611,12106,9.54
2026-09-17 14:58:42,23284.1,2026-09-22,23450.0,PE,209.5,209.2,209.7,193514,10464,1719,12.15
2026-09-17 14:58:42,23284.1,2026-09-22,23500.0,CE,38.25,38.25,38.35,1872798,130657,14748,9.57
2026-09-17 14:58:42,23284.1,2026-09-22,23500.0,PE,244.75,244.55,244.85,307031,35709,67,12.26
2026-09-17 14:58:42,23284.1,2026-09-22,23550.0,CE,27.5,27.5,27.55,867861,51450,19070,9.56
2026-09-17 14:58:42,23284.1,2026-09-22,23550.0,PE,287.2,284.1,284.9,49177,3886,1640,12.61
2026-09-17 14:58:42,23284.1,2026-09-22,23600.0,CE,19.65,19.65,19.75,1259186,92952,17752,9.61
2026-09-17 14:58:42,23284.1,2026-09-22,23600.0,PE,329.0,326.25,327.3,64807,11607,-4129,13.09
2026-09-17 14:58:42,23284.1,2026-09-22,23650.0,CE,14.05,14.05,14.15,719564,43687,14713,9.73
2026-09-17 14:58:42,23284.1,2026-09-22,23650.0,PE,372.3,370.0,370.85,8979,3451,542,13.33
2026-09-17 14:58:42,23284.1,2026-09-22,23700.0,CE,9.85,9.9,9.95,935956,112572,29070,9.83
2026-09-17 14:58:42,23284.1,2026-09-22,23700.0,PE,418.6,417.25,418.05,20109,10930,-1278,14.01
2026-09-17 14:58:42,23284.1,2026-09-22,23750.0,CE,7.25,7.25,7.3,538218,51389,18564,10.05
2026-09-17 14:58:42,23284.1,2026-09-22,23750.0,PE,465.85,461.6,464.55,4109,1679,34,14.09
2026-09-17 14:58:42,23284.1,2026-09-22,23800.0,CE,5.4,5.4,5.45,829134,122373,25584,10.27
2026-09-17 14:58:42,23284.1,2026-09-22,23800.0,PE,514.1,511.5,513.05,9616,7429,-545,15.0
2026-09-17 14:59:43,23285.55,2026-09-22,22800.0,CE,505.0,504.85,506.5,11368,2138,364,
2026-09-17 14:59:43,23285.55,2026-09-22,22800.0,PE,15.0,15.0,15.05,738338,80297,2178,14.22
2026-09-17 14:59:43,23285.55,2026-09-22,22850.0,CE,468.0,458.65,460.0,2318,924,111,
2026-09-17 14:59:43,23285.55,2026-09-22,22850.0,PE,18.5,18.55,18.65,422117,24130,4644,13.9
2026-09-17 14:59:43,23285.55,2026-09-22,22900.0,CE,413.1,412.8,413.9,15957,2079,271,
2026-09-17 14:59:43,23285.55,2026-09-22,22900.0,PE,22.95,22.9,23.0,830838,49248,-5763,13.58
2026-09-17 14:59:43,23285.55,2026-09-22,22950.0,CE,370.4,368.5,369.45,8977,1198,427,8.11
2026-09-17 14:59:43,23285.55,2026-09-22,22950.0,PE,28.35,28.3,28.4,591524,35806,12550,13.26
2026-09-17 14:59:43,23285.55,2026-09-22,23000.0,CE,325.95,325.1,326.05,131860,13441,2513,8.56
2026-09-17 14:59:43,23285.55,2026-09-22,23000.0,PE,35.65,35.55,35.65,1558711,142207,17092,13.03
2026-09-17 14:59:43,23285.55,2026-09-22,23050.0,CE,285.0,283.85,284.55,50735,3626,1109,8.97
2026-09-17 14:59:43,23285.55,2026-09-22,23050.0,PE,43.8,43.8,43.9,662150,38266,6759,12.74
2026-09-17 14:59:43,23285.55,2026-09-22,23100.0,CE,244.45,244.45,245.05,300268,15368,523,9.33
2026-09-17 14:59:43,23285.55,2026-09-22,23100.0,PE,54.05,54.05,54.2,1340119,88561,23252,12.52
2026-09-17 14:59:43,23285.55,2026-09-22,23150.0,CE,207.15,207.05,207.55,323144,10915,441,9.45
2026-09-17 14:59:43,23285.55,2026-09-22,23150.0,PE,67.2,67.0,67.2,932334,51089,12161,12.29
2026-09-17 14:59:43,23285.55,2026-09-22,23200.0,CE,173.1,172.85,172.95,1518576,65462,-873,9.54
2026-09-17 14:59:43,23285.55,2026-09-22,23200.0,PE,82.45,82.45,82.65,2695471,151001,36122,12.11
2026-09-17 14:59:43,23285.55,2026-09-22,23250.0,CE,141.0,141.05,141.3,1803003,56967,15416,9.53
2026-09-17 14:59:43,23285.55,2026-09-22,23250.0,PE,101.0,101.0,101.25,2071672,90050,39565,12.02
2026-09-17 14:59:43,23285.55,2026-09-22,23300.0,CE,113.55,113.35,113.55,3087235,128538,60995,9.59
2026-09-17 14:59:43,23285.55,2026-09-22,23300.0,PE,122.6,122.65,122.9,2781112,124913,75703,11.92
2026-09-17 14:59:43,23285.55,2026-09-22,23350.0,CE,89.15,89.05,89.25,1688426,72128,45595,9.59
2026-09-17 14:59:43,23285.55,2026-09-22,23350.0,PE,148.45,148.05,148.5,969629,28196,16399,11.88
2026-09-17 14:59:43,23285.55,2026-09-22,23400.0,CE,68.3,68.1,68.3,2010177,120031,33278,9.55
2026-09-17 14:59:43,23285.55,2026-09-22,23400.0,PE,178.15,178.05,178.35,814372,50374,4373,11.95
2026-09-17 14:59:43,23285.55,2026-09-22,23450.0,CE,51.2,51.1,51.3,941583,46250,11745,9.54
2026-09-17 14:59:43,23285.55,2026-09-22,23450.0,PE,210.55,210.4,210.95,193653,10457,1712,12.15
2026-09-17 14:59:43,23285.55,2026-09-22,23500.0,CE,37.5,37.55,37.65,1873760,132674,16765,9.57
2026-09-17 14:59:43,23285.55,2026-09-22,23500.0,PE,246.6,246.3,246.95,307294,35751,109,12.26
2026-09-17 14:59:43,23285.55,2026-09-22,23550.0,CE,27.1,27.05,27.15,868275,51121,18741,9.56
2026-09-17 14:59:43,23285.55,2026-09-22,23550.0,PE,285.8,286.05,286.85,49196,3871,1625,12.61
2026-09-17 14:59:43,23285.55,2026-09-22,23600.0,CE,19.4,19.35,19.4,1259848,92826,17626,9.61
2026-09-17 14:59:43,23285.55,2026-09-22,23600.0,PE,328.35,327.95,328.9,64830,11610,-4126,13.09
2026-09-17 14:59:43,23285.55,2026-09-22,23650.0,CE,13.9,13.85,13.9,720002,43943,14969,9.73
2026-09-17 14:59:43,23285.55,2026-09-22,23650.0,PE,370.9,372.3,373.35,8981,3454,545,13.33
2026-09-17 14:59:43,23285.55,2026-09-22,23700.0,CE,9.8,9.75,9.8,936310,112528,29026,9.83
2026-09-17 14:59:43,23285.55,2026-09-22,23700.0,PE,417.7,418.25,419.6,20113,10932,-1276,14.01
2026-09-17 14:59:43,23285.55,2026-09-22,23750.0,CE,7.2,7.15,7.2,538290,51454,18629,10.05
2026-09-17 14:59:43,23285.55,2026-09-22,23750.0,PE,465.45,465.5,467.15,4111,1681,36,14.09
2026-09-17 14:59:43,23285.55,2026-09-22,23800.0,CE,5.4,5.35,5.4,829248,122209,25420,10.27
2026-09-17 14:59:43,23285.55,2026-09-22,23800.0,PE,512.3,513.05,514.75,9625,7424,-550,15.0
2026-09-17 15:00:43,23283.0,2026-09-22,22800.0,CE,507.15,504.5,506.0,11381,2133,359,
2026-09-17 15:00:43,23283.0,2026-09-22,22800.0,PE,15.0,14.9,15.0,739565,80276,2157,14.22
2026-09-17 15:00:43,23283.0,2026-09-22,22850.0,CE,458.3,458.8,460.25,2322,924,111,
2026-09-17 15:00:43,23283.0,2026-09-22,22850.0,PE,18.5,18.4,18.45,422598,23905,4419,13.9
2026-09-17 15:00:43,23283.0,2026-09-22,22900.0,CE,414.15,413.15,414.3,15967,2062,254,
2026-09-17 15:00:43,23283.0,2026-09-22,22900.0,PE,23.0,22.8,22.9,832095,49276,-5735,13.58
2026-09-17 15:00:43,23283.0,2026-09-22,22950.0,CE,370.9,368.55,369.55,8982,1201,430,8.11
2026-09-17 15:00:43,23283.0,2026-09-22,22950.0,PE,28.45,28.1,28.25,592425,35961,12705,13.26
2026-09-17 15:00:43,23283.0,2026-09-22,23000.0,CE,325.0,324.85,325.8,132006,13389,2461,8.56
2026-09-17 15:00:43,23283.0,2026-09-22,23000.0,PE,35.35,35.35,35.5,1562257,142433,17318,13.03
2026-09-17 15:00:43,23283.0,2026-09-22,23050.0,CE,286.0,284.25,285.1,50860,3586,1069,8.97
2026-09-17 15:00:43,23283.0,2026-09-22,23050.0,PE,43.6,43.45,43.6,663525,38279,6772,12.74
2026-09-17 15:00:43,23283.0,2026-09-22,23100.0,CE,244.0,244.25,244.85,300761,15420,575,9.33
2026-09-17 15:00:43,23283.0,2026-09-22,23100.0,PE,53.95,53.9,54.05,1342740,88285,22976,12.52
2026-09-17 15:00:43,23283.0,2026-09-22,23150.0,CE,207.35,207.4,207.75,323511,10942,468,9.45
2026-09-17 15:00:43,23283.0,2026-09-22,23150.0,PE,66.75,66.55,66.7,935005,50511,11583,12.29
2026-09-17 15:00:43,23283.0,2026-09-22,23200.0,CE,173.2,172.8,173.2,1520062,65410,-925,9.54
2026-09-17 15:00:43,23283.0,2026-09-22,23200.0,PE,82.25,82.15,82.25,2701355,150441,35562,12.11
2026-09-17 15:00:43,23283.0,2026-09-22,23250.0,CE,141.4,141.15,141.4,1805399,56630,15079,9.53
2026-09-17 15:00:43,23283.0,2026-09-22,23250.0,PE,100.85,100.6,100.85,2076491,89570,39085,12.02
2026-09-17 15:00:43,23283.0,2026-09-22,23300.0,CE,113.6,113.35,113.6,3092735,127895,60352,9.59
2026-09-17 15:00:43,23283.0,2026-09-22,23300.0,PE,122.75,122.45,122.6,2788526,124753,75543,11.92
2026-09-17 15:00:43,23283.0,2026-09-22,23350.0,CE,89.15,88.85,89.05,1691990,71069,44536,9.59
2026-09-17 15:00:43,23283.0,2026-09-22,23350.0,PE,148.1,148.1,148.45,971537,28251,16454,11.88
2026-09-17 15:00:43,23283.0,2026-09-22,23400.0,CE,68.3,68.15,68.35,2013520,120219,33466,9.55
2026-09-17 15:00:43,23283.0,2026-09-22,23400.0,PE,177.65,177.35,177.7,815643,50295,4294,11.95
2026-09-17 15:00:43,23283.0,2026-09-22,23450.0,CE,50.95,51.05,51.2,943037,46201,11696,9.54
2026-09-17 15:00:43,23283.0,2026-09-22,23450.0,PE,210.4,210.3,210.9,194226,10463,1718,12.15
2026-09-17 15:00:43,23283.0,2026-09-22,23500.0,CE,37.6,37.55,37.7,1876352,132852,16943,9.57
2026-09-17 15:00:43,23283.0,2026-09-22,23500.0,PE,246.7,245.75,246.25,307668,35760,118,12.26
2026-09-17 15:00:43,23283.0,2026-09-22,23550.0,CE,27.0,27.0,27.05,869560,50947,18567,9.56
2026-09-17 15:00:43,23283.0,2026-09-22,23550.0,PE,285.95,285.35,286.2,49262,3871,1625,12.61
2026-09-17 15:00:43,23283.0,2026-09-22,23600.0,CE,19.3,19.2,19.3,1261316,93070,17870,9.61
2026-09-17 15:00:43,23283.0,2026-09-22,23600.0,PE,327.05,327.5,328.4,64990,11587,-4149,13.09
2026-09-17 15:00:43,23283.0,2026-09-22,23650.0,CE,13.75,13.75,13.8,721173,43690,14716,9.73
2026-09-17 15:00:43,23283.0,2026-09-22,23650.0,PE,371.0,371.95,372.95,8994,3450,541,13.33
2026-09-17 15:00:43,23283.0,2026-09-22,23700.0,CE,9.7,9.7,9.75,938456,112347,28845,9.83
2026-09-17 15:00:43,23283.0,2026-09-22,23700.0,PE,417.25,418.2,419.5,20153,10945,-1263,14.01
2026-09-17 15:00:43,23283.0,2026-09-22,23750.0,CE,7.05,7.05,7.1,539560,51577,18752,10.05
2026-09-17 15:00:43,23283.0,2026-09-22,23750.0,PE,463.95,465.0,466.75,4123,1679,34,14.09
2026-09-17 15:00:43,23283.0,2026-09-22,23800.0,CE,5.35,5.3,5.35,830814,122397,25608,10.27
2026-09-17 15:00:43,23283.0,2026-09-22,23800.0,PE,514.15,512.9,514.6,9630,7426,-548,15.0
2026-09-17 15:01:43,23289.9,2026-09-22,22800.0,CE,505.0,507.65,509.3,11409,2135,361,
2026-09-17 15:01:43,23289.9,2026-09-22,22800.0,PE,14.7,14.7,14.75,742476,80358,2239,14.15
2026-09-17 15:01:43,23289.9,2026-09-22,22850.0,CE,459.9,461.2,463.0,2324,925,112,
2026-09-17 15:01:43,23289.9,2026-09-22,22850.0,PE,18.25,18.25,18.3,426485,24540,5054,13.88
2026-09-17 15:01:43,23289.9,2026-09-22,22900.0,CE,414.25,415.5,416.7,15986,2061,253,
2026-09-17 15:01:43,23289.9,2026-09-22,22900.0,PE,22.6,22.55,22.65,838239,51255,-3756,13.59
2026-09-17 15:01:43,23289.9,2026-09-22,22950.0,CE,371.35,371.65,372.6,9055,1211,440,
2026-09-17 15:01:43,23289.9,2026-09-22,22950.0,PE,27.85,27.85,27.9,594851,35827,12571,13.34
2026-09-17 15:01:43,23289.9,2026-09-22,23000.0,CE,328.0,327.0,327.85,132484,13381,2453,7.44
2026-09-17 15:01:43,23289.9,2026-09-22,23000.0,PE,35.1,35.1,35.25,1571195,141670,16555,13.15
2026-09-17 15:01:43,23289.9,2026-09-22,23050.0,CE,288.25,286.85,287.55,51034,3589,1072,8.45
2026-09-17 15:01:43,23289.9,2026-09-22,23050.0,PE,43.15,42.95,43.1,667590,37830,6323,12.89
2026-09-17 15:01:43,23289.9,2026-09-22,23100.0,CE,246.8,246.6,247.2,301994,15580,735,8.88
2026-09-17 15:01:43,23289.9,2026-09-22,23100.0,PE,53.6,53.4,53.55,1349556,88325,23016,12.7
2026-09-17 15:01:43,23289.9,2026-09-22,23150.0,CE,208.7,208.7,209.2,324786,10871,397,9.07
2026-09-17 15:01:43,23289.9,2026-09-22,23150.0,PE,66.0,66.05,66.25,941161,50815,11887,12.53
2026-09-17 15:01:43,23289.9,2026-09-22,23200.0,CE,175.05,174.7,175.05,1525934,64349,-1986,9.28
2026-09-17 15:01:43,23289.9,2026-09-22,23200.0,PE,80.9,80.9,81.05,2717010,149961,35082,12.43
2026-09-17 15:01:43,23289.9,2026-09-22,23250.0,CE,142.95,142.6,142.95,1811557,56182,14631,9.33
2026-09-17 15:01:43,23289.9,2026-09-22,23250.0,PE,100.0,99.8,100.0,2089683,88854,38369,12.36
2026-09-17 15:01:43,23289.9,2026-09-22,23300.0,CE,114.65,114.55,114.8,3114267,129139,61596,9.36
2026-09-17 15:01:43,23289.9,2026-09-22,23300.0,PE,120.3,120.35,120.6,2809413,126307,77097,12.27
2026-09-17 15:01:43,23289.9,2026-09-22,23350.0,CE,89.7,89.55,89.75,1702424,70140,43607,9.39
2026-09-17 15:01:43,23289.9,2026-09-22,23350.0,PE,146.2,146.45,146.75,976515,27987,16190,12.35
2026-09-17 15:01:43,23289.9,2026-09-22,23400.0,CE,69.0,68.95,69.15,2023964,119814,33061,9.4
2026-09-17 15:01:43,23289.9,2026-09-22,23400.0,PE,175.0,175.05,175.45,819515,50458,4457,12.43
2026-09-17 15:01:43,23289.9,2026-09-22,23450.0,CE,51.3,51.3,51.5,950467,46129,11624,9.42
2026-09-17 15:01:43,23289.9,2026-09-22,23450.0,PE,207.9,208.6,209.05,195162,10394,1649,12.59
2026-09-17 15:01:43,23289.9,2026-09-22,23500.0,CE,37.75,37.75,37.85,1887424,131440,15531,9.43
2026-09-17 15:01:43,23289.9,2026-09-22,23500.0,PE,244.8,244.15,244.75,308982,35799,157,12.89
2026-09-17 15:01:43,23289.9,2026-09-22,23550.0,CE,27.2,27.25,27.35,873838,50653,18273,9.46
2026-09-17 15:01:43,23289.9,2026-09-22,23550.0,PE,282.0,282.5,283.25,49483,3834,1588,13.25
2026-09-17 15:01:43,23289.9,2026-09-22,23600.0,CE,19.35,19.3,19.4,1269336,92893,17693,9.53
2026-09-17 15:01:43,23289.9,2026-09-22,23600.0,PE,324.0,324.85,325.8,65260,11622,-4114,13.86
2026-09-17 15:01:43,23289.9,2026-09-22,23650.0,CE,13.9,13.85,13.95,726006,43673,14699,9.68
2026-09-17 15:01:43,23289.9,2026-09-22,23650.0,PE,371.8,368.9,370.05,9029,3439,530,14.75
2026-09-17 15:01:43,23289.9,2026-09-22,23700.0,CE,9.8,9.75,9.8,942382,112246,28744,9.79
2026-09-17 15:01:43,23289.9,2026-09-22,23700.0,PE,417.75,415.9,417.25,20205,10927,-1281,15.23
2026-09-17 15:01:43,23289.9,2026-09-22,23750.0,CE,7.2,7.2,7.25,546606,52287,19462,10.05
2026-09-17 15:01:43,23289.9,2026-09-22,23750.0,PE,461.6,461.75,463.65,4130,1672,27,16.06
2026-09-17 15:01:43,23289.9,2026-09-22,23800.0,CE,5.45,5.4,5.45,837328,122307,25518,10.32
2026-09-17 15:01:43,23289.9,2026-09-22,23800.0,PE,517.45,510.95,512.65,9656,7420,-554,16.48
2026-09-17 15:02:44,23288.35,2026-09-22,22800.0,CE,509.1,504.5,506.0,11417,2135,361,
2026-09-17 15:02:44,23288.35,2026-09-22,22800.0,PE,14.8,14.75,14.8,744207,80323,2204,14.15
2026-09-17 15:02:44,23288.35,2026-09-22,22850.0,CE,457.85,458.35,459.9,2334,925,112,
2026-09-17 15:02:44,23288.35,2026-09-22,22850.0,PE,18.35,18.3,18.4,427237,24555,5069,13.88
2026-09-17 15:02:44,23288.35,2026-09-22,22900.0,CE,409.2,412.8,413.95,16002,2061,253,
2026-09-17 15:02:44,23288.35,2026-09-22,22900.0,PE,22.55,22.55,22.65,840519,50955,-4056,13.59
2026-09-17 15:02:44,23288.35,2026-09-22,22950.0,CE,370.8,367.5,368.55,9075,1211,440,
2026-09-17 15:02:44,23288.35,2026-09-22,22950.0,PE,28.05,27.95,28.05,595726,36010,12754,13.34
2026-09-17 15:02:44,23288.35,2026-09-22,23000.0,CE,324.0,325.05,325.95,132760,13309,2381,7.44
2026-09-17 15:02:44,23288.35,2026-09-22,23000.0,PE,35.15,35.05,35.15,1574562,141848,16733,13.15
2026-09-17 15:02:44,23288.35,2026-09-22,23050.0,CE,282.05,283.1,283.9,51153,3589,1072,8.45
2026-09-17 15:02:44,23288.35,2026-09-22,23050.0,PE,43.35,43.3,43.45,669345,37782,6275,12.89
2026-09-17 15:02:44,23288.35,2026-09-22,23100.0,CE,244.35,244.0,244.5,302805,15682,837,8.88
2026-09-17 15:02:44,23288.35,2026-09-22,23100.0,PE,53.8,53.65,53.8,1353093,87637,22328,12.7
2026-09-17 15:02:44,23288.35,2026-09-22,23150.0,CE,207.2,206.85,207.4,325523,10909,435,9.07
2026-09-17 15:02:44,23288.35,2026-09-22,23150.0,PE,66.4,66.3,66.4,943992,50458,11530,12.53
2026-09-17 15:02:44,23288.35,2026-09-22,23200.0,CE,171.9,171.75,172.15,1528776,64621,-1714,9.28
2026-09-17 15:02:44,23288.35,2026-09-22,23200.0,PE,81.85,81.85,82.1,2724427,148977,34098,12.43
2026-09-17 15:02:44,23288.35,2026-09-22,23250.0,CE,140.85,140.5,140.8,1815904,56465,14914,9.33
2026-09-17 15:02:44,23288.35,2026-09-22,23250.0,PE,100.25,100.25,100.45,2095491,88164,37679,12.36
2026-09-17 15:02:44,23288.35,2026-09-22,23300.0,CE,112.75,112.45,112.75,3126313,129937,62394,9.36
2026-09-17 15:02:44,23288.35,2026-09-22,23300.0,PE,122.2,122.0,122.2,2820067,126190,76980,12.27
2026-09-17 15:02:44,23288.35,2026-09-22,23350.0,CE,88.45,88.45,88.55,1707610,70693,44160,9.39
2026-09-17 15:02:44,23288.35,2026-09-22,23350.0,PE,147.75,147.5,147.75,978212,28120,16323,12.35
2026-09-17 15:02:44,23288.35,2026-09-22,23400.0,CE,67.35,67.3,67.5,2028297,120510,33757,9.4
2026-09-17 15:02:44,23288.35,2026-09-22,23400.0,PE,177.0,177.35,177.75,821457,50043,4042,12.43
2026-09-17 15:02:44,23288.35,2026-09-22,23450.0,CE,50.3,50.3,50.45,953952,46600,12095,9.42
2026-09-17 15:02:44,23288.35,2026-09-22,23450.0,PE,211.65,210.0,210.5,195618,10419,1674,12.59
2026-09-17 15:02:44,23288.35,2026-09-22,23500.0,CE,37.15,37.15,37.25,1893160,132104,16195,9.43
2026-09-17 15:02:44,23288.35,2026-09-22,23500.0,PE,245.75,245.45,246.0,309576,35772,130,12.89
2026-09-17 15:02:44,23288.35,2026-09-22,23550.0,CE,26.45,26.45,26.55,875344,50610,18230,9.46
2026-09-17 15:02:44,23288.35,2026-09-22,23550.0,PE,286.65,285.7,286.5,49523,3855,1609,13.25
2026-09-17 15:02:44,23288.35,2026-09-22,23600.0,CE,18.9,18.95,19.0,1271911,93221,18021,9.53
2026-09-17 15:02:44,23288.35,2026-09-22,23600.0,PE,328.45,327.4,328.3,65362,11646,-4090,13.86
2026-09-17 15:02:44,23288.35,2026-09-22,23650.0,CE,13.5,13.4,13.5,727758,43853,14879,9.68
2026-09-17 15:02:44,23288.35,2026-09-22,23650.0,PE,373.0,372.05,373.15,9050,3439,530,14.75
2026-09-17 15:02:44,23288.35,2026-09-22,23700.0,CE,9.55,9.55,9.6,944255,112267,28765,9.79
2026-09-17 15:02:44,23288.35,2026-09-22,23700.0,PE,419.5,417.9,419.2,20239,10927,-1281,15.23
2026-09-17 15:02:44,23288.35,2026-09-22,23750.0,CE,7.0,6.95,7.0,549903,51976,19151,10.05
2026-09-17 15:02:44,23288.35,2026-09-22,23750.0,PE,462.85,465.05,466.8,4137,1672,27,16.06
2026-09-17 15:02:44,23288.35,2026-09-22,23800.0,CE,5.2,5.2,5.25,840782,122879,26090,10.32
2026-09-17 15:02:44,23288.35,2026-09-22,23800.0,PE,512.95,513.3,515.05,9671,7420,-554,16.48
2026-09-17 15:03:44,23293.2,2026-09-22,22800.0,CE,510.2,510.55,512.3,11443,2134,360,
2026-09-17 15:03:44,23293.2,2026-09-22,22800.0,PE,14.2,14.2,14.25,745062,80323,2204,14.15
2026-09-17 15:03:44,23293.2,2026-09-22,22850.0,CE,462.85,464.25,465.75,2340,924,111,
2026-09-17 15:03:44,23293.2,2026-09-22,22850.0,PE,17.6,17.55,17.65,427734,24555,5069,13.88
2026-09-17 15:03:44,23293.2,2026-09-22,22900.0,CE,418.05,418.2,419.45,16009,2057,249,
2026-09-17 15:03:44,23293.2,2026-09-22,22900.0,PE,21.75,21.65,21.75,841209,50955,-4056,13.59
2026-09-17 15:03:44,23293.2,2026-09-22,22950.0,CE,372.75,373.55,374.5,9097,1223,452,
2026-09-17 15:03:44,23293.2,2026-09-22,22950.0,PE,26.8,26.8,26.9,596925,36010,12754,13.34
2026-09-17 15:03:44,23293.2,2026-09-22,23000.0,CE,330.5,329.95,330.8,132974,13309,2381,7.44
2026-09-17 15:03:44,23293.2,2026-09-22,23000.0,PE,33.7,33.6,33.7,1576978,141848,16733,13.15
2026-09-17 15:03:44,23293.2,2026-09-22,23050.0,CE,289.2,288.4,289.1,51218,3550,1033,8.45
2026-09-17 15:03:44,23293.2,2026-09-22,23050.0,PE,41.5,41.4,41.5,669977,37782,6275,12.89
2026-09-17 15:03:44,23293.2,2026-09-22,23100.0,CE,248.45,248.35,248.85,303140,15682,837,8.88
2026-09-17 15:03:44,23293.2,2026-09-22,23100.0,PE,51.45,51.3,51.45,1355137,87637,22328,12.7
2026-09-17 15:03:44,23293.2,2026-09-22,23150.0,CE,210.75,210.8,211.0,325907,10909,435,9.07
2026-09-17 15:03:44,23293.2,2026-09-22,23150.0,PE,63.65,63.6,63.75,945206,50458,11530,12.53
2026-09-17 15:03:44,23293.2,2026-09-22,23200.0,CE,175.65,175.55,175.95,1530042,64621,-1714,9.28
2026-09-17 15:03:44,23293.2,2026-09-22,23200.0,PE,78.75,78.6,78.8,2728064,148977,34098,12.43
2026-09-17 15:03:44,23293.2,2026-09-22,23250.0,CE,143.8,143.4,143.7,1817738,56465,14914,9.33
2026-09-17 15:03:44,23293.2,2026-09-22,23250.0,PE,96.85,96.65,96.85,2098271,88164,37679,12.36
2026-09-17 15:03:44,23293.2,2026-09-22,23300.0,CE,115.2,115.15,115.4,3130091,129937,62394,9.36
2026-09-17 15:03:44,23293.2,2026-09-22,23300.0,PE,117.45,117.6,117.85,2824740,126190,76980,12.27
2026-09-17 15:03:44,23293.2,2026-09-22,23350.0,CE,90.35,90.35,90.5,1709903,70693,44160,9.39
2026-09-17 15:03:44,23293.2,2026-09-22,23350.0,PE,143.0,142.65,143.0,979165,28120,16323,12.35
2026-09-17 15:03:44,23293.2,2026-09-22,23400.0,CE,69.3,69.0,69.1,2030542,120510,33757,9.4
2026-09-17 15:03:44,23293.2,2026-09-22,23400.0,PE,172.05,171.8,172.2,822297,50043,4042,12.43
2026-09-17 15:03:44,23293.2,2026-09-22,23450.0,CE,51.55,51.55,51.65,955432,46600,12095,9.42
2026-09-17 15:03:44,23293.2,2026-09-22,23450.0,PE,204.6,204.3,204.75,195896,10419,1674,12.59
2026-09-17 15:03:44,23293.2,2026-09-22,23500.0,CE,37.9,37.8,37.95,1895354,132104,16195,9.43
2026-09-17 15:03:44,23293.2,2026-09-22,23500.0,PE,240.4,240.0,240.45,309968,35772,130,12.89
2026-09-17 15:03:44,23293.2,2026-09-22,23550.0,CE,27.05,27.05,27.1,876385,50610,18230,9.46
2026-09-17 15:03:44,23293.2,2026-09-22,23550.0,PE,280.3,279.25,279.95,49582,3855,1609,13.25
2026-09-17 15:03:44,23293.2,2026-09-22,23600.0,CE,19.25,19.2,19.25,1273641,93221,18021,9.53
2026-09-17 15:03:44,23293.2,2026-09-22,23600.0,PE,323.1,321.25,322.1,65386,11646,-4090,13.86
2026-09-17 15:03:44,23293.2,2026-09-22,23650.0,CE,13.7,13.7,13.8,728760,43853,14879,9.68
2026-09-17 15:03:44,23293.2,2026-09-22,23650.0,PE,367.4,365.5,366.5,9076,3454,545,14.75
2026-09-17 15:03:44,23293.2,2026-09-22,23700.0,CE,9.65,9.6,9.7,946282,112267,28765,9.79
2026-09-17 15:03:44,23293.2,2026-09-22,23700.0,PE,412.75,411.55,412.85,20286,10944,-1264,15.23
2026-09-17 15:03:44,23293.2,2026-09-22,23750.0,CE,7.0,7.0,7.1,551682,51976,19151,10.05
2026-09-17 15:03:44,23293.2,2026-09-22,23750.0,PE,460.0,458.7,460.25,4148,1677,32,16.06
2026-09-17 15:03:44,23293.2,2026-09-22,23800.0,CE,5.35,5.25,5.35,841775,122879,26090,10.32
2026-09-17 15:03:44,23293.2,2026-09-22,23800.0,PE,505.5,506.75,508.4,9684,7420,-554,16.48
2026-09-17 15:04:45,23289.05,2026-09-22,22800.0,CE,510.95,511.35,512.3,11449,2133,359,
2026-09-17 15:04:45,23289.05,2026-09-22,22800.0,PE,14.15,14.1,14.15,746116,80302,2183,14.15
2026-09-17 15:04:45,23289.05,2026-09-22,22850.0,CE,464.75,464.85,466.7,2341,924,111,
2026-09-17 15:04:45,23289.05,2026-09-22,22850.0,PE,17.45,17.4,17.5,428104,24656,5170,13.88
2026-09-17 15:04:45,23289.05,2026-09-22,22900.0,CE,418.65,418.95,419.5,16017,2051,243,
2026-09-17 15:04:45,23289.05,2026-09-22,22900.0,PE,21.45,21.45,21.55,844433,51012,-3999,13.59
2026-09-17 15:04:45,23289.05,2026-09-22,22950.0,CE,373.75,374.05,375.1,9107,1214,443,
2026-09-17 15:04:45,23289.05,2026-09-22,22950.0,PE,26.65,26.45,26.6,597374,35877,12621,13.34
2026-09-17 15:04:45,23289.05,2026-09-22,23000.0,CE,330.95,330.65,331.65,133061,13353,2425,7.44
2026-09-17 15:04:45,23289.05,2026-09-22,23000.0,PE,33.35,33.25,33.4,1578963,141864,16749,13.15
2026-09-17 15:04:45,23289.05,2026-09-22,23050.0,CE,289.1,289.1,289.75,51282,3534,1017,8.45
2026-09-17 15:04:45,23289.05,2026-09-22,23050.0,PE,41.25,41.1,41.2,673278,37645,6138,12.89
2026-09-17 15:04:45,23289.05,2026-09-22,23100.0,CE,249.55,249.05,249.55,303590,15782,937,8.88
2026-09-17 15:04:45,23289.05,2026-09-22,23100.0,PE,51.0,50.95,51.05,1357170,87455,22146,12.7
2026-09-17 15:04:45,23289.05,2026-09-22,23150.0,CE,211.25,211.35,211.9,326212,10933,459,9.07
2026-09-17 15:04:45,23289.05,2026-09-22,23150.0,PE,63.45,63.25,63.4,946191,50156,11228,12.53
2026-09-17 15:04:45,23289.05,2026-09-22,23200.0,CE,176.85,176.25,176.7,1531356,64760,-1575,9.28
2026-09-17 15:04:45,23289.05,2026-09-22,23200.0,PE,78.4,78.2,78.4,2732233,149179,34300,12.43
2026-09-17 15:04:45,23289.05,2026-09-22,23250.0,CE,144.45,144.0,144.25,1819765,56362,14811,9.33
2026-09-17 15:04:45,23289.05,2026-09-22,23250.0,PE,96.3,96.25,96.4,2101074,88298,37813,12.36
2026-09-17 15:04:45,23289.05,2026-09-22,23300.0,CE,116.0,115.75,116.0,3134951,130543,63000,9.36
2026-09-17 15:04:45,23289.05,2026-09-22,23300.0,PE,117.1,117.15,117.4,2828905,127244,78034,12.27
2026-09-17 15:04:45,23289.05,2026-09-22,23350.0,CE,91.0,90.85,91.0,1711576,70414,43881,9.39
2026-09-17 15:04:45,23289.05,2026-09-22,23350.0,PE,142.4,141.95,142.35,980087,28142,16345,12.35
2026-09-17 15:04:45,23289.05,2026-09-22,23400.0,CE,69.6,69.45,69.6,2032684,120438,33685,9.4
2026-09-17 15:04:45,23289.05,2026-09-22,23400.0,PE,171.75,171.1,171.55,823116,50074,4073,12.43
2026-09-17 15:04:45,23289.05,2026-09-22,23450.0,CE,52.0,51.85,52.0,956642,46939,12434,9.42
2026-09-17 15:04:45,23289.05,2026-09-22,23450.0,PE,203.5,203.5,204.0,196232,10432,1687,12.59
2026-09-17 15:04:45,23289.05,2026-09-22,23500.0,CE,38.0,38.0,38.1,1896932,132416,16507,9.43
2026-09-17 15:04:45,23289.05,2026-09-22,23500.0,PE,239.0,239.0,239.65,310169,35722,80,12.89
2026-09-17 15:04:45,23289.05,2026-09-22,23550.0,CE,27.4,27.25,27.35,877086,50661,18281,9.46
2026-09-17 15:04:45,23289.05,2026-09-22,23550.0,PE,279.05,278.4,279.2,49652,3854,1608,13.25
2026-09-17 15:04:45,23289.05,2026-09-22,23600.0,CE,19.3,19.3,19.35,1274229,93220,18020,9.53
2026-09-17 15:04:45,23289.05,2026-09-22,23600.0,PE,320.3,320.5,321.2,65568,11654,-4082,13.86
2026-09-17 15:04:45,23289.05,2026-09-22,23650.0,CE,13.8,13.8,13.85,729202,43819,14845,9.68
2026-09-17 15:04:45,23289.05,2026-09-22,23650.0,PE,365.5,364.55,365.5,9088,3467,558,14.75
2026-09-17 15:04:45,23289.05,2026-09-22,23700.0,CE,9.75,9.7,9.75,946692,113003,29501,9.79
2026-09-17 15:04:45,23289.05,2026-09-22,23700.0,PE,411.55,410.7,412.0,20298,10957,-1251,15.23
2026-09-17 15:04:45,23289.05,2026-09-22,23750.0,CE,7.1,7.05,7.1,552020,52654,19829,10.05
2026-09-17 15:04:45,23289.05,2026-09-22,23750.0,PE,459.65,457.7,459.2,4150,1677,32,16.06
2026-09-17 15:04:45,23289.05,2026-09-22,23800.0,CE,5.35,5.3,5.35,841949,122713,25924,10.32
2026-09-17 15:04:45,23289.05,2026-09-22,23800.0,PE,507.7,505.65,507.25,9689,7423,-551,16.48
2026-09-17 15:05:45,23287.9,2026-09-22,22800.0,CE,510.95,510.95,512.5,11465,2124,350,
2026-09-17 15:05:45,23287.9,2026-09-22,22800.0,PE,14.15,14.15,14.2,746828,80253,2134,14.15
2026-09-17 15:05:45,23287.9,2026-09-22,22850.0,CE,465.7,465.05,466.65,2343,920,107,
2026-09-17 15:05:45,23287.9,2026-09-22,22850.0,PE,17.55,17.4,17.5,428582,24716,5230,13.88
2026-09-17 15:05:45,23287.9,2026-09-22,22900.0,CE,419.5,419.5,420.75,16030,2049,241,
2026-09-17 15:05:45,23287.9,2026-09-22,22900.0,PE,21.5,21.4,21.5,844923,49408,-5603,13.59
2026-09-17 15:05:45,23287.9,2026-09-22,22950.0,CE,373.0,374.1,375.15,9140,1201,430,
2026-09-17 15:05:45,23287.9,2026-09-22,22950.0,PE,26.7,26.55,26.7,597867,36022,12766,13.34
2026-09-17 15:05:45,23287.9,2026-09-22,23000.0,CE,331.6,331.45,332.2,134821,13318,2390,7.44
2026-09-17 15:05:45,23287.9,2026-09-22,23000.0,PE,33.25,33.25,33.35,1580717,140667,15552,13.15
2026-09-17 15:05:45,23287.9,2026-09-22,23050.0,CE,288.9,289.25,289.9,51329,3534,1017,8.45
2026-09-17 15:05:45,23287.9,2026-09-22,23050.0,PE,41.2,41.05,41.2,673882,38765,7258,12.89
2026-09-17 15:05:45,23287.9,2026-09-22,23100.0,CE,249.4,249.4,250.0,303973,15572,727,8.88
2026-09-17 15:05:45,23287.9,2026-09-22,23100.0,PE,51.0,50.9,51.05,1358456,86823,21514,12.7
2026-09-17 15:05:45,23287.9,2026-09-22,23150.0,CE,210.95,211.65,212.2,326427,10809,335,9.07
2026-09-17 15:05:45,23287.9,2026-09-22,23150.0,PE,63.1,63.1,63.3,947491,50247,11319,12.53
2026-09-17 15:05:45,23287.9,2026-09-22,23200.0,CE,175.85,176.1,176.5,1532712,64041,-2294,9.28
2026-09-17 15:05:45,23287.9,2026-09-22,23200.0,PE,78.45,78.2,78.45,2735241,148055,33176,12.43
2026-09-17 15:05:45,23287.9,2026-09-22,23250.0,CE,144.05,144.15,144.35,1821486,56257,14706,9.33
2026-09-17 15:05:45,23287.9,2026-09-22,23250.0,PE,96.2,96.0,96.2,2103433,87397,36912,12.36
2026-09-17 15:05:45,23287.9,2026-09-22,23300.0,CE,115.85,115.55,115.75,3140073,129985,62442,9.36
2026-09-17 15:05:45,23287.9,2026-09-22,23300.0,PE,117.5,117.3,117.55,2832691,126064,76854,12.27
2026-09-17 15:05:45,23287.9,2026-09-22,23350.0,CE,90.7,90.85,90.9,1713608,70953,44420,9.39
2026-09-17 15:05:45,23287.9,2026-09-22,23350.0,PE,142.65,141.75,142.1,981009,28099,16302,12.35
2026-09-17 15:05:45,23287.9,2026-09-22,23400.0,CE,69.25,69.25,69.4,2035138,121187,34434,9.4
2026-09-17 15:05:45,23287.9,2026-09-22,23400.0,PE,171.45,171.1,171.5,823679,49971,3970,12.43
2026-09-17 15:05:45,23287.9,2026-09-22,23450.0,CE,51.75,51.75,51.85,959274,47866,13361,9.42
2026-09-17 15:05:45,23287.9,2026-09-22,23450.0,PE,203.4,203.0,203.55,196384,10395,1650,12.59
2026-09-17 15:05:45,23287.9,2026-09-22,23500.0,CE,37.9,37.9,38.05,1899347,132945,17036,9.43
2026-09-17 15:05:45,23287.9,2026-09-22,23500.0,PE,238.4,238.45,239.15,310451,35760,118,12.89
2026-09-17 15:05:45,23287.9,2026-09-22,23550.0,CE,27.1,27.05,27.15,877849,50738,18358,9.46
2026-09-17 15:05:45,23287.9,2026-09-22,23550.0,PE,279.2,278.4,279.15,49736,3866,1620,13.25
2026-09-17 15:05:45,23287.9,2026-09-22,23600.0,CE,19.3,19.25,19.35,1275699,93161,17961,9.53
2026-09-17 15:05:45,23287.9,2026-09-22,23600.0,PE,322.15,319.9,320.8,65614,11599,-4137,13.86
2026-09-17 15:05:45,23287.9,2026-09-22,23650.0,CE,13.75,13.65,13.75,730032,43975,15001,9.68
2026-09-17 15:05:45,23287.9,2026-09-22,23650.0,PE,363.45,364.8,365.8,9108,3476,567,14.75
2026-09-17 15:05:45,23287.9,2026-09-22,23700.0,CE,9.6,9.6,9.7,947695,112891,29389,9.79
2026-09-17 15:05:45,23287.9,2026-09-22,23700.0,PE,414.35,410.4,411.65,20303,10953,-1255,15.23
2026-09-17 15:05:45,23287.9,2026-09-22,23750.0,CE,7.05,7.0,7.05,552497,52944,20119,10.05
2026-09-17 15:05:45,23287.9,2026-09-22,23750.0,PE,462.15,457.25,458.95,4153,1678,33,16.06
2026-09-17 15:05:45,23287.9,2026-09-22,23800.0,CE,5.25,5.25,5.3,842788,122652,25863,10.32
2026-09-17 15:05:45,23287.9,2026-09-22,23800.0,PE,507.7,506.2,507.85,9689,7423,-551,16.48
2026-09-17 15:06:46,23286.0,2026-09-22,22800.0,CE,505.75,508.15,509.7,11474,2124,350,
2026-09-17 15:06:46,23286.0,2026-09-22,22800.0,PE,14.15,14.15,14.2,748396,80253,2134,14.15
2026-09-17 15:06:46,23286.0,2026-09-22,22850.0,CE,465.7,461.45,463.2,2345,920,107,
2026-09-17 15:06:46,23286.0,2026-09-22,22850.0,PE,17.6,17.55,17.6,429380,24716,5230,13.88
2026-09-17 15:06:46,23286.0,2026-09-22,22900.0,CE,414.9,415.75,416.9,16035,2043,235,
2026-09-17 15:06:46,23286.0,2026-09-22,22900.0,PE,21.7,21.55,21.7,847414,49408,-5603,13.59
2026-09-17 15:06:46,23286.0,2026-09-22,22950.0,CE,370.85,371.0,371.85,9147,1185,414,
2026-09-17 15:06:46,23286.0,2026-09-22,22950.0,PE,26.75,26.65,26.75,599194,36022,12766,13.34
2026-09-17 15:06:46,23286.0,2026-09-22,23000.0,CE,327.95,327.7,328.65,134998,14315,3387,7.44
2026-09-17 15:06:46,23286.0,2026-09-22,23000.0,PE,33.7,33.6,33.7,1583890,140667,15552,13.15
2026-09-17 15:06:46,23286.0,2026-09-22,23050.0,CE,286.4,286.2,286.95,51465,3524,1007,8.45
2026-09-17 15:06:46,23286.0,2026-09-22,23050.0,PE,41.45,41.35,41.45,677859,38765,7258,12.89
2026-09-17 15:06:46,23286.0,2026-09-22,23100.0,CE,246.65,246.1,246.7,304460,15572,727,8.88
2026-09-17 15:06:46,23286.0,2026-09-22,23100.0,PE,51.35,51.35,51.5,1362186,86823,21514,12.7
2026-09-17 15:06:46,23286.0,2026-09-22,23150.0,CE,209.0,208.4,208.8,326986,10809,335,9.07
2026-09-17 15:06:46,23286.0,2026-09-22,23150.0,PE,63.9,63.8,63.95,949575,50247,11319,12.53
2026-09-17 15:06:46,23286.0,2026-09-22,23200.0,CE,173.65,173.35,173.8,1535678,64041,-2294,9.28
2026-09-17 15:06:46,23286.0,2026-09-22,23200.0,PE,79.3,78.95,79.15,2740550,148055,33176,12.43
2026-09-17 15:06:46,23286.0,2026-09-22,23250.0,CE,141.85,141.5,141.75,1824581,56257,14706,9.33
2026-09-17 15:06:46,23286.0,2026-09-22,23250.0,PE,97.2,97.0,97.25,2108734,87397,36912,12.36
2026-09-17 15:06:46,23286.0,2026-09-22,23300.0,CE,113.25,113.25,113.5,3148355,129985,62442,9.36
2026-09-17 15:06:46,23286.0,2026-09-22,23300.0,PE,118.6,118.35,118.6,2840532,126064,76854,12.27
2026-09-17 15:06:46,23286.0,2026-09-22,23350.0,CE,88.7,88.65,88.85,1716800,70953,44420,9.39
2026-09-17 15:06:46,23286.0,2026-09-22,23350.0,PE,143.75,143.45,143.8,982900,28099,16302,12.35
2026-09-17 15:06:46,23286.0,2026-09-22,23400.0,CE,67.5,67.55,67.75,2040566,121187,34434,9.4
2026-09-17 15:06:46,23286.0,2026-09-22,23400.0,PE,173.1,172.5,172.95,825010,49971,3970,12.43
2026-09-17 15:06:46,23286.0,2026-09-22,23450.0,CE,50.15,50.15,50.2,971812,47866,13361,9.42
2026-09-17 15:06:46,23286.0,2026-09-22,23450.0,PE,205.75,205.2,205.65,196749,10395,1650,12.59
2026-09-17 15:06:46,23286.0,2026-09-22,23500.0,CE,36.8,36.8,36.85,1910292,132945,17036,9.43
2026-09-17 15:06:46,23286.0,2026-09-22,23500.0,PE,241.65,240.95,241.55,310998,35760,118,12.89
2026-09-17 15:06:46,23286.0,2026-09-22,23550.0,CE,26.25,26.2,26.3,879473,50738,18358,9.46
2026-09-17 15:06:46,23286.0,2026-09-22,23550.0,PE,281.35,280.9,281.7,49830,3866,1620,13.25
2026-09-17 15:06:46,23286.0,2026-09-22,23600.0,CE,18.65,18.6,18.65,1278711,93161,17961,9.53
2026-09-17 15:06:46,23286.0,2026-09-22,23600.0,PE,323.1,323.0,323.85,65666,11599,-4137,13.86
2026-09-17 15:06:46,23286.0,2026-09-22,23650.0,CE,13.25,13.25,13.3,731679,43975,15001,9.68
2026-09-17 15:06:46,23286.0,2026-09-22,23650.0,PE,363.45,367.75,368.75,9108,3476,567,14.75
2026-09-17 15:06:46,23286.0,2026-09-22,23700.0,CE,9.35,9.35,9.4,949615,112891,29389,9.79
2026-09-17 15:06:46,23286.0,2026-09-22,23700.0,PE,418.65,413.55,414.8,20365,10953,-1255,15.23
2026-09-17 15:06:46,23286.0,2026-09-22,23750.0,CE,6.85,6.85,6.9,554159,52944,20119,10.05
2026-09-17 15:06:46,23286.0,2026-09-22,23750.0,PE,465.2,460.9,462.5,4155,1678,33,16.06
2026-09-17 15:06:46,23286.0,2026-09-22,23800.0,CE,5.2,5.1,5.2,844649,122652,25863,10.32
2026-09-17 15:06:46,23286.0,2026-09-22,23800.0,PE,507.4,508.3,510.5,9695,7423,-551,16.48
2026-09-17 15:07:46,23286.65,2026-09-22,22800.0,CE,509.9,510.45,511.95,11479,2122,348,
2026-09-17 15:07:46,23286.65,2026-09-22,22800.0,PE,13.9,13.85,13.9,749752,80312,2193,14.15
2026-09-17 15:07:46,23286.65,2026-09-22,22850.0,CE,463.45,463.5,465.55,2347,920,107,
2026-09-17 15:07:46,23286.65,2026-09-22,22850.0,PE,17.25,17.1,17.2,429626,24786,5300,13.88
2026-09-17 15:07:46,23286.65,2026-09-22,22900.0,CE,417.4,417.55,418.7,16038,2046,238,
2026-09-17 15:07:46,23286.65,2026-09-22,22900.0,PE,21.35,21.15,21.25,848521,49913,-5098,13.59
2026-09-17 15:07:46,23286.65,2026-09-22,22950.0,CE,372.45,372.85,373.8,9163,1179,408,
2026-09-17 15:07:46,23286.65,2026-09-22,22950.0,PE,26.1,26.1,26.2,599840,36215,12959,13.34
2026-09-17 15:07:46,23286.65,2026-09-22,23000.0,CE,329.0,329.25,330.15,135029,14288,3360,7.44
2026-09-17 15:07:46,23286.65,2026-09-22,23000.0,PE,33.15,33.0,33.1,1585163,141000,15885,13.15
2026-09-17 15:07:46,23286.65,2026-09-22,23050.0,CE,287.25,287.65,288.3,51503,3498,981,8.45
2026-09-17 15:07:46,23286.65,2026-09-22,23050.0,PE,40.65,40.65,40.8,680380,39745,8238,12.89
2026-09-17 15:07:46,23286.65,2026-09-22,23100.0,CE,247.75,247.35,248.0,304607,15490,645,8.88
2026-09-17 15:07:46,23286.65,2026-09-22,23100.0,PE,50.5,50.55,50.7,1363337,86975,21666,12.7
2026-09-17 15:07:46,23286.65,2026-09-22,23150.0,CE,209.25,209.65,210.15,327082,10720,246,9.07
2026-09-17 15:07:46,23286.65,2026-09-22,23150.0,PE,63.0,62.75,62.95,950291,50230,11302,12.53
2026-09-17 15:07:46,23286.65,2026-09-22,23200.0,CE,174.55,174.65,175.0,1536187,63651,-2684,9.28
2026-09-17 15:07:46,23286.65,2026-09-22,23200.0,PE,78.0,77.75,77.95,2742009,148649,33770,12.43
2026-09-17 15:07:46,23286.65,2026-09-22,23250.0,CE,142.4,142.45,142.75,1825538,56212,14661,9.33
2026-09-17 15:07:46,23286.65,2026-09-22,23250.0,PE,95.75,95.85,96.0,2109985,87743,37258,12.36
2026-09-17 15:07:46,23286.65,2026-09-22,23300.0,CE,114.5,114.25,114.5,3150724,129790,62247,9.36
2026-09-17 15:07:46,23286.65,2026-09-22,23300.0,PE,117.0,116.95,117.2,2842941,126056,76846,12.27
2026-09-17 15:07:46,23286.65,2026-09-22,23350.0,CE,89.35,89.35,89.55,1717648,71130,44597,9.39
2026-09-17 15:07:46,23286.65,2026-09-22,23350.0,PE,142.45,142.0,142.35,983247,28002,16205,12.35
2026-09-17 15:07:46,23286.65,2026-09-22,23400.0,CE,68.0,68.1,68.25,2041464,120932,34179,9.4
2026-09-17 15:07:46,23286.65,2026-09-22,23400.0,PE,171.25,171.25,171.65,825306,49910,3909,12.43
2026-09-17 15:07:46,23286.65,2026-09-22,23450.0,CE,50.65,50.65,50.7,975342,55458,20953,9.42
2026-09-17 15:07:46,23286.65,2026-09-22,23450.0,PE,203.3,203.6,204.1,196860,10364,1619,12.59
2026-09-17 15:07:46,23286.65,2026-09-22,23500.0,CE,37.3,37.2,37.35,1912004,135675,19766,9.43
2026-09-17 15:07:46,23286.65,2026-09-22,23500.0,PE,239.4,239.4,239.9,311102,35720,78,12.89
2026-09-17 15:07:46,23286.65,2026-09-22,23550.0,CE,26.6,26.65,26.7,880306,50798,18418,9.46
2026-09-17 15:07:46,23286.65,2026-09-22,23550.0,PE,279.55,278.4,279.2,49837,3854,1608,13.25
2026-09-17 15:07:46,23286.65,2026-09-22,23600.0,CE,18.95,18.85,18.9,1279378,93375,18175,9.53
2026-09-17 15:07:46,23286.65,2026-09-22,23600.0,PE,321.9,321.15,322.0,65681,11575,-4161,13.86
2026-09-17 15:07:46,23286.65,2026-09-22,23650.0,CE,13.45,13.45,13.5,731975,44174,15200,9.68
2026-09-17 15:07:46,23286.65,2026-09-22,23650.0,PE,366.65,365.45,366.5,9113,3468,559,14.75
2026-09-17 15:07:46,23286.65,2026-09-22,23700.0,CE,9.45,9.5,9.55,950720,112956,29454,9.79
2026-09-17 15:07:46,23286.65,2026-09-22,23700.0,PE,413.5,411.85,413.05,20376,10955,-1253,15.23
2026-09-17 15:07:46,23286.65,2026-09-22,23750.0,CE,7.0,6.95,7.0,554681,53365,20540,10.05
2026-09-17 15:07:46,23286.65,2026-09-22,23750.0,PE,460.35,458.8,460.45,4162,1678,33,16.06
2026-09-17 15:07:46,23286.65,2026-09-22,23800.0,CE,5.25,5.2,5.25,845441,122898,26109,10.32
2026-09-17 15:07:46,23286.65,2026-09-22,23800.0,PE,508.5,506.9,508.65,9701,7423,-551,16.48
2026-09-17 15:08:46,23286.1,2026-09-22,22800.0,CE,516.15,513.5,515.1,11503,2122,348,
2026-09-17 15:08:46,23286.1,2026-09-22,22800.0,PE,13.25,13.2,13.25,755823,81291,3172,14.15
2026-09-17 15:08:46,23286.1,2026-09-22,22850.0,CE,466.9,467.4,469.4,2348,918,105,
2026-09-17 15:08:46,23286.1,2026-09-22,22850.0,PE,16.35,16.35,16.45,431068,24808,5322,13.88
2026-09-17 15:08:46,23286.1,2026-09-22,22900.0,CE,422.9,420.95,422.2,16046,2047,239,
2026-09-17 15:08:46,23286.1,2026-09-22,22900.0,PE,20.2,20.25,20.35,850894,50119,-4892,13.59
2026-09-17 15:08:46,23286.1,2026-09-22,22950.0,CE,379.0,375.75,376.7,9171,1175,404,
2026-09-17 15:08:46,23286.1,2026-09-22,22950.0,PE,25.25,25.15,25.25,601384,36046,12790,13.34
2026-09-17 15:08:46,23286.1,2026-09-22,23000.0,CE,333.5,333.0,333.3,135277,14267,3339,7.44
2026-09-17 15:08:46,23286.1,2026-09-22,23000.0,PE,31.8,31.75,31.85,1589170,141601,16486,13.15
2026-09-17 15:08:46,23286.1,2026-09-22,23050.0,CE,292.0,290.65,291.45,51676,3495,978,8.45
2026-09-17 15:08:46,23286.1,2026-09-22,23050.0,PE,39.15,39.1,39.2,683174,41097,9590,12.89
2026-09-17 15:08:46,23286.1,2026-09-22,23100.0,CE,251.1,250.35,251.0,305056,15390,545,8.88
2026-09-17 15:08:46,23286.1,2026-09-22,23100.0,PE,49.0,48.8,48.95,1369161,86369,21060,12.7
2026-09-17 15:08:46,23286.1,2026-09-22,23150.0,CE,212.7,212.0,212.55,327584,10677,203,9.07
2026-09-17 15:08:46,23286.1,2026-09-22,23150.0,PE,61.05,60.95,61.1,953350,50262,11334,12.53
2026-09-17 15:08:46,23286.1,2026-09-22,23200.0,CE,176.75,176.8,177.25,1538852,63050,-3285,9.28
2026-09-17 15:08:46,23286.1,2026-09-22,23200.0,PE,76.0,75.75,75.95,2749661,148903,34024,12.43
2026-09-17 15:08:46,23286.1,2026-09-22,23250.0,CE,144.4,144.3,144.6,1828587,56164,14613,9.33
2026-09-17 15:08:46,23286.1,2026-09-22,23250.0,PE,93.45,93.45,93.65,2114756,87868,37383,12.36
2026-09-17 15:08:46,23286.1,2026-09-22,23300.0,CE,115.65,115.6,115.9,3159100,129396,61853,9.36
2026-09-17 15:08:46,23286.1,2026-09-22,23300.0,PE,114.75,114.6,114.9,2851718,125483,76273,12.27
2026-09-17 15:08:46,23286.1,2026-09-22,23350.0,CE,90.95,90.8,91.0,1721754,70560,44027,9.39
2026-09-17 15:08:46,23286.1,2026-09-22,23350.0,PE,139.1,139.2,139.55,985009,28062,16265,12.35
2026-09-17 15:08:46,23286.1,2026-09-22,23400.0,CE,69.45,69.45,69.6,2045604,120895,34142,9.4
2026-09-17 15:08:46,23286.1,2026-09-22,23400.0,PE,167.8,167.9,168.35,826757,49972,3971,12.43
2026-09-17 15:08:46,23286.1,2026-09-22,23450.0,CE,51.7,51.65,51.75,980331,57596,23091,9.42
2026-09-17 15:08:46,23286.1,2026-09-22,23450.0,PE,200.0,199.9,200.4,197271,10328,1583,12.59
2026-09-17 15:08:46,23286.1,2026-09-22,23500.0,CE,38.0,38.0,38.1,1916533,134898,18989,9.43
2026-09-17 15:08:46,23286.1,2026-09-22,23500.0,PE,235.5,235.8,236.4,311609,35760,118,12.89
2026-09-17 15:08:46,23286.1,2026-09-22,23550.0,CE,27.15,27.15,27.25,882074,51124,18744,9.46
2026-09-17 15:08:46,23286.1,2026-09-22,23550.0,PE,275.8,275.4,276.1,49921,3851,1605,13.25
2026-09-17 15:08:46,23286.1,2026-09-22,23600.0,CE,19.35,19.3,19.35,1281229,93256,18056,9.53
2026-09-17 15:08:46,23286.1,2026-09-22,23600.0,PE,315.25,317.35,318.0,65765,11567,-4169,13.86
2026-09-17 15:08:46,23286.1,2026-09-22,23650.0,CE,13.8,13.8,13.9,733190,44097,15123,9.68
2026-09-17 15:08:46,23286.1,2026-09-22,23650.0,PE,359.85,361.85,362.7,9132,3462,553,14.75
2026-09-17 15:08:46,23286.1,2026-09-22,23700.0,CE,9.75,9.75,9.8,952281,112653,29151,9.79
2026-09-17 15:08:46,23286.1,2026-09-22,23700.0,PE,405.9,407.8,408.95,20405,10958,-1250,15.23
2026-09-17 15:08:46,23286.1,2026-09-22,23750.0,CE,7.2,7.2,7.25,556422,53613,20788,10.05
2026-09-17 15:08:46,23286.1,2026-09-22,23750.0,PE,451.8,454.55,456.05,4170,1674,29,16.06
2026-09-17 15:08:46,23286.1,2026-09-22,23800.0,CE,5.4,5.4,5.45,848005,123169,26380,10.32
2026-09-17 15:08:46,23286.1,2026-09-22,23800.0,PE,500.3,501.95,503.55,9724,7424,-550,16.48
2026-09-17 15:09:47,23282.95,2026-09-22,22800.0,CE,516.7,515.3,516.85,11520,2123,349,
2026-09-17 15:09:47,23282.95,2026-09-22,22800.0,PE,13.15,13.1,13.15,758820,80988,2869,14.15
2026-09-17 15:09:47,23282.95,2026-09-22,22850.0,CE,466.05,468.9,470.7,2349,918,105,
2026-09-17 15:09:47,23282.95,2026-09-22,22850.0,PE,16.25,16.25,16.35,432026,24743,5257,13.88
2026-09-17 15:09:47,23282.95,2026-09-22,22900.0,CE,423.9,421.75,423.05,16059,2044,236,
2026-09-17 15:09:47,23282.95,2026-09-22,22900.0,PE,20.1,20.1,20.15,853631,49898,-5113,13.59
2026-09-17 15:09:47,23282.95,2026-09-22,22950.0,CE,377.8,376.75,377.75,9175,1175,404,
2026-09-17 15:09:47,23282.95,2026-09-22,22950.0,PE,24.85,24.75,24.85,603504,35966,12710,13.34
2026-09-17 15:09:47,23282.95,2026-09-22,23000.0,CE,334.65,333.8,334.6,135585,14223,3295,7.44
2026-09-17 15:09:47,23282.95,2026-09-22,23000.0,PE,31.45,31.4,31.45,1600754,143292,18177,13.15
2026-09-17 15:09:47,23282.95,2026-09-22,23050.0,CE,293.0,291.85,292.55,51863,3425,908,8.45
2026-09-17 15:09:47,23282.95,2026-09-22,23050.0,PE,38.85,38.85,38.95,686235,41971,10464,12.89
2026-09-17 15:09:47,23282.95,2026-09-22,23100.0,CE,252.2,251.4,252.1,305722,15229,384,8.88
2026-09-17 15:09:47,23282.95,2026-09-22,23100.0,PE,48.8,48.55,48.7,1373448,86210,20901,12.7
2026-09-17 15:09:47,23282.95,2026-09-22,23150.0,CE,213.7,213.55,214.15,328254,10584,110,9.07
2026-09-17 15:09:47,23282.95,2026-09-22,23150.0,PE,60.8,60.65,60.8,955201,50155,11227,12.53
2026-09-17 15:09:47,23282.95,2026-09-22,23200.0,CE,178.6,178.25,178.65,1542722,62652,-3683,9.28
2026-09-17 15:09:47,23282.95,2026-09-22,23200.0,PE,75.5,75.35,75.55,2756373,149040,34161,12.43
2026-09-17 15:09:47,23282.95,2026-09-22,23250.0,CE,145.8,145.45,145.8,1833190,54998,13447,9.33
2026-09-17 15:09:47,23282.95,2026-09-22,23250.0,PE,93.4,93.45,93.65,2121542,86909,36424,12.36
2026-09-17 15:09:47,23282.95,2026-09-22,23300.0,CE,116.9,116.9,117.0,3170674,126209,58666,9.36
2026-09-17 15:09:47,23282.95,2026-09-22,23300.0,PE,114.5,114.55,114.8,2859963,123973,74763,12.27
2026-09-17 15:09:47,23282.95,2026-09-22,23350.0,CE,92.2,91.95,92.2,1726311,69893,43360,9.39
2026-09-17 15:09:47,23282.95,2026-09-22,23350.0,PE,138.85,138.6,138.85,987102,27806,16009,12.35
2026-09-17 15:09:47,23282.95,2026-09-22,23400.0,CE,70.8,70.45,70.55,2051314,120046,33293,9.4
2026-09-17 15:09:47,23282.95,2026-09-22,23400.0,PE,167.5,167.4,167.8,828642,50091,4090,12.43
2026-09-17 15:09:47,23282.95,2026-09-22,23450.0,CE,52.35,52.45,52.6,985173,57567,23062,9.42
2026-09-17 15:09:47,23282.95,2026-09-22,23450.0,PE,199.35,199.2,199.75,197483,10216,1471,12.59
2026-09-17 15:09:47,23282.95,2026-09-22,23500.0,CE,38.75,38.6,38.75,1923711,134184,18275,9.43
2026-09-17 15:09:47,23282.95,2026-09-22,23500.0,PE,234.9,234.9,235.45,311994,35625,-17,12.89
2026-09-17 15:09:47,23282.95,2026-09-22,23550.0,CE,27.65,27.65,27.75,885178,51218,18838,9.46
2026-09-17 15:09:47,23282.95,2026-09-22,23550.0,PE,274.2,274.0,274.75,50086,3797,1551,13.25
2026-09-17 15:09:47,23282.95,2026-09-22,23600.0,CE,19.65,19.55,19.65,1284091,93100,17900,9.53
2026-09-17 15:09:47,23282.95,2026-09-22,23600.0,PE,316.05,316.65,317.45,65835,11564,-4172,13.86
2026-09-17 15:09:47,23282.95,2026-09-22,23650.0,CE,14.0,14.05,14.15,734934,43750,14776,9.68
2026-09-17 15:09:47,23282.95,2026-09-22,23650.0,PE,360.3,360.85,361.9,9139,3465,556,14.75
2026-09-17 15:09:47,23282.95,2026-09-22,23700.0,CE,10.0,9.9,9.95,955412,112299,28797,9.79
2026-09-17 15:09:47,23282.95,2026-09-22,23700.0,PE,406.05,406.2,407.45,20413,10964,-1244,15.23
2026-09-17 15:09:47,23282.95,2026-09-22,23750.0,CE,7.35,7.3,7.35,558429,53640,20815,10.05
2026-09-17 15:09:47,23282.95,2026-09-22,23750.0,PE,453.25,452.9,454.7,4171,1673,28,16.06
2026-09-17 15:09:47,23282.95,2026-09-22,23800.0,CE,5.5,5.45,5.5,852300,124606,27817,10.32
2026-09-17 15:09:47,23282.95,2026-09-22,23800.0,PE,503.0,500.85,502.4,9739,7421,-553,16.48
2026-09-17 15:10:47,23285.8,2026-09-22,22800.0,CE,510.0,509.95,511.65,11529,2123,349,
2026-09-17 15:10:47,23285.8,2026-09-22,22800.0,PE,13.35,13.35,13.45,759231,80988,2869,14.15
2026-09-17 15:10:47,23285.8,2026-09-22,22850.0,CE,463.3,463.35,464.8,2353,919,106,
2026-09-17 15:10:47,23285.8,2026-09-22,22850.0,PE,16.7,16.65,16.75,432276,24743,5257,13.88
2026-09-17 15:10:47,23285.8,2026-09-22,22900.0,CE,418.25,417.3,418.55,16069,2044,236,
2026-09-17 15:10:47,23285.8,2026-09-22,22900.0,PE,20.65,20.65,20.75,854075,49898,-5113,13.59
2026-09-17 15:10:47,23285.8,2026-09-22,22950.0,CE,377.8,372.55,373.5,9175,1175,404,
2026-09-17 15:10:47,23285.8,2026-09-22,22950.0,PE,25.6,25.55,25.65,603927,35966,12710,13.34
2026-09-17 15:10:47,23285.8,2026-09-22,23000.0,CE,329.85,329.35,330.35,135618,14223,3295,7.44
2026-09-17 15:10:47,23285.8,2026-09-22,23000.0,PE,32.45,32.35,32.45,1601598,143292,18177,13.15
2026-09-17 15:10:47,23285.8,2026-09-22,23050.0,CE,287.6,287.6,288.3,51870,3425,908,8.45
2026-09-17 15:10:47,23285.8,2026-09-22,23050.0,PE,40.15,40.05,40.2,686662,41971,10464,12.89
2026-09-17 15:10:47,23285.8,2026-09-22,23100.0,CE,248.15,247.35,248.1,305892,15229,384,8.88
2026-09-17 15:10:47,23285.8,2026-09-22,23100.0,PE,50.15,50.1,50.25,1374433,86210,20901,12.7
2026-09-17 15:10:47,23285.8,2026-09-22,23150.0,CE,209.85,209.95,210.45,328370,10584,110,9.07
2026-09-17 15:10:47,23285.8,2026-09-22,23150.0,PE,62.3,62.45,62.65,955665,50155,11227,12.53
2026-09-17 15:10:47,23285.8,2026-09-22,23200.0,CE,175.4,174.9,175.3,1543211,62652,-3683,9.28
2026-09-17 15:10:47,23285.8,2026-09-22,23200.0,PE,77.6,77.6,77.8,2757667,149040,34161,12.43
2026-09-17 15:10:47,23285.8,2026-09-22,23250.0,CE,143.2,142.9,143.15,1833739,54998,13447,9.33
2026-09-17 15:10:47,23285.8,2026-09-22,23250.0,PE,96.0,95.8,95.95,2122883,86909,36424,12.36
2026-09-17 15:10:47,23285.8,2026-09-22,23300.0,CE,114.55,114.5,114.75,3172038,126209,58666,9.36
2026-09-17 15:10:47,23285.8,2026-09-22,23300.0,PE,117.45,117.15,117.4,2861602,123973,74763,12.27
2026-09-17 15:10:47,23285.8,2026-09-22,23350.0,CE,89.9,89.9,90.1,1726939,69893,43360,9.39
2026-09-17 15:10:47,23285.8,2026-09-22,23350.0,PE,142.1,142.0,142.2,987468,27806,16009,12.35
2026-09-17 15:10:47,23285.8,2026-09-22,23400.0,CE,68.65,68.75,68.85,2052338,120046,33293,9.4
2026-09-17 15:10:47,23285.8,2026-09-22,23400.0,PE,170.8,171.05,171.45,828865,50091,4090,12.43
2026-09-17 15:10:47,23285.8,2026-09-22,23450.0,CE,51.0,51.05,51.15,985960,57567,23062,9.42
2026-09-17 15:10:47,23285.8,2026-09-22,23450.0,PE,203.55,203.55,204.1,197660,10216,1471,12.59
2026-09-17 15:10:47,23285.8,2026-09-22,23500.0,CE,37.65,37.55,37.65,1924615,134184,18275,9.43
2026-09-17 15:10:47,23285.8,2026-09-22,23500.0,PE,239.0,239.55,239.95,312115,35625,-17,12.89
2026-09-17 15:10:47,23285.8,2026-09-22,23550.0,CE,26.9,26.85,26.95,885629,51218,18838,9.46
2026-09-17 15:10:47,23285.8,2026-09-22,23550.0,PE,279.0,278.9,279.55,50118,3797,1551,13.25
2026-09-17 15:10:47,23285.8,2026-09-22,23600.0,CE,19.05,19.05,19.1,1284512,93100,17900,9.53
2026-09-17 15:10:47,23285.8,2026-09-22,23600.0,PE,321.1,321.15,322.0,65854,11564,-4172,13.86
2026-09-17 15:10:47,23285.8,2026-09-22,23650.0,CE,13.65,13.65,13.7,735184,43750,14776,9.68
2026-09-17 15:10:47,23285.8,2026-09-22,23650.0,PE,365.6,364.85,365.95,9150,3465,556,14.75
2026-09-17 15:10:47,23285.8,2026-09-22,23700.0,CE,9.65,9.65,9.7,955830,112299,28797,9.79
2026-09-17 15:10:47,23285.8,2026-09-22,23700.0,PE,407.65,411.25,412.55,20415,10964,-1244,15.23
2026-09-17 15:10:47,23285.8,2026-09-22,23750.0,CE,7.1,7.1,7.15,558750,53640,20815,10.05
2026-09-17 15:10:47,23285.8,2026-09-22,23750.0,PE,453.05,458.05,459.65,4172,1673,28,16.06
2026-09-17 15:10:47,23285.8,2026-09-22,23800.0,CE,5.35,5.3,5.35,852434,124606,27817,10.32
2026-09-17 15:10:47,23285.8,2026-09-22,23800.0,PE,503.0,505.85,507.45,9739,7421,-553,16.48
2026-09-17 15:11:48,23281.65,2026-09-22,22800.0,CE,512.55,511.3,512.85,11530,2123,349,
2026-09-17 15:11:48,23281.65,2026-09-22,22800.0,PE,13.4,13.3,13.4,759617,80514,2395,13.62
2026-09-17 15:11:48,23281.65,2026-09-22,22850.0,CE,466.35,464.3,466.3,2354,917,104,
2026-09-17 15:11:48,23281.65,2026-09-22,22850.0,PE,16.7,16.6,16.7,432358,24200,4714,13.36
2026-09-17 15:11:48,23281.65,2026-09-22,22900.0,CE,418.25,418.7,419.95,16069,2036,228,8.23
2026-09-17 15:11:48,23281.65,2026-09-22,22900.0,PE,20.6,20.6,20.65,854231,49386,-5625,13.05
2026-09-17 15:11:48,23281.65,2026-09-22,22950.0,CE,373.65,373.6,374.5,9176,1177,406,10.26
2026-09-17 15:11:48,23281.65,2026-09-22,22950.0,PE,25.5,25.5,25.6,604176,35353,12097,12.76
2026-09-17 15:11:48,23281.65,2026-09-22,23000.0,CE,330.95,330.15,331.0,135629,14199,3271,9.6
2026-09-17 15:11:48,23281.65,2026-09-22,23000.0,PE,32.25,32.2,32.25,1602247,142310,17195,12.57
2026-09-17 15:11:48,23281.65,2026-09-22,23050.0,CE,288.4,288.45,289.15,51883,3335,818,9.76
2026-09-17 15:11:48,23281.65,2026-09-22,23050.0,PE,40.0,39.9,40.0,687200,42479,10972,12.29
2026-09-17 15:11:48,23281.65,2026-09-22,23100.0,CE,249.2,248.75,249.15,305936,15163,318,9.93
2026-09-17 15:11:48,23281.65,2026-09-22,23100.0,PE,50.1,49.95,50.1,1374834,85194,19885,12.08
2026-09-17 15:11:48,23281.65,2026-09-22,23150.0,CE,210.8,210.8,211.35,328473,10407,-67,9.88
2026-09-17 15:11:48,23281.65,2026-09-22,23150.0,PE,62.4,62.25,62.4,955859,49937,11009,11.87
2026-09-17 15:11:48,23281.65,2026-09-22,23200.0,CE,176.0,175.9,176.0,1543483,61790,-4545,9.92
2026-09-17 15:11:48,23281.65,2026-09-22,23200.0,PE,77.2,77.2,77.4,2758280,147735,32856,11.74
2026-09-17 15:11:48,23281.65,2026-09-22,23250.0,CE,143.95,143.7,144.0,1833994,53978,12427,9.85
2026-09-17 15:11:48,23281.65,2026-09-22,23250.0,PE,95.45,95.25,95.45,2123762,86751,36266,11.63
2026-09-17 15:11:48,23281.65,2026-09-22,23300.0,CE,115.15,115.1,115.35,3173046,123449,55906,9.78
2026-09-17 15:11:48,23281.65,2026-09-22,23300.0,PE,116.65,116.65,116.8,2862672,121980,72770,11.53
2026-09-17 15:11:48,23281.65,2026-09-22,23350.0,CE,90.3,90.35,90.6,1727270,68872,42339,9.74
2026-09-17 15:11:48,23281.65,2026-09-22,23350.0,PE,141.4,141.4,141.8,987823,27210,15413,11.44
2026-09-17 15:11:48,23281.65,2026-09-22,23400.0,CE,69.3,69.1,69.3,2052877,118326,31573,9.66
2026-09-17 15:11:48,23281.65,2026-09-22,23400.0,PE,170.5,170.4,170.85,829006,49799,3798,11.43
2026-09-17 15:11:48,23281.65,2026-09-22,23450.0,CE,51.4,51.35,51.5,986437,58495,23990,9.59
2026-09-17 15:11:48,23281.65,2026-09-22,23450.0,PE,203.0,202.8,203.3,197708,10127,1382,11.52
2026-09-17 15:11:48,23281.65,2026-09-22,23500.0,CE,37.9,37.85,37.95,1925262,134377,18468,9.61
2026-09-17 15:11:48,23281.65,2026-09-22,23500.0,PE,239.35,238.4,239.05,312190,35424,-218,11.6
2026-09-17 15:11:48,23281.65,2026-09-22,23550.0,CE,27.1,27.05,27.15,885868,50509,18129,9.59
2026-09-17 15:11:48,23281.65,2026-09-22,23550.0,PE,278.35,277.55,278.45,50122,3751,1505,11.92
2026-09-17 15:11:48,23281.65,2026-09-22,23600.0,CE,19.25,19.2,19.25,1284877,92725,17525,9.62
2026-09-17 15:11:48,23281.65,2026-09-22,23600.0,PE,321.1,319.8,320.7,65854,11455,-4281,12.29
2026-09-17 15:11:48,23281.65,2026-09-22,23650.0,CE,13.75,13.7,13.75,735432,43386,14412,9.75
2026-09-17 15:11:48,23281.65,2026-09-22,23650.0,PE,365.6,364.2,365.25,9150,3469,560,12.8
2026-09-17 15:11:48,23281.65,2026-09-22,23700.0,CE,9.7,9.7,9.75,956099,112673,29171,9.87
2026-09-17 15:11:48,23281.65,2026-09-22,23700.0,PE,407.65,410.4,411.75,20415,10959,-1249,12.75
2026-09-17 15:11:48,23281.65,2026-09-22,23750.0,CE,7.15,7.15,7.2,559046,53645,20820,10.1
2026-09-17 15:11:48,23281.65,2026-09-22,23750.0,PE,453.05,456.45,458.45,4172,1673,28,13.04
2026-09-17 15:11:48,23281.65,2026-09-22,23800.0,CE,5.35,5.35,5.4,852980,124630,27841,10.38
2026-09-17 15:11:48,23281.65,2026-09-22,23800.0,PE,503.0,504.7,506.45,9739,7421,-553,14.09
2026-09-17 15:12:48,23287.55,2026-09-22,22800.0,CE,511.4,510.45,511.95,11547,2126,352,
2026-09-17 15:12:48,23287.55,2026-09-22,22800.0,PE,13.85,13.8,13.85,762567,80628,2509,13.62
2026-09-17 15:12:48,23287.55,2026-09-22,22850.0,CE,467.05,464.25,465.8,2368,917,104,
2026-09-17 15:12:48,23287.55,2026-09-22,22850.0,PE,17.25,17.2,17.25,434179,24280,4794,13.36
2026-09-17 15:12:48,23287.55,2026-09-22,22900.0,CE,418.8,418.55,419.8,16140,2029,221,8.23
2026-09-17 15:12:48,23287.55,2026-09-22,22900.0,PE,21.4,21.35,21.4,857050,49629,-5382,13.05
2026-09-17 15:12:48,23287.55,2026-09-22,22950.0,CE,373.6,373.5,374.55,9215,1173,402,10.26
2026-09-17 15:12:48,23287.55,2026-09-22,22950.0,PE,26.55,26.55,26.6,606231,35230,11974,12.76
2026-09-17 15:12:48,23287.55,2026-09-22,23000.0,CE,331.05,330.35,331.15,136030,14241,3313,9.6
2026-09-17 15:12:48,23287.55,2026-09-22,23000.0,PE,33.4,33.3,33.45,1608592,142238,17123,12.57
2026-09-17 15:12:48,23287.55,2026-09-22,23050.0,CE,290.0,288.6,289.3,52030,3339,822,9.76
2026-09-17 15:12:48,23287.55,2026-09-22,23050.0,PE,41.25,41.2,41.3,691471,41983,10476,12.29
2026-09-17 15:12:48,23287.55,2026-09-22,23100.0,CE,249.15,249.0,249.35,306573,15101,256,9.93
2026-09-17 15:12:48,23287.55,2026-09-22,23100.0,PE,51.65,51.55,51.65,1379263,85082,19773,12.08
2026-09-17 15:12:48,23287.55,2026-09-22,23150.0,CE,211.6,211.5,211.9,328974,10315,-159,9.88
2026-09-17 15:12:48,23287.55,2026-09-22,23150.0,PE,64.05,63.9,64.05,958285,49954,11026,11.87
2026-09-17 15:12:48,23287.55,2026-09-22,23200.0,CE,176.5,176.6,176.7,1545531,61757,-4578,9.92
2026-09-17 15:12:48,23287.55,2026-09-22,23200.0,PE,79.05,79.05,79.1,2764398,146862,31983,11.74
2026-09-17 15:12:48,23287.55,2026-09-22,23250.0,CE,144.3,144.25,144.6,1836848,53703,12152,9.85
2026-09-17 15:12:48,23287.55,2026-09-22,23250.0,PE,97.1,97.1,97.15,2129052,85865,35380,11.63
2026-09-17 15:12:48,23287.55,2026-09-22,23300.0,CE,116.05,116.05,116.2,3181003,123257,55714,9.78
2026-09-17 15:12:48,23287.55,2026-09-22,23300.0,PE,118.5,118.55,118.7,2869548,120897,71687,11.53
2026-09-17 15:12:48,23287.55,2026-09-22,23350.0,CE,91.25,91.25,91.45,1730688,68428,41895,9.74
2026-09-17 15:12:48,23287.55,2026-09-22,23350.0,PE,143.35,143.15,143.45,989476,26817,15020,11.44
2026-09-17 15:12:48,23287.55,2026-09-22,23400.0,CE,69.75,69.75,69.95,2057321,117624,30871,9.66
2026-09-17 15:12:48,23287.55,2026-09-22,23400.0,PE,172.2,172.1,172.5,830457,49384,3383,11.43
2026-09-17 15:12:48,23287.55,2026-09-22,23450.0,CE,52.0,52.0,52.1,990804,59457,24952,9.59
2026-09-17 15:12:48,23287.55,2026-09-22,23450.0,PE,203.7,204.45,204.95,197973,10109,1364,11.52
2026-09-17 15:12:48,23287.55,2026-09-22,23500.0,CE,38.5,38.5,38.55,1931633,135068,19159,9.61
2026-09-17 15:12:48,23287.55,2026-09-22,23500.0,PE,240.15,239.9,240.15,312896,35335,-307,11.6
2026-09-17 15:12:48,23287.55,2026-09-22,23550.0,CE,27.7,27.6,27.7,888737,50458,18078,9.59
2026-09-17 15:12:48,23287.55,2026-09-22,23550.0,PE,280.05,279.45,280.2,50261,3724,1478,11.92
2026-09-17 15:12:48,23287.55,2026-09-22,23600.0,CE,19.65,19.6,19.65,1287986,92379,17179,9.62
2026-09-17 15:12:48,23287.55,2026-09-22,23600.0,PE,321.9,321.3,321.85,66095,11434,-4302,12.29
2026-09-17 15:12:48,23287.55,2026-09-22,23650.0,CE,14.0,14.0,14.05,737170,43467,14493,9.75
2026-09-17 15:12:48,23287.55,2026-09-22,23650.0,PE,366.85,365.65,366.75,9181,3457,548,12.8
2026-09-17 15:12:48,23287.55,2026-09-22,23700.0,CE,10.0,9.95,10.0,959599,113005,29503,9.87
2026-09-17 15:12:48,23287.55,2026-09-22,23700.0,PE,412.9,411.55,412.9,20426,10965,-1243,12.75
2026-09-17 15:12:48,23287.55,2026-09-22,23750.0,CE,7.35,7.35,7.4,561392,54035,21210,10.1
2026-09-17 15:12:48,23287.55,2026-09-22,23750.0,PE,459.8,458.0,460.0,4181,1674,29,13.04
2026-09-17 15:12:48,23287.55,2026-09-22,23800.0,CE,5.6,5.55,5.6,855400,124717,27928,10.38
2026-09-17 15:12:48,23287.55,2026-09-22,23800.0,PE,508.05,506.25,508.0,9743,7421,-553,14.09
2026-09-17 15:13:49,23284.9,2026-09-22,22800.0,CE,509.0,510.5,511.95,11563,2126,352,
2026-09-17 15:13:49,23284.9,2026-09-22,22800.0,PE,14.0,13.95,14.0,764288,80659,2540,13.62
2026-09-17 15:13:49,23284.9,2026-09-22,22850.0,CE,462.1,463.6,465.15,2369,911,98,
2026-09-17 15:13:49,23284.9,2026-09-22,22850.0,PE,17.4,17.35,17.4,434910,24249,4763,13.36
2026-09-17 15:13:49,23284.9,2026-09-22,22900.0,CE,416.25,418.8,420.05,16149,2021,213,8.23
2026-09-17 15:13:49,23284.9,2026-09-22,22900.0,PE,21.5,21.5,21.55,858293,49579,-5432,13.05
2026-09-17 15:13:49,23284.9,2026-09-22,22950.0,CE,372.5,373.45,374.65,9224,1173,402,10.26
2026-09-17 15:13:49,23284.9,2026-09-22,22950.0,PE,26.65,26.6,26.65,607034,35102,11846,12.76
2026-09-17 15:13:49,23284.9,2026-09-22,23000.0,CE,330.35,330.45,330.7,136204,14183,3255,9.6
2026-09-17 15:13:49,23284.9,2026-09-22,23000.0,PE,33.6,33.55,33.6,1611643,142216,17101,12.57
2026-09-17 15:13:49,23284.9,2026-09-22,23050.0,CE,288.95,288.95,289.0,52133,3306,789,9.76
2026-09-17 15:13:49,23284.9,2026-09-22,23050.0,PE,41.35,41.3,41.4,692779,42066,10559,12.29
2026-09-17 15:13:49,23284.9,2026-09-22,23100.0,CE,248.9,249.05,249.35,306943,14896,51,9.93
2026-09-17 15:13:49,23284.9,2026-09-22,23100.0,PE,51.6,51.6,51.65,1383059,84690,19381,12.08
2026-09-17 15:13:49,23284.9,2026-09-22,23150.0,CE,209.95,211.0,211.35,329332,10161,-313,9.88
2026-09-17 15:13:49,23284.9,2026-09-22,23150.0,PE,64.0,63.9,64.05,959987,49586,10658,11.87
2026-09-17 15:13:49,23284.9,2026-09-22,23200.0,CE,176.65,176.65,176.8,1546971,61291,-5044,9.92
2026-09-17 15:13:49,23284.9,2026-09-22,23200.0,PE,79.1,78.9,79.1,2768247,145730,30851,11.74
2026-09-17 15:13:49,23284.9,2026-09-22,23250.0,CE,144.1,144.4,144.75,1838496,53098,11547,9.85
2026-09-17 15:13:49,23284.9,2026-09-22,23250.0,PE,97.0,97.0,97.1,2131933,85425,34940,11.63
2026-09-17 15:13:49,23284.9,2026-09-22,23300.0,CE,115.9,115.6,115.85,3184490,121628,54085,9.78
2026-09-17 15:13:49,23284.9,2026-09-22,23300.0,PE,118.65,118.35,118.65,2873641,120381,71171,11.53
2026-09-17 15:13:49,23284.9,2026-09-22,23350.0,CE,90.95,90.9,91.0,1733209,67803,41270,9.74
2026-09-17 15:13:49,23284.9,2026-09-22,23350.0,PE,143.85,143.2,143.35,990697,26518,14721,11.44
2026-09-17 15:13:49,23284.9,2026-09-22,23400.0,CE,69.6,69.6,69.8,2059991,116544,29791,9.66
2026-09-17 15:13:49,23284.9,2026-09-22,23400.0,PE,172.8,171.9,172.3,831179,49225,3224,11.43
2026-09-17 15:13:49,23284.9,2026-09-22,23450.0,CE,51.7,51.9,52.0,993226,59590,25085,9.59
2026-09-17 15:13:49,23284.9,2026-09-22,23450.0,PE,204.7,204.1,204.65,198282,10053,1308,11.52
2026-09-17 15:13:49,23284.9,2026-09-22,23500.0,CE,38.5,38.35,38.5,1934277,134633,18724,9.61
2026-09-17 15:13:49,23284.9,2026-09-22,23500.0,PE,240.25,239.65,240.25,313375,35410,-232,11.6
2026-09-17 15:13:49,23284.9,2026-09-22,23550.0,CE,27.55,27.55,27.6,890062,49937,17557,9.59
2026-09-17 15:13:49,23284.9,2026-09-22,23550.0,PE,279.6,279.1,279.85,50374,3689,1443,11.92
2026-09-17 15:13:49,23284.9,2026-09-22,23600.0,CE,19.6,19.45,19.55,1290137,92220,17020,9.62
2026-09-17 15:13:49,23284.9,2026-09-22,23600.0,PE,324.35,321.1,321.95,66183,11391,-4345,12.29
2026-09-17 15:13:49,23284.9,2026-09-22,23650.0,CE,14.05,14.0,14.1,738002,43195,14221,9.75
2026-09-17 15:13:49,23284.9,2026-09-22,23650.0,PE,368.25,365.7,366.8,9196,3457,548,12.8
2026-09-17 15:13:49,23284.9,2026-09-22,23700.0,CE,10.0,9.95,10.0,960591,112889,29387,9.87
2026-09-17 15:13:49,23284.9,2026-09-22,23700.0,PE,414.45,411.45,412.75,20450,10965,-1243,12.75
2026-09-17 15:13:49,23284.9,2026-09-22,23750.0,CE,7.35,7.35,7.45,561711,53786,20961,10.1
2026-09-17 15:13:49,23284.9,2026-09-22,23750.0,PE,461.55,458.3,459.85,4193,1674,29,13.04
2026-09-17 15:13:49,23284.9,2026-09-22,23800.0,CE,5.65,5.6,5.65,856352,124640,27851,10.38
2026-09-17 15:13:49,23284.9,2026-09-22,23800.0,PE,508.0,506.5,508.2,9778,7421,-553,14.09
2026-09-17 15:14:49,23288.95,2026-09-22,22800.0,CE,519.5,519.35,520.9,11575,2120,346,
2026-09-17 15:14:49,23288.95,2026-09-22,22800.0,PE,13.35,13.3,13.35,766868,80286,2167,13.62
2026-09-17 15:14:49,23288.95,2026-09-22,22850.0,CE,471.0,472.7,474.2,2381,908,95,
2026-09-17 15:14:49,23288.95,2026-09-22,22850.0,PE,16.4,16.45,16.5,435921,24144,4658,13.36
2026-09-17 15:14:49,23288.95,2026-09-22,22900.0,CE,426.65,426.6,427.85,16160,2021,213,8.23
2026-09-17 15:14:49,23288.95,2026-09-22,22900.0,PE,20.5,20.45,20.5,860538,49435,-5576,13.05
2026-09-17 15:14:49,23288.95,2026-09-22,22950.0,CE,382.7,381.4,382.5,9253,1163,392,10.26
2026-09-17 15:14:49,23288.95,2026-09-22,22950.0,PE,25.2,25.2,25.3,608292,34871,11615,12.76
2026-09-17 15:14:49,23288.95,2026-09-22,23000.0,CE,338.95,338.0,338.55,136735,14171,3243,9.6
2026-09-17 15:14:49,23288.95,2026-09-22,23000.0,PE,31.8,31.7,31.8,1615463,142167,17052,12.57
2026-09-17 15:14:49,23288.95,2026-09-22,23050.0,CE,296.55,295.85,296.6,52263,3269,752,9.76
2026-09-17 15:14:49,23288.95,2026-09-22,23050.0,PE,39.05,39.05,39.15,696022,42546,11039,12.29
2026-09-17 15:14:49,23288.95,2026-09-22,23100.0,CE,255.35,255.25,255.95,307726,14721,-124,9.93
2026-09-17 15:14:49,23288.95,2026-09-22,23100.0,PE,48.65,48.7,48.8,1387036,84354,19045,12.08
2026-09-17 15:14:49,23288.95,2026-09-22,23150.0,CE,217.3,217.6,218.1,330323,9956,-518,9.88
2026-09-17 15:14:49,23288.95,2026-09-22,23150.0,PE,60.65,60.6,60.8,962860,49501,10573,11.87
2026-09-17 15:14:49,23288.95,2026-09-22,23200.0,CE,182.0,181.8,182.0,1550836,60691,-5644,9.92
2026-09-17 15:14:49,23288.95,2026-09-22,23200.0,PE,75.05,74.95,75.05,2775548,144795,29916,11.74
2026-09-17 15:14:49,23288.95,2026-09-22,23250.0,CE,149.05,148.6,148.95,1842382,52696,11145,9.85
2026-09-17 15:14:49,23288.95,2026-09-22,23250.0,PE,92.25,92.25,92.5,2137656,84738,34253,11.63
2026-09-17 15:14:49,23288.95,2026-09-22,23300.0,CE,119.7,119.65,119.9,3195545,120748,53205,9.78
2026-09-17 15:14:49,23288.95,2026-09-22,23300.0,PE,112.8,112.6,112.95,2882663,120538,71328,11.53
2026-09-17 15:14:49,23288.95,2026-09-22,23350.0,CE,94.25,94.0,94.25,1738093,66974,40441,9.74
2026-09-17 15:14:49,23288.95,2026-09-22,23350.0,PE,137.1,136.8,137.1,992725,26426,14629,11.44
2026-09-17 15:14:49,23288.95,2026-09-22,23400.0,CE,72.15,71.9,72.15,2065772,115635,28882,9.66
2026-09-17 15:14:49,23288.95,2026-09-22,23400.0,PE,165.5,165.1,165.45,832796,49186,3185,11.43
2026-09-17 15:14:49,23288.95,2026-09-22,23450.0,CE,53.7,53.6,53.8,996271,59379,24874,9.59
2026-09-17 15:14:49,23288.95,2026-09-22,23450.0,PE,197.0,196.75,197.2,198764,9925,1180,11.52
2026-09-17 15:14:49,23288.95,2026-09-22,23500.0,CE,39.65,39.6,39.7,1943837,131579,15670,9.61
2026-09-17 15:14:49,23288.95,2026-09-22,23500.0,PE,232.7,232.15,232.8,314269,35402,-240,11.6
2026-09-17 15:14:49,23288.95,2026-09-22,23550.0,CE,28.5,28.45,28.55,891886,49702,17322,9.59
2026-09-17 15:14:49,23288.95,2026-09-22,23550.0,PE,270.2,271.1,271.8,50492,3678,1432,11.92
2026-09-17 15:14:49,23288.95,2026-09-22,23600.0,CE,20.2,20.15,20.25,1292938,92421,17221,9.62
2026-09-17 15:14:49,23288.95,2026-09-22,23600.0,PE,312.4,312.85,313.6,66251,11379,-4357,12.29
2026-09-17 15:14:49,23288.95,2026-09-22,23650.0,CE,14.6,14.5,14.6,739929,43092,14118,9.75
2026-09-17 15:14:49,23288.95,2026-09-22,23650.0,PE,360.0,356.8,357.9,9209,3468,559,12.8
2026-09-17 15:14:49,23288.95,2026-09-22,23700.0,CE,10.3,10.25,10.35,963219,113024,29522,9.87
2026-09-17 15:14:49,23288.95,2026-09-22,23700.0,PE,401.55,402.2,403.55,20481,10973,-1235,12.75
2026-09-17 15:14:49,23288.95,2026-09-22,23750.0,CE,7.6,7.55,7.6,563600,53832,21007,10.1
2026-09-17 15:14:49,23288.95,2026-09-22,23750.0,PE,450.0,449.4,450.75,4207,1677,32,13.04
2026-09-17 15:14:49,23288.95,2026-09-22,23800.0,CE,5.7,5.7,5.75,859665,124540,27751,10.38
2026-09-17 15:14:49,23288.95,2026-09-22,23800.0,PE,496.5,497.65,499.3,9787,7420,-554,14.09
2026-09-17 15:15:50,23294.35,2026-09-22,22800.0,CE,528.15,524.85,526.45,11585,2112,338,
2026-09-17 15:15:50,23294.35,2026-09-22,22800.0,PE,13.1,13.05,13.15,769356,80286,2167,13.62
2026-09-17 15:15:50,23294.35,2026-09-22,22850.0,CE,481.9,477.55,479.25,2388,905,92,
2026-09-17 15:15:50,23294.35,2026-09-22,22850.0,PE,16.25,16.15,16.2,436845,24144,4658,13.36
2026-09-17 15:15:50,23294.35,2026-09-22,22900.0,CE,434.15,431.65,433.05,16172,2019,211,8.23
2026-09-17 15:15:50,23294.35,2026-09-22,22900.0,PE,19.95,19.95,20.0,862252,49435,-5576,13.05
2026-09-17 15:15:50,23294.35,2026-09-22,22950.0,CE,388.7,386.45,387.4,9276,1155,384,10.26
2026-09-17 15:15:50,23294.35,2026-09-22,22950.0,PE,24.5,24.6,24.7,610316,34871,11615,12.76
2026-09-17 15:15:50,23294.35,2026-09-22,23000.0,CE,341.8,342.45,343.25,137315,14171,3243,9.6
2026-09-17 15:15:50,23294.35,2026-09-22,23000.0,PE,30.9,30.85,30.95,1620258,142167,17052,12.57
2026-09-17 15:15:50,23294.35,2026-09-22,23050.0,CE,299.85,300.1,300.85,52410,3269,752,9.76
2026-09-17 15:15:50,23294.35,2026-09-22,23050.0,PE,38.05,38.0,38.1,698992,42546,11039,12.29
2026-09-17 15:15:50,23294.35,2026-09-22,23100.0,CE,259.65,259.5,260.0,308605,14721,-124,9.93
2026-09-17 15:15:50,23294.35,2026-09-22,23100.0,PE,47.45,47.35,47.55,1391755,84354,19045,12.08
2026-09-17 15:15:50,23294.35,2026-09-22,23150.0,CE,221.1,221.45,221.8,331138,9956,-518,9.88
2026-09-17 15:15:50,23294.35,2026-09-22,23150.0,PE,59.05,58.8,58.95,965619,49501,10573,11.87
2026-09-17 15:15:50,23294.35,2026-09-22,23200.0,CE,185.75,185.55,185.75,1554760,60691,-5644,9.92
2026-09-17 15:15:50,23294.35,2026-09-22,23200.0,PE,73.15,72.85,73.0,2783573,144795,29916,11.74
2026-09-17 15:15:50,23294.35,2026-09-22,23250.0,CE,151.9,151.75,152.1,1848545,52696,11145,9.85
2026-09-17 15:15:50,23294.35,2026-09-22,23250.0,PE,89.6,89.6,89.8,2143836,84738,34253,11.63
2026-09-17 15:15:50,23294.35,2026-09-22,23300.0,CE,122.6,122.4,122.65,3208736,120748,53205,9.78
2026-09-17 15:15:50,23294.35,2026-09-22,23300.0,PE,109.9,109.7,110.0,2893123,120538,71328,11.53
2026-09-17 15:15:50,23294.35,2026-09-22,23350.0,CE,96.4,96.35,96.6,1743341,66974,40441,9.74
2026-09-17 15:15:50,23294.35,2026-09-22,23350.0,PE,133.3,133.3,133.55,995201,26426,14629,11.44
2026-09-17 15:15:50,23294.35,2026-09-22,23400.0,CE,73.65,73.65,73.85,2072579,115635,28882,9.66
2026-09-17 15:15:50,23294.35,2026-09-22,23400.0,PE,161.65,161.4,161.8,835060,49186,3185,11.43
2026-09-17 15:15:50,23294.35,2026-09-22,23450.0,CE,55.1,55.05,55.2,999449,59379,24874,9.59
2026-09-17 15:15:50,23294.35,2026-09-22,23450.0,PE,192.65,192.65,193.15,199217,9925,1180,11.52
2026-09-17 15:15:50,23294.35,2026-09-22,23500.0,CE,40.6,40.6,40.75,1951152,131579,15670,9.61
2026-09-17 15:15:50,23294.35,2026-09-22,23500.0,PE,228.15,227.2,227.8,314949,35402,-240,11.6
2026-09-17 15:15:50,23294.35,2026-09-22,23550.0,CE,29.25,29.15,29.25,894485,49702,17322,9.59
2026-09-17 15:15:50,23294.35,2026-09-22,23550.0,PE,267.25,266.2,266.85,50608,3678,1432,11.92
2026-09-17 15:15:50,23294.35,2026-09-22,23600.0,CE,20.75,20.6,20.7,1296172,92421,17221,9.62
2026-09-17 15:15:50,23294.35,2026-09-22,23600.0,PE,307.5,307.95,308.6,66349,11379,-4357,12.29
2026-09-17 15:15:50,23294.35,2026-09-22,23650.0,CE,14.9,14.9,15.0,741827,43092,14118,9.75
2026-09-17 15:15:50,23294.35,2026-09-22,23650.0,PE,350.0,351.6,352.7,9226,3468,559,12.8
2026-09-17 15:15:50,23294.35,2026-09-22,23700.0,CE,10.55,10.55,10.6,966094,113024,29522,9.87
2026-09-17 15:15:50,23294.35,2026-09-22,23700.0,PE,398.4,397.55,398.75,20500,10964,-1244,12.75
2026-09-17 15:15:50,23294.35,2026-09-22,23750.0,CE,7.8,7.8,7.85,565292,53832,21007,10.1
2026-09-17 15:15:50,23294.35,2026-09-22,23750.0,PE,442.5,444.15,445.7,4211,1676,31,13.04
2026-09-17 15:15:50,23294.35,2026-09-22,23800.0,CE,5.9,5.9,5.95,862988,124540,27751,10.38
2026-09-17 15:15:50,23294.35,2026-09-22,23800.0,PE,490.8,491.7,493.35,9816,7419,-555,14.09
2026-09-17 15:16:50,23294.35,2026-09-22,22800.0,CE,517.65,521.9,523.35,11600,2110,336,
2026-09-17 15:16:50,23294.35,2026-09-22,22800.0,PE,13.35,13.35,13.45,770522,80269,2150,13.62
2026-09-17 15:16:50,23294.35,2026-09-22,22850.0,CE,481.9,475.2,476.7,2388,905,92,
2026-09-17 15:16:50,23294.35,2026-09-22,22850.0,PE,16.45,16.45,16.5,437488,24051,4565,13.36
2026-09-17 15:16:50,23294.35,2026-09-22,22900.0,CE,429.45,429.05,430.25,16192,2016,208,8.23
2026-09-17 15:16:50,23294.35,2026-09-22,22900.0,PE,20.3,20.2,20.3,863472,49647,-5364,13.05
2026-09-17 15:16:50,23294.35,2026-09-22,22950.0,CE,379.65,383.65,384.6,9283,1156,385,10.26
2026-09-17 15:16:50,23294.35,2026-09-22,22950.0,PE,25.0,24.9,25.0,611542,35000,11744,12.76
2026-09-17 15:16:50,23294.35,2026-09-22,23000.0,CE,341.15,340.1,341.0,137589,14000,3072,9.6
2026-09-17 15:16:50,23294.35,2026-09-22,23000.0,PE,31.4,31.3,31.4,1622881,142383,17268,12.57
2026-09-17 15:16:50,23294.35,2026-09-22,23050.0,CE,297.75,297.75,298.5,52527,3247,730,9.76
2026-09-17 15:16:50,23294.35,2026-09-22,23050.0,PE,38.5,38.35,38.5,702311,43102,11595,12.29
2026-09-17 15:16:50,23294.35,2026-09-22,23100.0,CE,257.5,257.05,257.6,309081,14404,-441,9.93
2026-09-17 15:16:50,23294.35,2026-09-22,23100.0,PE,47.95,47.95,48.05,1394525,84356,19047,12.08
2026-09-17 15:16:50,23294.35,2026-09-22,23150.0,CE,218.7,218.7,219.2,331618,9668,-806,9.88
2026-09-17 15:16:50,23294.35,2026-09-22,23150.0,PE,59.55,59.55,59.65,967351,49097,10169,11.87
2026-09-17 15:16:50,23294.35,2026-09-22,23200.0,CE,183.15,182.75,183.15,1556598,60321,-6014,9.92
2026-09-17 15:16:50,23294.35,2026-09-22,23200.0,PE,73.6,73.6,73.8,2787050,144285,29406,11.74
2026-09-17 15:16:50,23294.35,2026-09-22,23250.0,CE,149.55,149.55,150.0,1850758,51313,9762,9.85
2026-09-17 15:16:50,23294.35,2026-09-22,23250.0,PE,90.6,90.55,90.6,2146619,83698,33213,11.63
2026-09-17 15:16:50,23294.35,2026-09-22,23300.0,CE,120.3,120.3,120.35,3215693,118251,50708,9.78
2026-09-17 15:16:50,23294.35,2026-09-22,23300.0,PE,110.85,110.75,110.85,2898496,119217,70007,11.53
2026-09-17 15:16:50,23294.35,2026-09-22,23350.0,CE,94.35,94.35,94.55,1746297,65895,39362,9.74
2026-09-17 15:16:50,23294.35,2026-09-22,23350.0,PE,134.65,134.6,134.9,996786,26391,14594,11.44
2026-09-17 15:16:50,23294.35,2026-09-22,23400.0,CE,72.35,72.15,72.35,2076683,114003,27250,9.66
2026-09-17 15:16:50,23294.35,2026-09-22,23400.0,PE,163.0,162.6,163.0,836066,48837,2836,11.43
2026-09-17 15:16:50,23294.35,2026-09-22,23450.0,CE,53.65,53.65,53.8,1001511,59231,24726,9.59
2026-09-17 15:16:50,23294.35,2026-09-22,23450.0,PE,194.2,194.3,194.65,199695,9880,1135,11.52
2026-09-17 15:16:50,23294.35,2026-09-22,23500.0,CE,39.55,39.5,39.6,1954880,129732,13823,9.61
2026-09-17 15:16:50,23294.35,2026-09-22,23500.0,PE,229.3,229.25,229.65,315549,35356,-286,11.6
2026-09-17 15:16:50,23294.35,2026-09-22,23550.0,CE,28.25,28.25,28.35,895816,49362,16982,9.59
2026-09-17 15:16:50,23294.35,2026-09-22,23550.0,PE,269.0,268.6,269.15,50684,3639,1393,11.92
2026-09-17 15:16:50,23294.35,2026-09-22,23600.0,CE,20.0,20.0,20.1,1298313,91986,16786,9.62
2026-09-17 15:16:50,23294.35,2026-09-22,23600.0,PE,310.2,310.05,310.8,66466,11386,-4350,12.29
2026-09-17 15:16:50,23294.35,2026-09-22,23650.0,CE,14.35,14.35,14.4,743239,42871,13897,9.75
2026-09-17 15:16:50,23294.35,2026-09-22,23650.0,PE,356.55,354.2,355.3,9247,3469,560,12.8
2026-09-17 15:16:50,23294.35,2026-09-22,23700.0,CE,10.2,10.15,10.25,969090,112807,29305,9.87
2026-09-17 15:16:50,23294.35,2026-09-22,23700.0,PE,402.35,399.95,401.15,20509,10964,-1244,12.75
2026-09-17 15:16:50,23294.35,2026-09-22,23750.0,CE,7.55,7.55,7.6,566556,53450,20625,10.1
2026-09-17 15:16:50,23294.35,2026-09-22,23750.0,PE,449.85,446.8,448.3,4212,1672,27,13.04
2026-09-17 15:16:50,23294.35,2026-09-22,23800.0,CE,5.7,5.7,5.75,863986,124116,27327,10.38
2026-09-17 15:16:50,23294.35,2026-09-22,23800.0,PE,494.7,494.65,496.25,9821,7428,-546,14.09
2026-09-17 15:17:50,23294.35,2026-09-22,22800.0,CE,527.0,527.05,528.5,11606,2105,331,
2026-09-17 15:17:50,23294.35,2026-09-22,22800.0,PE,12.7,12.7,12.75,773395,80165,2046,13.62
2026-09-17 15:17:50,23294.35,2026-09-22,22850.0,CE,479.35,480.0,482.7,2389,906,93,
2026-09-17 15:17:50,23294.35,2026-09-22,22850.0,PE,15.55,15.55,15.65,438401,23929,4443,13.36
2026-09-17 15:17:50,23294.35,2026-09-22,22900.0,CE,432.0,433.75,435.15,16210,2015,207,8.23
2026-09-17 15:17:50,23294.35,2026-09-22,22900.0,PE,19.15,19.15,19.2,865510,49797,-5214,13.05
2026-09-17 15:17:50,23294.35,2026-09-22,22950.0,CE,388.75,388.05,389.05,9319,1153,382,10.26
2026-09-17 15:17:50,23294.35,2026-09-22,22950.0,PE,23.55,23.45,23.55,613528,34968,11712,12.76
2026-09-17 15:17:50,23294.35,2026-09-22,23000.0,CE,344.7,344.6,345.65,137968,14035,3107,9.6
2026-09-17 15:17:50,23294.35,2026-09-22,23000.0,PE,29.6,29.55,29.65,1627371,141760,16645,12.57
2026-09-17 15:17:50,23294.35,2026-09-22,23050.0,CE,302.0,301.85,302.55,52603,3240,723,9.76
2026-09-17 15:17:50,23294.35,2026-09-22,23050.0,PE,36.4,36.3,36.4,705170,44985,13478,12.29
2026-09-17 15:17:50,23294.35,2026-09-22,23100.0,CE,261.1,260.8,261.6,309426,14349,-496,9.93
2026-09-17 15:17:50,23294.35,2026-09-22,23100.0,PE,45.5,45.35,45.4,1399166,84382,19073,12.08
2026-09-17 15:17:50,23294.35,2026-09-22,23150.0,CE,222.35,221.95,222.5,331887,9643,-831,9.88
2026-09-17 15:17:50,23294.35,2026-09-22,23150.0,PE,56.6,56.6,56.8,970042,48700,9772,11.87
2026-09-17 15:17:50,23294.35,2026-09-22,23200.0,CE,185.55,185.1,185.5,1559729,59774,-6561,9.92
2026-09-17 15:17:50,23294.35,2026-09-22,23200.0,PE,70.1,70.1,70.35,2794659,144225,29346,11.74
2026-09-17 15:17:50,23294.35,2026-09-22,23250.0,CE,151.45,151.5,151.9,1853911,51300,9749,9.85
2026-09-17 15:17:50,23294.35,2026-09-22,23250.0,PE,86.55,86.6,86.8,2153104,82896,32411,11.63
2026-09-17 15:17:50,23294.35,2026-09-22,23300.0,CE,121.6,121.6,121.8,3224283,117753,50210,9.78
2026-09-17 15:17:50,23294.35,2026-09-22,23300.0,PE,106.55,106.25,106.5,2906357,118963,69753,11.53
2026-09-17 15:17:50,23294.35,2026-09-22,23350.0,CE,95.6,95.45,95.75,1750965,65817,39284,9.74
2026-09-17 15:17:50,23294.35,2026-09-22,23350.0,PE,129.8,129.35,129.65,999359,26368,14571,11.44
2026-09-17 15:17:50,23294.35,2026-09-22,23400.0,CE,72.9,72.75,72.9,2081628,115451,28698,9.66
2026-09-17 15:17:50,23294.35,2026-09-22,23400.0,PE,157.3,157.15,157.5,839096,48566,2565,11.43
2026-09-17 15:17:50,23294.35,2026-09-22,23450.0,CE,54.2,54.05,54.2,1004555,59062,24557,9.59
2026-09-17 15:17:50,23294.35,2026-09-22,23450.0,PE,188.65,188.35,188.55,200414,9657,912,11.52
2026-09-17 15:17:50,23294.35,2026-09-22,23500.0,CE,39.5,39.5,39.6,1959694,129819,13910,9.61
2026-09-17 15:17:50,23294.35,2026-09-22,23500.0,PE,223.6,223.65,224.2,316408,35391,-251,11.6
2026-09-17 15:17:50,23294.35,2026-09-22,23550.0,CE,28.1,28.05,28.2,897019,49144,16764,9.59
2026-09-17 15:17:50,23294.35,2026-09-22,23550.0,PE,261.65,262.4,263.1,50724,3594,1348,11.92
2026-09-17 15:17:50,23294.35,2026-09-22,23600.0,CE,19.9,19.8,19.9,1300968,91433,16233,9.62
2026-09-17 15:17:50,23294.35,2026-09-22,23600.0,PE,303.05,303.95,304.75,66608,11394,-4342,12.29
2026-09-17 15:17:50,23294.35,2026-09-22,23650.0,CE,14.15,14.1,14.15,745842,42915,13941,9.75
2026-09-17 15:17:50,23294.35,2026-09-22,23650.0,PE,346.7,347.9,348.95,9257,3460,551,12.8
2026-09-17 15:17:50,23294.35,2026-09-22,23700.0,CE,9.95,9.9,9.95,970510,112266,28764,9.87
2026-09-17 15:17:50,23294.35,2026-09-22,23700.0,PE,394.85,393.2,394.35,20599,10953,-1255,12.75
2026-09-17 15:17:50,23294.35,2026-09-22,23750.0,CE,7.25,7.25,7.3,567731,53182,20357,10.1
2026-09-17 15:17:50,23294.35,2026-09-22,23750.0,PE,440.95,440.15,442.45,4223,1674,29,13.04
2026-09-17 15:17:50,23294.35,2026-09-22,23800.0,CE,5.5,5.45,5.5,865497,124202,27413,10.38
2026-09-17 15:17:50,23294.35,2026-09-22,23800.0,PE,489.1,488.05,489.95,9826,7428,-546,14.09
2026-09-17 15:18:51,23294.35,2026-09-22,22800.0,CE,522.35,521.65,523.6,11614,2098,324,
2026-09-17 15:18:51,23294.35,2026-09-22,22800.0,PE,13.35,13.3,13.35,776992,79712,1593,13.62
2026-09-17 15:18:51,23294.35,2026-09-22,22850.0,CE,474.9,473.9,476.8,2393,905,92,
2026-09-17 15:18:51,23294.35,2026-09-22,22850.0,PE,16.6,16.55,16.6,440271,23907,4421,13.36
2026-09-17 15:18:51,23294.35,2026-09-22,22900.0,CE,431.35,428.35,429.7,16222,2019,211,8.23
2026-09-17 15:18:51,23294.35,2026-09-22,22900.0,PE,20.3,20.4,20.45,868451,49735,-5276,13.05
2026-09-17 15:18:51,23294.35,2026-09-22,22950.0,CE,389.15,383.75,384.8,9332,1138,367,10.26
2026-09-17 15:18:51,23294.35,2026-09-22,22950.0,PE,25.2,25.1,25.2,616853,34973,11717,12.76
2026-09-17 15:18:51,23294.35,2026-09-22,23000.0,CE,340.0,340.05,340.95,138454,13980,3052,9.6
2026-09-17 15:18:51,23294.35,2026-09-22,23000.0,PE,31.7,31.6,31.7,1636183,141279,16164,12.57
2026-09-17 15:18:51,23294.35,2026-09-22,23050.0,CE,298.9,297.55,298.25,52693,3201,684,9.76
2026-09-17 15:18:51,23294.35,2026-09-22,23050.0,PE,38.95,38.95,39.0,708716,45072,13565,12.29
2026-09-17 15:18:51,23294.35,2026-09-22,23100.0,CE,257.15,256.95,257.4,309955,14143,-702,9.93
2026-09-17 15:18:51,23294.35,2026-09-22,23100.0,PE,48.4,48.25,48.45,1406378,84689,19380,12.08
2026-09-17 15:18:51,23294.35,2026-09-22,23150.0,CE,218.9,218.45,219.0,332295,9498,-976,9.88
2026-09-17 15:18:51,23294.35,2026-09-22,23150.0,PE,60.2,59.9,60.1,973712,48501,9573,11.87
2026-09-17 15:18:51,23294.35,2026-09-22,23200.0,CE,182.75,182.2,182.6,1562341,58416,-7919,9.92
2026-09-17 15:18:51,23294.35,2026-09-22,23200.0,PE,74.05,74.05,74.2,2803542,143266,28387,11.74
2026-09-17 15:18:51,23294.35,2026-09-22,23250.0,CE,150.0,149.8,150.1,1857944,50344,8793,9.85
2026-09-17 15:18:51,23294.35,2026-09-22,23250.0,PE,90.7,90.55,90.8,2160451,80665,30180,11.63
2026-09-17 15:18:51,23294.35,2026-09-22,23300.0,CE,120.4,120.25,120.45,3234009,115845,48302,9.78
2026-09-17 15:18:51,23294.35,2026-09-22,23300.0,PE,111.15,111.1,111.35,2917301,118162,68952,11.53
2026-09-17 15:18:51,23294.35,2026-09-22,23350.0,CE,94.35,94.3,94.5,1755129,64548,38015,9.74
2026-09-17 15:18:51,23294.35,2026-09-22,23350.0,PE,135.2,134.85,135.0,1001751,25427,13630,11.44
2026-09-17 15:18:51,23294.35,2026-09-22,23400.0,CE,72.0,72.0,72.15,2087723,114975,28222,9.66
2026-09-17 15:18:51,23294.35,2026-09-22,23400.0,PE,162.7,162.75,163.15,841472,46731,730,11.43
2026-09-17 15:18:51,23294.35,2026-09-22,23450.0,CE,53.5,53.55,53.75,1007269,58920,24415,9.59
2026-09-17 15:18:51,23294.35,2026-09-22,23450.0,PE,194.8,194.4,194.8,200814,9396,651,11.52
2026-09-17 15:18:51,23294.35,2026-09-22,23500.0,CE,39.4,39.25,39.4,1964932,129543,13634,9.61
2026-09-17 15:18:51,23294.35,2026-09-22,23500.0,PE,229.95,230.0,230.55,317595,35249,-393,11.6
2026-09-17 15:18:51,23294.35,2026-09-22,23550.0,CE,28.1,28.0,28.1,898374,49286,16906,9.59
2026-09-17 15:18:51,23294.35,2026-09-22,23550.0,PE,267.85,268.9,269.6,50759,3564,1318,11.92
2026-09-17 15:18:51,23294.35,2026-09-22,23600.0,CE,19.95,19.85,19.95,1306427,90220,15020,9.62
2026-09-17 15:18:51,23294.35,2026-09-22,23600.0,PE,310.95,310.7,311.4,66668,11383,-4353,12.29
2026-09-17 15:18:51,23294.35,2026-09-22,23650.0,CE,14.25,14.3,14.35,749636,43410,14436,9.75
2026-09-17 15:18:51,23294.35,2026-09-22,23650.0,PE,351.25,354.55,355.35,9267,3455,546,12.8
2026-09-17 15:18:51,23294.35,2026-09-22,23700.0,CE,10.15,10.05,10.15,973522,111827,28325,9.87
2026-09-17 15:18:51,23294.35,2026-09-22,23700.0,PE,399.55,400.05,401.4,20616,10952,-1256,12.75
2026-09-17 15:18:51,23294.35,2026-09-22,23750.0,CE,7.5,7.5,7.55,569014,52850,20025,10.1
2026-09-17 15:18:51,23294.35,2026-09-22,23750.0,PE,442.1,447.1,448.9,4225,1678,33,13.04
2026-09-17 15:18:51,23294.35,2026-09-22,23800.0,CE,5.65,5.65,5.7,867919,124062,27273,10.38
2026-09-17 15:18:51,23294.35,2026-09-22,23800.0,PE,493.95,494.8,496.65,9831,7427,-547,14.09
2026-09-17 15:19:51,23294.35,2026-09-22,22800.0,CE,522.35,521.65,523.6,11614,2098,324,
2026-09-17 15:19:51,23294.35,2026-09-22,22800.0,PE,13.35,13.3,13.35,776992,79712,1593,13.62
2026-09-17 15:19:51,23294.35,2026-09-22,22850.0,CE,474.9,473.9,476.8,2393,905,92,
2026-09-17 15:19:51,23294.35,2026-09-22,22850.0,PE,16.6,16.55,16.6,440271,23907,4421,13.36
2026-09-17 15:19:51,23294.35,2026-09-22,22900.0,CE,431.35,428.35,429.7,16222,2019,211,8.23
2026-09-17 15:19:51,23294.35,2026-09-22,22900.0,PE,20.3,20.4,20.45,868451,49735,-5276,13.05
2026-09-17 15:19:51,23294.35,2026-09-22,22950.0,CE,389.15,383.75,384.8,9332,1138,367,10.26
2026-09-17 15:19:51,23294.35,2026-09-22,22950.0,PE,25.2,25.1,25.2,616853,34973,11717,12.76
2026-09-17 15:19:51,23294.35,2026-09-22,23000.0,CE,340.0,340.05,340.95,138454,13980,3052,9.6
2026-09-17 15:19:51,23294.35,2026-09-22,23000.0,PE,31.7,31.6,31.7,1636183,141279,16164,12.57
2026-09-17 15:19:51,23294.35,2026-09-22,23050.0,CE,298.9,297.55,298.25,52693,3201,684,9.76
2026-09-17 15:19:51,23294.35,2026-09-22,23050.0,PE,38.95,38.95,39.0,708716,45072,13565,12.29
2026-09-17 15:19:51,23294.35,2026-09-22,23100.0,CE,257.15,256.95,257.4,309955,14143,-702,9.93
2026-09-17 15:19:51,23294.35,2026-09-22,23100.0,PE,48.4,48.25,48.45,1406378,84689,19380,12.08
2026-09-17 15:19:51,23294.35,2026-09-22,23150.0,CE,218.9,218.45,219.0,332295,9498,-976,9.88
2026-09-17 15:19:51,23294.35,2026-09-22,23150.0,PE,60.2,59.9,60.1,973712,48501,9573,11.87
2026-09-17 15:19:51,23294.35,2026-09-22,23200.0,CE,182.75,182.2,182.6,1562341,58416,-7919,9.92
2026-09-17 15:19:51,23294.35,2026-09-22,23200.0,PE,74.05,74.05,74.2,2803542,143266,28387,11.74
2026-09-17 15:19:51,23294.35,2026-09-22,23250.0,CE,150.0,149.8,150.1,1857944,50344,8793,9.85
2026-09-17 15:19:51,23294.35,2026-09-22,23250.0,PE,90.7,90.55,90.8,2160451,80665,30180,11.63
2026-09-17 15:19:51,23294.35,2026-09-22,23300.0,CE,120.4,120.25,120.45,3234009,115845,48302,9.78
2026-09-17 15:19:51,23294.35,2026-09-22,23300.0,PE,111.15,111.1,111.35,2917301,118162,68952,11.53
2026-09-17 15:19:51,23294.35,2026-09-22,23350.0,CE,94.35,94.3,94.5,1755129,64548,38015,9.74
2026-09-17 15:19:51,23294.35,2026-09-22,23350.0,PE,135.2,134.85,135.0,1001751,25427,13630,11.44
2026-09-17 15:19:51,23294.35,2026-09-22,23400.0,CE,72.0,72.0,72.15,2087723,114975,28222,9.66
2026-09-17 15:19:51,23294.35,2026-09-22,23400.0,PE,162.7,162.75,163.15,841472,46731,730,11.43
2026-09-17 15:19:51,23294.35,2026-09-22,23450.0,CE,53.5,53.55,53.75,1007269,58920,24415,9.59
2026-09-17 15:19:51,23294.35,2026-09-22,23450.0,PE,194.8,194.4,194.8,200814,9396,651,11.52
2026-09-17 15:19:51,23294.35,2026-09-22,23500.0,CE,39.4,39.25,39.4,1964932,129543,13634,9.61
2026-09-17 15:19:51,23294.35,2026-09-22,23500.0,PE,229.95,230.0,230.55,317595,35249,-393,11.6
2026-09-17 15:19:51,23294.35,2026-09-22,23550.0,CE,28.1,28.0,28.1,898374,49286,16906,9.59
2026-09-17 15:19:51,23294.35,2026-09-22,23550.0,PE,267.85,268.9,269.6,50759,3564,1318,11.92
2026-09-17 15:19:51,23294.35,2026-09-22,23600.0,CE,19.95,19.85,19.95,1306427,90220,15020,9.62
2026-09-17 15:19:51,23294.35,2026-09-22,23600.0,PE,310.95,310.7,311.4,66668,11383,-4353,12.29
2026-09-17 15:19:51,23294.35,2026-09-22,23650.0,CE,14.25,14.3,14.35,749636,43410,14436,9.75
2026-09-17 15:19:51,23294.35,2026-09-22,23650.0,PE,351.25,354.55,355.35,9267,3455,546,12.8
2026-09-17 15:19:51,23294.35,2026-09-22,23700.0,CE,10.15,10.05,10.15,973522,111827,28325,9.87
2026-09-17 15:19:51,23294.35,2026-09-22,23700.0,PE,399.55,400.05,401.4,20616,10952,-1256,12.75
2026-09-17 15:19:51,23294.35,2026-09-22,23750.0,CE,7.5,7.5,7.55,569014,52850,20025,10.1
2026-09-17 15:19:51,23294.35,2026-09-22,23750.0,PE,442.1,447.1,448.9,4225,1678,33,13.04
2026-09-17 15:19:51,23294.35,2026-09-22,23800.0,CE,5.65,5.65,5.7,867919,124062,27273,10.38
2026-09-17 15:19:51,23294.35,2026-09-22,23800.0,PE,493.95,494.8,496.65,9831,7427,-547,14.09
2026-09-17 15:20:52,23294.35,2026-09-22,22800.0,CE,530.0,528.95,530.85,11624,2094,320,
2026-09-17 15:20:52,23294.35,2026-09-22,22800.0,PE,13.15,13.1,13.15,778745,79703,1584,13.62
2026-09-17 15:20:52,23294.35,2026-09-22,22850.0,CE,474.9,476.75,478.65,2393,903,90,
2026-09-17 15:20:52,23294.35,2026-09-22,22850.0,PE,16.5,16.45,16.55,440979,23998,4512,13.36
2026-09-17 15:20:52,23294.35,2026-09-22,22900.0,CE,424.55,430.95,432.3,16238,2020,212,8.23
2026-09-17 15:20:52,23294.35,2026-09-22,22900.0,PE,20.3,20.3,20.4,870621,49819,-5192,13.05
2026-09-17 15:20:52,23294.35,2026-09-22,22950.0,CE,389.0,388.65,389.7,9351,1139,368,10.26
2026-09-17 15:20:52,23294.35,2026-09-22,22950.0,PE,24.75,24.75,24.85,617915,34949,11693,12.76
2026-09-17 15:20:52,23294.35,2026-09-22,23000.0,CE,343.0,341.75,342.75,138697,14019,3091,9.6
2026-09-17 15:20:52,23294.35,2026-09-22,23000.0,PE,31.75,31.65,31.75,1641710,142459,17344,12.57
2026-09-17 15:20:52,23294.35,2026-09-22,23050.0,CE,300.0,299.7,300.35,52724,3179,662,9.76
2026-09-17 15:20:52,23294.35,2026-09-22,23050.0,PE,38.9,38.75,38.9,710400,45672,14165,12.29
2026-09-17 15:20:52,23294.35,2026-09-22,23100.0,CE,264.0,264.15,264.8,310372,13901,-944,9.93
2026-09-17 15:20:52,23294.35,2026-09-22,23100.0,PE,47.5,47.7,47.85,1409539,84928,19619,12.08
2026-09-17 15:20:52,23294.35,2026-09-22,23150.0,CE,223.0,223.4,223.6,332691,9254,-1220,9.88
2026-09-17 15:20:52,23294.35,2026-09-22,23150.0,PE,58.55,58.5,58.55,975337,48216,9288,11.87
2026-09-17 15:20:52,23294.35,2026-09-22,23200.0,CE,186.65,187.1,187.3,1565911,57939,-8396,9.92
2026-09-17 15:20:52,23294.35,2026-09-22,23200.0,PE,72.15,71.95,72.2,2809469,141359,26480,11.74
2026-09-17 15:20:52,23294.35,2026-09-22,23250.0,CE,151.4,151.4,151.8,1860783,49033,7482,9.85
2026-09-17 15:20:52,23294.35,2026-09-22,23250.0,PE,90.45,90.5,90.8,2163654,80024,29539,11.63
2026-09-17 15:20:52,23294.35,2026-09-22,23300.0,CE,122.15,122.15,122.2,3240261,113727,46184,9.78
2026-09-17 15:20:52,23294.35,2026-09-22,23300.0,PE,110.4,110.15,110.4,2923475,116707,67497,11.53
2026-09-17 15:20:52,23294.35,2026-09-22,23350.0,CE,95.75,95.5,95.75,1759204,63093,36560,9.74
2026-09-17 15:20:52,23294.35,2026-09-22,23350.0,PE,134.5,134.35,134.55,1004047,25051,13254,11.44
2026-09-17 15:20:52,23294.35,2026-09-22,23400.0,CE,73.35,73.2,73.4,2092789,113671,26918,9.66
2026-09-17 15:20:52,23294.35,2026-09-22,23400.0,PE,162.2,162.1,162.5,843349,45782,-219,11.43
2026-09-17 15:20:52,23294.35,2026-09-22,23450.0,CE,56.25,56.2,56.25,1010058,58618,24113,9.59
2026-09-17 15:20:52,23294.35,2026-09-22,23450.0,PE,188.0,187.3,188.35,201228,9536,791,11.52
2026-09-17 15:20:52,23294.35,2026-09-22,23500.0,CE,40.7,40.7,40.8,1969183,129514,13605,9.61
2026-09-17 15:20:52,23294.35,2026-09-22,23500.0,PE,225.0,224.9,225.7,317907,35157,-485,11.6
2026-09-17 15:20:52,23294.35,2026-09-22,23550.0,CE,29.1,29.05,29.1,900042,48978,16598,9.59
2026-09-17 15:20:52,23294.35,2026-09-22,23550.0,PE,264.9,263.3,263.95,50795,3511,1265,11.92
2026-09-17 15:20:52,23294.35,2026-09-22,23600.0,CE,20.25,20.2,20.3,1309201,90306,15106,9.62
2026-09-17 15:20:52,23294.35,2026-09-22,23600.0,PE,310.0,308.3,309.1,66706,11393,-4343,12.29
2026-09-17 15:20:52,23294.35,2026-09-22,23650.0,CE,14.6,14.6,14.65,751760,41962,12988,9.75
2026-09-17 15:20:52,23294.35,2026-09-22,23650.0,PE,349.65,349.45,350.6,9294,3454,545,12.8
2026-09-17 15:20:52,23294.35,2026-09-22,23700.0,CE,10.1,10.1,10.2,974439,111622,28120,9.87
2026-09-17 15:20:52,23294.35,2026-09-22,23700.0,PE,398.65,398.65,399.75,20628,10950,-1258,12.75
2026-09-17 15:20:52,23294.35,2026-09-22,23750.0,CE,7.5,7.45,7.5,570090,52794,19969,10.1
2026-09-17 15:20:52,23294.35,2026-09-22,23750.0,PE,449.9,444.9,446.6,4227,1676,31,13.04
2026-09-17 15:20:52,23294.35,2026-09-22,23800.0,CE,5.55,5.55,5.6,868878,124171,27382,10.38
2026-09-17 15:20:52,23294.35,2026-09-22,23800.0,PE,498.8,492.7,494.4,9835,7426,-548,14.09
2026-09-17 15:21:52,23294.35,2026-09-22,22800.0,CE,522.4,521.95,523.35,11650,2094,320,
2026-09-17 15:21:52,23294.35,2026-09-22,22800.0,PE,12.8,12.75,12.8,782634,79869,1750,13.82
2026-09-17 15:21:52,23294.35,2026-09-22,22850.0,CE,475.3,474.95,477.0,2395,902,89,
2026-09-17 15:21:52,23294.35,2026-09-22,22850.0,PE,15.8,15.7,15.8,442786,24251,4765,13.55
2026-09-17 15:21:52,23294.35,2026-09-22,22900.0,CE,428.15,428.6,429.95,16297,2020,212,
2026-09-17 15:21:52,23294.35,2026-09-22,22900.0,PE,19.4,19.35,19.45,876174,50268,-4743,13.21
2026-09-17 15:21:52,23294.35,2026-09-22,22950.0,CE,385.25,383.2,384.25,9466,1139,368,9.6
2026-09-17 15:21:52,23294.35,2026-09-22,22950.0,PE,24.1,24.0,24.1,620991,34762,11506,12.93
2026-09-17 15:21:52,23294.35,2026-09-22,23000.0,CE,340.85,339.9,340.85,139315,14086,3158,10.28
2026-09-17 15:21:52,23294.35,2026-09-22,23000.0,PE,30.1,30.15,30.25,1650468,142857,17742,12.71
2026-09-17 15:21:52,23294.35,2026-09-22,23050.0,CE,297.65,297.1,297.85,53109,3156,639,10.33
2026-09-17 15:21:52,23294.35,2026-09-22,23050.0,PE,37.3,37.15,37.25,718280,46381,14874,12.38
2026-09-17 15:21:52,23294.35,2026-09-22,23100.0,CE,256.5,256.0,256.7,311306,13904,-941,10.34
2026-09-17 15:21:52,23294.35,2026-09-22,23100.0,PE,46.55,46.5,46.6,1418722,84699,19390,12.15
2026-09-17 15:21:52,23294.35,2026-09-22,23150.0,CE,218.0,217.45,218.0,334454,9084,-1390,10.29
2026-09-17 15:21:52,23294.35,2026-09-22,23150.0,PE,58.05,57.8,57.95,981147,47951,9023,11.91
2026-09-17 15:21:52,23294.35,2026-09-22,23200.0,CE,181.4,181.4,181.75,1571177,57248,-9087,10.18
2026-09-17 15:21:52,23294.35,2026-09-22,23200.0,PE,71.85,71.8,71.9,2822205,140746,25867,11.69
2026-09-17 15:21:52,23294.35,2026-09-22,23250.0,CE,148.95,148.55,148.85,1867432,48619,7068,10.05
2026-09-17 15:21:52,23294.35,2026-09-22,23250.0,PE,88.75,88.55,88.7,2172851,79543,29058,11.5
2026-09-17 15:21:52,23294.35,2026-09-22,23300.0,CE,119.1,118.85,119.05,3255264,112127,44584,9.92
2026-09-17 15:21:52,23294.35,2026-09-22,23300.0,PE,109.0,108.8,109.05,2934979,116484,67274,11.33
2026-09-17 15:21:52,23294.35,2026-09-22,23350.0,CE,93.25,93.15,93.25,1766991,62298,35765,9.83
2026-09-17 15:21:52,23294.35,2026-09-22,23350.0,PE,132.25,132.2,132.35,1008819,25388,13591,11.16
2026-09-17 15:21:52,23294.35,2026-09-22,23400.0,CE,70.9,70.7,70.9,2104319,113419,26666,9.7
2026-09-17 15:21:52,23294.35,2026-09-22,23400.0,PE,160.25,160.55,160.65,846413,45985,-16,11.17
2026-09-17 15:21:52,23294.35,2026-09-22,23450.0,CE,52.15,52.15,52.3,1016647,58182,23677,9.59
2026-09-17 15:21:52,23294.35,2026-09-22,23450.0,PE,191.85,192.0,192.25,203008,9190,445,11.18
2026-09-17 15:21:52,23294.35,2026-09-22,23500.0,CE,38.1,38.05,38.2,1979896,129653,13744,9.57
2026-09-17 15:21:52,23294.35,2026-09-22,23500.0,PE,228.25,227.25,227.95,319442,34938,-704,11.25
2026-09-17 15:21:52,23294.35,2026-09-22,23550.0,CE,27.0,27.0,27.1,906508,48280,15900,9.51
2026-09-17 15:21:52,23294.35,2026-09-22,23550.0,PE,267.5,266.35,267.0,51265,3473,1227,11.46
2026-09-17 15:21:52,23294.35,2026-09-22,23600.0,CE,18.95,18.95,19.0,1315052,89480,14280,9.56
2026-09-17 15:21:52,23294.35,2026-09-22,23600.0,PE,309.05,307.95,308.7,67262,11432,-4304,11.78
2026-09-17 15:21:52,23294.35,2026-09-22,23650.0,CE,13.45,13.45,13.5,756038,41728,12754,9.65
2026-09-17 15:21:52,23294.35,2026-09-22,23650.0,PE,353.05,352.55,353.6,9442,3520,611,12.36
2026-09-17 15:21:52,23294.35,2026-09-22,23700.0,CE,9.4,9.4,9.45,979676,111170,27668,9.78
2026-09-17 15:21:52,23294.35,2026-09-22,23700.0,PE,402.0,398.55,399.7,20771,10961,-1247,13.11
2026-09-17 15:21:52,23294.35,2026-09-22,23750.0,CE,6.95,6.95,7.0,572175,52795,19970,9.99
2026-09-17 15:21:52,23294.35,2026-09-22,23750.0,PE,449.4,445.3,446.9,4232,1676,31,14.04
2026-09-17 15:21:52,23294.35,2026-09-22,23800.0,CE,5.2,5.2,5.25,872286,124225,27436,10.28
2026-09-17 15:21:52,23294.35,2026-09-22,23800.0,PE,490.6,493.45,494.95,9873,7448,-526,14.97
2026-09-17 15:22:53,23294.35,2026-09-22,22800.0,CE,523.0,520.2,521.95,11671,2092,318,
2026-09-17 15:22:53,23294.35,2026-09-22,22800.0,PE,13.0,12.9,13.0,785371,79869,1750,13.82
2026-09-17 15:22:53,23294.35,2026-09-22,22850.0,CE,476.35,473.05,475.2,2399,902,89,
2026-09-17 15:22:53,23294.35,2026-09-22,22850.0,PE,15.95,16.0,16.1,443429,24251,4765,13.55
2026-09-17 15:22:53,23294.35,2026-09-22,22900.0,CE,429.6,427.05,428.4,16303,2003,195,
2026-09-17 15:22:53,23294.35,2026-09-22,22900.0,PE,19.8,19.75,19.85,877832,50268,-4743,13.21
2026-09-17 15:22:53,23294.35,2026-09-22,22950.0,CE,383.6,382.0,382.95,9474,1108,337,9.6
2026-09-17 15:22:53,23294.35,2026-09-22,22950.0,PE,24.5,24.4,24.45,623318,34762,11506,12.93
2026-09-17 15:22:53,23294.35,2026-09-22,23000.0,CE,339.0,338.4,339.35,139604,14086,3158,10.28
2026-09-17 15:22:53,23294.35,2026-09-22,23000.0,PE,30.75,30.7,30.75,1657293,142857,17742,12.71
2026-09-17 15:22:53,23294.35,2026-09-22,23050.0,CE,296.95,295.85,296.1,53177,3156,639,10.33
2026-09-17 15:22:53,23294.35,2026-09-22,23050.0,PE,37.9,37.85,38.0,720504,46381,14874,12.38
2026-09-17 15:22:53,23294.35,2026-09-22,23100.0,CE,255.55,255.15,255.8,311655,13904,-941,10.34
2026-09-17 15:22:53,23294.35,2026-09-22,23100.0,PE,47.45,47.3,47.45,1422935,84699,19390,12.15
2026-09-17 15:22:53,23294.35,2026-09-22,23150.0,CE,216.9,216.85,217.45,334821,9084,-1390,10.29
2026-09-17 15:22:53,23294.35,2026-09-22,23150.0,PE,58.7,58.65,58.8,983040,47951,9023,11.91
2026-09-17 15:22:53,23294.35,2026-09-22,23200.0,CE,181.1,180.7,181.15,1573196,57248,-9087,10.18
2026-09-17 15:22:53,23294.35,2026-09-22,23200.0,PE,72.9,72.75,72.9,2827792,140746,25867,11.69
2026-09-17 15:22:53,23294.35,2026-09-22,23250.0,CE,147.9,147.5,147.95,1870602,48619,7068,10.05
2026-09-17 15:22:53,23294.35,2026-09-22,23250.0,PE,89.85,89.85,89.95,2177233,79543,29058,11.5
2026-09-17 15:22:53,23294.35,2026-09-22,23300.0,CE,118.65,118.35,118.65,3262026,112127,44584,9.92
2026-09-17 15:22:53,23294.35,2026-09-22,23300.0,PE,110.15,110.15,110.45,2939552,116484,67274,11.33
2026-09-17 15:22:53,23294.35,2026-09-22,23350.0,CE,92.7,92.6,92.85,1770598,62298,35765,9.83
2026-09-17 15:22:53,23294.35,2026-09-22,23350.0,PE,133.85,133.7,134.05,1010062,25388,13591,11.16
2026-09-17 15:22:53,23294.35,2026-09-22,23400.0,CE,70.5,70.3,70.5,2108644,113419,26666,9.7
2026-09-17 15:22:53,23294.35,2026-09-22,23400.0,PE,162.6,162.25,162.55,847587,45985,-16,11.17
2026-09-17 15:22:53,23294.35,2026-09-22,23450.0,CE,52.0,52.0,52.15,1018942,58182,23677,9.59
2026-09-17 15:22:53,23294.35,2026-09-22,23450.0,PE,193.85,193.55,193.9,203414,9190,445,11.18
2026-09-17 15:22:53,23294.35,2026-09-22,23500.0,CE,38.05,38.0,38.1,1986279,129653,13744,9.57
2026-09-17 15:22:53,23294.35,2026-09-22,23500.0,PE,229.6,228.8,229.45,319995,34938,-704,11.25
2026-09-17 15:22:53,23294.35,2026-09-22,23550.0,CE,27.05,26.95,27.05,908865,48280,15900,9.51
2026-09-17 15:22:53,23294.35,2026-09-22,23550.0,PE,267.3,268.05,268.7,51308,3473,1227,11.46
2026-09-17 15:22:53,23294.35,2026-09-22,23600.0,CE,18.95,18.9,19.0,1318056,89480,14280,9.56
2026-09-17 15:22:53,23294.35,2026-09-22,23600.0,PE,309.25,310.4,311.1,67333,11432,-4304,11.78
2026-09-17 15:22:53,23294.35,2026-09-22,23650.0,CE,13.5,13.4,13.5,757820,41728,12754,9.65
2026-09-17 15:22:53,23294.35,2026-09-22,23650.0,PE,351.65,354.5,355.55,9459,3520,611,12.36
2026-09-17 15:22:53,23294.35,2026-09-22,23700.0,CE,9.45,9.45,9.5,982566,111170,27668,9.78
2026-09-17 15:22:53,23294.35,2026-09-22,23700.0,PE,401.15,400.3,401.45,20802,10961,-1247,13.11
2026-09-17 15:22:53,23294.35,2026-09-22,23750.0,CE,7.0,6.95,7.0,573671,52795,19970,9.99
2026-09-17 15:22:53,23294.35,2026-09-22,23750.0,PE,444.55,447.4,448.9,4234,1676,31,14.04
2026-09-17 15:22:53,23294.35,2026-09-22,23800.0,CE,5.2,5.2,5.25,873899,124225,27436,10.28
2026-09-17 15:22:53,23294.35,2026-09-22,23800.0,PE,491.8,495.2,496.75,9880,7448,-526,14.97
2026-09-17 15:23:53,23294.35,2026-09-22,22800.0,CE,520.0,520.0,521.35,11691,2107,333,
2026-09-17 15:23:53,23294.35,2026-09-22,22800.0,PE,13.2,13.15,13.2,787765,79918,1799,13.82
2026-09-17 15:23:53,23294.35,2026-09-22,22850.0,CE,473.45,472.4,474.95,2401,902,89,
2026-09-17 15:23:53,23294.35,2026-09-22,22850.0,PE,16.25,16.2,16.25,444145,24101,4615,13.55
2026-09-17 15:23:53,23294.35,2026-09-22,22900.0,CE,428.3,426.9,428.15,16319,2006,198,
2026-09-17 15:23:53,23294.35,2026-09-22,22900.0,PE,19.95,19.9,20.0,878905,50184,-4827,13.21
2026-09-17 15:23:53,23294.35,2026-09-22,22950.0,CE,381.0,381.85,382.85,9481,1108,337,9.6
2026-09-17 15:23:53,23294.35,2026-09-22,22950.0,PE,24.75,24.7,24.8,624206,33743,10487,12.93
2026-09-17 15:23:53,23294.35,2026-09-22,23000.0,CE,338.25,338.15,339.0,139854,14199,3271,10.28
2026-09-17 15:23:53,23294.35,2026-09-22,23000.0,PE,31.1,31.05,31.1,1659778,140637,15522,12.71
2026-09-17 15:23:53,23294.35,2026-09-22,23050.0,CE,296.7,296.15,296.85,53213,3159,642,10.33
2026-09-17 15:23:53,23294.35,2026-09-22,23050.0,PE,38.15,38.1,38.25,722630,46177,14670,12.38
2026-09-17 15:23:53,23294.35,2026-09-22,23100.0,CE,255.8,255.2,255.9,311802,13912,-933,10.34
2026-09-17 15:23:53,23294.35,2026-09-22,23100.0,PE,47.65,47.7,47.85,1426177,83967,18658,12.15
2026-09-17 15:23:53,23294.35,2026-09-22,23150.0,CE,216.7,216.9,217.4,335101,8833,-1641,10.29
2026-09-17 15:23:53,23294.35,2026-09-22,23150.0,PE,59.25,59.15,59.4,985545,47696,8768,11.91
2026-09-17 15:23:53,23294.35,2026-09-22,23200.0,CE,180.6,180.65,181.1,1574663,56376,-9959,10.18
2026-09-17 15:23:53,23294.35,2026-09-22,23200.0,PE,73.4,73.35,73.5,2832844,139862,24983,11.69
2026-09-17 15:23:53,23294.35,2026-09-22,23250.0,CE,147.95,147.65,148.0,1872684,48018,6467,10.05
2026-09-17 15:23:53,23294.35,2026-09-22,23250.0,PE,90.5,90.45,90.75,2181648,78119,27634,11.5
2026-09-17 15:23:53,23294.35,2026-09-22,23300.0,CE,118.75,118.5,118.8,3267572,110488,42945,9.92
2026-09-17 15:23:53,23294.35,2026-09-22,23300.0,PE,110.8,110.5,110.8,2944698,115447,66237,11.33
2026-09-17 15:23:53,23294.35,2026-09-22,23350.0,CE,92.8,92.75,92.9,1774029,61985,35452,9.83
2026-09-17 15:23:53,23294.35,2026-09-22,23350.0,PE,134.5,134.35,134.7,1011505,25104,13307,11.16
2026-09-17 15:23:53,23294.35,2026-09-22,23400.0,CE,70.8,70.55,70.75,2113189,112777,26024,9.7
2026-09-17 15:23:53,23294.35,2026-09-22,23400.0,PE,163.0,162.2,162.4,848367,45761,-240,11.17
2026-09-17 15:23:53,23294.35,2026-09-22,23450.0,CE,52.3,52.15,52.3,1022344,57126,22621,9.59
2026-09-17 15:23:53,23294.35,2026-09-22,23450.0,PE,194.5,193.9,194.4,203624,9043,298,11.18
2026-09-17 15:23:53,23294.35,2026-09-22,23500.0,CE,38.05,38.05,38.2,1990573,129921,14012,9.57
2026-09-17 15:23:53,23294.35,2026-09-22,23500.0,PE,229.9,229.3,229.9,320196,34961,-681,11.25
2026-09-17 15:23:53,23294.35,2026-09-22,23550.0,CE,27.0,26.9,27.0,910363,47959,15579,9.51
2026-09-17 15:23:53,23294.35,2026-09-22,23550.0,PE,269.2,268.7,269.4,51333,3456,1210,11.46
2026-09-17 15:23:53,23294.35,2026-09-22,23600.0,CE,18.95,18.95,19.0,1320369,89030,13830,9.56
2026-09-17 15:23:53,23294.35,2026-09-22,23600.0,PE,311.1,310.9,311.6,67356,11410,-4326,11.78
2026-09-17 15:23:53,23294.35,2026-09-22,23650.0,CE,13.4,13.45,13.5,759506,41418,12444,9.65
2026-09-17 15:23:53,23294.35,2026-09-22,23650.0,PE,355.05,354.75,355.8,9463,3510,601,12.36
2026-09-17 15:23:53,23294.35,2026-09-22,23700.0,CE,9.45,9.4,9.45,985305,111520,28018,9.78
2026-09-17 15:23:53,23294.35,2026-09-22,23700.0,PE,401.75,400.85,402.0,20848,10987,-1221,13.11
2026-09-17 15:23:53,23294.35,2026-09-22,23750.0,CE,6.95,6.95,7.0,574782,52575,19750,9.99
2026-09-17 15:23:53,23294.35,2026-09-22,23750.0,PE,449.2,447.35,449.15,4235,1675,30,14.04
2026-09-17 15:23:53,23294.35,2026-09-22,23800.0,CE,5.25,5.2,5.25,875511,123799,27010,10.28
2026-09-17 15:23:53,23294.35,2026-09-22,23800.0,PE,495.65,495.7,497.25,9883,7447,-527,14.97
2026-09-17 15:24:53,23294.35,2026-09-22,22800.0,CE,514.95,515.35,516.9,12349,2107,333,
2026-09-17 15:24:53,23294.35,2026-09-22,22800.0,PE,13.45,13.4,13.45,789328,79918,1799,13.82
2026-09-17 15:24:53,23294.35,2026-09-22,22850.0,CE,473.45,469.25,471.1,2401,902,89,
2026-09-17 15:24:53,23294.35,2026-09-22,22850.0,PE,16.6,16.45,16.55,445339,24101,4615,13.55
2026-09-17 15:24:53,23294.35,2026-09-22,22900.0,CE,421.8,423.65,425.1,16330,1996,188,
2026-09-17 15:24:53,23294.35,2026-09-22,22900.0,PE,20.3,20.2,20.3,880232,50184,-4827,13.21
2026-09-17 15:24:53,23294.35,2026-09-22,22950.0,CE,380.25,378.05,379.15,9522,1106,335,9.6
2026-09-17 15:24:53,23294.35,2026-09-22,22950.0,PE,25.3,25.3,25.4,624662,33743,10487,12.93
2026-09-17 15:24:53,23294.35,2026-09-22,23000.0,CE,334.6,335.05,335.9,140160,14199,3271,10.28
2026-09-17 15:24:53,23294.35,2026-09-22,23000.0,PE,31.7,31.7,31.75,1665387,140637,15522,12.71
2026-09-17 15:24:53,23294.35,2026-09-22,23050.0,CE,292.95,293.4,294.0,53254,3147,630,10.33
2026-09-17 15:24:53,23294.35,2026-09-22,23050.0,PE,39.0,38.85,38.95,723806,46177,14670,12.38
2026-09-17 15:24:53,23294.35,2026-09-22,23100.0,CE,252.65,252.15,252.6,312256,13912,-933,10.34
2026-09-17 15:24:53,23294.35,2026-09-22,23100.0,PE,49.05,49.0,49.15,1428043,83967,18658,12.15
2026-09-17 15:24:53,23294.35,2026-09-22,23150.0,CE,213.8,213.85,214.35,335301,8833,-1641,10.29
2026-09-17 15:24:53,23294.35,2026-09-22,23150.0,PE,60.85,60.8,60.95,986534,47696,8768,11.91
2026-09-17 15:24:53,23294.35,2026-09-22,23200.0,CE,178.45,178.45,178.9,1575992,56376,-9959,10.18
2026-09-17 15:24:53,23294.35,2026-09-22,23200.0,PE,75.0,74.8,75.0,2835891,139862,24983,11.69
2026-09-17 15:24:53,23294.35,2026-09-22,23250.0,CE,146.25,145.85,146.2,1875117,48018,6467,10.05
2026-09-17 15:24:53,23294.35,2026-09-22,23250.0,PE,92.4,92.05,92.3,2184508,78119,27634,11.5
2026-09-17 15:24:53,23294.35,2026-09-22,23300.0,CE,116.95,116.55,116.8,3272398,110488,42945,9.92
2026-09-17 15:24:53,23294.35,2026-09-22,23300.0,PE,113.45,113.1,113.35,2947686,115447,66237,11.33
2026-09-17 15:24:53,23294.35,2026-09-22,23350.0,CE,91.5,91.35,91.55,1776286,61985,35452,9.83
2026-09-17 15:24:53,23294.35,2026-09-22,23350.0,PE,137.25,137.0,137.1,1012361,25104,13307,11.16
2026-09-17 15:24:53,23294.35,2026-09-22,23400.0,CE,69.6,69.6,69.75,2116188,112777,26024,9.7
2026-09-17 15:24:53,23294.35,2026-09-22,23400.0,PE,165.45,165.0,165.25,849115,45761,-240,11.17
2026-09-17 15:24:53,23294.35,2026-09-22,23450.0,CE,51.3,51.2,51.4,1024973,57126,22621,9.59
2026-09-17 15:24:53,23294.35,2026-09-22,23450.0,PE,197.95,197.6,198.1,203776,9043,298,11.18
2026-09-17 15:24:53,23294.35,2026-09-22,23500.0,CE,37.55,37.4,37.5,1994116,129921,14012,9.57
2026-09-17 15:24:53,23294.35,2026-09-22,23500.0,PE,234.4,233.4,233.95,320527,34961,-681,11.25
2026-09-17 15:24:53,23294.35,2026-09-22,23550.0,CE,26.55,26.5,26.55,913934,47959,15579,9.51
2026-09-17 15:24:53,23294.35,2026-09-22,23550.0,PE,273.35,272.15,272.8,51378,3456,1210,11.46
2026-09-17 15:24:53,23294.35,2026-09-22,23600.0,CE,18.7,18.75,18.8,1322283,89030,13830,9.56
2026-09-17 15:24:53,23294.35,2026-09-22,23600.0,PE,317.4,314.05,314.8,67442,11410,-4326,11.78
2026-09-17 15:24:53,23294.35,2026-09-22,23650.0,CE,13.35,13.35,13.4,762346,41418,12444,9.65
2026-09-17 15:24:53,23294.35,2026-09-22,23650.0,PE,360.2,359.25,360.2,9467,3510,601,12.36
2026-09-17 15:24:53,23294.35,2026-09-22,23700.0,CE,9.4,9.35,9.45,986463,111520,28018,9.78
2026-09-17 15:24:53,23294.35,2026-09-22,23700.0,PE,405.05,404.7,405.95,20901,10987,-1221,13.11
2026-09-17 15:24:53,23294.35,2026-09-22,23750.0,CE,6.95,6.9,6.95,575867,52575,19750,9.99
2026-09-17 15:24:53,23294.35,2026-09-22,23750.0,PE,449.25,451.25,452.9,4236,1674,29,14.04
2026-09-17 15:24:53,23294.35,2026-09-22,23800.0,CE,5.25,5.2,5.25,876762,123799,27010,10.28
2026-09-17 15:24:53,23294.35,2026-09-22,23800.0,PE,504.9,500.0,501.65,9888,7446,-528,14.97
2026-09-17 15:25:54,23294.35,2026-09-22,22800.0,CE,524.45,524.0,525.05,12379,1757,-17,
2026-09-17 15:25:54,23294.35,2026-09-22,22800.0,PE,12.85,12.8,12.9,791492,79795,1676,13.82
2026-09-17 15:25:54,23294.35,2026-09-22,22850.0,CE,473.45,475.7,479.45,2401,902,89,
2026-09-17 15:25:54,23294.35,2026-09-22,22850.0,PE,15.95,15.95,16.0,446203,24053,4567,13.55
2026-09-17 15:25:54,23294.35,2026-09-22,22900.0,CE,431.0,430.3,431.55,16350,1993,185,
2026-09-17 15:25:54,23294.35,2026-09-22,22900.0,PE,19.55,19.55,19.65,882261,49751,-5260,13.21
2026-09-17 15:25:54,23294.35,2026-09-22,22950.0,CE,384.25,383.7,385.0,9535,1120,349,9.6
2026-09-17 15:25:54,23294.35,2026-09-22,22950.0,PE,24.3,24.25,24.35,625650,33687,10431,12.93
2026-09-17 15:25:54,23294.35,2026-09-22,23000.0,CE,341.0,341.5,342.0,140664,14248,3320,10.28
2026-09-17 15:25:54,23294.35,2026-09-22,23000.0,PE,30.55,30.5,30.6,1667763,140471,15356,12.71
2026-09-17 15:25:54,23294.35,2026-09-22,23050.0,CE,300.15,299.4,300.25,53463,3112,595,10.33
2026-09-17 15:25:54,23294.35,2026-09-22,23050.0,PE,37.65,37.7,37.85,725411,46087,14580,12.38
2026-09-17 15:25:54,23294.35,2026-09-22,23100.0,CE,259.4,258.95,259.6,312849,13752,-1093,10.34
2026-09-17 15:25:54,23294.35,2026-09-22,23100.0,PE,46.9,46.85,47.05,1430626,83131,17822,12.15
2026-09-17 15:25:54,23294.35,2026-09-22,23150.0,CE,219.3,219.35,219.8,335709,8743,-1731,10.29
2026-09-17 15:25:54,23294.35,2026-09-22,23150.0,PE,58.1,58.1,58.3,988482,47597,8669,11.91
2026-09-17 15:25:54,23294.35,2026-09-22,23200.0,CE,183.3,183.15,183.65,1578092,56155,-10180,10.18
2026-09-17 15:25:54,23294.35,2026-09-22,23200.0,PE,72.4,72.4,72.65,2841654,140141,25262,11.69
2026-09-17 15:25:54,23294.35,2026-09-22,23250.0,CE,150.2,150.1,150.5,1878503,47923,6372,10.05
2026-09-17 15:25:54,23294.35,2026-09-22,23250.0,PE,89.25,89.25,89.5,2187810,77317,26832,11.5
2026-09-17 15:25:54,23294.35,2026-09-22,23300.0,CE,121.05,120.55,120.85,3278423,108157,40614,9.92
2026-09-17 15:25:54,23294.35,2026-09-22,23300.0,PE,108.95,108.85,109.15,2952971,115304,66094,11.33
2026-09-17 15:25:54,23294.35,2026-09-22,23350.0,CE,94.65,94.45,94.65,1779306,61498,34965,9.83
2026-09-17 15:25:54,23294.35,2026-09-22,23350.0,PE,132.7,132.65,132.95,1013649,25164,13367,11.16
2026-09-17 15:25:54,23294.35,2026-09-22,23400.0,CE,72.5,72.2,72.4,2120371,112144,25391,9.7
2026-09-17 15:25:54,23294.35,2026-09-22,23400.0,PE,159.55,160.05,160.45,850064,45627,-374,11.17
2026-09-17 15:25:54,23294.35,2026-09-22,23450.0,CE,53.75,53.65,53.8,1027371,57910,23405,9.59
2026-09-17 15:25:54,23294.35,2026-09-22,23450.0,PE,191.3,190.9,191.45,204287,9033,288,11.18
2026-09-17 15:25:54,23294.35,2026-09-22,23500.0,CE,39.25,39.1,39.25,1997454,129532,13623,9.57
2026-09-17 15:25:54,23294.35,2026-09-22,23500.0,PE,226.5,226.35,227.05,321049,34872,-770,11.25
2026-09-17 15:25:54,23294.35,2026-09-22,23550.0,CE,27.6,27.5,27.6,916651,50906,18526,9.51
2026-09-17 15:25:54,23294.35,2026-09-22,23550.0,PE,265.2,265.85,266.65,51421,3457,1211,11.46
2026-09-17 15:25:54,23294.35,2026-09-22,23600.0,CE,19.35,19.35,19.45,1323711,88421,13221,9.56
2026-09-17 15:25:54,23294.35,2026-09-22,23600.0,PE,308.0,307.45,308.25,67496,11367,-4369,11.78
2026-09-17 15:25:54,23294.35,2026-09-22,23650.0,CE,13.65,13.65,13.7,764751,42166,13192,9.65
2026-09-17 15:25:54,23294.35,2026-09-22,23650.0,PE,351.2,351.1,352.1,9485,3510,601,12.36
2026-09-17 15:25:54,23294.35,2026-09-22,23700.0,CE,9.6,9.6,9.65,989653,111421,27919,9.78
2026-09-17 15:25:54,23294.35,2026-09-22,23700.0,PE,399.0,397.2,398.5,20914,11011,-1197,13.11
2026-09-17 15:25:54,23294.35,2026-09-22,23750.0,CE,6.95,6.95,7.0,576944,52532,19707,9.99
2026-09-17 15:25:54,23294.35,2026-09-22,23750.0,PE,450.35,445.05,447.1,4237,1673,28,14.04
2026-09-17 15:25:54,23294.35,2026-09-22,23800.0,CE,5.2,5.15,5.2,880759,123597,26808,10.28
2026-09-17 15:25:54,23294.35,2026-09-22,23800.0,PE,492.0,491.35,493.6,9893,7445,-529,14.97
2026-09-17 15:26:54,23294.35,2026-09-22,22800.0,CE,525.05,525.0,526.3,12380,1756,-18,
2026-09-17 15:26:54,23294.35,2026-09-22,22800.0,PE,12.65,12.6,12.65,791806,80015,1896,13.82
2026-09-17 15:26:54,23294.35,2026-09-22,22850.0,CE,473.45,478.0,479.8,2401,902,89,
2026-09-17 15:26:54,23294.35,2026-09-22,22850.0,PE,15.6,15.55,15.6,446389,24043,4557,13.55
2026-09-17 15:26:54,23294.35,2026-09-22,22900.0,CE,433.1,431.85,433.2,16363,1988,180,
2026-09-17 15:26:54,23294.35,2026-09-22,22900.0,PE,19.15,19.1,19.2,882438,50093,-4918,13.21
2026-09-17 15:26:54,23294.35,2026-09-22,22950.0,CE,387.0,386.35,387.0,9550,1128,357,9.6
2026-09-17 15:26:54,23294.35,2026-09-22,22950.0,PE,23.8,23.8,23.9,625956,33834,10578,12.93
2026-09-17 15:26:54,23294.35,2026-09-22,23000.0,CE,342.9,342.95,344.05,140806,14324,3396,10.28
2026-09-17 15:26:54,23294.35,2026-09-22,23000.0,PE,29.85,29.85,29.95,1670021,141195,16080,12.71
2026-09-17 15:26:54,23294.35,2026-09-22,23050.0,CE,301.35,300.45,301.25,53480,3036,519,10.33
2026-09-17 15:26:54,23294.35,2026-09-22,23050.0,PE,36.95,36.95,37.05,725667,46054,14547,12.38
2026-09-17 15:26:54,23294.35,2026-09-22,23100.0,CE,259.6,259.3,260.0,312903,13467,-1378,10.34
2026-09-17 15:26:54,23294.35,2026-09-22,23100.0,PE,46.25,46.25,46.3,1431145,83168,17859,12.15
2026-09-17 15:26:54,23294.35,2026-09-22,23150.0,CE,220.4,220.65,220.9,335754,8679,-1795,10.29
2026-09-17 15:26:54,23294.35,2026-09-22,23150.0,PE,57.5,57.5,57.6,988820,47656,8728,11.91
2026-09-17 15:26:54,23294.35,2026-09-22,23200.0,CE,184.35,184.35,184.85,1578666,55301,-11034,10.18
2026-09-17 15:26:54,23294.35,2026-09-22,23200.0,PE,71.25,71.1,71.3,2842552,139777,24898,11.69
2026-09-17 15:26:54,23294.35,2026-09-22,23250.0,CE,151.2,150.9,151.2,1878977,47977,6426,10.05
2026-09-17 15:26:54,23294.35,2026-09-22,23250.0,PE,88.0,88.0,88.2,2188697,77343,26858,11.5
2026-09-17 15:26:54,23294.35,2026-09-22,23300.0,CE,121.25,121.0,121.25,3279424,107786,40243,9.92
2026-09-17 15:26:54,23294.35,2026-09-22,23300.0,PE,107.7,107.7,108.0,2954955,114790,65580,11.33
2026-09-17 15:26:54,23294.35,2026-09-22,23350.0,CE,95.25,95.05,95.3,1780061,60605,34072,9.83
2026-09-17 15:26:54,23294.35,2026-09-22,23350.0,PE,131.2,131.0,131.2,1013860,25090,13293,11.16
2026-09-17 15:26:54,23294.35,2026-09-22,23400.0,CE,72.45,72.45,72.65,2121107,111303,24550,9.7
2026-09-17 15:26:54,23294.35,2026-09-22,23400.0,PE,158.5,158.6,159.05,850191,45449,-552,11.17
2026-09-17 15:26:54,23294.35,2026-09-22,23450.0,CE,53.65,53.55,53.7,1027696,57825,23320,9.59
2026-09-17 15:26:54,23294.35,2026-09-22,23450.0,PE,190.35,190.1,190.25,204324,9007,262,11.18
2026-09-17 15:26:54,23294.35,2026-09-22,23500.0,CE,39.1,39.05,39.1,1998207,129519,13610,9.57
2026-09-17 15:26:54,23294.35,2026-09-22,23500.0,PE,224.95,224.9,225.5,321138,34803,-839,11.25
2026-09-17 15:26:54,23294.35,2026-09-22,23550.0,CE,27.5,27.45,27.5,919899,53370,20990,9.51
2026-09-17 15:26:54,23294.35,2026-09-22,23550.0,PE,263.6,263.4,264.15,51443,3467,1221,11.46
2026-09-17 15:26:54,23294.35,2026-09-22,23600.0,CE,19.2,19.25,19.35,1324353,88188,12988,9.56
2026-09-17 15:26:54,23294.35,2026-09-22,23600.0,PE,306.0,305.4,306.0,67518,11414,-4322,11.78
2026-09-17 15:26:54,23294.35,2026-09-22,23650.0,CE,13.6,13.55,13.6,764914,41853,12879,9.65
2026-09-17 15:26:54,23294.35,2026-09-22,23650.0,PE,351.2,349.35,350.35,9485,3520,611,12.36
2026-09-17 15:26:54,23294.35,2026-09-22,23700.0,CE,9.4,9.4,9.45,990085,111535,28033,9.78
2026-09-17 15:26:54,23294.35,2026-09-22,23700.0,PE,399.0,395.15,396.3,20914,11014,-1194,13.11
2026-09-17 15:26:54,23294.35,2026-09-22,23750.0,CE,6.95,6.85,6.95,577198,52452,19627,9.99
2026-09-17 15:26:54,23294.35,2026-09-22,23750.0,PE,450.35,442.15,443.9,4237,1674,29,14.04
2026-09-17 15:26:54,23294.35,2026-09-22,23800.0,CE,5.1,5.1,5.15,881073,123764,26975,10.28
2026-09-17 15:26:54,23294.35,2026-09-22,23800.0,PE,493.7,489.8,491.45,9894,7445,-529,14.97
2026-09-17 15:27:55,23294.35,2026-09-22,22800.0,CE,519.55,521.35,522.95,12459,1719,-55,
2026-09-17 15:27:55,23294.35,2026-09-22,22800.0,PE,12.3,12.2,12.25,796762,79585,1466,13.82
2026-09-17 15:27:55,23294.35,2026-09-22,22850.0,CE,474.45,474.8,476.6,2415,901,88,
2026-09-17 15:27:55,23294.35,2026-09-22,22850.0,PE,15.15,15.15,15.25,449439,24240,4754,13.55
2026-09-17 15:27:55,23294.35,2026-09-22,22900.0,CE,429.15,428.95,430.0,16611,1915,107,
2026-09-17 15:27:55,23294.35,2026-09-22,22900.0,PE,18.95,18.85,18.95,886316,49777,-5234,13.21
2026-09-17 15:27:55,23294.35,2026-09-22,22950.0,CE,381.8,383.75,384.95,9699,1123,352,9.6
2026-09-17 15:27:55,23294.35,2026-09-22,22950.0,PE,23.6,23.5,23.55,628836,32985,9729,12.93
2026-09-17 15:27:55,23294.35,2026-09-22,23000.0,CE,340.35,340.35,341.0,141209,14318,3390,10.28
2026-09-17 15:27:55,23294.35,2026-09-22,23000.0,PE,29.65,29.6,29.7,1681976,140890,15775,12.71
2026-09-17 15:27:55,23294.35,2026-09-22,23050.0,CE,298.45,298.15,298.9,53754,2985,468,10.33
2026-09-17 15:27:55,23294.35,2026-09-22,23050.0,PE,36.95,36.9,37.05,729866,45627,14120,12.38
2026-09-17 15:27:55,23294.35,2026-09-22,23100.0,CE,256.45,256.55,257.35,313808,13527,-1318,10.34
2026-09-17 15:27:55,23294.35,2026-09-22,23100.0,PE,46.7,46.55,46.65,1438319,81991,16682,12.15
2026-09-17 15:27:55,23294.35,2026-09-22,23150.0,CE,218.7,218.0,218.7,336313,8624,-1850,10.29
2026-09-17 15:27:55,23294.35,2026-09-22,23150.0,PE,58.15,58.0,58.1,994398,47136,8208,11.91
2026-09-17 15:27:55,23294.35,2026-09-22,23200.0,CE,182.15,182.6,183.0,1583791,54853,-11482,10.18
2026-09-17 15:27:55,23294.35,2026-09-22,23200.0,PE,71.6,71.6,71.75,2855363,138690,23811,11.69
2026-09-17 15:27:55,23294.35,2026-09-22,23250.0,CE,149.1,148.85,149.3,1885166,48387,6836,10.05
2026-09-17 15:27:55,23294.35,2026-09-22,23250.0,PE,88.9,89.15,89.4,2198634,76827,26342,11.5
2026-09-17 15:27:55,23294.35,2026-09-22,23300.0,CE,120.0,119.85,120.0,3296018,108611,41068,9.92
2026-09-17 15:27:55,23294.35,2026-09-22,23300.0,PE,108.5,108.45,108.75,2970764,114688,65478,11.33
2026-09-17 15:27:55,23294.35,2026-09-22,23350.0,CE,94.0,93.95,94.1,1788473,60746,34213,9.83
2026-09-17 15:27:55,23294.35,2026-09-22,23350.0,PE,132.15,132.15,132.55,1017276,24821,13024,11.16
2026-09-17 15:27:55,23294.35,2026-09-22,23400.0,CE,71.75,71.5,71.75,2131194,110778,24025,9.7
2026-09-17 15:27:55,23294.35,2026-09-22,23400.0,PE,160.4,160.05,160.55,853080,45566,-435,11.17
2026-09-17 15:27:55,23294.35,2026-09-22,23450.0,CE,52.8,52.7,52.9,1032995,56934,22429,9.59
2026-09-17 15:27:55,23294.35,2026-09-22,23450.0,PE,192.0,192.1,192.65,205680,8747,2,11.18
2026-09-17 15:27:55,23294.35,2026-09-22,23500.0,CE,38.6,38.45,38.6,2009857,129494,13585,9.57
2026-09-17 15:27:55,23294.35,2026-09-22,23500.0,PE,227.7,227.4,227.95,322242,34795,-847,11.25
2026-09-17 15:27:55,23294.35,2026-09-22,23550.0,CE,27.2,27.15,27.2,927614,54260,21880,9.51
2026-09-17 15:27:55,23294.35,2026-09-22,23550.0,PE,266.75,265.5,266.25,51774,3371,1125,11.46
2026-09-17 15:27:55,23294.35,2026-09-22,23600.0,CE,19.0,18.95,19.05,1329332,87923,12723,9.56
2026-09-17 15:27:55,23294.35,2026-09-22,23600.0,PE,308.6,307.7,308.45,67910,11418,-4318,11.78
2026-09-17 15:27:55,23294.35,2026-09-22,23650.0,CE,13.5,13.4,13.5,768281,41810,12836,9.65
2026-09-17 15:27:55,23294.35,2026-09-22,23650.0,PE,354.7,351.6,352.5,9600,3494,585,12.36
2026-09-17 15:27:55,23294.35,2026-09-22,23700.0,CE,9.4,9.3,9.4,995016,111123,27621,9.78
2026-09-17 15:27:55,23294.35,2026-09-22,23700.0,PE,398.65,397.55,398.65,21046,10988,-1220,13.11
2026-09-17 15:27:55,23294.35,2026-09-22,23750.0,CE,6.85,6.8,6.85,580232,52329,19504,9.99
2026-09-17 15:27:55,23294.35,2026-09-22,23750.0,PE,446.45,444.7,446.2,4274,1681,36,14.04
2026-09-17 15:27:55,23294.35,2026-09-22,23800.0,CE,5.05,5.05,5.1,888052,124490,27701,10.28
2026-09-17 15:27:55,23294.35,2026-09-22,23800.0,PE,494.0,491.9,493.65,9996,7490,-484,14.97
2026-09-17 15:28:55,23270.6,2026-09-22,22750.0,CE,571.9,567.95,570.75,938,515,105,
2026-09-17 15:28:55,23270.6,2026-09-22,22750.0,PE,10.0,9.95,10.05,401616,27383,12199,14.19
2026-09-17 15:28:55,23270.6,2026-09-22,22800.0,CE,519.7,518.9,520.05,12472,1718,-56,
2026-09-17 15:28:55,23270.6,2026-09-22,22800.0,PE,12.3,12.3,12.35,798748,79422,1303,13.82
2026-09-17 15:28:55,23270.6,2026-09-22,22850.0,CE,474.45,472.0,474.2,2415,901,88,
2026-09-17 15:28:55,23270.6,2026-09-22,22850.0,PE,15.2,15.2,15.3,450670,24421,4935,13.55
2026-09-17 15:28:55,23270.6,2026-09-22,22900.0,CE,427.3,427.3,428.4,16618,1914,106,
2026-09-17 15:28:55,23270.6,2026-09-22,22900.0,PE,18.9,18.85,18.95,887839,49857,-5154,13.21
2026-09-17 15:28:55,23270.6,2026-09-22,22950.0,CE,382.7,381.35,382.45,9700,1123,352,9.6
2026-09-17 15:28:55,23270.6,2026-09-22,22950.0,PE,23.9,23.8,23.9,629971,32858,9602,12.93
2026-09-17 15:28:55,23270.6,2026-09-22,23000.0,CE,339.15,338.0,338.8,141264,14300,3372,10.28
2026-09-17 15:28:55,23270.6,2026-09-22,23000.0,PE,30.05,30.05,30.15,1685860,140414,15299,12.71
2026-09-17 15:28:55,23270.6,2026-09-22,23050.0,CE,296.0,296.15,296.5,53798,2955,438,10.33
2026-09-17 15:28:55,23270.6,2026-09-22,23050.0,PE,37.5,37.4,37.55,732185,44882,13375,12.38
2026-09-17 15:28:55,23270.6,2026-09-22,23100.0,CE,256.3,255.55,256.3,313967,13473,-1372,10.34
2026-09-17 15:28:55,23270.6,2026-09-22,23100.0,PE,46.65,46.65,46.85,1441467,81936,16627,12.15
2026-09-17 15:28:55,23270.6,2026-09-22,23150.0,CE,217.2,217.45,217.8,336596,8695,-1779,10.29
2026-09-17 15:28:55,23270.6,2026-09-22,23150.0,PE,58.25,58.3,58.45,996730,46879,7951,11.91
2026-09-17 15:28:55,23270.6,2026-09-22,23200.0,CE,180.7,180.7,181.2,1584541,54601,-11734,10.18
2026-09-17 15:28:55,23270.6,2026-09-22,23200.0,PE,73.05,72.9,73.0,2859680,138001,23122,11.69
2026-09-17 15:28:55,23270.6,2026-09-22,23250.0,CE,148.6,148.2,148.6,1886638,48391,6840,10.05
2026-09-17 15:28:55,23270.6,2026-09-22,23250.0,PE,89.85,89.55,89.75,2202653,76749,26264,11.5
2026-09-17 15:28:55,23270.6,2026-09-22,23300.0,CE,118.8,118.5,118.8,3301620,109050,41507,9.92
2026-09-17 15:28:55,23270.6,2026-09-22,23300.0,PE,110.05,110.05,110.15,2978318,115572,66362,11.33
2026-09-17 15:28:55,23270.6,2026-09-22,23350.0,CE,92.85,92.85,93.1,1791643,59425,32892,9.83
2026-09-17 15:28:55,23270.6,2026-09-22,23350.0,PE,134.2,134.0,134.35,1018348,24916,13119,11.16
2026-09-17 15:28:55,23270.6,2026-09-22,23400.0,CE,70.7,70.75,70.9,2134502,110004,23251,9.7
2026-09-17 15:28:55,23270.6,2026-09-22,23400.0,PE,162.55,161.95,162.4,853492,45516,-485,11.17
2026-09-17 15:28:55,23270.6,2026-09-22,23450.0,CE,52.5,52.5,52.7,1034544,56460,21955,9.59
2026-09-17 15:28:55,23270.6,2026-09-22,23450.0,PE,193.0,192.85,193.3,205836,8738,-7,11.18
2026-09-17 15:28:55,23270.6,2026-09-22,23500.0,CE,38.45,38.45,38.5,2015202,129546,13637,9.57
2026-09-17 15:28:55,23270.6,2026-09-22,23500.0,PE,228.8,228.65,229.05,322502,34809,-833,11.25
2026-09-17 15:28:55,23270.6,2026-09-22,23550.0,CE,26.9,26.9,27.0,930652,54930,22550,9.51
2026-09-17 15:28:55,23270.6,2026-09-22,23550.0,PE,268.85,268.35,269.0,51852,3363,1117,11.46
2026-09-17 15:28:55,23270.6,2026-09-22,23600.0,CE,18.95,19.0,19.05,1331059,87805,12605,9.56
2026-09-17 15:28:55,23270.6,2026-09-22,23600.0,PE,310.85,309.25,309.95,67956,11425,-4311,11.78
2026-09-17 15:28:55,23270.6,2026-09-22,23650.0,CE,13.45,13.4,13.45,769594,41969,12995,9.65
2026-09-17 15:28:55,23270.6,2026-09-22,23650.0,PE,354.2,354.3,355.3,9607,3501,592,12.36
2026-09-17 15:28:55,23270.6,2026-09-22,23700.0,CE,9.35,9.3,9.35,998393,111297,27795,9.78
2026-09-17 15:28:55,23270.6,2026-09-22,23700.0,PE,399.25,400.25,401.45,21058,10992,-1216,13.11
2026-09-17 15:28:55,23270.6,2026-09-22,23750.0,CE,6.8,6.8,6.9,581143,52276,19451,9.99
2026-09-17 15:28:55,23270.6,2026-09-22,23750.0,PE,446.8,447.45,449.6,4276,1683,38,14.04
2026-09-17 15:29:55,23270.6,2026-09-22,22750.0,CE,571.9,564.25,567.3,938,515,105,
2026-09-17 15:29:55,23270.6,2026-09-22,22750.0,PE,10.15,10.2,10.25,402885,26962,11778,14.19
2026-09-17 15:29:55,23270.6,2026-09-22,22800.0,CE,517.2,515.85,517.5,12479,1708,-66,
2026-09-17 15:29:55,23270.6,2026-09-22,22800.0,PE,12.55,12.45,12.55,800374,79121,1002,13.82
2026-09-17 15:29:55,23270.6,2026-09-22,22850.0,CE,474.45,471.1,473.0,2415,901,88,
2026-09-17 15:29:55,23270.6,2026-09-22,22850.0,PE,15.6,15.45,15.55,451688,24430,4944,13.55
2026-09-17 15:29:55,23270.6,2026-09-22,22900.0,CE,423.8,425.3,426.4,16630,1914,106,
2026-09-17 15:29:55,23270.6,2026-09-22,22900.0,PE,19.2,19.15,19.2,889841,50533,-4478,13.21
2026-09-17 15:29:55,23270.6,2026-09-22,22950.0,CE,380.1,380.25,381.35,9708,1119,348,9.6
2026-09-17 15:29:55,23270.6,2026-09-22,22950.0,PE,24.0,23.95,24.0,630920,32719,9463,12.93
2026-09-17 15:29:55,23270.6,2026-09-22,23000.0,CE,336.65,336.6,337.4,141364,14264,3336,10.28
2026-09-17 15:29:55,23270.6,2026-09-22,23000.0,PE,30.35,30.25,30.35,1690213,140179,15064,12.71
2026-09-17 15:29:55,23270.6,2026-09-22,23050.0,CE,294.55,294.65,295.4,53843,2953,436,10.33
2026-09-17 15:29:55,23270.6,2026-09-22,23050.0,PE,37.7,37.6,37.7,733225,44640,13133,12.38
2026-09-17 15:29:55,23270.6,2026-09-22,23100.0,CE,254.75,254.15,254.8,314483,13470,-1375,10.34
2026-09-17 15:29:55,23270.6,2026-09-22,23100.0,PE,47.35,47.4,47.6,1444153,81740,16431,12.15
2026-09-17 15:29:55,23270.6,2026-09-22,23150.0,CE,215.25,214.7,215.35,336727,8648,-1826,10.29
2026-09-17 15:29:55,23270.6,2026-09-22,23150.0,PE,59.6,59.55,59.75,998530,46764,7836,11.91
2026-09-17 15:29:55,23270.6,2026-09-22,23200.0,CE,178.95,178.55,179.05,1585546,54547,-11788,10.18
2026-09-17 15:29:55,23270.6,2026-09-22,23200.0,PE,74.0,73.85,74.0,2863677,137527,22648,11.69
2026-09-17 15:29:55,23270.6,2026-09-22,23250.0,CE,146.45,145.8,146.2,1888706,48372,6821,10.05
2026-09-17 15:29:55,23270.6,2026-09-22,23250.0,PE,91.7,91.6,91.8,2206927,76584,26099,11.5
2026-09-17 15:29:55,23270.6,2026-09-22,23300.0,CE,118.0,117.8,118.0,3307218,107984,40441,9.92
2026-09-17 15:29:55,23270.6,2026-09-22,23300.0,PE,111.2,111.15,111.45,2983911,113452,64242,11.33
2026-09-17 15:29:55,23270.6,2026-09-22,23350.0,CE,92.7,92.45,92.75,1794383,58960,32427,9.83
2026-09-17 15:29:55,23270.6,2026-09-22,23350.0,PE,135.05,135.05,135.4,1019147,24725,12928,11.16
2026-09-17 15:29:55,23270.6,2026-09-22,23400.0,CE,70.65,70.6,70.8,2138082,109698,22945,9.7
2026-09-17 15:29:55,23270.6,2026-09-22,23400.0,PE,163.25,163.15,163.6,854049,45435,-566,11.17
2026-09-17 15:29:55,23270.6,2026-09-22,23450.0,CE,52.5,52.35,52.5,1038004,56370,21865,9.59
2026-09-17 15:29:55,23270.6,2026-09-22,23450.0,PE,196.55,195.05,195.45,205995,8779,34,11.18
2026-09-17 15:29:55,23270.6,2026-09-22,23500.0,CE,38.0,37.95,38.05,2022128,130696,14787,9.57
2026-09-17 15:29:55,23270.6,2026-09-22,23500.0,PE,230.95,231.7,232.35,322926,34788,-854,11.25
2026-09-17 15:29:55,23270.6,2026-09-22,23550.0,CE,26.55,26.55,26.65,933245,54671,22291,9.51
2026-09-17 15:29:55,23270.6,2026-09-22,23550.0,PE,272.1,271.45,272.0,51863,3367,1121,11.46
2026-09-17 15:29:55,23270.6,2026-09-22,23600.0,CE,19.0,18.95,19.05,1333464,88159,12959,9.56
2026-09-17 15:29:55,23270.6,2026-09-22,23600.0,PE,312.3,313.3,313.45,68018,11394,-4342,11.78
2026-09-17 15:29:55,23270.6,2026-09-22,23650.0,CE,13.5,13.45,13.55,771436,41963,12989,9.65
2026-09-17 15:29:55,23270.6,2026-09-22,23650.0,PE,354.2,355.8,356.9,9607,3501,592,12.36
2026-09-17 15:29:55,23270.6,2026-09-22,23700.0,CE,9.35,9.35,9.4,1000490,111909,28407,9.78
2026-09-17 15:29:55,23270.6,2026-09-22,23700.0,PE,403.65,402.0,403.05,21064,10985,-1223,13.11
2026-09-17 15:29:55,23270.6,2026-09-22,23750.0,CE,6.85,6.85,6.95,582286,52220,19395,9.99
2026-09-17 15:29:55,23270.6,2026-09-22,23750.0,PE,446.8,448.95,450.3,4276,1683,38,14.04
