timestamp,nifty_spot,expiry,strike,option_type,ltp,bid,ask,volume,oi,oi_change,iv
2026-09-15 14:17:37,23211.1,2026-09-15,22700.0,CE,522.6,518.2,521.0,975,471,-191,
2026-09-15 14:17:37,23211.1,2026-09-15,22700.0,PE,0.45,0.45,0.5,830915,97127,19977,18.94
2026-09-15 14:17:37,23211.1,2026-09-15,22750.0,CE,467.1,468.8,471.2,400,150,-149,
2026-09-15 14:17:37,23211.1,2026-09-15,22750.0,PE,0.5,0.5,0.55,617076,50715,11543,17.45
2026-09-15 14:17:37,23211.1,2026-09-15,22800.0,CE,419.25,418.65,420.6,2804,1090,-251,
2026-09-15 14:17:37,23211.1,2026-09-15,22800.0,PE,0.7,0.65,0.7,1303017,145282,46910,16.33
2026-09-15 14:17:37,23211.1,2026-09-15,22850.0,CE,369.7,369.4,370.75,1274,424,-75,
2026-09-15 14:17:37,23211.1,2026-09-15,22850.0,PE,0.95,0.95,1.0,752031,50773,-1081,14.94
2026-09-15 14:17:37,23211.1,2026-09-15,22900.0,CE,320.5,319.65,320.8,7990,1253,-218,
2026-09-15 14:17:37,23211.1,2026-09-15,22900.0,PE,1.3,1.25,1.3,1556027,130275,25856,14.12
2026-09-15 14:17:37,23211.1,2026-09-15,22950.0,CE,270.6,270.15,271.15,5162,1192,225,
2026-09-15 14:17:37,23211.1,2026-09-15,22950.0,PE,1.95,1.95,2.0,1492473,83051,28624,13.0
2026-09-15 14:17:37,23211.1,2026-09-15,23000.0,CE,222.35,222.4,222.8,82323,12228,6251,
2026-09-15 14:17:37,23211.1,2026-09-15,23000.0,PE,3.45,3.4,3.45,3741761,250260,60119,12.04
2026-09-15 14:17:37,23211.1,2026-09-15,23050.0,CE,175.45,174.85,175.05,27944,3946,2016,
2026-09-15 14:17:37,23211.1,2026-09-15,23050.0,PE,5.9,5.9,5.95,2717404,122794,73360,10.86
2026-09-15 14:17:37,23211.1,2026-09-15,23100.0,CE,129.95,129.95,130.25,208547,23528,17977,
2026-09-15 14:17:37,23211.1,2026-09-15,23100.0,PE,11.0,11.0,11.05,5146259,230980,109475,10.23
2026-09-15 14:17:37,23211.1,2026-09-15,23150.0,CE,89.75,89.75,89.95,310563,28713,24588,7.87
2026-09-15 14:17:37,23211.1,2026-09-15,23150.0,PE,20.85,20.85,20.95,6075043,206376,140605,9.85
2026-09-15 14:17:37,23211.1,2026-09-15,23200.0,CE,57.25,57.25,57.4,1629251,143104,125237,8.36
2026-09-15 14:17:37,23211.1,2026-09-15,23200.0,PE,37.9,37.9,38.05,10741114,367016,197200,9.76
2026-09-15 14:17:37,23211.1,2026-09-15,23250.0,CE,32.95,32.95,33.05,3057319,284944,263361,8.46
2026-09-15 14:17:37,23211.1,2026-09-15,23250.0,PE,64.55,64.55,64.75,11404674,264802,141131,9.77
2026-09-15 14:17:37,23211.1,2026-09-15,23300.0,CE,18.25,18.25,18.3,8493000,568442,525718,8.9
2026-09-15 14:17:37,23211.1,2026-09-15,23300.0,PE,99.4,99.4,99.65,15955165,252247,39904,10.12
2026-09-15 14:17:37,23211.1,2026-09-15,23350.0,CE,10.5,10.45,10.5,9251932,495769,463097,9.54
2026-09-15 14:17:37,23211.1,2026-09-15,23350.0,PE,142.1,141.65,142.05,10247804,104571,10966,10.94
2026-09-15 14:17:37,23211.1,2026-09-15,23400.0,CE,6.75,6.75,6.8,11633622,549481,454725,10.44
2026-09-15 14:17:37,23211.1,2026-09-15,23400.0,PE,187.95,187.55,188.0,8980441,91428,-46875,12.39
2026-09-15 14:17:37,23211.1,2026-09-15,23450.0,CE,4.6,4.55,4.6,8152209,322553,260421,11.43
2026-09-15 14:17:37,23211.1,2026-09-15,23450.0,PE,235.5,235.8,236.25,4832922,42615,-11973,13.91
2026-09-15 14:17:37,23211.1,2026-09-15,23500.0,CE,3.4,3.4,3.45,10868851,539275,396199,12.47
2026-09-15 14:17:37,23211.1,2026-09-15,23500.0,PE,284.55,283.9,284.7,4429777,55566,-9751,14.97
2026-09-15 14:17:37,23211.1,2026-09-15,23550.0,CE,2.65,2.65,2.7,5846081,230061,154973,13.45
2026-09-15 14:17:37,23211.1,2026-09-15,23550.0,PE,334.0,332.95,333.9,1225379,13467,-692,16.9
2026-09-15 14:17:37,23211.1,2026-09-15,23600.0,CE,2.15,2.15,2.2,5622139,270485,148902,14.69
2026-09-15 14:17:37,23211.1,2026-09-15,23600.0,PE,384.2,382.75,383.9,960652,17098,-4298,19.03
2026-09-15 14:17:37,23211.1,2026-09-15,23650.0,CE,1.85,1.8,1.85,3755718,167550,91031,15.86
2026-09-15 14:17:37,23211.1,2026-09-15,23650.0,PE,433.45,431.35,432.65,250483,6545,-1598,21.33
2026-09-15 14:17:37,23211.1,2026-09-15,23700.0,CE,1.55,1.5,1.55,3261472,251604,97144,16.95
2026-09-15 14:17:37,23211.1,2026-09-15,23700.0,PE,482.3,481.95,482.9,184136,17653,-5438,23.06
2026-09-15 14:18:37,23207.6,2026-09-15,22700.0,CE,514.65,510.3,513.7,981,474,-188,
2026-09-15 14:18:37,23207.6,2026-09-15,22700.0,PE,0.5,0.45,0.5,837457,94911,17761,18.94
2026-09-15 14:18:37,23207.6,2026-09-15,22750.0,CE,463.5,461.05,463.7,422,155,-144,
2026-09-15 14:18:37,23207.6,2026-09-15,22750.0,PE,0.6,0.55,0.6,627084,48430,9258,17.45
2026-09-15 14:18:37,23207.6,2026-09-15,22800.0,CE,412.35,411.5,413.2,2868,1170,-171,
2026-09-15 14:18:37,23207.6,2026-09-15,22800.0,PE,0.75,0.75,0.8,1318609,144393,46021,16.33
2026-09-15 14:18:37,23207.6,2026-09-15,22850.0,CE,362.8,361.75,362.85,1313,511,12,
2026-09-15 14:18:37,23207.6,2026-09-15,22850.0,PE,1.05,1.05,1.1,760680,51454,-400,14.94
2026-09-15 14:18:37,23207.6,2026-09-15,22900.0,CE,312.85,312.65,313.9,8104,1326,-145,
2026-09-15 14:18:37,23207.6,2026-09-15,22900.0,PE,1.5,1.5,1.55,1613053,125468,21049,14.12
2026-09-15 14:18:37,23207.6,2026-09-15,22950.0,CE,262.9,263.65,264.6,5373,1450,483,
2026-09-15 14:18:37,23207.6,2026-09-15,22950.0,PE,2.35,2.3,2.35,1529025,79611,25184,13.0
2026-09-15 14:18:37,23207.6,2026-09-15,23000.0,CE,215.85,215.5,216.15,84130,13493,7516,
2026-09-15 14:18:37,23207.6,2026-09-15,23000.0,PE,4.0,3.95,4.0,3814385,235769,45628,12.04
2026-09-15 14:18:37,23207.6,2026-09-15,23050.0,CE,168.9,168.8,169.25,29090,4887,2957,
2026-09-15 14:18:37,23207.6,2026-09-15,23050.0,PE,7.05,7.0,7.1,2783319,106535,57101,10.86
2026-09-15 14:18:37,23207.6,2026-09-15,23100.0,CE,124.1,124.05,124.35,215057,28504,22953,
2026-09-15 14:18:37,23207.6,2026-09-15,23100.0,PE,13.1,13.05,13.1,5251804,220896,99391,10.23
2026-09-15 14:18:37,23207.6,2026-09-15,23150.0,CE,85.15,85.05,85.25,323570,36794,32669,7.87
2026-09-15 14:18:37,23207.6,2026-09-15,23150.0,PE,24.25,24.25,24.3,6208269,190482,124711,9.85
2026-09-15 14:18:37,23207.6,2026-09-15,23200.0,CE,54.4,54.4,54.6,1688878,171614,153747,8.36
2026-09-15 14:18:37,23207.6,2026-09-15,23200.0,PE,42.7,42.7,42.85,10944954,329074,159258,9.76
2026-09-15 14:18:37,23207.6,2026-09-15,23250.0,CE,31.75,31.65,31.75,3130305,319037,297454,8.46
2026-09-15 14:18:37,23207.6,2026-09-15,23250.0,PE,70.55,70.55,70.65,11517675,207054,83383,9.77
2026-09-15 14:18:37,23207.6,2026-09-15,23300.0,CE,17.95,17.85,17.95,8580347,561190,518466,8.9
2026-09-15 14:18:37,23207.6,2026-09-15,23300.0,PE,105.95,105.85,106.1,16022074,219269,6926,10.12
2026-09-15 14:18:37,23207.6,2026-09-15,23350.0,CE,10.45,10.45,10.5,9307736,478342,445670,9.54
2026-09-15 14:18:37,23207.6,2026-09-15,23350.0,PE,149.2,148.8,149.2,10267366,92246,-1359,10.94
2026-09-15 14:18:37,23207.6,2026-09-15,23400.0,CE,6.85,6.85,6.9,11695630,526242,431486,10.44
2026-09-15 14:18:37,23207.6,2026-09-15,23400.0,PE,194.6,194.1,194.65,8993478,86041,-52262,12.39
2026-09-15 14:18:37,23207.6,2026-09-15,23450.0,CE,4.7,4.65,4.7,8175672,303285,241153,11.43
2026-09-15 14:18:37,23207.6,2026-09-15,23450.0,PE,243.55,243.5,243.65,4836121,40308,-14280,13.91
2026-09-15 14:18:37,23207.6,2026-09-15,23500.0,CE,3.55,3.5,3.55,10894285,526470,383394,12.47
2026-09-15 14:18:37,23207.6,2026-09-15,23500.0,PE,291.65,291.85,292.75,4435367,51460,-13857,14.97
2026-09-15 14:18:37,23207.6,2026-09-15,23550.0,CE,2.7,2.7,2.75,5871483,225930,150842,13.45
2026-09-15 14:18:37,23207.6,2026-09-15,23550.0,PE,340.4,340.3,341.35,1225890,12996,-1163,16.9
2026-09-15 14:18:37,23207.6,2026-09-15,23600.0,CE,2.2,2.2,2.25,5650381,268510,146927,14.69
2026-09-15 14:18:37,23207.6,2026-09-15,23600.0,PE,389.75,389.8,390.8,961520,16749,-4647,19.03
2026-09-15 14:18:37,23207.6,2026-09-15,23650.0,CE,1.85,1.85,1.9,3785126,167459,90940,15.86
2026-09-15 14:18:37,23207.6,2026-09-15,23650.0,PE,442.05,439.2,440.7,250596,6561,-1582,21.33
2026-09-15 14:18:37,23207.6,2026-09-15,23700.0,CE,1.55,1.55,1.6,3291058,249743,95283,16.95
2026-09-15 14:18:37,23207.6,2026-09-15,23700.0,PE,491.15,489.4,490.9,184321,17648,-5443,23.06
2026-09-15 14:19:37,23206.4,2026-09-15,22700.0,CE,513.2,513.85,515.55,1036,476,-186,
2026-09-15 14:19:37,23206.4,2026-09-15,22700.0,PE,0.5,0.5,0.55,875397,97232,20082,18.94
2026-09-15 14:19:37,23206.4,2026-09-15,22750.0,CE,463.65,463.65,466.4,480,166,-133,
2026-09-15 14:19:37,23206.4,2026-09-15,22750.0,PE,0.6,0.6,0.65,652762,46860,7688,17.45
2026-09-15 14:19:37,23206.4,2026-09-15,22800.0,CE,415.6,413.65,416.05,2952,1169,-172,
2026-09-15 14:19:37,23206.4,2026-09-15,22800.0,PE,0.85,0.85,0.9,1357625,143421,45049,16.33
2026-09-15 14:19:37,23206.4,2026-09-15,22850.0,CE,363.85,362.9,364.9,1429,584,85,
2026-09-15 14:19:37,23206.4,2026-09-15,22850.0,PE,1.25,1.2,1.25,790550,53471,1617,14.94
2026-09-15 14:19:37,23206.4,2026-09-15,22900.0,CE,315.9,314.8,315.85,8536,1447,-24,
2026-09-15 14:19:37,23206.4,2026-09-15,22900.0,PE,1.8,1.75,1.8,1722080,125157,20738,14.12
2026-09-15 14:19:37,23206.4,2026-09-15,22950.0,CE,265.8,266.4,267.3,5683,1506,539,
2026-09-15 14:19:37,23206.4,2026-09-15,22950.0,PE,2.7,2.65,2.7,1612509,85968,31541,13.0
2026-09-15 14:19:37,23206.4,2026-09-15,23000.0,CE,218.95,218.5,219.2,87960,15708,9731,
2026-09-15 14:19:37,23206.4,2026-09-15,23000.0,PE,4.5,4.45,4.5,3984982,239782,49641,12.04
2026-09-15 14:19:37,23206.4,2026-09-15,23050.0,CE,172.0,171.7,172.15,31406,5326,3396,
2026-09-15 14:19:37,23206.4,2026-09-15,23050.0,PE,7.5,7.5,7.55,2938344,109800,60366,10.86
2026-09-15 14:19:37,23206.4,2026-09-15,23100.0,CE,128.1,127.55,127.85,232432,31679,26128,
2026-09-15 14:19:37,23206.4,2026-09-15,23100.0,PE,13.45,13.4,13.45,5509222,230418,108913,10.23
2026-09-15 14:19:37,23206.4,2026-09-15,23150.0,CE,88.4,88.4,88.7,351943,41763,37638,7.87
2026-09-15 14:19:37,23206.4,2026-09-15,23150.0,PE,24.55,24.45,24.55,6485705,187186,121415,9.85
2026-09-15 14:19:37,23206.4,2026-09-15,23200.0,CE,56.9,56.8,56.9,1811381,190775,172908,8.36
2026-09-15 14:19:37,23206.4,2026-09-15,23200.0,PE,42.9,42.8,42.9,11334757,329964,160148,9.76
2026-09-15 14:19:37,23206.4,2026-09-15,23250.0,CE,33.6,33.6,33.65,3276058,333537,311954,8.46
2026-09-15 14:19:37,23206.4,2026-09-15,23250.0,PE,69.65,69.65,69.85,11711700,198785,75114,9.77
2026-09-15 14:19:37,23206.4,2026-09-15,23300.0,CE,19.2,19.2,19.25,8758734,566158,523434,8.9
2026-09-15 14:19:37,23206.4,2026-09-15,23300.0,PE,104.75,104.7,104.9,16148049,212289,-54,10.12
2026-09-15 14:19:37,23206.4,2026-09-15,23350.0,CE,11.25,11.2,11.25,9429356,481320,448648,9.54
2026-09-15 14:19:37,23206.4,2026-09-15,23350.0,PE,147.0,146.95,147.15,10301571,89213,-4392,10.94
2026-09-15 14:19:37,23206.4,2026-09-15,23400.0,CE,7.25,7.2,7.25,11810285,526682,431926,10.44
2026-09-15 14:19:37,23206.4,2026-09-15,23400.0,PE,192.6,192.5,193.05,9013914,84919,-53384,12.39
2026-09-15 14:19:37,23206.4,2026-09-15,23450.0,CE,4.9,4.85,4.9,8245998,301874,239742,11.43
2026-09-15 14:19:37,23206.4,2026-09-15,23450.0,PE,241.0,240.55,241.2,4842661,39541,-15047,13.91
2026-09-15 14:19:37,23206.4,2026-09-15,23500.0,CE,3.65,3.65,3.7,11004187,522327,379251,12.47
2026-09-15 14:19:37,23206.4,2026-09-15,23500.0,PE,288.95,289.05,289.8,4441923,50600,-14717,14.97
2026-09-15 14:19:37,23206.4,2026-09-15,23550.0,CE,2.8,2.75,2.8,5936239,226064,150976,13.45
2026-09-15 14:19:37,23206.4,2026-09-15,23550.0,PE,339.35,338.0,338.95,1226965,12837,-1322,16.9
2026-09-15 14:19:37,23206.4,2026-09-15,23600.0,CE,2.2,2.2,2.25,5729163,266520,144937,14.69
2026-09-15 14:19:37,23206.4,2026-09-15,23600.0,PE,387.35,387.3,387.8,962850,16610,-4786,19.03
2026-09-15 14:19:37,23206.4,2026-09-15,23650.0,CE,1.9,1.85,1.9,3866040,169054,92535,15.86
2026-09-15 14:19:37,23206.4,2026-09-15,23650.0,PE,437.8,438.3,439.7,250928,6590,-1553,21.33
2026-09-15 14:19:37,23206.4,2026-09-15,23700.0,CE,1.6,1.55,1.6,3360903,250663,96203,16.95
2026-09-15 14:19:37,23206.4,2026-09-15,23700.0,PE,489.3,487.05,488.4,184525,17601,-5490,23.06
2026-09-15 14:20:37,23196.65,2026-09-15,22700.0,CE,509.7,502.75,506.2,1060,480,-182,
2026-09-15 14:20:37,23196.65,2026-09-15,22700.0,PE,0.55,0.5,0.55,887058,97232,20082,18.67
2026-09-15 14:20:37,23196.65,2026-09-15,22750.0,CE,459.85,453.7,455.95,505,186,-113,
2026-09-15 14:20:37,23196.65,2026-09-15,22750.0,PE,0.7,0.65,0.7,666399,48481,9309,17.43
2026-09-15 14:20:37,23196.65,2026-09-15,22800.0,CE,406.1,404.75,406.45,3019,1182,-159,
2026-09-15 14:20:37,23196.65,2026-09-15,22800.0,PE,1.0,0.95,1.0,1376376,145744,47372,16.31
2026-09-15 14:20:37,23196.65,2026-09-15,22850.0,CE,360.95,354.9,356.9,1449,584,85,
2026-09-15 14:20:37,23196.65,2026-09-15,22850.0,PE,1.25,1.2,1.25,809404,53571,1717,15.08
2026-09-15 14:20:37,23196.65,2026-09-15,22900.0,CE,305.15,305.6,306.65,8674,1498,27,
2026-09-15 14:20:37,23196.65,2026-09-15,22900.0,PE,1.8,1.75,1.8,1816988,124288,19869,14.1
2026-09-15 14:20:37,23196.65,2026-09-15,22950.0,CE,256.3,257.55,258.5,5851,1531,564,
2026-09-15 14:20:37,23196.65,2026-09-15,22950.0,PE,2.8,2.8,2.85,1646579,86632,32205,13.06
2026-09-15 14:20:37,23196.65,2026-09-15,23000.0,CE,210.6,209.85,210.6,91732,15760,9783,
2026-09-15 14:20:37,23196.65,2026-09-15,23000.0,PE,4.65,4.65,4.7,4063333,238665,48524,12.18
2026-09-15 14:20:37,23196.65,2026-09-15,23050.0,CE,163.2,162.7,163.2,33430,5326,3396,
2026-09-15 14:20:37,23196.65,2026-09-15,23050.0,PE,8.2,8.2,8.25,3011416,109800,60366,11.0
2026-09-15 14:20:37,23196.65,2026-09-15,23100.0,CE,120.4,120.35,120.65,242602,33047,27496,
2026-09-15 14:20:37,23196.65,2026-09-15,23100.0,PE,14.75,14.75,14.85,5641840,226019,104514,10.35
2026-09-15 14:20:37,23196.65,2026-09-15,23150.0,CE,81.3,81.4,81.6,370360,43369,39244,6.96
2026-09-15 14:20:37,23196.65,2026-09-15,23150.0,PE,27.4,27.3,27.4,6620366,190293,124522,9.95
2026-09-15 14:20:37,23196.65,2026-09-15,23200.0,CE,51.75,51.65,51.75,1885234,196556,178689,7.96
2026-09-15 14:20:37,23196.65,2026-09-15,23200.0,PE,46.75,46.75,46.85,11525785,328399,158583,9.91
2026-09-15 14:20:37,23196.65,2026-09-15,23250.0,CE,29.85,29.75,29.85,3370310,334148,312565,8.23
2026-09-15 14:20:37,23196.65,2026-09-15,23250.0,PE,75.55,75.55,75.8,11805796,195790,72119,9.96
2026-09-15 14:20:37,23196.65,2026-09-15,23300.0,CE,17.1,17.1,17.15,8860731,566423,523699,8.73
2026-09-15 14:20:37,23196.65,2026-09-15,23300.0,PE,112.05,111.8,112.1,16207110,210415,-1928,10.39
2026-09-15 14:20:37,23196.65,2026-09-15,23350.0,CE,10.0,10.0,10.05,9499171,480556,447884,9.42
2026-09-15 14:20:37,23196.65,2026-09-15,23350.0,PE,155.0,154.7,155.0,10317784,89213,-4392,11.38
2026-09-15 14:20:37,23196.65,2026-09-15,23400.0,CE,6.45,6.45,6.5,11881779,526682,431926,10.39
2026-09-15 14:20:37,23196.65,2026-09-15,23400.0,PE,201.1,201.15,201.7,9028391,84919,-53384,12.66
2026-09-15 14:20:37,23196.65,2026-09-15,23450.0,CE,4.45,4.45,4.5,8286008,299761,237629,11.32
2026-09-15 14:20:37,23196.65,2026-09-15,23450.0,PE,249.75,248.65,249.4,4845957,39568,-15020,14.58
2026-09-15 14:20:37,23196.65,2026-09-15,23500.0,CE,3.25,3.25,3.3,11067076,522092,379016,12.4
2026-09-15 14:20:37,23196.65,2026-09-15,23500.0,PE,298.8,298.2,298.9,4445810,50390,-14927,16.12
2026-09-15 14:20:37,23196.65,2026-09-15,23550.0,CE,2.6,2.6,2.65,5971601,220356,145268,13.47
2026-09-15 14:20:37,23196.65,2026-09-15,23550.0,PE,346.9,346.8,347.8,1227387,12820,-1339,17.57
2026-09-15 14:20:37,23196.65,2026-09-15,23600.0,CE,2.15,2.1,2.15,5779087,262629,141046,14.71
2026-09-15 14:20:37,23196.65,2026-09-15,23600.0,PE,398.35,397.1,398.1,963566,16508,-4888,19.68
2026-09-15 14:20:37,23196.65,2026-09-15,23650.0,CE,1.75,1.75,1.8,3906066,169056,92537,15.95
2026-09-15 14:20:37,23196.65,2026-09-15,23650.0,PE,447.5,446.5,448.05,251072,6583,-1560,21.95
2026-09-15 14:20:37,23196.65,2026-09-15,23700.0,CE,1.5,1.45,1.5,3400675,251144,96684,17.13
2026-09-15 14:20:37,23196.65,2026-09-15,23700.0,PE,498.05,496.55,498.05,184683,17609,-5482,23.89
2026-09-15 14:21:38,23208.7,2026-09-15,22700.0,CE,513.2,513.25,514.85,1065,483,-179,
2026-09-15 14:21:38,23208.7,2026-09-15,22700.0,PE,0.5,0.5,0.55,903879,97578,20428,18.67
2026-09-15 14:21:38,23208.7,2026-09-15,22750.0,CE,456.1,463.6,466.3,507,195,-104,
2026-09-15 14:21:38,23208.7,2026-09-15,22750.0,PE,0.65,0.6,0.65,671186,48481,9309,17.43
2026-09-15 14:21:38,23208.7,2026-09-15,22800.0,CE,415.0,413.3,415.0,3086,1182,-159,
2026-09-15 14:21:38,23208.7,2026-09-15,22800.0,PE,0.9,0.9,0.95,1393295,145744,47372,16.31
2026-09-15 14:21:38,23208.7,2026-09-15,22850.0,CE,363.7,364.75,366.3,1453,595,96,
2026-09-15 14:21:38,23208.7,2026-09-15,22850.0,PE,1.1,1.1,1.15,821897,53571,1717,15.08
2026-09-15 14:21:38,23208.7,2026-09-15,22900.0,CE,315.6,314.7,315.75,8948,1498,27,
2026-09-15 14:21:38,23208.7,2026-09-15,22900.0,PE,1.5,1.5,1.55,1852617,124288,19869,14.1
2026-09-15 14:21:38,23208.7,2026-09-15,22950.0,CE,265.0,265.6,266.4,6045,1531,564,
2026-09-15 14:21:38,23208.7,2026-09-15,22950.0,PE,2.5,2.5,2.55,1672130,86632,32205,13.06
2026-09-15 14:21:38,23208.7,2026-09-15,23000.0,CE,219.0,218.25,218.95,94204,15760,9783,
2026-09-15 14:21:38,23208.7,2026-09-15,23000.0,PE,4.2,4.2,4.25,4134903,238665,48524,12.18
2026-09-15 14:21:38,23208.7,2026-09-15,23050.0,CE,170.85,171.95,172.35,34691,5590,3660,
2026-09-15 14:21:38,23208.7,2026-09-15,23050.0,PE,7.25,7.25,7.3,3066793,111173,61739,11.0
2026-09-15 14:21:38,23208.7,2026-09-15,23100.0,CE,127.3,127.45,127.75,251588,33047,27496,
2026-09-15 14:21:38,23208.7,2026-09-15,23100.0,PE,13.5,13.4,13.5,5736264,226019,104514,10.35
2026-09-15 14:21:38,23208.7,2026-09-15,23150.0,CE,88.35,88.1,88.35,384313,43369,39244,6.96
2026-09-15 14:21:38,23208.7,2026-09-15,23150.0,PE,24.8,24.8,24.9,6742639,190293,124522,9.95
2026-09-15 14:21:38,23208.7,2026-09-15,23200.0,CE,56.8,56.75,56.9,1943578,196556,178689,7.96
2026-09-15 14:21:38,23208.7,2026-09-15,23200.0,PE,43.15,43.05,43.2,11672143,328399,158583,9.91
2026-09-15 14:21:38,23208.7,2026-09-15,23250.0,CE,34.25,34.05,34.35,3433344,334148,312565,8.23
2026-09-15 14:21:38,23208.7,2026-09-15,23250.0,PE,69.4,69.35,69.7,11870915,195790,72119,9.96
2026-09-15 14:21:38,23208.7,2026-09-15,23300.0,CE,19.15,19.15,19.25,8931562,566423,523699,8.73
2026-09-15 14:21:38,23208.7,2026-09-15,23300.0,PE,105.35,105.3,105.5,16251945,210415,-1928,10.39
2026-09-15 14:21:38,23208.7,2026-09-15,23350.0,CE,11.25,11.2,11.3,9540489,480556,447884,9.42
2026-09-15 14:21:38,23208.7,2026-09-15,23350.0,PE,147.0,147.0,147.25,10329554,88032,-5573,11.38
2026-09-15 14:21:38,23208.7,2026-09-15,23400.0,CE,7.2,7.15,7.2,11920786,524912,430156,10.39
2026-09-15 14:21:38,23208.7,2026-09-15,23400.0,PE,192.0,192.0,192.5,9036576,84042,-54261,12.66
2026-09-15 14:21:38,23208.7,2026-09-15,23450.0,CE,4.8,4.75,4.8,8311386,299761,237629,11.32
2026-09-15 14:21:38,23208.7,2026-09-15,23450.0,PE,240.85,240.65,241.15,4848790,39568,-15020,14.58
2026-09-15 14:21:38,23208.7,2026-09-15,23500.0,CE,3.45,3.45,3.5,11094943,522092,379016,12.4
2026-09-15 14:21:38,23208.7,2026-09-15,23500.0,PE,288.95,288.9,289.55,4449747,50390,-14927,16.12
2026-09-15 14:21:38,23208.7,2026-09-15,23550.0,CE,2.6,2.6,2.65,5991090,220356,145268,13.47
2026-09-15 14:21:38,23208.7,2026-09-15,23550.0,PE,338.6,338.1,339.05,1227809,12820,-1339,17.57
2026-09-15 14:21:38,23208.7,2026-09-15,23600.0,CE,2.15,2.1,2.15,5800157,262629,141046,14.71
2026-09-15 14:21:38,23208.7,2026-09-15,23600.0,PE,388.15,387.8,388.9,964095,16508,-4888,19.68
2026-09-15 14:21:38,23208.7,2026-09-15,23650.0,CE,1.75,1.75,1.8,3923852,169056,92537,15.95
2026-09-15 14:21:38,23208.7,2026-09-15,23650.0,PE,437.85,437.45,438.85,251146,6583,-1560,21.95
2026-09-15 14:21:38,23208.7,2026-09-15,23700.0,CE,1.45,1.45,1.5,3419198,251144,96684,17.13
2026-09-15 14:21:38,23208.7,2026-09-15,23700.0,PE,488.45,487.0,488.25,184843,17609,-5482,23.89
2026-09-15 14:22:38,23208.3,2026-09-15,22700.0,CE,514.9,513.85,516.5,1092,483,-179,
2026-09-15 14:22:38,23208.3,2026-09-15,22700.0,PE,0.5,0.5,0.55,913184,99913,22763,17.8
2026-09-15 14:22:38,23208.3,2026-09-15,22750.0,CE,458.75,462.95,465.9,511,196,-103,
2026-09-15 14:22:38,23208.3,2026-09-15,22750.0,PE,0.5,0.5,0.55,678182,47417,8245,16.61
2026-09-15 14:22:38,23208.3,2026-09-15,22800.0,CE,413.65,414.3,416.5,3113,1169,-172,
2026-09-15 14:22:38,23208.3,2026-09-15,22800.0,PE,0.7,0.7,0.75,1403466,141158,42786,15.92
2026-09-15 14:22:38,23208.3,2026-09-15,22850.0,CE,363.95,363.6,365.3,1471,596,97,
2026-09-15 14:22:38,23208.3,2026-09-15,22850.0,PE,1.0,0.95,1.0,828931,54436,2582,14.73
2026-09-15 14:22:38,23208.3,2026-09-15,22900.0,CE,314.45,315.65,316.65,9113,1603,132,
2026-09-15 14:22:38,23208.3,2026-09-15,22900.0,PE,1.45,1.4,1.45,1883145,124384,19965,13.65
2026-09-15 14:22:38,23208.3,2026-09-15,22950.0,CE,266.7,266.4,267.35,6142,1574,607,
2026-09-15 14:22:38,23208.3,2026-09-15,22950.0,PE,2.45,2.4,2.45,1696348,86280,31853,12.86
2026-09-15 14:22:38,23208.3,2026-09-15,23000.0,CE,218.35,218.35,218.8,95887,15791,9814,
2026-09-15 14:22:38,23208.3,2026-09-15,23000.0,PE,4.3,4.25,4.3,4182209,236922,46781,12.24
2026-09-15 14:22:38,23208.3,2026-09-15,23050.0,CE,170.85,170.85,171.35,35530,5749,3819,
2026-09-15 14:22:38,23208.3,2026-09-15,23050.0,PE,7.45,7.45,7.5,3108875,110921,61487,11.6
2026-09-15 14:22:38,23208.3,2026-09-15,23100.0,CE,127.95,127.55,127.85,257470,35350,29799,8.32
2026-09-15 14:22:38,23208.3,2026-09-15,23100.0,PE,13.6,13.6,13.7,5799464,233827,112322,11.18
2026-09-15 14:22:38,23208.3,2026-09-15,23150.0,CE,88.45,88.45,88.7,397305,46925,42800,8.97
2026-09-15 14:22:38,23208.3,2026-09-15,23150.0,PE,25.05,25.0,25.1,6806362,195304,129533,11.04
2026-09-15 14:22:38,23208.3,2026-09-15,23200.0,CE,57.0,56.85,57.0,1990269,208683,190816,9.19
2026-09-15 14:22:38,23208.3,2026-09-15,23200.0,PE,43.85,43.7,43.8,11760529,322335,152519,11.08
2026-09-15 14:22:38,23208.3,2026-09-15,23250.0,CE,34.05,34.0,34.05,3490333,333752,312169,9.6
2026-09-15 14:22:38,23208.3,2026-09-15,23250.0,PE,70.45,70.4,70.6,11909169,185596,61925,11.38
2026-09-15 14:22:38,23208.3,2026-09-15,23300.0,CE,19.5,19.5,19.55,8989175,559376,516652,10.05
2026-09-15 14:22:38,23208.3,2026-09-15,23300.0,PE,105.0,105.0,105.1,16277195,207434,-4909,12.15
2026-09-15 14:22:38,23208.3,2026-09-15,23350.0,CE,11.3,11.25,11.3,9571033,474848,442176,10.74
2026-09-15 14:22:38,23208.3,2026-09-15,23350.0,PE,147.55,147.25,147.55,10335546,85386,-8219,13.46
2026-09-15 14:22:38,23208.3,2026-09-15,23400.0,CE,7.05,7.05,7.1,11949572,521770,427014,11.77
2026-09-15 14:22:38,23208.3,2026-09-15,23400.0,PE,192.9,193.2,193.75,9040808,83529,-54774,15.2
2026-09-15 14:22:38,23208.3,2026-09-15,23450.0,CE,4.7,4.65,4.7,8332022,293245,231113,12.76
2026-09-15 14:22:38,23208.3,2026-09-15,23450.0,PE,241.55,241.25,241.8,4850186,39406,-15182,16.86
2026-09-15 14:22:38,23208.3,2026-09-15,23500.0,CE,3.35,3.35,3.4,11116145,519744,376668,13.94
2026-09-15 14:22:38,23208.3,2026-09-15,23500.0,PE,289.45,289.45,289.8,4451766,50382,-14935,18.86
2026-09-15 14:22:38,23208.3,2026-09-15,23550.0,CE,2.6,2.55,2.6,6006866,221631,146543,15.06
2026-09-15 14:22:38,23208.3,2026-09-15,23550.0,PE,338.95,338.9,338.95,1228004,12681,-1478,21.07
2026-09-15 14:22:38,23208.3,2026-09-15,23600.0,CE,2.1,2.05,2.1,5818739,262868,141285,16.27
2026-09-15 14:22:38,23208.3,2026-09-15,23600.0,PE,388.65,387.75,388.75,964343,16486,-4910,22.41
2026-09-15 14:22:38,23208.3,2026-09-15,23650.0,CE,1.75,1.75,1.8,3940188,169970,93451,17.58
2026-09-15 14:22:38,23208.3,2026-09-15,23650.0,PE,437.35,437.0,438.3,251181,6563,-1580,25.7
2026-09-15 14:22:38,23208.3,2026-09-15,23700.0,CE,1.4,1.4,1.45,3434616,252278,97818,18.74
2026-09-15 14:22:38,23208.3,2026-09-15,23700.0,PE,488.0,487.7,489.15,184896,17588,-5503,27.35
2026-09-15 14:23:39,23216.95,2026-09-15,22700.0,CE,519.0,519.3,522.75,1093,479,-183,
2026-09-15 14:23:39,23216.95,2026-09-15,22700.0,PE,0.5,0.5,0.55,918887,101935,24785,17.8
2026-09-15 14:23:39,23216.95,2026-09-15,22750.0,CE,466.4,469.85,472.7,512,200,-99,
2026-09-15 14:23:39,23216.95,2026-09-15,22750.0,PE,0.55,0.5,0.55,679418,46950,7778,16.61
2026-09-15 14:23:39,23216.95,2026-09-15,22800.0,CE,420.35,419.8,421.9,3144,1160,-181,
2026-09-15 14:23:39,23216.95,2026-09-15,22800.0,PE,0.75,0.7,0.75,1409042,140643,42271,15.92
2026-09-15 14:23:39,23216.95,2026-09-15,22850.0,CE,369.0,370.25,371.6,1482,603,104,
2026-09-15 14:23:39,23216.95,2026-09-15,22850.0,PE,0.95,0.9,0.95,838227,54257,2403,14.73
2026-09-15 14:23:39,23216.95,2026-09-15,22900.0,CE,321.4,321.7,322.6,9367,1570,99,
2026-09-15 14:23:39,23216.95,2026-09-15,22900.0,PE,1.3,1.3,1.35,1907545,127584,23165,13.65
2026-09-15 14:23:39,23216.95,2026-09-15,22950.0,CE,272.9,271.8,272.65,6324,1545,578,
2026-09-15 14:23:39,23216.95,2026-09-15,22950.0,PE,2.15,2.15,2.2,1738192,81201,26774,12.86
2026-09-15 14:23:39,23216.95,2026-09-15,23000.0,CE,224.0,223.9,224.6,98138,16030,10053,
2026-09-15 14:23:39,23216.95,2026-09-15,23000.0,PE,3.7,3.65,3.7,4230392,240060,49919,12.24
2026-09-15 14:23:39,23216.95,2026-09-15,23050.0,CE,177.05,176.55,177.0,36941,5638,3708,
2026-09-15 14:23:39,23216.95,2026-09-15,23050.0,PE,6.4,6.4,6.45,3159226,108602,59168,11.6
2026-09-15 14:23:39,23216.95,2026-09-15,23100.0,CE,132.1,132.2,132.55,266765,35594,30043,8.32
2026-09-15 14:23:39,23216.95,2026-09-15,23100.0,PE,12.0,12.0,12.1,5877731,243017,121512,11.18
2026-09-15 14:23:39,23216.95,2026-09-15,23150.0,CE,92.7,92.5,92.65,414840,49237,45112,8.97
2026-09-15 14:23:39,23216.95,2026-09-15,23150.0,PE,22.6,22.5,22.55,6905385,203419,137648,11.04
2026-09-15 14:23:39,23216.95,2026-09-15,23200.0,CE,59.7,59.75,59.9,2053138,214443,196576,9.19
2026-09-15 14:23:39,23216.95,2026-09-15,23200.0,PE,40.0,39.9,40.0,11890628,335716,165900,11.08
2026-09-15 14:23:39,23216.95,2026-09-15,23250.0,CE,36.0,35.85,35.95,3559031,332801,311218,9.6
2026-09-15 14:23:39,23216.95,2026-09-15,23250.0,PE,65.2,65.2,65.4,11964547,185320,61649,11.38
2026-09-15 14:23:39,23216.95,2026-09-15,23300.0,CE,20.4,20.35,20.4,9063441,558688,515964,10.05
2026-09-15 14:23:39,23216.95,2026-09-15,23300.0,PE,100.05,99.9,100.1,16313792,195004,-17339,12.15
2026-09-15 14:23:39,23216.95,2026-09-15,23350.0,CE,11.7,11.6,11.7,9609041,476453,443781,10.74
2026-09-15 14:23:39,23216.95,2026-09-15,23350.0,PE,141.35,141.25,141.65,10347025,83913,-9692,13.46
2026-09-15 14:23:39,23216.95,2026-09-15,23400.0,CE,7.25,7.2,7.25,11987773,520300,425544,11.77
2026-09-15 14:23:39,23216.95,2026-09-15,23400.0,PE,187.15,186.65,187.05,9048103,83157,-55146,15.2
2026-09-15 14:23:39,23216.95,2026-09-15,23450.0,CE,4.7,4.7,4.75,8356691,293725,231593,12.76
2026-09-15 14:23:39,23216.95,2026-09-15,23450.0,PE,235.25,234.45,235.15,4852219,39727,-14861,16.86
2026-09-15 14:23:39,23216.95,2026-09-15,23500.0,CE,3.4,3.4,3.45,11141872,521970,378894,13.94
2026-09-15 14:23:39,23216.95,2026-09-15,23500.0,PE,283.35,282.75,283.45,4453520,49940,-15377,18.86
2026-09-15 14:23:39,23216.95,2026-09-15,23550.0,CE,2.55,2.5,2.55,6023337,222998,147910,15.06
2026-09-15 14:23:39,23216.95,2026-09-15,23550.0,PE,331.85,332.0,332.85,1228440,12501,-1658,21.07
2026-09-15 14:23:39,23216.95,2026-09-15,23600.0,CE,2.0,2.0,2.05,5832945,261325,139742,16.27
2026-09-15 14:23:39,23216.95,2026-09-15,23600.0,PE,381.6,380.45,381.65,964851,16420,-4976,22.41
2026-09-15 14:23:39,23216.95,2026-09-15,23650.0,CE,1.7,1.7,1.75,3952536,173092,96573,17.58
2026-09-15 14:23:39,23216.95,2026-09-15,23650.0,PE,430.35,430.9,432.3,251240,6551,-1592,25.7
2026-09-15 14:23:39,23216.95,2026-09-15,23700.0,CE,1.4,1.35,1.4,3449428,253403,98943,18.74
2026-09-15 14:23:39,23216.95,2026-09-15,23700.0,PE,482.2,481.0,482.35,185151,17567,-5524,27.35
2026-09-15 14:24:39,23217.85,2026-09-15,22700.0,CE,519.0,516.15,518.3,1093,479,-183,
2026-09-15 14:24:39,23217.85,2026-09-15,22700.0,PE,0.55,0.5,0.55,921683,101935,24785,17.82
2026-09-15 14:24:39,23217.85,2026-09-15,22750.0,CE,470.2,465.5,467.9,513,200,-99,
2026-09-15 14:24:39,23217.85,2026-09-15,22750.0,PE,0.55,0.5,0.55,684998,46950,7778,16.78
2026-09-15 14:24:39,23217.85,2026-09-15,22800.0,CE,419.65,416.0,417.75,3149,1160,-181,
2026-09-15 14:24:39,23217.85,2026-09-15,22800.0,PE,0.8,0.75,0.8,1416779,140643,42271,15.94
2026-09-15 14:24:39,23217.85,2026-09-15,22850.0,CE,369.35,366.35,367.7,1492,603,104,
2026-09-15 14:24:39,23217.85,2026-09-15,22850.0,PE,1.0,0.95,1.0,842707,54257,2403,14.75
2026-09-15 14:24:39,23217.85,2026-09-15,22900.0,CE,318.2,317.45,318.4,9428,1570,99,
2026-09-15 14:24:39,23217.85,2026-09-15,22900.0,PE,1.4,1.4,1.45,1914930,127584,23165,13.67
2026-09-15 14:24:39,23217.85,2026-09-15,22950.0,CE,268.9,268.15,268.95,6421,1545,578,
2026-09-15 14:24:39,23217.85,2026-09-15,22950.0,PE,2.4,2.35,2.4,1751532,81201,26774,12.88
2026-09-15 14:24:39,23217.85,2026-09-15,23000.0,CE,221.0,220.5,221.25,99055,16030,10053,
2026-09-15 14:24:39,23217.85,2026-09-15,23000.0,PE,4.05,4.05,4.1,4259392,240060,49919,12.26
2026-09-15 14:24:39,23217.85,2026-09-15,23050.0,CE,173.75,173.45,173.65,37432,5638,3708,
2026-09-15 14:24:39,23217.85,2026-09-15,23050.0,PE,7.15,7.1,7.15,3187813,108602,59168,11.6
2026-09-15 14:24:39,23217.85,2026-09-15,23100.0,CE,129.5,129.2,129.5,270564,35594,30043,8.13
2026-09-15 14:24:39,23217.85,2026-09-15,23100.0,PE,13.0,13.0,13.1,5919224,243017,121512,11.21
2026-09-15 14:24:39,23217.85,2026-09-15,23150.0,CE,89.85,90.05,90.3,423872,49237,45112,8.87
2026-09-15 14:24:39,23217.85,2026-09-15,23150.0,PE,24.05,24.0,24.1,6946162,203419,137648,11.08
2026-09-15 14:24:39,23217.85,2026-09-15,23200.0,CE,58.05,58.05,58.25,2084637,214443,196576,9.13
2026-09-15 14:24:39,23217.85,2026-09-15,23200.0,PE,41.9,41.9,41.95,11951406,335716,165900,11.13
2026-09-15 14:24:39,23217.85,2026-09-15,23250.0,CE,34.65,34.65,34.7,3595984,332801,311218,9.52
2026-09-15 14:24:39,23217.85,2026-09-15,23250.0,PE,68.45,68.3,68.45,11990514,185320,61649,11.52
2026-09-15 14:24:39,23217.85,2026-09-15,23300.0,CE,19.8,19.7,19.8,9106245,558688,515964,10.02
2026-09-15 14:24:39,23217.85,2026-09-15,23300.0,PE,103.65,103.5,103.65,16329952,195004,-17339,12.23
2026-09-15 14:24:39,23217.85,2026-09-15,23350.0,CE,11.4,11.35,11.45,9633217,476453,443781,10.72
2026-09-15 14:24:39,23217.85,2026-09-15,23350.0,PE,144.9,144.85,145.0,10351539,83913,-9692,13.57
2026-09-15 14:24:39,23217.85,2026-09-15,23400.0,CE,7.15,7.1,7.15,12011397,520300,425544,11.75
2026-09-15 14:24:39,23217.85,2026-09-15,23400.0,PE,190.25,190.45,190.85,9050492,83157,-55146,15.26
2026-09-15 14:24:39,23217.85,2026-09-15,23450.0,CE,4.8,4.75,4.8,8369013,293725,231593,12.74
2026-09-15 14:24:39,23217.85,2026-09-15,23450.0,PE,238.4,238.5,238.95,4852938,39727,-14861,17.03
2026-09-15 14:24:39,23217.85,2026-09-15,23500.0,CE,3.4,3.4,3.45,11158720,521970,378894,13.92
2026-09-15 14:24:39,23217.85,2026-09-15,23500.0,PE,286.7,286.5,287.15,4455886,49940,-15377,19.06
2026-09-15 14:24:39,23217.85,2026-09-15,23550.0,CE,2.55,2.55,2.6,6036372,222998,147910,15.04
2026-09-15 14:24:39,23217.85,2026-09-15,23550.0,PE,336.6,335.8,336.9,1228569,12501,-1658,21.28
2026-09-15 14:24:39,23217.85,2026-09-15,23600.0,CE,2.05,2.05,2.1,5844918,261325,139742,16.26
2026-09-15 14:24:39,23217.85,2026-09-15,23600.0,PE,386.25,385.0,385.9,965099,16420,-4976,23.22
2026-09-15 14:24:39,23217.85,2026-09-15,23650.0,CE,1.75,1.75,1.8,3961748,173092,96573,17.56
2026-09-15 14:24:39,23217.85,2026-09-15,23650.0,PE,433.3,434.8,436.25,251252,6551,-1592,25.94
2026-09-15 14:24:39,23217.85,2026-09-15,23700.0,CE,1.4,1.35,1.4,3459505,253403,98943,18.72
2026-09-15 14:24:39,23217.85,2026-09-15,23700.0,PE,486.1,485.1,486.3,185255,17567,-5524,27.61
2026-09-15 14:25:39,23208.75,2026-09-15,22700.0,CE,519.0,513.0,515.2,1093,479,-183,
2026-09-15 14:25:39,23208.75,2026-09-15,22700.0,PE,0.55,0.5,0.55,922579,103224,26074,17.8
2026-09-15 14:25:39,23208.75,2026-09-15,22750.0,CE,470.2,462.8,465.2,513,200,-99,
2026-09-15 14:25:39,23208.75,2026-09-15,22750.0,PE,0.55,0.5,0.55,689828,46534,7362,16.61
2026-09-15 14:25:39,23208.75,2026-09-15,22800.0,CE,413.95,413.9,415.45,3947,1151,-190,
2026-09-15 14:25:39,23208.75,2026-09-15,22800.0,PE,0.8,0.75,0.8,1418977,143764,45392,15.92
2026-09-15 14:25:39,23208.75,2026-09-15,22850.0,CE,365.0,363.85,365.15,1510,605,106,
2026-09-15 14:25:39,23208.75,2026-09-15,22850.0,PE,1.05,1.0,1.05,847174,54564,2710,14.73
2026-09-15 14:25:39,23208.75,2026-09-15,22900.0,CE,316.05,315.0,315.95,9458,1568,97,
2026-09-15 14:25:39,23208.75,2026-09-15,22900.0,PE,1.5,1.5,1.55,1926662,128171,23752,13.65
2026-09-15 14:25:39,23208.75,2026-09-15,22950.0,CE,266.4,265.7,266.45,6453,1534,567,
2026-09-15 14:25:39,23208.75,2026-09-15,22950.0,PE,2.45,2.45,2.5,1768311,82282,27855,12.86
2026-09-15 14:25:39,23208.75,2026-09-15,23000.0,CE,218.15,218.0,218.7,99818,16111,10134,
2026-09-15 14:25:39,23208.75,2026-09-15,23000.0,PE,4.25,4.25,4.3,4277091,243309,53168,12.24
2026-09-15 14:25:39,23208.75,2026-09-15,23050.0,CE,171.6,171.1,171.6,37761,5686,3756,
2026-09-15 14:25:39,23208.75,2026-09-15,23050.0,PE,7.5,7.45,7.5,3204097,108954,59520,11.6
2026-09-15 14:25:39,23208.75,2026-09-15,23100.0,CE,127.7,127.45,127.7,273823,34737,29186,8.32
2026-09-15 14:25:39,23208.75,2026-09-15,23100.0,PE,13.75,13.65,13.7,5949897,247616,126111,11.18
2026-09-15 14:25:39,23208.75,2026-09-15,23150.0,CE,88.5,88.5,88.7,429580,48742,44617,8.97
2026-09-15 14:25:39,23208.75,2026-09-15,23150.0,PE,24.95,24.95,25.05,6982033,205374,139603,11.04
2026-09-15 14:25:39,23208.75,2026-09-15,23200.0,CE,56.95,56.85,57.0,2112782,214930,197063,9.19
2026-09-15 14:25:39,23208.75,2026-09-15,23200.0,PE,43.45,43.35,43.45,12001864,335780,165964,11.08
2026-09-15 14:25:39,23208.75,2026-09-15,23250.0,CE,33.6,33.5,33.65,3627480,331551,309968,9.6
2026-09-15 14:25:39,23208.75,2026-09-15,23250.0,PE,70.25,70.1,70.25,12016338,186466,62795,11.38
2026-09-15 14:25:39,23208.75,2026-09-15,23300.0,CE,19.15,19.05,19.15,9143965,561461,518737,10.05
2026-09-15 14:25:39,23208.75,2026-09-15,23300.0,PE,105.5,105.3,105.45,16344155,194291,-18052,12.15
2026-09-15 14:25:39,23208.75,2026-09-15,23350.0,CE,10.85,10.85,10.95,9656973,478595,445923,10.74
2026-09-15 14:25:39,23208.75,2026-09-15,23350.0,PE,147.1,147.0,147.3,10354715,83449,-10156,13.46
2026-09-15 14:25:39,23208.75,2026-09-15,23400.0,CE,6.75,6.7,6.75,12033364,520590,425834,11.77
2026-09-15 14:25:39,23208.75,2026-09-15,23400.0,PE,192.85,192.55,192.9,9053240,82963,-55340,15.2
2026-09-15 14:25:39,23208.75,2026-09-15,23450.0,CE,4.4,4.4,4.45,8382774,295992,233860,12.76
2026-09-15 14:25:39,23208.75,2026-09-15,23450.0,PE,241.05,240.6,241.25,4854160,39679,-14909,16.86
2026-09-15 14:25:39,23208.75,2026-09-15,23500.0,CE,3.2,3.15,3.2,11174626,522526,379450,13.94
2026-09-15 14:25:39,23208.75,2026-09-15,23500.0,PE,289.2,288.75,289.55,4457822,49905,-15412,18.86
2026-09-15 14:25:39,23208.75,2026-09-15,23550.0,CE,2.35,2.35,2.4,6049441,223340,148252,15.06
2026-09-15 14:25:39,23208.75,2026-09-15,23550.0,PE,339.15,338.15,339.1,1228670,12431,-1728,21.07
2026-09-15 14:25:39,23208.75,2026-09-15,23600.0,CE,1.95,1.9,1.95,5854099,260027,138444,16.27
2026-09-15 14:25:39,23208.75,2026-09-15,23600.0,PE,388.85,387.6,388.6,965340,16408,-4988,22.41
2026-09-15 14:25:39,23208.75,2026-09-15,23650.0,CE,1.6,1.6,1.65,3972356,175211,98692,17.58
2026-09-15 14:25:39,23208.75,2026-09-15,23650.0,PE,439.3,437.25,438.9,251271,6543,-1600,25.7
2026-09-15 14:25:39,23208.75,2026-09-15,23700.0,CE,1.3,1.25,1.3,3465818,253049,98589,18.74
2026-09-15 14:25:39,23208.75,2026-09-15,23700.0,PE,489.0,487.45,488.8,185303,17532,-5559,27.35
2026-09-15 14:26:40,23206.35,2026-09-15,22700.0,CE,519.0,513.0,515.2,1093,479,-183,
2026-09-15 14:26:40,23206.35,2026-09-15,22700.0,PE,0.55,0.5,0.55,922579,103224,26074,17.8
2026-09-15 14:26:40,23206.35,2026-09-15,22750.0,CE,470.2,462.8,465.2,513,200,-99,
2026-09-15 14:26:40,23206.35,2026-09-15,22750.0,PE,0.55,0.5,0.55,689828,46534,7362,16.61
2026-09-15 14:26:40,23206.35,2026-09-15,22800.0,CE,413.95,413.9,415.45,3947,1151,-190,
2026-09-15 14:26:40,23206.35,2026-09-15,22800.0,PE,0.8,0.75,0.8,1418977,143764,45392,15.92
2026-09-15 14:26:40,23206.35,2026-09-15,22850.0,CE,365.0,363.85,365.15,1510,605,106,
2026-09-15 14:26:40,23206.35,2026-09-15,22850.0,PE,1.05,1.0,1.05,847174,54564,2710,14.73
2026-09-15 14:26:40,23206.35,2026-09-15,22900.0,CE,316.05,315.0,315.95,9458,1568,97,
2026-09-15 14:26:40,23206.35,2026-09-15,22900.0,PE,1.5,1.5,1.55,1926662,128171,23752,13.65
2026-09-15 14:26:40,23206.35,2026-09-15,22950.0,CE,266.4,265.7,266.45,6453,1534,567,
2026-09-15 14:26:40,23206.35,2026-09-15,22950.0,PE,2.45,2.45,2.5,1768311,82282,27855,12.86
2026-09-15 14:26:40,23206.35,2026-09-15,23000.0,CE,218.15,218.0,218.7,99818,16111,10134,
2026-09-15 14:26:40,23206.35,2026-09-15,23000.0,PE,4.25,4.25,4.3,4277091,243309,53168,12.24
2026-09-15 14:26:40,23206.35,2026-09-15,23050.0,CE,171.6,171.1,171.6,37761,5686,3756,
2026-09-15 14:26:40,23206.35,2026-09-15,23050.0,PE,7.5,7.45,7.5,3204097,108954,59520,11.6
2026-09-15 14:26:40,23206.35,2026-09-15,23100.0,CE,127.7,127.45,127.7,273823,34737,29186,8.32
2026-09-15 14:26:40,23206.35,2026-09-15,23100.0,PE,13.75,13.65,13.7,5949897,247616,126111,11.18
2026-09-15 14:26:40,23206.35,2026-09-15,23150.0,CE,88.5,88.5,88.7,429580,48742,44617,8.97
2026-09-15 14:26:40,23206.35,2026-09-15,23150.0,PE,24.95,24.95,25.05,6982033,205374,139603,11.04
2026-09-15 14:26:40,23206.35,2026-09-15,23200.0,CE,56.95,56.85,57.0,2112782,214930,197063,9.19
2026-09-15 14:26:40,23206.35,2026-09-15,23200.0,PE,43.45,43.35,43.45,12001864,335780,165964,11.08
2026-09-15 14:26:40,23206.35,2026-09-15,23250.0,CE,33.6,33.5,33.65,3627480,331551,309968,9.6
2026-09-15 14:26:40,23206.35,2026-09-15,23250.0,PE,70.25,70.1,70.25,12016338,186466,62795,11.38
2026-09-15 14:26:40,23206.35,2026-09-15,23300.0,CE,19.15,19.05,19.15,9143965,561461,518737,10.05
2026-09-15 14:26:40,23206.35,2026-09-15,23300.0,PE,105.5,105.3,105.45,16344155,194291,-18052,12.15
2026-09-15 14:26:40,23206.35,2026-09-15,23350.0,CE,10.85,10.85,10.95,9656973,478595,445923,10.74
2026-09-15 14:26:40,23206.35,2026-09-15,23350.0,PE,147.1,147.0,147.3,10354715,83449,-10156,13.46
2026-09-15 14:26:40,23206.35,2026-09-15,23400.0,CE,6.75,6.7,6.75,12033364,520590,425834,11.77
2026-09-15 14:26:40,23206.35,2026-09-15,23400.0,PE,192.85,192.55,192.9,9053240,82963,-55340,15.2
2026-09-15 14:26:40,23206.35,2026-09-15,23450.0,CE,4.4,4.4,4.45,8382774,295992,233860,12.76
2026-09-15 14:26:40,23206.35,2026-09-15,23450.0,PE,241.05,240.6,241.25,4854160,39679,-14909,16.86
2026-09-15 14:26:40,23206.35,2026-09-15,23500.0,CE,3.2,3.15,3.2,11174626,522526,379450,13.94
2026-09-15 14:26:40,23206.35,2026-09-15,23500.0,PE,289.2,288.75,289.55,4457822,49905,-15412,18.86
2026-09-15 14:26:40,23206.35,2026-09-15,23550.0,CE,2.35,2.35,2.4,6049441,223340,148252,15.06
2026-09-15 14:26:40,23206.35,2026-09-15,23550.0,PE,339.15,338.15,339.1,1228670,12431,-1728,21.07
2026-09-15 14:26:40,23206.35,2026-09-15,23600.0,CE,1.95,1.9,1.95,5854099,260027,138444,16.27
2026-09-15 14:26:40,23206.35,2026-09-15,23600.0,PE,388.85,387.6,388.6,965340,16408,-4988,22.41
2026-09-15 14:26:40,23206.35,2026-09-15,23650.0,CE,1.6,1.6,1.65,3972356,175211,98692,17.58
2026-09-15 14:26:40,23206.35,2026-09-15,23650.0,PE,439.3,437.25,438.9,251271,6543,-1600,25.7
2026-09-15 14:26:40,23206.35,2026-09-15,23700.0,CE,1.3,1.25,1.3,3465818,253049,98589,18.74
2026-09-15 14:26:40,23206.35,2026-09-15,23700.0,PE,489.0,487.45,488.8,185303,17532,-5559,27.35
2026-09-15 14:27:40,23207.75,2026-09-15,22700.0,CE,515.0,515.05,516.05,1214,547,-115,
2026-09-15 14:27:40,23207.75,2026-09-15,22700.0,PE,0.5,0.45,0.5,929600,105928,28778,17.82
2026-09-15 14:27:40,23207.75,2026-09-15,22750.0,CE,465.75,463.45,465.8,516,201,-98,
2026-09-15 14:27:40,23207.75,2026-09-15,22750.0,PE,0.55,0.5,0.55,708669,45291,6119,16.78
2026-09-15 14:27:40,23207.75,2026-09-15,22800.0,CE,413.8,414.65,415.95,3974,1902,561,
2026-09-15 14:27:40,23207.75,2026-09-15,22800.0,PE,0.85,0.8,0.85,1427966,143168,44796,15.94
2026-09-15 14:27:40,23207.75,2026-09-15,22850.0,CE,364.8,364.6,366.05,1576,619,120,
2026-09-15 14:27:40,23207.75,2026-09-15,22850.0,PE,1.05,1.05,1.1,863161,55128,3274,14.75
2026-09-15 14:27:40,23207.75,2026-09-15,22900.0,CE,315.35,315.35,316.45,9553,1552,81,
2026-09-15 14:27:40,23207.75,2026-09-15,22900.0,PE,1.6,1.55,1.6,1961405,129110,24691,13.67
2026-09-15 14:27:40,23207.75,2026-09-15,22950.0,CE,266.35,266.3,267.2,6653,1585,618,
2026-09-15 14:27:40,23207.75,2026-09-15,22950.0,PE,2.5,2.5,2.55,1799608,83846,29419,12.88
2026-09-15 14:27:40,23207.75,2026-09-15,23000.0,CE,218.8,218.45,219.15,101993,16721,10744,
2026-09-15 14:27:40,23207.75,2026-09-15,23000.0,PE,4.3,4.25,4.3,4328107,248806,58665,12.26
2026-09-15 14:27:40,23207.75,2026-09-15,23050.0,CE,171.65,171.75,172.2,39031,5815,3885,
2026-09-15 14:27:40,23207.75,2026-09-15,23050.0,PE,7.5,7.45,7.5,3261406,115947,66513,11.6
2026-09-15 14:27:40,23207.75,2026-09-15,23100.0,CE,128.1,128.1,128.4,282755,36939,31388,8.13
2026-09-15 14:27:40,23207.75,2026-09-15,23100.0,PE,13.65,13.65,13.7,6056078,256324,134819,11.21
2026-09-15 14:27:40,23207.75,2026-09-15,23150.0,CE,89.2,89.15,89.45,446921,50938,46813,8.87
2026-09-15 14:27:40,23207.75,2026-09-15,23150.0,PE,25.15,25.05,25.15,7102993,220426,154655,11.08
2026-09-15 14:27:40,23207.75,2026-09-15,23200.0,CE,57.6,57.45,57.6,2179643,228709,210842,9.13
2026-09-15 14:27:40,23207.75,2026-09-15,23200.0,PE,43.55,43.45,43.55,12165384,342942,173126,11.13
2026-09-15 14:27:40,23207.75,2026-09-15,23250.0,CE,34.15,34.1,34.15,3697792,333083,311500,9.52
2026-09-15 14:27:40,23207.75,2026-09-15,23250.0,PE,70.2,70.1,70.2,12083525,190551,66880,11.52
2026-09-15 14:27:40,23207.75,2026-09-15,23300.0,CE,19.25,19.25,19.3,9238716,557516,514792,10.02
2026-09-15 14:27:40,23207.75,2026-09-15,23300.0,PE,105.15,104.95,105.25,16385756,171948,-40395,12.23
2026-09-15 14:27:40,23207.75,2026-09-15,23350.0,CE,10.8,10.75,10.85,9724192,472240,439568,10.72
2026-09-15 14:27:40,23207.75,2026-09-15,23350.0,PE,146.5,146.3,146.55,10376293,75569,-18036,13.57
2026-09-15 14:27:40,23207.75,2026-09-15,23400.0,CE,6.45,6.45,6.5,12113852,496953,402197,11.75
2026-09-15 14:27:40,23207.75,2026-09-15,23400.0,PE,192.25,191.8,192.25,9063413,82528,-55775,15.26
2026-09-15 14:27:40,23207.75,2026-09-15,23450.0,CE,4.1,4.1,4.15,8447417,285322,223190,12.74
2026-09-15 14:27:40,23207.75,2026-09-15,23450.0,PE,240.55,239.8,240.4,4856336,39833,-14755,17.03
2026-09-15 14:27:40,23207.75,2026-09-15,23500.0,CE,2.95,2.95,3.0,11267150,506016,362940,13.92
2026-09-15 14:27:40,23207.75,2026-09-15,23500.0,PE,288.8,287.95,288.75,4461019,48802,-16515,19.06
2026-09-15 14:27:40,23207.75,2026-09-15,23550.0,CE,2.2,2.15,2.2,6110817,213336,138248,15.04
2026-09-15 14:27:40,23207.75,2026-09-15,23550.0,PE,338.75,337.6,338.6,1228919,12461,-1698,21.28
2026-09-15 14:27:40,23207.75,2026-09-15,23600.0,CE,1.75,1.7,1.75,5918264,254735,133152,16.26
2026-09-15 14:27:40,23207.75,2026-09-15,23600.0,PE,387.05,386.95,388.0,966486,16135,-5261,23.22
2026-09-15 14:27:40,23207.75,2026-09-15,23650.0,CE,1.45,1.45,1.5,4026671,169483,92964,17.56
2026-09-15 14:27:40,23207.75,2026-09-15,23650.0,PE,436.7,436.7,438.2,251301,6540,-1603,25.94
2026-09-15 14:27:40,23207.75,2026-09-15,23700.0,CE,1.2,1.2,1.25,3489033,249585,95125,18.72
2026-09-15 14:27:40,23207.75,2026-09-15,23700.0,PE,487.5,486.8,488.2,185426,17518,-5573,27.61
2026-09-15 14:28:40,23206.75,2026-09-15,22700.0,CE,515.0,515.05,516.55,1214,547,-115,
2026-09-15 14:28:40,23206.75,2026-09-15,22700.0,PE,0.45,0.45,0.5,929783,105815,28665,17.8
2026-09-15 14:28:40,23206.75,2026-09-15,22750.0,CE,465.75,463.5,466.25,516,201,-98,
2026-09-15 14:28:40,23206.75,2026-09-15,22750.0,PE,0.5,0.5,0.55,708884,45166,5994,16.61
2026-09-15 14:28:40,23206.75,2026-09-15,22800.0,CE,415.0,415.05,416.2,3975,1901,560,
2026-09-15 14:28:40,23206.75,2026-09-15,22800.0,PE,0.85,0.8,0.85,1428675,143444,45072,15.92
2026-09-15 14:28:40,23206.75,2026-09-15,22850.0,CE,364.8,364.8,366.0,1580,630,131,
2026-09-15 14:28:40,23206.75,2026-09-15,22850.0,PE,1.1,1.05,1.1,864138,55900,4046,14.73
2026-09-15 14:28:40,23206.75,2026-09-15,22900.0,CE,316.55,315.8,316.95,9558,1542,71,
2026-09-15 14:28:40,23206.75,2026-09-15,22900.0,PE,1.5,1.5,1.55,1965613,129678,25259,13.65
2026-09-15 14:28:40,23206.75,2026-09-15,22950.0,CE,265.5,266.95,267.95,6767,1710,743,
2026-09-15 14:28:40,23206.75,2026-09-15,22950.0,PE,2.45,2.4,2.45,1802575,85068,30641,12.86
2026-09-15 14:28:40,23206.75,2026-09-15,23000.0,CE,219.15,218.95,219.65,102269,16750,10773,
2026-09-15 14:28:40,23206.75,2026-09-15,23000.0,PE,4.1,4.1,4.15,4337466,248379,58238,12.24
2026-09-15 14:28:40,23206.75,2026-09-15,23050.0,CE,172.4,172.1,172.5,39118,5793,3863,
2026-09-15 14:28:40,23206.75,2026-09-15,23050.0,PE,7.25,7.25,7.3,3268727,116616,67182,11.6
2026-09-15 14:28:40,23206.75,2026-09-15,23100.0,CE,128.5,128.4,128.75,283707,37074,31523,8.32
2026-09-15 14:28:40,23206.75,2026-09-15,23100.0,PE,13.35,13.3,13.4,6070905,260267,138762,11.18
2026-09-15 14:28:40,23206.75,2026-09-15,23150.0,CE,89.3,89.3,89.55,449074,51412,47287,8.97
2026-09-15 14:28:40,23206.75,2026-09-15,23150.0,PE,24.7,24.65,24.75,7115111,224660,158889,11.04
2026-09-15 14:28:40,23206.75,2026-09-15,23200.0,CE,57.5,57.35,57.5,2188685,232941,215074,9.19
2026-09-15 14:28:40,23206.75,2026-09-15,23200.0,PE,43.0,43.05,43.15,12179585,344648,174832,11.08
2026-09-15 14:28:40,23206.75,2026-09-15,23250.0,CE,34.05,34.0,34.1,3708180,333392,311809,9.6
2026-09-15 14:28:40,23206.75,2026-09-15,23250.0,PE,69.75,69.6,69.75,12091112,190916,67245,11.38
2026-09-15 14:28:40,23206.75,2026-09-15,23300.0,CE,19.3,19.25,19.35,9253148,557230,514506,10.05
2026-09-15 14:28:40,23206.75,2026-09-15,23300.0,PE,104.65,104.35,104.6,16390841,171689,-40654,12.15
2026-09-15 14:28:40,23206.75,2026-09-15,23350.0,CE,10.8,10.8,10.85,9733165,472582,439910,10.74
2026-09-15 14:28:40,23206.75,2026-09-15,23350.0,PE,145.5,145.65,145.95,10377461,75192,-18413,13.46
2026-09-15 14:28:40,23206.75,2026-09-15,23400.0,CE,6.45,6.45,6.5,12120567,497083,402327,11.77
2026-09-15 14:28:40,23206.75,2026-09-15,23400.0,PE,191.5,191.1,191.65,9064105,82517,-55786,15.2
2026-09-15 14:28:40,23206.75,2026-09-15,23450.0,CE,4.2,4.15,4.2,8452734,286378,224246,12.76
2026-09-15 14:28:40,23206.75,2026-09-15,23450.0,PE,239.65,239.2,239.85,4856714,39786,-14802,16.86
2026-09-15 14:28:40,23206.75,2026-09-15,23500.0,CE,3.0,2.95,3.0,11273847,506053,362977,13.94
2026-09-15 14:28:40,23206.75,2026-09-15,23500.0,PE,288.35,287.4,288.2,4461341,48574,-16743,18.86
2026-09-15 14:28:40,23206.75,2026-09-15,23550.0,CE,2.25,2.2,2.25,6112523,213745,138657,15.06
2026-09-15 14:28:40,23206.75,2026-09-15,23550.0,PE,338.45,337.35,338.4,1228934,12416,-1743,21.07
2026-09-15 14:28:40,23206.75,2026-09-15,23600.0,CE,1.8,1.75,1.8,5920714,255139,133556,16.27
2026-09-15 14:28:40,23206.75,2026-09-15,23600.0,PE,388.0,386.7,387.55,966554,16022,-5374,22.41
2026-09-15 14:28:40,23206.75,2026-09-15,23650.0,CE,1.45,1.45,1.5,4032748,168954,92435,17.58
2026-09-15 14:28:40,23206.75,2026-09-15,23650.0,PE,438.05,436.5,437.75,251324,6539,-1604,25.7
2026-09-15 14:28:40,23206.75,2026-09-15,23700.0,CE,1.2,1.2,1.25,3492809,249768,95308,18.74
2026-09-15 14:28:40,23206.75,2026-09-15,23700.0,PE,488.05,486.0,487.65,185428,17491,-5600,27.35
2026-09-15 14:29:40,23203.2,2026-09-15,22700.0,CE,513.45,511.4,513.2,1730,547,-115,
2026-09-15 14:29:40,23203.2,2026-09-15,22700.0,PE,0.5,0.45,0.5,933746,105815,28665,17.8
2026-09-15 14:29:40,23203.2,2026-09-15,22750.0,CE,461.75,460.4,463.35,517,201,-98,
2026-09-15 14:29:40,23203.2,2026-09-15,22750.0,PE,0.55,0.5,0.55,711366,45166,5994,16.61
2026-09-15 14:29:40,23203.2,2026-09-15,22800.0,CE,414.6,411.75,413.4,3981,1901,560,
2026-09-15 14:29:40,23203.2,2026-09-15,22800.0,PE,0.8,0.75,0.8,1430138,143444,45072,15.92
2026-09-15 14:29:40,23203.2,2026-09-15,22850.0,CE,366.1,361.8,363.05,1586,631,132,
2026-09-15 14:29:40,23203.2,2026-09-15,22850.0,PE,1.05,1.0,1.05,868878,55900,4046,14.73
2026-09-15 14:29:40,23203.2,2026-09-15,22900.0,CE,312.75,312.55,313.65,9588,1542,71,
2026-09-15 14:29:40,23203.2,2026-09-15,22900.0,PE,1.45,1.4,1.45,1973791,129678,25259,13.65
2026-09-15 14:29:40,23203.2,2026-09-15,22950.0,CE,264.25,263.7,264.25,6898,1710,743,
2026-09-15 14:29:40,23203.2,2026-09-15,22950.0,PE,2.35,2.3,2.35,1812090,85068,30641,12.86
2026-09-15 14:29:40,23203.2,2026-09-15,23000.0,CE,216.25,216.0,216.45,103147,16750,10773,
2026-09-15 14:29:40,23203.2,2026-09-15,23000.0,PE,4.0,3.95,4.0,4357983,248379,58238,12.24
2026-09-15 14:29:40,23203.2,2026-09-15,23050.0,CE,168.65,168.3,168.65,39544,5793,3863,
2026-09-15 14:29:40,23203.2,2026-09-15,23050.0,PE,7.2,7.15,7.2,3285739,116616,67182,11.6
2026-09-15 14:29:40,23203.2,2026-09-15,23100.0,CE,124.6,124.85,125.15,287173,37074,31523,8.32
2026-09-15 14:29:40,23203.2,2026-09-15,23100.0,PE,13.35,13.3,13.35,6104053,260267,138762,11.18
2026-09-15 14:29:40,23203.2,2026-09-15,23150.0,CE,86.2,86.2,86.45,456007,51412,47287,8.97
2026-09-15 14:29:40,23203.2,2026-09-15,23150.0,PE,25.0,24.9,25.0,7150937,224660,158889,11.04
2026-09-15 14:29:40,23203.2,2026-09-15,23200.0,CE,55.05,54.85,55.0,2213985,232941,215074,9.19
2026-09-15 14:29:40,23203.2,2026-09-15,23200.0,PE,43.7,43.7,43.85,12225561,344648,174832,11.08
2026-09-15 14:29:40,23203.2,2026-09-15,23250.0,CE,32.2,32.15,32.25,3737961,333392,311809,9.6
2026-09-15 14:29:40,23203.2,2026-09-15,23250.0,PE,71.05,70.8,71.0,12110636,190916,67245,11.38
2026-09-15 14:29:40,23203.2,2026-09-15,23300.0,CE,18.05,18.0,18.05,9285594,557230,514506,10.05
2026-09-15 14:29:40,23203.2,2026-09-15,23300.0,PE,106.5,106.25,106.35,16403992,171689,-40654,12.15
2026-09-15 14:29:40,23203.2,2026-09-15,23350.0,CE,10.1,10.1,10.15,9759402,472582,439910,10.74
2026-09-15 14:29:40,23203.2,2026-09-15,23350.0,PE,148.05,148.0,148.25,10380836,75192,-18413,13.46
2026-09-15 14:29:40,23203.2,2026-09-15,23400.0,CE,6.0,5.95,6.05,12152089,497083,402327,11.77
2026-09-15 14:29:40,23203.2,2026-09-15,23400.0,PE,194.75,194.35,194.7,9066841,82517,-55786,15.2
2026-09-15 14:29:40,23203.2,2026-09-15,23450.0,CE,4.0,3.95,4.0,8471451,286378,224246,12.76
2026-09-15 14:29:40,23203.2,2026-09-15,23450.0,PE,242.9,242.1,242.8,4857602,39786,-14802,16.86
2026-09-15 14:29:40,23203.2,2026-09-15,23500.0,CE,2.8,2.8,2.85,11290518,506053,362977,13.94
2026-09-15 14:29:40,23203.2,2026-09-15,23500.0,PE,290.45,290.55,291.05,4462008,48574,-16743,18.86
2026-09-15 14:29:40,23203.2,2026-09-15,23550.0,CE,2.15,2.1,2.15,6124788,213745,138657,15.06
2026-09-15 14:29:40,23203.2,2026-09-15,23550.0,PE,341.15,340.05,341.15,1229058,12416,-1743,21.07
2026-09-15 14:29:40,23203.2,2026-09-15,23600.0,CE,1.65,1.65,1.7,5927932,255139,133556,16.27
2026-09-15 14:29:40,23203.2,2026-09-15,23600.0,PE,390.25,389.35,390.3,966669,16022,-5374,22.41
2026-09-15 14:29:40,23203.2,2026-09-15,23650.0,CE,1.45,1.4,1.45,4042495,168954,92435,17.58
2026-09-15 14:29:40,23203.2,2026-09-15,23650.0,PE,441.0,439.15,440.7,251327,6539,-1604,25.7
2026-09-15 14:29:40,23203.2,2026-09-15,23700.0,CE,1.15,1.15,1.2,3504817,249768,95308,18.74
2026-09-15 14:29:40,23203.2,2026-09-15,23700.0,PE,490.65,489.25,490.8,185505,17491,-5600,27.35
2026-09-15 14:30:41,23202.2,2026-09-15,22700.0,CE,507.05,509.0,511.4,1757,1019,357,
2026-09-15 14:30:41,23202.2,2026-09-15,22700.0,PE,0.5,0.45,0.5,940553,105693,28543,17.82
2026-09-15 14:30:41,23202.2,2026-09-15,22750.0,CE,455.45,457.1,459.35,520,200,-99,
2026-09-15 14:30:41,23202.2,2026-09-15,22750.0,PE,0.55,0.55,0.6,718686,45131,5959,16.78
2026-09-15 14:30:41,23202.2,2026-09-15,22800.0,CE,409.3,409.2,412.2,4018,1896,555,
2026-09-15 14:30:41,23202.2,2026-09-15,22800.0,PE,0.85,0.85,0.9,1433877,144364,45992,15.94
2026-09-15 14:30:41,23202.2,2026-09-15,22850.0,CE,360.35,360.35,361.6,1636,630,131,
2026-09-15 14:30:41,23202.2,2026-09-15,22850.0,PE,1.15,1.1,1.15,881855,57020,5166,14.75
2026-09-15 14:30:41,23202.2,2026-09-15,22900.0,CE,308.0,308.3,309.45,9686,1545,74,
2026-09-15 14:30:41,23202.2,2026-09-15,22900.0,PE,1.6,1.55,1.6,1991944,130463,26044,13.67
2026-09-15 14:30:41,23202.2,2026-09-15,22950.0,CE,262.1,261.75,262.65,7324,1819,852,
2026-09-15 14:30:41,23202.2,2026-09-15,22950.0,PE,2.5,2.45,2.5,1828939,83873,29446,12.88
2026-09-15 14:30:41,23202.2,2026-09-15,23000.0,CE,212.0,211.85,212.3,104717,16729,10752,
2026-09-15 14:30:41,23202.2,2026-09-15,23000.0,PE,4.4,4.35,4.4,4405742,248381,58240,12.26
2026-09-15 14:30:41,23202.2,2026-09-15,23050.0,CE,165.0,165.55,165.9,40784,5872,3942,
2026-09-15 14:30:41,23202.2,2026-09-15,23050.0,PE,7.9,7.9,7.95,3330352,113344,63910,11.6
2026-09-15 14:30:41,23202.2,2026-09-15,23100.0,CE,121.7,121.4,121.65,294869,36222,30671,8.13
2026-09-15 14:30:41,23202.2,2026-09-15,23100.0,PE,14.8,14.8,14.85,6179695,262853,141348,11.21
2026-09-15 14:30:41,23202.2,2026-09-15,23150.0,CE,84.5,84.3,84.5,470207,51078,46953,8.87
2026-09-15 14:30:41,23202.2,2026-09-15,23150.0,PE,26.6,26.55,26.6,7242916,225499,159728,11.08
2026-09-15 14:30:41,23202.2,2026-09-15,23200.0,CE,53.6,53.6,53.75,2274314,236040,218173,9.13
2026-09-15 14:30:41,23202.2,2026-09-15,23200.0,PE,45.85,45.85,45.95,12348648,344954,175138,11.13
2026-09-15 14:30:41,23202.2,2026-09-15,23250.0,CE,31.35,31.25,31.35,3803586,338279,316696,9.52
2026-09-15 14:30:41,23202.2,2026-09-15,23250.0,PE,74.2,74.2,74.35,12175568,188573,64902,11.52
2026-09-15 14:30:41,23202.2,2026-09-15,23300.0,CE,17.9,17.9,17.95,9363037,560179,517455,10.02
2026-09-15 14:30:41,23202.2,2026-09-15,23300.0,PE,109.25,109.0,109.25,16442439,167869,-44474,12.23
2026-09-15 14:30:41,23202.2,2026-09-15,23350.0,CE,9.9,9.85,9.9,9815072,472138,439466,10.72
2026-09-15 14:30:41,23202.2,2026-09-15,23350.0,PE,152.5,152.4,152.75,10390295,74307,-19298,13.57
2026-09-15 14:30:41,23202.2,2026-09-15,23400.0,CE,6.15,6.1,6.15,12198339,490354,395598,11.75
2026-09-15 14:30:41,23202.2,2026-09-15,23400.0,PE,197.7,197.7,198.0,9074640,82620,-55683,15.26
2026-09-15 14:30:41,23202.2,2026-09-15,23450.0,CE,4.0,4.0,4.05,8502099,286341,224209,12.74
2026-09-15 14:30:41,23202.2,2026-09-15,23450.0,PE,247.55,247.2,247.95,4859753,39520,-15068,17.03
2026-09-15 14:30:41,23202.2,2026-09-15,23500.0,CE,2.95,2.9,2.95,11323570,506500,363424,13.92
2026-09-15 14:30:41,23202.2,2026-09-15,23500.0,PE,292.7,292.95,293.4,4464200,48490,-16827,19.06
2026-09-15 14:30:41,23202.2,2026-09-15,23550.0,CE,2.2,2.2,2.25,6140719,211887,136799,15.04
2026-09-15 14:30:41,23202.2,2026-09-15,23550.0,PE,343.4,343.05,343.4,1229398,12424,-1735,21.28
2026-09-15 14:30:41,23202.2,2026-09-15,23600.0,CE,1.75,1.75,1.8,5941342,254160,132577,16.26
2026-09-15 14:30:41,23202.2,2026-09-15,23600.0,PE,394.35,393.2,394.35,967148,15988,-5408,23.22
2026-09-15 14:30:41,23202.2,2026-09-15,23650.0,CE,1.5,1.45,1.5,4051542,168938,92419,17.56
2026-09-15 14:30:41,23202.2,2026-09-15,23650.0,PE,442.95,441.0,442.15,251433,6535,-1608,25.94
2026-09-15 14:30:41,23202.2,2026-09-15,23700.0,CE,1.2,1.2,1.25,3516790,248890,94430,18.72
2026-09-15 14:30:41,23202.2,2026-09-15,23700.0,PE,494.6,493.7,494.45,185637,17501,-5590,27.61
2026-09-15 14:31:41,23206.25,2026-09-15,22700.0,CE,507.0,506.9,508.85,1771,1019,357,20.66
2026-09-15 14:31:41,23206.25,2026-09-15,22700.0,PE,0.5,0.45,0.5,958129,106503,29353,17.36
2026-09-15 14:31:41,23206.25,2026-09-15,22750.0,CE,455.45,456.9,459.8,523,201,-98,
2026-09-15 14:31:41,23206.25,2026-09-15,22750.0,PE,0.6,0.55,0.6,725120,47680,8508,16.19
2026-09-15 14:31:41,23206.25,2026-09-15,22800.0,CE,411.1,408.05,409.6,4029,1872,531,18.46
2026-09-15 14:31:41,23206.25,2026-09-15,22800.0,PE,0.8,0.8,0.85,1443504,144276,45904,15.55
2026-09-15 14:31:41,23206.25,2026-09-15,22850.0,CE,358.3,357.95,359.1,1663,633,134,17.94
2026-09-15 14:31:41,23206.25,2026-09-15,22850.0,PE,1.1,1.05,1.1,893544,55424,3570,14.28
2026-09-15 14:31:41,23206.25,2026-09-15,22900.0,CE,310.05,308.55,309.45,9915,1587,116,14.52
2026-09-15 14:31:41,23206.25,2026-09-15,22900.0,PE,1.5,1.45,1.5,2027668,129377,24958,13.09
2026-09-15 14:31:41,23206.25,2026-09-15,22950.0,CE,260.45,259.6,260.35,7406,2044,1077,13.38
2026-09-15 14:31:41,23206.25,2026-09-15,22950.0,PE,2.45,2.4,2.45,1844933,84808,30381,12.37
2026-09-15 14:31:41,23206.25,2026-09-15,23000.0,CE,212.0,211.2,211.8,106241,16615,10638,13.06
2026-09-15 14:31:41,23206.25,2026-09-15,23000.0,PE,4.3,4.25,4.3,4444553,247424,57283,11.61
2026-09-15 14:31:41,23206.25,2026-09-15,23050.0,CE,164.6,164.45,164.9,41594,5979,4049,11.38
2026-09-15 14:31:41,23206.25,2026-09-15,23050.0,PE,7.8,7.75,7.8,3380772,116745,67311,11.05
2026-09-15 14:31:41,23206.25,2026-09-15,23100.0,CE,121.75,121.7,122.0,300905,35937,30386,10.8
2026-09-15 14:31:41,23206.25,2026-09-15,23100.0,PE,14.45,14.45,14.5,6256448,261003,139498,10.62
2026-09-15 14:31:41,23206.25,2026-09-15,23150.0,CE,84.05,84.15,84.35,483190,51741,47616,10.34
2026-09-15 14:31:41,23206.25,2026-09-15,23150.0,PE,26.55,26.5,26.6,7320029,224890,159119,10.41
2026-09-15 14:31:41,23206.25,2026-09-15,23200.0,CE,53.35,53.35,53.45,2326728,236649,218782,10.38
2026-09-15 14:31:41,23206.25,2026-09-15,23200.0,PE,46.2,46.1,46.2,12448744,339386,169570,10.15
2026-09-15 14:31:41,23206.25,2026-09-15,23250.0,CE,31.2,31.2,31.3,3852527,332986,311403,10.2
2026-09-15 14:31:41,23206.25,2026-09-15,23250.0,PE,74.4,74.25,74.4,12218376,184037,60366,10.2
2026-09-15 14:31:41,23206.25,2026-09-15,23300.0,CE,17.45,17.45,17.55,9415979,550917,508193,10.55
2026-09-15 14:31:41,23206.25,2026-09-15,23300.0,PE,110.6,110.3,110.55,16465623,166469,-45874,10.21
2026-09-15 14:31:41,23206.25,2026-09-15,23350.0,CE,9.7,9.7,9.75,9849215,463308,430636,10.96
2026-09-15 14:31:41,23206.25,2026-09-15,23350.0,PE,153.2,152.75,153.1,10395951,72820,-20785,10.83
2026-09-15 14:31:41,23206.25,2026-09-15,23400.0,CE,5.9,5.85,5.9,12234350,488571,393815,11.77
2026-09-15 14:31:41,23206.25,2026-09-15,23400.0,PE,198.55,198.55,199.0,9080274,81379,-56924,11.39
2026-09-15 14:31:41,23206.25,2026-09-15,23450.0,CE,3.85,3.8,3.85,8535185,284776,222644,12.64
2026-09-15 14:31:41,23206.25,2026-09-15,23450.0,PE,246.7,246.7,246.95,4861931,39290,-15298,12.23
2026-09-15 14:31:41,23206.25,2026-09-15,23500.0,CE,2.85,2.8,2.85,11358294,503624,360548,13.79
2026-09-15 14:31:41,23206.25,2026-09-15,23500.0,PE,295.0,294.1,294.8,4466801,48471,-16846,8.98
2026-09-15 14:31:41,23206.25,2026-09-15,23550.0,CE,2.1,2.05,2.1,6157012,211419,136331,14.86
2026-09-15 14:31:41,23206.25,2026-09-15,23550.0,PE,343.7,344.05,345.05,1230366,12182,-1977,13.53
2026-09-15 14:31:41,23206.25,2026-09-15,23600.0,CE,1.65,1.6,1.65,5960929,254181,132598,16.01
2026-09-15 14:31:41,23206.25,2026-09-15,23600.0,PE,394.05,393.0,394.05,968441,15861,-5535,14.6
2026-09-15 14:31:41,23206.25,2026-09-15,23650.0,CE,1.35,1.3,1.35,4075485,169629,93110,17.19
2026-09-15 14:31:41,23206.25,2026-09-15,23650.0,PE,443.2,442.35,443.8,252456,6378,-1765,14.26
2026-09-15 14:31:41,23206.25,2026-09-15,23700.0,CE,1.1,1.05,1.1,3537208,248082,93622,18.19
2026-09-15 14:31:41,23206.25,2026-09-15,23700.0,PE,493.7,493.5,494.95,185793,17504,-5587,
2026-09-15 14:32:42,23204.8,2026-09-15,22700.0,CE,506.0,503.6,505.7,1785,1019,357,
2026-09-15 14:32:42,23204.8,2026-09-15,22700.0,PE,0.5,0.45,0.5,960765,106256,29106,17.17
2026-09-15 14:32:42,23204.8,2026-09-15,22750.0,CE,455.45,453.95,456.8,524,201,-98,
2026-09-15 14:32:42,23204.8,2026-09-15,22750.0,PE,0.65,0.6,0.65,727693,45352,6180,16.04
2026-09-15 14:32:42,23204.8,2026-09-15,22800.0,CE,413.1,404.25,406.0,4044,1874,533,
2026-09-15 14:32:42,23204.8,2026-09-15,22800.0,PE,0.85,0.85,0.9,1451969,143939,45567,15.33
2026-09-15 14:32:42,23204.8,2026-09-15,22850.0,CE,356.7,354.5,355.75,1664,636,137,
2026-09-15 14:32:42,23204.8,2026-09-15,22850.0,PE,1.2,1.2,1.25,906950,56875,5021,14.3
2026-09-15 14:32:42,23204.8,2026-09-15,22900.0,CE,305.25,305.5,306.4,9968,1643,172,11.65
2026-09-15 14:32:42,23204.8,2026-09-15,22900.0,PE,1.7,1.65,1.7,2057847,128458,24039,13.12
2026-09-15 14:32:42,23204.8,2026-09-15,22950.0,CE,256.65,256.65,257.45,7487,2049,1082,12.26
2026-09-15 14:32:42,23204.8,2026-09-15,22950.0,PE,2.7,2.7,2.75,1861406,85353,30926,12.34
2026-09-15 14:32:42,23204.8,2026-09-15,23000.0,CE,209.3,209.1,209.7,107815,17315,11338,11.38
2026-09-15 14:32:42,23204.8,2026-09-15,23000.0,PE,4.65,4.65,4.7,4474725,244546,54405,11.61
2026-09-15 14:32:42,23204.8,2026-09-15,23050.0,CE,162.75,162.5,162.95,42054,6064,4134,10.89
2026-09-15 14:32:42,23204.8,2026-09-15,23050.0,PE,8.35,8.35,8.4,3419095,120647,71213,11.02
2026-09-15 14:32:42,23204.8,2026-09-15,23100.0,CE,119.85,119.55,119.75,305268,37378,31827,10.48
2026-09-15 14:32:42,23204.8,2026-09-15,23100.0,PE,15.6,15.55,15.6,6318718,255396,133891,10.6
2026-09-15 14:32:42,23204.8,2026-09-15,23150.0,CE,82.2,81.8,82.0,491615,54469,50344,10.18
2026-09-15 14:32:42,23204.8,2026-09-15,23150.0,PE,28.1,28.0,28.1,7389325,219564,153793,10.38
2026-09-15 14:32:42,23204.8,2026-09-15,23200.0,CE,51.8,51.8,51.95,2357481,251404,233537,10.07
2026-09-15 14:32:42,23204.8,2026-09-15,23200.0,PE,48.15,48.0,48.15,12536603,331994,162178,10.35
2026-09-15 14:32:42,23204.8,2026-09-15,23250.0,CE,30.4,30.3,30.4,3889830,339248,317665,10.14
2026-09-15 14:32:42,23204.8,2026-09-15,23250.0,PE,77.0,76.85,77.0,12256261,183130,59459,10.34
2026-09-15 14:32:42,23204.8,2026-09-15,23300.0,CE,17.1,17.05,17.1,9457357,558394,515670,10.4
2026-09-15 14:32:42,23204.8,2026-09-15,23300.0,PE,112.85,112.85,113.15,16484760,166841,-45502,10.61
2026-09-15 14:32:42,23204.8,2026-09-15,23350.0,CE,9.6,9.6,9.65,9877313,465489,432817,10.89
2026-09-15 14:32:42,23204.8,2026-09-15,23350.0,PE,154.7,154.65,155.0,10400971,72390,-21215,11.07
2026-09-15 14:32:42,23204.8,2026-09-15,23400.0,CE,5.8,5.8,5.85,12259559,486159,391403,11.66
2026-09-15 14:32:42,23204.8,2026-09-15,23400.0,PE,201.55,200.95,201.5,9084629,80750,-57553,11.64
2026-09-15 14:32:42,23204.8,2026-09-15,23450.0,CE,3.8,3.75,3.8,8552558,283488,221356,12.58
2026-09-15 14:32:42,23204.8,2026-09-15,23450.0,PE,250.3,249.7,250.4,4863340,38876,-15712,12.87
2026-09-15 14:32:42,23204.8,2026-09-15,23500.0,CE,2.8,2.75,2.8,11387906,501262,358186,13.71
2026-09-15 14:32:42,23204.8,2026-09-15,23500.0,PE,297.85,297.8,298.5,4468415,47656,-17661,13.7
2026-09-15 14:32:42,23204.8,2026-09-15,23550.0,CE,2.0,2.0,2.05,6171453,211223,136135,14.83
2026-09-15 14:32:42,23204.8,2026-09-15,23550.0,PE,346.7,347.35,348.3,1230653,12036,-2123,15.49
2026-09-15 14:32:42,23204.8,2026-09-15,23600.0,CE,1.65,1.6,1.65,5970038,254003,132420,15.91
2026-09-15 14:32:42,23204.8,2026-09-15,23600.0,PE,396.75,397.0,397.65,968894,15670,-5726,15.54
2026-09-15 14:32:42,23204.8,2026-09-15,23650.0,CE,1.35,1.35,1.4,4087041,165593,89074,17.08
2026-09-15 14:32:42,23204.8,2026-09-15,23650.0,PE,446.0,445.95,447.1,252485,6149,-1994,18.52
2026-09-15 14:32:42,23204.8,2026-09-15,23700.0,CE,1.15,1.1,1.15,3544852,244807,90347,18.28
2026-09-15 14:32:42,23204.8,2026-09-15,23700.0,PE,496.3,496.3,497.5,185910,17441,-5650,22.38
2026-09-15 14:33:42,23212.95,2026-09-15,22700.0,CE,506.0,509.75,512.2,1785,1019,357,
2026-09-15 14:33:42,23212.95,2026-09-15,22700.0,PE,0.45,0.45,0.5,965890,106132,28982,17.17
2026-09-15 14:33:42,23212.95,2026-09-15,22750.0,CE,455.45,459.7,462.05,524,201,-98,
2026-09-15 14:33:42,23212.95,2026-09-15,22750.0,PE,0.6,0.6,0.65,728105,45523,6351,16.04
2026-09-15 14:33:42,23212.95,2026-09-15,22800.0,CE,409.0,411.2,412.55,4068,1885,544,
2026-09-15 14:33:42,23212.95,2026-09-15,22800.0,PE,0.85,0.8,0.85,1463462,145366,46994,15.33
2026-09-15 14:33:42,23212.95,2026-09-15,22850.0,CE,356.7,361.15,362.3,1664,636,137,
2026-09-15 14:33:42,23212.95,2026-09-15,22850.0,PE,1.1,1.1,1.15,916799,58298,6444,14.3
2026-09-15 14:33:42,23212.95,2026-09-15,22900.0,CE,311.5,311.65,312.7,10053,1643,172,11.65
2026-09-15 14:33:42,23212.95,2026-09-15,22900.0,PE,1.55,1.55,1.6,2091511,123740,19321,13.12
2026-09-15 14:33:42,23212.95,2026-09-15,22950.0,CE,263.0,263.1,263.9,7576,2047,1080,12.26
2026-09-15 14:33:42,23212.95,2026-09-15,22950.0,PE,2.45,2.45,2.5,1875250,85046,30619,12.34
2026-09-15 14:33:42,23212.95,2026-09-15,23000.0,CE,215.3,214.55,215.2,109127,17974,11997,11.38
2026-09-15 14:33:42,23212.95,2026-09-15,23000.0,PE,4.25,4.2,4.25,4503720,242322,52181,11.61
2026-09-15 14:33:42,23212.95,2026-09-15,23050.0,CE,168.0,167.95,168.3,42606,6135,4205,10.89
2026-09-15 14:33:42,23212.95,2026-09-15,23050.0,PE,7.5,7.5,7.55,3454746,125436,76002,11.02
2026-09-15 14:33:42,23212.95,2026-09-15,23100.0,CE,124.95,124.15,124.45,309080,37854,32303,10.48
2026-09-15 14:33:42,23212.95,2026-09-15,23100.0,PE,14.0,14.0,14.05,6374456,256419,134914,10.6
2026-09-15 14:33:42,23212.95,2026-09-15,23150.0,CE,85.8,85.85,86.0,500107,55341,51216,10.18
2026-09-15 14:33:42,23212.95,2026-09-15,23150.0,PE,25.75,25.65,25.75,7450567,216793,151022,10.38
2026-09-15 14:33:42,23212.95,2026-09-15,23200.0,CE,55.1,54.95,55.05,2389387,253100,235233,10.07
2026-09-15 14:33:42,23212.95,2026-09-15,23200.0,PE,44.65,44.55,44.7,12617052,337369,167553,10.35
2026-09-15 14:33:42,23212.95,2026-09-15,23250.0,CE,32.3,32.2,32.3,3926792,341814,320231,10.14
2026-09-15 14:33:42,23212.95,2026-09-15,23250.0,PE,72.45,72.3,72.5,12288363,184008,60337,10.34
2026-09-15 14:33:42,23212.95,2026-09-15,23300.0,CE,18.15,18.05,18.15,9495058,558050,515326,10.4
2026-09-15 14:33:42,23212.95,2026-09-15,23300.0,PE,107.55,107.6,107.85,16503397,157596,-54747,10.61
2026-09-15 14:33:42,23212.95,2026-09-15,23350.0,CE,10.05,9.95,10.0,9905572,461129,428457,10.89
2026-09-15 14:33:42,23212.95,2026-09-15,23350.0,PE,150.0,149.7,150.0,10405313,71762,-21843,11.07
2026-09-15 14:33:42,23212.95,2026-09-15,23400.0,CE,5.95,5.95,6.0,12287449,478374,383618,11.66
2026-09-15 14:33:42,23212.95,2026-09-15,23400.0,PE,195.3,195.3,195.75,9087900,80458,-57845,11.64
2026-09-15 14:33:42,23212.95,2026-09-15,23450.0,CE,3.85,3.8,3.85,8569213,286070,223938,12.58
2026-09-15 14:33:42,23212.95,2026-09-15,23450.0,PE,243.6,243.55,243.9,4864175,38760,-15828,12.87
2026-09-15 14:33:42,23212.95,2026-09-15,23500.0,CE,2.75,2.7,2.75,11416739,502274,359198,13.71
2026-09-15 14:33:42,23212.95,2026-09-15,23500.0,PE,291.8,291.55,292.05,4469582,47511,-17806,13.7
2026-09-15 14:33:42,23212.95,2026-09-15,23550.0,CE,2.0,1.95,2.0,6190637,211461,136373,14.83
2026-09-15 14:33:42,23212.95,2026-09-15,23550.0,PE,342.0,341.2,341.85,1231020,11912,-2247,15.49
2026-09-15 14:33:42,23212.95,2026-09-15,23600.0,CE,1.6,1.55,1.6,5994919,253082,131499,15.91
2026-09-15 14:33:42,23212.95,2026-09-15,23600.0,PE,390.0,390.4,391.45,969300,15497,-5899,15.54
2026-09-15 14:33:42,23212.95,2026-09-15,23650.0,CE,1.3,1.3,1.35,4097367,164186,87667,17.08
2026-09-15 14:33:42,23212.95,2026-09-15,23650.0,PE,442.05,440.0,441.1,252550,6153,-1990,18.52
2026-09-15 14:33:42,23212.95,2026-09-15,23700.0,CE,1.05,1.05,1.1,3552548,246117,91657,18.28
2026-09-15 14:33:42,23212.95,2026-09-15,23700.0,PE,491.2,490.1,491.7,186003,17423,-5668,22.38
2026-09-15 14:34:42,23212.55,2026-09-15,22700.0,CE,515.0,511.9,514.15,1795,1030,368,20.66
2026-09-15 14:34:42,23212.55,2026-09-15,22700.0,PE,0.45,0.45,0.5,968031,106132,28982,17.36
2026-09-15 14:34:42,23212.55,2026-09-15,22750.0,CE,455.45,461.45,464.3,524,201,-98,
2026-09-15 14:34:42,23212.55,2026-09-15,22750.0,PE,0.6,0.55,0.6,728915,45523,6351,16.19
2026-09-15 14:34:42,23212.55,2026-09-15,22800.0,CE,413.15,413.35,414.65,4082,1885,544,18.46
2026-09-15 14:34:42,23212.55,2026-09-15,22800.0,PE,0.8,0.8,0.85,1464900,145366,46994,15.55
2026-09-15 14:34:42,23212.55,2026-09-15,22850.0,CE,363.2,362.25,363.2,1700,636,137,17.94
2026-09-15 14:34:42,23212.55,2026-09-15,22850.0,PE,1.15,1.1,1.15,918046,58298,6444,14.28
2026-09-15 14:34:42,23212.55,2026-09-15,22900.0,CE,314.0,313.55,314.55,10150,1643,172,14.52
2026-09-15 14:34:42,23212.55,2026-09-15,22900.0,PE,1.55,1.5,1.55,2099182,123740,19321,13.09
2026-09-15 14:34:42,23212.55,2026-09-15,22950.0,CE,265.2,264.4,265.2,8027,2047,1080,13.38
2026-09-15 14:34:42,23212.55,2026-09-15,22950.0,PE,2.45,2.4,2.45,1883914,85046,30619,12.37
2026-09-15 14:34:42,23212.55,2026-09-15,23000.0,CE,216.6,216.1,216.75,110505,17974,11997,13.06
2026-09-15 14:34:42,23212.55,2026-09-15,23000.0,PE,4.1,4.05,4.1,4530282,242322,52181,11.61
2026-09-15 14:34:42,23212.55,2026-09-15,23050.0,CE,169.15,169.9,170.45,43232,6135,4205,11.38
2026-09-15 14:34:42,23212.55,2026-09-15,23050.0,PE,7.15,7.15,7.25,3479766,125436,76002,11.05
2026-09-15 14:34:42,23212.55,2026-09-15,23100.0,CE,125.95,125.65,125.95,313817,37854,32303,10.8
2026-09-15 14:34:42,23212.55,2026-09-15,23100.0,PE,13.6,13.6,13.7,6417502,256419,134914,10.62
2026-09-15 14:34:42,23212.55,2026-09-15,23150.0,CE,86.9,86.95,87.2,508360,55341,51216,10.34
2026-09-15 14:34:42,23212.55,2026-09-15,23150.0,PE,25.0,25.0,25.1,7503239,216793,151022,10.41
2026-09-15 14:34:42,23212.55,2026-09-15,23200.0,CE,56.05,56.0,56.15,2417048,253100,235233,10.38
2026-09-15 14:34:42,23212.55,2026-09-15,23200.0,PE,43.4,43.35,43.5,12687435,337369,167553,10.15
2026-09-15 14:34:42,23212.55,2026-09-15,23250.0,CE,32.8,32.75,32.85,3957951,341814,320231,10.2
2026-09-15 14:34:42,23212.55,2026-09-15,23250.0,PE,70.6,70.55,70.7,12319373,184008,60337,10.2
2026-09-15 14:34:42,23212.55,2026-09-15,23300.0,CE,18.3,18.25,18.3,9523774,558050,515326,10.55
2026-09-15 14:34:42,23212.55,2026-09-15,23300.0,PE,106.1,106.1,106.35,16520002,157596,-54747,10.21
2026-09-15 14:34:42,23212.55,2026-09-15,23350.0,CE,9.9,9.9,9.95,9926246,461129,428457,10.96
2026-09-15 14:34:42,23212.55,2026-09-15,23350.0,PE,147.9,147.8,148.1,10410136,71762,-21843,10.83
2026-09-15 14:34:42,23212.55,2026-09-15,23400.0,CE,5.9,5.9,5.95,12301934,478374,383618,11.77
2026-09-15 14:34:42,23212.55,2026-09-15,23400.0,PE,193.0,192.5,193.1,9091175,80458,-57845,11.39
2026-09-15 14:34:42,23212.55,2026-09-15,23450.0,CE,3.7,3.7,3.75,8582501,286070,223938,12.64
2026-09-15 14:34:42,23212.55,2026-09-15,23450.0,PE,241.6,241.5,242.0,4865717,38760,-15828,12.23
2026-09-15 14:34:42,23212.55,2026-09-15,23500.0,CE,2.65,2.6,2.65,11438422,502274,359198,13.79
2026-09-15 14:34:42,23212.55,2026-09-15,23500.0,PE,290.35,289.6,290.35,4470520,47511,-17806,8.98
2026-09-15 14:34:42,23212.55,2026-09-15,23550.0,CE,1.95,1.9,1.95,6201948,211461,136373,14.86
2026-09-15 14:34:42,23212.55,2026-09-15,23550.0,PE,339.15,338.7,339.45,1231233,11912,-2247,13.53
2026-09-15 14:34:42,23212.55,2026-09-15,23600.0,CE,1.5,1.5,1.55,5999689,253082,131499,16.01
2026-09-15 14:34:42,23212.55,2026-09-15,23600.0,PE,388.0,388.3,389.25,969614,15497,-5899,14.6
2026-09-15 14:34:42,23212.55,2026-09-15,23650.0,CE,1.25,1.25,1.3,4101064,164186,87667,17.19
2026-09-15 14:34:42,23212.55,2026-09-15,23650.0,PE,435.0,436.1,437.55,252611,6153,-1990,14.26
2026-09-15 14:34:42,23212.55,2026-09-15,23700.0,CE,1.0,1.0,1.05,3560762,246117,91657,18.19
2026-09-15 14:34:42,23212.55,2026-09-15,23700.0,PE,485.0,487.45,488.9,186049,17423,-5668,
2026-09-15 14:35:43,23210.0,2026-09-15,22700.0,CE,515.0,511.9,514.15,1795,1030,368,20.66
2026-09-15 14:35:43,23210.0,2026-09-15,22700.0,PE,0.45,0.45,0.5,968031,106132,28982,17.36
2026-09-15 14:35:43,23210.0,2026-09-15,22750.0,CE,455.45,461.45,464.3,524,201,-98,
2026-09-15 14:35:43,23210.0,2026-09-15,22750.0,PE,0.6,0.55,0.6,728915,45523,6351,16.19
2026-09-15 14:35:43,23210.0,2026-09-15,22800.0,CE,413.15,413.35,414.65,4082,1885,544,18.46
2026-09-15 14:35:43,23210.0,2026-09-15,22800.0,PE,0.8,0.8,0.85,1464900,145366,46994,15.55
2026-09-15 14:35:43,23210.0,2026-09-15,22850.0,CE,363.2,362.25,363.2,1700,636,137,17.94
2026-09-15 14:35:43,23210.0,2026-09-15,22850.0,PE,1.15,1.1,1.15,918046,58298,6444,14.28
2026-09-15 14:35:43,23210.0,2026-09-15,22900.0,CE,314.0,313.55,314.55,10150,1643,172,14.52
2026-09-15 14:35:43,23210.0,2026-09-15,22900.0,PE,1.55,1.5,1.55,2099182,123740,19321,13.09
2026-09-15 14:35:43,23210.0,2026-09-15,22950.0,CE,265.2,264.4,265.2,8027,2047,1080,13.38
2026-09-15 14:35:43,23210.0,2026-09-15,22950.0,PE,2.45,2.4,2.45,1883914,85046,30619,12.37
2026-09-15 14:35:43,23210.0,2026-09-15,23000.0,CE,216.6,216.1,216.75,110505,17974,11997,13.06
2026-09-15 14:35:43,23210.0,2026-09-15,23000.0,PE,4.1,4.05,4.1,4530282,242322,52181,11.61
2026-09-15 14:35:43,23210.0,2026-09-15,23050.0,CE,169.15,169.9,170.45,43232,6135,4205,11.38
2026-09-15 14:35:43,23210.0,2026-09-15,23050.0,PE,7.15,7.15,7.25,3479766,125436,76002,11.05
2026-09-15 14:35:43,23210.0,2026-09-15,23100.0,CE,125.95,125.65,125.95,313817,37854,32303,10.8
2026-09-15 14:35:43,23210.0,2026-09-15,23100.0,PE,13.6,13.6,13.7,6417502,256419,134914,10.62
2026-09-15 14:35:43,23210.0,2026-09-15,23150.0,CE,86.9,86.95,87.2,508360,55341,51216,10.34
2026-09-15 14:35:43,23210.0,2026-09-15,23150.0,PE,25.0,25.0,25.1,7503239,216793,151022,10.41
2026-09-15 14:35:43,23210.0,2026-09-15,23200.0,CE,56.05,56.0,56.15,2417048,253100,235233,10.38
2026-09-15 14:35:43,23210.0,2026-09-15,23200.0,PE,43.4,43.35,43.5,12687435,337369,167553,10.15
2026-09-15 14:35:43,23210.0,2026-09-15,23250.0,CE,32.8,32.75,32.85,3957951,341814,320231,10.2
2026-09-15 14:35:43,23210.0,2026-09-15,23250.0,PE,70.6,70.55,70.7,12319373,184008,60337,10.2
2026-09-15 14:35:43,23210.0,2026-09-15,23300.0,CE,18.3,18.25,18.3,9523774,558050,515326,10.55
2026-09-15 14:35:43,23210.0,2026-09-15,23300.0,PE,106.1,106.1,106.35,16520002,157596,-54747,10.21
2026-09-15 14:35:43,23210.0,2026-09-15,23350.0,CE,9.9,9.9,9.95,9926246,461129,428457,10.96
2026-09-15 14:35:43,23210.0,2026-09-15,23350.0,PE,147.9,147.8,148.1,10410136,71762,-21843,10.83
2026-09-15 14:35:43,23210.0,2026-09-15,23400.0,CE,5.9,5.9,5.95,12301934,478374,383618,11.77
2026-09-15 14:35:43,23210.0,2026-09-15,23400.0,PE,193.0,192.5,193.1,9091175,80458,-57845,11.39
2026-09-15 14:35:43,23210.0,2026-09-15,23450.0,CE,3.7,3.7,3.75,8582501,286070,223938,12.64
2026-09-15 14:35:43,23210.0,2026-09-15,23450.0,PE,241.6,241.5,242.0,4865717,38760,-15828,12.23
2026-09-15 14:35:43,23210.0,2026-09-15,23500.0,CE,2.65,2.6,2.65,11438422,502274,359198,13.79
2026-09-15 14:35:43,23210.0,2026-09-15,23500.0,PE,290.35,289.6,290.35,4470520,47511,-17806,8.98
2026-09-15 14:35:43,23210.0,2026-09-15,23550.0,CE,1.95,1.9,1.95,6201948,211461,136373,14.86
2026-09-15 14:35:43,23210.0,2026-09-15,23550.0,PE,339.15,338.7,339.45,1231233,11912,-2247,13.53
2026-09-15 14:35:43,23210.0,2026-09-15,23600.0,CE,1.5,1.5,1.55,5999689,253082,131499,16.01
2026-09-15 14:35:43,23210.0,2026-09-15,23600.0,PE,388.0,388.3,389.25,969614,15497,-5899,14.6
2026-09-15 14:35:43,23210.0,2026-09-15,23650.0,CE,1.25,1.25,1.3,4101064,164186,87667,17.19
2026-09-15 14:35:43,23210.0,2026-09-15,23650.0,PE,435.0,436.1,437.55,252611,6153,-1990,14.26
2026-09-15 14:35:43,23210.0,2026-09-15,23700.0,CE,1.0,1.0,1.05,3560762,246117,91657,18.19
2026-09-15 14:35:43,23210.0,2026-09-15,23700.0,PE,485.0,487.45,488.9,186049,17423,-5668,
2026-09-15 14:36:43,23210.9,2026-09-15,22700.0,CE,510.9,512.25,514.5,1803,1022,360,20.66
2026-09-15 14:36:43,23210.9,2026-09-15,22700.0,PE,0.45,0.4,0.45,986690,102304,25154,17.36
2026-09-15 14:36:43,23210.9,2026-09-15,22750.0,CE,462.2,462.35,464.5,528,203,-96,
2026-09-15 14:36:43,23210.9,2026-09-15,22750.0,PE,0.6,0.55,0.6,731015,44513,5341,16.19
2026-09-15 14:36:43,23210.9,2026-09-15,22800.0,CE,414.35,413.35,414.85,4145,1891,550,18.46
2026-09-15 14:36:43,23210.9,2026-09-15,22800.0,PE,0.8,0.75,0.8,1472434,147532,49160,15.55
2026-09-15 14:36:43,23210.9,2026-09-15,22850.0,CE,361.6,363.55,364.65,1741,616,117,17.94
2026-09-15 14:36:43,23210.9,2026-09-15,22850.0,PE,1.05,1.05,1.1,926340,59807,7953,14.28
2026-09-15 14:36:43,23210.9,2026-09-15,22900.0,CE,315.0,313.8,314.75,10359,1651,180,14.52
2026-09-15 14:36:43,23210.9,2026-09-15,22900.0,PE,1.45,1.4,1.45,2114255,125351,20932,13.09
2026-09-15 14:36:43,23210.9,2026-09-15,22950.0,CE,263.8,265.1,266.0,8127,1665,698,13.38
2026-09-15 14:36:43,23210.9,2026-09-15,22950.0,PE,2.3,2.3,2.35,1894564,87432,33005,12.37
2026-09-15 14:36:43,23210.9,2026-09-15,23000.0,CE,218.0,216.9,217.45,111821,19037,13060,13.06
2026-09-15 14:36:43,23210.9,2026-09-15,23000.0,PE,4.05,4.0,4.05,4554216,247919,57778,11.61
2026-09-15 14:36:43,23210.9,2026-09-15,23050.0,CE,170.5,169.9,170.4,43618,6136,4206,11.38
2026-09-15 14:36:43,23210.9,2026-09-15,23050.0,PE,7.2,7.15,7.25,3504978,132348,82914,11.05
2026-09-15 14:36:43,23210.9,2026-09-15,23100.0,CE,126.6,126.7,127.05,319226,38410,32859,10.8
2026-09-15 14:36:43,23210.9,2026-09-15,23100.0,PE,13.5,13.5,13.55,6463306,259234,137729,10.62
2026-09-15 14:36:43,23210.9,2026-09-15,23150.0,CE,88.05,87.85,88.05,518903,56584,52459,10.34
2026-09-15 14:36:43,23210.9,2026-09-15,23150.0,PE,25.0,25.0,25.05,7553193,221474,155703,10.41
2026-09-15 14:36:43,23210.9,2026-09-15,23200.0,CE,56.4,56.25,56.4,2459542,259709,241842,10.38
2026-09-15 14:36:43,23210.9,2026-09-15,23200.0,PE,43.6,43.45,43.55,12759214,343983,174167,10.15
2026-09-15 14:36:43,23210.9,2026-09-15,23250.0,CE,33.0,33.0,33.1,4009168,349103,327520,10.2
2026-09-15 14:36:43,23210.9,2026-09-15,23250.0,PE,70.55,70.4,70.6,12350528,184150,60479,10.2
2026-09-15 14:36:43,23210.9,2026-09-15,23300.0,CE,18.3,18.3,18.4,9575520,560986,518262,10.55
2026-09-15 14:36:43,23210.9,2026-09-15,23300.0,PE,105.55,105.3,105.45,16539589,156949,-55394,10.21
2026-09-15 14:36:43,23210.9,2026-09-15,23350.0,CE,9.9,9.9,9.95,9964228,463667,430995,10.96
2026-09-15 14:36:43,23210.9,2026-09-15,23350.0,PE,147.15,147.0,147.4,10415886,71503,-22102,10.83
2026-09-15 14:36:43,23210.9,2026-09-15,23400.0,CE,5.85,5.8,5.85,12349179,475156,380400,11.77
2026-09-15 14:36:43,23210.9,2026-09-15,23400.0,PE,192.6,192.35,192.9,9095555,80735,-57568,11.39
2026-09-15 14:36:43,23210.9,2026-09-15,23450.0,CE,3.7,3.65,3.7,8618169,282082,219950,12.64
2026-09-15 14:36:43,23210.9,2026-09-15,23450.0,PE,241.0,240.25,240.9,4866975,37743,-16845,12.23
2026-09-15 14:36:43,23210.9,2026-09-15,23500.0,CE,2.55,2.55,2.6,11494162,483889,340813,13.79
2026-09-15 14:36:43,23210.9,2026-09-15,23500.0,PE,289.85,288.85,289.6,4471415,47116,-18201,8.98
2026-09-15 14:36:43,23210.9,2026-09-15,23550.0,CE,1.9,1.85,1.9,6242406,203011,127923,14.86
2026-09-15 14:36:43,23210.9,2026-09-15,23550.0,PE,339.6,338.35,339.3,1231404,11831,-2328,13.53
2026-09-15 14:36:43,23210.9,2026-09-15,23600.0,CE,1.45,1.4,1.45,6037068,249230,127647,16.01
2026-09-15 14:36:43,23210.9,2026-09-15,23600.0,PE,388.0,388.0,389.05,970110,15439,-5957,14.6
2026-09-15 14:36:43,23210.9,2026-09-15,23650.0,CE,1.2,1.2,1.25,4129075,159178,82659,17.19
2026-09-15 14:36:43,23210.9,2026-09-15,23650.0,PE,438.1,437.25,438.7,252666,6211,-1932,14.26
2026-09-15 14:36:43,23210.9,2026-09-15,23700.0,CE,1.0,1.0,1.05,3581402,241659,87199,18.19
2026-09-15 14:36:43,23210.9,2026-09-15,23700.0,PE,488.05,487.25,488.7,186147,17348,-5743,
2026-09-15 14:37:43,23210.65,2026-09-15,22700.0,CE,510.9,511.35,513.9,1803,1022,360,20.66
2026-09-15 14:37:43,23210.65,2026-09-15,22700.0,PE,0.45,0.4,0.45,991202,100907,23757,17.36
2026-09-15 14:37:43,23210.65,2026-09-15,22750.0,CE,462.2,461.45,463.65,528,203,-96,
2026-09-15 14:37:43,23210.65,2026-09-15,22750.0,PE,0.65,0.6,0.65,733171,44513,5341,16.19
2026-09-15 14:37:43,23210.65,2026-09-15,22800.0,CE,412.75,412.25,413.8,4175,1891,550,18.46
2026-09-15 14:37:43,23210.65,2026-09-15,22800.0,PE,0.75,0.75,0.8,1475925,147532,49160,15.55
2026-09-15 14:37:43,23210.65,2026-09-15,22850.0,CE,362.8,362.5,363.75,1760,618,119,17.94
2026-09-15 14:37:43,23210.65,2026-09-15,22850.0,PE,1.1,1.05,1.1,934856,59807,7953,14.28
2026-09-15 14:37:43,23210.65,2026-09-15,22900.0,CE,313.2,312.95,314.0,10419,1656,185,14.52
2026-09-15 14:37:43,23210.65,2026-09-15,22900.0,PE,1.35,1.35,1.4,2127258,125351,20932,13.09
2026-09-15 14:37:43,23210.65,2026-09-15,22950.0,CE,264.35,263.8,264.5,8224,1654,687,13.38
2026-09-15 14:37:43,23210.65,2026-09-15,22950.0,PE,2.25,2.2,2.25,1902162,87432,33005,12.37
2026-09-15 14:37:43,23210.65,2026-09-15,23000.0,CE,215.85,215.85,216.55,113029,18909,12932,13.06
2026-09-15 14:37:43,23210.65,2026-09-15,23000.0,PE,3.85,3.85,3.9,4576614,246249,56108,11.61
2026-09-15 14:37:43,23210.65,2026-09-15,23050.0,CE,169.3,169.0,169.45,44063,6181,4251,11.38
2026-09-15 14:37:43,23210.65,2026-09-15,23050.0,PE,7.1,7.05,7.1,3528437,136145,86711,11.05
2026-09-15 14:37:43,23210.65,2026-09-15,23100.0,CE,126.35,125.9,126.0,323837,38410,32859,10.8
2026-09-15 14:37:43,23210.65,2026-09-15,23100.0,PE,13.5,13.5,13.55,6506298,259234,137729,10.62
2026-09-15 14:37:43,23210.65,2026-09-15,23150.0,CE,87.4,87.4,87.55,526945,56584,52459,10.34
2026-09-15 14:37:43,23210.65,2026-09-15,23150.0,PE,25.2,25.15,25.2,7602710,221474,155703,10.41
2026-09-15 14:37:43,23210.65,2026-09-15,23200.0,CE,56.2,56.2,56.25,2498044,259709,241842,10.38
2026-09-15 14:37:43,23210.65,2026-09-15,23200.0,PE,43.8,43.7,43.8,12827255,343983,174167,10.15
2026-09-15 14:37:43,23210.65,2026-09-15,23250.0,CE,33.1,33.0,33.1,4049436,349103,327520,10.2
2026-09-15 14:37:43,23210.65,2026-09-15,23250.0,PE,71.2,71.3,71.5,12380872,184150,60479,10.2
2026-09-15 14:37:43,23210.65,2026-09-15,23300.0,CE,18.35,18.35,18.45,9615799,560986,518262,10.55
2026-09-15 14:37:43,23210.65,2026-09-15,23300.0,PE,106.2,106.2,106.45,16555860,156949,-55394,10.21
2026-09-15 14:37:43,23210.65,2026-09-15,23350.0,CE,10.0,10.0,10.05,9991273,462790,430118,10.96
2026-09-15 14:37:43,23210.65,2026-09-15,23350.0,PE,147.9,147.9,148.3,10420425,71486,-22119,10.83
2026-09-15 14:37:43,23210.65,2026-09-15,23400.0,CE,5.85,5.8,5.85,12370725,475573,380817,11.77
2026-09-15 14:37:43,23210.65,2026-09-15,23400.0,PE,193.7,193.45,194.0,9099608,80743,-57560,11.39
2026-09-15 14:37:43,23210.65,2026-09-15,23450.0,CE,3.55,3.55,3.6,8635029,282082,219950,12.64
2026-09-15 14:37:43,23210.65,2026-09-15,23450.0,PE,241.3,241.65,242.0,4867578,37743,-16845,12.23
2026-09-15 14:37:43,23210.65,2026-09-15,23500.0,CE,2.5,2.45,2.5,11522394,483889,340813,13.79
2026-09-15 14:37:43,23210.65,2026-09-15,23500.0,PE,290.0,290.0,290.25,4472353,47116,-18201,8.98
2026-09-15 14:37:43,23210.65,2026-09-15,23550.0,CE,1.8,1.75,1.8,6260277,203011,127923,14.86
2026-09-15 14:37:43,23210.65,2026-09-15,23550.0,PE,338.95,338.65,339.75,1231483,11831,-2328,13.53
2026-09-15 14:37:43,23210.65,2026-09-15,23600.0,CE,1.35,1.3,1.35,6074993,249230,127647,16.01
2026-09-15 14:37:43,23210.65,2026-09-15,23600.0,PE,389.0,388.5,389.7,970292,15439,-5957,14.6
2026-09-15 14:37:43,23210.65,2026-09-15,23650.0,CE,1.15,1.1,1.15,4159766,159178,82659,17.19
2026-09-15 14:37:43,23210.65,2026-09-15,23650.0,PE,439.15,438.15,439.6,252675,6206,-1937,14.26
2026-09-15 14:37:43,23210.65,2026-09-15,23700.0,CE,0.95,0.95,1.0,3589958,243453,88993,18.19
2026-09-15 14:37:43,23210.65,2026-09-15,23700.0,PE,487.55,488.4,490.1,186202,17363,-5728,
2026-09-15 14:38:43,23212.3,2026-09-15,22700.0,CE,516.5,513.8,515.9,1804,1021,359,20.66
2026-09-15 14:38:43,23212.3,2026-09-15,22700.0,PE,0.4,0.4,0.45,992043,100710,23560,17.36
2026-09-15 14:38:43,23212.3,2026-09-15,22750.0,CE,462.2,464.3,465.9,528,203,-96,
2026-09-15 14:38:43,23212.3,2026-09-15,22750.0,PE,0.6,0.55,0.6,734071,45019,5847,16.19
2026-09-15 14:38:43,23212.3,2026-09-15,22800.0,CE,413.0,414.5,415.9,4190,1870,529,18.46
2026-09-15 14:38:43,23212.3,2026-09-15,22800.0,PE,0.7,0.7,0.75,1479772,146690,48318,15.55
2026-09-15 14:38:43,23212.3,2026-09-15,22850.0,CE,362.65,364.65,365.95,1765,618,119,17.94
2026-09-15 14:38:43,23212.3,2026-09-15,22850.0,PE,1.0,1.0,1.05,941895,60525,8671,14.28
2026-09-15 14:38:43,23212.3,2026-09-15,22900.0,CE,314.6,315.05,316.0,10494,1676,205,14.52
2026-09-15 14:38:43,23212.3,2026-09-15,22900.0,PE,1.35,1.35,1.4,2151752,126758,22339,13.09
2026-09-15 14:38:43,23212.3,2026-09-15,22950.0,CE,266.5,266.05,266.8,8318,1680,713,13.38
2026-09-15 14:38:43,23212.3,2026-09-15,22950.0,PE,2.15,2.15,2.2,1917715,87056,32629,12.37
2026-09-15 14:38:43,23212.3,2026-09-15,23000.0,CE,218.6,218.1,218.75,114450,18325,12348,13.06
2026-09-15 14:38:43,23212.3,2026-09-15,23000.0,PE,3.8,3.8,3.85,4611890,243659,53518,11.61
2026-09-15 14:38:43,23212.3,2026-09-15,23050.0,CE,170.9,171.2,171.5,44611,6068,4138,11.38
2026-09-15 14:38:43,23212.3,2026-09-15,23050.0,PE,6.9,6.9,6.95,3562570,136609,87175,11.05
2026-09-15 14:38:43,23212.3,2026-09-15,23100.0,CE,127.65,127.4,127.75,327983,38046,32495,10.8
2026-09-15 14:38:43,23212.3,2026-09-15,23100.0,PE,13.25,13.25,13.35,6558453,264802,143297,10.62
2026-09-15 14:38:43,23212.3,2026-09-15,23150.0,CE,88.75,88.6,88.75,535866,56266,52141,10.34
2026-09-15 14:38:43,23212.3,2026-09-15,23150.0,PE,24.7,24.7,24.8,7656867,225091,159320,10.41
2026-09-15 14:38:43,23212.3,2026-09-15,23200.0,CE,57.45,57.3,57.45,2538981,259473,241606,10.38
2026-09-15 14:38:43,23212.3,2026-09-15,23200.0,PE,43.2,43.1,43.2,12890052,349354,179538,10.15
2026-09-15 14:38:43,23212.3,2026-09-15,23250.0,CE,34.0,34.0,34.05,4097468,347395,325812,10.2
2026-09-15 14:38:43,23212.3,2026-09-15,23250.0,PE,69.95,69.9,70.1,12407968,185287,61616,10.2
2026-09-15 14:38:43,23212.3,2026-09-15,23300.0,CE,18.95,18.95,19.0,9663928,559027,516303,10.55
2026-09-15 14:38:43,23212.3,2026-09-15,23300.0,PE,104.85,104.6,104.85,16575058,150680,-61663,10.21
2026-09-15 14:38:43,23212.3,2026-09-15,23350.0,CE,10.3,10.3,10.35,10029220,455404,422732,10.96
2026-09-15 14:38:43,23212.3,2026-09-15,23350.0,PE,146.35,145.95,146.05,10424773,71486,-22119,10.83
2026-09-15 14:38:43,23212.3,2026-09-15,23400.0,CE,6.0,6.0,6.05,12399376,475081,380325,11.77
2026-09-15 14:38:43,23212.3,2026-09-15,23400.0,PE,191.9,191.55,191.75,9102918,80514,-57789,11.39
2026-09-15 14:38:43,23212.3,2026-09-15,23450.0,CE,3.75,3.7,3.75,8658480,279443,217311,12.64
2026-09-15 14:38:43,23212.3,2026-09-15,23450.0,PE,239.35,239.35,239.8,4868339,37532,-17056,12.23
2026-09-15 14:38:43,23212.3,2026-09-15,23500.0,CE,2.6,2.55,2.6,11554107,481448,338372,13.79
2026-09-15 14:38:43,23212.3,2026-09-15,23500.0,PE,287.85,287.95,288.45,4473969,46616,-18701,8.98
2026-09-15 14:38:43,23212.3,2026-09-15,23550.0,CE,1.85,1.8,1.85,6282736,202937,127849,14.86
2026-09-15 14:38:43,23212.3,2026-09-15,23550.0,PE,338.0,336.9,337.8,1231696,11731,-2428,13.53
2026-09-15 14:38:43,23212.3,2026-09-15,23600.0,CE,1.3,1.3,1.35,6093214,248249,126666,16.01
2026-09-15 14:38:43,23212.3,2026-09-15,23600.0,PE,386.65,386.45,386.9,970569,15400,-5996,14.6
2026-09-15 14:38:43,23212.3,2026-09-15,23650.0,CE,1.1,1.1,1.15,4166566,157073,80554,17.19
2026-09-15 14:38:43,23212.3,2026-09-15,23650.0,PE,437.45,435.75,436.85,252706,6203,-1940,14.26
2026-09-15 14:38:43,23212.3,2026-09-15,23700.0,CE,0.95,0.9,0.95,3596946,239851,85391,18.19
2026-09-15 14:38:43,23212.3,2026-09-15,23700.0,PE,487.0,486.3,487.15,186223,14143,-8948,
2026-09-15 14:39:44,23223.1,2026-09-15,22700.0,CE,512.25,516.8,518.95,1805,1021,359,
2026-09-15 14:39:44,23223.1,2026-09-15,22700.0,PE,0.45,0.4,0.45,993034,100651,23501,17.17
2026-09-15 14:39:44,23223.1,2026-09-15,22750.0,CE,462.2,466.75,467.9,528,203,-96,
2026-09-15 14:39:44,23223.1,2026-09-15,22750.0,PE,0.55,0.55,0.6,735055,44979,5807,16.04
2026-09-15 14:39:44,23223.1,2026-09-15,22800.0,CE,417.0,417.4,418.85,4195,1868,527,
2026-09-15 14:39:44,23223.1,2026-09-15,22800.0,PE,0.7,0.65,0.7,1483900,146448,48076,15.33
2026-09-15 14:39:44,23223.1,2026-09-15,22850.0,CE,365.1,366.65,368.05,1792,618,119,
2026-09-15 14:39:44,23223.1,2026-09-15,22850.0,PE,1.0,1.0,1.05,944846,60817,8963,14.3
2026-09-15 14:39:44,23223.1,2026-09-15,22900.0,CE,317.65,317.35,318.25,10570,1677,206,11.65
2026-09-15 14:39:44,23223.1,2026-09-15,22900.0,PE,1.4,1.4,1.45,2162009,126701,22282,13.12
2026-09-15 14:39:44,23223.1,2026-09-15,22950.0,CE,268.0,268.7,269.55,8358,1680,713,12.26
2026-09-15 14:39:44,23223.1,2026-09-15,22950.0,PE,2.15,2.1,2.2,1927457,87900,33473,12.34
2026-09-15 14:39:44,23223.1,2026-09-15,23000.0,CE,221.65,220.6,221.2,115109,18333,12356,11.38
2026-09-15 14:39:44,23223.1,2026-09-15,23000.0,PE,3.7,3.65,3.7,4626607,245228,55087,11.61
2026-09-15 14:39:44,23223.1,2026-09-15,23050.0,CE,173.65,173.35,173.75,45086,6128,4198,10.89
2026-09-15 14:39:44,23223.1,2026-09-15,23050.0,PE,6.55,6.55,6.6,3579962,140365,90931,11.02
2026-09-15 14:39:44,23223.1,2026-09-15,23100.0,CE,129.9,129.65,130.0,330864,37758,32207,10.48
2026-09-15 14:39:44,23223.1,2026-09-15,23100.0,PE,12.6,12.6,12.65,6601453,267818,146313,10.6
2026-09-15 14:39:44,23223.1,2026-09-15,23150.0,CE,90.75,90.5,90.7,542694,56284,52159,10.18
2026-09-15 14:39:44,23223.1,2026-09-15,23150.0,PE,23.9,23.8,23.9,7684163,228419,162648,10.38
2026-09-15 14:39:44,23223.1,2026-09-15,23200.0,CE,58.85,58.7,58.85,2572504,257848,239981,10.07
2026-09-15 14:39:44,23223.1,2026-09-15,23200.0,PE,42.45,42.45,42.6,12934662,348187,178371,10.35
2026-09-15 14:39:44,23223.1,2026-09-15,23250.0,CE,34.9,34.9,35.0,4134892,344576,322993,10.14
2026-09-15 14:39:44,23223.1,2026-09-15,23250.0,PE,68.7,68.65,68.85,12425025,184991,61320,10.34
2026-09-15 14:39:44,23223.1,2026-09-15,23300.0,CE,19.65,19.55,19.65,9705730,563510,520786,10.4
2026-09-15 14:39:44,23223.1,2026-09-15,23300.0,PE,102.45,102.45,102.7,16585861,150028,-62315,10.61
2026-09-15 14:39:44,23223.1,2026-09-15,23350.0,CE,10.65,10.65,10.75,10054273,451835,419163,10.89
2026-09-15 14:39:44,23223.1,2026-09-15,23350.0,PE,143.85,143.45,143.7,10427321,71413,-22192,11.07
2026-09-15 14:39:44,23223.1,2026-09-15,23400.0,CE,6.2,6.2,6.25,12417371,474672,379916,11.66
2026-09-15 14:39:44,23223.1,2026-09-15,23400.0,PE,188.85,188.7,189.15,9105063,80406,-57897,11.64
2026-09-15 14:39:44,23223.1,2026-09-15,23450.0,CE,3.8,3.8,3.85,8668858,279877,217745,12.58
2026-09-15 14:39:44,23223.1,2026-09-15,23450.0,PE,237.5,236.5,237.15,4869903,36990,-17598,12.87
2026-09-15 14:39:44,23223.1,2026-09-15,23500.0,CE,2.6,2.55,2.6,11579385,480666,337590,13.71
2026-09-15 14:39:44,23223.1,2026-09-15,23500.0,PE,285.25,285.05,285.75,4474607,46545,-18772,13.7
2026-09-15 14:39:44,23223.1,2026-09-15,23550.0,CE,1.85,1.85,1.9,6296441,202145,127057,14.83
2026-09-15 14:39:44,23223.1,2026-09-15,23550.0,PE,335.0,334.85,335.85,1231938,11543,-2616,15.49
2026-09-15 14:39:44,23223.1,2026-09-15,23600.0,CE,1.3,1.3,1.35,6112291,247399,125816,15.91
2026-09-15 14:39:44,23223.1,2026-09-15,23600.0,PE,384.85,384.15,385.15,970681,15352,-6044,15.54
2026-09-15 14:39:44,23223.1,2026-09-15,23650.0,CE,1.15,1.15,1.2,4174127,156929,80410,17.08
2026-09-15 14:39:44,23223.1,2026-09-15,23650.0,PE,434.3,433.25,434.75,252794,6199,-1944,18.52
2026-09-15 14:39:44,23223.1,2026-09-15,23700.0,CE,0.9,0.9,0.95,3606789,237136,82676,18.28
2026-09-15 14:39:44,23223.1,2026-09-15,23700.0,PE,486.15,484.55,486.1,186313,14153,-8938,22.38
2026-09-15 14:40:44,23219.75,2026-09-15,22700.0,CE,512.25,520.75,523.7,1805,1021,359,
2026-09-15 14:40:44,23219.75,2026-09-15,22700.0,PE,0.4,0.4,0.45,994320,100651,23501,17.17
2026-09-15 14:40:44,23219.75,2026-09-15,22750.0,CE,462.2,472.6,474.35,528,203,-96,
2026-09-15 14:40:44,23219.75,2026-09-15,22750.0,PE,0.55,0.55,0.6,735453,44979,5807,16.04
2026-09-15 14:40:44,23219.75,2026-09-15,22800.0,CE,424.0,423.0,424.65,4212,1868,527,
2026-09-15 14:40:44,23219.75,2026-09-15,22800.0,PE,0.7,0.65,0.7,1486104,146448,48076,15.33
2026-09-15 14:40:44,23219.75,2026-09-15,22850.0,CE,373.8,373.0,374.25,1813,618,119,
2026-09-15 14:40:44,23219.75,2026-09-15,22850.0,PE,0.9,0.9,0.95,949303,60817,8963,14.3
2026-09-15 14:40:44,23219.75,2026-09-15,22900.0,CE,324.55,323.1,324.05,10774,1677,206,11.65
2026-09-15 14:40:44,23219.75,2026-09-15,22900.0,PE,1.2,1.2,1.25,2174942,126701,22282,13.12
2026-09-15 14:40:44,23219.75,2026-09-15,22950.0,CE,275.75,274.35,275.15,8465,1680,713,12.26
2026-09-15 14:40:44,23219.75,2026-09-15,22950.0,PE,1.9,1.85,1.9,1943316,87900,33473,12.34
2026-09-15 14:40:44,23219.75,2026-09-15,23000.0,CE,225.65,225.55,226.25,118593,18333,12356,11.38
2026-09-15 14:40:44,23219.75,2026-09-15,23000.0,PE,3.2,3.2,3.25,4656029,245228,55087,11.61
2026-09-15 14:40:44,23219.75,2026-09-15,23050.0,CE,178.9,178.5,178.9,46388,6128,4198,10.89
2026-09-15 14:40:44,23219.75,2026-09-15,23050.0,PE,5.9,5.85,5.9,3615073,140365,90931,11.02
2026-09-15 14:40:44,23219.75,2026-09-15,23100.0,CE,134.7,134.4,134.75,338885,37758,32207,10.48
2026-09-15 14:40:44,23219.75,2026-09-15,23100.0,PE,11.4,11.4,11.5,6669866,267818,146313,10.6
2026-09-15 14:40:44,23219.75,2026-09-15,23150.0,CE,94.45,94.2,94.45,555186,56284,52159,10.18
2026-09-15 14:40:44,23219.75,2026-09-15,23150.0,PE,22.1,22.0,22.1,7771231,228419,162648,10.38
2026-09-15 14:40:44,23219.75,2026-09-15,23200.0,CE,61.4,61.2,61.35,2641185,257848,239981,10.07
2026-09-15 14:40:44,23219.75,2026-09-15,23200.0,PE,39.8,39.75,39.8,13049846,348187,178371,10.35
2026-09-15 14:40:44,23219.75,2026-09-15,23250.0,CE,37.0,37.0,37.05,4207422,344576,322993,10.14
2026-09-15 14:40:44,23219.75,2026-09-15,23250.0,PE,64.95,64.8,64.95,12478448,184991,61320,10.34
2026-09-15 14:40:44,23219.75,2026-09-15,23300.0,CE,21.0,21.0,21.1,9783398,563510,520786,10.4
2026-09-15 14:40:44,23219.75,2026-09-15,23300.0,PE,98.3,98.0,98.25,16618296,150028,-62315,10.61
2026-09-15 14:40:44,23219.75,2026-09-15,23350.0,CE,11.45,11.45,11.55,10094806,451835,419163,10.89
2026-09-15 14:40:44,23219.75,2026-09-15,23350.0,PE,138.65,138.65,139.0,10436631,71413,-22192,11.07
2026-09-15 14:40:44,23219.75,2026-09-15,23400.0,CE,6.65,6.65,6.7,12447351,474672,379916,11.66
2026-09-15 14:40:44,23219.75,2026-09-15,23400.0,PE,183.6,183.15,183.6,9112220,80406,-57897,11.64
2026-09-15 14:40:44,23219.75,2026-09-15,23450.0,CE,4.1,4.05,4.1,8690307,279877,217745,12.58
2026-09-15 14:40:44,23219.75,2026-09-15,23450.0,PE,231.5,230.8,231.45,4872457,36990,-17598,12.87
2026-09-15 14:40:44,23219.75,2026-09-15,23500.0,CE,2.75,2.75,2.8,11602950,480666,337590,13.71
2026-09-15 14:40:44,23219.75,2026-09-15,23500.0,PE,280.35,279.75,280.45,4476634,46545,-18772,13.7
2026-09-15 14:40:44,23219.75,2026-09-15,23550.0,CE,1.95,1.9,1.95,6315843,202145,127057,14.83
2026-09-15 14:40:44,23219.75,2026-09-15,23550.0,PE,330.1,329.55,330.4,1232243,11543,-2616,15.49
2026-09-15 14:40:44,23219.75,2026-09-15,23600.0,CE,1.4,1.35,1.4,6127402,247399,125816,15.91
2026-09-15 14:40:44,23219.75,2026-09-15,23600.0,PE,377.65,378.1,378.75,971051,15352,-6044,15.54
2026-09-15 14:40:44,23219.75,2026-09-15,23650.0,CE,1.15,1.1,1.15,4187645,156929,80410,17.08
2026-09-15 14:40:44,23219.75,2026-09-15,23650.0,PE,426.65,427.2,428.4,252842,6199,-1944,18.52
2026-09-15 14:40:44,23219.75,2026-09-15,23700.0,CE,0.9,0.9,0.95,3617653,237136,82676,18.28
2026-09-15 14:40:44,23219.75,2026-09-15,23700.0,PE,479.25,478.2,479.35,186455,14153,-8938,22.38
2026-09-15 14:41:44,23221.5,2026-09-15,22700.0,CE,512.25,520.45,523.85,1805,1021,359,
2026-09-15 14:41:44,23221.5,2026-09-15,22700.0,PE,0.4,0.4,0.45,995989,100562,23412,17.26
2026-09-15 14:41:44,23221.5,2026-09-15,22750.0,CE,473.1,470.45,473.7,529,204,-95,
2026-09-15 14:41:44,23221.5,2026-09-15,22750.0,PE,0.55,0.55,0.6,736947,44921,5749,16.37
2026-09-15 14:41:44,23221.5,2026-09-15,22800.0,CE,422.1,422.0,423.7,4219,1850,509,19.12
2026-09-15 14:41:44,23221.5,2026-09-15,22800.0,PE,0.7,0.65,0.7,1491242,145526,47154,15.29
2026-09-15 14:41:44,23221.5,2026-09-15,22850.0,CE,372.1,372.15,373.4,1821,619,120,16.99
2026-09-15 14:41:44,23221.5,2026-09-15,22850.0,PE,0.95,0.95,1.0,954276,60062,8208,14.16
2026-09-15 14:41:44,23221.5,2026-09-15,22900.0,CE,324.0,323.3,324.35,10829,1606,135,14.37
2026-09-15 14:41:44,23221.5,2026-09-15,22900.0,PE,1.3,1.3,1.35,2186343,126650,22231,13.04
2026-09-15 14:41:44,23221.5,2026-09-15,22950.0,CE,275.05,274.6,275.45,8569,1667,700,14.29
2026-09-15 14:41:44,23221.5,2026-09-15,22950.0,PE,2.05,2.05,2.1,1955386,90431,36004,12.19
2026-09-15 14:41:44,23221.5,2026-09-15,23000.0,CE,226.75,226.4,226.75,120543,16176,10199,12.95
2026-09-15 14:41:44,23221.5,2026-09-15,23000.0,PE,3.45,3.4,3.45,4677901,242902,52761,11.41
2026-09-15 14:41:44,23221.5,2026-09-15,23050.0,CE,179.1,179.05,179.2,47218,5694,3764,12.08
2026-09-15 14:41:44,23221.5,2026-09-15,23050.0,PE,6.15,6.15,6.2,3638832,139524,90090,10.77
2026-09-15 14:41:44,23221.5,2026-09-15,23100.0,CE,135.0,134.75,135.1,346156,35528,29977,11.35
2026-09-15 14:41:44,23221.5,2026-09-15,23100.0,PE,12.2,12.15,12.2,6724965,276866,155361,10.41
2026-09-15 14:41:44,23221.5,2026-09-15,23150.0,CE,94.95,94.6,94.9,567064,55018,50893,10.69
2026-09-15 14:41:44,23221.5,2026-09-15,23150.0,PE,22.95,22.85,22.95,7832332,227831,162060,10.24
2026-09-15 14:41:44,23221.5,2026-09-15,23200.0,CE,62.85,62.8,62.85,2696471,249488,231621,10.57
2026-09-15 14:41:44,23221.5,2026-09-15,23200.0,PE,39.95,39.9,40.0,13146816,358869,189053,10.04
2026-09-15 14:41:44,23221.5,2026-09-15,23250.0,CE,37.8,37.7,37.8,4274438,339429,317846,10.34
2026-09-15 14:41:44,23221.5,2026-09-15,23250.0,PE,65.55,65.4,65.55,12524622,183003,59332,10.09
2026-09-15 14:41:44,23221.5,2026-09-15,23300.0,CE,21.65,21.55,21.6,9858374,566694,523970,10.54
2026-09-15 14:41:44,23221.5,2026-09-15,23300.0,PE,98.55,98.4,98.6,16647084,149536,-62807,9.84
2026-09-15 14:41:44,23221.5,2026-09-15,23350.0,CE,12.0,11.9,11.95,10136189,450955,418283,10.83
2026-09-15 14:41:44,23221.5,2026-09-15,23350.0,PE,138.85,138.55,138.85,10443613,69968,-23637,10.02
2026-09-15 14:41:44,23221.5,2026-09-15,23400.0,CE,6.85,6.85,6.9,12481239,473679,378923,11.46
2026-09-15 14:41:44,23221.5,2026-09-15,23400.0,PE,183.9,183.2,183.65,9118090,80077,-58226,9.59
2026-09-15 14:41:44,23221.5,2026-09-15,23450.0,CE,4.2,4.15,4.2,8711084,281774,219642,12.22
2026-09-15 14:41:44,23221.5,2026-09-15,23450.0,PE,230.95,231.95,232.5,4873811,35924,-18664,9.59
2026-09-15 14:41:44,23221.5,2026-09-15,23500.0,CE,2.85,2.85,2.9,11636421,484968,341892,13.15
2026-09-15 14:41:44,23221.5,2026-09-15,23500.0,PE,280.0,280.2,281.0,4477991,45992,-19325,9.58
2026-09-15 14:41:44,23221.5,2026-09-15,23550.0,CE,1.95,1.95,2.0,6341455,200806,125718,14.13
2026-09-15 14:41:44,23221.5,2026-09-15,23550.0,PE,328.5,328.4,329.0,1232444,11384,-2775,
2026-09-15 14:41:44,23221.5,2026-09-15,23600.0,CE,1.4,1.4,1.45,6140484,245648,124065,15.05
2026-09-15 14:41:44,23221.5,2026-09-15,23600.0,PE,377.2,378.45,379.2,971327,15235,-6161,
2026-09-15 14:41:44,23221.5,2026-09-15,23650.0,CE,1.15,1.15,1.2,4206934,153813,77294,16.22
2026-09-15 14:41:44,23221.5,2026-09-15,23650.0,PE,429.1,428.55,429.7,252955,6176,-1967,
2026-09-15 14:41:44,23221.5,2026-09-15,23700.0,CE,1.0,0.95,1.0,3631415,235052,80592,17.33
2026-09-15 14:41:44,23221.5,2026-09-15,23700.0,PE,478.25,477.15,478.85,186500,14062,-9029,
2026-09-15 14:42:45,23220.1,2026-09-15,22700.0,CE,512.25,523.8,526.0,1805,1021,359,
2026-09-15 14:42:45,23220.1,2026-09-15,22700.0,PE,0.45,0.4,0.45,996516,100562,23412,17.24
2026-09-15 14:42:45,23220.1,2026-09-15,22750.0,CE,473.1,473.2,475.3,529,204,-95,20.56
2026-09-15 14:42:45,23220.1,2026-09-15,22750.0,PE,0.55,0.55,0.6,737971,44921,5749,16.36
2026-09-15 14:42:45,23220.1,2026-09-15,22800.0,CE,426.35,424.15,425.0,4231,1850,509,
2026-09-15 14:42:45,23220.1,2026-09-15,22800.0,PE,0.65,0.65,0.7,1492820,145526,47154,15.12
2026-09-15 14:42:45,23220.1,2026-09-15,22850.0,CE,372.45,374.2,375.4,1823,622,123,
2026-09-15 14:42:45,23220.1,2026-09-15,22850.0,PE,0.95,0.9,0.95,957954,60062,8208,14.25
2026-09-15 14:42:45,23220.1,2026-09-15,22900.0,CE,325.45,324.55,325.6,10882,1606,135,
2026-09-15 14:42:45,23220.1,2026-09-15,22900.0,PE,1.25,1.25,1.3,2191221,126650,22231,13.26
2026-09-15 14:42:45,23220.1,2026-09-15,22950.0,CE,276.6,275.7,276.55,8736,1667,700,
2026-09-15 14:42:45,23220.1,2026-09-15,22950.0,PE,1.9,1.9,1.95,1963105,90431,36004,12.44
2026-09-15 14:42:45,23220.1,2026-09-15,23000.0,CE,227.1,226.8,227.3,121353,16176,10199,
2026-09-15 14:42:45,23220.1,2026-09-15,23000.0,PE,3.3,3.3,3.35,4696064,242902,52761,11.75
2026-09-15 14:42:45,23220.1,2026-09-15,23050.0,CE,180.5,180.15,180.65,47876,5694,3764,8.58
2026-09-15 14:42:45,23220.1,2026-09-15,23050.0,PE,5.95,5.95,6.0,3659223,139524,90090,11.2
2026-09-15 14:42:45,23220.1,2026-09-15,23100.0,CE,136.0,135.6,135.95,350750,35288,29737,9.34
2026-09-15 14:42:45,23220.1,2026-09-15,23100.0,PE,11.65,11.6,11.65,6761995,278961,157456,10.88
2026-09-15 14:42:45,23220.1,2026-09-15,23150.0,CE,95.95,96.0,96.2,574474,55018,50893,9.48
2026-09-15 14:42:45,23220.1,2026-09-15,23150.0,PE,22.1,22.0,22.1,7867099,227831,162060,10.78
2026-09-15 14:42:45,23220.1,2026-09-15,23200.0,CE,63.4,63.2,63.4,2735892,249488,231621,9.72
2026-09-15 14:42:45,23220.1,2026-09-15,23200.0,PE,39.45,39.35,39.45,13197101,358869,189053,10.85
2026-09-15 14:42:45,23220.1,2026-09-15,23250.0,CE,38.2,38.15,38.2,4326487,339429,317846,9.93
2026-09-15 14:42:45,23220.1,2026-09-15,23250.0,PE,64.7,64.7,64.8,12550870,183003,59332,10.95
2026-09-15 14:42:45,23220.1,2026-09-15,23300.0,CE,21.8,21.8,21.85,9912205,566694,523970,10.16
2026-09-15 14:42:45,23220.1,2026-09-15,23300.0,PE,97.4,97.4,97.7,16664611,149536,-62807,11.41
2026-09-15 14:42:45,23220.1,2026-09-15,23350.0,CE,12.0,12.0,12.05,10171710,450955,418283,10.6
2026-09-15 14:42:45,23220.1,2026-09-15,23350.0,PE,138.4,138.2,138.4,10447418,69968,-23637,12.23
2026-09-15 14:42:45,23220.1,2026-09-15,23400.0,CE,7.0,6.95,7.0,12505435,473679,378923,11.28
2026-09-15 14:42:45,23220.1,2026-09-15,23400.0,PE,182.0,181.9,182.35,9121919,80077,-58226,13.34
2026-09-15 14:42:45,23220.1,2026-09-15,23450.0,CE,4.25,4.2,4.25,8729509,281525,219393,12.11
2026-09-15 14:42:45,23220.1,2026-09-15,23450.0,PE,230.15,229.9,230.4,4874608,35778,-18810,15.03
2026-09-15 14:42:45,23220.1,2026-09-15,23500.0,CE,2.85,2.85,2.9,11666188,484968,341892,13.22
2026-09-15 14:42:45,23220.1,2026-09-15,23500.0,PE,278.0,277.95,278.75,4478779,45992,-19325,16.26
2026-09-15 14:42:45,23220.1,2026-09-15,23550.0,CE,1.95,1.9,1.95,6368759,200806,125718,14.15
2026-09-15 14:42:45,23220.1,2026-09-15,23550.0,PE,327.9,327.25,328.0,1232581,11384,-2775,18.05
2026-09-15 14:42:45,23220.1,2026-09-15,23600.0,CE,1.4,1.4,1.45,6159430,245648,124065,15.07
2026-09-15 14:42:45,23220.1,2026-09-15,23600.0,PE,377.0,376.95,378.15,971700,15235,-6161,19.61
2026-09-15 14:42:45,23220.1,2026-09-15,23650.0,CE,1.1,1.1,1.15,4218062,153813,77294,16.34
2026-09-15 14:42:45,23220.1,2026-09-15,23650.0,PE,426.05,426.2,427.3,253009,6176,-1967,22.1
2026-09-15 14:42:45,23220.1,2026-09-15,23700.0,CE,0.9,0.9,0.95,3641378,235052,80592,17.48
2026-09-15 14:42:45,23220.1,2026-09-15,23700.0,PE,475.7,477.05,478.25,186585,14062,-9029,24.01
2026-09-15 14:43:45,23215.65,2026-09-15,22700.0,CE,512.25,522.25,524.9,1805,1021,359,
2026-09-15 14:43:45,23215.65,2026-09-15,22700.0,PE,0.45,0.4,0.45,997981,100614,23464,17.24
2026-09-15 14:43:45,23215.65,2026-09-15,22750.0,CE,471.3,471.9,474.0,533,205,-94,20.56
2026-09-15 14:43:45,23215.65,2026-09-15,22750.0,PE,0.55,0.5,0.55,739577,45213,6041,16.36
2026-09-15 14:43:45,23215.65,2026-09-15,22800.0,CE,422.85,422.85,424.3,4330,1825,484,
2026-09-15 14:43:45,23215.65,2026-09-15,22800.0,PE,0.65,0.65,0.7,1495826,144805,46433,15.12
2026-09-15 14:43:45,23215.65,2026-09-15,22850.0,CE,376.25,373.0,374.25,1860,622,123,
2026-09-15 14:43:45,23215.65,2026-09-15,22850.0,PE,0.9,0.9,0.95,963036,61133,9279,14.25
2026-09-15 14:43:45,23215.65,2026-09-15,22900.0,CE,324.6,323.6,324.7,11172,1549,78,
2026-09-15 14:43:45,23215.65,2026-09-15,22900.0,PE,1.3,1.25,1.3,2204791,127520,23101,13.26
2026-09-15 14:43:45,23215.65,2026-09-15,22950.0,CE,275.8,274.25,275.0,9007,1577,610,
2026-09-15 14:43:45,23215.65,2026-09-15,22950.0,PE,2.0,1.95,2.0,1977076,90420,35993,12.44
2026-09-15 14:43:45,23215.65,2026-09-15,23000.0,CE,226.55,226.35,226.95,123953,15393,9416,
2026-09-15 14:43:45,23215.65,2026-09-15,23000.0,PE,3.45,3.4,3.45,4723512,247567,57426,11.75
2026-09-15 14:43:45,23215.65,2026-09-15,23050.0,CE,178.8,178.6,179.1,49600,5255,3325,8.58
2026-09-15 14:43:45,23215.65,2026-09-15,23050.0,PE,6.1,6.05,6.1,3687644,142851,93417,11.2
2026-09-15 14:43:45,23215.65,2026-09-15,23100.0,CE,134.3,134.35,134.65,361310,35119,29568,9.34
2026-09-15 14:43:45,23215.65,2026-09-15,23100.0,PE,11.65,11.65,11.7,6836535,280273,158768,10.88
2026-09-15 14:43:45,23215.65,2026-09-15,23150.0,CE,94.7,94.6,94.9,601311,53150,49025,9.48
2026-09-15 14:43:45,23215.65,2026-09-15,23150.0,PE,22.2,22.15,22.25,7943066,231727,165956,10.78
2026-09-15 14:43:45,23215.65,2026-09-15,23200.0,CE,62.0,61.9,62.0,2813819,238574,220707,9.72
2026-09-15 14:43:45,23215.65,2026-09-15,23200.0,PE,39.55,39.45,39.55,13321377,371431,201615,10.85
2026-09-15 14:43:45,23215.65,2026-09-15,23250.0,CE,37.35,37.2,37.35,4428275,330249,308666,9.93
2026-09-15 14:43:45,23215.65,2026-09-15,23250.0,PE,64.45,64.45,64.55,12613538,183501,59830,10.95
2026-09-15 14:43:45,23215.65,2026-09-15,23300.0,CE,20.8,20.7,20.8,10029994,558623,515899,10.16
2026-09-15 14:43:45,23215.65,2026-09-15,23300.0,PE,97.8,97.8,98.05,16702460,142723,-69620,11.41
2026-09-15 14:43:45,23215.65,2026-09-15,23350.0,CE,11.3,11.3,11.35,10245361,433089,400417,10.6
2026-09-15 14:43:45,23215.65,2026-09-15,23350.0,PE,139.0,138.25,138.6,10457852,68728,-24877,12.23
2026-09-15 14:43:45,23215.65,2026-09-15,23400.0,CE,6.4,6.35,6.4,12556512,473677,378921,11.28
2026-09-15 14:43:45,23215.65,2026-09-15,23400.0,PE,183.3,183.2,183.45,9131574,80479,-57824,13.34
2026-09-15 14:43:45,23215.65,2026-09-15,23450.0,CE,3.85,3.8,3.85,8763307,275557,213425,12.11
2026-09-15 14:43:45,23215.65,2026-09-15,23450.0,PE,231.3,230.65,231.3,4877357,35724,-18864,15.03
2026-09-15 14:43:45,23215.65,2026-09-15,23500.0,CE,2.5,2.5,2.55,11718493,475969,332893,13.22
2026-09-15 14:43:45,23215.65,2026-09-15,23500.0,PE,279.45,279.25,279.85,4481867,45895,-19422,16.26
2026-09-15 14:43:45,23215.65,2026-09-15,23550.0,CE,1.75,1.7,1.75,6399032,196602,121514,14.15
2026-09-15 14:43:45,23215.65,2026-09-15,23550.0,PE,328.4,328.5,329.3,1233177,11268,-2891,18.05
2026-09-15 14:43:45,23215.65,2026-09-15,23600.0,CE,1.25,1.25,1.3,6194443,245022,123439,15.07
2026-09-15 14:43:45,23215.65,2026-09-15,23600.0,PE,378.15,377.65,378.45,972231,15159,-6237,19.61
2026-09-15 14:43:45,23215.65,2026-09-15,23650.0,CE,1.0,1.0,1.05,4239923,151444,74925,16.34
2026-09-15 14:43:45,23215.65,2026-09-15,23650.0,PE,428.15,427.65,428.85,253256,6116,-2027,22.1
2026-09-15 14:43:45,23215.65,2026-09-15,23700.0,CE,0.75,0.75,0.8,3676349,225613,71153,17.48
2026-09-15 14:43:45,23215.65,2026-09-15,23700.0,PE,477.1,477.65,479.2,186773,14083,-9008,24.01
2026-09-15 14:44:45,23220.9,2026-09-15,22700.0,CE,512.25,521.8,524.4,1805,1021,359,
2026-09-15 14:44:45,23220.9,2026-09-15,22700.0,PE,0.45,0.4,0.45,998325,100614,23464,17.24
2026-09-15 14:44:45,23220.9,2026-09-15,22750.0,CE,471.3,471.2,473.45,533,205,-94,20.56
2026-09-15 14:44:45,23220.9,2026-09-15,22750.0,PE,0.55,0.5,0.55,739937,45213,6041,16.36
2026-09-15 14:44:45,23220.9,2026-09-15,22800.0,CE,420.7,421.7,423.25,4345,1825,484,
2026-09-15 14:44:45,23220.9,2026-09-15,22800.0,PE,0.65,0.65,0.7,1497630,144805,46433,15.12
2026-09-15 14:44:45,23220.9,2026-09-15,22850.0,CE,373.1,372.5,373.7,1866,622,123,
2026-09-15 14:44:45,23220.9,2026-09-15,22850.0,PE,0.95,0.95,1.0,964084,61133,9279,14.25
2026-09-15 14:44:45,23220.9,2026-09-15,22900.0,CE,322.45,322.35,323.55,11220,1549,78,
2026-09-15 14:44:45,23220.9,2026-09-15,22900.0,PE,1.35,1.3,1.35,2209204,127520,23101,13.26
2026-09-15 14:44:45,23220.9,2026-09-15,22950.0,CE,273.1,273.0,273.7,9054,1577,610,
2026-09-15 14:44:45,23220.9,2026-09-15,22950.0,PE,2.05,2.05,2.1,1982053,90420,35993,12.44
2026-09-15 14:44:45,23220.9,2026-09-15,23000.0,CE,226.15,225.05,225.6,124678,15393,9416,
2026-09-15 14:44:45,23220.9,2026-09-15,23000.0,PE,3.5,3.5,3.55,4732558,247567,57426,11.75
2026-09-15 14:44:45,23220.9,2026-09-15,23050.0,CE,177.5,177.6,178.1,49958,5255,3325,8.58
2026-09-15 14:44:45,23220.9,2026-09-15,23050.0,PE,6.3,6.3,6.35,3698180,142851,93417,11.2
2026-09-15 14:44:45,23220.9,2026-09-15,23100.0,CE,134.55,134.3,134.6,364789,33521,27970,9.34
2026-09-15 14:44:45,23220.9,2026-09-15,23100.0,PE,12.0,12.0,12.05,6867834,279176,157671,10.88
2026-09-15 14:44:45,23220.9,2026-09-15,23150.0,CE,94.3,94.05,94.3,609247,53150,49025,9.48
2026-09-15 14:44:45,23220.9,2026-09-15,23150.0,PE,22.65,22.6,22.7,7975043,231727,165956,10.78
2026-09-15 14:44:45,23220.9,2026-09-15,23200.0,CE,61.3,61.15,61.3,2847025,238574,220707,9.72
2026-09-15 14:44:45,23220.9,2026-09-15,23200.0,PE,40.1,40.0,40.1,13376798,371431,201615,10.85
2026-09-15 14:44:45,23220.9,2026-09-15,23250.0,CE,36.45,36.45,36.6,4475551,330249,308666,9.93
2026-09-15 14:44:45,23220.9,2026-09-15,23250.0,PE,65.1,64.9,65.1,12639738,183501,59830,10.95
2026-09-15 14:44:45,23220.9,2026-09-15,23300.0,CE,20.15,20.1,20.2,10083783,558623,515899,10.16
2026-09-15 14:44:45,23220.9,2026-09-15,23300.0,PE,98.4,98.45,98.7,16716667,142723,-69620,11.41
2026-09-15 14:44:45,23220.9,2026-09-15,23350.0,CE,10.9,10.85,10.9,10281944,433089,400417,10.6
2026-09-15 14:44:45,23220.9,2026-09-15,23350.0,PE,139.0,138.85,139.25,10464470,68728,-24877,12.23
2026-09-15 14:44:45,23220.9,2026-09-15,23400.0,CE,6.1,6.1,6.15,12588161,473677,378921,11.28
2026-09-15 14:44:45,23220.9,2026-09-15,23400.0,PE,184.35,184.0,184.35,9135113,80479,-57824,13.34
2026-09-15 14:44:45,23220.9,2026-09-15,23450.0,CE,3.7,3.7,3.75,8779094,274673,212541,12.11
2026-09-15 14:44:45,23220.9,2026-09-15,23450.0,PE,231.25,231.0,231.25,4878705,34646,-19942,15.03
2026-09-15 14:44:45,23220.9,2026-09-15,23500.0,CE,2.45,2.45,2.5,11744294,475969,332893,13.22
2026-09-15 14:44:45,23220.9,2026-09-15,23500.0,PE,281.05,280.1,280.95,4483008,45895,-19422,16.26
2026-09-15 14:44:45,23220.9,2026-09-15,23550.0,CE,1.7,1.65,1.7,6413286,196602,121514,14.15
2026-09-15 14:44:45,23220.9,2026-09-15,23550.0,PE,330.65,329.2,330.1,1233289,11268,-2891,18.05
2026-09-15 14:44:45,23220.9,2026-09-15,23600.0,CE,1.25,1.25,1.3,6202295,245022,123439,15.07
2026-09-15 14:44:45,23220.9,2026-09-15,23600.0,PE,379.15,378.5,379.55,972462,15159,-6237,19.61
2026-09-15 14:44:45,23220.9,2026-09-15,23650.0,CE,1.0,1.0,1.05,4241693,151444,74925,16.34
2026-09-15 14:44:45,23220.9,2026-09-15,23650.0,PE,430.2,428.0,429.1,253278,6116,-2027,22.1
2026-09-15 14:44:45,23220.9,2026-09-15,23700.0,CE,0.8,0.75,0.8,3679009,225613,71153,17.48
2026-09-15 14:44:45,23220.9,2026-09-15,23700.0,PE,478.15,478.7,480.05,186824,14083,-9008,24.01
2026-09-15 14:45:46,23217.15,2026-09-15,22700.0,CE,512.25,517.3,519.7,1805,1021,359,
2026-09-15 14:45:46,23217.15,2026-09-15,22700.0,PE,0.4,0.4,0.45,999866,100540,23390,17.26
2026-09-15 14:45:46,23217.15,2026-09-15,22750.0,CE,471.3,465.0,468.05,533,205,-94,
2026-09-15 14:45:46,23217.15,2026-09-15,22750.0,PE,0.5,0.45,0.5,742020,45740,6568,16.37
2026-09-15 14:45:46,23217.15,2026-09-15,22800.0,CE,418.05,418.3,420.1,4350,1808,467,19.12
2026-09-15 14:45:46,23217.15,2026-09-15,22800.0,PE,0.6,0.6,0.65,1502680,144808,46436,15.29
2026-09-15 14:45:46,23217.15,2026-09-15,22850.0,CE,370.0,368.1,369.3,1901,620,121,16.99
2026-09-15 14:45:46,23217.15,2026-09-15,22850.0,PE,1.0,0.95,1.0,968218,61695,9841,14.16
2026-09-15 14:45:46,23217.15,2026-09-15,22900.0,CE,317.8,318.95,320.1,11241,1520,49,14.37
2026-09-15 14:45:46,23217.15,2026-09-15,22900.0,PE,1.45,1.4,1.45,2218102,128717,24298,13.04
2026-09-15 14:45:46,23217.15,2026-09-15,22950.0,CE,269.25,270.0,270.8,9105,1550,583,14.29
2026-09-15 14:45:46,23217.15,2026-09-15,22950.0,PE,2.2,2.2,2.25,1988590,90747,36320,12.19
2026-09-15 14:45:46,23217.15,2026-09-15,23000.0,CE,220.85,220.45,220.85,125358,15075,9098,12.95
2026-09-15 14:45:46,23217.15,2026-09-15,23000.0,PE,3.9,3.9,3.95,4760665,247540,57399,11.41
2026-09-15 14:45:46,23217.15,2026-09-15,23050.0,CE,174.15,174.5,174.95,50400,5178,3248,12.08
2026-09-15 14:45:46,23217.15,2026-09-15,23050.0,PE,6.7,6.65,6.7,3713118,143633,94199,10.77
2026-09-15 14:45:46,23217.15,2026-09-15,23100.0,CE,129.55,129.3,129.6,368437,33521,27970,11.35
2026-09-15 14:45:46,23217.15,2026-09-15,23100.0,PE,12.8,12.8,12.85,6903262,279176,157671,10.41
2026-09-15 14:45:46,23217.15,2026-09-15,23150.0,CE,91.1,90.9,91.1,622192,52371,48246,10.69
2026-09-15 14:45:46,23217.15,2026-09-15,23150.0,PE,23.35,23.4,23.5,8006320,230122,164351,10.24
2026-09-15 14:45:46,23217.15,2026-09-15,23200.0,CE,58.65,58.65,58.8,2873894,238027,220160,10.57
2026-09-15 14:45:46,23217.15,2026-09-15,23200.0,PE,41.0,41.0,41.15,13420670,374511,204695,10.04
2026-09-15 14:45:46,23217.15,2026-09-15,23250.0,CE,34.7,34.6,34.7,4520019,331464,309881,10.34
2026-09-15 14:45:46,23217.15,2026-09-15,23250.0,PE,66.7,66.55,66.7,12661540,183810,60139,10.09
2026-09-15 14:45:46,23217.15,2026-09-15,23300.0,CE,18.8,18.8,18.85,10134240,559939,517215,10.54
2026-09-15 14:45:46,23217.15,2026-09-15,23300.0,PE,100.75,100.6,100.75,16728552,142398,-69945,9.84
2026-09-15 14:45:46,23217.15,2026-09-15,23350.0,CE,9.9,9.85,9.9,10317622,431417,398745,10.83
2026-09-15 14:45:46,23217.15,2026-09-15,23350.0,PE,142.9,143.05,143.4,10467864,67129,-26476,10.02
2026-09-15 14:45:46,23217.15,2026-09-15,23400.0,CE,5.7,5.65,5.7,12615382,470074,375318,11.46
2026-09-15 14:45:46,23217.15,2026-09-15,23400.0,PE,187.5,187.0,187.4,9137463,79973,-58330,9.59
2026-09-15 14:45:46,23217.15,2026-09-15,23450.0,CE,3.35,3.35,3.4,8796696,274673,212541,12.22
2026-09-15 14:45:46,23217.15,2026-09-15,23450.0,PE,236.25,236.25,236.9,4879568,34646,-19942,9.59
2026-09-15 14:45:46,23217.15,2026-09-15,23500.0,CE,2.4,2.35,2.4,11771510,471524,328448,13.15
2026-09-15 14:45:46,23217.15,2026-09-15,23500.0,PE,284.35,283.5,284.4,4483810,45828,-19489,9.58
2026-09-15 14:45:46,23217.15,2026-09-15,23550.0,CE,1.6,1.6,1.65,6432880,196185,121097,14.13
2026-09-15 14:45:46,23217.15,2026-09-15,23550.0,PE,333.75,333.15,333.6,1233422,11208,-2951,
2026-09-15 14:45:46,23217.15,2026-09-15,23600.0,CE,1.25,1.2,1.25,6211349,243019,121436,15.05
2026-09-15 14:45:46,23217.15,2026-09-15,23600.0,PE,383.05,382.15,383.0,972686,15051,-6345,
2026-09-15 14:45:46,23217.15,2026-09-15,23650.0,CE,1.0,1.0,1.05,4246610,152394,75875,16.22
2026-09-15 14:45:46,23217.15,2026-09-15,23650.0,PE,434.0,432.3,433.7,253293,6121,-2022,
2026-09-15 14:45:46,23217.15,2026-09-15,23700.0,CE,0.75,0.75,0.8,3682341,224626,70166,17.33
2026-09-15 14:45:46,23217.15,2026-09-15,23700.0,PE,483.0,483.8,485.05,186916,14070,-9021,
2026-09-15 14:46:46,23200.0,2026-09-15,22700.0,CE,521.7,515.45,517.35,1817,1021,359,
2026-09-15 14:46:46,23200.0,2026-09-15,22700.0,PE,0.35,0.35,0.4,1001294,100732,23582,17.26
2026-09-15 14:46:46,23200.0,2026-09-15,22750.0,CE,471.3,465.0,468.3,533,205,-94,
2026-09-15 14:46:46,23200.0,2026-09-15,22750.0,PE,0.5,0.45,0.5,742844,46785,7613,16.37
2026-09-15 14:46:46,23200.0,2026-09-15,22800.0,CE,419.1,415.8,417.2,4359,1813,472,19.12
2026-09-15 14:46:46,23200.0,2026-09-15,22800.0,PE,0.65,0.6,0.65,1504714,145535,47163,15.29
2026-09-15 14:46:46,23200.0,2026-09-15,22850.0,CE,367.45,365.65,367.0,1904,620,121,16.99
2026-09-15 14:46:46,23200.0,2026-09-15,22850.0,PE,0.9,0.9,0.95,978389,63223,11369,14.16
2026-09-15 14:46:46,23200.0,2026-09-15,22900.0,CE,318.45,316.4,317.6,11319,1518,47,14.37
2026-09-15 14:46:46,23200.0,2026-09-15,22900.0,PE,1.15,1.15,1.2,2253665,124264,19845,13.04
2026-09-15 14:46:46,23200.0,2026-09-15,22950.0,CE,268.3,267.55,268.45,9200,1552,585,14.29
2026-09-15 14:46:46,23200.0,2026-09-15,22950.0,PE,2.15,2.1,2.15,1999857,91126,36699,12.19
2026-09-15 14:46:46,23200.0,2026-09-15,23000.0,CE,219.6,219.85,220.4,126226,15316,9339,12.95
2026-09-15 14:46:46,23200.0,2026-09-15,23000.0,PE,3.8,3.75,3.8,4779136,259078,68937,11.41
2026-09-15 14:46:46,23200.0,2026-09-15,23050.0,CE,172.8,172.6,173.0,50862,5256,3326,12.08
2026-09-15 14:46:46,23200.0,2026-09-15,23050.0,PE,6.9,6.85,6.9,3732684,144075,94641,10.77
2026-09-15 14:46:46,23200.0,2026-09-15,23100.0,CE,128.6,128.6,128.9,372190,34320,28769,11.35
2026-09-15 14:46:46,23200.0,2026-09-15,23100.0,PE,13.05,13.05,13.1,6945169,280487,158982,10.41
2026-09-15 14:46:46,23200.0,2026-09-15,23150.0,CE,90.0,89.85,90.05,630475,51829,47704,10.69
2026-09-15 14:46:46,23200.0,2026-09-15,23150.0,PE,24.5,24.45,24.5,8057372,231079,165308,10.24
2026-09-15 14:46:46,23200.0,2026-09-15,23200.0,CE,57.9,57.9,58.0,2910735,240867,223000,10.57
2026-09-15 14:46:46,23200.0,2026-09-15,23200.0,PE,42.65,42.5,42.65,13497991,371103,201287,10.04
2026-09-15 14:46:46,23200.0,2026-09-15,23250.0,CE,34.1,34.05,34.2,4571078,338494,316911,10.34
2026-09-15 14:46:46,23200.0,2026-09-15,23250.0,PE,68.65,68.45,68.65,12693624,182628,58957,10.09
2026-09-15 14:46:46,23200.0,2026-09-15,23300.0,CE,18.65,18.6,18.7,10194817,559545,516821,10.54
2026-09-15 14:46:46,23200.0,2026-09-15,23300.0,PE,102.65,102.45,102.75,16745749,141989,-70354,9.84
2026-09-15 14:46:46,23200.0,2026-09-15,23350.0,CE,9.85,9.85,9.9,10356137,435881,403209,10.83
2026-09-15 14:46:46,23200.0,2026-09-15,23350.0,PE,143.85,143.4,143.65,10473343,66839,-26766,10.02
2026-09-15 14:46:46,23200.0,2026-09-15,23400.0,CE,5.5,5.45,5.5,12651642,469779,375023,11.46
2026-09-15 14:46:46,23200.0,2026-09-15,23400.0,PE,188.95,189.0,189.5,9141239,79734,-58569,9.59
2026-09-15 14:46:46,23200.0,2026-09-15,23450.0,CE,3.35,3.3,3.35,8823848,275829,213697,12.22
2026-09-15 14:46:46,23200.0,2026-09-15,23450.0,PE,237.05,236.8,237.55,4880760,34453,-20135,9.59
2026-09-15 14:46:46,23200.0,2026-09-15,23500.0,CE,2.25,2.25,2.3,11798663,472990,329914,13.15
2026-09-15 14:46:46,23200.0,2026-09-15,23500.0,PE,285.45,285.95,286.45,4485614,45773,-19544,9.58
2026-09-15 14:46:46,23200.0,2026-09-15,23550.0,CE,1.6,1.6,1.65,6451565,195513,120425,14.13
2026-09-15 14:46:46,23200.0,2026-09-15,23550.0,PE,336.15,335.35,336.25,1233866,11154,-3005,
2026-09-15 14:46:46,23200.0,2026-09-15,23600.0,CE,1.15,1.15,1.2,6226955,242889,121306,15.05
2026-09-15 14:46:46,23200.0,2026-09-15,23600.0,PE,385.5,384.75,385.05,973034,15028,-6368,
2026-09-15 14:46:46,23200.0,2026-09-15,23650.0,CE,0.9,0.85,0.9,4264824,151515,74996,16.22
2026-09-15 14:46:46,23200.0,2026-09-15,23650.0,PE,436.0,434.55,435.4,253309,6124,-2019,
2026-09-15 14:46:46,23200.0,2026-09-15,23700.0,CE,0.7,0.7,0.75,3688092,223061,68601,17.33
2026-09-15 14:46:46,23200.0,2026-09-15,23700.0,PE,482.9,484.35,485.85,186972,14093,-8998,
2026-09-15 14:47:46,23179.3,2026-09-15,22700.0,CE,521.7,507.0,509.4,1817,1032,370,
2026-09-15 14:47:46,23179.3,2026-09-15,22700.0,PE,0.35,0.35,0.4,1002957,99887,22737,17.26
2026-09-15 14:47:46,23179.3,2026-09-15,22750.0,CE,471.3,457.15,458.95,533,204,-95,
2026-09-15 14:47:46,23179.3,2026-09-15,22750.0,PE,0.5,0.45,0.5,743834,46943,7771,16.37
2026-09-15 14:47:46,23179.3,2026-09-15,22800.0,CE,408.9,407.5,409.1,4389,1787,446,19.12
2026-09-15 14:47:46,23179.3,2026-09-15,22800.0,PE,0.65,0.6,0.65,1507598,146199,47827,15.29
2026-09-15 14:47:46,23179.3,2026-09-15,22850.0,CE,360.0,358.65,359.75,1936,615,116,16.99
2026-09-15 14:47:46,23179.3,2026-09-15,22850.0,PE,0.9,0.9,0.95,979306,62461,10607,14.16
2026-09-15 14:47:46,23179.3,2026-09-15,22900.0,CE,309.7,308.55,309.6,11410,1532,61,14.37
2026-09-15 14:47:46,23179.3,2026-09-15,22900.0,PE,1.2,1.2,1.25,2258336,123917,19498,13.04
2026-09-15 14:47:46,23179.3,2026-09-15,22950.0,CE,260.4,259.55,260.3,9287,1535,568,14.29
2026-09-15 14:47:46,23179.3,2026-09-15,22950.0,PE,2.2,2.2,2.25,2010712,92227,37800,12.19
2026-09-15 14:47:46,23179.3,2026-09-15,23000.0,CE,212.0,212.3,212.8,127795,15884,9907,12.95
2026-09-15 14:47:46,23179.3,2026-09-15,23000.0,PE,3.95,3.95,4.0,4804824,262824,72683,11.41
2026-09-15 14:47:46,23179.3,2026-09-15,23050.0,CE,165.15,164.85,165.1,52078,5435,3505,12.08
2026-09-15 14:47:46,23179.3,2026-09-15,23050.0,PE,7.3,7.25,7.3,3762407,146078,96644,10.77
2026-09-15 14:47:46,23179.3,2026-09-15,23100.0,CE,122.45,122.2,122.5,380169,33593,28042,11.35
2026-09-15 14:47:46,23179.3,2026-09-15,23100.0,PE,13.9,13.9,13.95,7006005,283910,162405,10.41
2026-09-15 14:47:46,23179.3,2026-09-15,23150.0,CE,83.55,83.4,83.6,642108,51289,47164,10.69
2026-09-15 14:47:46,23179.3,2026-09-15,23150.0,PE,26.3,26.1,26.2,8131721,235931,170160,10.24
2026-09-15 14:47:46,23179.3,2026-09-15,23200.0,CE,52.8,52.75,52.9,2966905,233955,216088,10.57
2026-09-15 14:47:46,23179.3,2026-09-15,23200.0,PE,44.8,44.85,45.0,13614237,367308,197492,10.04
2026-09-15 14:47:46,23179.3,2026-09-15,23250.0,CE,30.1,30.0,30.1,4650333,329895,308312,10.34
2026-09-15 14:47:46,23179.3,2026-09-15,23250.0,PE,71.9,71.9,72.0,12744888,184685,61014,10.09
2026-09-15 14:47:46,23179.3,2026-09-15,23300.0,CE,15.7,15.65,15.75,10287984,555593,512869,10.54
2026-09-15 14:47:46,23179.3,2026-09-15,23300.0,PE,108.0,107.75,107.85,16775555,139293,-73050,9.84
2026-09-15 14:47:46,23179.3,2026-09-15,23350.0,CE,8.05,8.05,8.15,10427920,427068,394396,10.83
2026-09-15 14:47:46,23179.3,2026-09-15,23350.0,PE,149.4,149.4,149.7,10482302,66302,-27303,10.02
2026-09-15 14:47:46,23179.3,2026-09-15,23400.0,CE,4.4,4.4,4.45,12714946,440172,345416,11.46
2026-09-15 14:47:46,23179.3,2026-09-15,23400.0,PE,196.85,196.15,196.55,9147786,79677,-58626,9.59
2026-09-15 14:47:46,23179.3,2026-09-15,23450.0,CE,2.7,2.7,2.75,8866144,267174,205042,12.22
2026-09-15 14:47:46,23179.3,2026-09-15,23450.0,PE,243.9,244.0,244.6,4882668,33588,-21000,9.59
2026-09-15 14:47:46,23179.3,2026-09-15,23500.0,CE,1.85,1.8,1.85,11861539,453357,310281,13.15
2026-09-15 14:47:46,23179.3,2026-09-15,23500.0,PE,294.15,293.1,294.0,4487703,45518,-19799,9.58
2026-09-15 14:47:46,23179.3,2026-09-15,23550.0,CE,1.35,1.35,1.4,6472949,188479,113391,14.13
2026-09-15 14:47:46,23179.3,2026-09-15,23550.0,PE,343.5,343.0,343.5,1234357,10834,-3325,
2026-09-15 14:47:46,23179.3,2026-09-15,23600.0,CE,1.0,1.0,1.05,6252560,234941,113358,15.05
2026-09-15 14:47:46,23179.3,2026-09-15,23600.0,PE,392.85,392.05,393.05,973611,14882,-6514,
2026-09-15 14:47:46,23179.3,2026-09-15,23650.0,CE,0.85,0.85,0.9,4279019,144437,67918,16.22
2026-09-15 14:47:46,23179.3,2026-09-15,23650.0,PE,443.25,442.6,443.75,253430,6049,-2094,
2026-09-15 14:47:46,23179.3,2026-09-15,23700.0,CE,0.75,0.7,0.75,3695704,222673,68213,17.33
2026-09-15 14:47:46,23179.3,2026-09-15,23700.0,PE,493.65,492.2,493.65,187037,14104,-8987,
2026-09-15 14:48:47,23152.5,2026-09-15,22650.0,CE,564.55,525.0,530.65,56,19,1,
2026-09-15 14:48:47,23152.5,2026-09-15,22650.0,PE,0.3,0.25,0.3,369677,31447,11241,18.47
2026-09-15 14:48:47,23152.5,2026-09-15,22700.0,CE,476.9,475.7,477.85,1849,1028,366,
2026-09-15 14:48:47,23152.5,2026-09-15,22700.0,PE,0.4,0.35,0.4,1008525,99643,22493,17.26
2026-09-15 14:48:47,23152.5,2026-09-15,22750.0,CE,425.65,426.85,429.7,545,205,-94,
2026-09-15 14:48:47,23152.5,2026-09-15,22750.0,PE,0.4,0.4,0.45,751872,46531,7359,16.37
2026-09-15 14:48:47,23152.5,2026-09-15,22800.0,CE,377.55,377.2,378.4,4585,1765,424,19.12
2026-09-15 14:48:47,23152.5,2026-09-15,22800.0,PE,0.65,0.6,0.65,1527178,144790,46418,15.29
2026-09-15 14:48:47,23152.5,2026-09-15,22850.0,CE,327.9,327.4,328.6,2028,631,132,16.99
2026-09-15 14:48:47,23152.5,2026-09-15,22850.0,PE,0.95,0.9,0.95,989313,61313,9459,14.16
2026-09-15 14:48:47,23152.5,2026-09-15,22900.0,CE,279.35,278.0,279.05,11957,1512,41,14.37
2026-09-15 14:48:47,23152.5,2026-09-15,22900.0,PE,1.4,1.4,1.45,2311262,124383,19964,13.04
2026-09-15 14:48:47,23152.5,2026-09-15,22950.0,CE,229.6,228.3,228.95,9777,1532,565,14.29
2026-09-15 14:48:47,23152.5,2026-09-15,22950.0,PE,2.6,2.55,2.6,2052006,93816,39389,12.19
2026-09-15 14:48:47,23152.5,2026-09-15,23000.0,CE,181.65,181.15,181.65,136147,16648,10671,12.95
2026-09-15 14:48:47,23152.5,2026-09-15,23000.0,PE,4.8,4.75,4.8,4927826,263390,73249,11.41
2026-09-15 14:48:47,23152.5,2026-09-15,23050.0,CE,136.35,135.9,136.3,57737,6021,4091,12.08
2026-09-15 14:48:47,23152.5,2026-09-15,23050.0,PE,9.25,9.25,9.35,3903441,143094,93660,10.77
2026-09-15 14:48:47,23152.5,2026-09-15,23100.0,CE,95.45,95.15,95.45,411802,35440,29889,11.35
2026-09-15 14:48:47,23152.5,2026-09-15,23100.0,PE,18.15,18.1,18.2,7294178,297648,176143,10.41
2026-09-15 14:48:47,23152.5,2026-09-15,23150.0,CE,60.9,60.65,60.85,707921,58842,54717,10.69
2026-09-15 14:48:47,23152.5,2026-09-15,23150.0,PE,34.35,34.35,34.45,8494789,234737,168966,10.24
2026-09-15 14:48:47,23152.5,2026-09-15,23200.0,CE,35.4,35.3,35.4,3204350,245667,227800,10.57
2026-09-15 14:48:47,23152.5,2026-09-15,23200.0,PE,59.0,59.0,59.15,14052305,329145,159329,10.04
2026-09-15 14:48:47,23152.5,2026-09-15,23250.0,CE,18.9,18.9,18.95,4910202,329761,308178,10.34
2026-09-15 14:48:47,23152.5,2026-09-15,23250.0,PE,91.85,91.9,92.1,12943003,161680,38009,10.09
2026-09-15 14:48:47,23152.5,2026-09-15,23300.0,CE,9.8,9.8,9.85,10591262,542558,499834,10.54
2026-09-15 14:48:47,23152.5,2026-09-15,23300.0,PE,133.55,133.2,133.6,16891611,131129,-81214,9.84
2026-09-15 14:48:47,23152.5,2026-09-15,23350.0,CE,5.3,5.3,5.35,10606408,412537,379865,10.83
2026-09-15 14:48:47,23152.5,2026-09-15,23350.0,PE,178.45,178.8,179.25,10513390,62855,-30750,10.02
2026-09-15 14:48:47,23152.5,2026-09-15,23400.0,CE,3.25,3.2,3.25,12872890,425641,330885,11.46
2026-09-15 14:48:47,23152.5,2026-09-15,23400.0,PE,225.45,225.6,226.1,9170079,79139,-59164,9.59
2026-09-15 14:48:47,23152.5,2026-09-15,23450.0,CE,2.25,2.25,2.3,8969769,259312,197180,12.22
2026-09-15 14:48:47,23152.5,2026-09-15,23450.0,PE,275.2,274.55,275.25,4889708,32855,-21733,9.59
2026-09-15 14:48:47,23152.5,2026-09-15,23500.0,CE,1.7,1.7,1.75,11979851,446477,303401,13.15
2026-09-15 14:48:47,23152.5,2026-09-15,23500.0,PE,324.75,323.65,324.45,4497978,43643,-21674,9.58
2026-09-15 14:48:47,23152.5,2026-09-15,23550.0,CE,1.3,1.3,1.35,6535620,187303,112215,14.13
2026-09-15 14:48:47,23152.5,2026-09-15,23550.0,PE,374.4,373.75,374.85,1236287,10555,-3604,
2026-09-15 14:48:47,23152.5,2026-09-15,23600.0,CE,1.0,1.0,1.05,6297702,228430,106847,15.05
2026-09-15 14:48:47,23152.5,2026-09-15,23600.0,PE,424.2,423.15,424.25,976047,14778,-6618,
2026-09-15 14:48:47,23152.5,2026-09-15,23650.0,CE,0.85,0.8,0.85,4295873,145684,69165,16.22
2026-09-15 14:48:47,23152.5,2026-09-15,23650.0,PE,474.7,473.25,474.75,254012,5963,-2180,
2026-09-15 14:49:47,23162.75,2026-09-15,22650.0,CE,564.55,509.8,514.3,56,19,1,
2026-09-15 14:49:47,23162.75,2026-09-15,22650.0,PE,0.3,0.3,0.35,377703,31261,11055,18.45
2026-09-15 14:49:47,23162.75,2026-09-15,22700.0,CE,464.3,461.85,463.8,1883,1028,366,
2026-09-15 14:49:47,23162.75,2026-09-15,22700.0,PE,0.45,0.45,0.5,1044752,99643,22493,17.24
2026-09-15 14:49:47,23162.75,2026-09-15,22750.0,CE,409.55,411.25,413.9,584,223,-76,20.56
2026-09-15 14:49:47,23162.75,2026-09-15,22750.0,PE,0.55,0.55,0.6,771829,46145,6973,16.36
2026-09-15 14:49:47,23162.75,2026-09-15,22800.0,CE,362.6,363.35,364.5,4800,1798,457,
2026-09-15 14:49:47,23162.75,2026-09-15,22800.0,PE,0.9,0.9,0.95,1557143,144172,45800,15.12
2026-09-15 14:49:47,23162.75,2026-09-15,22850.0,CE,313.4,313.85,315.05,2194,707,208,
2026-09-15 14:49:47,23162.75,2026-09-15,22850.0,PE,1.25,1.2,1.25,1023156,60170,8316,14.25
2026-09-15 14:49:47,23162.75,2026-09-15,22900.0,CE,265.0,264.7,265.7,12430,1592,121,
2026-09-15 14:49:47,23162.75,2026-09-15,22900.0,PE,1.8,1.75,1.8,2399353,123500,19081,13.26
2026-09-15 14:49:47,23162.75,2026-09-15,22950.0,CE,216.45,215.15,215.9,10344,1634,667,
2026-09-15 14:49:47,23162.75,2026-09-15,22950.0,PE,3.15,3.15,3.2,2116578,88518,34091,12.44
2026-09-15 14:49:47,23162.75,2026-09-15,23000.0,CE,168.45,168.05,168.65,144426,19165,13188,
2026-09-15 14:49:47,23162.75,2026-09-15,23000.0,PE,5.9,5.85,5.9,5079062,253756,63615,11.75
2026-09-15 14:49:47,23162.75,2026-09-15,23050.0,CE,123.75,123.4,123.75,61879,6021,4091,8.58
2026-09-15 14:49:47,23162.75,2026-09-15,23050.0,PE,11.3,11.2,11.25,4061612,143094,93660,11.2
2026-09-15 14:49:47,23162.75,2026-09-15,23100.0,CE,84.95,84.85,85.1,445264,43569,38018,9.34
2026-09-15 14:49:47,23162.75,2026-09-15,23100.0,PE,21.65,21.65,21.75,7569267,281156,159651,10.88
2026-09-15 14:49:47,23162.75,2026-09-15,23150.0,CE,52.2,52.2,52.35,780446,80929,76804,9.48
2026-09-15 14:49:47,23162.75,2026-09-15,23150.0,PE,40.15,40.15,40.25,8766150,207194,141423,10.78
2026-09-15 14:49:47,23162.75,2026-09-15,23200.0,CE,29.65,29.65,29.8,3357388,274908,257041,9.72
2026-09-15 14:49:47,23162.75,2026-09-15,23200.0,PE,66.35,66.15,66.3,14305898,278009,108193,10.85
2026-09-15 14:49:47,23162.75,2026-09-15,23250.0,CE,15.35,15.35,15.4,5068597,328632,307049,9.93
2026-09-15 14:49:47,23162.75,2026-09-15,23250.0,PE,102.0,101.95,102.25,13050545,141589,17918,10.95
2026-09-15 14:49:47,23162.75,2026-09-15,23300.0,CE,7.8,7.75,7.8,10753202,531971,489247,10.16
2026-09-15 14:49:47,23162.75,2026-09-15,23300.0,PE,145.15,144.95,145.3,16951600,122933,-89410,11.41
2026-09-15 14:49:47,23162.75,2026-09-15,23350.0,CE,4.2,4.2,4.25,10721053,400152,367480,10.6
2026-09-15 14:49:47,23162.75,2026-09-15,23350.0,PE,191.15,191.3,191.9,10529539,60082,-33523,12.23
2026-09-15 14:49:47,23162.75,2026-09-15,23400.0,CE,2.75,2.7,2.75,12986972,425641,330885,11.28
2026-09-15 14:49:47,23162.75,2026-09-15,23400.0,PE,239.6,239.6,240.2,9182502,79139,-59164,13.34
2026-09-15 14:49:47,23162.75,2026-09-15,23450.0,CE,2.05,2.0,2.05,9052606,255079,192947,12.11
2026-09-15 14:49:47,23162.75,2026-09-15,23450.0,PE,287.5,287.8,288.0,4892962,31753,-22835,15.03
2026-09-15 14:49:47,23162.75,2026-09-15,23500.0,CE,1.65,1.65,1.7,12037543,438126,295050,13.22
2026-09-15 14:49:47,23162.75,2026-09-15,23500.0,PE,338.55,337.6,338.5,4502924,42718,-22599,16.26
2026-09-15 14:49:47,23162.75,2026-09-15,23550.0,CE,1.35,1.35,1.4,6568980,184875,109787,14.15
2026-09-15 14:49:47,23162.75,2026-09-15,23550.0,PE,387.6,386.4,387.6,1237256,10157,-4002,18.05
2026-09-15 14:49:47,23162.75,2026-09-15,23600.0,CE,1.15,1.1,1.15,6329197,226567,104984,15.07
2026-09-15 14:49:47,23162.75,2026-09-15,23600.0,PE,437.95,436.45,437.65,977289,14641,-6755,19.61
2026-09-15 14:49:47,23162.75,2026-09-15,23650.0,CE,1.0,1.0,1.05,4335836,146201,69682,16.34
2026-09-15 14:49:47,23162.75,2026-09-15,23650.0,PE,487.5,487.35,488.9,254322,5919,-2224,22.1
2026-09-15 14:50:47,23167.25,2026-09-15,22650.0,CE,516.8,515.8,518.7,60,19,1,
2026-09-15 14:50:47,23167.25,2026-09-15,22650.0,PE,0.3,0.3,0.35,380488,31537,11331,18.47
2026-09-15 14:50:47,23167.25,2026-09-15,22700.0,CE,467.85,467.15,468.95,1903,1032,370,
2026-09-15 14:50:47,23167.25,2026-09-15,22700.0,PE,0.45,0.45,0.5,1051556,99252,22102,17.26
2026-09-15 14:50:47,23167.25,2026-09-15,22750.0,CE,416.95,415.75,418.5,617,259,-40,
2026-09-15 14:50:47,23167.25,2026-09-15,22750.0,PE,0.5,0.5,0.55,780199,43881,4709,16.37
2026-09-15 14:50:47,23167.25,2026-09-15,22800.0,CE,367.5,367.55,368.7,4999,1927,586,19.12
2026-09-15 14:50:47,23167.25,2026-09-15,22800.0,PE,0.85,0.85,0.9,1577736,143459,45087,15.29
2026-09-15 14:50:47,23167.25,2026-09-15,22850.0,CE,319.9,317.95,319.05,2293,741,242,16.99
2026-09-15 14:50:47,23167.25,2026-09-15,22850.0,PE,1.15,1.15,1.2,1049193,59881,8027,14.16
2026-09-15 14:50:47,23167.25,2026-09-15,22900.0,CE,269.95,268.8,269.65,12782,1675,204,14.37
2026-09-15 14:50:47,23167.25,2026-09-15,22900.0,PE,1.8,1.75,1.8,2458490,123745,19326,13.04
2026-09-15 14:50:47,23167.25,2026-09-15,22950.0,CE,221.9,220.3,221.0,10980,1816,849,14.29
2026-09-15 14:50:47,23167.25,2026-09-15,22950.0,PE,3.1,3.05,3.1,2157679,88991,34564,12.19
2026-09-15 14:50:47,23167.25,2026-09-15,23000.0,CE,173.25,173.25,173.7,149803,20922,14945,12.95
2026-09-15 14:50:47,23167.25,2026-09-15,23000.0,PE,5.7,5.7,5.75,5188908,264537,74396,11.41
2026-09-15 14:50:47,23167.25,2026-09-15,23050.0,CE,128.6,128.05,128.4,68094,9156,7226,12.08
2026-09-15 14:50:47,23167.25,2026-09-15,23050.0,PE,10.8,10.8,10.85,4153680,162126,112692,10.77
2026-09-15 14:50:47,23167.25,2026-09-15,23100.0,CE,88.65,88.4,88.6,471255,52180,46629,11.35
2026-09-15 14:50:47,23167.25,2026-09-15,23100.0,PE,21.15,21.15,21.25,7741346,265901,144396,10.41
2026-09-15 14:50:47,23167.25,2026-09-15,23150.0,CE,55.4,55.2,55.45,846827,102833,98708,10.69
2026-09-15 14:50:47,23167.25,2026-09-15,23150.0,PE,38.6,38.45,38.6,8919705,207102,141331,10.24
2026-09-15 14:50:47,23167.25,2026-09-15,23200.0,CE,31.55,31.55,31.7,3482807,311108,293241,10.57
2026-09-15 14:50:47,23167.25,2026-09-15,23200.0,PE,64.55,64.55,64.65,14439157,260488,90672,10.04
2026-09-15 14:50:47,23167.25,2026-09-15,23250.0,CE,16.4,16.35,16.45,5167365,327050,305467,10.34
2026-09-15 14:50:47,23167.25,2026-09-15,23250.0,PE,99.15,99.2,99.45,13098325,134886,11215,10.09
2026-09-15 14:50:47,23167.25,2026-09-15,23300.0,CE,8.05,8.0,8.05,10879807,538055,495331,10.54
2026-09-15 14:50:47,23167.25,2026-09-15,23300.0,PE,140.15,140.25,140.65,16981074,120157,-92186,9.84
2026-09-15 14:50:47,23167.25,2026-09-15,23350.0,CE,4.15,4.15,4.2,10806565,387256,354584,10.83
2026-09-15 14:50:47,23167.25,2026-09-15,23350.0,PE,186.85,186.3,186.8,10536490,59661,-33944,10.02
2026-09-15 14:50:47,23167.25,2026-09-15,23400.0,CE,2.6,2.6,2.65,13073394,399958,305202,11.46
2026-09-15 14:50:47,23167.25,2026-09-15,23400.0,PE,234.05,234.45,234.95,9188982,77204,-61099,9.59
2026-09-15 14:50:47,23167.25,2026-09-15,23450.0,CE,1.85,1.85,1.9,9109579,247302,185170,12.22
2026-09-15 14:50:47,23167.25,2026-09-15,23450.0,PE,284.2,283.95,284.7,4894627,31418,-23170,9.59
2026-09-15 14:50:47,23167.25,2026-09-15,23500.0,CE,1.45,1.4,1.45,12099155,429285,286209,13.15
2026-09-15 14:50:47,23167.25,2026-09-15,23500.0,PE,333.95,333.1,334.3,4505401,42524,-22793,9.58
2026-09-15 14:50:47,23167.25,2026-09-15,23550.0,CE,1.15,1.15,1.2,6593163,182924,107836,14.13
2026-09-15 14:50:47,23167.25,2026-09-15,23550.0,PE,383.95,382.9,383.9,1238409,9721,-4438,
2026-09-15 14:50:47,23167.25,2026-09-15,23600.0,CE,0.95,0.95,1.0,6343534,224563,102980,15.05
2026-09-15 14:50:47,23167.25,2026-09-15,23600.0,PE,432.35,432.75,434.2,978156,14422,-6974,
2026-09-15 14:50:47,23167.25,2026-09-15,23650.0,CE,0.8,0.75,0.8,4374974,152283,75764,16.22
2026-09-15 14:50:47,23167.25,2026-09-15,23650.0,PE,481.35,482.4,484.05,254490,5930,-2213,
2026-09-15 14:51:47,23190.95,2026-09-15,22700.0,CE,485.0,482.75,486.25,1928,1032,370,
2026-09-15 14:51:47,23190.95,2026-09-15,22700.0,PE,0.45,0.4,0.45,1062838,99252,22102,16.28
2026-09-15 14:51:47,23190.95,2026-09-15,22750.0,CE,432.0,432.65,435.55,634,259,-40,
2026-09-15 14:51:47,23190.95,2026-09-15,22750.0,PE,0.5,0.5,0.55,785501,43881,4709,15.12
2026-09-15 14:51:47,23190.95,2026-09-15,22800.0,CE,383.6,382.75,384.25,5103,1927,586,
2026-09-15 14:51:47,23190.95,2026-09-15,22800.0,PE,0.8,0.75,0.8,1595040,143459,45087,14.12
2026-09-15 14:51:47,23190.95,2026-09-15,22850.0,CE,332.05,333.2,334.45,2381,741,242,
2026-09-15 14:51:47,23190.95,2026-09-15,22850.0,PE,1.0,1.0,1.05,1056271,59881,8027,13.19
2026-09-15 14:51:47,23190.95,2026-09-15,22900.0,CE,284.55,284.1,285.1,13119,1675,204,
2026-09-15 14:51:47,23190.95,2026-09-15,22900.0,PE,1.4,1.4,1.45,2489562,123745,19326,12.3
2026-09-15 14:51:47,23190.95,2026-09-15,22950.0,CE,237.05,237.65,238.35,11495,1816,849,
2026-09-15 14:51:47,23190.95,2026-09-15,22950.0,PE,2.3,2.3,2.35,2187329,88991,34564,11.64
2026-09-15 14:51:47,23190.95,2026-09-15,23000.0,CE,190.2,189.8,190.3,155436,20922,14945,
2026-09-15 14:51:47,23190.95,2026-09-15,23000.0,PE,4.2,4.2,4.25,5268549,264537,74396,11.12
2026-09-15 14:51:47,23190.95,2026-09-15,23050.0,CE,142.4,142.2,142.3,73319,9156,7226,
2026-09-15 14:51:47,23190.95,2026-09-15,23050.0,PE,8.3,8.3,8.35,4240359,162126,112692,10.66
2026-09-15 14:51:47,23190.95,2026-09-15,23100.0,CE,99.8,99.8,100.0,497939,52180,46629,6.68
2026-09-15 14:51:47,23190.95,2026-09-15,23100.0,PE,16.85,16.8,16.85,7885020,265901,144396,10.7
2026-09-15 14:51:47,23190.95,2026-09-15,23150.0,CE,63.7,63.7,63.9,908111,102833,98708,7.61
2026-09-15 14:51:47,23190.95,2026-09-15,23150.0,PE,32.15,32.0,32.15,9055804,207102,141331,10.91
2026-09-15 14:51:47,23190.95,2026-09-15,23200.0,CE,37.85,37.8,37.85,3615271,311108,293241,8.18
2026-09-15 14:51:47,23190.95,2026-09-15,23200.0,PE,55.3,55.15,55.3,14554947,260488,90672,11.25
2026-09-15 14:51:47,23190.95,2026-09-15,23250.0,CE,20.25,20.2,20.25,5268184,327050,305467,8.6
2026-09-15 14:51:47,23190.95,2026-09-15,23250.0,PE,88.0,87.7,87.95,13143486,134886,11215,12.16
2026-09-15 14:51:47,23190.95,2026-09-15,23300.0,CE,10.6,10.55,10.65,10987185,538055,495331,9.04
2026-09-15 14:51:47,23190.95,2026-09-15,23300.0,PE,124.7,124.5,124.8,17008479,120157,-92186,13.38
2026-09-15 14:51:47,23190.95,2026-09-15,23350.0,CE,5.4,5.35,5.4,10876364,387256,354584,9.76
2026-09-15 14:51:47,23190.95,2026-09-15,23350.0,PE,170.35,170.25,170.5,10543279,59661,-33944,15.32
2026-09-15 14:51:47,23190.95,2026-09-15,23400.0,CE,3.25,3.2,3.25,13134891,399958,305202,10.82
2026-09-15 14:51:47,23190.95,2026-09-15,23400.0,PE,218.6,218.55,219.1,9194886,77204,-61099,17.2
2026-09-15 14:51:47,23190.95,2026-09-15,23450.0,CE,2.15,2.15,2.2,9153857,247302,185170,12.04
2026-09-15 14:51:47,23190.95,2026-09-15,23450.0,PE,268.8,268.25,268.95,4896435,31418,-23170,19.62
2026-09-15 14:51:47,23190.95,2026-09-15,23500.0,CE,1.6,1.55,1.6,12144865,429285,286209,13.24
2026-09-15 14:51:47,23190.95,2026-09-15,23500.0,PE,319.15,317.5,318.5,4507367,42524,-22793,22.33
2026-09-15 14:51:47,23190.95,2026-09-15,23550.0,CE,1.3,1.25,1.3,6627743,182924,107836,14.52
2026-09-15 14:51:47,23190.95,2026-09-15,23550.0,PE,368.85,367.25,368.4,1238730,9721,-4438,24.45
2026-09-15 14:51:47,23190.95,2026-09-15,23600.0,CE,1.0,0.95,1.0,6387177,224563,102980,15.64
2026-09-15 14:51:47,23190.95,2026-09-15,23600.0,PE,417.0,416.65,417.65,978907,14422,-6974,26.36
2026-09-15 14:51:47,23190.95,2026-09-15,23650.0,CE,0.8,0.75,0.8,4393779,152283,75764,16.69
2026-09-15 14:51:47,23190.95,2026-09-15,23650.0,PE,465.0,464.7,466.6,254618,5930,-2213,28.77
2026-09-15 14:51:47,23190.95,2026-09-15,23700.0,CE,0.65,0.65,0.7,3777576,217801,63341,18.05
2026-09-15 14:51:47,23190.95,2026-09-15,23700.0,PE,515.0,514.5,516.1,188436,13638,-9453,30.99
2026-09-15 14:52:48,23192.25,2026-09-15,22700.0,CE,483.4,484.65,488.0,1929,1034,372,
2026-09-15 14:52:48,23192.25,2026-09-15,22700.0,PE,0.4,0.4,0.45,1063590,101958,24808,16.48
2026-09-15 14:52:48,23192.25,2026-09-15,22750.0,CE,432.0,433.5,438.4,634,259,-40,
2026-09-15 14:52:48,23192.25,2026-09-15,22750.0,PE,0.5,0.5,0.55,785706,43126,3954,15.12
2026-09-15 14:52:48,23192.25,2026-09-15,22800.0,CE,390.5,384.0,384.9,5199,1952,611,
2026-09-15 14:52:48,23192.25,2026-09-15,22800.0,PE,0.7,0.65,0.7,1598782,141389,43017,14.36
2026-09-15 14:52:48,23192.25,2026-09-15,22850.0,CE,334.7,332.75,333.85,2467,750,251,
2026-09-15 14:52:48,23192.25,2026-09-15,22850.0,PE,1.0,0.95,1.0,1059480,59634,7780,13.19
2026-09-15 14:52:48,23192.25,2026-09-15,22900.0,CE,284.05,283.4,284.35,13443,1747,276,
2026-09-15 14:52:48,23192.25,2026-09-15,22900.0,PE,1.4,1.35,1.4,2504143,126667,22248,12.3
2026-09-15 14:52:48,23192.25,2026-09-15,22950.0,CE,236.1,235.4,236.2,11775,1777,810,
2026-09-15 14:52:48,23192.25,2026-09-15,22950.0,PE,2.4,2.35,2.4,2201332,92516,38089,11.6
2026-09-15 14:52:48,23192.25,2026-09-15,23000.0,CE,188.5,188.1,188.35,158161,20904,14927,
2026-09-15 14:52:48,23192.25,2026-09-15,23000.0,PE,4.3,4.3,4.35,5308533,258462,68321,11.02
2026-09-15 14:52:48,23192.25,2026-09-15,23050.0,CE,144.8,144.3,144.65,76130,9300,7370,
2026-09-15 14:52:48,23192.25,2026-09-15,23050.0,PE,8.0,8.0,8.05,4288187,172120,122686,10.69
2026-09-15 14:52:48,23192.25,2026-09-15,23100.0,CE,99.3,99.1,99.3,512463,51987,46436,7.09
2026-09-15 14:52:48,23192.25,2026-09-15,23100.0,PE,17.05,17.1,17.2,7975334,262879,141374,10.5
2026-09-15 14:52:48,23192.25,2026-09-15,23150.0,CE,64.55,64.35,64.55,945168,106437,102312,7.79
2026-09-15 14:52:48,23192.25,2026-09-15,23150.0,PE,31.75,31.7,31.8,9142688,212547,146776,10.7
2026-09-15 14:52:48,23192.25,2026-09-15,23200.0,CE,38.2,38.05,38.2,3716518,314872,297005,8.22
2026-09-15 14:52:48,23192.25,2026-09-15,23200.0,PE,55.2,55.2,55.4,14631184,256282,86466,11.13
2026-09-15 14:52:48,23192.25,2026-09-15,23250.0,CE,20.4,20.25,20.35,5331532,328609,307026,8.7
2026-09-15 14:52:48,23192.25,2026-09-15,23250.0,PE,88.35,88.1,88.35,13169350,134315,10644,11.91
2026-09-15 14:52:48,23192.25,2026-09-15,23300.0,CE,10.45,10.45,10.55,11059849,542680,499956,9.08
2026-09-15 14:52:48,23192.25,2026-09-15,23300.0,PE,126.75,126.45,126.75,17021802,118518,-93825,13.12
2026-09-15 14:52:48,23192.25,2026-09-15,23350.0,CE,5.5,5.45,5.5,10911834,385470,352798,9.78
2026-09-15 14:52:48,23192.25,2026-09-15,23350.0,PE,171.6,171.6,171.95,10546460,59396,-34209,15.01
2026-09-15 14:52:48,23192.25,2026-09-15,23400.0,CE,3.5,3.45,3.5,13174114,398931,304175,10.86
2026-09-15 14:52:48,23192.25,2026-09-15,23400.0,PE,217.05,216.4,216.95,9198177,76984,-61319,17.23
2026-09-15 14:52:48,23192.25,2026-09-15,23450.0,CE,2.3,2.3,2.35,9190687,241203,179071,12.04
2026-09-15 14:52:48,23192.25,2026-09-15,23450.0,PE,268.95,269.15,269.4,4897629,30923,-23665,19.29
2026-09-15 14:52:48,23192.25,2026-09-15,23500.0,CE,1.65,1.65,1.7,12189087,423394,280318,13.24
2026-09-15 14:52:48,23192.25,2026-09-15,23500.0,PE,317.9,317.5,318.0,4508498,42435,-22882,20.94
2026-09-15 14:52:48,23192.25,2026-09-15,23550.0,CE,1.35,1.3,1.35,6645241,181688,106600,14.61
2026-09-15 14:52:48,23192.25,2026-09-15,23550.0,PE,367.7,367.65,368.65,1239483,9699,-4460,24.45
2026-09-15 14:52:48,23192.25,2026-09-15,23600.0,CE,1.05,1.05,1.1,6419059,223727,102144,15.64
2026-09-15 14:52:48,23192.25,2026-09-15,23600.0,PE,417.8,417.35,418.4,979253,14195,-7201,26.28
2026-09-15 14:52:48,23192.25,2026-09-15,23650.0,CE,0.8,0.8,0.85,4400182,146061,69542,16.83
2026-09-15 14:52:48,23192.25,2026-09-15,23650.0,PE,467.1,466.1,467.95,254706,5926,-2217,27.52
2026-09-15 14:52:48,23192.25,2026-09-15,23700.0,CE,0.65,0.65,0.7,3792027,216615,62155,18.04
2026-09-15 14:52:48,23192.25,2026-09-15,23700.0,PE,515.65,516.3,518.15,188560,13575,-9516,31.58
2026-09-15 14:53:48,23191.4,2026-09-15,22700.0,CE,490.6,491.25,493.9,1935,1033,371,
2026-09-15 14:53:48,23191.4,2026-09-15,22700.0,PE,0.4,0.4,0.45,1067200,102322,25172,16.48
2026-09-15 14:53:48,23191.4,2026-09-15,22750.0,CE,441.45,441.35,443.55,635,289,-10,
2026-09-15 14:53:48,23191.4,2026-09-15,22750.0,PE,0.5,0.5,0.55,785818,43154,3982,15.12
2026-09-15 14:53:48,23191.4,2026-09-15,22800.0,CE,391.75,391.95,393.45,5279,1977,636,
2026-09-15 14:53:48,23191.4,2026-09-15,22800.0,PE,0.7,0.65,0.7,1600220,139967,41595,14.36
2026-09-15 14:53:48,23191.4,2026-09-15,22850.0,CE,342.05,342.65,344.45,2559,763,264,
2026-09-15 14:53:48,23191.4,2026-09-15,22850.0,PE,1.0,0.95,1.0,1060840,59445,7591,13.19
2026-09-15 14:53:48,23191.4,2026-09-15,22900.0,CE,293.1,293.65,294.3,13657,1781,310,
2026-09-15 14:53:48,23191.4,2026-09-15,22900.0,PE,1.35,1.3,1.35,2515546,125667,21248,12.3
2026-09-15 14:53:48,23191.4,2026-09-15,22950.0,CE,241.45,241.5,242.2,11887,1782,815,
2026-09-15 14:53:48,23191.4,2026-09-15,22950.0,PE,2.3,2.25,2.3,2207715,94170,39743,11.6
2026-09-15 14:53:48,23191.4,2026-09-15,23000.0,CE,196.0,196.15,196.65,159465,20011,14034,
2026-09-15 14:53:48,23191.4,2026-09-15,23000.0,PE,4.05,4.0,4.05,5330972,262705,72564,11.02
2026-09-15 14:53:48,23191.4,2026-09-15,23050.0,CE,149.7,149.7,150.0,78017,8418,6488,
2026-09-15 14:53:48,23191.4,2026-09-15,23050.0,PE,7.4,7.35,7.4,4312584,178946,129512,10.69
2026-09-15 14:53:48,23191.4,2026-09-15,23100.0,CE,107.55,107.2,107.45,519552,48863,43312,7.09
2026-09-15 14:53:48,23191.4,2026-09-15,23100.0,PE,15.0,15.0,15.1,8018472,262654,141149,10.5
2026-09-15 14:53:48,23191.4,2026-09-15,23150.0,CE,70.4,70.4,70.5,962187,98085,93960,7.79
2026-09-15 14:53:48,23191.4,2026-09-15,23150.0,PE,28.9,28.85,28.9,9195099,230582,164811,10.7
2026-09-15 14:53:48,23191.4,2026-09-15,23200.0,CE,42.6,42.5,42.55,3767204,315148,297281,8.22
2026-09-15 14:53:48,23191.4,2026-09-15,23200.0,PE,51.6,52.0,52.15,14672567,269318,99502,11.13
2026-09-15 14:53:48,23191.4,2026-09-15,23250.0,CE,23.5,23.45,23.55,5381552,329623,308040,8.7
2026-09-15 14:53:48,23191.4,2026-09-15,23250.0,PE,81.1,80.85,81.05,13183793,137153,13482,11.91
2026-09-15 14:53:48,23191.4,2026-09-15,23300.0,CE,11.65,11.6,11.7,11107293,547087,504363,9.08
2026-09-15 14:53:48,23191.4,2026-09-15,23300.0,PE,121.65,121.65,121.8,17029619,117562,-94781,13.12
2026-09-15 14:53:48,23191.4,2026-09-15,23350.0,CE,6.1,6.05,6.1,10937781,387849,355177,9.78
2026-09-15 14:53:48,23191.4,2026-09-15,23350.0,PE,164.35,163.55,164.0,10548637,59259,-34346,15.01
2026-09-15 14:53:48,23191.4,2026-09-15,23400.0,CE,3.7,3.7,3.75,13199819,405456,310700,10.86
2026-09-15 14:53:48,23191.4,2026-09-15,23400.0,PE,210.65,210.35,210.85,9200130,77207,-61096,17.23
2026-09-15 14:53:48,23191.4,2026-09-15,23450.0,CE,2.4,2.4,2.45,9210532,246491,184359,12.04
2026-09-15 14:53:48,23191.4,2026-09-15,23450.0,PE,259.2,259.25,259.9,4898068,30761,-23827,19.29
2026-09-15 14:53:48,23191.4,2026-09-15,23500.0,CE,1.8,1.75,1.8,12221637,424428,281352,13.24
2026-09-15 14:53:48,23191.4,2026-09-15,23500.0,PE,309.45,308.65,309.6,4509185,42555,-22762,20.94
2026-09-15 14:53:48,23191.4,2026-09-15,23550.0,CE,1.4,1.35,1.4,6671474,181140,106052,14.61
2026-09-15 14:53:48,23191.4,2026-09-15,23550.0,PE,359.1,358.55,359.4,1239821,10111,-4048,24.45
2026-09-15 14:53:48,23191.4,2026-09-15,23600.0,CE,1.1,1.05,1.1,6439043,223732,102149,15.64
2026-09-15 14:53:48,23191.4,2026-09-15,23600.0,PE,408.0,406.9,408.1,979356,14133,-7263,26.28
2026-09-15 14:53:48,23191.4,2026-09-15,23650.0,CE,0.8,0.8,0.85,4412702,145248,68729,16.83
2026-09-15 14:53:48,23191.4,2026-09-15,23650.0,PE,461.05,460.2,461.7,254725,5894,-2249,27.52
2026-09-15 14:53:48,23191.4,2026-09-15,23700.0,CE,0.75,0.7,0.75,3800137,213828,59368,18.04
2026-09-15 14:53:48,23191.4,2026-09-15,23700.0,PE,510.0,510.75,512.0,188630,13538,-9553,31.58
2026-09-15 14:54:49,23184.2,2026-09-15,22700.0,CE,488.1,487.05,489.85,1967,1031,369,
2026-09-15 14:54:49,23184.2,2026-09-15,22700.0,PE,0.35,0.35,0.4,1070554,102695,25545,16.28
2026-09-15 14:54:49,23184.2,2026-09-15,22750.0,CE,437.85,435.95,439.0,683,317,18,
2026-09-15 14:54:49,23184.2,2026-09-15,22750.0,PE,0.45,0.45,0.5,789703,42850,3678,15.12
2026-09-15 14:54:49,23184.2,2026-09-15,22800.0,CE,388.55,387.55,388.95,5426,1947,606,
2026-09-15 14:54:49,23184.2,2026-09-15,22800.0,PE,0.7,0.7,0.75,1616433,139594,41222,14.12
2026-09-15 14:54:49,23184.2,2026-09-15,22850.0,CE,338.55,338.65,339.65,2629,767,268,
2026-09-15 14:54:49,23184.2,2026-09-15,22850.0,PE,1.0,0.95,1.0,1076418,61140,9286,13.19
2026-09-15 14:54:49,23184.2,2026-09-15,22900.0,CE,288.75,289.3,290.35,14707,2054,583,
2026-09-15 14:54:49,23184.2,2026-09-15,22900.0,PE,1.4,1.4,1.45,2552756,125266,20847,12.3
2026-09-15 14:54:49,23184.2,2026-09-15,22950.0,CE,239.65,239.9,240.6,12788,1689,722,
2026-09-15 14:54:49,23184.2,2026-09-15,22950.0,PE,2.4,2.4,2.45,2238794,96374,41947,11.64
2026-09-15 14:54:49,23184.2,2026-09-15,23000.0,CE,193.2,192.1,192.6,166133,19577,13600,
2026-09-15 14:54:49,23184.2,2026-09-15,23000.0,PE,4.35,4.3,4.35,5419000,275015,84874,11.12
2026-09-15 14:54:49,23184.2,2026-09-15,23050.0,CE,145.65,145.85,146.2,82309,8024,6094,
2026-09-15 14:54:49,23184.2,2026-09-15,23050.0,PE,8.25,8.2,8.25,4413351,192549,143115,10.66
2026-09-15 14:54:49,23184.2,2026-09-15,23100.0,CE,104.3,104.25,104.55,544271,46507,40956,6.68
2026-09-15 14:54:49,23184.2,2026-09-15,23100.0,PE,16.7,16.7,16.75,8189574,278837,157332,10.7
2026-09-15 14:54:49,23184.2,2026-09-15,23150.0,CE,68.8,68.7,68.9,1013623,92182,88057,7.61
2026-09-15 14:54:49,23184.2,2026-09-15,23150.0,PE,31.6,31.5,31.6,9391634,252453,186682,10.91
2026-09-15 14:54:49,23184.2,2026-09-15,23200.0,CE,41.85,41.8,41.95,3927932,310376,292509,8.18
2026-09-15 14:54:49,23184.2,2026-09-15,23200.0,PE,53.9,53.9,54.05,14855562,287418,117602,11.25
2026-09-15 14:54:49,23184.2,2026-09-15,23250.0,CE,23.35,23.25,23.35,5532270,324690,303107,8.6
2026-09-15 14:54:49,23184.2,2026-09-15,23250.0,PE,85.9,85.65,85.9,13246638,139428,15757,12.16
2026-09-15 14:54:49,23184.2,2026-09-15,23300.0,CE,12.25,12.2,12.25,11280136,534006,491282,9.04
2026-09-15 14:54:49,23184.2,2026-09-15,23300.0,PE,124.4,124.15,124.45,17065430,118497,-93846,13.38
2026-09-15 14:54:49,23184.2,2026-09-15,23350.0,CE,6.55,6.5,6.55,11042020,392092,359420,9.76
2026-09-15 14:54:49,23184.2,2026-09-15,23350.0,PE,168.15,168.3,168.65,10558535,59257,-34348,15.32
2026-09-15 14:54:49,23184.2,2026-09-15,23400.0,CE,3.9,3.9,3.95,13296838,408739,313983,10.82
2026-09-15 14:54:49,23184.2,2026-09-15,23400.0,PE,215.95,215.45,216.0,9208743,77712,-60591,17.2
2026-09-15 14:54:49,23184.2,2026-09-15,23450.0,CE,2.5,2.45,2.5,9312838,239617,177485,12.04
2026-09-15 14:54:49,23184.2,2026-09-15,23450.0,PE,264.55,263.95,264.6,4901034,30708,-23880,19.62
2026-09-15 14:54:49,23184.2,2026-09-15,23500.0,CE,1.7,1.7,1.75,12310629,419073,275997,13.24
2026-09-15 14:54:49,23184.2,2026-09-15,23500.0,PE,313.15,313.3,314.25,4512541,42432,-22885,22.33
2026-09-15 14:54:49,23184.2,2026-09-15,23550.0,CE,1.3,1.3,1.35,6748282,181151,106063,14.52
2026-09-15 14:54:49,23184.2,2026-09-15,23550.0,PE,363.9,362.2,363.35,1241120,9682,-4477,24.45
2026-09-15 14:54:49,23184.2,2026-09-15,23600.0,CE,1.0,1.0,1.05,6542575,220884,99301,15.64
2026-09-15 14:54:49,23184.2,2026-09-15,23600.0,PE,412.6,412.0,412.75,980161,14089,-7307,26.36
2026-09-15 14:54:49,23184.2,2026-09-15,23650.0,CE,0.75,0.75,0.8,4449774,138213,61694,16.69
2026-09-15 14:54:49,23184.2,2026-09-15,23650.0,PE,462.0,461.8,463.25,254999,5860,-2283,28.77
2026-09-15 14:54:49,23184.2,2026-09-15,23700.0,CE,0.6,0.6,0.65,3820170,211169,56709,18.05
2026-09-15 14:54:49,23184.2,2026-09-15,23700.0,PE,512.55,512.45,513.45,188999,13410,-9681,30.99
2026-09-15 14:55:49,23183.2,2026-09-15,22700.0,CE,486.4,485.05,487.9,1976,1031,369,
2026-09-15 14:55:49,23183.2,2026-09-15,22700.0,PE,0.35,0.35,0.4,1071565,102695,25545,16.48
2026-09-15 14:55:49,23183.2,2026-09-15,22750.0,CE,436.5,435.85,438.4,684,317,18,
2026-09-15 14:55:49,23183.2,2026-09-15,22750.0,PE,0.5,0.45,0.5,790178,42850,3678,15.12
2026-09-15 14:55:49,23183.2,2026-09-15,22800.0,CE,386.0,386.7,387.8,5431,1947,606,
2026-09-15 14:55:49,23183.2,2026-09-15,22800.0,PE,0.7,0.7,0.75,1617280,139594,41222,14.36
2026-09-15 14:55:49,23183.2,2026-09-15,22850.0,CE,337.65,336.9,338.3,2640,767,268,
2026-09-15 14:55:49,23183.2,2026-09-15,22850.0,PE,0.95,0.95,1.0,1078370,61140,9286,13.19
2026-09-15 14:55:49,23183.2,2026-09-15,22900.0,CE,288.1,287.3,288.35,14715,2054,583,
2026-09-15 14:55:49,23183.2,2026-09-15,22900.0,PE,1.4,1.35,1.4,2556661,125266,20847,12.3
2026-09-15 14:55:49,23183.2,2026-09-15,22950.0,CE,238.35,238.6,239.35,12832,1689,722,
2026-09-15 14:55:49,23183.2,2026-09-15,22950.0,PE,2.35,2.3,2.35,2243011,96374,41947,11.6
2026-09-15 14:55:49,23183.2,2026-09-15,23000.0,CE,191.25,190.85,191.35,166638,19577,13600,
2026-09-15 14:55:49,23183.2,2026-09-15,23000.0,PE,4.25,4.25,4.3,5431106,275015,84874,11.02
2026-09-15 14:55:49,23183.2,2026-09-15,23050.0,CE,145.0,144.7,145.05,82722,8024,6094,
2026-09-15 14:55:49,23183.2,2026-09-15,23050.0,PE,8.1,8.1,8.15,4436492,192549,143115,10.69
2026-09-15 14:55:49,23183.2,2026-09-15,23100.0,CE,103.0,102.65,102.95,546185,46507,40956,7.09
2026-09-15 14:55:49,23183.2,2026-09-15,23100.0,PE,16.8,16.8,16.9,8213424,278837,157332,10.5
2026-09-15 14:55:49,23183.2,2026-09-15,23150.0,CE,68.05,67.65,67.9,1018380,92182,88057,7.79
2026-09-15 14:55:49,23183.2,2026-09-15,23150.0,PE,31.75,31.75,31.85,9413657,252453,186682,10.7
2026-09-15 14:55:49,23183.2,2026-09-15,23200.0,CE,40.85,40.8,40.95,3942966,310376,292509,8.22
2026-09-15 14:55:49,23183.2,2026-09-15,23200.0,PE,54.95,54.85,54.95,14871172,287418,117602,11.13
2026-09-15 14:55:49,23183.2,2026-09-15,23250.0,CE,22.9,22.85,22.9,5545832,324690,303107,8.7
2026-09-15 14:55:49,23183.2,2026-09-15,23250.0,PE,86.7,86.65,86.7,13251824,139428,15757,11.91
2026-09-15 14:55:49,23183.2,2026-09-15,23300.0,CE,12.05,12.0,12.05,11297182,534006,491282,9.08
2026-09-15 14:55:49,23183.2,2026-09-15,23300.0,PE,125.65,125.55,125.8,17068551,118497,-93846,13.12
2026-09-15 14:55:49,23183.2,2026-09-15,23350.0,CE,6.45,6.4,6.45,11056463,392092,359420,9.78
2026-09-15 14:55:49,23183.2,2026-09-15,23350.0,PE,168.9,169.35,169.85,10559205,59257,-34348,15.01
2026-09-15 14:55:49,23183.2,2026-09-15,23400.0,CE,3.85,3.85,3.9,13308014,408739,313983,10.86
2026-09-15 14:55:49,23183.2,2026-09-15,23400.0,PE,216.95,216.4,217.0,9209326,77712,-60591,17.23
2026-09-15 14:55:49,23183.2,2026-09-15,23450.0,CE,2.45,2.45,2.5,9334411,239617,177485,12.04
2026-09-15 14:55:49,23183.2,2026-09-15,23450.0,PE,265.15,265.6,266.0,4901311,30708,-23880,19.29
2026-09-15 14:55:49,23183.2,2026-09-15,23500.0,CE,1.75,1.7,1.75,12323065,419073,275997,13.24
2026-09-15 14:55:49,23183.2,2026-09-15,23500.0,PE,315.0,314.4,315.2,4512754,42432,-22885,20.94
2026-09-15 14:55:49,23183.2,2026-09-15,23550.0,CE,1.3,1.3,1.35,6764351,181151,106063,14.61
2026-09-15 14:55:49,23183.2,2026-09-15,23550.0,PE,365.5,364.1,365.15,1241147,9682,-4477,24.45
2026-09-15 14:55:49,23183.2,2026-09-15,23600.0,CE,0.95,0.95,1.0,6556881,220884,99301,15.64
2026-09-15 14:55:49,23183.2,2026-09-15,23600.0,PE,413.95,413.4,414.55,980229,14089,-7307,26.28
2026-09-15 14:55:49,23183.2,2026-09-15,23650.0,CE,0.75,0.75,0.8,4451174,138213,61694,16.83
2026-09-15 14:55:49,23183.2,2026-09-15,23650.0,PE,463.0,463.2,464.55,255022,5860,-2283,27.52
2026-09-15 14:55:49,23183.2,2026-09-15,23700.0,CE,0.7,0.65,0.7,3822676,211169,56709,18.04
2026-09-15 14:55:49,23183.2,2026-09-15,23700.0,PE,515.4,514.2,514.9,189039,13410,-9681,31.58
2026-09-15 14:56:49,23185.6,2026-09-15,22700.0,CE,486.4,483.5,485.65,1977,1037,375,
2026-09-15 14:56:49,23185.6,2026-09-15,22700.0,PE,0.35,0.35,0.4,1073237,102852,25702,16.28
2026-09-15 14:56:49,23185.6,2026-09-15,22750.0,CE,436.5,433.45,435.2,684,317,18,
2026-09-15 14:56:49,23185.6,2026-09-15,22750.0,PE,0.45,0.45,0.5,791821,42919,3747,15.12
2026-09-15 14:56:49,23185.6,2026-09-15,22800.0,CE,386.8,385.0,385.65,5445,1944,603,
2026-09-15 14:56:49,23185.6,2026-09-15,22800.0,PE,0.7,0.7,0.75,1625361,141885,43513,14.12
2026-09-15 14:56:49,23185.6,2026-09-15,22850.0,CE,337.5,334.25,335.45,2707,763,264,
2026-09-15 14:56:49,23185.6,2026-09-15,22850.0,PE,0.95,0.95,1.0,1083855,60927,9073,13.19
2026-09-15 14:56:49,23185.6,2026-09-15,22900.0,CE,286.55,285.2,286.3,14829,1996,525,
2026-09-15 14:56:49,23185.6,2026-09-15,22900.0,PE,1.4,1.4,1.45,2583292,126067,21648,12.3
2026-09-15 14:56:49,23185.6,2026-09-15,22950.0,CE,236.35,235.95,236.6,13096,1741,774,
2026-09-15 14:56:49,23185.6,2026-09-15,22950.0,PE,2.35,2.35,2.4,2258398,98394,43967,11.64
2026-09-15 14:56:49,23185.6,2026-09-15,23000.0,CE,189.2,188.95,189.45,169643,20298,14321,
2026-09-15 14:56:49,23185.6,2026-09-15,23000.0,PE,4.45,4.4,4.45,5466488,277009,86868,11.12
2026-09-15 14:56:49,23185.6,2026-09-15,23050.0,CE,142.6,142.5,142.9,85554,8643,6713,
2026-09-15 14:56:49,23185.6,2026-09-15,23050.0,PE,8.5,8.45,8.5,4476062,207015,157581,10.66
2026-09-15 14:56:49,23185.6,2026-09-15,23100.0,CE,101.25,101.3,101.55,557170,47395,41844,6.68
2026-09-15 14:56:49,23185.6,2026-09-15,23100.0,PE,17.45,17.45,17.55,8286722,280119,158614,10.7
2026-09-15 14:56:49,23185.6,2026-09-15,23150.0,CE,66.6,66.6,66.75,1044594,92063,87938,7.61
2026-09-15 14:56:49,23185.6,2026-09-15,23150.0,PE,32.8,32.75,32.9,9509667,259114,193343,10.91
2026-09-15 14:56:49,23185.6,2026-09-15,23200.0,CE,40.1,40.1,40.2,4022881,312182,294315,8.18
2026-09-15 14:56:49,23185.6,2026-09-15,23200.0,PE,56.3,56.3,56.5,14959656,288729,118913,11.25
2026-09-15 14:56:49,23185.6,2026-09-15,23250.0,CE,22.45,22.5,22.55,5617811,322346,300763,8.6
2026-09-15 14:56:49,23185.6,2026-09-15,23250.0,PE,88.7,88.45,88.65,13280960,142114,18443,12.16
2026-09-15 14:56:49,23185.6,2026-09-15,23300.0,CE,12.0,11.9,12.0,11382850,524256,481532,9.04
2026-09-15 14:56:49,23185.6,2026-09-15,23300.0,PE,127.85,127.4,127.7,17085579,118279,-94064,13.38
2026-09-15 14:56:49,23185.6,2026-09-15,23350.0,CE,6.4,6.4,6.45,11114748,391963,359291,9.76
2026-09-15 14:56:49,23185.6,2026-09-15,23350.0,PE,171.35,171.3,171.75,10564204,59244,-34361,15.32
2026-09-15 14:56:49,23185.6,2026-09-15,23400.0,CE,4.05,4.0,4.05,13353959,413364,318608,10.82
2026-09-15 14:56:49,23185.6,2026-09-15,23400.0,PE,219.3,219.0,219.4,9213396,77294,-61009,17.2
2026-09-15 14:56:49,23185.6,2026-09-15,23450.0,CE,2.6,2.55,2.6,9393634,235653,173521,12.04
2026-09-15 14:56:49,23185.6,2026-09-15,23450.0,PE,268.3,267.75,268.5,4902112,30721,-23867,19.62
2026-09-15 14:56:49,23185.6,2026-09-15,23500.0,CE,1.9,1.85,1.9,12373014,415339,272263,13.24
2026-09-15 14:56:49,23185.6,2026-09-15,23500.0,PE,316.75,317.0,317.65,4514337,42279,-23038,22.33
2026-09-15 14:56:49,23185.6,2026-09-15,23550.0,CE,1.45,1.4,1.45,6790535,179383,104295,14.52
2026-09-15 14:56:49,23185.6,2026-09-15,23550.0,PE,367.0,366.55,367.35,1241432,9507,-4652,24.45
2026-09-15 14:56:49,23185.6,2026-09-15,23600.0,CE,1.15,1.1,1.15,6601824,220499,98916,15.64
2026-09-15 14:56:49,23185.6,2026-09-15,23600.0,PE,416.0,415.65,416.85,980579,14065,-7331,26.36
2026-09-15 14:56:49,23185.6,2026-09-15,23650.0,CE,0.85,0.85,0.9,4462919,136749,60230,16.69
2026-09-15 14:56:49,23185.6,2026-09-15,23650.0,PE,465.35,465.35,467.15,255097,5817,-2326,28.77
2026-09-15 14:56:49,23185.6,2026-09-15,23700.0,CE,0.75,0.7,0.75,3830619,209726,55266,18.05
2026-09-15 14:56:49,23185.6,2026-09-15,23700.0,PE,515.0,516.05,517.0,189200,13299,-9792,30.99
2026-09-15 14:57:49,23183.3,2026-09-15,22700.0,CE,483.0,483.6,485.5,1978,1037,375,
2026-09-15 14:57:49,23183.3,2026-09-15,22700.0,PE,0.4,0.35,0.4,1073334,102852,25702,16.48
2026-09-15 14:57:49,23183.3,2026-09-15,22750.0,CE,436.5,433.6,435.4,684,317,18,
2026-09-15 14:57:49,23183.3,2026-09-15,22750.0,PE,0.5,0.45,0.5,792170,42919,3747,15.12
2026-09-15 14:57:49,23183.3,2026-09-15,22800.0,CE,385.15,384.45,385.95,5447,1944,603,
2026-09-15 14:57:49,23183.3,2026-09-15,22800.0,PE,0.7,0.7,0.75,1625621,141885,43513,14.36
2026-09-15 14:57:49,23183.3,2026-09-15,22850.0,CE,334.0,334.85,335.8,2708,752,253,
2026-09-15 14:57:49,23183.3,2026-09-15,22850.0,PE,0.95,0.95,1.0,1084215,60927,9073,13.19
2026-09-15 14:57:49,23183.3,2026-09-15,22900.0,CE,286.0,285.15,286.0,14845,1996,525,
2026-09-15 14:57:49,23183.3,2026-09-15,22900.0,PE,1.4,1.35,1.4,2588936,126067,21648,12.3
2026-09-15 14:57:49,23183.3,2026-09-15,22950.0,CE,236.6,236.1,236.75,13116,1741,774,
2026-09-15 14:57:49,23183.3,2026-09-15,22950.0,PE,2.3,2.3,2.35,2261576,98394,43967,11.6
2026-09-15 14:57:49,23183.3,2026-09-15,23000.0,CE,188.75,188.65,189.0,169884,20298,14321,
2026-09-15 14:57:49,23183.3,2026-09-15,23000.0,PE,4.4,4.35,4.4,5471579,277009,86868,11.02
2026-09-15 14:57:49,23183.3,2026-09-15,23050.0,CE,142.45,142.3,142.7,85721,8643,6713,
2026-09-15 14:57:49,23183.3,2026-09-15,23050.0,PE,8.45,8.45,8.5,4482076,207015,157581,10.69
2026-09-15 14:57:49,23183.3,2026-09-15,23100.0,CE,101.4,101.2,101.45,558297,47395,41844,7.09
2026-09-15 14:57:49,23183.3,2026-09-15,23100.0,PE,17.6,17.6,17.65,8300388,280119,158614,10.5
2026-09-15 14:57:49,23183.3,2026-09-15,23150.0,CE,66.8,66.6,66.75,1048128,92063,87938,7.79
2026-09-15 14:57:49,23183.3,2026-09-15,23150.0,PE,32.9,32.85,33.0,9527686,259114,193343,10.7
2026-09-15 14:57:49,23183.3,2026-09-15,23200.0,CE,40.2,40.25,40.3,4034108,312182,294315,8.22
2026-09-15 14:57:49,23183.3,2026-09-15,23200.0,PE,56.4,56.3,56.45,14976352,288729,118913,11.13
2026-09-15 14:57:49,23183.3,2026-09-15,23250.0,CE,22.5,22.5,22.6,5627369,322346,300763,8.7
2026-09-15 14:57:49,23183.3,2026-09-15,23250.0,PE,88.75,88.5,88.75,13285783,142114,18443,11.91
2026-09-15 14:57:49,23183.3,2026-09-15,23300.0,CE,12.1,12.0,12.05,11396200,524256,481532,9.08
2026-09-15 14:57:49,23183.3,2026-09-15,23300.0,PE,127.8,127.5,127.8,17088547,118279,-94064,13.12
2026-09-15 14:57:49,23183.3,2026-09-15,23350.0,CE,6.45,6.45,6.5,11125489,391963,359291,9.78
2026-09-15 14:57:49,23183.3,2026-09-15,23350.0,PE,171.9,171.8,172.3,10564811,59244,-34361,15.01
2026-09-15 14:57:49,23183.3,2026-09-15,23400.0,CE,3.95,3.95,4.0,13363760,413364,318608,10.86
2026-09-15 14:57:49,23183.3,2026-09-15,23400.0,PE,219.7,219.2,219.75,9213929,77294,-61009,17.23
2026-09-15 14:57:49,23183.3,2026-09-15,23450.0,CE,2.55,2.5,2.55,9401544,235653,173521,12.04
2026-09-15 14:57:49,23183.3,2026-09-15,23450.0,PE,268.8,267.85,268.65,4902202,30721,-23867,19.29
2026-09-15 14:57:49,23183.3,2026-09-15,23500.0,CE,1.85,1.8,1.85,12380140,415339,272263,13.24
2026-09-15 14:57:49,23183.3,2026-09-15,23500.0,PE,317.45,317.2,317.9,4515964,42279,-23038,20.94
2026-09-15 14:57:49,23183.3,2026-09-15,23550.0,CE,1.35,1.35,1.4,6795698,179383,104295,14.61
2026-09-15 14:57:49,23183.3,2026-09-15,23550.0,PE,366.75,366.35,367.45,1241459,9507,-4652,24.45
2026-09-15 14:57:49,23183.3,2026-09-15,23600.0,CE,1.1,1.05,1.1,6608930,220499,98916,15.64
2026-09-15 14:57:49,23183.3,2026-09-15,23600.0,PE,416.0,415.95,417.05,980651,14065,-7331,26.28
2026-09-15 14:57:49,23183.3,2026-09-15,23650.0,CE,0.9,0.85,0.9,4464161,136749,60230,16.83
2026-09-15 14:57:49,23183.3,2026-09-15,23650.0,PE,466.0,465.05,466.85,255098,5817,-2326,27.52
2026-09-15 14:57:49,23183.3,2026-09-15,23700.0,CE,0.7,0.7,0.75,3832155,209726,55266,18.04
2026-09-15 14:57:49,23183.3,2026-09-15,23700.0,PE,517.0,516.1,517.55,189221,13299,-9792,31.58
2026-09-15 14:58:50,23183.45,2026-09-15,22700.0,CE,483.0,488.3,490.2,1978,1037,375,
2026-09-15 14:58:50,23183.45,2026-09-15,22700.0,PE,0.35,0.35,0.4,1075979,102927,25777,16.28
2026-09-15 14:58:50,23183.45,2026-09-15,22750.0,CE,436.5,437.95,439.3,684,317,18,
2026-09-15 14:58:50,23183.45,2026-09-15,22750.0,PE,0.5,0.45,0.5,795151,42882,3710,15.12
2026-09-15 14:58:50,23183.45,2026-09-15,22800.0,CE,390.5,389.7,390.4,5463,1944,603,
2026-09-15 14:58:50,23183.45,2026-09-15,22800.0,PE,0.7,0.7,0.75,1631582,141927,43555,14.12
2026-09-15 14:58:50,23183.45,2026-09-15,22850.0,CE,338.5,338.6,339.85,2722,751,252,
2026-09-15 14:58:50,23183.45,2026-09-15,22850.0,PE,0.95,0.9,0.95,1086305,60416,8562,13.19
2026-09-15 14:58:50,23183.45,2026-09-15,22900.0,CE,290.4,289.8,290.9,14919,2013,542,
2026-09-15 14:58:50,23183.45,2026-09-15,22900.0,PE,1.3,1.3,1.35,2599936,125669,21250,12.3
2026-09-15 14:58:50,23183.45,2026-09-15,22950.0,CE,240.95,240.65,241.35,13172,1749,782,
2026-09-15 14:58:50,23183.45,2026-09-15,22950.0,PE,2.2,2.2,2.25,2273606,99022,44595,11.64
2026-09-15 14:58:50,23183.45,2026-09-15,23000.0,CE,193.0,192.7,193.15,171435,21142,15165,
2026-09-15 14:58:50,23183.45,2026-09-15,23000.0,PE,4.1,4.1,4.15,5501863,279227,89086,11.12
2026-09-15 14:58:50,23183.45,2026-09-15,23050.0,CE,146.05,146.25,146.4,86793,8599,6669,
2026-09-15 14:58:50,23183.45,2026-09-15,23050.0,PE,7.75,7.7,7.75,4516884,207548,158114,10.66
2026-09-15 14:58:50,23183.45,2026-09-15,23100.0,CE,104.7,104.65,104.95,563927,47849,42298,6.68
2026-09-15 14:58:50,23183.45,2026-09-15,23100.0,PE,16.45,16.45,16.5,8356621,281563,160058,10.7
2026-09-15 14:58:50,23183.45,2026-09-15,23150.0,CE,69.55,69.65,69.8,1063618,93199,89074,7.61
2026-09-15 14:58:50,23183.45,2026-09-15,23150.0,PE,31.25,31.15,31.25,9592844,258139,192368,10.91
2026-09-15 14:58:50,23183.45,2026-09-15,23200.0,CE,42.3,42.3,42.4,4084059,317116,299249,8.18
2026-09-15 14:58:50,23183.45,2026-09-15,23200.0,PE,53.9,53.8,53.9,15028894,288986,119170,11.25
2026-09-15 14:58:50,23183.45,2026-09-15,23250.0,CE,23.75,23.8,23.85,5669308,322929,301346,8.6
2026-09-15 14:58:50,23183.45,2026-09-15,23250.0,PE,85.5,85.2,85.45,13302384,143265,19594,12.16
2026-09-15 14:58:50,23183.45,2026-09-15,23300.0,CE,12.7,12.65,12.7,11447454,525230,482506,9.04
2026-09-15 14:58:50,23183.45,2026-09-15,23300.0,PE,123.5,123.5,123.75,17099241,117966,-94377,13.38
2026-09-15 14:58:50,23183.45,2026-09-15,23350.0,CE,6.8,6.75,6.8,11161270,395992,363320,9.76
2026-09-15 14:58:50,23183.45,2026-09-15,23350.0,PE,167.4,167.7,168.1,10567681,59007,-34598,15.32
2026-09-15 14:58:50,23183.45,2026-09-15,23400.0,CE,4.05,4.05,4.1,13400617,414796,320040,10.82
2026-09-15 14:58:50,23183.45,2026-09-15,23400.0,PE,214.85,214.6,215.1,9216259,77197,-61106,17.2
2026-09-15 14:58:50,23183.45,2026-09-15,23450.0,CE,2.6,2.55,2.6,9449080,235155,173023,12.04
2026-09-15 14:58:50,23183.45,2026-09-15,23450.0,PE,264.3,263.35,264.1,4903118,30701,-23887,19.62
2026-09-15 14:58:50,23183.45,2026-09-15,23500.0,CE,1.9,1.85,1.9,12417893,414748,271672,13.24
2026-09-15 14:58:50,23183.45,2026-09-15,23500.0,PE,312.8,312.2,313.05,4516750,40982,-24335,22.33
2026-09-15 14:58:50,23183.45,2026-09-15,23550.0,CE,1.35,1.35,1.4,6841598,179480,104392,14.52
2026-09-15 14:58:50,23183.45,2026-09-15,23550.0,PE,362.1,361.8,362.75,1241540,9489,-4670,24.45
2026-09-15 14:58:50,23183.45,2026-09-15,23600.0,CE,1.05,1.05,1.1,6630418,224031,102448,15.64
2026-09-15 14:58:50,23183.45,2026-09-15,23600.0,PE,411.6,410.9,412.0,981065,14005,-7391,26.36
2026-09-15 14:58:50,23183.45,2026-09-15,23650.0,CE,0.9,0.85,0.9,4475975,136814,60295,16.69
2026-09-15 14:58:50,23183.45,2026-09-15,23650.0,PE,461.95,460.8,462.15,255166,5828,-2315,28.77
2026-09-15 14:58:50,23183.45,2026-09-15,23700.0,CE,0.75,0.7,0.75,3840647,209427,54967,18.05
2026-09-15 14:58:50,23183.45,2026-09-15,23700.0,PE,512.0,511.85,513.15,189310,13272,-9819,30.99
2026-09-15 14:59:50,23175.15,2026-09-15,22700.0,CE,485.75,479.0,482.3,1984,1037,375,
2026-09-15 14:59:50,23175.15,2026-09-15,22700.0,PE,0.3,0.3,0.35,1080606,101724,24574,16.28
2026-09-15 14:59:50,23175.15,2026-09-15,22750.0,CE,438.55,429.4,431.65,686,311,12,
2026-09-15 14:59:50,23175.15,2026-09-15,22750.0,PE,0.4,0.4,0.45,797218,41189,2017,15.12
2026-09-15 14:59:50,23175.15,2026-09-15,22800.0,CE,382.0,380.95,382.2,5511,1942,601,
2026-09-15 14:59:50,23175.15,2026-09-15,22800.0,PE,0.6,0.6,0.65,1640901,139541,41169,14.12
2026-09-15 14:59:50,23175.15,2026-09-15,22850.0,CE,332.15,331.2,332.15,2747,745,246,
2026-09-15 14:59:50,23175.15,2026-09-15,22850.0,PE,0.8,0.8,0.85,1092634,60351,8497,13.19
2026-09-15 14:59:50,23175.15,2026-09-15,22900.0,CE,281.65,281.75,282.75,15016,1993,522,
2026-09-15 14:59:50,23175.15,2026-09-15,22900.0,PE,1.2,1.2,1.25,2621586,125799,21380,12.3
2026-09-15 14:59:50,23175.15,2026-09-15,22950.0,CE,232.6,232.05,232.65,13381,1706,739,
2026-09-15 14:59:50,23175.15,2026-09-15,22950.0,PE,2.15,2.1,2.15,2299911,96274,41847,11.64
2026-09-15 14:59:50,23175.15,2026-09-15,23000.0,CE,185.0,184.45,184.95,173837,20958,14981,
2026-09-15 14:59:50,23175.15,2026-09-15,23000.0,PE,4.3,4.25,4.3,5566559,278411,88270,11.12
2026-09-15 14:59:50,23175.15,2026-09-15,23050.0,CE,138.85,138.95,139.35,88622,8551,6621,
2026-09-15 14:59:50,23175.15,2026-09-15,23050.0,PE,8.3,8.3,8.4,4581802,211333,161899,10.66
2026-09-15 14:59:50,23175.15,2026-09-15,23100.0,CE,98.65,98.4,98.65,578009,48546,42995,6.68
2026-09-15 14:59:50,23175.15,2026-09-15,23100.0,PE,17.85,17.75,17.85,8480626,283153,161648,10.7
2026-09-15 14:59:50,23175.15,2026-09-15,23150.0,CE,64.2,64.1,64.15,1093453,94288,90163,7.61
2026-09-15 14:59:50,23175.15,2026-09-15,23150.0,PE,33.55,33.55,33.65,9704193,270401,204630,10.91
2026-09-15 14:59:50,23175.15,2026-09-15,23200.0,CE,38.2,38.1,38.25,4191817,318019,300152,8.18
2026-09-15 14:59:50,23175.15,2026-09-15,23200.0,PE,57.75,57.75,57.9,15123090,287154,117338,11.25
2026-09-15 14:59:50,23175.15,2026-09-15,23250.0,CE,21.15,21.1,21.15,5763171,322240,300657,8.6
2026-09-15 14:59:50,23175.15,2026-09-15,23250.0,PE,90.55,90.3,90.55,13331640,125164,1493,12.16
2026-09-15 14:59:50,23175.15,2026-09-15,23300.0,CE,11.05,11.05,11.1,11561880,520695,477971,9.04
2026-09-15 14:59:50,23175.15,2026-09-15,23300.0,PE,130.4,130.3,130.6,17116514,117728,-94615,13.38
2026-09-15 14:59:50,23175.15,2026-09-15,23350.0,CE,6.0,6.0,6.05,11231672,395824,363152,9.76
2026-09-15 14:59:50,23175.15,2026-09-15,23350.0,PE,175.2,174.9,175.05,10571773,58605,-35000,15.32
2026-09-15 14:59:50,23175.15,2026-09-15,23400.0,CE,3.8,3.75,3.8,13462855,417403,322647,10.82
2026-09-15 14:59:50,23175.15,2026-09-15,23400.0,PE,222.0,222.1,222.7,9221397,77389,-60914,17.2
2026-09-15 14:59:50,23175.15,2026-09-15,23450.0,CE,2.5,2.45,2.5,9538352,236114,173982,12.04
2026-09-15 14:59:50,23175.15,2026-09-15,23450.0,PE,271.6,270.75,271.65,4905007,30519,-24069,19.62
2026-09-15 14:59:50,23175.15,2026-09-15,23500.0,CE,1.75,1.75,1.8,12472707,414446,271370,13.24
2026-09-15 14:59:50,23175.15,2026-09-15,23500.0,PE,321.15,320.0,320.95,4518646,40837,-24480,22.33
2026-09-15 14:59:50,23175.15,2026-09-15,23550.0,CE,1.3,1.25,1.3,6878754,175440,100352,14.52
2026-09-15 14:59:50,23175.15,2026-09-15,23550.0,PE,371.75,369.6,370.6,1242451,9129,-5030,24.45
2026-09-15 14:59:50,23175.15,2026-09-15,23600.0,CE,1.05,1.0,1.05,6673123,225796,104213,15.64
2026-09-15 14:59:50,23175.15,2026-09-15,23600.0,PE,420.15,419.05,420.2,981484,13880,-7516,26.36
2026-09-15 14:59:50,23175.15,2026-09-15,23650.0,CE,0.85,0.8,0.85,4495660,137098,60579,16.69
2026-09-15 14:59:50,23175.15,2026-09-15,23650.0,PE,470.0,469.05,470.7,255549,5824,-2319,28.77
2026-09-15 14:59:50,23175.15,2026-09-15,23700.0,CE,0.7,0.7,0.75,3850134,210128,55668,18.05
2026-09-15 14:59:50,23175.15,2026-09-15,23700.0,PE,520.0,520.35,521.45,189463,13238,-9853,30.99
2026-09-15 15:00:50,23172.8,2026-09-15,22650.0,CE,533.35,531.1,534.45,64,21,3,
2026-09-15 15:00:50,23172.8,2026-09-15,22650.0,PE,0.25,0.25,0.3,393870,30549,10343,17.0
2026-09-15 15:00:50,23172.8,2026-09-15,22700.0,CE,484.8,481.65,484.25,1986,1043,381,
2026-09-15 15:00:50,23172.8,2026-09-15,22700.0,PE,0.35,0.3,0.35,1082407,101962,24812,16.48
2026-09-15 15:00:50,23172.8,2026-09-15,22750.0,CE,438.55,432.1,433.6,686,311,12,
2026-09-15 15:00:50,23172.8,2026-09-15,22750.0,PE,0.4,0.4,0.45,797721,41603,2431,15.12
2026-09-15 15:00:50,23172.8,2026-09-15,22800.0,CE,383.8,382.65,383.9,5514,1924,583,
2026-09-15 15:00:50,23172.8,2026-09-15,22800.0,PE,0.6,0.6,0.65,1643011,138699,40327,14.36
2026-09-15 15:00:50,23172.8,2026-09-15,22850.0,CE,334.25,333.1,333.8,2749,745,246,
2026-09-15 15:00:50,23172.8,2026-09-15,22850.0,PE,0.85,0.8,0.85,1098406,60149,8295,13.19
2026-09-15 15:00:50,23172.8,2026-09-15,22900.0,CE,284.3,283.7,284.7,15082,1993,522,
2026-09-15 15:00:50,23172.8,2026-09-15,22900.0,PE,1.2,1.2,1.25,2626914,126959,22540,12.3
2026-09-15 15:00:50,23172.8,2026-09-15,22950.0,CE,235.6,234.85,235.55,13456,1714,747,
2026-09-15 15:00:50,23172.8,2026-09-15,22950.0,PE,2.15,2.15,2.2,2308091,99137,44710,11.6
2026-09-15 15:00:50,23172.8,2026-09-15,23000.0,CE,187.0,187.05,187.55,174870,21341,15364,
2026-09-15 15:00:50,23172.8,2026-09-15,23000.0,PE,4.35,4.3,4.35,5592569,282140,91999,11.02
2026-09-15 15:00:50,23172.8,2026-09-15,23050.0,CE,141.8,141.3,141.6,89575,8382,6452,
2026-09-15 15:00:50,23172.8,2026-09-15,23050.0,PE,8.6,8.5,8.55,4611694,212831,163397,10.69
2026-09-15 15:00:50,23172.8,2026-09-15,23100.0,CE,100.4,100.4,100.7,585527,47702,42151,7.09
2026-09-15 15:00:50,23172.8,2026-09-15,23100.0,PE,17.75,17.65,17.7,8538654,286099,164594,10.5
2026-09-15 15:00:50,23172.8,2026-09-15,23150.0,CE,65.7,65.7,65.8,1106474,94087,89962,7.79
2026-09-15 15:00:50,23172.8,2026-09-15,23150.0,PE,33.5,33.4,33.5,9769909,271452,205681,10.7
2026-09-15 15:00:50,23172.8,2026-09-15,23200.0,CE,39.7,39.65,39.7,4232102,311308,293441,8.22
2026-09-15 15:00:50,23172.8,2026-09-15,23200.0,PE,57.35,57.2,57.35,15169534,287785,117969,11.13
2026-09-15 15:00:50,23172.8,2026-09-15,23250.0,CE,22.05,22.05,22.1,5796363,314655,293072,8.7
2026-09-15 15:00:50,23172.8,2026-09-15,23250.0,PE,89.6,89.45,89.65,13346834,124873,1202,11.91
2026-09-15 15:00:50,23172.8,2026-09-15,23300.0,CE,11.65,11.6,11.65,11598837,512914,470190,9.08
2026-09-15 15:00:50,23172.8,2026-09-15,23300.0,PE,128.6,128.35,128.6,17123967,118439,-93904,13.12
2026-09-15 15:00:50,23172.8,2026-09-15,23350.0,CE,6.25,6.2,6.25,11256907,392553,359881,9.78
2026-09-15 15:00:50,23172.8,2026-09-15,23350.0,PE,173.6,173.25,173.6,10575112,58272,-35333,15.01
2026-09-15 15:00:50,23172.8,2026-09-15,23400.0,CE,3.7,3.7,3.75,13489706,415661,320905,10.86
2026-09-15 15:00:50,23172.8,2026-09-15,23400.0,PE,220.5,220.5,220.55,9223556,77669,-60634,17.23
2026-09-15 15:00:50,23172.8,2026-09-15,23450.0,CE,2.45,2.4,2.45,9563013,237590,175458,12.04
2026-09-15 15:00:50,23172.8,2026-09-15,23450.0,PE,268.9,268.7,269.45,4905509,30336,-24252,19.29
2026-09-15 15:00:50,23172.8,2026-09-15,23500.0,CE,1.7,1.65,1.7,12511362,413288,270212,13.24
2026-09-15 15:00:50,23172.8,2026-09-15,23500.0,PE,318.9,318.0,318.9,4519824,40816,-24501,20.94
2026-09-15 15:00:50,23172.8,2026-09-15,23550.0,CE,1.25,1.2,1.25,6893457,173720,98632,14.61
2026-09-15 15:00:50,23172.8,2026-09-15,23550.0,PE,367.2,367.7,368.6,1242631,9170,-4989,24.45
2026-09-15 15:00:50,23172.8,2026-09-15,23600.0,CE,0.95,0.9,0.95,6698091,227169,105586,15.64
2026-09-15 15:00:50,23172.8,2026-09-15,23600.0,PE,417.55,417.1,418.25,981648,13891,-7505,26.28
2026-09-15 15:00:50,23172.8,2026-09-15,23650.0,CE,0.8,0.75,0.8,4503737,136855,60336,16.83
2026-09-15 15:00:50,23172.8,2026-09-15,23650.0,PE,467.75,466.65,467.9,255623,5706,-2437,27.52
2026-09-15 15:01:51,23171.25,2026-09-15,22650.0,CE,533.35,526.65,530.55,64,21,3,20.64
2026-09-15 15:01:51,23171.25,2026-09-15,22650.0,PE,0.3,0.25,0.3,394546,30549,10343,16.74
2026-09-15 15:01:51,23171.25,2026-09-15,22700.0,CE,480.75,478.45,480.7,1987,1043,381,21.17
2026-09-15 15:01:51,23171.25,2026-09-15,22700.0,PE,0.35,0.3,0.35,1083464,101962,24812,15.88
2026-09-15 15:01:51,23171.25,2026-09-15,22750.0,CE,438.55,427.25,429.95,686,311,12,22.68
2026-09-15 15:01:51,23171.25,2026-09-15,22750.0,PE,0.45,0.4,0.45,797846,41603,2431,14.83
2026-09-15 15:01:51,23171.25,2026-09-15,22800.0,CE,384.4,378.95,380.35,5535,1924,583,16.15
2026-09-15 15:01:51,23171.25,2026-09-15,22800.0,PE,0.65,0.6,0.65,1645647,138699,40327,13.93
2026-09-15 15:01:51,23171.25,2026-09-15,22850.0,CE,332.35,329.6,330.6,2753,747,248,14.33
2026-09-15 15:01:51,23171.25,2026-09-15,22850.0,PE,0.85,0.8,0.85,1106997,60149,8295,12.78
2026-09-15 15:01:51,23171.25,2026-09-15,22900.0,CE,280.0,279.3,280.0,15107,1993,522,13.14
2026-09-15 15:01:51,23171.25,2026-09-15,22900.0,PE,1.25,1.2,1.25,2631712,126959,22540,11.7
2026-09-15 15:01:51,23171.25,2026-09-15,22950.0,CE,231.2,230.95,231.65,13535,1714,747,11.32
2026-09-15 15:01:51,23171.25,2026-09-15,22950.0,PE,2.25,2.2,2.25,2316113,99137,44710,11.04
2026-09-15 15:01:51,23171.25,2026-09-15,23000.0,CE,184.15,183.65,184.15,175811,21341,15364,10.64
2026-09-15 15:01:51,23171.25,2026-09-15,23000.0,PE,4.5,4.45,4.5,5612483,282140,91999,10.53
2026-09-15 15:01:51,23171.25,2026-09-15,23050.0,CE,137.6,137.5,137.7,90875,8382,6452,10.26
2026-09-15 15:01:51,23171.25,2026-09-15,23050.0,PE,8.85,8.8,8.85,4638206,212831,163397,10.04
2026-09-15 15:01:51,23171.25,2026-09-15,23100.0,CE,97.1,97.4,97.65,588856,47702,42151,9.98
2026-09-15 15:01:51,23171.25,2026-09-15,23100.0,PE,18.6,18.55,18.6,8581332,286099,164594,9.98
2026-09-15 15:01:51,23171.25,2026-09-15,23150.0,CE,63.2,63.25,63.4,1116271,94087,89962,9.84
2026-09-15 15:01:51,23171.25,2026-09-15,23150.0,PE,34.6,34.55,34.65,9819734,271452,205681,9.91
2026-09-15 15:01:51,23171.25,2026-09-15,23200.0,CE,37.9,37.85,37.95,4257844,311308,293441,9.85
2026-09-15 15:01:51,23171.25,2026-09-15,23200.0,PE,59.1,58.9,59.1,15210723,287785,117969,9.94
2026-09-15 15:01:51,23171.25,2026-09-15,23250.0,CE,20.6,20.6,20.7,5821591,314655,293072,9.98
2026-09-15 15:01:51,23171.25,2026-09-15,23250.0,PE,92.6,92.35,92.5,13363380,124873,1202,10.05
2026-09-15 15:01:51,23171.25,2026-09-15,23300.0,CE,10.85,10.85,10.9,11632531,512914,470190,10.22
2026-09-15 15:01:51,23171.25,2026-09-15,23300.0,PE,131.45,131.25,131.5,17131019,118439,-93904,10.14
2026-09-15 15:01:51,23171.25,2026-09-15,23350.0,CE,5.75,5.7,5.75,11281526,392553,359881,10.71
2026-09-15 15:01:51,23171.25,2026-09-15,23350.0,PE,176.2,176.2,176.6,10577926,58272,-35333,10.73
2026-09-15 15:01:51,23171.25,2026-09-15,23400.0,CE,3.4,3.4,3.45,13514342,415661,320905,11.55
2026-09-15 15:01:51,23171.25,2026-09-15,23400.0,PE,224.3,223.5,224.15,9225785,77669,-60634,11.17
2026-09-15 15:01:51,23171.25,2026-09-15,23450.0,CE,2.2,2.2,2.25,9578730,237590,175458,12.42
2026-09-15 15:01:51,23171.25,2026-09-15,23450.0,PE,274.0,272.4,273.35,4906302,30336,-24252,12.09
2026-09-15 15:01:51,23171.25,2026-09-15,23500.0,CE,1.65,1.6,1.65,12530942,413288,270212,13.5
2026-09-15 15:01:51,23171.25,2026-09-15,23500.0,PE,322.35,321.55,322.3,4520229,40816,-24501,12.5
2026-09-15 15:01:51,23171.25,2026-09-15,23550.0,CE,1.15,1.15,1.2,6911915,173720,98632,14.54
2026-09-15 15:01:51,23171.25,2026-09-15,23550.0,PE,373.0,371.1,372.15,1242804,9170,-4989,
2026-09-15 15:01:51,23171.25,2026-09-15,23600.0,CE,0.9,0.9,0.95,6701641,227169,105586,15.57
2026-09-15 15:01:51,23171.25,2026-09-15,23600.0,PE,422.5,421.4,422.75,981759,13891,-7505,15.11
2026-09-15 15:01:51,23171.25,2026-09-15,23650.0,CE,0.75,0.7,0.75,4515750,136855,60336,16.75
2026-09-15 15:01:51,23171.25,2026-09-15,23650.0,PE,470.85,470.1,472.05,255723,5706,-2437,
2026-09-15 15:02:51,23180.65,2026-09-15,22700.0,CE,484.8,477.7,480.85,1986,1043,381,22.07
2026-09-15 15:02:51,23180.65,2026-09-15,22700.0,PE,0.3,0.3,0.35,1083317,101675,24525,15.86
2026-09-15 15:02:51,23180.65,2026-09-15,22750.0,CE,438.55,428.3,430.2,686,311,12,23.22
2026-09-15 15:02:51,23180.65,2026-09-15,22750.0,PE,0.4,0.4,0.45,797808,41484,2312,14.6
2026-09-15 15:02:51,23180.65,2026-09-15,22800.0,CE,384.4,379.35,380.8,5535,1913,572,17.14
2026-09-15 15:02:51,23180.65,2026-09-15,22800.0,PE,0.65,0.6,0.65,1645424,139067,40695,13.76
2026-09-15 15:02:51,23180.65,2026-09-15,22850.0,CE,332.35,329.75,330.7,2753,748,249,15.7
2026-09-15 15:02:51,23180.65,2026-09-15,22850.0,PE,0.85,0.8,0.85,1106792,57250,5396,12.76
2026-09-15 15:02:51,23180.65,2026-09-15,22900.0,CE,282.0,280.85,281.75,15103,2021,550,13.77
2026-09-15 15:02:51,23180.65,2026-09-15,22900.0,PE,1.3,1.25,1.3,2630332,126846,22427,11.67
2026-09-15 15:02:51,23180.65,2026-09-15,22950.0,CE,234.0,231.55,232.2,13490,1714,747,12.67
2026-09-15 15:02:51,23180.65,2026-09-15,22950.0,PE,2.3,2.3,2.35,2314898,100838,46411,10.96
2026-09-15 15:02:51,23180.65,2026-09-15,23000.0,CE,184.6,183.7,184.3,175662,21396,15419,11.24
2026-09-15 15:02:51,23180.65,2026-09-15,23000.0,PE,4.6,4.6,4.65,5608098,284570,94429,10.49
2026-09-15 15:02:51,23180.65,2026-09-15,23050.0,CE,138.15,138.15,138.5,90767,8888,6958,10.71
2026-09-15 15:02:51,23180.65,2026-09-15,23050.0,PE,9.05,9.0,9.1,4630269,211866,162432,10.02
2026-09-15 15:02:51,23180.65,2026-09-15,23100.0,CE,98.2,98.1,98.35,588141,47857,42306,10.25
2026-09-15 15:02:51,23180.65,2026-09-15,23100.0,PE,18.7,18.6,18.65,8572588,286975,165470,9.89
2026-09-15 15:02:51,23180.65,2026-09-15,23150.0,CE,63.8,63.55,63.75,1113988,95162,91037,10.02
2026-09-15 15:02:51,23180.65,2026-09-15,23150.0,PE,34.8,34.8,34.9,9809820,271417,205646,9.83
2026-09-15 15:02:51,23180.65,2026-09-15,23200.0,CE,38.05,38.05,38.15,4252773,313397,295530,10.01
2026-09-15 15:02:51,23180.65,2026-09-15,23200.0,PE,59.05,59.1,59.25,15201783,287115,117299,9.79
2026-09-15 15:02:51,23180.65,2026-09-15,23250.0,CE,21.1,21.1,21.15,5817090,312672,291089,10.09
2026-09-15 15:02:51,23180.65,2026-09-15,23250.0,PE,91.4,91.45,91.7,13360779,121980,-1691,9.82
2026-09-15 15:02:51,23180.65,2026-09-15,23300.0,CE,10.95,10.95,11.0,11624533,512995,470271,10.34
2026-09-15 15:02:51,23180.65,2026-09-15,23300.0,PE,131.1,131.2,131.55,17129166,118733,-93610,9.77
2026-09-15 15:02:51,23180.65,2026-09-15,23350.0,CE,5.8,5.8,5.85,11276070,390005,357333,10.82
2026-09-15 15:02:51,23180.65,2026-09-15,23350.0,PE,175.8,176.0,176.5,10577023,57616,-35989,10.18
2026-09-15 15:02:51,23180.65,2026-09-15,23400.0,CE,3.5,3.45,3.5,13508900,412685,317929,11.58
2026-09-15 15:02:51,23180.65,2026-09-15,23400.0,PE,223.95,223.35,224.0,9224711,77411,-60892,10.09
2026-09-15 15:02:51,23180.65,2026-09-15,23450.0,CE,2.25,2.25,2.3,9575640,236771,174639,12.55
2026-09-15 15:02:51,23180.65,2026-09-15,23450.0,PE,272.15,272.35,272.8,4906206,30490,-24098,9.06
2026-09-15 15:02:51,23180.65,2026-09-15,23500.0,CE,1.65,1.6,1.65,12526641,412845,269769,13.53
2026-09-15 15:02:51,23180.65,2026-09-15,23500.0,PE,322.1,321.4,322.2,4520148,40907,-24410,10.58
2026-09-15 15:02:51,23180.65,2026-09-15,23550.0,CE,1.2,1.15,1.2,6911585,171562,96474,14.56
2026-09-15 15:02:51,23180.65,2026-09-15,23550.0,PE,372.0,370.95,371.9,1242751,9107,-5052,
2026-09-15 15:02:51,23180.65,2026-09-15,23600.0,CE,0.9,0.9,0.95,6701182,225557,103974,15.59
2026-09-15 15:02:51,23180.65,2026-09-15,23600.0,PE,421.45,420.15,421.3,981717,13875,-7521,
2026-09-15 15:02:51,23180.65,2026-09-15,23650.0,CE,0.75,0.7,0.75,4515130,134709,58190,16.78
2026-09-15 15:02:51,23180.65,2026-09-15,23650.0,PE,469.8,470.75,472.1,255674,5669,-2474,
2026-09-15 15:02:51,23180.65,2026-09-15,23700.0,CE,0.65,0.65,0.7,3860255,209110,54650,17.83
2026-09-15 15:02:51,23180.65,2026-09-15,23700.0,PE,522.0,521.8,523.45,189616,13179,-9912,
2026-09-15 15:03:51,23173.7,2026-09-15,22650.0,CE,533.35,531.45,534.9,64,21,3,22.06
2026-09-15 15:03:51,23173.7,2026-09-15,22650.0,PE,0.25,0.25,0.3,397549,30514,10308,16.72
2026-09-15 15:03:51,23173.7,2026-09-15,22700.0,CE,484.35,482.4,484.35,2002,1048,386,22.07
2026-09-15 15:03:51,23173.7,2026-09-15,22700.0,PE,0.3,0.3,0.35,1090913,101811,24661,15.86
2026-09-15 15:03:51,23173.7,2026-09-15,22750.0,CE,440.1,432.2,434.1,687,311,12,23.22
2026-09-15 15:03:51,23173.7,2026-09-15,22750.0,PE,0.45,0.4,0.45,799112,41511,2339,14.6
2026-09-15 15:03:51,23173.7,2026-09-15,22800.0,CE,385.0,382.95,384.5,5575,1906,565,17.14
2026-09-15 15:03:51,23173.7,2026-09-15,22800.0,PE,0.55,0.55,0.6,1662430,138752,40380,13.76
2026-09-15 15:03:51,23173.7,2026-09-15,22850.0,CE,332.0,333.1,334.1,2771,748,249,15.7
2026-09-15 15:03:51,23173.7,2026-09-15,22850.0,PE,0.75,0.7,0.75,1123440,57652,5798,12.76
2026-09-15 15:03:51,23173.7,2026-09-15,22900.0,CE,285.55,283.9,284.85,15940,1827,356,13.77
2026-09-15 15:03:51,23173.7,2026-09-15,22900.0,PE,1.15,1.15,1.2,2675109,126111,21692,11.67
2026-09-15 15:03:51,23173.7,2026-09-15,22950.0,CE,235.75,234.9,235.7,13890,1700,733,12.67
2026-09-15 15:03:51,23173.7,2026-09-15,22950.0,PE,2.2,2.15,2.2,2353972,102490,48063,10.96
2026-09-15 15:03:51,23173.7,2026-09-15,23000.0,CE,187.5,187.4,187.85,182541,20986,15009,11.24
2026-09-15 15:03:51,23173.7,2026-09-15,23000.0,PE,4.3,4.3,4.35,5719327,283183,93042,10.49
2026-09-15 15:03:51,23173.7,2026-09-15,23050.0,CE,141.7,141.1,141.4,96172,9022,7092,10.71
2026-09-15 15:03:51,23173.7,2026-09-15,23050.0,PE,8.45,8.45,8.5,4758932,209401,159967,10.02
2026-09-15 15:03:51,23173.7,2026-09-15,23100.0,CE,100.75,100.4,100.65,611597,48024,42473,10.25
2026-09-15 15:03:51,23173.7,2026-09-15,23100.0,PE,17.55,17.45,17.55,8798667,277345,155840,9.89
2026-09-15 15:03:51,23173.7,2026-09-15,23150.0,CE,65.85,65.65,65.75,1172089,93404,89279,10.02
2026-09-15 15:03:51,23173.7,2026-09-15,23150.0,PE,33.0,33.0,33.15,10070960,253853,188082,9.83
2026-09-15 15:03:51,23173.7,2026-09-15,23200.0,CE,39.55,39.35,39.5,4416877,314933,297066,10.01
2026-09-15 15:03:51,23173.7,2026-09-15,23200.0,PE,56.85,56.8,56.95,15410090,264961,95145,9.79
2026-09-15 15:03:51,23173.7,2026-09-15,23250.0,CE,21.9,21.85,21.9,5955387,315101,293518,10.09
2026-09-15 15:03:51,23173.7,2026-09-15,23250.0,PE,89.05,88.8,89.0,13437856,119176,-4495,9.82
2026-09-15 15:03:51,23173.7,2026-09-15,23300.0,CE,11.55,11.5,11.55,11773734,513050,470326,10.34
2026-09-15 15:03:51,23173.7,2026-09-15,23300.0,PE,128.35,128.15,128.4,17169278,117453,-94890,9.77
2026-09-15 15:03:51,23173.7,2026-09-15,23350.0,CE,6.15,6.1,6.15,11369157,391774,359102,10.82
2026-09-15 15:03:51,23173.7,2026-09-15,23350.0,PE,172.75,172.85,173.3,10589860,55834,-37771,10.18
2026-09-15 15:03:51,23173.7,2026-09-15,23400.0,CE,3.65,3.65,3.7,13591460,410053,315297,11.58
2026-09-15 15:03:51,23173.7,2026-09-15,23400.0,PE,219.7,219.95,220.55,9234248,76817,-61486,10.09
2026-09-15 15:03:51,23173.7,2026-09-15,23450.0,CE,2.35,2.35,2.4,9638819,236090,173958,12.55
2026-09-15 15:03:51,23173.7,2026-09-15,23450.0,PE,268.5,268.45,269.25,4908922,30391,-24197,9.06
2026-09-15 15:03:51,23173.7,2026-09-15,23500.0,CE,1.7,1.65,1.7,12615333,410641,267565,13.53
2026-09-15 15:03:51,23173.7,2026-09-15,23500.0,PE,317.85,317.8,318.7,4523973,40427,-24890,10.58
2026-09-15 15:03:51,23173.7,2026-09-15,23550.0,CE,1.25,1.2,1.25,6958080,171076,95988,14.56
2026-09-15 15:03:51,23173.7,2026-09-15,23550.0,PE,369.05,367.65,368.9,1243588,9040,-5119,
2026-09-15 15:03:51,23173.7,2026-09-15,23600.0,CE,0.9,0.9,0.95,6716924,225149,103566,15.59
2026-09-15 15:03:51,23173.7,2026-09-15,23600.0,PE,418.55,416.6,417.7,982325,13832,-7564,
2026-09-15 15:03:51,23173.7,2026-09-15,23650.0,CE,0.8,0.75,0.8,4524540,134247,57728,16.78
2026-09-15 15:03:51,23173.7,2026-09-15,23650.0,PE,466.7,466.5,468.15,255942,5656,-2487,
2026-09-15 15:04:51,23175.55,2026-09-15,22700.0,CE,484.35,488.25,490.6,2002,1048,386,21.17
2026-09-15 15:04:51,23175.55,2026-09-15,22700.0,PE,0.35,0.3,0.35,1093437,99792,22642,15.88
2026-09-15 15:04:51,23175.55,2026-09-15,22750.0,CE,437.45,438.65,440.0,689,311,12,22.68
2026-09-15 15:04:51,23175.55,2026-09-15,22750.0,PE,0.4,0.4,0.45,800519,41553,2381,14.83
2026-09-15 15:04:51,23175.55,2026-09-15,22800.0,CE,387.75,388.7,389.95,5578,1908,567,16.15
2026-09-15 15:04:51,23175.55,2026-09-15,22800.0,PE,0.55,0.55,0.6,1670425,138329,39957,13.93
2026-09-15 15:04:51,23175.55,2026-09-15,22850.0,CE,340.0,339.0,340.2,2778,747,248,14.33
2026-09-15 15:04:51,23175.55,2026-09-15,22850.0,PE,0.85,0.8,0.85,1130189,58647,6793,12.78
2026-09-15 15:04:51,23175.55,2026-09-15,22900.0,CE,291.15,289.45,290.35,16032,1728,257,13.14
2026-09-15 15:04:51,23175.55,2026-09-15,22900.0,PE,1.2,1.15,1.2,2689923,125734,21315,11.7
2026-09-15 15:04:51,23175.55,2026-09-15,22950.0,CE,241.85,241.4,242.1,13936,1724,757,11.32
2026-09-15 15:04:51,23175.55,2026-09-15,22950.0,PE,2.15,2.15,2.2,2365991,103007,48580,11.04
2026-09-15 15:04:51,23175.55,2026-09-15,23000.0,CE,193.75,192.8,193.35,183974,21462,15485,10.64
2026-09-15 15:04:51,23175.55,2026-09-15,23000.0,PE,4.15,4.15,4.2,5750618,287923,97782,10.53
2026-09-15 15:04:51,23175.55,2026-09-15,23050.0,CE,146.9,146.35,146.75,97410,9564,7634,10.26
2026-09-15 15:04:51,23175.55,2026-09-15,23050.0,PE,7.9,7.9,7.95,4794329,211538,162104,10.04
2026-09-15 15:04:51,23175.55,2026-09-15,23100.0,CE,105.5,105.55,105.8,616739,48431,42880,9.98
2026-09-15 15:04:51,23175.55,2026-09-15,23100.0,PE,16.35,16.35,16.45,8850136,279003,157498,9.98
2026-09-15 15:04:51,23175.55,2026-09-15,23150.0,CE,69.55,69.3,69.45,1185935,95435,91310,9.84
2026-09-15 15:04:51,23175.55,2026-09-15,23150.0,PE,31.25,31.2,31.35,10130208,262995,197224,9.91
2026-09-15 15:04:51,23175.55,2026-09-15,23200.0,CE,42.1,42.05,42.1,4453116,323479,305612,9.85
2026-09-15 15:04:51,23175.55,2026-09-15,23200.0,PE,53.3,53.35,53.45,15456475,276983,107167,9.94
2026-09-15 15:04:51,23175.55,2026-09-15,23250.0,CE,23.5,23.45,23.5,5987987,317309,295726,9.98
2026-09-15 15:04:51,23175.55,2026-09-15,23250.0,PE,84.85,84.85,85.0,13452818,117362,-6309,10.05
2026-09-15 15:04:51,23175.55,2026-09-15,23300.0,CE,12.5,12.45,12.5,11810538,517276,474552,10.22
2026-09-15 15:04:51,23175.55,2026-09-15,23300.0,PE,122.8,122.8,123.05,17178201,117364,-94979,10.14
2026-09-15 15:04:51,23175.55,2026-09-15,23350.0,CE,6.5,6.5,6.55,11395714,394220,361548,10.71
2026-09-15 15:04:51,23175.55,2026-09-15,23350.0,PE,166.8,166.85,167.3,10592333,55592,-38013,10.73
2026-09-15 15:04:51,23175.55,2026-09-15,23400.0,CE,3.9,3.85,3.9,13614665,412893,318137,11.55
2026-09-15 15:04:51,23175.55,2026-09-15,23400.0,PE,214.6,214.35,214.9,9236307,76788,-61515,11.17
2026-09-15 15:04:51,23175.55,2026-09-15,23450.0,CE,2.55,2.5,2.55,9654574,238117,175985,12.42
2026-09-15 15:04:51,23175.55,2026-09-15,23450.0,PE,262.25,262.35,263.15,4909549,30110,-24478,12.09
2026-09-15 15:04:51,23175.55,2026-09-15,23500.0,CE,1.75,1.75,1.8,12648182,409727,266651,13.5
2026-09-15 15:04:51,23175.55,2026-09-15,23500.0,PE,312.65,312.5,313.35,4525332,40343,-24974,12.5
2026-09-15 15:04:51,23175.55,2026-09-15,23550.0,CE,1.3,1.25,1.3,6977275,171335,96247,14.54
2026-09-15 15:04:51,23175.55,2026-09-15,23550.0,PE,360.9,361.45,362.55,1243886,9061,-5098,
2026-09-15 15:04:51,23175.55,2026-09-15,23600.0,CE,0.95,0.95,1.0,6741349,226007,104424,15.57
2026-09-15 15:04:51,23175.55,2026-09-15,23600.0,PE,411.0,411.35,411.9,982516,13809,-7587,15.11
2026-09-15 15:04:51,23175.55,2026-09-15,23650.0,CE,0.8,0.75,0.8,4531525,133113,56594,16.75
2026-09-15 15:04:51,23175.55,2026-09-15,23650.0,PE,460.0,460.65,461.9,256003,5635,-2508,
2026-09-15 15:04:51,23175.55,2026-09-15,23700.0,CE,0.7,0.65,0.7,3888247,206540,52080,17.81
2026-09-15 15:04:51,23175.55,2026-09-15,23700.0,PE,510.35,511.25,512.65,189935,13050,-10041,17.22
2026-09-15 15:05:51,23183.1,2026-09-15,22700.0,CE,490.7,486.55,490.2,2003,1051,389,22.07
2026-09-15 15:05:51,23183.1,2026-09-15,22700.0,PE,0.35,0.3,0.35,1093541,99694,22544,15.86
2026-09-15 15:05:51,23183.1,2026-09-15,22750.0,CE,441.25,439.25,441.3,691,309,10,23.22
2026-09-15 15:05:51,23183.1,2026-09-15,22750.0,PE,0.4,0.4,0.45,800553,41583,2411,14.6
2026-09-15 15:05:51,23183.1,2026-09-15,22800.0,CE,387.75,388.9,390.1,5578,1909,568,17.14
2026-09-15 15:05:51,23183.1,2026-09-15,22800.0,PE,0.55,0.55,0.6,1671337,137317,38945,13.76
2026-09-15 15:05:51,23183.1,2026-09-15,22850.0,CE,339.95,339.45,340.6,2779,747,248,15.7
2026-09-15 15:05:51,23183.1,2026-09-15,22850.0,PE,0.85,0.8,0.85,1130482,59277,7423,12.76
2026-09-15 15:05:51,23183.1,2026-09-15,22900.0,CE,290.65,289.6,290.6,16046,1714,243,13.77
2026-09-15 15:05:51,23183.1,2026-09-15,22900.0,PE,1.2,1.2,1.25,2692828,125384,20965,11.67
2026-09-15 15:05:51,23183.1,2026-09-15,22950.0,CE,241.75,241.55,242.35,13952,1732,765,12.67
2026-09-15 15:05:51,23183.1,2026-09-15,22950.0,PE,2.15,2.1,2.15,2369047,104818,50391,10.96
2026-09-15 15:05:51,23183.1,2026-09-15,23000.0,CE,194.15,194.1,194.65,184461,21655,15678,11.24
2026-09-15 15:05:51,23183.1,2026-09-15,23000.0,PE,4.1,4.05,4.1,5759400,288093,97952,10.49
2026-09-15 15:05:51,23183.1,2026-09-15,23050.0,CE,146.9,146.9,147.3,97810,9683,7753,10.71
2026-09-15 15:05:51,23183.1,2026-09-15,23050.0,PE,7.9,7.85,7.9,4805649,211979,162545,10.02
2026-09-15 15:05:51,23183.1,2026-09-15,23100.0,CE,105.0,105.25,105.55,618756,48675,43124,10.25
2026-09-15 15:05:51,23183.1,2026-09-15,23100.0,PE,16.5,16.5,16.55,8865225,279607,158102,9.89
2026-09-15 15:05:51,23183.1,2026-09-15,23150.0,CE,69.45,69.35,69.5,1191997,97040,92915,10.02
2026-09-15 15:05:51,23183.1,2026-09-15,23150.0,PE,31.15,31.1,31.15,10147280,266184,200413,9.83
2026-09-15 15:05:51,23183.1,2026-09-15,23200.0,CE,42.05,42.05,42.15,4468373,324476,306609,10.01
2026-09-15 15:05:51,23183.1,2026-09-15,23200.0,PE,53.4,53.35,53.4,15468430,273606,103790,9.79
2026-09-15 15:05:51,23183.1,2026-09-15,23250.0,CE,23.35,23.35,23.45,5999149,315253,293670,10.09
2026-09-15 15:05:51,23183.1,2026-09-15,23250.0,PE,84.7,84.75,84.95,13457324,112643,-11028,9.82
2026-09-15 15:05:51,23183.1,2026-09-15,23300.0,CE,12.4,12.4,12.45,11821175,511641,468917,10.34
2026-09-15 15:05:51,23183.1,2026-09-15,23300.0,PE,122.55,122.5,122.65,17180887,116139,-96204,9.77
2026-09-15 15:05:51,23183.1,2026-09-15,23350.0,CE,6.6,6.55,6.6,11404904,384176,351504,10.82
2026-09-15 15:05:51,23183.1,2026-09-15,23350.0,PE,167.6,166.15,166.5,10593016,55524,-38081,10.18
2026-09-15 15:05:51,23183.1,2026-09-15,23400.0,CE,3.9,3.85,3.9,13622313,405940,311184,11.58
2026-09-15 15:05:51,23183.1,2026-09-15,23400.0,PE,214.5,213.95,214.5,9236915,76699,-61604,10.09
2026-09-15 15:05:51,23183.1,2026-09-15,23450.0,CE,2.5,2.5,2.55,9659670,237841,175709,12.55
2026-09-15 15:05:51,23183.1,2026-09-15,23450.0,PE,263.9,262.95,263.75,4909753,30061,-24527,9.06
2026-09-15 15:05:51,23183.1,2026-09-15,23500.0,CE,1.8,1.75,1.8,12654604,410338,267262,13.53
2026-09-15 15:05:51,23183.1,2026-09-15,23500.0,PE,312.15,312.3,313.15,4525684,39928,-25389,10.58
2026-09-15 15:05:51,23183.1,2026-09-15,23550.0,CE,1.25,1.25,1.3,6993647,170020,94932,14.56
2026-09-15 15:05:51,23183.1,2026-09-15,23550.0,PE,362.75,361.45,362.55,1243964,8942,-5217,
2026-09-15 15:05:51,23183.1,2026-09-15,23600.0,CE,0.95,0.95,1.0,6745706,221483,99900,15.59
2026-09-15 15:05:51,23183.1,2026-09-15,23600.0,PE,412.35,411.65,412.95,982580,13789,-7607,
2026-09-15 15:05:51,23183.1,2026-09-15,23650.0,CE,0.75,0.75,0.8,4532383,131893,55374,16.78
2026-09-15 15:05:51,23183.1,2026-09-15,23650.0,PE,460.75,459.3,461.15,256078,5628,-2515,
2026-09-15 15:05:51,23183.1,2026-09-15,23700.0,CE,0.65,0.65,0.7,3889461,204347,49887,17.83
2026-09-15 15:05:51,23183.1,2026-09-15,23700.0,PE,511.35,510.55,511.9,189951,13041,-10050,
2026-09-15 15:06:51,23174.0,2026-09-15,22650.0,CE,544.55,538.55,542.65,67,20,2,22.06
2026-09-15 15:06:51,23174.0,2026-09-15,22650.0,PE,0.3,0.25,0.3,400046,29718,9512,16.72
2026-09-15 15:06:51,23174.0,2026-09-15,22700.0,CE,494.0,488.4,492.65,2017,1044,382,22.07
2026-09-15 15:06:51,23174.0,2026-09-15,22700.0,PE,0.35,0.3,0.35,1096798,99698,22548,15.86
2026-09-15 15:06:51,23174.0,2026-09-15,22750.0,CE,442.95,438.4,442.1,696,309,10,23.22
2026-09-15 15:06:51,23174.0,2026-09-15,22750.0,PE,0.4,0.4,0.45,801277,41610,2438,14.6
2026-09-15 15:06:51,23174.0,2026-09-15,22800.0,CE,394.5,390.55,391.75,5657,1909,568,17.14
2026-09-15 15:06:51,23174.0,2026-09-15,22800.0,PE,0.5,0.5,0.55,1679076,136315,37943,13.76
2026-09-15 15:06:51,23174.0,2026-09-15,22850.0,CE,340.55,340.25,341.2,2865,747,248,15.7
2026-09-15 15:06:51,23174.0,2026-09-15,22850.0,PE,0.85,0.8,0.85,1136425,58930,7076,12.76
2026-09-15 15:06:51,23174.0,2026-09-15,22900.0,CE,291.8,291.1,292.15,16377,1719,248,13.77
2026-09-15 15:06:51,23174.0,2026-09-15,22900.0,PE,1.25,1.25,1.3,2719649,124859,20440,11.67
2026-09-15 15:06:51,23174.0,2026-09-15,22950.0,CE,243.4,242.75,243.4,14317,1650,683,12.67
2026-09-15 15:06:51,23174.0,2026-09-15,22950.0,PE,2.3,2.25,2.3,2392085,108043,53616,10.96
2026-09-15 15:06:51,23174.0,2026-09-15,23000.0,CE,195.1,194.55,195.1,188764,20740,14763,11.24
2026-09-15 15:06:51,23174.0,2026-09-15,23000.0,PE,4.2,4.15,4.2,5811325,288749,98608,10.49
2026-09-15 15:06:51,23174.0,2026-09-15,23050.0,CE,148.2,147.75,148.15,101678,9681,7751,10.71
2026-09-15 15:06:51,23174.0,2026-09-15,23050.0,PE,8.1,8.1,8.15,4872488,211209,161775,10.02
2026-09-15 15:06:51,23174.0,2026-09-15,23100.0,CE,106.75,106.8,107.0,638712,47369,41818,10.25
2026-09-15 15:06:51,23174.0,2026-09-15,23100.0,PE,16.5,16.45,16.5,8981466,282202,160697,9.89
2026-09-15 15:06:51,23174.0,2026-09-15,23150.0,CE,70.95,70.9,70.95,1252920,94842,90717,10.02
2026-09-15 15:06:51,23174.0,2026-09-15,23150.0,PE,30.95,30.85,30.95,10287407,266866,201095,9.83
2026-09-15 15:06:51,23174.0,2026-09-15,23200.0,CE,42.7,42.65,42.7,4628477,316177,298310,10.01
2026-09-15 15:06:51,23174.0,2026-09-15,23200.0,PE,53.0,53.05,53.2,15591472,276430,106614,9.79
2026-09-15 15:06:51,23174.0,2026-09-15,23250.0,CE,24.15,24.15,24.2,6141160,312939,291356,10.09
2026-09-15 15:06:51,23174.0,2026-09-15,23250.0,PE,83.8,83.6,83.8,13498332,112051,-11620,9.82
2026-09-15 15:06:51,23174.0,2026-09-15,23300.0,CE,12.8,12.8,12.85,11977307,511351,468627,10.34
2026-09-15 15:06:51,23174.0,2026-09-15,23300.0,PE,121.9,121.6,121.95,17206711,116120,-96223,9.77
2026-09-15 15:06:51,23174.0,2026-09-15,23350.0,CE,6.75,6.7,6.8,11488917,383088,350416,10.82
2026-09-15 15:06:51,23174.0,2026-09-15,23350.0,PE,165.75,165.7,166.1,10601576,55391,-38214,10.18
2026-09-15 15:06:51,23174.0,2026-09-15,23400.0,CE,4.0,3.95,4.0,13702518,406444,311688,11.58
2026-09-15 15:06:51,23174.0,2026-09-15,23400.0,PE,212.8,212.95,213.25,9243768,76559,-61744,10.09
2026-09-15 15:06:51,23174.0,2026-09-15,23450.0,CE,2.65,2.6,2.65,9714361,235977,173845,12.55
2026-09-15 15:06:51,23174.0,2026-09-15,23450.0,PE,261.95,261.2,261.85,4912056,30020,-24568,9.06
2026-09-15 15:06:51,23174.0,2026-09-15,23500.0,CE,1.85,1.8,1.85,12755889,407419,264343,13.53
2026-09-15 15:06:51,23174.0,2026-09-15,23500.0,PE,310.15,310.65,311.55,4528354,39847,-25470,10.58
2026-09-15 15:06:51,23174.0,2026-09-15,23550.0,CE,1.35,1.3,1.35,7049650,168612,93524,14.56
2026-09-15 15:06:51,23174.0,2026-09-15,23550.0,PE,360.4,360.55,360.7,1244376,8859,-5300,
2026-09-15 15:06:51,23174.0,2026-09-15,23600.0,CE,0.95,0.95,1.0,6759380,219650,98067,15.59
2026-09-15 15:06:51,23174.0,2026-09-15,23600.0,PE,410.7,409.05,410.5,983065,13680,-7716,
2026-09-15 15:06:51,23174.0,2026-09-15,23650.0,CE,0.75,0.75,0.8,4538341,130400,53881,16.78
2026-09-15 15:06:51,23174.0,2026-09-15,23650.0,PE,461.5,458.8,460.4,256146,5616,-2527,
2026-09-15 15:07:51,23173.4,2026-09-15,22650.0,CE,537.5,533.6,536.4,68,20,2,20.64
2026-09-15 15:07:51,23173.4,2026-09-15,22650.0,PE,0.3,0.25,0.3,400423,29651,9445,16.74
2026-09-15 15:07:51,23173.4,2026-09-15,22700.0,CE,486.2,484.0,486.55,2019,1047,385,21.17
2026-09-15 15:07:51,23173.4,2026-09-15,22700.0,PE,0.35,0.3,0.35,1099889,98743,21593,15.88
2026-09-15 15:07:51,23173.4,2026-09-15,22750.0,CE,442.95,433.8,435.65,696,309,10,22.68
2026-09-15 15:07:51,23173.4,2026-09-15,22750.0,PE,0.4,0.4,0.45,801864,41615,2443,14.83
2026-09-15 15:07:51,23173.4,2026-09-15,22800.0,CE,383.25,384.8,386.15,5681,1938,597,16.15
2026-09-15 15:07:51,23173.4,2026-09-15,22800.0,PE,0.5,0.5,0.55,1684281,135486,37114,13.93
2026-09-15 15:07:51,23173.4,2026-09-15,22850.0,CE,335.65,334.7,336.1,2890,747,248,14.33
2026-09-15 15:07:51,23173.4,2026-09-15,22850.0,PE,0.75,0.75,0.8,1140729,58966,7112,12.78
2026-09-15 15:07:51,23173.4,2026-09-15,22900.0,CE,286.75,285.55,286.55,16509,1669,198,13.14
2026-09-15 15:07:51,23173.4,2026-09-15,22900.0,PE,1.2,1.15,1.2,2731988,125113,20694,11.7
2026-09-15 15:07:51,23173.4,2026-09-15,22950.0,CE,237.05,236.4,237.25,14484,1601,634,11.32
2026-09-15 15:07:51,23173.4,2026-09-15,22950.0,PE,2.1,2.05,2.1,2404702,109226,54799,11.04
2026-09-15 15:07:51,23173.4,2026-09-15,23000.0,CE,189.5,188.75,189.3,190883,20740,14763,10.64
2026-09-15 15:07:51,23173.4,2026-09-15,23000.0,PE,3.95,3.9,3.95,5848520,283482,93341,10.53
2026-09-15 15:07:51,23173.4,2026-09-15,23050.0,CE,142.95,142.7,143.0,103384,9509,7579,10.26
2026-09-15 15:07:51,23173.4,2026-09-15,23050.0,PE,8.0,7.95,8.0,4913425,210912,161478,10.04
2026-09-15 15:07:51,23173.4,2026-09-15,23100.0,CE,101.75,101.35,101.6,646875,45898,40347,9.98
2026-09-15 15:07:51,23173.4,2026-09-15,23100.0,PE,16.85,16.85,16.9,9047304,284565,163060,9.98
2026-09-15 15:07:51,23173.4,2026-09-15,23150.0,CE,66.45,66.35,66.5,1277351,92498,88373,9.84
2026-09-15 15:07:51,23173.4,2026-09-15,23150.0,PE,32.0,31.9,32.0,10369153,272926,207155,9.91
2026-09-15 15:07:51,23173.4,2026-09-15,23200.0,CE,39.4,39.3,39.4,4704003,298923,281056,9.85
2026-09-15 15:07:51,23173.4,2026-09-15,23200.0,PE,55.25,55.05,55.25,15662664,282173,112357,9.94
2026-09-15 15:07:51,23173.4,2026-09-15,23250.0,CE,21.95,21.95,22.05,6218489,300083,278500,9.98
2026-09-15 15:07:51,23173.4,2026-09-15,23250.0,PE,87.2,87.05,87.2,13518665,112492,-11179,10.05
2026-09-15 15:07:51,23173.4,2026-09-15,23300.0,CE,11.45,11.45,11.5,12069675,509132,466408,10.22
2026-09-15 15:07:51,23173.4,2026-09-15,23300.0,PE,126.5,126.2,126.55,17219835,116565,-95778,10.14
2026-09-15 15:07:51,23173.4,2026-09-15,23350.0,CE,6.15,6.05,6.15,11554566,385462,352790,10.71
2026-09-15 15:07:51,23173.4,2026-09-15,23350.0,PE,170.5,170.6,171.0,10606463,55935,-37670,10.73
2026-09-15 15:07:51,23173.4,2026-09-15,23400.0,CE,3.7,3.7,3.75,13768376,407542,312786,11.55
2026-09-15 15:07:51,23173.4,2026-09-15,23400.0,PE,218.45,218.3,218.35,9247396,76400,-61903,11.17
2026-09-15 15:07:51,23173.4,2026-09-15,23450.0,CE,2.45,2.45,2.5,9758763,235155,173023,12.42
2026-09-15 15:07:51,23173.4,2026-09-15,23450.0,PE,267.3,266.85,267.35,4913296,29793,-24795,12.09
2026-09-15 15:07:51,23173.4,2026-09-15,23500.0,CE,1.75,1.75,1.8,12823150,408624,265548,13.5
2026-09-15 15:07:51,23173.4,2026-09-15,23500.0,PE,316.65,315.8,316.65,4529610,39947,-25370,12.5
2026-09-15 15:07:51,23173.4,2026-09-15,23550.0,CE,1.3,1.25,1.3,7092365,167596,92508,14.54
2026-09-15 15:07:51,23173.4,2026-09-15,23550.0,PE,366.0,365.7,365.95,1244784,8879,-5280,
2026-09-15 15:07:51,23173.4,2026-09-15,23600.0,CE,0.95,0.95,1.0,6772555,218170,96587,15.57
2026-09-15 15:07:51,23173.4,2026-09-15,23600.0,PE,415.9,414.65,415.6,983587,13663,-7733,15.11
2026-09-15 15:07:51,23173.4,2026-09-15,23650.0,CE,0.8,0.75,0.8,4542781,129054,52535,16.75
2026-09-15 15:07:51,23173.4,2026-09-15,23650.0,PE,464.35,464.5,465.5,256185,5605,-2538,
2026-09-15 15:08:52,23173.85,2026-09-15,22650.0,CE,545.5,539.9,542.5,82,31,13,22.06
2026-09-15 15:08:52,23173.85,2026-09-15,22650.0,PE,0.25,0.25,0.3,404410,29635,9429,16.72
2026-09-15 15:08:52,23173.85,2026-09-15,22700.0,CE,497.75,490.45,493.0,2034,1052,390,22.07
2026-09-15 15:08:52,23173.85,2026-09-15,22700.0,PE,0.3,0.3,0.35,1103941,98674,21524,15.86
2026-09-15 15:08:52,23173.85,2026-09-15,22750.0,CE,449.2,440.4,442.45,713,307,8,23.22
2026-09-15 15:08:52,23173.85,2026-09-15,22750.0,PE,0.45,0.4,0.45,803577,41642,2470,14.6
2026-09-15 15:08:52,23173.85,2026-09-15,22800.0,CE,395.5,391.35,392.7,5711,1926,585,17.14
2026-09-15 15:08:52,23173.85,2026-09-15,22800.0,PE,0.55,0.5,0.55,1712021,133790,35418,13.76
2026-09-15 15:08:52,23173.85,2026-09-15,22850.0,CE,346.0,341.3,342.5,2932,744,245,15.7
2026-09-15 15:08:52,23173.85,2026-09-15,22850.0,PE,0.75,0.75,0.8,1147288,57697,5843,12.76
2026-09-15 15:08:52,23173.85,2026-09-15,22900.0,CE,291.65,292.25,293.3,16678,1634,163,13.77
2026-09-15 15:08:52,23173.85,2026-09-15,22900.0,PE,1.25,1.25,1.3,2771085,129582,25163,11.67
2026-09-15 15:08:52,23173.85,2026-09-15,22950.0,CE,243.75,243.3,243.95,14663,1640,673,12.67
2026-09-15 15:08:52,23173.85,2026-09-15,22950.0,PE,2.0,2.0,2.05,2427120,106371,51944,10.96
2026-09-15 15:08:52,23173.85,2026-09-15,23000.0,CE,195.1,195.05,195.55,195069,20382,14405,11.24
2026-09-15 15:08:52,23173.85,2026-09-15,23000.0,PE,3.8,3.8,3.85,5922606,285845,95704,10.49
2026-09-15 15:08:52,23173.85,2026-09-15,23050.0,CE,148.0,147.9,148.3,105946,9759,7829,10.71
2026-09-15 15:08:52,23173.85,2026-09-15,23050.0,PE,7.4,7.35,7.4,4988562,210254,160820,10.02
2026-09-15 15:08:52,23173.85,2026-09-15,23100.0,CE,107.05,106.8,107.05,660932,45713,40162,10.25
2026-09-15 15:08:52,23173.85,2026-09-15,23100.0,PE,15.5,15.5,15.55,9167522,289705,168200,9.89
2026-09-15 15:08:52,23173.85,2026-09-15,23150.0,CE,70.75,70.7,70.9,1318785,96230,92105,10.02
2026-09-15 15:08:52,23173.85,2026-09-15,23150.0,PE,29.6,29.5,29.6,10500887,278045,212274,9.83
2026-09-15 15:08:52,23173.85,2026-09-15,23200.0,CE,42.55,42.5,42.55,4822238,294123,276256,10.01
2026-09-15 15:08:52,23173.85,2026-09-15,23200.0,PE,51.35,51.3,51.4,15773509,282263,112447,9.79
2026-09-15 15:08:52,23173.85,2026-09-15,23250.0,CE,23.9,23.8,23.9,6323956,299608,278025,10.09
2026-09-15 15:08:52,23173.85,2026-09-15,23250.0,PE,82.4,82.2,82.35,13553508,107570,-16101,9.82
2026-09-15 15:08:52,23173.85,2026-09-15,23300.0,CE,12.65,12.6,12.65,12199912,485708,442984,10.34
2026-09-15 15:08:52,23173.85,2026-09-15,23300.0,PE,120.7,120.7,120.95,17243286,114121,-98222,9.77
2026-09-15 15:08:52,23173.85,2026-09-15,23350.0,CE,6.6,6.55,6.6,11631516,387290,354618,10.82
2026-09-15 15:08:52,23173.85,2026-09-15,23350.0,PE,165.25,164.9,165.2,10613796,54904,-38701,10.18
2026-09-15 15:08:52,23173.85,2026-09-15,23400.0,CE,3.9,3.9,3.95,13842646,392261,297505,11.58
2026-09-15 15:08:52,23173.85,2026-09-15,23400.0,PE,213.1,212.65,213.1,9253628,74871,-63432,10.09
2026-09-15 15:08:52,23173.85,2026-09-15,23450.0,CE,2.55,2.55,2.6,9811104,232582,170450,12.55
2026-09-15 15:08:52,23173.85,2026-09-15,23450.0,PE,260.25,260.35,261.05,4915430,29685,-24903,9.06
2026-09-15 15:08:52,23173.85,2026-09-15,23500.0,CE,1.85,1.85,1.9,12894621,408718,265642,13.53
2026-09-15 15:08:52,23173.85,2026-09-15,23500.0,PE,310.05,309.95,310.1,4531627,39602,-25715,10.58
2026-09-15 15:08:52,23173.85,2026-09-15,23550.0,CE,1.35,1.35,1.4,7140746,166329,91241,14.56
2026-09-15 15:08:52,23173.85,2026-09-15,23550.0,PE,359.9,358.85,359.85,1245819,8440,-5719,
2026-09-15 15:08:52,23173.85,2026-09-15,23600.0,CE,1.05,1.0,1.05,6796644,218534,96951,15.59
2026-09-15 15:08:52,23173.85,2026-09-15,23600.0,PE,409.1,408.05,409.0,984231,13523,-7873,
2026-09-15 15:08:52,23173.85,2026-09-15,23650.0,CE,0.8,0.8,0.85,4559754,130251,53732,16.78
2026-09-15 15:08:52,23173.85,2026-09-15,23650.0,PE,458.9,458.3,459.55,256300,5558,-2585,
2026-09-15 15:09:52,23172.5,2026-09-15,22650.0,CE,545.5,536.6,539.55,82,31,13,20.64
2026-09-15 15:09:52,23172.5,2026-09-15,22650.0,PE,0.3,0.25,0.3,413046,29635,9429,16.74
2026-09-15 15:09:52,23172.5,2026-09-15,22700.0,CE,497.75,487.25,489.4,2034,1052,390,21.17
2026-09-15 15:09:52,23172.5,2026-09-15,22700.0,PE,0.3,0.3,0.35,1111270,98674,21524,15.88
2026-09-15 15:09:52,23172.5,2026-09-15,22750.0,CE,449.2,436.2,438.9,713,307,8,22.68
2026-09-15 15:09:52,23172.5,2026-09-15,22750.0,PE,0.4,0.4,0.45,803746,41642,2470,14.83
2026-09-15 15:09:52,23172.5,2026-09-15,22800.0,CE,391.9,387.6,389.1,5736,1934,593,16.15
2026-09-15 15:09:52,23172.5,2026-09-15,22800.0,PE,0.5,0.5,0.55,1714197,133790,35418,13.93
2026-09-15 15:09:52,23172.5,2026-09-15,22850.0,CE,337.35,337.65,338.75,2947,744,245,14.33
2026-09-15 15:09:52,23172.5,2026-09-15,22850.0,PE,0.8,0.75,0.8,1148653,57697,5843,12.78
2026-09-15 15:09:52,23172.5,2026-09-15,22900.0,CE,288.4,287.95,289.0,16786,1634,163,13.14
2026-09-15 15:09:52,23172.5,2026-09-15,22900.0,PE,1.15,1.15,1.2,2775183,129582,25163,11.7
2026-09-15 15:09:52,23172.5,2026-09-15,22950.0,CE,239.5,239.7,240.3,14753,1640,673,11.32
2026-09-15 15:09:52,23172.5,2026-09-15,22950.0,PE,1.9,1.9,1.95,2432942,106371,51944,11.04
2026-09-15 15:09:52,23172.5,2026-09-15,23000.0,CE,191.4,191.3,191.9,195459,20382,14405,10.64
2026-09-15 15:09:52,23172.5,2026-09-15,23000.0,PE,3.75,3.7,3.75,5935680,285845,95704,10.53
2026-09-15 15:09:52,23172.5,2026-09-15,23050.0,CE,144.8,144.8,145.1,106546,9759,7829,10.26
2026-09-15 15:09:52,23172.5,2026-09-15,23050.0,PE,7.5,7.5,7.55,5000841,210254,160820,10.04
2026-09-15 15:09:52,23172.5,2026-09-15,23100.0,CE,103.0,103.0,103.25,664580,45713,40162,9.98
2026-09-15 15:09:52,23172.5,2026-09-15,23100.0,PE,16.1,16.05,16.15,9189960,289705,168200,9.98
2026-09-15 15:09:52,23172.5,2026-09-15,23150.0,CE,67.9,67.75,67.9,1329223,96230,92105,9.84
2026-09-15 15:09:52,23172.5,2026-09-15,23150.0,PE,30.6,30.6,30.7,10525646,278045,212274,9.91
2026-09-15 15:09:52,23172.5,2026-09-15,23200.0,CE,40.45,40.3,40.45,4848268,294123,276256,9.85
2026-09-15 15:09:52,23172.5,2026-09-15,23200.0,PE,53.2,53.05,53.15,15798213,282263,112447,9.94
2026-09-15 15:09:52,23172.5,2026-09-15,23250.0,CE,22.4,22.4,22.5,6349781,299608,278025,9.98
2026-09-15 15:09:52,23172.5,2026-09-15,23250.0,PE,85.1,84.9,85.1,13561677,107570,-16101,10.05
2026-09-15 15:09:52,23172.5,2026-09-15,23300.0,CE,11.9,11.85,11.9,12231830,485708,442984,10.22
2026-09-15 15:09:52,23172.5,2026-09-15,23300.0,PE,123.65,123.65,124.0,17248586,114121,-98222,10.14
2026-09-15 15:09:52,23172.5,2026-09-15,23350.0,CE,6.25,6.25,6.3,11655630,387290,354618,10.71
2026-09-15 15:09:52,23172.5,2026-09-15,23350.0,PE,168.4,168.05,168.45,10616307,54904,-38701,10.73
2026-09-15 15:09:52,23172.5,2026-09-15,23400.0,CE,3.8,3.75,3.8,13860725,392261,297505,11.55
2026-09-15 15:09:52,23172.5,2026-09-15,23400.0,PE,215.85,215.45,215.9,9255658,74871,-63432,11.17
2026-09-15 15:09:52,23172.5,2026-09-15,23450.0,CE,2.45,2.45,2.5,9830040,232582,170450,12.42
2026-09-15 15:09:52,23172.5,2026-09-15,23450.0,PE,264.1,264.4,265.0,4915822,29685,-24903,12.09
2026-09-15 15:09:52,23172.5,2026-09-15,23500.0,CE,1.8,1.75,1.8,12926963,408718,265642,13.5
2026-09-15 15:09:52,23172.5,2026-09-15,23500.0,PE,314.3,312.95,313.85,4531909,39602,-25715,12.5
2026-09-15 15:09:52,23172.5,2026-09-15,23550.0,CE,1.3,1.3,1.35,7152927,166329,91241,14.54
2026-09-15 15:09:52,23172.5,2026-09-15,23550.0,PE,363.3,362.6,363.35,1245997,8440,-5719,
2026-09-15 15:09:52,23172.5,2026-09-15,23600.0,CE,1.0,1.0,1.05,6804279,218534,96951,15.57
2026-09-15 15:09:52,23172.5,2026-09-15,23600.0,PE,412.9,412.25,413.5,984408,13523,-7873,15.11
2026-09-15 15:09:52,23172.5,2026-09-15,23650.0,CE,0.8,0.8,0.85,4561330,130251,53732,16.75
2026-09-15 15:09:52,23172.5,2026-09-15,23650.0,PE,462.1,462.0,463.25,256349,5558,-2585,
2026-09-15 15:10:52,23173.15,2026-09-15,22650.0,CE,545.5,537.0,540.85,82,31,13,22.06
2026-09-15 15:10:52,23173.15,2026-09-15,22650.0,PE,0.25,0.25,0.3,413598,26437,6231,16.72
2026-09-15 15:10:52,23173.15,2026-09-15,22700.0,CE,490.3,488.6,490.65,2040,1064,402,22.07
2026-09-15 15:10:52,23173.15,2026-09-15,22700.0,PE,0.3,0.3,0.35,1112444,97671,20521,15.86
2026-09-15 15:10:52,23173.15,2026-09-15,22750.0,CE,436.35,438.5,440.9,718,308,9,23.22
2026-09-15 15:10:52,23173.15,2026-09-15,22750.0,PE,0.4,0.4,0.45,804667,41622,2450,14.6
2026-09-15 15:10:52,23173.15,2026-09-15,22800.0,CE,390.0,389.0,390.6,5750,1916,575,17.14
2026-09-15 15:10:52,23173.15,2026-09-15,22800.0,PE,0.55,0.5,0.55,1717887,131658,33286,13.76
2026-09-15 15:10:52,23173.15,2026-09-15,22850.0,CE,339.35,340.0,341.0,2975,740,241,15.7
2026-09-15 15:10:52,23173.15,2026-09-15,22850.0,PE,0.75,0.75,0.8,1149794,57270,5416,12.76
2026-09-15 15:10:52,23173.15,2026-09-15,22900.0,CE,290.7,289.8,290.9,16856,1615,144,13.77
2026-09-15 15:10:52,23173.15,2026-09-15,22900.0,PE,1.2,1.15,1.2,2780171,129077,24658,11.67
2026-09-15 15:10:52,23173.15,2026-09-15,22950.0,CE,239.9,241.95,242.6,14967,1704,737,12.67
2026-09-15 15:10:52,23173.15,2026-09-15,22950.0,PE,1.95,1.95,2.0,2440958,105818,51391,10.96
2026-09-15 15:10:52,23173.15,2026-09-15,23000.0,CE,193.75,193.3,193.85,196713,20007,14030,11.24
2026-09-15 15:10:52,23173.15,2026-09-15,23000.0,PE,3.9,3.9,3.95,5956969,285857,95716,10.49
2026-09-15 15:10:52,23173.15,2026-09-15,23050.0,CE,147.55,147.35,147.65,107572,9687,7757,10.71
2026-09-15 15:10:52,23173.15,2026-09-15,23050.0,PE,7.75,7.7,7.75,5023054,210102,160668,10.02
2026-09-15 15:10:52,23173.15,2026-09-15,23100.0,CE,105.4,105.25,105.5,669640,46246,40695,10.25
2026-09-15 15:10:52,23173.15,2026-09-15,23100.0,PE,16.2,16.2,16.25,9231108,294863,173358,9.89
2026-09-15 15:10:52,23173.15,2026-09-15,23150.0,CE,69.5,69.45,69.65,1342850,98259,94134,10.02
2026-09-15 15:10:52,23173.15,2026-09-15,23150.0,PE,30.65,30.65,30.75,10569751,279726,213955,9.83
2026-09-15 15:10:52,23173.15,2026-09-15,23200.0,CE,42.15,42.15,42.25,4887916,296654,278787,10.01
2026-09-15 15:10:52,23173.15,2026-09-15,23200.0,PE,52.85,52.7,52.85,15838333,281549,111733,9.79
2026-09-15 15:10:52,23173.15,2026-09-15,23250.0,CE,23.75,23.65,23.75,6385622,298543,276960,10.09
2026-09-15 15:10:52,23173.15,2026-09-15,23250.0,PE,84.2,84.4,84.6,13573615,107723,-15948,9.82
2026-09-15 15:10:52,23173.15,2026-09-15,23300.0,CE,12.95,12.85,12.9,12272478,480587,437863,10.34
2026-09-15 15:10:52,23173.15,2026-09-15,23300.0,PE,122.45,122.45,122.65,17257069,113289,-99054,9.77
2026-09-15 15:10:52,23173.15,2026-09-15,23350.0,CE,6.9,6.85,6.9,11686960,386788,354116,10.82
2026-09-15 15:10:52,23173.15,2026-09-15,23350.0,PE,166.95,167.1,167.45,10618780,53559,-40046,10.18
2026-09-15 15:10:52,23173.15,2026-09-15,23400.0,CE,4.25,4.2,4.25,13890895,392966,298210,11.58
2026-09-15 15:10:52,23173.15,2026-09-15,23400.0,PE,214.05,213.6,214.2,9258010,74138,-64165,10.09
2026-09-15 15:10:52,23173.15,2026-09-15,23450.0,CE,2.7,2.65,2.7,9855534,232610,170478,12.55
2026-09-15 15:10:52,23173.15,2026-09-15,23450.0,PE,263.4,263.4,264.15,4916724,29546,-25042,9.06
2026-09-15 15:10:52,23173.15,2026-09-15,23500.0,CE,1.85,1.85,1.9,12965955,406915,263839,13.53
2026-09-15 15:10:52,23173.15,2026-09-15,23500.0,PE,312.55,311.75,312.6,4533015,39608,-25709,10.58
2026-09-15 15:10:52,23173.15,2026-09-15,23550.0,CE,1.4,1.35,1.4,7181261,166404,91316,14.56
2026-09-15 15:10:52,23173.15,2026-09-15,23550.0,PE,361.45,360.3,361.1,1246255,8360,-5799,
2026-09-15 15:10:52,23173.15,2026-09-15,23600.0,CE,1.0,1.0,1.05,6823331,219273,97690,15.59
2026-09-15 15:10:52,23173.15,2026-09-15,23600.0,PE,411.1,410.9,411.65,984689,13405,-7991,
2026-09-15 15:10:52,23173.15,2026-09-15,23650.0,CE,0.85,0.8,0.85,4565732,127950,51431,16.78
2026-09-15 15:10:52,23173.15,2026-09-15,23650.0,PE,461.25,460.0,461.2,256426,5538,-2605,
2026-09-15 15:11:53,23174.55,2026-09-15,22650.0,CE,545.5,543.2,546.35,82,31,13,22.06
2026-09-15 15:11:53,23174.55,2026-09-15,22650.0,PE,0.25,0.25,0.3,413644,26537,6331,16.72
2026-09-15 15:11:53,23174.55,2026-09-15,22700.0,CE,490.3,493.75,496.25,2040,1064,402,22.07
2026-09-15 15:11:53,23174.55,2026-09-15,22700.0,PE,0.3,0.3,0.35,1112540,97782,20632,15.86
2026-09-15 15:11:53,23174.55,2026-09-15,22750.0,CE,436.35,443.7,446.5,718,308,9,23.22
2026-09-15 15:11:53,23174.55,2026-09-15,22750.0,PE,0.4,0.4,0.45,804770,41519,2347,14.6
2026-09-15 15:11:53,23174.55,2026-09-15,22800.0,CE,392.2,394.6,396.0,5751,1914,573,17.14
2026-09-15 15:11:53,23174.55,2026-09-15,22800.0,PE,0.55,0.55,0.6,1721725,130183,31811,13.76
2026-09-15 15:11:53,23174.55,2026-09-15,22850.0,CE,344.2,344.2,345.6,2978,743,244,15.7
2026-09-15 15:11:53,23174.55,2026-09-15,22850.0,PE,0.8,0.75,0.8,1150210,56626,4772,12.76
2026-09-15 15:11:53,23174.55,2026-09-15,22900.0,CE,295.25,294.75,295.85,16864,1619,148,13.77
2026-09-15 15:11:53,23174.55,2026-09-15,22900.0,PE,1.15,1.15,1.2,2782538,128954,24535,11.67
2026-09-15 15:11:53,23174.55,2026-09-15,22950.0,CE,245.1,246.4,247.1,15010,1712,745,12.67
2026-09-15 15:11:53,23174.55,2026-09-15,22950.0,PE,1.9,1.9,1.95,2442645,104992,50565,10.96
2026-09-15 15:11:53,23174.55,2026-09-15,23000.0,CE,198.55,198.0,198.6,197026,20090,14113,11.24
2026-09-15 15:11:53,23174.55,2026-09-15,23000.0,PE,3.8,3.75,3.8,5964114,292647,102506,10.49
2026-09-15 15:11:53,23174.55,2026-09-15,23050.0,CE,151.8,151.45,151.9,107900,9781,7851,10.71
2026-09-15 15:11:53,23174.55,2026-09-15,23050.0,PE,7.35,7.3,7.35,5029041,210257,160823,10.02
2026-09-15 15:11:53,23174.55,2026-09-15,23100.0,CE,109.6,109.45,109.75,671228,45994,40443,10.25
2026-09-15 15:11:53,23174.55,2026-09-15,23100.0,PE,15.35,15.3,15.35,9243679,293833,172328,9.89
2026-09-15 15:11:53,23174.55,2026-09-15,23150.0,CE,73.35,73.05,73.25,1347845,98311,94186,10.02
2026-09-15 15:11:53,23174.55,2026-09-15,23150.0,PE,29.05,29.0,29.1,10582835,277790,212019,9.83
2026-09-15 15:11:53,23174.55,2026-09-15,23200.0,CE,44.75,44.6,44.75,4899150,295433,277566,10.01
2026-09-15 15:11:53,23174.55,2026-09-15,23200.0,PE,50.35,50.25,50.35,15850029,279465,109649,9.79
2026-09-15 15:11:53,23174.55,2026-09-15,23250.0,CE,25.35,25.25,25.35,6396392,297636,276053,10.09
2026-09-15 15:11:53,23174.55,2026-09-15,23250.0,PE,81.0,81.05,81.25,13576962,105794,-17877,9.82
2026-09-15 15:11:53,23174.55,2026-09-15,23300.0,CE,13.8,13.8,13.85,12281449,476830,434106,10.34
2026-09-15 15:11:53,23174.55,2026-09-15,23300.0,PE,119.3,118.95,119.25,17259224,111612,-100731,9.77
2026-09-15 15:11:53,23174.55,2026-09-15,23350.0,CE,7.5,7.45,7.55,11693093,383381,350709,10.82
2026-09-15 15:11:53,23174.55,2026-09-15,23350.0,PE,163.3,162.7,163.15,10619274,53094,-40511,10.18
2026-09-15 15:11:53,23174.55,2026-09-15,23400.0,CE,4.55,4.55,4.6,13897566,395205,300449,11.58
2026-09-15 15:11:53,23174.55,2026-09-15,23400.0,PE,210.1,209.35,209.95,9258433,73763,-64540,10.09
2026-09-15 15:11:53,23174.55,2026-09-15,23450.0,CE,2.95,2.9,2.95,9860998,230020,167888,12.55
2026-09-15 15:11:53,23174.55,2026-09-15,23450.0,PE,258.0,257.95,258.55,4916854,29320,-25268,9.06
2026-09-15 15:11:53,23174.55,2026-09-15,23500.0,CE,1.95,1.95,2.0,12969251,404313,261237,13.53
2026-09-15 15:11:53,23174.55,2026-09-15,23500.0,PE,305.65,306.7,307.5,4533193,39323,-25994,10.58
2026-09-15 15:11:53,23174.55,2026-09-15,23550.0,CE,1.4,1.4,1.45,7186335,163185,88097,14.56
2026-09-15 15:11:53,23174.55,2026-09-15,23550.0,PE,356.45,356.4,357.2,1246294,8343,-5816,
2026-09-15 15:11:53,23174.55,2026-09-15,23600.0,CE,1.0,1.0,1.05,6827879,221610,100027,15.59
2026-09-15 15:11:53,23174.55,2026-09-15,23600.0,PE,406.85,405.8,406.45,984750,13324,-8072,
2026-09-15 15:11:53,23174.55,2026-09-15,23650.0,CE,0.85,0.8,0.85,4568652,126699,50180,16.78
2026-09-15 15:11:53,23174.55,2026-09-15,23650.0,PE,457.0,455.15,456.6,256432,5503,-2640,
2026-09-15 15:12:53,23177.0,2026-09-15,22700.0,CE,504.95,497.0,500.05,2059,1057,395,28.38
2026-09-15 15:12:53,23177.0,2026-09-15,22700.0,PE,0.3,0.3,0.35,1118199,97717,20567,15.54
2026-09-15 15:12:53,23177.0,2026-09-15,22750.0,CE,452.4,449.45,452.85,725,305,6,22.7
2026-09-15 15:12:53,23177.0,2026-09-15,22750.0,PE,0.4,0.4,0.45,807426,41000,1828,14.55
2026-09-15 15:12:53,23177.0,2026-09-15,22800.0,CE,399.9,401.2,402.65,5861,1903,562,23.61
2026-09-15 15:12:53,23177.0,2026-09-15,22800.0,PE,0.55,0.55,0.6,1738076,129904,31532,13.39
2026-09-15 15:12:53,23177.0,2026-09-15,22850.0,CE,349.05,350.2,351.45,3074,744,245,20.59
2026-09-15 15:12:53,23177.0,2026-09-15,22850.0,PE,0.8,0.75,0.8,1167048,54979,3125,12.6
2026-09-15 15:12:53,23177.0,2026-09-15,22900.0,CE,300.15,298.55,299.75,17214,1610,139,18.49
2026-09-15 15:12:53,23177.0,2026-09-15,22900.0,PE,1.2,1.15,1.2,2836127,127239,22820,11.54
2026-09-15 15:12:53,23177.0,2026-09-15,22950.0,CE,251.55,248.6,249.5,15440,1699,732,16.04
2026-09-15 15:12:53,23177.0,2026-09-15,22950.0,PE,1.95,1.9,1.95,2495155,106999,52572,10.8
2026-09-15 15:12:53,23177.0,2026-09-15,23000.0,CE,203.0,201.6,202.25,202834,19416,13439,14.31
2026-09-15 15:12:53,23177.0,2026-09-15,23000.0,PE,3.75,3.7,3.75,6096652,288549,98408,10.25
2026-09-15 15:12:53,23177.0,2026-09-15,23050.0,CE,154.3,154.2,154.65,112741,9563,7633,12.44
2026-09-15 15:12:53,23177.0,2026-09-15,23050.0,PE,7.2,7.2,7.25,5170660,208963,159529,9.79
2026-09-15 15:12:53,23177.0,2026-09-15,23100.0,CE,114.75,114.55,114.8,699292,43031,37480,11.81
2026-09-15 15:12:53,23177.0,2026-09-15,23100.0,PE,15.0,14.85,14.95,9447790,291586,170081,9.56
2026-09-15 15:12:53,23177.0,2026-09-15,23150.0,CE,78.55,78.45,78.65,1420328,91629,87504,11.08
2026-09-15 15:12:53,23177.0,2026-09-15,23150.0,PE,28.35,28.3,28.4,10818566,274678,208907,9.32
2026-09-15 15:12:53,23177.0,2026-09-15,23200.0,CE,48.6,48.6,48.65,5122290,287043,269176,10.71
2026-09-15 15:12:53,23177.0,2026-09-15,23200.0,PE,49.45,49.45,49.55,16042748,274298,104482,8.92
2026-09-15 15:12:53,23177.0,2026-09-15,23250.0,CE,28.2,28.15,28.25,6611921,288561,266978,10.66
2026-09-15 15:12:53,23177.0,2026-09-15,23250.0,PE,80.1,79.85,80.1,13638122,103524,-20147,8.56
2026-09-15 15:12:53,23177.0,2026-09-15,23300.0,CE,15.25,15.25,15.3,12541192,462009,419285,10.87
2026-09-15 15:12:53,23177.0,2026-09-15,23300.0,PE,118.1,118.0,118.25,17296514,107913,-104430,7.59
2026-09-15 15:12:53,23177.0,2026-09-15,23350.0,CE,8.6,8.55,8.6,11876603,372912,340240,11.39
2026-09-15 15:12:53,23177.0,2026-09-15,23350.0,PE,159.7,160.05,160.55,10630678,51500,-42105,
2026-09-15 15:12:53,23177.0,2026-09-15,23400.0,CE,5.25,5.2,5.25,14082056,394369,299613,12.14
2026-09-15 15:12:53,23177.0,2026-09-15,23400.0,PE,207.3,207.25,207.85,9267175,73348,-64955,
2026-09-15 15:12:53,23177.0,2026-09-15,23450.0,CE,3.6,3.55,3.6,9977139,226885,164753,13.15
2026-09-15 15:12:53,23177.0,2026-09-15,23450.0,PE,253.6,253.05,253.75,4919722,28769,-25819,
2026-09-15 15:12:53,23177.0,2026-09-15,23500.0,CE,2.6,2.55,2.6,13156930,398071,254995,14.02
2026-09-15 15:12:53,23177.0,2026-09-15,23500.0,PE,300.8,300.7,301.25,4536459,38912,-26405,
2026-09-15 15:12:53,23177.0,2026-09-15,23550.0,CE,1.9,1.85,1.9,7327506,166495,91407,15.03
2026-09-15 15:12:53,23177.0,2026-09-15,23550.0,PE,352.2,351.5,352.25,1247183,8266,-5893,
2026-09-15 15:12:53,23177.0,2026-09-15,23600.0,CE,1.35,1.35,1.4,6945490,217023,95440,15.86
2026-09-15 15:12:53,23177.0,2026-09-15,23600.0,PE,402.6,402.4,403.3,985946,13243,-8153,
2026-09-15 15:12:53,23177.0,2026-09-15,23650.0,CE,1.0,1.0,1.05,4618165,125122,48603,16.96
2026-09-15 15:12:53,23177.0,2026-09-15,23650.0,PE,451.95,453.5,454.7,256685,5471,-2672,
2026-09-15 15:12:53,23177.0,2026-09-15,23700.0,CE,0.7,0.7,0.75,3967910,192255,37795,17.88
2026-09-15 15:12:53,23177.0,2026-09-15,23700.0,PE,502.85,502.6,503.75,190743,12849,-10242,
2026-09-15 15:13:53,23174.55,2026-09-15,22650.0,CE,545.5,545.7,549.15,82,31,13,22.06
2026-09-15 15:13:53,23174.55,2026-09-15,22650.0,PE,0.25,0.25,0.3,418724,26928,6722,16.72
2026-09-15 15:13:53,23174.55,2026-09-15,22700.0,CE,504.95,495.9,498.3,2059,1057,395,22.07
2026-09-15 15:13:53,23174.55,2026-09-15,22700.0,PE,0.3,0.3,0.35,1117967,97717,20567,15.86
2026-09-15 15:13:53,23174.55,2026-09-15,22750.0,CE,452.4,445.9,448.0,725,305,6,23.22
2026-09-15 15:13:53,23174.55,2026-09-15,22750.0,PE,0.4,0.4,0.45,807178,41000,1828,14.6
2026-09-15 15:13:53,23174.55,2026-09-15,22800.0,CE,398.95,396.4,397.8,5858,1903,562,17.14
2026-09-15 15:13:53,23174.55,2026-09-15,22800.0,PE,0.6,0.55,0.6,1737945,129904,31532,13.76
2026-09-15 15:13:53,23174.55,2026-09-15,22850.0,CE,347.85,346.6,347.75,3070,744,245,15.7
2026-09-15 15:13:53,23174.55,2026-09-15,22850.0,PE,0.85,0.8,0.85,1166669,54979,3125,12.76
2026-09-15 15:13:53,23174.55,2026-09-15,22900.0,CE,298.15,297.55,298.6,17191,1610,139,13.77
2026-09-15 15:13:53,23174.55,2026-09-15,22900.0,PE,1.2,1.15,1.2,2835091,127239,22820,11.67
2026-09-15 15:13:53,23174.55,2026-09-15,22950.0,CE,250.2,248.2,248.95,15414,1699,732,12.67
2026-09-15 15:13:53,23174.55,2026-09-15,22950.0,PE,2.0,2.0,2.05,2493062,106999,52572,10.96
2026-09-15 15:13:53,23174.55,2026-09-15,23000.0,CE,201.25,201.25,201.8,202711,19416,13439,11.24
2026-09-15 15:13:53,23174.55,2026-09-15,23000.0,PE,3.75,3.7,3.75,6094094,288549,98408,10.49
2026-09-15 15:13:53,23174.55,2026-09-15,23050.0,CE,154.55,154.45,154.8,112632,9563,7633,10.71
2026-09-15 15:13:53,23174.55,2026-09-15,23050.0,PE,7.3,7.2,7.3,5165938,208963,159529,10.02
2026-09-15 15:13:53,23174.55,2026-09-15,23100.0,CE,112.15,112.3,112.5,697684,43031,37480,10.25
2026-09-15 15:13:53,23174.55,2026-09-15,23100.0,PE,15.35,15.3,15.35,9438048,291586,170081,9.89
2026-09-15 15:13:53,23174.55,2026-09-15,23150.0,CE,75.5,75.4,75.5,1417730,91629,87504,10.02
2026-09-15 15:13:53,23174.55,2026-09-15,23150.0,PE,29.3,29.25,29.3,10803944,274678,208907,9.83
2026-09-15 15:13:53,23174.55,2026-09-15,23200.0,CE,46.8,46.7,46.8,5111481,287043,269176,10.01
2026-09-15 15:13:53,23174.55,2026-09-15,23200.0,PE,50.25,50.2,50.3,16032922,274298,104482,9.79
2026-09-15 15:13:53,23174.55,2026-09-15,23250.0,CE,27.1,27.15,27.25,6601561,288561,266978,10.09
2026-09-15 15:13:53,23174.55,2026-09-15,23250.0,PE,80.4,80.1,80.25,13635805,103524,-20147,9.82
2026-09-15 15:13:53,23174.55,2026-09-15,23300.0,CE,15.1,15.05,15.1,12527727,462009,419285,10.34
2026-09-15 15:13:53,23174.55,2026-09-15,23300.0,PE,117.85,117.75,118.05,17295304,107913,-104430,9.77
2026-09-15 15:13:53,23174.55,2026-09-15,23350.0,CE,8.3,8.3,8.35,11867016,372912,340240,10.82
2026-09-15 15:13:53,23174.55,2026-09-15,23350.0,PE,161.15,160.6,161.15,10630269,51500,-42105,10.18
2026-09-15 15:13:53,23174.55,2026-09-15,23400.0,CE,5.15,5.15,5.2,14072807,394369,299613,11.58
2026-09-15 15:13:53,23174.55,2026-09-15,23400.0,PE,207.15,206.85,207.45,9266905,73348,-64955,10.09
2026-09-15 15:13:53,23174.55,2026-09-15,23450.0,CE,3.4,3.4,3.45,9970375,226885,164753,12.55
2026-09-15 15:13:53,23174.55,2026-09-15,23450.0,PE,256.5,255.65,256.35,4919654,28769,-25819,9.06
2026-09-15 15:13:53,23174.55,2026-09-15,23500.0,CE,2.45,2.4,2.45,13142203,398071,254995,13.53
2026-09-15 15:13:53,23174.55,2026-09-15,23500.0,PE,305.45,305.0,305.8,4536236,38912,-26405,10.58
2026-09-15 15:13:53,23174.55,2026-09-15,23550.0,CE,1.75,1.75,1.8,7315201,166495,91407,14.56
2026-09-15 15:13:53,23174.55,2026-09-15,23550.0,PE,355.0,354.05,355.05,1247173,8266,-5893,
2026-09-15 15:13:53,23174.55,2026-09-15,23600.0,CE,1.3,1.3,1.35,6937164,217023,95440,15.59
2026-09-15 15:13:53,23174.55,2026-09-15,23600.0,PE,404.0,403.55,404.3,985919,13243,-8153,
2026-09-15 15:13:53,23174.55,2026-09-15,23650.0,CE,1.0,1.0,1.05,4616765,125122,48603,16.78
2026-09-15 15:13:53,23174.55,2026-09-15,23650.0,PE,454.1,453.9,455.15,256675,5471,-2672,
2026-09-15 15:14:54,23171.4,2026-09-15,22650.0,CE,545.5,551.75,555.2,82,31,13,32.64
2026-09-15 15:14:54,23171.4,2026-09-15,22650.0,PE,0.25,0.25,0.3,423616,26627,6421,16.67
2026-09-15 15:14:54,23171.4,2026-09-15,22700.0,CE,503.65,500.65,502.5,2068,1046,384,28.38
2026-09-15 15:14:54,23171.4,2026-09-15,22700.0,PE,0.35,0.3,0.35,1129962,96313,19163,15.54
2026-09-15 15:14:54,23171.4,2026-09-15,22750.0,CE,454.0,451.65,454.9,731,308,9,22.7
2026-09-15 15:14:54,23171.4,2026-09-15,22750.0,PE,0.4,0.35,0.4,816923,40882,1710,14.55
2026-09-15 15:14:54,23171.4,2026-09-15,22800.0,CE,404.55,401.3,402.9,5884,1890,549,23.61
2026-09-15 15:14:54,23171.4,2026-09-15,22800.0,PE,0.55,0.55,0.6,1748625,129528,31156,13.39
2026-09-15 15:14:54,23171.4,2026-09-15,22850.0,CE,350.85,351.25,352.25,3160,741,242,20.59
2026-09-15 15:14:54,23171.4,2026-09-15,22850.0,PE,0.8,0.75,0.8,1174529,54551,2697,12.6
2026-09-15 15:14:54,23171.4,2026-09-15,22900.0,CE,303.4,302.95,303.9,17367,1567,96,18.49
2026-09-15 15:14:54,23171.4,2026-09-15,22900.0,PE,1.1,1.05,1.1,2856759,124634,20215,11.54
2026-09-15 15:14:54,23171.4,2026-09-15,22950.0,CE,255.75,254.1,255.05,15744,1721,754,16.04
2026-09-15 15:14:54,23171.4,2026-09-15,22950.0,PE,2.1,2.1,2.15,2531332,105365,50938,10.8
2026-09-15 15:14:54,23171.4,2026-09-15,23000.0,CE,205.0,205.0,205.55,206095,19125,13148,14.31
2026-09-15 15:14:54,23171.4,2026-09-15,23000.0,PE,3.6,3.55,3.6,6167921,298353,108212,10.25
2026-09-15 15:14:54,23171.4,2026-09-15,23050.0,CE,158.15,157.6,158.05,115624,9475,7545,12.44
2026-09-15 15:14:54,23171.4,2026-09-15,23050.0,PE,6.75,6.75,6.8,5253152,213759,164325,9.79
2026-09-15 15:14:54,23171.4,2026-09-15,23100.0,CE,116.2,115.9,116.25,712490,41383,35832,11.81
2026-09-15 15:14:54,23171.4,2026-09-15,23100.0,PE,14.7,14.65,14.75,9556061,295627,174122,9.56
2026-09-15 15:14:54,23171.4,2026-09-15,23150.0,CE,79.75,79.5,79.75,1461633,89847,85722,11.08
2026-09-15 15:14:54,23171.4,2026-09-15,23150.0,PE,28.25,28.2,28.25,10936023,278332,212561,9.32
2026-09-15 15:14:54,23171.4,2026-09-15,23200.0,CE,49.75,49.65,49.8,5249085,278396,260529,10.71
2026-09-15 15:14:54,23171.4,2026-09-15,23200.0,PE,48.75,48.6,48.7,16131902,279386,109570,8.92
2026-09-15 15:14:54,23171.4,2026-09-15,23250.0,CE,30.15,30.0,30.15,6761444,277250,255667,10.66
2026-09-15 15:14:54,23171.4,2026-09-15,23250.0,PE,77.3,77.4,77.6,13668338,99890,-23781,8.56
2026-09-15 15:14:54,23171.4,2026-09-15,23300.0,CE,17.1,17.05,17.1,12724071,449107,406383,10.87
2026-09-15 15:14:54,23171.4,2026-09-15,23300.0,PE,114.75,114.3,114.6,17313576,106615,-105728,7.59
2026-09-15 15:14:54,23171.4,2026-09-15,23350.0,CE,9.4,9.35,9.45,12027501,362754,330082,11.39
2026-09-15 15:14:54,23171.4,2026-09-15,23350.0,PE,157.65,157.65,158.0,10636098,49757,-43848,
2026-09-15 15:14:54,23171.4,2026-09-15,23400.0,CE,5.9,5.85,5.9,14241210,403587,308831,12.14
2026-09-15 15:14:54,23171.4,2026-09-15,23400.0,PE,204.1,204.05,204.4,9272386,72638,-65665,
2026-09-15 15:14:54,23171.4,2026-09-15,23450.0,CE,3.9,3.9,3.95,10067512,226118,163986,13.15
2026-09-15 15:14:54,23171.4,2026-09-15,23450.0,PE,251.3,251.7,252.4,4922322,28002,-26586,
2026-09-15 15:14:54,23171.4,2026-09-15,23500.0,CE,2.8,2.75,2.8,13311425,403670,260594,14.02
2026-09-15 15:14:54,23171.4,2026-09-15,23500.0,PE,300.85,300.45,301.3,4538901,38636,-26681,
2026-09-15 15:14:54,23171.4,2026-09-15,23550.0,CE,2.0,1.95,2.0,7487833,168505,93417,15.03
2026-09-15 15:14:54,23171.4,2026-09-15,23550.0,PE,350.6,350.05,350.95,1247725,8111,-6048,
2026-09-15 15:14:54,23171.4,2026-09-15,23600.0,CE,1.4,1.4,1.45,7086450,223019,101436,15.86
2026-09-15 15:14:54,23171.4,2026-09-15,23600.0,PE,398.05,397.65,398.3,987068,12706,-8690,
2026-09-15 15:14:54,23171.4,2026-09-15,23650.0,CE,1.0,1.0,1.05,4688408,123520,47001,16.96
2026-09-15 15:14:54,23171.4,2026-09-15,23650.0,PE,447.75,449.2,450.7,256885,5380,-2763,
2026-09-15 15:15:54,23172.35,2026-09-15,22650.0,CE,545.5,536.5,540.45,82,31,13,32.64
2026-09-15 15:15:54,23172.35,2026-09-15,22650.0,PE,0.2,0.2,0.25,424804,26657,6451,16.67
2026-09-15 15:15:54,23172.35,2026-09-15,22700.0,CE,500.85,488.65,491.15,2070,1046,384,28.38
2026-09-15 15:15:54,23172.35,2026-09-15,22700.0,PE,0.3,0.25,0.3,1142199,94797,17647,15.54
2026-09-15 15:15:54,23172.35,2026-09-15,22750.0,CE,439.0,439.45,441.0,769,308,9,22.7
2026-09-15 15:15:54,23172.35,2026-09-15,22750.0,PE,0.35,0.35,0.4,823948,40814,1642,14.55
2026-09-15 15:15:54,23172.35,2026-09-15,22800.0,CE,389.85,389.15,390.5,5945,1881,540,23.61
2026-09-15 15:15:54,23172.35,2026-09-15,22800.0,PE,0.6,0.6,0.65,1754232,130081,31709,13.39
2026-09-15 15:15:54,23172.35,2026-09-15,22850.0,CE,339.75,339.15,340.55,3224,742,243,20.59
2026-09-15 15:15:54,23172.35,2026-09-15,22850.0,PE,0.8,0.75,0.8,1182803,54156,2302,12.6
2026-09-15 15:15:54,23172.35,2026-09-15,22900.0,CE,291.15,289.8,290.75,17548,1575,104,18.49
2026-09-15 15:15:54,23172.35,2026-09-15,22900.0,PE,1.1,1.1,1.15,2874394,126558,22139,11.54
2026-09-15 15:15:54,23172.35,2026-09-15,22950.0,CE,239.75,241.65,242.35,16140,1652,685,16.04
2026-09-15 15:15:54,23172.35,2026-09-15,22950.0,PE,2.2,2.2,2.25,2546320,114652,60225,10.8
2026-09-15 15:15:54,23172.35,2026-09-15,23000.0,CE,192.9,192.3,192.85,208973,18715,12738,14.31
2026-09-15 15:15:54,23172.35,2026-09-15,23000.0,PE,4.05,4.05,4.1,6207700,300141,110000,10.25
2026-09-15 15:15:54,23172.35,2026-09-15,23050.0,CE,146.0,146.05,146.3,118334,9258,7328,12.44
2026-09-15 15:15:54,23172.35,2026-09-15,23050.0,PE,7.5,7.4,7.5,5302987,211435,162001,9.79
2026-09-15 15:15:54,23172.35,2026-09-15,23100.0,CE,105.9,105.5,105.8,723636,41033,35482,11.81
2026-09-15 15:15:54,23172.35,2026-09-15,23100.0,PE,16.15,16.15,16.25,9635883,303082,181577,9.56
2026-09-15 15:15:54,23172.35,2026-09-15,23150.0,CE,69.75,69.5,69.75,1496694,88438,84313,11.08
2026-09-15 15:15:54,23172.35,2026-09-15,23150.0,PE,31.05,30.9,31.05,11029067,282868,217097,9.32
2026-09-15 15:15:54,23172.35,2026-09-15,23200.0,CE,41.7,41.7,41.8,5341997,273128,255261,10.71
2026-09-15 15:15:54,23172.35,2026-09-15,23200.0,PE,52.8,52.6,52.8,16209527,279657,109841,8.92
2026-09-15 15:15:54,23172.35,2026-09-15,23250.0,CE,23.9,23.8,23.95,6855925,273119,251536,10.66
2026-09-15 15:15:54,23172.35,2026-09-15,23250.0,PE,84.3,84.4,84.55,13694145,97443,-26228,8.56
2026-09-15 15:15:54,23172.35,2026-09-15,23300.0,CE,13.15,13.1,13.2,12826920,440467,397743,10.87
2026-09-15 15:15:54,23172.35,2026-09-15,23300.0,PE,122.95,122.9,123.05,17330695,105638,-106705,7.59
2026-09-15 15:15:54,23172.35,2026-09-15,23350.0,CE,7.1,7.05,7.1,12096882,357562,324890,11.39
2026-09-15 15:15:54,23172.35,2026-09-15,23350.0,PE,168.4,168.25,168.75,10643086,48973,-44632,
2026-09-15 15:15:54,23172.35,2026-09-15,23400.0,CE,4.4,4.4,4.45,14306512,403538,308782,12.14
2026-09-15 15:15:54,23172.35,2026-09-15,23400.0,PE,215.0,214.45,215.0,9277172,72350,-65953,
2026-09-15 15:15:54,23172.35,2026-09-15,23450.0,CE,3.0,3.0,3.05,10107829,223472,161340,13.15
2026-09-15 15:15:54,23172.35,2026-09-15,23450.0,PE,262.55,262.3,263.0,4926011,27459,-27129,
2026-09-15 15:15:54,23172.35,2026-09-15,23500.0,CE,2.25,2.2,2.25,13372372,404923,261847,14.02
2026-09-15 15:15:54,23172.35,2026-09-15,23500.0,PE,312.0,312.2,313.05,4541307,38302,-27015,
2026-09-15 15:15:54,23172.35,2026-09-15,23550.0,CE,1.65,1.6,1.65,7517330,168078,92990,15.03
2026-09-15 15:15:54,23172.35,2026-09-15,23550.0,PE,362.85,361.8,362.75,1248509,7862,-6297,
2026-09-15 15:15:54,23172.35,2026-09-15,23600.0,CE,1.1,1.1,1.15,7123443,225033,103450,15.86
2026-09-15 15:15:54,23172.35,2026-09-15,23600.0,PE,410.85,411.2,412.2,988601,12078,-9318,
2026-09-15 15:15:54,23172.35,2026-09-15,23650.0,CE,0.85,0.85,0.9,4709609,124606,48087,16.96
2026-09-15 15:15:54,23172.35,2026-09-15,23650.0,PE,460.65,459.8,460.7,257088,5326,-2817,
2026-09-15 15:16:54,23172.35,2026-09-15,22650.0,CE,545.5,537.4,541.35,82,31,13,22.06
2026-09-15 15:16:54,23172.35,2026-09-15,22650.0,PE,0.2,0.2,0.25,425248,26657,6451,16.72
2026-09-15 15:16:54,23172.35,2026-09-15,22700.0,CE,500.85,486.2,489.35,2070,1046,384,22.07
2026-09-15 15:16:54,23172.35,2026-09-15,22700.0,PE,0.35,0.3,0.35,1145943,94797,17647,15.86
2026-09-15 15:16:54,23172.35,2026-09-15,22750.0,CE,439.0,439.55,442.65,769,309,10,23.22
2026-09-15 15:16:54,23172.35,2026-09-15,22750.0,PE,0.45,0.4,0.45,827345,40814,1642,14.6
2026-09-15 15:16:54,23172.35,2026-09-15,22800.0,CE,395.8,390.1,391.8,5969,1881,540,17.14
2026-09-15 15:16:54,23172.35,2026-09-15,22800.0,PE,0.65,0.6,0.65,1758580,130081,31709,13.76
2026-09-15 15:16:54,23172.35,2026-09-15,22850.0,CE,340.6,338.1,339.65,3261,742,243,15.7
2026-09-15 15:16:54,23172.35,2026-09-15,22850.0,PE,0.85,0.8,0.85,1185827,54156,2302,12.76
2026-09-15 15:16:54,23172.35,2026-09-15,22900.0,CE,290.6,289.7,290.7,17714,1575,104,13.77
2026-09-15 15:16:54,23172.35,2026-09-15,22900.0,PE,1.1,1.1,1.15,2891973,126558,22139,11.67
2026-09-15 15:16:54,23172.35,2026-09-15,22950.0,CE,241.7,240.1,241.0,16349,1652,685,12.67
2026-09-15 15:16:54,23172.35,2026-09-15,22950.0,PE,2.15,2.1,2.15,2555905,114652,60225,10.96
2026-09-15 15:16:54,23172.35,2026-09-15,23000.0,CE,193.6,193.3,193.7,211032,18715,12738,11.24
2026-09-15 15:16:54,23172.35,2026-09-15,23000.0,PE,3.7,3.7,3.75,6233018,300141,110000,10.49
2026-09-15 15:16:54,23172.35,2026-09-15,23050.0,CE,146.1,145.2,145.65,120539,9258,7328,10.71
2026-09-15 15:16:54,23172.35,2026-09-15,23050.0,PE,7.35,7.3,7.35,5334880,211435,162001,10.02
2026-09-15 15:16:54,23172.35,2026-09-15,23100.0,CE,104.45,104.45,104.75,731144,41033,35482,10.25
2026-09-15 15:16:54,23172.35,2026-09-15,23100.0,PE,16.0,16.0,16.05,9689312,303082,181577,9.89
2026-09-15 15:16:54,23172.35,2026-09-15,23150.0,CE,70.7,70.4,70.6,1519565,88438,84313,10.02
2026-09-15 15:16:54,23172.35,2026-09-15,23150.0,PE,30.8,30.7,30.85,11095104,282868,217097,9.83
2026-09-15 15:16:54,23172.35,2026-09-15,23200.0,CE,41.4,41.3,41.4,5404975,273128,255261,10.01
2026-09-15 15:16:54,23172.35,2026-09-15,23200.0,PE,53.4,53.4,53.55,16267284,279657,109841,9.79
2026-09-15 15:16:54,23172.35,2026-09-15,23250.0,CE,23.6,23.6,23.7,6913552,273119,251536,10.09
2026-09-15 15:16:54,23172.35,2026-09-15,23250.0,PE,84.15,84.3,84.5,13712085,97443,-26228,9.82
2026-09-15 15:16:54,23172.35,2026-09-15,23300.0,CE,12.2,12.2,12.25,12899644,440467,397743,10.34
2026-09-15 15:16:54,23172.35,2026-09-15,23300.0,PE,123.55,123.55,123.8,17342561,105638,-106705,9.77
2026-09-15 15:16:54,23172.35,2026-09-15,23350.0,CE,6.55,6.55,6.6,12149839,357562,324890,10.82
2026-09-15 15:16:54,23172.35,2026-09-15,23350.0,PE,166.8,166.75,167.15,10647390,48973,-44632,10.18
2026-09-15 15:16:54,23172.35,2026-09-15,23400.0,CE,3.95,3.95,4.0,14356774,403538,308782,11.58
2026-09-15 15:16:54,23172.35,2026-09-15,23400.0,PE,215.0,214.75,215.5,9280190,72350,-65953,10.09
2026-09-15 15:16:54,23172.35,2026-09-15,23450.0,CE,2.8,2.8,2.85,10140968,223472,161340,12.55
2026-09-15 15:16:54,23172.35,2026-09-15,23450.0,PE,261.75,261.45,262.4,4928395,27459,-27129,9.06
2026-09-15 15:16:54,23172.35,2026-09-15,23500.0,CE,2.05,2.05,2.1,13418931,404923,261847,13.53
2026-09-15 15:16:54,23172.35,2026-09-15,23500.0,PE,312.7,311.05,311.95,4542907,38302,-27015,10.58
2026-09-15 15:16:54,23172.35,2026-09-15,23550.0,CE,1.55,1.55,1.6,7536655,168078,92990,14.56
2026-09-15 15:16:54,23172.35,2026-09-15,23550.0,PE,361.85,362.85,363.85,1249056,7862,-6297,
2026-09-15 15:16:54,23172.35,2026-09-15,23600.0,CE,1.05,1.05,1.1,7152068,225033,103450,15.59
2026-09-15 15:16:54,23172.35,2026-09-15,23600.0,PE,411.3,410.85,411.9,989395,12078,-9318,
2026-09-15 15:16:54,23172.35,2026-09-15,23650.0,CE,0.8,0.8,0.85,4716152,124606,48087,16.78
2026-09-15 15:16:54,23172.35,2026-09-15,23650.0,PE,460.45,460.6,461.9,257552,5326,-2817,
2026-09-15 15:17:55,23172.35,2026-09-15,22650.0,CE,545.5,539.25,544.1,82,31,13,22.06
2026-09-15 15:17:55,23172.35,2026-09-15,22650.0,PE,0.2,0.2,0.25,425392,26657,6451,16.72
2026-09-15 15:17:55,23172.35,2026-09-15,22700.0,CE,500.85,490.6,493.7,2070,1046,384,22.07
2026-09-15 15:17:55,23172.35,2026-09-15,22700.0,PE,0.35,0.3,0.35,1146208,94797,17647,15.86
2026-09-15 15:17:55,23172.35,2026-09-15,22750.0,CE,439.0,441.25,444.6,769,309,10,23.22
2026-09-15 15:17:55,23172.35,2026-09-15,22750.0,PE,0.45,0.4,0.45,827413,40814,1642,14.6
2026-09-15 15:17:55,23172.35,2026-09-15,22800.0,CE,391.4,392.45,393.85,5971,1881,540,17.14
2026-09-15 15:17:55,23172.35,2026-09-15,22800.0,PE,0.65,0.6,0.65,1758841,130081,31709,13.76
2026-09-15 15:17:55,23172.35,2026-09-15,22850.0,CE,340.6,340.9,342.0,3261,742,243,15.7
2026-09-15 15:17:55,23172.35,2026-09-15,22850.0,PE,0.85,0.8,0.85,1186297,54156,2302,12.76
2026-09-15 15:17:55,23172.35,2026-09-15,22900.0,CE,290.6,293.25,294.45,17714,1575,104,13.77
2026-09-15 15:17:55,23172.35,2026-09-15,22900.0,PE,1.2,1.15,1.2,2892857,126558,22139,11.67
2026-09-15 15:17:55,23172.35,2026-09-15,22950.0,CE,242.3,243.25,244.15,16353,1652,685,12.67
2026-09-15 15:17:55,23172.35,2026-09-15,22950.0,PE,2.15,2.1,2.15,2556574,114652,60225,10.96
2026-09-15 15:17:55,23172.35,2026-09-15,23000.0,CE,197.0,196.8,197.1,211267,18715,12738,11.24
2026-09-15 15:17:55,23172.35,2026-09-15,23000.0,PE,3.7,3.65,3.7,6234935,300141,110000,10.49
2026-09-15 15:17:55,23172.35,2026-09-15,23050.0,CE,148.65,148.3,148.75,120632,9258,7328,10.71
2026-09-15 15:17:55,23172.35,2026-09-15,23050.0,PE,7.15,7.1,7.15,5338001,211435,162001,10.02
2026-09-15 15:17:55,23172.35,2026-09-15,23100.0,CE,107.3,106.95,107.25,731522,41033,35482,10.25
2026-09-15 15:17:55,23172.35,2026-09-15,23100.0,PE,16.05,16.0,16.05,9694167,303082,181577,9.89
2026-09-15 15:17:55,23172.35,2026-09-15,23150.0,CE,71.65,71.45,71.65,1520487,88438,84313,10.02
2026-09-15 15:17:55,23172.35,2026-09-15,23150.0,PE,30.9,30.8,30.85,11099682,282868,217097,9.83
2026-09-15 15:17:55,23172.35,2026-09-15,23200.0,CE,43.15,43.15,43.3,5408982,273128,255261,10.01
2026-09-15 15:17:55,23172.35,2026-09-15,23200.0,PE,52.4,52.4,52.55,16271111,279657,109841,9.79
2026-09-15 15:17:55,23172.35,2026-09-15,23250.0,CE,24.95,24.9,25.0,6915105,273119,251536,10.09
2026-09-15 15:17:55,23172.35,2026-09-15,23250.0,PE,82.3,82.2,82.35,13712753,97443,-26228,9.82
2026-09-15 15:17:55,23172.35,2026-09-15,23300.0,CE,13.0,13.0,13.1,12905416,440467,397743,10.34
2026-09-15 15:17:55,23172.35,2026-09-15,23300.0,PE,121.15,121.2,121.5,17343166,105638,-106705,9.77
2026-09-15 15:17:55,23172.35,2026-09-15,23350.0,CE,6.95,6.95,7.0,12152649,357562,324890,10.82
2026-09-15 15:17:55,23172.35,2026-09-15,23350.0,PE,164.4,164.65,165.15,10647484,48973,-44632,10.18
2026-09-15 15:17:55,23172.35,2026-09-15,23400.0,CE,4.15,4.1,4.2,14361278,403538,308782,11.58
2026-09-15 15:17:55,23172.35,2026-09-15,23400.0,PE,211.25,211.6,211.9,9280378,72350,-65953,10.09
2026-09-15 15:17:55,23172.35,2026-09-15,23450.0,CE,2.8,2.8,2.85,10143988,223472,161340,12.55
2026-09-15 15:17:55,23172.35,2026-09-15,23450.0,PE,260.6,260.45,261.25,4928454,27459,-27129,9.06
2026-09-15 15:17:55,23172.35,2026-09-15,23500.0,CE,2.1,2.05,2.1,13421811,404923,261847,13.53
2026-09-15 15:17:55,23172.35,2026-09-15,23500.0,PE,310.35,310.1,311.05,4542961,38302,-27015,10.58
2026-09-15 15:17:55,23172.35,2026-09-15,23550.0,CE,1.55,1.55,1.6,7540366,168078,92990,14.56
2026-09-15 15:17:55,23172.35,2026-09-15,23550.0,PE,359.9,359.65,360.9,1249070,7862,-6297,
2026-09-15 15:17:55,23172.35,2026-09-15,23600.0,CE,1.05,1.05,1.1,7152490,225033,103450,15.59
2026-09-15 15:17:55,23172.35,2026-09-15,23600.0,PE,409.35,408.3,409.05,989399,12078,-9318,
2026-09-15 15:17:55,23172.35,2026-09-15,23650.0,CE,0.85,0.8,0.85,4716980,124606,48087,16.78
2026-09-15 15:17:55,23172.35,2026-09-15,23650.0,PE,456.45,457.7,458.95,257556,5326,-2817,
2026-09-15 15:18:55,23172.35,2026-09-15,22650.0,CE,533.3,543.4,547.3,87,31,13,22.06
2026-09-15 15:18:55,23172.35,2026-09-15,22650.0,PE,0.25,0.25,0.3,448772,27579,7373,16.72
2026-09-15 15:18:55,23172.35,2026-09-15,22700.0,CE,491.5,494.2,496.85,2075,1045,383,22.07
2026-09-15 15:18:55,23172.35,2026-09-15,22700.0,PE,0.3,0.3,0.35,1167461,91986,14836,15.86
2026-09-15 15:18:55,23172.35,2026-09-15,22750.0,CE,437.65,444.2,447.3,815,319,20,23.22
2026-09-15 15:18:55,23172.35,2026-09-15,22750.0,PE,0.55,0.45,0.55,846651,41867,2695,14.6
2026-09-15 15:18:55,23172.35,2026-09-15,22800.0,CE,401.7,395.1,396.5,6314,1909,568,17.14
2026-09-15 15:18:55,23172.35,2026-09-15,22800.0,PE,0.75,0.75,0.8,1797021,129833,31461,13.76
2026-09-15 15:18:55,23172.35,2026-09-15,22850.0,CE,345.0,345.6,347.05,3425,722,223,15.7
2026-09-15 15:18:55,23172.35,2026-09-15,22850.0,PE,1.25,1.25,1.3,1223832,53032,1178,12.76
2026-09-15 15:18:55,23172.35,2026-09-15,22900.0,CE,296.15,295.95,297.3,18412,1709,238,13.77
2026-09-15 15:18:55,23172.35,2026-09-15,22900.0,PE,1.85,1.8,1.85,3002963,122568,18149,11.67
2026-09-15 15:18:55,23172.35,2026-09-15,22950.0,CE,245.75,247.15,248.0,17160,1756,789,12.67
2026-09-15 15:18:55,23172.35,2026-09-15,22950.0,PE,2.5,2.45,2.5,2660459,112164,57737,10.96
2026-09-15 15:18:55,23172.35,2026-09-15,23000.0,CE,198.75,198.35,199.1,220766,17923,11946,11.24
2026-09-15 15:18:55,23172.35,2026-09-15,23000.0,PE,3.2,3.2,3.25,6463477,299264,109123,10.49
2026-09-15 15:18:55,23172.35,2026-09-15,23050.0,CE,148.75,148.6,149.05,131883,9980,8050,10.71
2026-09-15 15:18:55,23172.35,2026-09-15,23050.0,PE,4.75,4.7,4.75,5658409,209249,159815,10.02
2026-09-15 15:18:55,23172.35,2026-09-15,23100.0,CE,108.5,108.1,108.5,771381,38048,32497,10.25
2026-09-15 15:18:55,23172.35,2026-09-15,23100.0,PE,13.05,12.9,12.95,10100825,316854,195349,9.89
2026-09-15 15:18:55,23172.35,2026-09-15,23150.0,CE,71.7,71.8,72.05,1619091,90350,86225,10.02
2026-09-15 15:18:55,23172.35,2026-09-15,23150.0,PE,27.05,27.0,27.1,11481915,290434,224663,9.83
2026-09-15 15:18:55,23172.35,2026-09-15,23200.0,CE,42.4,42.3,42.4,5712379,274461,256594,10.01
2026-09-15 15:18:55,23172.35,2026-09-15,23200.0,PE,47.15,46.95,47.15,16579835,260019,90203,9.79
2026-09-15 15:18:55,23172.35,2026-09-15,23250.0,CE,22.8,22.7,22.8,7213992,279442,257859,10.09
2026-09-15 15:18:55,23172.35,2026-09-15,23250.0,PE,77.7,77.95,78.0,13811780,88247,-35424,9.82
2026-09-15 15:18:55,23172.35,2026-09-15,23300.0,CE,11.25,11.25,11.35,13277244,437901,395177,10.34
2026-09-15 15:18:55,23172.35,2026-09-15,23300.0,PE,116.0,115.75,116.1,17400812,102464,-109879,9.77
2026-09-15 15:18:55,23172.35,2026-09-15,23350.0,CE,5.75,5.75,5.8,12460558,337314,304642,10.82
2026-09-15 15:18:55,23172.35,2026-09-15,23350.0,PE,159.9,159.9,160.35,10661876,43753,-49852,10.18
2026-09-15 15:18:55,23172.35,2026-09-15,23400.0,CE,4.1,4.05,4.1,14590639,388939,294183,11.58
2026-09-15 15:18:55,23172.35,2026-09-15,23400.0,PE,208.05,208.55,209.15,9298663,70574,-67729,10.09
2026-09-15 15:18:55,23172.35,2026-09-15,23450.0,CE,3.05,3.1,3.15,10330505,219053,156921,12.55
2026-09-15 15:18:55,23172.35,2026-09-15,23450.0,PE,257.3,257.1,257.95,4932877,26415,-28173,9.06
2026-09-15 15:18:55,23172.35,2026-09-15,23500.0,CE,2.45,2.45,2.5,13663877,389253,246177,13.53
2026-09-15 15:18:55,23172.35,2026-09-15,23500.0,PE,307.4,306.6,307.6,4549733,37879,-27438,10.58
2026-09-15 15:18:55,23172.35,2026-09-15,23550.0,CE,1.9,1.9,1.95,7690004,167331,92243,14.56
2026-09-15 15:18:55,23172.35,2026-09-15,23550.0,PE,357.6,355.8,357.05,1250113,7346,-6813,
2026-09-15 15:18:55,23172.35,2026-09-15,23600.0,CE,1.35,1.35,1.4,7246610,216033,94450,15.59
2026-09-15 15:18:55,23172.35,2026-09-15,23600.0,PE,406.5,404.15,405.9,991251,10824,-10572,
2026-09-15 15:18:55,23172.35,2026-09-15,23650.0,CE,1.0,0.95,1.0,4801351,121480,44961,16.78
2026-09-15 15:18:55,23172.35,2026-09-15,23650.0,PE,455.8,454.1,456.0,258142,5237,-2906,
2026-09-15 15:19:56,23172.35,2026-09-15,22650.0,CE,546.8,539.5,544.5,88,31,13,22.06
2026-09-15 15:19:56,23172.35,2026-09-15,22650.0,PE,0.5,0.5,0.55,461886,27579,7373,16.72
2026-09-15 15:19:56,23172.35,2026-09-15,22700.0,CE,492.0,490.85,495.2,2078,1046,384,22.07
2026-09-15 15:19:56,23172.35,2026-09-15,22700.0,PE,0.9,0.9,0.95,1184876,91986,14836,15.86
2026-09-15 15:19:56,23172.35,2026-09-15,22750.0,CE,449.45,440.85,443.65,816,319,20,23.22
2026-09-15 15:19:56,23172.35,2026-09-15,22750.0,PE,1.2,1.2,1.25,858688,41867,2695,14.6
2026-09-15 15:19:56,23172.35,2026-09-15,22800.0,CE,390.3,393.1,394.45,6328,1909,568,17.14
2026-09-15 15:19:56,23172.35,2026-09-15,22800.0,PE,1.55,1.55,1.6,1821581,129833,31461,13.76
2026-09-15 15:19:56,23172.35,2026-09-15,22850.0,CE,347.0,341.25,343.15,3430,722,223,15.7
2026-09-15 15:19:56,23172.35,2026-09-15,22850.0,PE,1.95,1.95,2.0,1244822,53032,1178,12.76
2026-09-15 15:19:56,23172.35,2026-09-15,22900.0,CE,294.65,293.15,294.4,18467,1709,238,13.77
2026-09-15 15:19:56,23172.35,2026-09-15,22900.0,PE,2.3,2.25,2.3,3038481,122568,18149,11.67
2026-09-15 15:19:56,23172.35,2026-09-15,22950.0,CE,244.4,243.3,244.05,17260,1756,789,12.67
2026-09-15 15:19:56,23172.35,2026-09-15,22950.0,PE,2.7,2.65,2.7,2679769,112164,57737,10.96
2026-09-15 15:19:56,23172.35,2026-09-15,23000.0,CE,195.7,194.25,194.9,221455,17923,11946,11.24
2026-09-15 15:19:56,23172.35,2026-09-15,23000.0,PE,3.2,3.15,3.2,6495618,299264,109123,10.49
2026-09-15 15:19:56,23172.35,2026-09-15,23050.0,CE,146.6,146.3,146.75,133051,9980,8050,10.71
2026-09-15 15:19:56,23172.35,2026-09-15,23050.0,PE,4.5,4.45,4.5,5700674,209249,159815,10.02
2026-09-15 15:19:56,23172.35,2026-09-15,23100.0,CE,103.6,103.65,103.95,775823,38048,32497,10.25
2026-09-15 15:19:56,23172.35,2026-09-15,23100.0,PE,13.25,13.2,13.3,10142483,316854,195349,9.89
2026-09-15 15:19:56,23172.35,2026-09-15,23150.0,CE,68.65,68.75,68.95,1629649,90350,86225,10.02
2026-09-15 15:19:56,23172.35,2026-09-15,23150.0,PE,27.4,27.35,27.45,11521636,290434,224663,9.83
2026-09-15 15:19:56,23172.35,2026-09-15,23200.0,CE,39.4,39.1,39.25,5745281,274461,256594,10.01
2026-09-15 15:19:56,23172.35,2026-09-15,23200.0,PE,49.05,48.95,49.05,16612900,260019,90203,9.79
2026-09-15 15:19:56,23172.35,2026-09-15,23250.0,CE,20.9,20.7,20.8,7246343,279442,257859,10.09
2026-09-15 15:19:56,23172.35,2026-09-15,23250.0,PE,79.6,79.55,79.8,13822381,88247,-35424,9.82
2026-09-15 15:19:56,23172.35,2026-09-15,23300.0,CE,9.5,9.45,9.55,13337874,437901,395177,10.34
2026-09-15 15:19:56,23172.35,2026-09-15,23300.0,PE,118.25,118.25,118.55,17406963,102464,-109879,9.77
2026-09-15 15:19:56,23172.35,2026-09-15,23350.0,CE,4.85,4.75,4.8,12520349,337314,304642,10.82
2026-09-15 15:19:56,23172.35,2026-09-15,23350.0,PE,163.9,163.3,163.8,10663724,43753,-49852,10.18
2026-09-15 15:19:56,23172.35,2026-09-15,23400.0,CE,3.7,3.65,3.7,14628549,388939,294183,11.58
2026-09-15 15:19:56,23172.35,2026-09-15,23400.0,PE,210.45,211.0,211.6,9299952,70574,-67729,10.09
2026-09-15 15:19:56,23172.35,2026-09-15,23450.0,CE,2.9,2.85,2.9,10367786,219053,156921,12.55
2026-09-15 15:19:56,23172.35,2026-09-15,23450.0,PE,261.2,261.65,262.25,4933224,26415,-28173,9.06
2026-09-15 15:19:56,23172.35,2026-09-15,23500.0,CE,2.4,2.4,2.45,13706296,389253,246177,13.53
2026-09-15 15:19:56,23172.35,2026-09-15,23500.0,PE,310.35,309.6,310.75,4550175,37879,-27438,10.58
2026-09-15 15:19:56,23172.35,2026-09-15,23550.0,CE,1.9,1.9,1.95,7716357,167331,92243,14.56
2026-09-15 15:19:56,23172.35,2026-09-15,23550.0,PE,360.45,360.25,361.7,1250243,7346,-6813,
2026-09-15 15:19:56,23172.35,2026-09-15,23600.0,CE,1.5,1.5,1.55,7266498,216033,94450,15.59
2026-09-15 15:19:56,23172.35,2026-09-15,23600.0,PE,408.05,409.2,410.8,991367,10824,-10572,
2026-09-15 15:19:56,23172.35,2026-09-15,23650.0,CE,1.15,1.15,1.2,4824928,121480,44961,16.78
2026-09-15 15:19:56,23172.35,2026-09-15,23650.0,PE,456.35,458.8,460.45,258163,5237,-2906,
2026-09-15 15:20:56,23172.35,2026-09-15,22650.0,CE,574.4,543.9,575.85,105,33,15,32.64
2026-09-15 15:20:56,23172.35,2026-09-15,22650.0,PE,0.4,0.4,0.5,473045,27599,7393,16.67
2026-09-15 15:20:56,23172.35,2026-09-15,22700.0,CE,550.8,533.45,543.4,2837,1043,381,28.38
2026-09-15 15:20:56,23172.35,2026-09-15,22700.0,PE,0.5,0.5,0.55,1207917,94471,17321,15.54
2026-09-15 15:20:56,23172.35,2026-09-15,22750.0,CE,500.0,474.85,493.15,830,314,15,22.7
2026-09-15 15:20:56,23172.35,2026-09-15,22750.0,PE,0.5,0.5,0.55,884415,41590,2418,14.55
2026-09-15 15:20:56,23172.35,2026-09-15,22800.0,CE,434.4,432.05,435.05,7165,1935,594,23.61
2026-09-15 15:20:56,23172.35,2026-09-15,22800.0,PE,0.8,0.75,0.8,1880611,131159,32787,13.39
2026-09-15 15:20:56,23172.35,2026-09-15,22850.0,CE,383.25,384.75,394.35,3529,716,217,20.59
2026-09-15 15:20:56,23172.35,2026-09-15,22850.0,PE,1.05,1.0,1.05,1316298,58555,6701,12.6
2026-09-15 15:20:56,23172.35,2026-09-15,22900.0,CE,343.65,343.4,345.6,19581,1745,274,18.49
2026-09-15 15:20:56,23172.35,2026-09-15,22900.0,PE,1.3,1.25,1.3,3197951,128284,23865,11.54
2026-09-15 15:20:56,23172.35,2026-09-15,22950.0,CE,293.3,288.15,293.25,18889,1797,830,16.04
2026-09-15 15:20:56,23172.35,2026-09-15,22950.0,PE,1.65,1.6,1.65,2762927,109221,54794,10.8
2026-09-15 15:20:56,23172.35,2026-09-15,23000.0,CE,245.9,245.95,247.7,229806,18044,12067,14.31
2026-09-15 15:20:56,23172.35,2026-09-15,23000.0,PE,1.9,1.85,1.9,6675813,301473,111332,10.25
2026-09-15 15:20:56,23172.35,2026-09-15,23050.0,CE,194.15,194.15,195.8,143458,10321,8391,12.44
2026-09-15 15:20:56,23172.35,2026-09-15,23050.0,PE,2.25,2.2,2.25,5937092,210011,160577,9.79
2026-09-15 15:20:56,23172.35,2026-09-15,23100.0,CE,150.15,149.4,150.4,811806,37764,32213,11.81
2026-09-15 15:20:56,23172.35,2026-09-15,23100.0,PE,5.2,5.15,5.2,10433839,327851,206346,9.56
2026-09-15 15:20:56,23172.35,2026-09-15,23150.0,CE,99.85,99.75,100.55,1708780,93059,88934,11.08
2026-09-15 15:20:56,23172.35,2026-09-15,23150.0,PE,11.9,11.95,12.0,11794962,292700,226929,9.32
2026-09-15 15:20:56,23172.35,2026-09-15,23200.0,CE,59.35,59.35,59.95,5948386,275716,257849,10.71
2026-09-15 15:20:56,23172.35,2026-09-15,23200.0,PE,21.1,21.05,21.15,16842981,257964,88148,8.92
2026-09-15 15:20:56,23172.35,2026-09-15,23250.0,CE,31.25,31.25,31.45,7436619,285553,263970,10.66
2026-09-15 15:20:56,23172.35,2026-09-15,23250.0,PE,38.6,38.7,38.9,13899905,85649,-38022,8.56
2026-09-15 15:20:56,23172.35,2026-09-15,23300.0,CE,14.0,13.95,14.05,13615457,447249,404525,10.87
2026-09-15 15:20:56,23172.35,2026-09-15,23300.0,PE,74.5,74.5,74.75,17453051,101407,-110936,7.59
2026-09-15 15:20:56,23172.35,2026-09-15,23350.0,CE,5.8,5.7,5.75,12761951,321470,288798,11.39
2026-09-15 15:20:56,23172.35,2026-09-15,23350.0,PE,112.9,112.65,113.1,10677232,43398,-50207,
2026-09-15 15:20:56,23172.35,2026-09-15,23400.0,CE,4.25,4.25,4.3,14831159,388611,293855,12.14
2026-09-15 15:20:56,23172.35,2026-09-15,23400.0,PE,162.25,161.2,162.3,9312701,70549,-67754,
2026-09-15 15:20:56,23172.35,2026-09-15,23450.0,CE,3.15,3.1,3.15,10541637,215018,152886,13.15
2026-09-15 15:20:56,23172.35,2026-09-15,23450.0,PE,213.85,213.6,215.7,4937499,26288,-28300,
2026-09-15 15:20:56,23172.35,2026-09-15,23500.0,CE,2.4,2.35,2.45,13913640,391472,248396,14.02
2026-09-15 15:20:56,23172.35,2026-09-15,23500.0,PE,264.0,261.0,264.4,4555017,37384,-27933,
2026-09-15 15:20:56,23172.35,2026-09-15,23550.0,CE,1.8,1.75,1.8,7845845,167605,92517,15.03
2026-09-15 15:20:56,23172.35,2026-09-15,23550.0,PE,311.1,307.9,319.2,1251817,7258,-6901,
2026-09-15 15:20:56,23172.35,2026-09-15,23600.0,CE,1.55,1.5,1.55,7366461,215705,94122,15.86
2026-09-15 15:20:56,23172.35,2026-09-15,23600.0,PE,360.0,356.7,358.9,992514,10723,-10673,
2026-09-15 15:20:56,23172.35,2026-09-15,23650.0,CE,1.1,1.05,1.1,4878132,122980,46461,16.96
2026-09-15 15:20:56,23172.35,2026-09-15,23650.0,PE,402.5,413.0,419.0,258747,5184,-2959,
2026-09-15 15:21:56,23172.35,2026-09-15,22650.0,CE,493.8,476.3,491.7,124,37,19,29.04
2026-09-15 15:21:56,23172.35,2026-09-15,22650.0,PE,0.55,0.55,0.6,479156,27599,7393,18.37
2026-09-15 15:21:56,23172.35,2026-09-15,22700.0,CE,444.15,436.45,440.6,2881,1043,381,23.74
2026-09-15 15:21:56,23172.35,2026-09-15,22700.0,PE,0.65,0.65,0.7,1221458,93421,16271,16.99
2026-09-15 15:21:56,23172.35,2026-09-15,22750.0,CE,391.25,386.15,390.3,895,314,15,
2026-09-15 15:21:56,23172.35,2026-09-15,22750.0,PE,0.9,0.9,0.95,914021,41590,2418,15.25
2026-09-15 15:21:56,23172.35,2026-09-15,22800.0,CE,338.9,338.05,339.05,8011,1935,594,
2026-09-15 15:21:56,23172.35,2026-09-15,22800.0,PE,1.0,1.0,1.05,1922619,131159,32787,14.33
2026-09-15 15:21:56,23172.35,2026-09-15,22850.0,CE,288.85,288.5,289.55,3957,716,217,
2026-09-15 15:21:56,23172.35,2026-09-15,22850.0,PE,1.25,1.2,1.3,1397898,58555,6701,13.65
2026-09-15 15:21:56,23172.35,2026-09-15,22900.0,CE,239.35,239.1,240.0,21805,1745,274,
2026-09-15 15:21:56,23172.35,2026-09-15,22900.0,PE,1.45,1.4,1.45,3366708,128284,23865,12.5
2026-09-15 15:21:56,23172.35,2026-09-15,22950.0,CE,188.5,187.0,188.0,22477,1797,830,
2026-09-15 15:21:56,23172.35,2026-09-15,22950.0,PE,1.95,1.95,2.0,2843189,109221,54794,11.0
2026-09-15 15:21:56,23172.35,2026-09-15,23000.0,CE,140.3,140.2,140.85,241206,18044,12067,
2026-09-15 15:21:56,23172.35,2026-09-15,23000.0,PE,2.9,2.9,2.95,6827791,301473,111332,9.36
2026-09-15 15:21:56,23172.35,2026-09-15,23050.0,CE,94.5,93.95,94.45,156545,10958,9028,
2026-09-15 15:21:56,23172.35,2026-09-15,23050.0,PE,5.55,5.5,5.55,6141222,208580,159146,7.83
2026-09-15 15:21:56,23172.35,2026-09-15,23100.0,CE,55.5,55.2,55.5,856163,37764,32213,5.91
2026-09-15 15:21:56,23172.35,2026-09-15,23100.0,PE,17.85,17.75,17.85,10715660,327851,206346,7.86
2026-09-15 15:21:56,23172.35,2026-09-15,23150.0,CE,28.2,28.2,28.3,1786674,93059,88934,6.7
2026-09-15 15:21:56,23172.35,2026-09-15,23150.0,PE,40.5,40.55,40.75,12059896,292700,226929,7.9
2026-09-15 15:21:56,23172.35,2026-09-15,23200.0,CE,12.55,12.4,12.55,6147125,275716,257849,7.13
2026-09-15 15:21:56,23172.35,2026-09-15,23200.0,PE,74.55,74.35,74.55,17100002,257964,88148,7.64
2026-09-15 15:21:56,23172.35,2026-09-15,23250.0,CE,5.05,5.05,5.1,7597416,285553,263970,7.4
2026-09-15 15:21:56,23172.35,2026-09-15,23250.0,PE,117.05,116.8,117.1,13980709,85649,-38022,8.91
2026-09-15 15:21:56,23172.35,2026-09-15,23300.0,CE,1.7,1.7,1.75,13915521,447249,404525,7.91
2026-09-15 15:21:56,23172.35,2026-09-15,23300.0,PE,165.2,165.5,166.0,17522149,101407,-110936,9.76
2026-09-15 15:21:56,23172.35,2026-09-15,23350.0,CE,1.15,1.1,1.15,13016322,321470,288798,8.65
2026-09-15 15:21:56,23172.35,2026-09-15,23350.0,PE,212.8,212.95,213.7,10691696,43398,-50207,11.65
2026-09-15 15:21:56,23172.35,2026-09-15,23400.0,CE,1.1,1.05,1.1,14977389,379994,285238,10.38
2026-09-15 15:21:56,23172.35,2026-09-15,23400.0,PE,262.5,261.2,262.05,9327072,70885,-67418,14.44
2026-09-15 15:21:56,23172.35,2026-09-15,23450.0,CE,0.9,0.85,0.9,10669874,215018,152886,12.02
2026-09-15 15:21:56,23172.35,2026-09-15,23450.0,PE,313.9,312.9,313.8,4944355,26288,-28300,15.84
2026-09-15 15:21:56,23172.35,2026-09-15,23500.0,CE,0.9,0.85,0.9,14037121,391472,248396,13.56
2026-09-15 15:21:56,23172.35,2026-09-15,23500.0,PE,363.95,363.0,363.7,4560986,37384,-27933,16.56
2026-09-15 15:21:56,23172.35,2026-09-15,23550.0,CE,0.7,0.7,0.75,7880003,167605,92517,15.06
2026-09-15 15:21:56,23172.35,2026-09-15,23550.0,PE,410.9,411.5,413.25,1252682,7258,-6901,18.64
2026-09-15 15:21:56,23172.35,2026-09-15,23600.0,CE,0.6,0.6,0.65,7403395,215705,94122,16.48
2026-09-15 15:21:56,23172.35,2026-09-15,23600.0,PE,457.0,460.65,463.25,993644,10723,-10673,21.09
2026-09-15 15:21:56,23172.35,2026-09-15,23650.0,CE,0.55,0.55,0.6,4903535,122980,46461,17.37
2026-09-15 15:21:56,23172.35,2026-09-15,23650.0,PE,510.45,508.75,511.45,258962,5184,-2959,25.04
2026-09-15 15:22:57,23172.35,2026-09-15,22650.0,CE,471.35,468.65,482.35,125,37,19,22.06
2026-09-15 15:22:57,23172.35,2026-09-15,22650.0,PE,0.2,0.2,0.25,495056,29412,9206,16.72
2026-09-15 15:22:57,23172.35,2026-09-15,22700.0,CE,424.1,419.45,421.85,2969,779,117,22.07
2026-09-15 15:22:57,23172.35,2026-09-15,22700.0,PE,0.25,0.2,0.25,1244476,92475,15325,15.86
2026-09-15 15:22:57,23172.35,2026-09-15,22750.0,CE,371.15,367.3,370.5,1105,347,48,23.22
2026-09-15 15:22:57,23172.35,2026-09-15,22750.0,PE,0.3,0.3,0.35,933540,47030,7858,14.6
2026-09-15 15:22:57,23172.35,2026-09-15,22800.0,CE,322.45,320.8,322.2,9747,1754,413,17.14
2026-09-15 15:22:57,23172.35,2026-09-15,22800.0,PE,0.45,0.4,0.45,1979237,131478,33106,13.76
2026-09-15 15:22:57,23172.35,2026-09-15,22850.0,CE,272.1,270.6,271.8,6281,1142,643,15.7
2026-09-15 15:22:57,23172.35,2026-09-15,22850.0,PE,0.75,0.75,0.8,1471340,60949,9095,12.76
2026-09-15 15:22:57,23172.35,2026-09-15,22900.0,CE,222.15,221.15,221.6,27308,2690,1219,13.77
2026-09-15 15:22:57,23172.35,2026-09-15,22900.0,PE,0.9,0.9,0.95,3618134,126461,22042,11.67
2026-09-15 15:22:57,23172.35,2026-09-15,22950.0,CE,170.8,170.35,171.65,31973,3710,2743,12.67
2026-09-15 15:22:57,23172.35,2026-09-15,22950.0,PE,1.2,1.15,1.2,3121398,111482,57055,10.96
2026-09-15 15:22:57,23172.35,2026-09-15,23000.0,CE,122.25,122.05,122.8,270489,19388,13411,11.24
2026-09-15 15:22:57,23172.35,2026-09-15,23000.0,PE,2.25,2.25,2.3,7123952,296925,106784,10.49
2026-09-15 15:22:57,23172.35,2026-09-15,23050.0,CE,76.0,75.05,75.95,196062,14759,12829,10.71
2026-09-15 15:22:57,23172.35,2026-09-15,23050.0,PE,4.85,4.85,4.95,6499266,213807,164373,10.02
2026-09-15 15:22:57,23172.35,2026-09-15,23100.0,CE,41.15,40.95,41.2,1016890,52618,47067,10.25
2026-09-15 15:22:57,23172.35,2026-09-15,23100.0,PE,20.45,20.3,20.45,11225050,292009,170504,9.89
2026-09-15 15:22:57,23172.35,2026-09-15,23150.0,CE,19.25,19.15,19.25,2041427,102222,98097,10.02
2026-09-15 15:22:57,23172.35,2026-09-15,23150.0,PE,48.6,48.5,48.7,12434876,214890,149119,9.83
2026-09-15 15:22:57,23172.35,2026-09-15,23200.0,CE,9.05,8.95,9.0,6604082,283438,265571,10.01
2026-09-15 15:22:57,23172.35,2026-09-15,23200.0,PE,88.25,87.9,88.25,17375031,190027,20211,9.79
2026-09-15 15:22:57,23172.35,2026-09-15,23250.0,CE,3.95,3.9,3.95,7971634,272765,251182,10.09
2026-09-15 15:22:57,23172.35,2026-09-15,23250.0,PE,133.55,133.5,134.1,14047541,66094,-57577,9.82
2026-09-15 15:22:57,23172.35,2026-09-15,23300.0,CE,2.2,2.2,2.25,14349078,420135,377411,10.34
2026-09-15 15:22:57,23172.35,2026-09-15,23300.0,PE,181.5,181.3,181.5,17567171,77237,-135106,9.77
2026-09-15 15:22:57,23172.35,2026-09-15,23350.0,CE,1.8,1.8,1.85,13383710,301102,268430,10.82
2026-09-15 15:22:57,23172.35,2026-09-15,23350.0,PE,229.6,229.35,230.1,10718722,40572,-53033,10.18
2026-09-15 15:22:57,23172.35,2026-09-15,23400.0,CE,1.6,1.6,1.65,15212388,356426,261670,11.58
2026-09-15 15:22:57,23172.35,2026-09-15,23400.0,PE,282.4,281.55,282.5,9372156,63029,-75274,10.09
2026-09-15 15:22:57,23172.35,2026-09-15,23450.0,CE,1.4,1.35,1.4,10842850,197086,134954,12.55
2026-09-15 15:22:57,23172.35,2026-09-15,23450.0,PE,332.35,330.95,332.15,4961528,24106,-30482,9.06
2026-09-15 15:22:57,23172.35,2026-09-15,23500.0,CE,1.05,1.05,1.1,14232007,373836,230760,13.53
2026-09-15 15:22:57,23172.35,2026-09-15,23500.0,PE,379.25,379.3,380.15,4567482,34826,-30491,10.58
2026-09-15 15:22:57,23172.35,2026-09-15,23550.0,CE,0.9,0.9,0.95,7936417,152814,77726,14.56
2026-09-15 15:22:57,23172.35,2026-09-15,23550.0,PE,426.2,429.7,430.75,1253841,7421,-6738,
2026-09-15 15:22:57,23172.35,2026-09-15,23600.0,CE,0.75,0.75,0.8,7489809,207108,85525,15.59
2026-09-15 15:22:57,23172.35,2026-09-15,23600.0,PE,474.9,479.7,481.85,994443,10560,-10836,
2026-09-15 15:22:57,23172.35,2026-09-15,23650.0,CE,0.65,0.6,0.65,4951831,117304,40785,16.78
2026-09-15 15:22:57,23172.35,2026-09-15,23650.0,PE,525.25,528.55,530.35,259342,5193,-2950,
2026-09-15 15:23:57,23172.35,2026-09-15,22650.0,CE,479.5,465.75,474.0,131,45,27,22.06
2026-09-15 15:23:57,23172.35,2026-09-15,22650.0,PE,0.2,0.2,0.25,500715,24674,4468,16.72
2026-09-15 15:23:57,23172.35,2026-09-15,22700.0,CE,418.65,418.95,422.8,3237,796,134,22.07
2026-09-15 15:23:57,23172.35,2026-09-15,22700.0,PE,0.15,0.15,0.2,1262843,90604,13454,15.86
2026-09-15 15:23:57,23172.35,2026-09-15,22750.0,CE,373.2,367.9,372.25,1271,430,131,23.22
2026-09-15 15:23:57,23172.35,2026-09-15,22750.0,PE,0.2,0.2,0.25,953975,41834,2662,14.6
2026-09-15 15:23:57,23172.35,2026-09-15,22800.0,CE,320.0,319.95,321.2,11957,2482,1141,17.14
2026-09-15 15:23:57,23172.35,2026-09-15,22800.0,PE,0.25,0.25,0.3,2027296,125143,26771,13.76
2026-09-15 15:23:57,23172.35,2026-09-15,22850.0,CE,269.8,270.7,271.95,8804,1827,1328,15.7
2026-09-15 15:23:57,23172.35,2026-09-15,22850.0,PE,0.45,0.45,0.5,1525505,57185,5331,12.76
2026-09-15 15:23:57,23172.35,2026-09-15,22900.0,CE,219.85,220.25,221.0,35829,4184,2713,13.77
2026-09-15 15:23:57,23172.35,2026-09-15,22900.0,PE,0.6,0.55,0.6,3741606,125473,21054,11.67
2026-09-15 15:23:57,23172.35,2026-09-15,22950.0,CE,172.9,171.8,172.5,45483,5278,4311,12.67
2026-09-15 15:23:57,23172.35,2026-09-15,22950.0,PE,0.8,0.8,0.85,3293222,105854,51427,10.96
2026-09-15 15:23:57,23172.35,2026-09-15,23000.0,CE,123.1,122.7,123.15,310052,25873,19896,11.24
2026-09-15 15:23:57,23172.35,2026-09-15,23000.0,PE,1.65,1.65,1.7,7806734,313495,123354,10.49
2026-09-15 15:23:57,23172.35,2026-09-15,23050.0,CE,73.5,73.45,73.65,255783,26780,24850,10.71
2026-09-15 15:23:57,23172.35,2026-09-15,23050.0,PE,3.9,3.9,3.95,6935855,246399,196965,10.02
2026-09-15 15:23:57,23172.35,2026-09-15,23100.0,CE,40.9,40.8,41.0,1192021,85067,79516,10.25
2026-09-15 15:23:57,23172.35,2026-09-15,23100.0,PE,19.85,19.8,19.95,11683708,295227,173722,9.89
2026-09-15 15:23:57,23172.35,2026-09-15,23150.0,CE,17.85,17.75,17.8,2311660,146040,141915,10.02
2026-09-15 15:23:57,23172.35,2026-09-15,23150.0,PE,47.7,47.5,47.6,12717033,177516,111745,9.83
2026-09-15 15:23:57,23172.35,2026-09-15,23200.0,CE,7.45,7.4,7.45,7002064,334802,316935,10.01
2026-09-15 15:23:57,23172.35,2026-09-15,23200.0,PE,86.75,86.75,86.9,17525050,161107,-8709,9.79
2026-09-15 15:23:57,23172.35,2026-09-15,23250.0,CE,2.35,2.35,2.4,8260651,306122,284539,10.09
2026-09-15 15:23:57,23172.35,2026-09-15,23250.0,PE,132.35,132.05,132.4,14086164,60324,-63347,9.82
2026-09-15 15:23:57,23172.35,2026-09-15,23300.0,CE,1.1,1.1,1.15,14728970,408511,365787,10.34
2026-09-15 15:23:57,23172.35,2026-09-15,23300.0,PE,179.5,179.2,179.8,17594281,75233,-137110,9.77
2026-09-15 15:23:57,23172.35,2026-09-15,23350.0,CE,0.8,0.8,0.85,13657005,272967,240295,10.82
2026-09-15 15:23:57,23172.35,2026-09-15,23350.0,PE,229.2,229.05,229.9,10728109,32785,-60820,10.18
2026-09-15 15:23:57,23172.35,2026-09-15,23400.0,CE,0.7,0.65,0.7,15379348,328488,233732,11.58
2026-09-15 15:23:57,23172.35,2026-09-15,23400.0,PE,282.05,281.05,281.8,9382939,48410,-89893,10.09
2026-09-15 15:23:57,23172.35,2026-09-15,23450.0,CE,0.6,0.55,0.6,11018014,181672,119540,12.55
2026-09-15 15:23:57,23172.35,2026-09-15,23450.0,PE,329.75,329.45,330.85,4965368,19729,-34859,9.06
2026-09-15 15:23:57,23172.35,2026-09-15,23500.0,CE,0.5,0.45,0.5,14413605,329957,186881,13.53
2026-09-15 15:23:57,23172.35,2026-09-15,23500.0,PE,380.1,379.3,380.65,4570419,34133,-31184,10.58
2026-09-15 15:23:57,23172.35,2026-09-15,23550.0,CE,0.3,0.25,0.3,7999173,141627,66539,14.56
2026-09-15 15:23:57,23172.35,2026-09-15,23550.0,PE,430.1,427.95,429.6,1254974,7060,-7099,
2026-09-15 15:23:57,23172.35,2026-09-15,23600.0,CE,0.3,0.3,0.35,7545340,204549,82966,15.59
2026-09-15 15:23:57,23172.35,2026-09-15,23600.0,PE,482.55,479.6,481.4,995723,10337,-11059,
2026-09-15 15:23:57,23172.35,2026-09-15,23650.0,CE,0.3,0.3,0.35,4988265,109520,33001,16.78
2026-09-15 15:23:57,23172.35,2026-09-15,23650.0,PE,530.9,526.95,529.45,259843,5120,-3023,
2026-09-15 15:24:57,23172.35,2026-09-15,22650.0,CE,473.75,489.4,497.75,132,46,28,29.04
2026-09-15 15:24:57,23172.35,2026-09-15,22650.0,PE,0.2,0.2,0.25,503301,25086,4880,18.37
2026-09-15 15:24:57,23172.35,2026-09-15,22700.0,CE,433.95,431.1,433.15,3275,814,152,23.74
2026-09-15 15:24:57,23172.35,2026-09-15,22700.0,PE,0.2,0.15,0.2,1269690,89963,12813,16.99
2026-09-15 15:24:57,23172.35,2026-09-15,22750.0,CE,382.75,389.15,392.0,1289,443,144,
2026-09-15 15:24:57,23172.35,2026-09-15,22750.0,PE,0.2,0.2,0.25,959575,41235,2063,15.25
2026-09-15 15:24:57,23172.35,2026-09-15,22800.0,CE,345.0,343.65,345.0,12779,2591,1250,
2026-09-15 15:24:57,23172.35,2026-09-15,22800.0,PE,0.25,0.25,0.3,2038245,123816,25444,14.33
2026-09-15 15:24:57,23172.35,2026-09-15,22850.0,CE,288.95,288.8,289.85,10016,1840,1341,
2026-09-15 15:24:57,23172.35,2026-09-15,22850.0,PE,0.4,0.4,0.45,1536407,60196,8342,13.65
2026-09-15 15:24:57,23172.35,2026-09-15,22900.0,CE,245.75,245.7,246.65,39328,4457,2986,
2026-09-15 15:24:57,23172.35,2026-09-15,22900.0,PE,0.45,0.45,0.5,3784887,124957,20538,12.5
2026-09-15 15:24:57,23172.35,2026-09-15,22950.0,CE,184.8,184.65,185.45,51864,5419,4452,
2026-09-15 15:24:57,23172.35,2026-09-15,22950.0,PE,0.6,0.55,0.6,3369456,110354,55927,11.0
2026-09-15 15:24:57,23172.35,2026-09-15,23000.0,CE,139.45,139.2,139.6,334227,32858,26881,
2026-09-15 15:24:57,23172.35,2026-09-15,23000.0,PE,0.55,0.55,0.6,8132811,328877,138736,9.36
2026-09-15 15:24:57,23172.35,2026-09-15,23050.0,CE,96.5,96.5,97.05,289192,30592,28662,
2026-09-15 15:24:57,23172.35,2026-09-15,23050.0,PE,1.6,1.55,1.6,7178639,257217,207783,7.83
2026-09-15 15:24:57,23172.35,2026-09-15,23100.0,CE,49.0,48.8,48.95,1307686,105251,99700,5.91
2026-09-15 15:24:57,23172.35,2026-09-15,23100.0,PE,10.2,10.2,10.3,11975696,288061,166556,7.86
2026-09-15 15:24:57,23172.35,2026-09-15,23150.0,CE,22.9,22.75,22.8,2472371,169611,165486,6.7
2026-09-15 15:24:57,23172.35,2026-09-15,23150.0,PE,31.5,31.5,31.7,12883765,176115,110344,7.9
2026-09-15 15:24:57,23172.35,2026-09-15,23200.0,CE,7.1,7.1,7.15,7258538,365338,347471,7.13
2026-09-15 15:24:57,23172.35,2026-09-15,23200.0,PE,68.85,68.8,69.1,17610085,154173,-15643,7.64
2026-09-15 15:24:57,23172.35,2026-09-15,23250.0,CE,1.85,1.85,1.9,8470503,300665,279082,7.4
2026-09-15 15:24:57,23172.35,2026-09-15,23250.0,PE,107.4,107.3,107.5,14106582,59544,-64127,8.91
2026-09-15 15:24:57,23172.35,2026-09-15,23300.0,CE,0.5,0.45,0.5,14898721,379676,336952,7.91
2026-09-15 15:24:57,23172.35,2026-09-15,23300.0,PE,165.65,165.5,165.65,17609088,71836,-140507,9.76
2026-09-15 15:24:57,23172.35,2026-09-15,23350.0,CE,0.35,0.3,0.35,13756354,260497,227825,8.65
2026-09-15 15:24:57,23172.35,2026-09-15,23350.0,PE,211.3,211.3,212.05,10731447,31868,-61737,11.65
2026-09-15 15:24:57,23172.35,2026-09-15,23400.0,CE,0.25,0.25,0.3,15450927,309155,214399,10.38
2026-09-15 15:24:57,23172.35,2026-09-15,23400.0,PE,255.95,255.0,255.45,9388116,47881,-90422,14.44
2026-09-15 15:24:57,23172.35,2026-09-15,23450.0,CE,0.25,0.25,0.3,11069588,169450,107318,12.02
2026-09-15 15:24:57,23172.35,2026-09-15,23450.0,PE,311.15,311.85,312.75,4966801,19510,-35078,15.84
2026-09-15 15:24:57,23172.35,2026-09-15,23500.0,CE,0.3,0.25,0.3,14479687,306309,163233,13.56
2026-09-15 15:24:57,23172.35,2026-09-15,23500.0,PE,356.0,356.0,356.25,4572021,34082,-31235,16.56
2026-09-15 15:24:57,23172.35,2026-09-15,23550.0,CE,0.25,0.2,0.25,8024257,137773,62685,15.06
2026-09-15 15:24:57,23172.35,2026-09-15,23550.0,PE,413.45,409.95,411.2,1255396,7056,-7103,18.64
2026-09-15 15:24:57,23172.35,2026-09-15,23600.0,CE,0.3,0.25,0.3,7569058,198062,76479,16.48
2026-09-15 15:24:57,23172.35,2026-09-15,23600.0,PE,453.45,453.85,456.3,996090,10289,-11107,21.09
2026-09-15 15:24:57,23172.35,2026-09-15,23650.0,CE,0.2,0.2,0.25,5002890,105504,28985,17.37
2026-09-15 15:24:57,23172.35,2026-09-15,23650.0,PE,516.9,511.4,515.2,259949,5101,-3042,25.04
2026-09-15 15:25:58,23172.35,2026-09-15,22650.0,CE,473.75,482.8,499.05,132,46,28,22.06
2026-09-15 15:25:58,23172.35,2026-09-15,22650.0,PE,0.2,0.2,0.25,503633,25086,4880,16.72
2026-09-15 15:25:58,23172.35,2026-09-15,22700.0,CE,441.7,431.0,435.55,3297,814,152,22.07
2026-09-15 15:25:58,23172.35,2026-09-15,22700.0,PE,0.2,0.15,0.2,1270026,89963,12813,15.86
2026-09-15 15:25:58,23172.35,2026-09-15,22750.0,CE,383.5,386.15,390.65,1314,443,144,23.22
2026-09-15 15:25:58,23172.35,2026-09-15,22750.0,PE,0.2,0.2,0.25,961354,41235,2063,14.6
2026-09-15 15:25:58,23172.35,2026-09-15,22800.0,CE,336.4,335.1,338.1,12910,2591,1250,17.14
2026-09-15 15:25:58,23172.35,2026-09-15,22800.0,PE,0.25,0.25,0.3,2041318,123816,25444,13.76
2026-09-15 15:25:58,23172.35,2026-09-15,22850.0,CE,283.85,283.3,284.55,10240,1840,1341,15.7
2026-09-15 15:25:58,23172.35,2026-09-15,22850.0,PE,0.35,0.35,0.4,1539027,60196,8342,12.76
2026-09-15 15:25:58,23172.35,2026-09-15,22900.0,CE,235.15,234.15,234.65,39694,4457,2986,13.77
2026-09-15 15:25:58,23172.35,2026-09-15,22900.0,PE,0.35,0.35,0.4,3789893,124957,20538,11.67
2026-09-15 15:25:58,23172.35,2026-09-15,22950.0,CE,182.65,182.35,183.2,52892,5419,4452,12.67
2026-09-15 15:25:58,23172.35,2026-09-15,22950.0,PE,0.4,0.4,0.45,3382400,110354,55927,10.96
2026-09-15 15:25:58,23172.35,2026-09-15,23000.0,CE,135.95,135.95,136.45,339820,32858,26881,11.24
2026-09-15 15:25:58,23172.35,2026-09-15,23000.0,PE,0.4,0.4,0.45,8178898,328877,138736,10.49
2026-09-15 15:25:58,23172.35,2026-09-15,23050.0,CE,86.35,85.7,86.3,293775,30592,28662,10.71
2026-09-15 15:25:58,23172.35,2026-09-15,23050.0,PE,0.9,0.9,0.95,7254273,257217,207783,10.02
2026-09-15 15:25:58,23172.35,2026-09-15,23100.0,CE,44.95,45.0,45.25,1330898,105251,99700,10.25
2026-09-15 15:25:58,23172.35,2026-09-15,23100.0,PE,9.55,9.5,9.65,12049871,288061,166556,9.89
2026-09-15 15:25:58,23172.35,2026-09-15,23150.0,CE,17.75,17.5,17.6,2496991,169611,165486,10.02
2026-09-15 15:25:58,23172.35,2026-09-15,23150.0,PE,33.7,33.45,33.6,12913169,176115,110344,9.83
2026-09-15 15:25:58,23172.35,2026-09-15,23200.0,CE,5.9,5.85,5.9,7304522,365338,347471,10.01
2026-09-15 15:25:58,23172.35,2026-09-15,23200.0,PE,72.75,72.1,72.45,17628558,154173,-15643,9.79
2026-09-15 15:25:58,23172.35,2026-09-15,23250.0,CE,1.45,1.4,1.45,8496847,300665,279082,10.09
2026-09-15 15:25:58,23172.35,2026-09-15,23250.0,PE,116.2,115.6,116.05,14109652,59544,-64127,9.82
2026-09-15 15:25:58,23172.35,2026-09-15,23300.0,CE,0.45,0.4,0.45,14913623,379676,336952,10.34
2026-09-15 15:25:58,23172.35,2026-09-15,23300.0,PE,167.55,167.5,168.1,17612750,71836,-140507,9.77
2026-09-15 15:25:58,23172.35,2026-09-15,23350.0,CE,0.25,0.25,0.3,13764480,260497,227825,10.82
2026-09-15 15:25:58,23172.35,2026-09-15,23350.0,PE,219.05,218.45,219.05,10732289,31868,-61737,10.18
2026-09-15 15:25:58,23172.35,2026-09-15,23400.0,CE,0.3,0.25,0.3,15456235,309155,214399,11.58
2026-09-15 15:25:58,23172.35,2026-09-15,23400.0,PE,262.95,265.05,265.9,9388512,47881,-90422,10.09
2026-09-15 15:25:58,23172.35,2026-09-15,23450.0,CE,0.25,0.25,0.3,11073205,169450,107318,12.55
2026-09-15 15:25:58,23172.35,2026-09-15,23450.0,PE,315.15,314.4,315.55,4967257,19510,-35078,9.06
2026-09-15 15:25:58,23172.35,2026-09-15,23500.0,CE,0.25,0.25,0.3,14484765,306309,163233,13.53
2026-09-15 15:25:58,23172.35,2026-09-15,23500.0,PE,362.6,364.45,365.7,4572573,34082,-31235,10.58
2026-09-15 15:25:58,23172.35,2026-09-15,23550.0,CE,0.2,0.2,0.25,8027770,137773,62685,14.56
2026-09-15 15:25:58,23172.35,2026-09-15,23550.0,PE,421.6,415.65,417.55,1255456,7056,-7103,
2026-09-15 15:25:58,23172.35,2026-09-15,23600.0,CE,0.25,0.2,0.25,7571118,198062,76479,15.59
2026-09-15 15:25:58,23172.35,2026-09-15,23600.0,PE,466.1,464.25,465.95,996122,10289,-11107,
2026-09-15 15:25:58,23172.35,2026-09-15,23650.0,CE,0.2,0.2,0.25,5004329,105504,28985,16.78
2026-09-15 15:25:58,23172.35,2026-09-15,23650.0,PE,517.75,515.55,518.0,260318,5101,-3042,
2026-09-15 15:26:58,23172.35,2026-09-15,22650.0,CE,473.75,488.2,491.7,132,46,28,22.06
2026-09-15 15:26:58,23172.35,2026-09-15,22650.0,PE,0.1,0.05,0.1,509021,25771,5565,16.72
2026-09-15 15:26:58,23172.35,2026-09-15,22700.0,CE,449.95,438.9,441.35,3324,791,129,22.07
2026-09-15 15:26:58,23172.35,2026-09-15,22700.0,PE,0.15,0.15,0.2,1276012,88461,11311,15.86
2026-09-15 15:26:58,23172.35,2026-09-15,22750.0,CE,391.9,390.45,392.45,1358,425,126,23.22
2026-09-15 15:26:58,23172.35,2026-09-15,22750.0,PE,0.15,0.15,0.2,968531,41293,2121,14.6
2026-09-15 15:26:58,23172.35,2026-09-15,22800.0,CE,341.6,340.45,341.85,13590,2280,939,17.14
2026-09-15 15:26:58,23172.35,2026-09-15,22800.0,PE,0.15,0.1,0.15,2053021,123423,25051,13.76
2026-09-15 15:26:58,23172.35,2026-09-15,22850.0,CE,290.8,290.8,291.75,10818,1574,1075,15.7
2026-09-15 15:26:58,23172.35,2026-09-15,22850.0,PE,0.15,0.15,0.2,1552730,56825,4971,12.76
2026-09-15 15:26:58,23172.35,2026-09-15,22900.0,CE,242.3,242.05,242.9,41197,3702,2231,13.77
2026-09-15 15:26:58,23172.35,2026-09-15,22900.0,PE,0.15,0.15,0.2,3824412,118156,13737,11.67
2026-09-15 15:26:58,23172.35,2026-09-15,22950.0,CE,191.55,190.4,191.05,56040,4227,3260,12.67
2026-09-15 15:26:58,23172.35,2026-09-15,22950.0,PE,0.15,0.15,0.2,3435770,92396,37969,10.96
2026-09-15 15:26:58,23172.35,2026-09-15,23000.0,CE,140.5,140.3,140.65,354817,22769,16792,11.24
2026-09-15 15:26:58,23172.35,2026-09-15,23000.0,PE,0.35,0.3,0.35,8315348,276962,86821,10.49
2026-09-15 15:26:58,23172.35,2026-09-15,23050.0,CE,91.15,91.15,91.4,315469,30495,28565,10.71
2026-09-15 15:26:58,23172.35,2026-09-15,23050.0,PE,0.55,0.55,0.6,7546497,234698,185264,10.02
2026-09-15 15:26:58,23172.35,2026-09-15,23100.0,CE,46.2,46.2,46.35,1411838,94188,88637,10.25
2026-09-15 15:26:58,23172.35,2026-09-15,23100.0,PE,5.6,5.55,5.6,12400496,337944,216439,9.89
2026-09-15 15:26:58,23172.35,2026-09-15,23150.0,CE,17.95,17.8,17.95,2635438,210340,206215,10.02
2026-09-15 15:26:58,23172.35,2026-09-15,23150.0,PE,26.95,26.7,26.85,13060194,191008,125237,9.83
2026-09-15 15:26:58,23172.35,2026-09-15,23200.0,CE,5.3,5.25,5.3,7514187,411941,394074,10.01
2026-09-15 15:26:58,23172.35,2026-09-15,23200.0,PE,64.6,64.55,64.8,17698135,149526,-20290,9.79
2026-09-15 15:26:58,23172.35,2026-09-15,23250.0,CE,0.55,0.55,0.6,8665390,282168,260585,10.09
2026-09-15 15:26:58,23172.35,2026-09-15,23250.0,PE,108.25,108.35,108.7,14129136,59540,-64131,9.82
2026-09-15 15:26:58,23172.35,2026-09-15,23300.0,CE,0.25,0.2,0.25,15017250,362660,319936,10.34
2026-09-15 15:26:58,23172.35,2026-09-15,23300.0,PE,159.8,159.6,159.8,17625867,72018,-140325,9.77
2026-09-15 15:26:58,23172.35,2026-09-15,23350.0,CE,0.25,0.2,0.25,13808033,239850,207178,10.82
2026-09-15 15:26:58,23172.35,2026-09-15,23350.0,PE,210.05,210.15,210.75,10734952,30794,-62811,10.18
2026-09-15 15:26:58,23172.35,2026-09-15,23400.0,CE,0.25,0.2,0.25,15501649,274751,179995,11.58
2026-09-15 15:26:58,23172.35,2026-09-15,23400.0,PE,260.2,259.5,260.2,9390898,47064,-91239,10.09
2026-09-15 15:26:58,23172.35,2026-09-15,23450.0,CE,0.25,0.2,0.25,11106271,150514,88382,12.55
2026-09-15 15:26:58,23172.35,2026-09-15,23450.0,PE,310.75,309.8,310.65,4968100,18745,-35843,9.06
2026-09-15 15:26:58,23172.35,2026-09-15,23500.0,CE,0.25,0.25,0.3,14529751,283700,140624,13.53
2026-09-15 15:26:58,23172.35,2026-09-15,23500.0,PE,359.2,358.4,359.5,4573808,33076,-32241,10.58
2026-09-15 15:26:58,23172.35,2026-09-15,23550.0,CE,0.2,0.2,0.25,8045171,125814,50726,14.56
2026-09-15 15:26:58,23172.35,2026-09-15,23550.0,PE,407.6,409.1,410.05,1255746,6952,-7207,
2026-09-15 15:26:58,23172.35,2026-09-15,23600.0,CE,0.2,0.2,0.25,7586717,192662,71079,15.59
2026-09-15 15:26:58,23172.35,2026-09-15,23600.0,PE,459.7,456.8,459.25,996722,10216,-11180,
2026-09-15 15:26:58,23172.35,2026-09-15,23650.0,CE,0.2,0.2,0.25,5023041,95994,19475,16.78
2026-09-15 15:26:58,23172.35,2026-09-15,23650.0,PE,507.0,508.75,510.45,261018,4451,-3692,
2026-09-15 15:27:58,23172.35,2026-09-15,22650.0,CE,469.6,466.3,475.85,135,47,29,22.06
2026-09-15 15:27:58,23172.35,2026-09-15,22650.0,PE,0.1,0.05,0.1,511744,25771,5565,16.72
2026-09-15 15:27:58,23172.35,2026-09-15,22700.0,CE,420.55,414.3,420.55,3365,788,126,22.07
2026-09-15 15:27:58,23172.35,2026-09-15,22700.0,PE,0.1,0.1,0.15,1286475,88461,11311,15.86
2026-09-15 15:27:58,23172.35,2026-09-15,22750.0,CE,371.85,366.8,371.05,1373,425,126,23.22
2026-09-15 15:27:58,23172.35,2026-09-15,22750.0,PE,0.1,0.1,0.15,973732,41508,2336,14.6
2026-09-15 15:27:58,23172.35,2026-09-15,22800.0,CE,319.45,321.25,323.05,14275,2280,939,17.14
2026-09-15 15:27:58,23172.35,2026-09-15,22800.0,PE,0.1,0.1,0.15,2063687,123423,25051,13.76
2026-09-15 15:27:58,23172.35,2026-09-15,22850.0,CE,272.05,271.05,272.15,11564,1574,1075,15.7
2026-09-15 15:27:58,23172.35,2026-09-15,22850.0,PE,0.1,0.1,0.15,1561895,56825,4971,12.76
2026-09-15 15:27:58,23172.35,2026-09-15,22900.0,CE,223.6,223.6,223.95,43390,3702,2231,13.77
2026-09-15 15:27:58,23172.35,2026-09-15,22900.0,PE,0.15,0.1,0.15,3841366,118156,13737,11.67
2026-09-15 15:27:58,23172.35,2026-09-15,22950.0,CE,170.25,168.45,169.2,60161,4227,3260,12.67
2026-09-15 15:27:58,23172.35,2026-09-15,22950.0,PE,0.15,0.15,0.2,3460040,92396,37969,10.96
2026-09-15 15:27:58,23172.35,2026-09-15,23000.0,CE,119.6,119.6,119.8,376555,22769,16792,11.24
2026-09-15 15:27:58,23172.35,2026-09-15,23000.0,PE,0.15,0.15,0.2,8415461,276962,86821,10.49
2026-09-15 15:27:58,23172.35,2026-09-15,23050.0,CE,71.0,71.3,71.35,356275,30495,28565,10.71
2026-09-15 15:27:58,23172.35,2026-09-15,23050.0,PE,0.25,0.25,0.3,7776931,234698,185264,10.02
2026-09-15 15:27:58,23172.35,2026-09-15,23100.0,CE,27.15,26.95,27.1,1599179,109110,103559,10.25
2026-09-15 15:27:58,23172.35,2026-09-15,23100.0,PE,7.55,7.45,7.55,12984609,350189,228684,9.89
2026-09-15 15:27:58,23172.35,2026-09-15,23150.0,CE,5.95,5.95,6.05,3031222,210340,206215,10.02
2026-09-15 15:27:58,23172.35,2026-09-15,23150.0,PE,37.65,37.6,38.0,13375534,191008,125237,9.83
2026-09-15 15:27:58,23172.35,2026-09-15,23200.0,CE,1.35,1.35,1.4,8229692,411941,394074,10.01
2026-09-15 15:27:58,23172.35,2026-09-15,23200.0,PE,82.75,82.05,82.65,17829351,149526,-20290,9.79
2026-09-15 15:27:58,23172.35,2026-09-15,23250.0,CE,0.5,0.45,0.5,8846366,282168,260585,10.09
2026-09-15 15:27:58,23172.35,2026-09-15,23250.0,PE,128.05,127.45,128.1,14162793,59540,-64131,9.82
2026-09-15 15:27:58,23172.35,2026-09-15,23300.0,CE,0.15,0.15,0.2,15100642,362660,319936,10.34
2026-09-15 15:27:58,23172.35,2026-09-15,23300.0,PE,180.75,180.8,181.3,17645743,72018,-140325,9.77
2026-09-15 15:27:58,23172.35,2026-09-15,23350.0,CE,0.15,0.15,0.2,13854816,239850,207178,10.82
2026-09-15 15:27:58,23172.35,2026-09-15,23350.0,PE,229.7,230.75,231.35,10740271,30794,-62811,10.18
2026-09-15 15:27:58,23172.35,2026-09-15,23400.0,CE,0.15,0.15,0.2,15556222,274751,179995,11.58
2026-09-15 15:27:58,23172.35,2026-09-15,23400.0,PE,279.3,279.1,279.9,9398791,47064,-91239,10.09
2026-09-15 15:27:58,23172.35,2026-09-15,23450.0,CE,0.15,0.15,0.2,11133657,141537,79405,12.55
2026-09-15 15:27:58,23172.35,2026-09-15,23450.0,PE,331.8,330.65,331.65,4970314,18559,-36029,9.06
2026-09-15 15:27:58,23172.35,2026-09-15,23500.0,CE,0.15,0.1,0.15,14580038,283700,140624,13.53
2026-09-15 15:27:58,23172.35,2026-09-15,23500.0,PE,382.5,381.45,382.7,4575621,33076,-32241,10.58
2026-09-15 15:27:58,23172.35,2026-09-15,23550.0,CE,0.15,0.15,0.2,8060133,125814,50726,14.56
2026-09-15 15:27:58,23172.35,2026-09-15,23550.0,PE,431.0,428.1,429.8,1256510,6952,-7207,
2026-09-15 15:27:58,23172.35,2026-09-15,23600.0,CE,0.15,0.15,0.2,7606971,192662,71079,15.59
2026-09-15 15:27:58,23172.35,2026-09-15,23600.0,PE,478.85,475.45,477.4,997280,10216,-11180,
2026-09-15 15:27:58,23172.35,2026-09-15,23650.0,CE,0.2,0.15,0.2,5032657,95994,19475,16.78
2026-09-15 15:27:58,23172.35,2026-09-15,23650.0,PE,527.9,529.2,532.85,261412,4451,-3692,
2026-09-15 15:28:59,23172.35,2026-09-15,22650.0,CE,469.6,479.0,485.05,135,47,29,29.04
2026-09-15 15:28:59,23172.35,2026-09-15,22650.0,PE,0.05,0.05,0.1,513670,25550,5344,18.37
2026-09-15 15:28:59,23172.35,2026-09-15,22700.0,CE,428.7,429.0,431.75,3395,784,122,23.74
2026-09-15 15:28:59,23172.35,2026-09-15,22700.0,PE,0.05,,0.05,1318126,86925,9775,16.99
2026-09-15 15:28:59,23172.35,2026-09-15,22750.0,CE,383.55,375.35,380.85,1395,424,125,
2026-09-15 15:28:59,23172.35,2026-09-15,22750.0,PE,0.05,0.05,0.1,982120,41508,2336,15.25
2026-09-15 15:28:59,23172.35,2026-09-15,22800.0,CE,331.05,328.1,329.9,14859,2295,954,
2026-09-15 15:28:59,23172.35,2026-09-15,22800.0,PE,0.05,,0.05,2090202,121091,22719,14.33
2026-09-15 15:28:59,23172.35,2026-09-15,22850.0,CE,281.0,278.95,280.1,12295,1556,1057,
2026-09-15 15:28:59,23172.35,2026-09-15,22850.0,PE,0.1,0.1,0.15,1571772,54182,2328,13.65
2026-09-15 15:28:59,23172.35,2026-09-15,22900.0,CE,226.8,225.95,226.65,45552,3712,2241,
2026-09-15 15:28:59,23172.35,2026-09-15,22900.0,PE,0.1,0.1,0.15,3858148,115158,10739,12.5
2026-09-15 15:28:59,23172.35,2026-09-15,22950.0,CE,176.3,175.6,176.25,63024,4094,3127,
2026-09-15 15:28:59,23172.35,2026-09-15,22950.0,PE,0.15,0.1,0.15,3488114,87028,32601,11.0
2026-09-15 15:28:59,23172.35,2026-09-15,23000.0,CE,127.8,127.8,128.1,396914,22793,16816,
2026-09-15 15:28:59,23172.35,2026-09-15,23000.0,PE,0.05,0.05,0.1,8540882,256073,65932,9.36
2026-09-15 15:28:59,23172.35,2026-09-15,23050.0,CE,81.4,81.45,82.0,398623,29210,27280,
2026-09-15 15:28:59,23172.35,2026-09-15,23050.0,PE,0.15,0.15,0.2,8022494,216993,167559,7.83
2026-09-15 15:28:59,23172.35,2026-09-15,23100.0,CE,31.2,31.05,31.2,1837450,109110,103559,5.91
2026-09-15 15:28:59,23172.35,2026-09-15,23100.0,PE,1.3,1.3,1.35,14288244,350189,228684,7.86
2026-09-15 15:28:59,23172.35,2026-09-15,23150.0,CE,5.2,5.15,5.25,3524744,246323,242198,6.7
2026-09-15 15:28:59,23172.35,2026-09-15,23150.0,PE,26.1,26.05,26.2,13744171,210082,144311,7.9
2026-09-15 15:28:59,23172.35,2026-09-15,23200.0,CE,0.85,0.85,0.9,9901067,401213,383346,7.13
2026-09-15 15:28:59,23172.35,2026-09-15,23200.0,PE,71.05,71.0,71.25,17941238,140901,-28915,7.64
2026-09-15 15:28:59,23172.35,2026-09-15,23250.0,CE,0.25,0.25,0.3,8992524,270933,249350,7.4
2026-09-15 15:28:59,23172.35,2026-09-15,23250.0,PE,123.25,123.0,123.45,14198458,56661,-67010,8.91
2026-09-15 15:28:59,23172.35,2026-09-15,23300.0,CE,0.05,0.05,0.1,15208873,354879,312155,7.91
2026-09-15 15:28:59,23172.35,2026-09-15,23300.0,PE,173.35,173.4,173.8,17663558,71036,-141307,9.76
2026-09-15 15:28:59,23172.35,2026-09-15,23350.0,CE,0.05,0.05,0.1,13909942,233298,200626,8.65
2026-09-15 15:28:59,23172.35,2026-09-15,23350.0,PE,221.65,221.6,222.2,10744987,30502,-63103,11.65
2026-09-15 15:28:59,23172.35,2026-09-15,23400.0,CE,0.15,0.1,0.15,15618425,263778,169022,10.38
2026-09-15 15:28:59,23172.35,2026-09-15,23400.0,PE,269.3,268.65,269.2,9404949,46512,-91791,14.44
2026-09-15 15:28:59,23172.35,2026-09-15,23450.0,CE,0.15,0.1,0.15,11170979,141537,79405,12.02
2026-09-15 15:28:59,23172.35,2026-09-15,23450.0,PE,319.8,320.75,321.7,4971996,18559,-36029,15.84
2026-09-15 15:28:59,23172.35,2026-09-15,23500.0,CE,0.1,0.1,0.15,14646722,260765,117689,13.56
2026-09-15 15:28:59,23172.35,2026-09-15,23500.0,PE,369.55,370.15,371.2,4577148,32844,-32473,16.56
2026-09-15 15:28:59,23172.35,2026-09-15,23550.0,CE,0.05,0.05,0.1,8087437,121267,46179,15.06
2026-09-15 15:28:59,23172.35,2026-09-15,23550.0,PE,420.0,419.15,420.0,1257408,6837,-7322,18.64
2026-09-15 15:28:59,23172.35,2026-09-15,23600.0,CE,0.1,0.1,0.15,7633466,188193,66610,16.48
2026-09-15 15:28:59,23172.35,2026-09-15,23600.0,PE,473.0,472.0,473.8,997793,10117,-11279,21.09
2026-09-15 15:28:59,23172.35,2026-09-15,23650.0,CE,0.15,0.1,0.15,5053292,96733,20214,17.37
2026-09-15 15:28:59,23172.35,2026-09-15,23650.0,PE,519.15,522.35,525.35,261688,4435,-3708,25.04
2026-09-15 15:29:59,23118.6,2026-09-15,22600.0,CE,518.05,518.05,519.15,624,148,53,30.49
2026-09-15 15:29:59,23118.6,2026-09-15,22600.0,PE,0.05,,0.05,1089762,67863,11426,17.73
2026-09-15 15:29:59,23118.6,2026-09-15,22650.0,CE,471.55,467.9,469.55,137,50,32,22.06
2026-09-15 15:29:59,23118.6,2026-09-15,22650.0,PE,0.05,,0.05,519303,23618,3412,16.72
2026-09-15 15:29:59,23118.6,2026-09-15,22700.0,CE,418.4,418.35,419.15,3418,747,85,22.07
2026-09-15 15:29:59,23118.6,2026-09-15,22700.0,PE,0.05,,0.05,1319306,82423,5273,15.86
2026-09-15 15:29:59,23118.6,2026-09-15,22750.0,CE,368.4,368.4,368.95,1415,409,110,23.22
2026-09-15 15:29:59,23118.6,2026-09-15,22750.0,PE,0.05,0.05,0.1,993388,41722,2550,14.6
2026-09-15 15:29:59,23118.6,2026-09-15,22800.0,CE,319.0,318.15,319.0,15500,2152,811,17.14
2026-09-15 15:29:59,23118.6,2026-09-15,22800.0,PE,0.05,,0.05,2094187,113840,15468,13.76
2026-09-15 15:29:59,23118.6,2026-09-15,22850.0,CE,269.1,268.25,269.0,12631,1528,1029,15.7
2026-09-15 15:29:59,23118.6,2026-09-15,22850.0,PE,0.1,0.05,0.1,1590752,53577,1723,12.76
2026-09-15 15:29:59,23118.6,2026-09-15,22900.0,CE,218.55,218.6,218.85,46910,3175,1704,13.77
2026-09-15 15:29:59,23118.6,2026-09-15,22900.0,PE,0.05,0.05,0.1,3887325,111081,6662,11.67
2026-09-15 15:29:59,23118.6,2026-09-15,22950.0,CE,168.3,168.3,168.8,65198,4283,3316,12.67
2026-09-15 15:29:59,23118.6,2026-09-15,22950.0,PE,0.05,0.05,0.1,3514160,81092,26665,10.96
2026-09-15 15:29:59,23118.6,2026-09-15,23000.0,CE,118.7,118.4,118.75,410548,20303,14326,11.24
2026-09-15 15:29:59,23118.6,2026-09-15,23000.0,PE,0.05,,0.05,8605441,215200,25059,10.49
2026-09-15 15:29:59,23118.6,2026-09-15,23050.0,CE,68.5,68.55,68.8,425537,29053,27123,10.71
2026-09-15 15:29:59,23118.6,2026-09-15,23050.0,PE,0.05,0.05,0.1,8148417,170151,120717,10.02
2026-09-15 15:29:59,23118.6,2026-09-15,23100.0,CE,18.8,18.75,18.8,2089640,120175,114624,10.25
2026-09-15 15:29:59,23118.6,2026-09-15,23100.0,PE,0.05,0.05,0.1,15184067,358556,237051,9.89
2026-09-15 15:29:59,23118.6,2026-09-15,23150.0,CE,0.05,0.05,0.1,4260234,303495,299370,10.02
2026-09-15 15:29:59,23118.6,2026-09-15,23150.0,PE,31.35,31.35,31.4,14033726,209916,144145,9.83
2026-09-15 15:29:59,23118.6,2026-09-15,23200.0,CE,0.1,0.05,0.1,10569988,377575,359708,10.01
2026-09-15 15:29:59,23118.6,2026-09-15,23200.0,PE,81.25,81.25,81.4,18033218,143149,-26667,9.79
2026-09-15 15:29:59,23118.6,2026-09-15,23250.0,CE,0.1,0.05,0.1,9136093,243217,221634,10.09
2026-09-15 15:29:59,23118.6,2026-09-15,23250.0,PE,131.15,131.15,131.5,14221339,52770,-70901,9.82
2026-09-15 15:29:59,23118.6,2026-09-15,23300.0,CE,0.05,,0.05,15299624,331701,288977,10.34
2026-09-15 15:29:59,23118.6,2026-09-15,23300.0,PE,181.5,181.3,181.5,17678318,67927,-144416,9.77
2026-09-15 15:29:59,23118.6,2026-09-15,23350.0,CE,0.05,,0.05,13956197,218301,185629,10.82
2026-09-15 15:29:59,23118.6,2026-09-15,23350.0,PE,231.85,231.65,231.8,10750017,30305,-63300,10.18
2026-09-15 15:29:59,23118.6,2026-09-15,23400.0,CE,0.1,0.05,0.1,15679552,249271,154515,11.58
2026-09-15 15:29:59,23118.6,2026-09-15,23400.0,PE,281.3,281.3,281.95,9409103,45833,-92470,10.09
2026-09-15 15:29:59,23118.6,2026-09-15,23450.0,CE,0.05,0.05,0.1,11197647,130587,68455,12.55
2026-09-15 15:29:59,23118.6,2026-09-15,23450.0,PE,332.05,331.3,332.0,4973604,18572,-36016,9.06
2026-09-15 15:29:59,23118.6,2026-09-15,23500.0,CE,0.1,0.05,0.1,14683075,245545,102469,13.53
2026-09-15 15:29:59,23118.6,2026-09-15,23500.0,PE,381.55,380.6,381.6,4578936,32348,-32969,10.58
2026-09-15 15:29:59,23118.6,2026-09-15,23550.0,CE,0.05,0.05,0.1,8102477,115163,40075,14.56
2026-09-15 15:29:59,23118.6,2026-09-15,23550.0,PE,431.7,431.0,431.7,1257861,6750,-7409,
2026-09-15 15:29:59,23118.6,2026-09-15,23600.0,CE,0.1,0.05,0.1,7657310,176756,55173,15.59
2026-09-15 15:29:59,23118.6,2026-09-15,23600.0,PE,481.05,481.05,481.7,998426,10100,-11296,
