timestamp,nifty_spot,expiry,strike,option_type,ltp,bid,ask,volume,oi,oi_change,iv
2026-09-08 13:41:22,23646.05,2026-09-08,23150.0,CE,514.35,506.4,508.4,230,91,62,26.73
2026-09-08 13:41:22,23646.05,2026-09-08,23150.0,PE,0.4,0.4,0.45,677871,74244,47218,16.49
2026-09-08 13:41:22,23646.05,2026-09-08,23200.0,CE,459.85,456.5,458.2,1466,472,309,18.04
2026-09-08 13:41:22,23646.05,2026-09-08,23200.0,PE,0.45,0.45,0.5,706625,145751,86068,15.23
2026-09-08 13:41:22,23646.05,2026-09-08,23250.0,CE,404.55,406.05,408.5,1497,476,446,
2026-09-08 13:41:22,23646.05,2026-09-08,23250.0,PE,0.55,0.55,0.6,410805,69934,32481,14.24
2026-09-08 13:41:22,23646.05,2026-09-08,23300.0,CE,358.4,356.9,358.05,7517,1148,823,13.11
2026-09-08 13:41:22,23646.05,2026-09-08,23300.0,PE,0.65,0.65,0.7,909310,155176,84001,12.82
2026-09-08 13:41:22,23646.05,2026-09-08,23350.0,CE,307.8,307.0,307.95,7273,1134,924,14.04
2026-09-08 13:41:22,23646.05,2026-09-08,23350.0,PE,0.8,0.8,0.85,603022,77098,39752,11.56
2026-09-08 13:41:22,23646.05,2026-09-08,23400.0,CE,258.3,257.75,258.55,49602,5765,4869,11.8
2026-09-08 13:41:22,23646.05,2026-09-08,23400.0,PE,1.2,1.2,1.25,1354094,164700,92608,10.69
2026-09-08 13:41:22,23646.05,2026-09-08,23450.0,CE,208.85,208.35,208.8,69012,5529,4930,10.31
2026-09-08 13:41:22,23646.05,2026-09-08,23450.0,PE,1.65,1.6,1.65,2039482,160173,92066,9.34
2026-09-08 13:41:22,23646.05,2026-09-08,23500.0,CE,160.3,159.75,160.15,617075,43657,38432,9.3
2026-09-08 13:41:22,23646.05,2026-09-08,23500.0,PE,3.25,3.2,3.25,4705074,293991,123813,8.57
2026-09-08 13:41:22,23646.05,2026-09-08,23550.0,CE,113.2,113.2,113.5,766041,37847,36004,8.43
2026-09-08 13:41:22,23646.05,2026-09-08,23550.0,PE,6.65,6.6,6.65,6503500,300996,229747,7.86
2026-09-08 13:41:22,23646.05,2026-09-08,23600.0,CE,71.35,71.3,71.4,3714372,196147,186371,7.63
2026-09-08 13:41:22,23646.05,2026-09-08,23600.0,PE,14.9,14.9,14.95,13369696,599190,445203,7.36
2026-09-08 13:41:22,23646.05,2026-09-08,23650.0,CE,38.0,38.0,38.1,7622578,452335,440839,7.24
2026-09-08 13:41:22,23646.05,2026-09-08,23650.0,PE,32.1,32.05,32.15,16811113,508651,390774,7.03
2026-09-08 13:41:22,23646.05,2026-09-08,23700.0,CE,18.5,18.5,18.6,15203412,796256,751015,7.43
2026-09-08 13:41:22,23646.05,2026-09-08,23700.0,PE,62.1,62.1,62.2,15358459,326619,180938,7.12
2026-09-08 13:41:22,23646.05,2026-09-08,23750.0,CE,9.4,9.35,9.4,8701706,469576,388068,8.09
2026-09-08 13:41:22,23646.05,2026-09-08,23750.0,PE,103.0,103.0,103.05,5157087,99514,-11658,7.66
2026-09-08 13:41:22,23646.05,2026-09-08,23800.0,CE,5.15,5.15,5.2,8439256,533749,270442,8.98
2026-09-08 13:41:22,23646.05,2026-09-08,23800.0,PE,149.0,148.6,149.0,3166602,92151,-51714,8.34
2026-09-08 13:41:22,23646.05,2026-09-08,23850.0,CE,3.1,3.1,3.15,3914563,281393,96907,9.99
2026-09-08 13:41:22,23646.05,2026-09-08,23850.0,PE,196.15,196.15,196.7,795113,33746,-19915,8.62
2026-09-08 13:41:22,23646.05,2026-09-08,23900.0,CE,2.15,2.15,2.2,3778934,302117,40608,11.11
2026-09-08 13:41:22,23646.05,2026-09-08,23900.0,PE,246.0,245.35,246.0,526626,32675,-21706,8.69
2026-09-08 13:41:22,23646.05,2026-09-08,23950.0,CE,1.7,1.65,1.7,2270859,197359,38863,12.41
2026-09-08 13:41:22,23646.05,2026-09-08,23950.0,PE,296.0,295.1,295.65,99405,13804,-13077,9.76
2026-09-08 13:41:22,23646.05,2026-09-08,24000.0,CE,1.2,1.2,1.25,2649734,371739,46383,13.47
2026-09-08 13:41:22,23646.05,2026-09-08,24000.0,PE,344.5,343.65,344.75,151644,43235,-17399,11.78
2026-09-08 13:41:22,23646.05,2026-09-08,24050.0,CE,1.05,1.0,1.05,1390168,154606,3166,14.62
2026-09-08 13:41:22,23646.05,2026-09-08,24050.0,PE,394.4,393.85,395.0,15449,6946,-2975,14.8
2026-09-08 13:41:22,23646.05,2026-09-08,24100.0,CE,0.8,0.8,0.85,1625784,209174,-13682,15.7
2026-09-08 13:41:22,23646.05,2026-09-08,24100.0,PE,444.7,443.85,445.3,23122,13764,-4193,17.64
2026-09-08 13:41:22,23646.05,2026-09-08,24150.0,CE,0.75,0.75,0.8,1106415,119615,9609,16.92
2026-09-08 13:41:22,23646.05,2026-09-08,24150.0,PE,493.0,493.0,494.5,5154,5908,-1479,
2026-09-08 13:42:22,23641.75,2026-09-08,23150.0,CE,507.0,504.35,506.0,231,92,63,28.74
2026-09-08 13:42:22,23641.75,2026-09-08,23150.0,PE,0.4,0.4,0.45,678831,74244,47218,16.39
2026-09-08 13:42:22,23641.75,2026-09-08,23200.0,CE,459.85,454.5,456.1,1466,472,309,21.9
2026-09-08 13:42:22,23641.75,2026-09-08,23200.0,PE,0.45,0.45,0.5,707053,145751,86068,15.13
2026-09-08 13:42:22,23641.75,2026-09-08,23250.0,CE,408.4,403.9,406.0,1499,475,445,19.66
2026-09-08 13:42:22,23641.75,2026-09-08,23250.0,PE,0.55,0.55,0.6,410947,69934,32481,13.98
2026-09-08 13:42:22,23641.75,2026-09-08,23300.0,CE,356.0,354.85,356.0,7533,1148,823,17.66
2026-09-08 13:42:22,23641.75,2026-09-08,23300.0,PE,0.65,0.65,0.7,909894,155176,84001,12.71
2026-09-08 13:42:22,23641.75,2026-09-08,23350.0,CE,305.0,305.0,305.95,7284,1134,924,14.87
2026-09-08 13:42:22,23641.75,2026-09-08,23350.0,PE,0.8,0.8,0.85,603116,77098,39752,11.45
2026-09-08 13:42:22,23641.75,2026-09-08,23400.0,CE,255.85,255.7,256.5,49774,5765,4869,12.93
2026-09-08 13:42:22,23641.75,2026-09-08,23400.0,PE,1.25,1.25,1.3,1354752,164700,92608,10.5
2026-09-08 13:42:22,23641.75,2026-09-08,23450.0,CE,206.1,206.4,206.9,69135,5529,4930,11.29
2026-09-08 13:42:22,23641.75,2026-09-08,23450.0,PE,1.75,1.7,1.75,2041206,160173,92066,9.26
2026-09-08 13:42:22,23641.75,2026-09-08,23500.0,CE,157.8,157.8,158.25,618261,43657,38432,9.94
2026-09-08 13:42:22,23641.75,2026-09-08,23500.0,PE,3.45,3.4,3.45,4712373,293991,123813,8.52
2026-09-08 13:42:22,23641.75,2026-09-08,23550.0,CE,111.95,111.6,111.9,768688,37847,36004,8.68
2026-09-08 13:42:22,23641.75,2026-09-08,23550.0,PE,7.05,7.05,7.1,6517753,300996,229747,7.83
2026-09-08 13:42:22,23641.75,2026-09-08,23600.0,CE,69.95,69.95,70.15,3726293,196147,186371,7.83
2026-09-08 13:42:22,23641.75,2026-09-08,23600.0,PE,15.8,15.75,15.85,13407152,599190,445203,7.32
2026-09-08 13:42:22,23641.75,2026-09-08,23650.0,CE,37.5,37.4,37.5,7644683,452335,440839,7.43
2026-09-08 13:42:22,23641.75,2026-09-08,23650.0,PE,33.7,33.6,33.7,16848141,508651,390774,6.92
2026-09-08 13:42:22,23641.75,2026-09-08,23700.0,CE,18.45,18.4,18.45,15221958,796256,751015,7.54
2026-09-08 13:42:22,23641.75,2026-09-08,23700.0,PE,64.1,63.9,64.1,15379559,326619,180938,7.06
2026-09-08 13:42:22,23641.75,2026-09-08,23750.0,CE,9.3,9.3,9.35,8711999,469576,388068,8.19
2026-09-08 13:42:22,23641.75,2026-09-08,23750.0,PE,105.0,104.85,105.0,5163753,99514,-11658,7.47
2026-09-08 13:42:22,23641.75,2026-09-08,23800.0,CE,5.2,5.2,5.25,8450741,533749,270442,9.11
2026-09-08 13:42:22,23641.75,2026-09-08,23800.0,PE,150.65,150.7,151.0,3169634,92151,-51714,8.27
2026-09-08 13:42:22,23641.75,2026-09-08,23850.0,CE,3.1,3.1,3.15,3921355,281393,96907,10.1
2026-09-08 13:42:22,23641.75,2026-09-08,23850.0,PE,198.75,198.3,198.8,795621,33746,-19915,7.62
2026-09-08 13:42:22,23641.75,2026-09-08,23900.0,CE,2.1,2.1,2.15,3785108,302117,40608,11.24
2026-09-08 13:42:22,23641.75,2026-09-08,23900.0,PE,247.95,247.45,248.05,527017,32675,-21706,
2026-09-08 13:42:22,23641.75,2026-09-08,23950.0,CE,1.6,1.6,1.65,2275249,197359,38863,12.41
2026-09-08 13:42:22,23641.75,2026-09-08,23950.0,PE,298.0,296.95,297.4,99439,13804,-13077,9.15
2026-09-08 13:42:22,23641.75,2026-09-08,24000.0,CE,1.2,1.15,1.2,2658936,371739,46383,13.59
2026-09-08 13:42:22,23641.75,2026-09-08,24000.0,PE,346.9,346.05,346.95,151731,43235,-17399,
2026-09-08 13:42:22,23641.75,2026-09-08,24050.0,CE,1.0,1.0,1.05,1391519,154606,3166,14.73
2026-09-08 13:42:22,23641.75,2026-09-08,24050.0,PE,397.9,396.05,397.3,15456,6946,-2975,
2026-09-08 13:42:22,23641.75,2026-09-08,24100.0,CE,0.85,0.8,0.85,1626551,209174,-13682,15.94
2026-09-08 13:42:22,23641.75,2026-09-08,24100.0,PE,447.25,445.95,447.3,23145,13764,-4193,
2026-09-08 13:42:22,23641.75,2026-09-08,24150.0,CE,0.8,0.75,0.8,1110896,119615,9609,17.18
2026-09-08 13:42:22,23641.75,2026-09-08,24150.0,PE,496.0,495.35,496.9,5158,5908,-1479,
2026-09-08 13:43:22,23644.05,2026-09-08,23150.0,CE,505.9,505.7,507.9,232,93,64,28.74
2026-09-08 13:43:22,23644.05,2026-09-08,23150.0,PE,0.4,0.4,0.45,679890,74277,47251,16.39
2026-09-08 13:43:22,23644.05,2026-09-08,23200.0,CE,458.0,455.6,457.65,1467,473,310,21.9
2026-09-08 13:43:22,23644.05,2026-09-08,23200.0,PE,0.45,0.45,0.5,707738,144522,84839,15.13
2026-09-08 13:43:22,23644.05,2026-09-08,23250.0,CE,407.75,406.45,407.9,1507,475,445,19.66
2026-09-08 13:43:22,23644.05,2026-09-08,23250.0,PE,0.55,0.55,0.6,411486,69972,32519,13.98
2026-09-08 13:43:22,23644.05,2026-09-08,23300.0,CE,357.35,356.55,357.55,7537,1159,834,17.66
2026-09-08 13:43:22,23644.05,2026-09-08,23300.0,PE,0.65,0.65,0.7,910483,155364,84189,12.71
2026-09-08 13:43:22,23644.05,2026-09-08,23350.0,CE,306.5,306.65,307.55,7299,1144,934,14.87
2026-09-08 13:43:22,23644.05,2026-09-08,23350.0,PE,0.85,0.8,0.85,603446,77064,39718,11.45
2026-09-08 13:43:22,23644.05,2026-09-08,23400.0,CE,256.85,257.25,257.95,49910,5806,4910,12.93
2026-09-08 13:43:22,23644.05,2026-09-08,23400.0,PE,1.25,1.25,1.3,1358419,165931,93839,10.5
2026-09-08 13:43:22,23644.05,2026-09-08,23450.0,CE,208.25,207.9,208.5,69280,5654,5055,11.29
2026-09-08 13:43:22,23644.05,2026-09-08,23450.0,PE,1.7,1.65,1.7,2048001,160279,92172,9.26
2026-09-08 13:43:22,23644.05,2026-09-08,23500.0,CE,160.15,159.65,160.05,619344,44238,39013,9.94
2026-09-08 13:43:22,23644.05,2026-09-08,23500.0,PE,3.35,3.3,3.35,4727188,294752,124574,8.52
2026-09-08 13:43:22,23644.05,2026-09-08,23550.0,CE,113.4,113.1,113.35,770940,39341,37498,8.68
2026-09-08 13:43:22,23644.05,2026-09-08,23550.0,PE,6.9,6.85,6.9,6547541,296621,225372,7.83
2026-09-08 13:43:22,23644.05,2026-09-08,23600.0,CE,71.45,71.45,71.65,3738878,203281,193505,7.83
2026-09-08 13:43:22,23644.05,2026-09-08,23600.0,PE,15.4,15.35,15.45,13465595,596462,442475,7.32
2026-09-08 13:43:22,23644.05,2026-09-08,23650.0,CE,38.4,38.35,38.4,7668231,462474,450978,7.43
2026-09-08 13:43:22,23644.05,2026-09-08,23650.0,PE,32.7,32.7,32.8,16902110,507015,389138,6.92
2026-09-08 13:43:22,23644.05,2026-09-08,23700.0,CE,18.9,18.85,18.9,15247893,803152,757911,7.54
2026-09-08 13:43:22,23644.05,2026-09-08,23700.0,PE,62.95,62.7,62.9,15410603,323596,177915,7.06
2026-09-08 13:43:22,23644.05,2026-09-08,23750.0,CE,9.5,9.45,9.5,8728590,469935,388427,8.19
2026-09-08 13:43:22,23644.05,2026-09-08,23750.0,PE,103.75,103.45,103.7,5174729,99013,-12159,7.47
2026-09-08 13:43:22,23644.05,2026-09-08,23800.0,CE,5.3,5.3,5.35,8469904,537005,273698,9.11
2026-09-08 13:43:22,23644.05,2026-09-08,23800.0,PE,149.15,149.2,149.5,3173593,90960,-52905,8.27
2026-09-08 13:43:22,23644.05,2026-09-08,23850.0,CE,3.2,3.15,3.2,3928125,281762,97276,10.1
2026-09-08 13:43:22,23644.05,2026-09-08,23850.0,PE,196.9,196.45,196.95,796215,33642,-20019,7.62
2026-09-08 13:43:22,23644.05,2026-09-08,23900.0,CE,2.2,2.15,2.2,3793608,302933,41424,11.24
2026-09-08 13:43:22,23644.05,2026-09-08,23900.0,PE,246.45,245.75,246.4,527458,32651,-21730,
2026-09-08 13:43:22,23644.05,2026-09-08,23950.0,CE,1.6,1.6,1.65,2279391,197790,39294,12.41
2026-09-08 13:43:22,23644.05,2026-09-08,23950.0,PE,296.0,295.2,295.95,99535,13808,-13073,9.15
2026-09-08 13:43:22,23644.05,2026-09-08,24000.0,CE,1.25,1.2,1.25,2664712,366088,40732,13.59
2026-09-08 13:43:22,23644.05,2026-09-08,24000.0,PE,345.15,345.15,345.4,151857,43249,-17385,
2026-09-08 13:43:22,23644.05,2026-09-08,24050.0,CE,1.05,1.0,1.05,1392844,155062,3622,14.73
2026-09-08 13:43:22,23644.05,2026-09-08,24050.0,PE,395.15,394.4,395.9,15464,6946,-2975,
2026-09-08 13:43:22,23644.05,2026-09-08,24100.0,CE,0.85,0.85,0.9,1631180,207368,-15488,15.94
2026-09-08 13:43:22,23644.05,2026-09-08,24100.0,PE,444.4,444.65,445.95,23208,13744,-4213,
2026-09-08 13:43:22,23644.05,2026-09-08,24150.0,CE,0.75,0.75,0.8,1113775,119123,9117,17.18
2026-09-08 13:43:22,23644.05,2026-09-08,24150.0,PE,493.55,493.3,494.95,5184,5908,-1479,
2026-09-08 13:44:22,23646.05,2026-09-08,23150.0,CE,505.9,509.05,511.4,232,93,64,28.74
2026-09-08 13:44:22,23646.05,2026-09-08,23150.0,PE,0.4,0.4,0.45,680525,74276,47250,16.39
2026-09-08 13:44:22,23646.05,2026-09-08,23200.0,CE,458.0,458.85,460.5,1467,473,310,21.9
2026-09-08 13:44:22,23646.05,2026-09-08,23200.0,PE,0.45,0.45,0.5,707933,144629,84946,15.13
2026-09-08 13:44:22,23646.05,2026-09-08,23250.0,CE,407.75,409.5,410.8,1507,475,445,19.66
2026-09-08 13:44:22,23646.05,2026-09-08,23250.0,PE,0.55,0.55,0.6,411637,69905,32452,13.98
2026-09-08 13:44:22,23646.05,2026-09-08,23300.0,CE,360.85,359.65,360.8,7541,1157,832,17.66
2026-09-08 13:44:22,23646.05,2026-09-08,23300.0,PE,0.65,0.65,0.7,910786,155341,84166,12.71
2026-09-08 13:44:22,23646.05,2026-09-08,23350.0,CE,310.0,309.9,310.95,7307,1144,934,14.87
2026-09-08 13:44:22,23646.05,2026-09-08,23350.0,PE,0.8,0.8,0.85,603693,77020,39674,11.45
2026-09-08 13:44:22,23646.05,2026-09-08,23400.0,CE,260.45,260.55,261.0,49934,5845,4949,12.93
2026-09-08 13:44:22,23646.05,2026-09-08,23400.0,PE,1.25,1.2,1.25,1363992,165172,93080,10.5
2026-09-08 13:44:22,23646.05,2026-09-08,23450.0,CE,211.05,211.2,211.75,69628,5683,5084,11.29
2026-09-08 13:44:22,23646.05,2026-09-08,23450.0,PE,1.6,1.6,1.65,2049291,160755,92648,9.26
2026-09-08 13:44:22,23646.05,2026-09-08,23500.0,CE,162.75,162.4,162.75,620099,44519,39294,9.94
2026-09-08 13:44:22,23646.05,2026-09-08,23500.0,PE,3.15,3.15,3.2,4735567,295934,125756,8.52
2026-09-08 13:44:22,23646.05,2026-09-08,23550.0,CE,115.55,115.7,115.9,772565,40035,38192,8.68
2026-09-08 13:44:22,23646.05,2026-09-08,23550.0,PE,6.5,6.45,6.5,6564254,302161,230912,7.83
2026-09-08 13:44:22,23646.05,2026-09-08,23600.0,CE,73.8,73.55,73.8,3747655,203907,194131,7.83
2026-09-08 13:44:22,23646.05,2026-09-08,23600.0,PE,14.5,14.4,14.5,13498467,611030,457043,7.32
2026-09-08 13:44:22,23646.05,2026-09-08,23650.0,CE,39.9,39.9,40.0,7684814,463726,452230,7.43
2026-09-08 13:44:22,23646.05,2026-09-08,23650.0,PE,30.95,30.95,31.05,16937710,510718,392841,6.92
2026-09-08 13:44:22,23646.05,2026-09-08,23700.0,CE,19.6,19.6,19.7,15264649,799752,754511,7.54
2026-09-08 13:44:22,23646.05,2026-09-08,23700.0,PE,60.3,60.2,60.4,15431747,322813,177132,7.06
2026-09-08 13:44:22,23646.05,2026-09-08,23750.0,CE,9.9,9.85,9.9,8736536,465539,384031,8.19
2026-09-08 13:44:22,23646.05,2026-09-08,23750.0,PE,100.3,100.35,100.65,5181082,99557,-11615,7.47
2026-09-08 13:44:22,23646.05,2026-09-08,23800.0,CE,5.45,5.4,5.45,8477286,536358,273051,9.11
2026-09-08 13:44:22,23646.05,2026-09-08,23800.0,PE,146.35,146.05,146.35,3176222,90973,-52892,8.27
2026-09-08 13:44:22,23646.05,2026-09-08,23850.0,CE,3.25,3.2,3.25,3931860,276978,92492,10.1
2026-09-08 13:44:22,23646.05,2026-09-08,23850.0,PE,193.55,193.6,194.1,796672,33590,-20071,7.62
2026-09-08 13:44:22,23646.05,2026-09-08,23900.0,CE,2.15,2.15,2.2,3794891,299798,38289,11.24
2026-09-08 13:44:22,23646.05,2026-09-08,23900.0,PE,242.8,242.7,243.35,527764,32573,-21808,
2026-09-08 13:44:22,23646.05,2026-09-08,23950.0,CE,1.65,1.6,1.65,2280276,198406,39910,12.41
2026-09-08 13:44:22,23646.05,2026-09-08,23950.0,PE,292.15,292.15,292.9,99614,13839,-13042,9.15
2026-09-08 13:44:22,23646.05,2026-09-08,24000.0,CE,1.2,1.2,1.25,2666160,364983,39627,13.59
2026-09-08 13:44:22,23646.05,2026-09-08,24000.0,PE,342.0,341.05,342.1,151983,43238,-17396,
2026-09-08 13:44:22,23646.05,2026-09-08,24050.0,CE,1.0,0.95,1.0,1394281,154693,3253,14.73
2026-09-08 13:44:22,23646.05,2026-09-08,24050.0,PE,391.5,390.85,392.0,15499,6941,-2980,
2026-09-08 13:44:22,23646.05,2026-09-08,24100.0,CE,0.85,0.85,0.9,1631261,206567,-16289,15.94
2026-09-08 13:44:22,23646.05,2026-09-08,24100.0,PE,445.95,441.3,442.7,23209,13733,-4224,
2026-09-08 13:44:22,23646.05,2026-09-08,24150.0,CE,0.75,0.75,0.8,1114544,118537,8531,17.18
2026-09-08 13:44:22,23646.05,2026-09-08,24150.0,PE,493.55,490.7,492.15,5184,5908,-1479,
2026-09-08 13:45:23,23640.1,2026-09-08,23150.0,CE,505.9,506.6,508.6,232,93,64,26.73
2026-09-08 13:45:23,23640.1,2026-09-08,23150.0,PE,0.4,0.35,0.4,685771,74429,47403,16.49
2026-09-08 13:45:23,23640.1,2026-09-08,23200.0,CE,458.0,456.6,458.4,1467,473,310,18.04
2026-09-08 13:45:23,23640.1,2026-09-08,23200.0,PE,0.45,0.45,0.5,712212,143389,83706,15.23
2026-09-08 13:45:23,23640.1,2026-09-08,23250.0,CE,411.5,406.9,408.4,1508,477,447,
2026-09-08 13:45:23,23640.1,2026-09-08,23250.0,PE,0.55,0.55,0.6,412260,69921,32468,14.24
2026-09-08 13:45:23,23640.1,2026-09-08,23300.0,CE,356.0,356.95,358.15,7567,1165,840,13.11
2026-09-08 13:45:23,23640.1,2026-09-08,23300.0,PE,0.65,0.65,0.7,913964,155226,84051,12.82
2026-09-08 13:45:23,23640.1,2026-09-08,23350.0,CE,306.9,307.2,308.2,7328,1142,932,14.04
2026-09-08 13:45:23,23640.1,2026-09-08,23350.0,PE,0.85,0.8,0.85,605297,77453,40107,11.56
2026-09-08 13:45:23,23640.1,2026-09-08,23400.0,CE,258.7,258.2,258.9,50193,5848,4952,11.8
2026-09-08 13:45:23,23640.1,2026-09-08,23400.0,PE,1.2,1.2,1.25,1374813,163489,91397,10.69
2026-09-08 13:45:23,23640.1,2026-09-08,23450.0,CE,209.05,208.7,209.25,69897,5926,5327,10.31
2026-09-08 13:45:23,23640.1,2026-09-08,23450.0,PE,1.7,1.65,1.7,2072787,160046,91939,9.34
2026-09-08 13:45:23,23640.1,2026-09-08,23500.0,CE,160.6,160.3,160.75,623014,44546,39321,9.3
2026-09-08 13:45:23,23640.1,2026-09-08,23500.0,PE,3.3,3.25,3.3,4766032,297299,127121,8.57
2026-09-08 13:45:23,23640.1,2026-09-08,23550.0,CE,113.6,113.7,114.0,777889,40069,38226,8.43
2026-09-08 13:45:23,23640.1,2026-09-08,23550.0,PE,6.8,6.75,6.8,6610470,299225,227976,7.86
2026-09-08 13:45:23,23640.1,2026-09-08,23600.0,CE,72.05,71.95,72.15,3773541,205445,195669,7.63
2026-09-08 13:45:23,23640.1,2026-09-08,23600.0,PE,15.15,15.1,15.15,13603310,612611,458624,7.36
2026-09-08 13:45:23,23640.1,2026-09-08,23650.0,CE,38.7,38.6,38.65,7746855,462176,450680,7.24
2026-09-08 13:45:23,23640.1,2026-09-08,23650.0,PE,32.3,32.2,32.3,17031389,502674,384797,7.03
2026-09-08 13:45:23,23640.1,2026-09-08,23700.0,CE,18.85,18.8,18.85,15329694,800628,755387,7.43
2026-09-08 13:45:23,23640.1,2026-09-08,23700.0,PE,62.05,62.0,62.15,15490841,321806,176125,7.12
2026-09-08 13:45:23,23640.1,2026-09-08,23750.0,CE,9.45,9.45,9.5,8768943,464819,383311,8.09
2026-09-08 13:45:23,23640.1,2026-09-08,23750.0,PE,102.9,102.45,102.75,5196304,98740,-12432,7.66
2026-09-08 13:45:23,23640.1,2026-09-08,23800.0,CE,5.15,5.15,5.2,8507921,534732,271425,8.98
2026-09-08 13:45:23,23640.1,2026-09-08,23800.0,PE,148.6,148.3,148.65,3184099,90034,-53831,8.34
2026-09-08 13:45:23,23640.1,2026-09-08,23850.0,CE,3.05,3.05,3.1,3947378,276972,92486,9.99
2026-09-08 13:45:23,23640.1,2026-09-08,23850.0,PE,196.0,196.0,196.1,797914,33517,-20144,8.62
2026-09-08 13:45:23,23640.1,2026-09-08,23900.0,CE,2.1,2.05,2.1,3810427,298240,36731,11.11
2026-09-08 13:45:23,23640.1,2026-09-08,23900.0,PE,245.55,245.05,245.7,528536,32549,-21832,8.69
2026-09-08 13:45:23,23640.1,2026-09-08,23950.0,CE,1.55,1.5,1.55,2289263,198200,39704,12.41
2026-09-08 13:45:23,23640.1,2026-09-08,23950.0,PE,294.45,294.7,295.2,99918,13770,-13111,9.76
2026-09-08 13:45:23,23640.1,2026-09-08,24000.0,CE,1.15,1.15,1.2,2678068,364068,38712,13.47
2026-09-08 13:45:23,23640.1,2026-09-08,24000.0,PE,345.0,343.4,344.45,152512,43222,-17412,11.78
2026-09-08 13:45:23,23640.1,2026-09-08,24050.0,CE,0.9,0.9,0.95,1398079,154560,3120,14.62
2026-09-08 13:45:23,23640.1,2026-09-08,24050.0,PE,393.45,393.25,394.0,15653,6849,-3072,14.8
2026-09-08 13:45:23,23640.1,2026-09-08,24100.0,CE,0.8,0.8,0.85,1635026,205967,-16889,15.7
2026-09-08 13:45:23,23640.1,2026-09-08,24100.0,PE,444.6,443.55,444.95,23379,13721,-4236,17.64
2026-09-08 13:45:23,23640.1,2026-09-08,24150.0,CE,0.75,0.7,0.75,1117809,118059,8053,16.92
2026-09-08 13:45:23,23640.1,2026-09-08,24150.0,PE,493.95,492.85,494.0,5352,5906,-1481,
2026-09-08 13:46:23,23640.7,2026-09-08,23150.0,CE,507.55,501.4,503.8,233,92,63,28.74
2026-09-08 13:46:23,23640.7,2026-09-08,23150.0,PE,0.4,0.35,0.4,686897,74434,47408,16.39
2026-09-08 13:46:23,23640.7,2026-09-08,23200.0,CE,450.0,451.3,453.5,1477,474,311,21.9
2026-09-08 13:46:23,23640.7,2026-09-08,23200.0,PE,0.5,0.45,0.5,712682,143450,83767,15.13
2026-09-08 13:46:23,23640.7,2026-09-08,23250.0,CE,399.95,401.85,403.3,1516,477,447,19.66
2026-09-08 13:46:23,23640.7,2026-09-08,23250.0,PE,0.6,0.55,0.6,412882,70078,32625,13.98
2026-09-08 13:46:23,23640.7,2026-09-08,23300.0,CE,352.5,352.15,353.3,7636,1165,840,17.66
2026-09-08 13:46:23,23640.7,2026-09-08,23300.0,PE,0.65,0.65,0.7,915406,157473,86298,12.71
2026-09-08 13:46:23,23640.7,2026-09-08,23350.0,CE,300.35,301.95,303.0,7392,1143,933,14.87
2026-09-08 13:46:23,23640.7,2026-09-08,23350.0,PE,0.8,0.8,0.85,608068,77504,40158,11.45
2026-09-08 13:46:23,23640.7,2026-09-08,23400.0,CE,252.95,253.2,253.9,50635,5902,5006,12.93
2026-09-08 13:46:23,23640.7,2026-09-08,23400.0,PE,1.2,1.2,1.25,1384154,164308,92216,10.5
2026-09-08 13:46:23,23640.7,2026-09-08,23450.0,CE,204.25,203.8,204.3,70678,6032,5433,11.29
2026-09-08 13:46:23,23640.7,2026-09-08,23450.0,PE,1.7,1.7,1.75,2088924,160163,92056,9.26
2026-09-08 13:46:23,23640.7,2026-09-08,23500.0,CE,155.55,155.05,155.45,628507,44358,39133,9.94
2026-09-08 13:46:23,23640.7,2026-09-08,23500.0,PE,3.5,3.45,3.5,4796839,294765,124587,8.52
2026-09-08 13:46:23,23640.7,2026-09-08,23550.0,CE,109.45,109.2,109.45,785665,40098,38255,8.68
2026-09-08 13:46:23,23640.7,2026-09-08,23550.0,PE,7.35,7.3,7.35,6672121,302370,231121,7.83
2026-09-08 13:46:23,23640.7,2026-09-08,23600.0,CE,68.0,67.9,68.1,3821175,207246,197470,7.83
2026-09-08 13:46:23,23640.7,2026-09-08,23600.0,PE,16.5,16.4,16.45,13747916,609434,455447,7.32
2026-09-08 13:46:23,23640.7,2026-09-08,23650.0,CE,36.05,35.95,36.05,7829274,467760,456264,7.43
2026-09-08 13:46:23,23640.7,2026-09-08,23650.0,PE,34.85,34.75,34.85,17176540,504182,386305,6.92
2026-09-08 13:46:23,23640.7,2026-09-08,23700.0,CE,17.4,17.4,17.45,15440034,801704,756463,7.54
2026-09-08 13:46:23,23640.7,2026-09-08,23700.0,PE,65.8,65.6,65.8,15568219,322742,177061,7.06
2026-09-08 13:46:23,23640.7,2026-09-08,23750.0,CE,8.7,8.7,8.75,8820402,463314,381806,8.19
2026-09-08 13:46:23,23640.7,2026-09-08,23750.0,PE,107.25,106.8,107.1,5218749,98224,-12948,7.47
2026-09-08 13:46:23,23640.7,2026-09-08,23800.0,CE,4.75,4.7,4.75,8564939,529331,266024,9.11
2026-09-08 13:46:23,23640.7,2026-09-08,23800.0,PE,152.85,152.8,153.25,3199311,89581,-54284,8.27
2026-09-08 13:46:23,23640.7,2026-09-08,23850.0,CE,2.8,2.8,2.85,3977124,274251,89765,10.1
2026-09-08 13:46:23,23640.7,2026-09-08,23850.0,PE,201.45,200.9,201.4,800521,33431,-20230,7.62
2026-09-08 13:46:23,23640.7,2026-09-08,23900.0,CE,1.95,1.9,1.95,3839380,293831,32322,11.24
2026-09-08 13:46:23,23640.7,2026-09-08,23900.0,PE,250.7,249.8,250.45,529882,32464,-21917,
2026-09-08 13:46:23,23640.7,2026-09-08,23950.0,CE,1.45,1.4,1.45,2300709,195935,37439,12.41
2026-09-08 13:46:23,23640.7,2026-09-08,23950.0,PE,300.55,299.5,300.3,100149,13764,-13117,9.15
2026-09-08 13:46:23,23640.7,2026-09-08,24000.0,CE,1.15,1.1,1.15,2688757,363430,38074,13.59
2026-09-08 13:46:23,23640.7,2026-09-08,24000.0,PE,349.2,348.75,349.55,153089,43102,-17532,
2026-09-08 13:46:23,23640.7,2026-09-08,24050.0,CE,0.95,0.9,0.95,1400926,154639,3199,14.73
2026-09-08 13:46:23,23640.7,2026-09-08,24050.0,PE,399.15,398.6,399.7,15688,6799,-3122,
2026-09-08 13:46:23,23640.7,2026-09-08,24100.0,CE,0.8,0.8,0.85,1637713,206237,-16619,15.94
2026-09-08 13:46:23,23640.7,2026-09-08,24100.0,PE,449.55,448.8,450.35,23439,13653,-4304,
2026-09-08 13:46:23,23640.7,2026-09-08,24150.0,CE,0.7,0.7,0.75,1122487,118982,8976,17.18
2026-09-08 13:46:23,23640.7,2026-09-08,24150.0,PE,502.2,497.9,499.6,5364,5906,-1481,
2026-09-08 13:47:23,23642.8,2026-09-08,23150.0,CE,507.55,505.05,506.9,233,92,63,28.74
2026-09-08 13:47:23,23642.8,2026-09-08,23150.0,PE,0.4,0.35,0.4,690408,74402,47376,16.39
2026-09-08 13:47:23,23642.8,2026-09-08,23200.0,CE,455.0,455.0,456.95,1482,474,311,21.9
2026-09-08 13:47:23,23642.8,2026-09-08,23200.0,PE,0.5,0.45,0.5,713249,143456,83773,15.13
2026-09-08 13:47:23,23642.8,2026-09-08,23250.0,CE,406.5,405.1,406.9,1517,478,448,19.66
2026-09-08 13:47:23,23642.8,2026-09-08,23250.0,PE,0.55,0.55,0.6,413205,70151,32698,13.98
2026-09-08 13:47:23,23642.8,2026-09-08,23300.0,CE,356.4,355.6,356.75,7687,1165,840,17.66
2026-09-08 13:47:23,23642.8,2026-09-08,23300.0,PE,0.6,0.6,0.65,920089,157533,86358,12.71
2026-09-08 13:47:23,23642.8,2026-09-08,23350.0,CE,306.4,305.6,306.6,7448,1123,913,14.87
2026-09-08 13:47:23,23642.8,2026-09-08,23350.0,PE,0.75,0.7,0.75,613267,77066,39720,11.45
2026-09-08 13:47:23,23642.8,2026-09-08,23400.0,CE,256.85,256.3,257.15,50897,5902,5006,12.93
2026-09-08 13:47:23,23642.8,2026-09-08,23400.0,PE,1.15,1.15,1.2,1391393,164048,91956,10.5
2026-09-08 13:47:23,23642.8,2026-09-08,23450.0,CE,207.6,206.9,207.35,71004,6154,5555,11.29
2026-09-08 13:47:23,23642.8,2026-09-08,23450.0,PE,1.65,1.65,1.7,2103544,161328,93221,9.26
2026-09-08 13:47:23,23642.8,2026-09-08,23500.0,CE,158.45,158.75,158.9,631280,44587,39362,9.94
2026-09-08 13:47:23,23642.8,2026-09-08,23500.0,PE,3.35,3.3,3.35,4821728,292467,122289,8.52
2026-09-08 13:47:23,23642.8,2026-09-08,23550.0,CE,112.7,112.45,112.7,789694,40677,38834,8.68
2026-09-08 13:47:23,23642.8,2026-09-08,23550.0,PE,7.0,6.95,7.0,6711211,304246,232997,7.83
2026-09-08 13:47:23,23642.8,2026-09-08,23600.0,CE,70.6,70.55,70.7,3844206,207235,197459,7.83
2026-09-08 13:47:23,23642.8,2026-09-08,23600.0,PE,15.7,15.7,15.75,13832871,608134,454147,7.32
2026-09-08 13:47:23,23642.8,2026-09-08,23650.0,CE,37.95,37.85,37.95,7874626,473318,461822,7.43
2026-09-08 13:47:23,23642.8,2026-09-08,23650.0,PE,33.2,33.15,33.25,17251782,499573,381696,6.92
2026-09-08 13:47:23,23642.8,2026-09-08,23700.0,CE,18.55,18.5,18.55,15496007,794439,749198,7.54
2026-09-08 13:47:23,23642.8,2026-09-08,23700.0,PE,63.3,63.2,63.35,15617026,319469,173788,7.06
2026-09-08 13:47:23,23642.8,2026-09-08,23750.0,CE,9.15,9.15,9.2,8842834,463314,381806,8.19
2026-09-08 13:47:23,23642.8,2026-09-08,23750.0,PE,104.3,103.95,104.2,5228987,98224,-12948,7.47
2026-09-08 13:47:23,23642.8,2026-09-08,23800.0,CE,4.95,4.9,4.95,8592576,524088,260781,9.11
2026-09-08 13:47:23,23642.8,2026-09-08,23800.0,PE,149.9,149.85,150.1,3205320,89287,-54578,8.27
2026-09-08 13:47:23,23642.8,2026-09-08,23850.0,CE,2.9,2.9,2.95,3990696,269054,84568,10.1
2026-09-08 13:47:23,23642.8,2026-09-08,23850.0,PE,197.8,197.15,197.7,801854,32970,-20691,7.62
2026-09-08 13:47:23,23642.8,2026-09-08,23900.0,CE,1.95,1.95,2.0,3850598,293746,32237,11.24
2026-09-08 13:47:23,23642.8,2026-09-08,23900.0,PE,247.2,246.5,247.0,530589,32158,-22223,
2026-09-08 13:47:23,23642.8,2026-09-08,23950.0,CE,1.45,1.4,1.45,2308627,194781,36285,12.41
2026-09-08 13:47:23,23642.8,2026-09-08,23950.0,PE,296.25,296.15,296.85,100252,13749,-13132,9.15
2026-09-08 13:47:23,23642.8,2026-09-08,24000.0,CE,1.1,1.1,1.15,2698911,362358,37002,13.59
2026-09-08 13:47:23,23642.8,2026-09-08,24000.0,PE,346.0,345.0,346.1,153245,42997,-17637,
2026-09-08 13:47:23,23642.8,2026-09-08,24050.0,CE,0.85,0.85,0.9,1403715,154155,2715,14.73
2026-09-08 13:47:23,23642.8,2026-09-08,24050.0,PE,396.6,394.8,396.05,15736,6799,-3122,
2026-09-08 13:47:23,23642.8,2026-09-08,24100.0,CE,0.8,0.75,0.8,1642411,206645,-16211,15.94
2026-09-08 13:47:23,23642.8,2026-09-08,24100.0,PE,445.85,445.3,446.0,23454,13653,-4304,
2026-09-08 13:47:23,23642.8,2026-09-08,24150.0,CE,0.7,0.7,0.75,1126113,118776,8770,17.18
2026-09-08 13:47:23,23642.8,2026-09-08,24150.0,PE,495.25,494.4,496.0,5367,5906,-1481,
2026-09-08 13:48:24,23643.9,2026-09-08,23150.0,CE,507.55,507.65,509.3,233,92,63,28.74
2026-09-08 13:48:24,23643.9,2026-09-08,23150.0,PE,0.35,0.35,0.4,700714,73858,46832,16.39
2026-09-08 13:48:24,23643.9,2026-09-08,23200.0,CE,457.95,457.75,459.35,1484,477,314,21.9
2026-09-08 13:48:24,23643.9,2026-09-08,23200.0,PE,0.45,0.45,0.5,714016,142941,83258,15.13
2026-09-08 13:48:24,23643.9,2026-09-08,23250.0,CE,408.4,407.8,409.35,1519,478,448,19.66
2026-09-08 13:48:24,23643.9,2026-09-08,23250.0,PE,0.5,0.5,0.55,413906,70151,32698,13.98
2026-09-08 13:48:24,23643.9,2026-09-08,23300.0,CE,358.15,357.8,358.9,7715,1171,846,17.66
2026-09-08 13:48:24,23643.9,2026-09-08,23300.0,PE,0.65,0.6,0.65,921872,158269,87094,12.71
2026-09-08 13:48:24,23643.9,2026-09-08,23350.0,CE,306.45,308.1,309.15,7458,1123,913,14.87
2026-09-08 13:48:24,23643.9,2026-09-08,23350.0,PE,0.75,0.7,0.75,614761,76355,39009,11.45
2026-09-08 13:48:24,23643.9,2026-09-08,23400.0,CE,258.75,259.0,259.7,51186,5968,5072,12.93
2026-09-08 13:48:24,23643.9,2026-09-08,23400.0,PE,1.1,1.1,1.15,1395015,162905,90813,10.5
2026-09-08 13:48:24,23643.9,2026-09-08,23450.0,CE,210.0,209.65,210.0,71451,6317,5718,11.29
2026-09-08 13:48:24,23643.9,2026-09-08,23450.0,PE,1.5,1.5,1.55,2107734,161768,93661,9.26
2026-09-08 13:48:24,23643.9,2026-09-08,23500.0,CE,161.3,161.15,161.4,633835,44990,39765,9.94
2026-09-08 13:48:24,23643.9,2026-09-08,23500.0,PE,3.15,3.1,3.15,4836933,294458,124280,8.52
2026-09-08 13:48:24,23643.9,2026-09-08,23550.0,CE,114.55,114.4,114.7,793150,41139,39296,8.68
2026-09-08 13:48:24,23643.9,2026-09-08,23550.0,PE,6.5,6.45,6.5,6740730,304644,233395,7.83
2026-09-08 13:48:24,23643.9,2026-09-08,23600.0,CE,72.3,72.15,72.3,3865176,211140,201364,7.83
2026-09-08 13:48:24,23643.9,2026-09-08,23600.0,PE,14.75,14.65,14.75,13908746,604848,450861,7.32
2026-09-08 13:48:24,23643.9,2026-09-08,23650.0,CE,38.95,38.85,38.95,7910444,478956,467460,7.43
2026-09-08 13:48:24,23643.9,2026-09-08,23650.0,PE,31.6,31.6,31.7,17312565,498729,380852,6.92
2026-09-08 13:48:24,23643.9,2026-09-08,23700.0,CE,18.95,18.85,18.95,15537964,800581,755340,7.54
2026-09-08 13:48:24,23643.9,2026-09-08,23700.0,PE,61.45,61.3,61.45,15652634,317578,171897,7.06
2026-09-08 13:48:24,23643.9,2026-09-08,23750.0,CE,9.35,9.35,9.45,8859998,459102,377594,8.19
2026-09-08 13:48:24,23643.9,2026-09-08,23750.0,PE,101.5,101.5,101.75,5237052,96924,-14248,7.47
2026-09-08 13:48:24,23643.9,2026-09-08,23800.0,CE,5.0,5.0,5.05,8615412,524101,260794,9.11
2026-09-08 13:48:24,23643.9,2026-09-08,23800.0,PE,147.2,147.2,147.65,3210020,88906,-54959,8.27
2026-09-08 13:48:24,23643.9,2026-09-08,23850.0,CE,2.95,2.95,3.0,4003311,268819,84333,10.1
2026-09-08 13:48:24,23643.9,2026-09-08,23850.0,PE,194.85,194.9,195.45,802880,32975,-20686,7.62
2026-09-08 13:48:24,23643.9,2026-09-08,23900.0,CE,2.0,1.95,2.0,3861532,294405,32896,11.24
2026-09-08 13:48:24,23643.9,2026-09-08,23900.0,PE,244.0,243.95,244.6,531130,32133,-22248,
2026-09-08 13:48:24,23643.9,2026-09-08,23950.0,CE,1.5,1.45,1.5,2316315,193959,35463,12.41
2026-09-08 13:48:24,23643.9,2026-09-08,23950.0,PE,293.5,293.7,294.5,100388,13751,-13130,9.15
2026-09-08 13:48:24,23643.9,2026-09-08,24000.0,CE,1.1,1.1,1.15,2709268,364676,39320,13.59
2026-09-08 13:48:24,23643.9,2026-09-08,24000.0,PE,342.65,342.5,343.55,153427,42976,-17658,
2026-09-08 13:48:24,23643.9,2026-09-08,24050.0,CE,0.85,0.8,0.85,1411164,153838,2398,14.73
2026-09-08 13:48:24,23643.9,2026-09-08,24050.0,PE,393.25,392.35,393.2,15784,6764,-3157,
2026-09-08 13:48:24,23643.9,2026-09-08,24100.0,CE,0.7,0.7,0.75,1650049,205606,-17250,15.94
2026-09-08 13:48:24,23643.9,2026-09-08,24100.0,PE,445.0,442.85,444.2,23473,13643,-4314,
2026-09-08 13:48:24,23643.9,2026-09-08,24150.0,CE,0.7,0.7,0.75,1132358,120142,10136,17.18
2026-09-08 13:48:24,23643.9,2026-09-08,24150.0,PE,492.4,492.45,493.5,5383,5899,-1488,
2026-09-08 13:49:24,23641.8,2026-09-08,23150.0,CE,507.55,510.35,511.05,233,92,63,28.74
2026-09-08 13:49:24,23641.8,2026-09-08,23150.0,PE,0.45,0.4,0.45,709491,73858,46832,16.39
2026-09-08 13:49:24,23641.8,2026-09-08,23200.0,CE,460.0,459.3,461.05,1486,477,314,21.9
2026-09-08 13:49:24,23641.8,2026-09-08,23200.0,PE,0.45,0.45,0.5,714375,142941,83258,15.13
2026-09-08 13:49:24,23641.8,2026-09-08,23250.0,CE,408.4,409.35,410.75,1519,478,448,19.66
2026-09-08 13:49:24,23641.8,2026-09-08,23250.0,PE,0.5,0.5,0.55,414225,70125,32672,13.98
2026-09-08 13:49:24,23641.8,2026-09-08,23300.0,CE,358.75,359.4,360.65,7779,1173,848,17.66
2026-09-08 13:49:24,23641.8,2026-09-08,23300.0,PE,0.65,0.6,0.65,928634,158269,87094,12.71
2026-09-08 13:49:24,23641.8,2026-09-08,23350.0,CE,310.0,309.8,310.8,7467,1123,913,14.87
2026-09-08 13:49:24,23641.8,2026-09-08,23350.0,PE,0.7,0.7,0.75,616132,76355,39009,11.45
2026-09-08 13:49:24,23641.8,2026-09-08,23400.0,CE,259.95,260.5,261.1,51267,6022,5126,12.93
2026-09-08 13:49:24,23641.8,2026-09-08,23400.0,PE,1.1,1.05,1.1,1404717,162880,90788,10.5
2026-09-08 13:49:24,23641.8,2026-09-08,23450.0,CE,211.55,211.1,211.55,71571,6317,5718,11.29
2026-09-08 13:49:24,23641.8,2026-09-08,23450.0,PE,1.45,1.4,1.45,2120695,161768,93661,9.26
2026-09-08 13:49:24,23641.8,2026-09-08,23500.0,CE,162.95,162.5,162.95,635123,44990,39765,9.94
2026-09-08 13:49:24,23641.8,2026-09-08,23500.0,PE,3.0,3.0,3.05,4858866,294458,124280,8.52
2026-09-08 13:49:24,23641.8,2026-09-08,23550.0,CE,116.15,115.8,116.1,795607,41139,39296,8.68
2026-09-08 13:49:24,23641.8,2026-09-08,23550.0,PE,6.25,6.25,6.3,6762712,304644,233395,7.83
2026-09-08 13:49:24,23641.8,2026-09-08,23600.0,CE,73.5,73.3,73.5,3879747,211140,201364,7.83
2026-09-08 13:49:24,23641.8,2026-09-08,23600.0,PE,14.25,14.25,14.3,13956380,604848,450861,7.32
2026-09-08 13:49:24,23641.8,2026-09-08,23650.0,CE,39.8,39.7,39.8,7935806,478956,467460,7.43
2026-09-08 13:49:24,23641.8,2026-09-08,23650.0,PE,30.95,30.8,30.95,17353904,498729,380852,6.92
2026-09-08 13:49:24,23641.8,2026-09-08,23700.0,CE,19.45,19.4,19.45,15564837,800581,755340,7.54
2026-09-08 13:49:24,23641.8,2026-09-08,23700.0,PE,59.95,59.95,60.1,15678029,317578,171897,7.06
2026-09-08 13:49:24,23641.8,2026-09-08,23750.0,CE,9.65,9.6,9.65,8874330,461514,380006,8.19
2026-09-08 13:49:24,23641.8,2026-09-08,23750.0,PE,100.35,100.05,100.3,5242052,96788,-14384,7.47
2026-09-08 13:49:24,23641.8,2026-09-08,23800.0,CE,5.1,5.1,5.15,8626183,524101,260794,9.11
2026-09-08 13:49:24,23641.8,2026-09-08,23800.0,PE,145.65,145.6,146.0,3213495,88906,-54959,8.27
2026-09-08 13:49:24,23641.8,2026-09-08,23850.0,CE,3.05,3.0,3.05,4012162,268819,84333,10.1
2026-09-08 13:49:24,23641.8,2026-09-08,23850.0,PE,193.05,193.05,193.4,803308,32975,-20686,7.62
2026-09-08 13:49:24,23641.8,2026-09-08,23900.0,CE,2.0,2.0,2.05,3878706,294405,32896,11.24
2026-09-08 13:49:24,23641.8,2026-09-08,23900.0,PE,243.0,242.4,243.1,531386,32133,-22248,
2026-09-08 13:49:24,23641.8,2026-09-08,23950.0,CE,1.5,1.5,1.55,2323415,193959,35463,12.41
2026-09-08 13:49:24,23641.8,2026-09-08,23950.0,PE,292.65,292.0,292.75,100427,13751,-13130,9.15
2026-09-08 13:49:24,23641.8,2026-09-08,24000.0,CE,1.15,1.1,1.15,2718498,364676,39320,13.59
2026-09-08 13:49:24,23641.8,2026-09-08,24000.0,PE,341.35,341.05,342.05,153660,42976,-17658,
2026-09-08 13:49:24,23641.8,2026-09-08,24050.0,CE,0.9,0.85,0.9,1414497,153838,2398,14.73
2026-09-08 13:49:24,23641.8,2026-09-08,24050.0,PE,390.65,390.8,391.55,15805,6746,-3175,
2026-09-08 13:49:24,23641.8,2026-09-08,24100.0,CE,0.7,0.7,0.75,1653236,205190,-17666,15.94
2026-09-08 13:49:24,23641.8,2026-09-08,24100.0,PE,441.6,440.9,442.2,23500,13646,-4311,
2026-09-08 13:49:24,23641.8,2026-09-08,24150.0,CE,0.7,0.7,0.75,1137364,120142,10136,17.18
2026-09-08 13:49:24,23641.8,2026-09-08,24150.0,PE,491.3,491.3,491.95,5414,5899,-1488,
2026-09-08 13:50:24,23640.75,2026-09-08,23150.0,CE,506.75,505.85,508.45,235,93,64,28.74
2026-09-08 13:50:24,23640.75,2026-09-08,23150.0,PE,0.35,0.35,0.4,715280,74230,47204,16.39
2026-09-08 13:50:24,23640.75,2026-09-08,23200.0,CE,460.0,456.8,458.55,1486,477,314,21.9
2026-09-08 13:50:24,23640.75,2026-09-08,23200.0,PE,0.5,0.45,0.5,716534,142424,82741,15.13
2026-09-08 13:50:24,23640.75,2026-09-08,23250.0,CE,408.4,406.6,408.55,1519,478,448,19.66
2026-09-08 13:50:24,23640.75,2026-09-08,23250.0,PE,0.5,0.5,0.55,414645,70207,32754,13.98
2026-09-08 13:50:24,23640.75,2026-09-08,23300.0,CE,357.65,357.65,358.55,7788,1185,860,17.66
2026-09-08 13:50:24,23640.75,2026-09-08,23300.0,PE,0.65,0.6,0.65,934427,157893,86718,12.71
2026-09-08 13:50:24,23640.75,2026-09-08,23350.0,CE,306.6,307.5,308.5,7510,1117,907,14.87
2026-09-08 13:50:24,23640.75,2026-09-08,23350.0,PE,0.7,0.7,0.75,616685,75964,38618,11.45
2026-09-08 13:50:24,23640.75,2026-09-08,23400.0,CE,258.0,258.0,258.55,51516,5999,5103,12.93
2026-09-08 13:50:24,23640.75,2026-09-08,23400.0,PE,1.1,1.1,1.15,1409490,165329,93237,10.5
2026-09-08 13:50:24,23640.75,2026-09-08,23450.0,CE,208.0,208.85,209.3,71877,6281,5682,11.29
2026-09-08 13:50:24,23640.75,2026-09-08,23450.0,PE,1.55,1.5,1.55,2127388,160304,92197,9.26
2026-09-08 13:50:24,23640.75,2026-09-08,23500.0,CE,160.0,159.7,160.15,637027,45013,39788,9.94
2026-09-08 13:50:24,23640.75,2026-09-08,23500.0,PE,3.25,3.2,3.25,4880125,295733,125555,8.52
2026-09-08 13:50:24,23640.75,2026-09-08,23550.0,CE,114.25,113.95,114.15,799061,41359,39516,8.68
2026-09-08 13:50:24,23640.75,2026-09-08,23550.0,PE,6.75,6.7,6.75,6794898,305759,234510,7.83
2026-09-08 13:50:24,23640.75,2026-09-08,23600.0,CE,72.0,71.9,72.05,3897499,211152,201376,7.83
2026-09-08 13:50:24,23640.75,2026-09-08,23600.0,PE,15.2,15.15,15.2,14054256,615728,461741,7.32
2026-09-08 13:50:24,23640.75,2026-09-08,23650.0,CE,38.8,38.75,38.8,7975715,477373,465877,7.43
2026-09-08 13:50:24,23640.75,2026-09-08,23650.0,PE,32.3,32.2,32.3,17423255,496877,379000,6.92
2026-09-08 13:50:24,23640.75,2026-09-08,23700.0,CE,18.95,18.9,19.0,15608243,804404,759163,7.54
2026-09-08 13:50:24,23640.75,2026-09-08,23700.0,PE,61.85,61.85,62.05,15716520,316050,170369,7.06
2026-09-08 13:50:24,23640.75,2026-09-08,23750.0,CE,9.4,9.35,9.45,8893376,460952,379444,8.19
2026-09-08 13:50:24,23640.75,2026-09-08,23750.0,PE,102.35,102.45,102.7,5253061,96760,-14412,7.47
2026-09-08 13:50:24,23640.75,2026-09-08,23800.0,CE,5.05,5.0,5.05,8648830,523953,260646,9.11
2026-09-08 13:50:24,23640.75,2026-09-08,23800.0,PE,149.0,148.7,149.0,3220228,88249,-55616,8.27
2026-09-08 13:50:24,23640.75,2026-09-08,23850.0,CE,3.0,2.95,3.0,4020843,269233,84747,10.1
2026-09-08 13:50:24,23640.75,2026-09-08,23850.0,PE,195.95,196.2,196.8,804258,32882,-20779,7.62
2026-09-08 13:50:24,23640.75,2026-09-08,23900.0,CE,2.0,2.0,2.05,3895612,291694,30185,11.24
2026-09-08 13:50:24,23640.75,2026-09-08,23900.0,PE,245.3,245.0,245.4,532530,31795,-22586,
2026-09-08 13:50:24,23640.75,2026-09-08,23950.0,CE,1.5,1.5,1.55,2327410,194099,35603,12.41
2026-09-08 13:50:24,23640.75,2026-09-08,23950.0,PE,296.7,294.4,295.2,100467,13756,-13125,9.15
2026-09-08 13:50:24,23640.75,2026-09-08,24000.0,CE,1.15,1.15,1.2,2725909,365918,40562,13.59
2026-09-08 13:50:24,23640.75,2026-09-08,24000.0,PE,344.0,343.5,344.35,154477,42625,-18009,
2026-09-08 13:50:24,23640.75,2026-09-08,24050.0,CE,0.9,0.85,0.9,1417034,150939,-501,14.73
2026-09-08 13:50:24,23640.75,2026-09-08,24050.0,PE,393.15,393.15,394.25,15813,6732,-3189,
2026-09-08 13:50:24,23640.75,2026-09-08,24100.0,CE,0.7,0.7,0.75,1659266,201699,-21157,15.94
2026-09-08 13:50:24,23640.75,2026-09-08,24100.0,PE,445.2,443.5,445.2,23520,13641,-4316,
2026-09-08 13:50:24,23640.75,2026-09-08,24150.0,CE,0.7,0.7,0.75,1144236,123770,13764,17.18
2026-09-08 13:50:24,23640.75,2026-09-08,24150.0,PE,494.1,494.1,494.45,5455,5858,-1529,
2026-09-08 13:51:24,23638.7,2026-09-08,23150.0,CE,506.75,501.5,504.4,235,93,64,26.49
2026-09-08 13:51:24,23638.7,2026-09-08,23150.0,PE,0.35,0.35,0.4,717441,74230,47204,16.03
2026-09-08 13:51:24,23638.7,2026-09-08,23200.0,CE,453.45,452.7,454.15,1487,477,314,26.25
2026-09-08 13:51:24,23638.7,2026-09-08,23200.0,PE,0.45,0.45,0.5,717241,142424,82741,15.01
2026-09-08 13:51:24,23638.7,2026-09-08,23250.0,CE,403.9,403.0,404.15,1520,478,448,23.15
2026-09-08 13:51:24,23638.7,2026-09-08,23250.0,PE,0.5,0.5,0.55,414933,70207,32754,13.85
2026-09-08 13:51:24,23638.7,2026-09-08,23300.0,CE,354.4,353.05,354.2,7802,1190,865,19.96
2026-09-08 13:51:24,23638.7,2026-09-08,23300.0,PE,0.6,0.6,0.65,935157,157893,86718,12.45
2026-09-08 13:51:24,23638.7,2026-09-08,23350.0,CE,304.45,303.15,304.15,7519,1117,907,17.94
2026-09-08 13:51:24,23638.7,2026-09-08,23350.0,PE,0.75,0.7,0.75,616874,75964,38618,11.1
2026-09-08 13:51:24,23638.7,2026-09-08,23400.0,CE,255.0,254.05,254.5,51594,5999,5103,15.85
2026-09-08 13:51:24,23638.7,2026-09-08,23400.0,PE,1.15,1.1,1.15,1410527,165329,93237,10.22
2026-09-08 13:51:24,23638.7,2026-09-08,23450.0,CE,204.85,204.5,205.0,72065,6281,5682,13.63
2026-09-08 13:51:24,23638.7,2026-09-08,23450.0,PE,1.6,1.55,1.6,2133128,160304,92197,8.91
2026-09-08 13:51:24,23638.7,2026-09-08,23500.0,CE,156.2,156.15,156.6,638465,45013,39788,11.41
2026-09-08 13:51:24,23638.7,2026-09-08,23500.0,PE,3.4,3.4,3.45,4888124,295733,125555,8.28
2026-09-08 13:51:24,23638.7,2026-09-08,23550.0,CE,110.25,110.2,110.5,800863,41359,39516,9.85
2026-09-08 13:51:24,23638.7,2026-09-08,23550.0,PE,7.15,7.1,7.15,6814347,305759,234510,7.51
2026-09-08 13:51:24,23638.7,2026-09-08,23600.0,CE,68.65,68.65,68.8,3910188,211152,201376,8.61
2026-09-08 13:51:24,23638.7,2026-09-08,23600.0,PE,16.1,16.05,16.15,14093560,615728,461741,7.01
2026-09-08 13:51:24,23638.7,2026-09-08,23650.0,CE,36.35,36.3,36.35,7998489,477373,465877,7.85
2026-09-08 13:51:24,23638.7,2026-09-08,23650.0,PE,34.15,34.0,34.15,17459659,496877,379000,6.51
2026-09-08 13:51:24,23638.7,2026-09-08,23700.0,CE,17.4,17.4,17.5,15639556,804404,759163,7.86
2026-09-08 13:51:24,23638.7,2026-09-08,23700.0,PE,64.8,64.65,64.8,15734950,316050,170369,6.17
2026-09-08 13:51:24,23638.7,2026-09-08,23750.0,CE,8.6,8.65,8.7,8908331,460952,379444,8.41
2026-09-08 13:51:24,23638.7,2026-09-08,23750.0,PE,106.0,105.85,106.0,5257946,96760,-14412,5.48
2026-09-08 13:51:24,23638.7,2026-09-08,23800.0,CE,4.75,4.75,4.8,8662270,523953,260646,9.23
2026-09-08 13:51:24,23638.7,2026-09-08,23800.0,PE,152.5,152.1,152.5,3223755,88249,-55616,
2026-09-08 13:51:24,23638.7,2026-09-08,23850.0,CE,2.8,2.8,2.85,4026899,269233,84747,10.13
2026-09-08 13:51:24,23638.7,2026-09-08,23850.0,PE,200.0,199.65,200.0,804746,32882,-20779,
2026-09-08 13:51:24,23638.7,2026-09-08,23900.0,CE,1.95,1.9,1.95,3910501,291694,30185,11.25
2026-09-08 13:51:24,23638.7,2026-09-08,23900.0,PE,249.0,248.8,249.4,532878,31795,-22586,
2026-09-08 13:51:24,23638.7,2026-09-08,23950.0,CE,1.4,1.4,1.45,2334769,194099,35603,12.36
2026-09-08 13:51:24,23638.7,2026-09-08,23950.0,PE,298.8,298.4,299.0,100535,13756,-13125,
2026-09-08 13:51:24,23638.7,2026-09-08,24000.0,CE,1.05,1.05,1.1,2731721,365918,40562,13.56
2026-09-08 13:51:24,23638.7,2026-09-08,24000.0,PE,347.5,347.45,348.3,154553,42625,-18009,
2026-09-08 13:51:24,23638.7,2026-09-08,24050.0,CE,0.8,0.8,0.85,1421167,150939,-501,14.54
2026-09-08 13:51:24,23638.7,2026-09-08,24050.0,PE,396.1,397.3,398.35,15822,6728,-3193,
2026-09-08 13:51:24,23638.7,2026-09-08,24100.0,CE,0.7,0.65,0.7,1674984,201699,-21157,15.67
2026-09-08 13:51:24,23638.7,2026-09-08,24100.0,PE,448.0,447.65,448.7,23527,13641,-4316,
2026-09-08 13:51:24,23638.7,2026-09-08,24150.0,CE,0.65,0.65,0.7,1153191,123770,13764,17.15
2026-09-08 13:51:24,23638.7,2026-09-08,24150.0,PE,497.0,496.85,498.55,5460,5858,-1529,
2026-09-08 13:52:25,23625.2,2026-09-08,23150.0,CE,506.75,491.9,494.6,235,93,64,26.49
2026-09-08 13:52:25,23625.2,2026-09-08,23150.0,PE,0.35,0.35,0.4,718552,74233,47207,16.03
2026-09-08 13:52:25,23625.2,2026-09-08,23200.0,CE,444.0,443.7,445.45,1493,479,316,26.25
2026-09-08 13:52:25,23625.2,2026-09-08,23200.0,PE,0.45,0.45,0.5,727951,140164,80481,15.01
2026-09-08 13:52:25,23625.2,2026-09-08,23250.0,CE,393.9,392.35,393.9,1546,473,443,23.15
2026-09-08 13:52:25,23625.2,2026-09-08,23250.0,PE,0.5,0.5,0.55,415804,70218,32765,13.85
2026-09-08 13:52:25,23625.2,2026-09-08,23300.0,CE,344.8,344.55,345.45,7870,1197,872,19.96
2026-09-08 13:52:25,23625.2,2026-09-08,23300.0,PE,0.6,0.6,0.65,936569,156647,85472,12.45
2026-09-08 13:52:25,23625.2,2026-09-08,23350.0,CE,294.15,293.3,294.35,7593,1125,915,17.94
2026-09-08 13:52:25,23625.2,2026-09-08,23350.0,PE,0.75,0.75,0.8,623824,75984,38638,11.1
2026-09-08 13:52:25,23625.2,2026-09-08,23400.0,CE,244.85,244.2,244.85,52298,6014,5118,15.85
2026-09-08 13:52:25,23625.2,2026-09-08,23400.0,PE,1.2,1.2,1.25,1423329,165758,93666,10.22
2026-09-08 13:52:25,23625.2,2026-09-08,23450.0,CE,195.55,194.6,195.05,73616,6575,5976,13.63
2026-09-08 13:52:25,23625.2,2026-09-08,23450.0,PE,1.8,1.75,1.8,2146797,159892,91785,8.91
2026-09-08 13:52:25,23625.2,2026-09-08,23500.0,CE,147.25,147.2,147.35,645444,45005,39780,11.41
2026-09-08 13:52:25,23625.2,2026-09-08,23500.0,PE,3.85,3.8,3.85,4922620,294467,124289,8.28
2026-09-08 13:52:25,23625.2,2026-09-08,23550.0,CE,101.4,101.4,101.7,812237,41859,40016,9.85
2026-09-08 13:52:25,23625.2,2026-09-08,23550.0,PE,8.3,8.3,8.35,6891134,303819,232570,7.51
2026-09-08 13:52:25,23625.2,2026-09-08,23600.0,CE,61.4,61.45,61.5,3961532,213080,203304,8.61
2026-09-08 13:52:25,23625.2,2026-09-08,23600.0,PE,18.35,18.35,18.4,14268645,583619,429632,7.01
2026-09-08 13:52:25,23625.2,2026-09-08,23650.0,CE,32.1,32.1,32.2,8099443,479863,468367,7.85
2026-09-08 13:52:25,23625.2,2026-09-08,23650.0,PE,38.35,38.25,38.35,17624463,475595,357718,6.51
2026-09-08 13:52:25,23625.2,2026-09-08,23700.0,CE,15.15,15.15,15.25,15767954,803434,758193,7.86
2026-09-08 13:52:25,23625.2,2026-09-08,23700.0,PE,71.4,71.2,71.4,15841251,316481,170800,6.17
2026-09-08 13:52:25,23625.2,2026-09-08,23750.0,CE,7.45,7.45,7.5,8973077,461014,379506,8.41
2026-09-08 13:52:25,23625.2,2026-09-08,23750.0,PE,114.35,114.45,114.7,5285176,96440,-14732,5.48
2026-09-08 13:52:25,23625.2,2026-09-08,23800.0,CE,4.15,4.15,4.2,8711557,524818,261511,9.23
2026-09-08 13:52:25,23625.2,2026-09-08,23800.0,PE,161.75,161.45,161.8,3238988,86289,-57576,
2026-09-08 13:52:25,23625.2,2026-09-08,23850.0,CE,2.55,2.55,2.6,4051893,267432,82946,10.13
2026-09-08 13:52:25,23625.2,2026-09-08,23850.0,PE,209.1,209.1,209.7,807319,32658,-21003,
2026-09-08 13:52:25,23625.2,2026-09-08,23900.0,CE,1.85,1.8,1.85,3940011,287540,26031,11.25
2026-09-08 13:52:25,23625.2,2026-09-08,23900.0,PE,259.45,258.95,259.3,534486,31370,-23011,
2026-09-08 13:52:25,23625.2,2026-09-08,23950.0,CE,1.45,1.45,1.5,2350421,196801,38305,12.36
2026-09-08 13:52:25,23625.2,2026-09-08,23950.0,PE,308.0,308.5,309.35,100833,13712,-13169,
2026-09-08 13:52:25,23625.2,2026-09-08,24000.0,CE,1.1,1.1,1.15,2740769,364454,39098,13.56
2026-09-08 13:52:25,23625.2,2026-09-08,24000.0,PE,356.05,355.95,357.1,155331,42445,-18189,
2026-09-08 13:52:25,23625.2,2026-09-08,24050.0,CE,0.85,0.85,0.9,1428842,151361,-79,14.54
2026-09-08 13:52:25,23625.2,2026-09-08,24050.0,PE,406.05,407.0,408.35,15881,6720,-3201,
2026-09-08 13:52:25,23625.2,2026-09-08,24100.0,CE,0.8,0.75,0.8,1690476,198070,-24786,15.67
2026-09-08 13:52:25,23625.2,2026-09-08,24100.0,PE,459.0,457.8,459.2,23579,13630,-4327,
2026-09-08 13:52:25,23625.2,2026-09-08,24150.0,CE,0.7,0.7,0.75,1158475,127814,17808,17.15
2026-09-08 13:52:25,23625.2,2026-09-08,24150.0,PE,505.4,506.35,508.4,5473,5827,-1560,
2026-09-08 13:53:26,23627.4,2026-09-08,23150.0,CE,506.75,491.9,494.6,235,93,64,26.49
2026-09-08 13:53:26,23627.4,2026-09-08,23150.0,PE,0.35,0.35,0.4,718552,74233,47207,16.03
2026-09-08 13:53:26,23627.4,2026-09-08,23200.0,CE,444.0,443.7,445.45,1493,479,316,26.25
2026-09-08 13:53:26,23627.4,2026-09-08,23200.0,PE,0.45,0.45,0.5,727951,140164,80481,15.01
2026-09-08 13:53:26,23627.4,2026-09-08,23250.0,CE,393.9,392.35,393.9,1546,473,443,23.15
2026-09-08 13:53:26,23627.4,2026-09-08,23250.0,PE,0.5,0.5,0.55,415804,70218,32765,13.85
2026-09-08 13:53:26,23627.4,2026-09-08,23300.0,CE,344.8,344.55,345.45,7870,1197,872,19.96
2026-09-08 13:53:26,23627.4,2026-09-08,23300.0,PE,0.6,0.6,0.65,936569,156647,85472,12.45
2026-09-08 13:53:26,23627.4,2026-09-08,23350.0,CE,294.15,293.3,294.35,7593,1125,915,17.94
2026-09-08 13:53:26,23627.4,2026-09-08,23350.0,PE,0.75,0.75,0.8,623824,75984,38638,11.1
2026-09-08 13:53:26,23627.4,2026-09-08,23400.0,CE,244.85,244.2,244.85,52298,6014,5118,15.85
2026-09-08 13:53:26,23627.4,2026-09-08,23400.0,PE,1.2,1.2,1.25,1423329,165758,93666,10.22
2026-09-08 13:53:26,23627.4,2026-09-08,23450.0,CE,195.55,194.6,195.05,73616,6575,5976,13.63
2026-09-08 13:53:26,23627.4,2026-09-08,23450.0,PE,1.8,1.75,1.8,2146797,159892,91785,8.91
2026-09-08 13:53:26,23627.4,2026-09-08,23500.0,CE,147.25,147.2,147.35,645444,45005,39780,11.41
2026-09-08 13:53:26,23627.4,2026-09-08,23500.0,PE,3.85,3.8,3.85,4922620,294467,124289,8.28
2026-09-08 13:53:26,23627.4,2026-09-08,23550.0,CE,101.4,101.4,101.7,812237,41859,40016,9.85
2026-09-08 13:53:26,23627.4,2026-09-08,23550.0,PE,8.3,8.3,8.35,6891134,303819,232570,7.51
2026-09-08 13:53:26,23627.4,2026-09-08,23600.0,CE,61.4,61.45,61.5,3961532,213080,203304,8.61
2026-09-08 13:53:26,23627.4,2026-09-08,23600.0,PE,18.35,18.35,18.4,14268645,583619,429632,7.01
2026-09-08 13:53:26,23627.4,2026-09-08,23650.0,CE,32.1,32.1,32.2,8099443,479863,468367,7.85
2026-09-08 13:53:26,23627.4,2026-09-08,23650.0,PE,38.35,38.25,38.35,17624463,475595,357718,6.51
2026-09-08 13:53:26,23627.4,2026-09-08,23700.0,CE,15.15,15.15,15.25,15767954,803434,758193,7.86
2026-09-08 13:53:26,23627.4,2026-09-08,23700.0,PE,71.4,71.2,71.4,15841251,316481,170800,6.17
2026-09-08 13:53:26,23627.4,2026-09-08,23750.0,CE,7.45,7.45,7.5,8973077,461014,379506,8.41
2026-09-08 13:53:26,23627.4,2026-09-08,23750.0,PE,114.35,114.45,114.7,5285176,96440,-14732,5.48
2026-09-08 13:53:26,23627.4,2026-09-08,23800.0,CE,4.15,4.15,4.2,8711557,524818,261511,9.23
2026-09-08 13:53:26,23627.4,2026-09-08,23800.0,PE,161.75,161.45,161.8,3238988,86289,-57576,
2026-09-08 13:53:26,23627.4,2026-09-08,23850.0,CE,2.55,2.55,2.6,4051893,267432,82946,10.13
2026-09-08 13:53:26,23627.4,2026-09-08,23850.0,PE,209.1,209.1,209.7,807319,32658,-21003,
2026-09-08 13:53:26,23627.4,2026-09-08,23900.0,CE,1.85,1.8,1.85,3940011,287540,26031,11.25
2026-09-08 13:53:26,23627.4,2026-09-08,23900.0,PE,259.45,258.95,259.3,534486,31370,-23011,
2026-09-08 13:53:26,23627.4,2026-09-08,23950.0,CE,1.45,1.45,1.5,2350421,196801,38305,12.36
2026-09-08 13:53:26,23627.4,2026-09-08,23950.0,PE,308.0,308.5,309.35,100833,13712,-13169,
2026-09-08 13:53:26,23627.4,2026-09-08,24000.0,CE,1.1,1.1,1.15,2740769,364454,39098,13.56
2026-09-08 13:53:26,23627.4,2026-09-08,24000.0,PE,356.05,355.95,357.1,155331,42445,-18189,
2026-09-08 13:53:26,23627.4,2026-09-08,24050.0,CE,0.85,0.85,0.9,1428842,151361,-79,14.54
2026-09-08 13:53:26,23627.4,2026-09-08,24050.0,PE,406.05,407.0,408.35,15881,6720,-3201,
2026-09-08 13:53:26,23627.4,2026-09-08,24100.0,CE,0.8,0.75,0.8,1690476,198070,-24786,15.67
2026-09-08 13:53:26,23627.4,2026-09-08,24100.0,PE,459.0,457.8,459.2,23579,13630,-4327,
2026-09-08 13:53:26,23627.4,2026-09-08,24150.0,CE,0.7,0.7,0.75,1158475,127814,17808,17.15
2026-09-08 13:53:26,23627.4,2026-09-08,24150.0,PE,505.4,506.35,508.4,5473,5827,-1560,
2026-09-08 13:54:26,23633.15,2026-09-08,23150.0,CE,492.85,493.3,494.55,238,91,62,26.49
2026-09-08 13:54:26,23633.15,2026-09-08,23150.0,PE,0.35,0.35,0.4,726127,74241,47215,16.03
2026-09-08 13:54:26,23633.15,2026-09-08,23200.0,CE,443.0,443.0,444.9,1505,477,314,26.25
2026-09-08 13:54:26,23633.15,2026-09-08,23200.0,PE,0.5,0.45,0.5,732193,142430,82747,15.01
2026-09-08 13:54:26,23633.15,2026-09-08,23250.0,CE,394.2,393.25,394.45,1619,468,438,23.15
2026-09-08 13:54:26,23633.15,2026-09-08,23250.0,PE,0.5,0.5,0.55,418519,70059,32606,13.85
2026-09-08 13:54:26,23633.15,2026-09-08,23300.0,CE,344.2,343.7,344.5,8077,1270,945,19.96
2026-09-08 13:54:26,23633.15,2026-09-08,23300.0,PE,0.6,0.6,0.65,944973,156254,85079,12.45
2026-09-08 13:54:26,23633.15,2026-09-08,23350.0,CE,292.45,293.55,294.5,7699,1205,995,17.94
2026-09-08 13:54:26,23633.15,2026-09-08,23350.0,PE,0.7,0.7,0.75,630774,75142,37796,11.1
2026-09-08 13:54:26,23633.15,2026-09-08,23400.0,CE,245.05,244.45,245.2,53596,5984,5088,15.85
2026-09-08 13:54:26,23633.15,2026-09-08,23400.0,PE,1.15,1.15,1.2,1451032,162557,90465,10.22
2026-09-08 13:54:26,23633.15,2026-09-08,23450.0,CE,195.55,195.35,195.85,75199,6394,5795,13.63
2026-09-08 13:54:26,23633.15,2026-09-08,23450.0,PE,1.65,1.65,1.7,2199259,164114,96007,8.91
2026-09-08 13:54:26,23633.15,2026-09-08,23500.0,CE,147.0,146.9,147.0,656429,47964,42739,11.41
2026-09-08 13:54:26,23633.15,2026-09-08,23500.0,PE,3.7,3.65,3.7,5021357,295580,125402,8.28
2026-09-08 13:54:26,23633.15,2026-09-08,23550.0,CE,101.15,101.2,101.45,830244,43834,41991,9.85
2026-09-08 13:54:26,23633.15,2026-09-08,23550.0,PE,7.85,7.85,7.9,7068488,305354,234105,7.51
2026-09-08 13:54:26,23633.15,2026-09-08,23600.0,CE,61.15,61.1,61.25,4050345,228208,218432,8.61
2026-09-08 13:54:26,23633.15,2026-09-08,23600.0,PE,18.0,17.95,18.05,14615207,547605,393618,7.01
2026-09-08 13:54:26,23633.15,2026-09-08,23650.0,CE,31.1,31.1,31.2,8286290,505677,494181,7.85
2026-09-08 13:54:26,23633.15,2026-09-08,23650.0,PE,38.4,38.25,38.4,17905636,437373,319496,6.51
2026-09-08 13:54:26,23633.15,2026-09-08,23700.0,CE,14.9,14.85,14.9,15985413,785782,740541,7.86
2026-09-08 13:54:26,23633.15,2026-09-08,23700.0,PE,71.7,71.75,71.9,15994206,265908,120227,6.17
2026-09-08 13:54:26,23633.15,2026-09-08,23750.0,CE,7.5,7.5,7.55,9083544,444647,363139,8.41
2026-09-08 13:54:26,23633.15,2026-09-08,23750.0,PE,114.05,114.0,114.3,5324511,85325,-25847,5.48
2026-09-08 13:54:26,23633.15,2026-09-08,23800.0,CE,4.25,4.25,4.3,8811925,518056,254749,9.23
2026-09-08 13:54:26,23633.15,2026-09-08,23800.0,PE,161.3,161.0,161.25,3260405,81485,-62380,
2026-09-08 13:54:26,23633.15,2026-09-08,23850.0,CE,2.65,2.65,2.7,4101977,263583,79097,10.13
2026-09-08 13:54:26,23633.15,2026-09-08,23850.0,PE,209.1,209.1,209.6,813168,31718,-21943,
2026-09-08 13:54:26,23633.15,2026-09-08,23900.0,CE,1.9,1.9,1.95,3988650,287373,25864,11.25
2026-09-08 13:54:26,23633.15,2026-09-08,23900.0,PE,259.2,258.45,259.15,537952,30550,-23831,
2026-09-08 13:54:26,23633.15,2026-09-08,23950.0,CE,1.45,1.4,1.45,2391135,197223,38727,12.36
2026-09-08 13:54:26,23633.15,2026-09-08,23950.0,PE,308.8,307.95,308.8,101490,13740,-13141,
2026-09-08 13:54:26,23633.15,2026-09-08,24000.0,CE,1.15,1.15,1.2,2768436,362236,36880,13.56
2026-09-08 13:54:26,23633.15,2026-09-08,24000.0,PE,358.0,357.65,358.05,156877,41996,-18638,
2026-09-08 13:54:26,23633.15,2026-09-08,24050.0,CE,0.9,0.85,0.9,1446700,153489,2049,14.54
2026-09-08 13:54:26,23633.15,2026-09-08,24050.0,PE,408.4,407.25,408.5,16025,6645,-3276,
2026-09-08 13:54:26,23633.15,2026-09-08,24100.0,CE,0.85,0.8,0.85,1707752,191185,-31671,15.67
2026-09-08 13:54:26,23633.15,2026-09-08,24100.0,PE,459.25,458.0,458.8,23829,13593,-4364,
2026-09-08 13:54:26,23633.15,2026-09-08,24150.0,CE,0.8,0.75,0.8,1170884,126557,16551,17.15
2026-09-08 13:54:26,23633.15,2026-09-08,24150.0,PE,509.0,506.6,508.2,5774,5674,-1713,
2026-09-08 13:55:26,23631.5,2026-09-08,23150.0,CE,493.3,496.7,499.05,239,91,62,26.49
2026-09-08 13:55:26,23631.5,2026-09-08,23150.0,PE,0.35,0.35,0.4,728000,74038,47012,16.03
2026-09-08 13:55:26,23631.5,2026-09-08,23200.0,CE,449.45,447.6,449.4,1514,478,315,26.25
2026-09-08 13:55:26,23631.5,2026-09-08,23200.0,PE,0.5,0.45,0.5,733221,142179,82496,15.01
2026-09-08 13:55:26,23631.5,2026-09-08,23250.0,CE,397.85,397.75,398.95,1671,462,432,23.15
2026-09-08 13:55:26,23631.5,2026-09-08,23250.0,PE,0.5,0.45,0.5,421328,70022,32569,13.85
2026-09-08 13:55:26,23631.5,2026-09-08,23300.0,CE,347.85,347.5,348.7,8147,1238,913,19.96
2026-09-08 13:55:26,23631.5,2026-09-08,23300.0,PE,0.6,0.55,0.6,951247,156959,85784,12.45
2026-09-08 13:55:26,23631.5,2026-09-08,23350.0,CE,298.95,298.35,299.35,7788,1207,997,17.94
2026-09-08 13:55:26,23631.5,2026-09-08,23350.0,PE,0.75,0.7,0.75,638577,72841,35495,11.1
2026-09-08 13:55:26,23631.5,2026-09-08,23400.0,CE,249.9,249.15,249.85,54574,6214,5318,15.85
2026-09-08 13:55:26,23631.5,2026-09-08,23400.0,PE,1.05,1.05,1.1,1465423,162217,90125,10.22
2026-09-08 13:55:26,23631.5,2026-09-08,23450.0,CE,199.15,199.15,199.7,76010,6452,5853,13.63
2026-09-08 13:55:26,23631.5,2026-09-08,23450.0,PE,1.55,1.5,1.55,2221183,163551,95444,8.91
2026-09-08 13:55:26,23631.5,2026-09-08,23500.0,CE,150.95,150.7,151.05,662227,48653,43428,11.41
2026-09-08 13:55:26,23631.5,2026-09-08,23500.0,PE,3.35,3.3,3.35,5075332,298783,128605,8.28
2026-09-08 13:55:26,23631.5,2026-09-08,23550.0,CE,105.05,104.8,105.1,841302,44885,43042,9.85
2026-09-08 13:55:26,23631.5,2026-09-08,23550.0,PE,7.05,7.0,7.05,7167925,309069,237820,7.51
2026-09-08 13:55:26,23631.5,2026-09-08,23600.0,CE,63.9,63.85,64.0,4100750,234706,224930,8.61
2026-09-08 13:55:26,23631.5,2026-09-08,23600.0,PE,16.5,16.5,16.55,14780199,556416,402429,7.01
2026-09-08 13:55:26,23631.5,2026-09-08,23650.0,CE,32.8,32.8,32.9,8389829,524613,513117,7.85
2026-09-08 13:55:26,23631.5,2026-09-08,23650.0,PE,36.0,35.85,36.0,18040010,432860,314983,6.51
2026-09-08 13:55:26,23631.5,2026-09-08,23700.0,CE,15.8,15.8,15.85,16077273,790210,744969,7.86
2026-09-08 13:55:26,23631.5,2026-09-08,23700.0,PE,68.0,67.9,68.0,16063527,263215,117534,6.17
2026-09-08 13:55:26,23631.5,2026-09-08,23750.0,CE,7.9,7.85,7.9,9129795,444909,363401,8.41
2026-09-08 13:55:26,23631.5,2026-09-08,23750.0,PE,110.75,110.35,110.65,5342512,85583,-25589,5.48
2026-09-08 13:55:26,23631.5,2026-09-08,23800.0,CE,4.6,4.55,4.6,8851510,520216,256909,9.23
2026-09-08 13:55:26,23631.5,2026-09-08,23800.0,PE,157.5,157.35,157.65,3270253,81262,-62603,
2026-09-08 13:55:26,23631.5,2026-09-08,23850.0,CE,2.8,2.8,2.85,4119958,261783,77297,10.13
2026-09-08 13:55:26,23631.5,2026-09-08,23850.0,PE,205.5,204.95,205.45,816531,30930,-22731,
2026-09-08 13:55:26,23631.5,2026-09-08,23900.0,CE,1.95,1.95,2.0,4012976,285227,23718,11.25
2026-09-08 13:55:26,23631.5,2026-09-08,23900.0,PE,255.0,254.05,254.35,539024,30563,-23818,
2026-09-08 13:55:26,23631.5,2026-09-08,23950.0,CE,1.5,1.45,1.5,2416017,197175,38679,12.36
2026-09-08 13:55:26,23631.5,2026-09-08,23950.0,PE,303.75,303.65,304.5,101663,13775,-13106,
2026-09-08 13:55:26,23631.5,2026-09-08,24000.0,CE,1.2,1.15,1.2,2797234,362761,37405,13.56
2026-09-08 13:55:26,23631.5,2026-09-08,24000.0,PE,353.45,352.9,353.8,157244,41908,-18726,
2026-09-08 13:55:26,23631.5,2026-09-08,24050.0,CE,0.95,0.9,0.95,1452170,151597,157,14.54
2026-09-08 13:55:26,23631.5,2026-09-08,24050.0,PE,404.0,402.7,404.05,16068,6650,-3271,
2026-09-08 13:55:26,23631.5,2026-09-08,24100.0,CE,0.85,0.85,0.9,1713605,190795,-32061,15.67
2026-09-08 13:55:26,23631.5,2026-09-08,24100.0,PE,454.8,452.95,454.25,23878,13546,-4411,
2026-09-08 13:55:26,23631.5,2026-09-08,24150.0,CE,0.8,0.75,0.8,1180531,126499,16493,17.15
2026-09-08 13:55:26,23631.5,2026-09-08,24150.0,PE,502.5,502.0,503.8,5801,5670,-1717,
2026-09-08 13:56:26,23633.85,2026-09-08,23150.0,CE,493.3,496.4,498.5,239,91,62,26.49
2026-09-08 13:56:26,23633.85,2026-09-08,23150.0,PE,0.4,0.35,0.4,730259,73426,46400,16.03
2026-09-08 13:56:26,23633.85,2026-09-08,23200.0,CE,446.2,446.6,448.3,1516,480,317,26.25
2026-09-08 13:56:26,23633.85,2026-09-08,23200.0,PE,0.45,0.45,0.5,733740,142139,82456,15.01
2026-09-08 13:56:26,23633.85,2026-09-08,23250.0,CE,396.35,396.7,397.9,1672,462,432,23.15
2026-09-08 13:56:26,23633.85,2026-09-08,23250.0,PE,0.5,0.45,0.5,421889,69080,31627,13.85
2026-09-08 13:56:26,23633.85,2026-09-08,23300.0,CE,347.0,347.3,348.0,8175,1229,904,19.96
2026-09-08 13:56:26,23633.85,2026-09-08,23300.0,PE,0.6,0.55,0.6,953280,157087,85912,12.45
2026-09-08 13:56:26,23633.85,2026-09-08,23350.0,CE,298.0,297.15,298.05,7823,1162,952,17.94
2026-09-08 13:56:26,23633.85,2026-09-08,23350.0,PE,0.7,0.7,0.75,640766,72489,35143,11.1
2026-09-08 13:56:26,23633.85,2026-09-08,23400.0,CE,248.4,248.0,248.6,55035,6279,5383,15.85
2026-09-08 13:56:26,23633.85,2026-09-08,23400.0,PE,1.1,1.05,1.1,1471686,161372,89280,10.22
2026-09-08 13:56:26,23633.85,2026-09-08,23450.0,CE,199.2,199.2,199.3,76335,6456,5857,13.63
2026-09-08 13:56:26,23633.85,2026-09-08,23450.0,PE,1.65,1.65,1.7,2243387,163492,95385,8.91
2026-09-08 13:56:26,23633.85,2026-09-08,23500.0,CE,150.9,150.7,150.9,664929,47880,42655,11.41
2026-09-08 13:56:26,23633.85,2026-09-08,23500.0,PE,3.45,3.45,3.5,5100202,298703,128525,8.28
2026-09-08 13:56:26,23633.85,2026-09-08,23550.0,CE,104.45,104.4,104.5,845416,44220,42377,9.85
2026-09-08 13:56:26,23633.85,2026-09-08,23550.0,PE,7.45,7.45,7.5,7220011,311285,240036,7.51
2026-09-08 13:56:26,23633.85,2026-09-08,23600.0,CE,63.6,63.65,63.8,4124032,231972,222196,8.61
2026-09-08 13:56:26,23633.85,2026-09-08,23600.0,PE,17.3,17.3,17.35,14881187,558130,404143,7.01
2026-09-08 13:56:26,23633.85,2026-09-08,23650.0,CE,33.1,33.0,33.1,8447683,533539,522043,7.85
2026-09-08 13:56:26,23633.85,2026-09-08,23650.0,PE,36.75,36.65,36.75,18120542,438939,321062,6.51
2026-09-08 13:56:26,23633.85,2026-09-08,23700.0,CE,15.95,15.9,15.95,16132478,790358,745117,7.86
2026-09-08 13:56:26,23633.85,2026-09-08,23700.0,PE,69.2,69.0,69.2,16099010,262006,116325,6.17
2026-09-08 13:56:26,23633.85,2026-09-08,23750.0,CE,7.9,7.9,7.95,9150396,446289,364781,8.41
2026-09-08 13:56:26,23633.85,2026-09-08,23750.0,PE,110.8,110.85,111.0,5351007,84687,-26485,5.48
2026-09-08 13:56:26,23633.85,2026-09-08,23800.0,CE,4.6,4.55,4.6,8874370,523277,259970,9.23
2026-09-08 13:56:26,23633.85,2026-09-08,23800.0,PE,157.85,157.85,158.0,3274924,81309,-62556,
2026-09-08 13:56:26,23633.85,2026-09-08,23850.0,CE,2.8,2.8,2.85,4129657,262937,78451,10.13
2026-09-08 13:56:26,23633.85,2026-09-08,23850.0,PE,205.75,205.3,205.9,817561,30779,-22882,
2026-09-08 13:56:26,23633.85,2026-09-08,23900.0,CE,2.0,2.0,2.05,4027563,284063,22554,11.25
2026-09-08 13:56:26,23633.85,2026-09-08,23900.0,PE,255.45,255.05,255.8,539448,30566,-23815,
2026-09-08 13:56:26,23633.85,2026-09-08,23950.0,CE,1.5,1.5,1.55,2420948,198551,40055,12.36
2026-09-08 13:56:26,23633.85,2026-09-08,23950.0,PE,304.2,304.75,305.55,101762,13735,-13146,
2026-09-08 13:56:26,23633.85,2026-09-08,24000.0,CE,1.2,1.2,1.25,2810332,364930,39574,13.56
2026-09-08 13:56:26,23633.85,2026-09-08,24000.0,PE,353.15,353.65,354.65,157402,41913,-18721,
2026-09-08 13:56:26,23633.85,2026-09-08,24050.0,CE,1.0,0.95,1.0,1454900,149037,-2403,14.54
2026-09-08 13:56:26,23633.85,2026-09-08,24050.0,PE,404.85,403.6,404.9,16079,6652,-3269,
2026-09-08 13:56:26,23633.85,2026-09-08,24100.0,CE,0.85,0.85,0.9,1718755,190827,-32029,15.67
2026-09-08 13:56:26,23633.85,2026-09-08,24100.0,PE,454.9,453.65,455.0,23900,13544,-4413,
2026-09-08 13:56:26,23633.85,2026-09-08,24150.0,CE,0.8,0.75,0.8,1183816,129538,19532,17.15
2026-09-08 13:56:26,23633.85,2026-09-08,24150.0,PE,502.85,502.9,504.65,5815,5655,-1732,
2026-09-08 13:57:27,23634.45,2026-09-08,23150.0,CE,493.3,499.0,500.9,239,91,62,26.49
2026-09-08 13:57:27,23634.45,2026-09-08,23150.0,PE,0.4,0.4,0.45,739076,71474,44448,16.03
2026-09-08 13:57:27,23634.45,2026-09-08,23200.0,CE,451.2,449.5,451.15,1519,481,318,26.25
2026-09-08 13:57:27,23634.45,2026-09-08,23200.0,PE,0.45,0.45,0.5,735575,141932,82249,15.01
2026-09-08 13:57:27,23634.45,2026-09-08,23250.0,CE,401.1,398.9,401.1,1690,458,428,23.15
2026-09-08 13:57:27,23634.45,2026-09-08,23250.0,PE,0.5,0.45,0.5,428260,69078,31625,13.85
2026-09-08 13:57:27,23634.45,2026-09-08,23300.0,CE,350.45,350.35,351.3,8192,1219,894,19.96
2026-09-08 13:57:27,23634.45,2026-09-08,23300.0,PE,0.6,0.55,0.6,954157,156250,85075,12.45
2026-09-08 13:57:27,23634.45,2026-09-08,23350.0,CE,301.0,300.15,301.05,7854,1167,957,17.94
2026-09-08 13:57:27,23634.45,2026-09-08,23350.0,PE,0.7,0.65,0.7,648929,74715,37369,11.1
2026-09-08 13:57:27,23634.45,2026-09-08,23400.0,CE,251.0,251.0,251.6,55476,6373,5477,15.85
2026-09-08 13:57:27,23634.45,2026-09-08,23400.0,PE,1.1,1.05,1.1,1474082,162495,90403,10.22
2026-09-08 13:57:27,23634.45,2026-09-08,23450.0,CE,201.8,201.4,201.85,76865,6489,5890,13.63
2026-09-08 13:57:27,23634.45,2026-09-08,23450.0,PE,1.65,1.65,1.7,2252232,164676,96569,8.91
2026-09-08 13:57:27,23634.45,2026-09-08,23500.0,CE,153.55,153.1,153.45,668154,48166,42941,11.41
2026-09-08 13:57:27,23634.45,2026-09-08,23500.0,PE,3.4,3.4,3.45,5120097,298656,128478,8.28
2026-09-08 13:57:27,23634.45,2026-09-08,23550.0,CE,106.8,106.8,107.0,851353,44438,42595,9.85
2026-09-08 13:57:27,23634.45,2026-09-08,23550.0,PE,7.25,7.25,7.3,7256970,317928,246679,7.51
2026-09-08 13:57:27,23634.45,2026-09-08,23600.0,CE,66.05,65.9,66.05,4150631,231628,221852,8.61
2026-09-08 13:57:27,23634.45,2026-09-08,23600.0,PE,16.7,16.65,16.7,14958489,573461,419474,7.01
2026-09-08 13:57:27,23634.45,2026-09-08,23650.0,CE,34.75,34.65,34.75,8501554,538630,527134,7.85
2026-09-08 13:57:27,23634.45,2026-09-08,23650.0,PE,35.0,35.0,35.1,18197215,447681,329804,6.51
2026-09-08 13:57:27,23634.45,2026-09-08,23700.0,CE,16.75,16.75,16.8,16185359,792023,746782,7.86
2026-09-08 13:57:27,23634.45,2026-09-08,23700.0,PE,66.8,66.8,66.95,16150166,263259,117578,6.17
2026-09-08 13:57:27,23634.45,2026-09-08,23750.0,CE,8.45,8.4,8.45,9169309,444532,363024,8.41
2026-09-08 13:57:27,23634.45,2026-09-08,23750.0,PE,108.3,108.3,108.6,5361082,84878,-26294,5.48
2026-09-08 13:57:27,23634.45,2026-09-08,23800.0,CE,4.9,4.85,4.9,8894035,524585,261278,9.23
2026-09-08 13:57:27,23634.45,2026-09-08,23800.0,PE,155.3,155.35,155.6,3280420,81367,-62498,
2026-09-08 13:57:27,23634.45,2026-09-08,23850.0,CE,2.9,2.9,2.95,4137011,261890,77404,10.13
2026-09-08 13:57:27,23634.45,2026-09-08,23850.0,PE,202.8,202.8,203.35,818496,30728,-22933,
2026-09-08 13:57:27,23634.45,2026-09-08,23900.0,CE,2.0,2.0,2.05,4040614,284884,23375,11.25
2026-09-08 13:57:27,23634.45,2026-09-08,23900.0,PE,252.9,252.6,252.9,540192,30475,-23906,
2026-09-08 13:57:27,23634.45,2026-09-08,23950.0,CE,1.55,1.5,1.55,2431225,198927,40431,12.36
2026-09-08 13:57:27,23634.45,2026-09-08,23950.0,PE,302.6,302.0,302.75,101932,13751,-13130,
2026-09-08 13:57:27,23634.45,2026-09-08,24000.0,CE,1.2,1.2,1.25,2817705,365171,39815,13.56
2026-09-08 13:57:27,23634.45,2026-09-08,24000.0,PE,350.85,350.85,351.4,157873,41812,-18822,
2026-09-08 13:57:27,23634.45,2026-09-08,24050.0,CE,1.0,0.95,1.0,1459780,148167,-3273,14.54
2026-09-08 13:57:27,23634.45,2026-09-08,24050.0,PE,401.5,400.8,402.1,16091,6649,-3272,
2026-09-08 13:57:27,23634.45,2026-09-08,24100.0,CE,0.9,0.85,0.9,1720810,190458,-32398,15.67
2026-09-08 13:57:27,23634.45,2026-09-08,24100.0,PE,451.2,450.95,452.15,23920,13537,-4420,
2026-09-08 13:57:27,23634.45,2026-09-08,24150.0,CE,0.8,0.75,0.8,1186362,129848,19842,17.15
2026-09-08 13:57:27,23634.45,2026-09-08,24150.0,PE,499.5,500.05,501.0,5869,5653,-1734,
2026-09-08 13:58:27,23632.55,2026-09-08,23150.0,CE,493.3,499.6,502.5,239,91,62,26.49
2026-09-08 13:58:27,23632.55,2026-09-08,23150.0,PE,0.4,0.4,0.45,740380,69336,42310,16.03
2026-09-08 13:58:27,23632.55,2026-09-08,23200.0,CE,451.2,450.7,452.45,1523,481,318,26.25
2026-09-08 13:58:27,23632.55,2026-09-08,23200.0,PE,0.45,0.45,0.5,736398,140868,81185,15.01
2026-09-08 13:58:27,23632.55,2026-09-08,23250.0,CE,401.1,400.35,402.05,1690,458,428,23.15
2026-09-08 13:58:27,23632.55,2026-09-08,23250.0,PE,0.45,0.45,0.5,429856,68705,31252,13.85
2026-09-08 13:58:27,23632.55,2026-09-08,23300.0,CE,350.25,350.65,351.7,8208,1218,893,19.96
2026-09-08 13:58:27,23632.55,2026-09-08,23300.0,PE,0.55,0.55,0.6,954977,155457,84282,12.45
2026-09-08 13:58:27,23632.55,2026-09-08,23350.0,CE,301.55,301.0,301.95,7866,1169,959,17.94
2026-09-08 13:58:27,23632.55,2026-09-08,23350.0,PE,0.65,0.65,0.7,652062,74880,37534,11.1
2026-09-08 13:58:27,23632.55,2026-09-08,23400.0,CE,252.05,252.0,252.75,55836,6537,5641,15.85
2026-09-08 13:58:27,23632.55,2026-09-08,23400.0,PE,1.0,1.0,1.05,1479176,162603,90511,10.22
2026-09-08 13:58:27,23632.55,2026-09-08,23450.0,CE,203.0,202.7,203.15,77203,6425,5826,13.63
2026-09-08 13:58:27,23632.55,2026-09-08,23450.0,PE,1.55,1.55,1.6,2266945,163595,95488,8.91
2026-09-08 13:58:27,23632.55,2026-09-08,23500.0,CE,154.75,154.35,154.75,669605,47588,42363,11.41
2026-09-08 13:58:27,23632.55,2026-09-08,23500.0,PE,3.35,3.3,3.35,5140364,300282,130104,8.28
2026-09-08 13:58:27,23632.55,2026-09-08,23550.0,CE,108.0,108.1,108.35,855330,43633,41790,9.85
2026-09-08 13:58:27,23632.55,2026-09-08,23550.0,PE,7.0,6.95,7.0,7280919,319385,248136,7.51
2026-09-08 13:58:27,23632.55,2026-09-08,23600.0,CE,66.8,66.6,66.8,4167907,229395,219619,8.61
2026-09-08 13:58:27,23632.55,2026-09-08,23600.0,PE,16.4,16.35,16.4,15002944,582884,428897,7.01
2026-09-08 13:58:27,23632.55,2026-09-08,23650.0,CE,35.2,35.1,35.2,8538123,537447,525951,7.85
2026-09-08 13:58:27,23632.55,2026-09-08,23650.0,PE,34.65,34.5,34.6,18235825,449803,331926,6.51
2026-09-08 13:58:27,23632.55,2026-09-08,23700.0,CE,17.0,16.95,17.0,16225301,782534,737293,7.86
2026-09-08 13:58:27,23632.55,2026-09-08,23700.0,PE,66.0,66.0,66.05,16178635,263244,117563,6.17
2026-09-08 13:58:27,23632.55,2026-09-08,23750.0,CE,8.5,8.45,8.5,9193244,442901,361393,8.41
2026-09-08 13:58:27,23632.55,2026-09-08,23750.0,PE,107.65,107.4,107.7,5366040,84308,-26864,5.48
2026-09-08 13:58:27,23632.55,2026-09-08,23800.0,CE,4.75,4.75,4.8,8916821,526043,262736,9.23
2026-09-08 13:58:27,23632.55,2026-09-08,23800.0,PE,154.15,154.0,154.3,3283533,81591,-62274,
2026-09-08 13:58:27,23632.55,2026-09-08,23850.0,CE,2.95,2.9,2.95,4149445,261542,77056,10.13
2026-09-08 13:58:27,23632.55,2026-09-08,23850.0,PE,202.7,202.15,202.4,819034,30658,-23003,
2026-09-08 13:58:27,23632.55,2026-09-08,23900.0,CE,2.0,2.0,2.05,4060161,281251,19742,11.25
2026-09-08 13:58:27,23632.55,2026-09-08,23900.0,PE,251.5,251.05,251.65,540692,30600,-23781,
2026-09-08 13:58:27,23632.55,2026-09-08,23950.0,CE,1.6,1.55,1.6,2440959,196715,38219,12.36
2026-09-08 13:58:27,23632.55,2026-09-08,23950.0,PE,302.0,301.05,301.75,102058,13765,-13116,
2026-09-08 13:58:27,23632.55,2026-09-08,24000.0,CE,1.2,1.2,1.25,2824619,363815,38459,13.56
2026-09-08 13:58:27,23632.55,2026-09-08,24000.0,PE,351.0,349.5,350.4,158009,41635,-18999,
2026-09-08 13:58:27,23632.55,2026-09-08,24050.0,CE,1.0,0.95,1.0,1463389,147858,-3582,14.54
2026-09-08 13:58:27,23632.55,2026-09-08,24050.0,PE,402.0,399.8,401.35,16102,6648,-3273,
2026-09-08 13:58:27,23632.55,2026-09-08,24100.0,CE,0.9,0.85,0.9,1726132,189882,-32974,15.67
2026-09-08 13:58:27,23632.55,2026-09-08,24100.0,PE,451.75,449.65,451.15,23935,13538,-4419,
2026-09-08 13:58:27,23632.55,2026-09-08,24150.0,CE,0.8,0.75,0.8,1190030,129413,19407,17.15
2026-09-08 13:58:27,23632.55,2026-09-08,24150.0,PE,499.25,498.55,500.35,5983,5645,-1742,
2026-09-08 13:59:27,23635.45,2026-09-08,23150.0,CE,493.3,501.9,504.15,239,91,62,26.49
2026-09-08 13:59:27,23635.45,2026-09-08,23150.0,PE,0.4,0.35,0.4,747641,69282,42256,16.03
2026-09-08 13:59:27,23635.45,2026-09-08,23200.0,CE,453.65,452.75,454.15,1537,486,323,26.25
2026-09-08 13:59:27,23635.45,2026-09-08,23200.0,PE,0.45,0.45,0.5,737881,139925,80242,15.01
2026-09-08 13:59:27,23635.45,2026-09-08,23250.0,CE,401.1,402.2,403.95,1690,458,428,23.15
2026-09-08 13:59:27,23635.45,2026-09-08,23250.0,PE,0.45,0.45,0.5,430850,68969,31516,13.85
2026-09-08 13:59:27,23635.45,2026-09-08,23300.0,CE,354.0,352.8,353.95,8238,1204,879,19.96
2026-09-08 13:59:27,23635.45,2026-09-08,23300.0,PE,0.55,0.55,0.6,956509,155542,84367,12.45
2026-09-08 13:59:27,23635.45,2026-09-08,23350.0,CE,302.15,303.1,304.0,7904,1166,956,17.94
2026-09-08 13:59:27,23635.45,2026-09-08,23350.0,PE,0.65,0.65,0.7,654286,74783,37437,11.1
2026-09-08 13:59:27,23635.45,2026-09-08,23400.0,CE,254.55,253.65,254.25,56107,6445,5549,15.85
2026-09-08 13:59:27,23635.45,2026-09-08,23400.0,PE,1.0,0.95,1.0,1490234,161535,89443,10.22
2026-09-08 13:59:27,23635.45,2026-09-08,23450.0,CE,204.85,204.2,204.7,78096,6651,6052,13.63
2026-09-08 13:59:27,23635.45,2026-09-08,23450.0,PE,1.45,1.45,1.5,2292316,164636,96529,8.91
2026-09-08 13:59:27,23635.45,2026-09-08,23500.0,CE,156.0,156.0,156.2,673779,46935,41710,11.41
2026-09-08 13:59:27,23635.45,2026-09-08,23500.0,PE,3.25,3.25,3.3,5172850,303878,133700,8.28
2026-09-08 13:59:27,23635.45,2026-09-08,23550.0,CE,109.7,109.35,109.7,863194,44227,42384,9.85
2026-09-08 13:59:27,23635.45,2026-09-08,23550.0,PE,6.95,6.9,6.95,7332262,326458,255209,7.51
2026-09-08 13:59:27,23635.45,2026-09-08,23600.0,CE,68.4,68.2,68.4,4205149,228893,219117,8.61
2026-09-08 13:59:27,23635.45,2026-09-08,23600.0,PE,16.0,16.0,16.1,15101174,597693,443706,7.01
2026-09-08 13:59:27,23635.45,2026-09-08,23650.0,CE,36.35,36.25,36.4,8607039,541234,529738,7.85
2026-09-08 13:59:27,23635.45,2026-09-08,23650.0,PE,33.95,33.9,34.0,18321986,460945,343068,6.51
2026-09-08 13:59:27,23635.45,2026-09-08,23700.0,CE,17.45,17.45,17.5,16296144,779584,734343,7.86
2026-09-08 13:59:27,23635.45,2026-09-08,23700.0,PE,65.15,64.95,65.15,16221838,267814,122133,6.17
2026-09-08 13:59:27,23635.45,2026-09-08,23750.0,CE,8.65,8.6,8.65,9226750,438981,357473,8.41
2026-09-08 13:59:27,23635.45,2026-09-08,23750.0,PE,106.25,105.95,106.25,5376968,84699,-26473,5.48
2026-09-08 13:59:27,23635.45,2026-09-08,23800.0,CE,4.8,4.75,4.8,8947935,527381,264074,9.23
2026-09-08 13:59:27,23635.45,2026-09-08,23800.0,PE,152.6,152.3,152.65,3290125,81284,-62581,
2026-09-08 13:59:27,23635.45,2026-09-08,23850.0,CE,2.9,2.85,2.9,4182604,261087,76601,10.13
2026-09-08 13:59:27,23635.45,2026-09-08,23850.0,PE,200.15,200.0,200.4,820134,30641,-23020,
2026-09-08 13:59:27,23635.45,2026-09-08,23900.0,CE,1.95,1.9,1.95,4092764,283167,21658,11.25
2026-09-08 13:59:27,23635.45,2026-09-08,23900.0,PE,249.6,249.45,250.0,541378,30654,-23727,
2026-09-08 13:59:27,23635.45,2026-09-08,23950.0,CE,1.5,1.5,1.55,2453766,197533,39037,12.36
2026-09-08 13:59:27,23635.45,2026-09-08,23950.0,PE,300.0,299.0,299.85,102160,13758,-13123,
2026-09-08 13:59:27,23635.45,2026-09-08,24000.0,CE,1.2,1.2,1.25,2829456,362436,37080,13.56
2026-09-08 13:59:27,23635.45,2026-09-08,24000.0,PE,348.0,348.0,348.65,158171,41612,-19022,
2026-09-08 13:59:27,23635.45,2026-09-08,24050.0,CE,0.95,0.95,1.0,1465324,147297,-4143,14.54
2026-09-08 13:59:27,23635.45,2026-09-08,24050.0,PE,399.15,397.95,399.0,16152,6635,-3286,
2026-09-08 13:59:27,23635.45,2026-09-08,24100.0,CE,0.85,0.85,0.9,1728859,190496,-32360,15.67
2026-09-08 13:59:27,23635.45,2026-09-08,24100.0,PE,449.85,448.25,449.6,23965,13537,-4420,
2026-09-08 13:59:27,23635.45,2026-09-08,24150.0,CE,0.8,0.75,0.8,1192641,129614,19608,17.15
2026-09-08 13:59:27,23635.45,2026-09-08,24150.0,PE,498.95,497.15,498.95,6017,5654,-1733,
2026-09-08 14:00:27,23634.75,2026-09-08,23150.0,CE,502.55,500.55,502.45,240,91,62,26.49
2026-09-08 14:00:27,23634.75,2026-09-08,23150.0,PE,0.35,0.35,0.4,751249,68637,41611,16.03
2026-09-08 14:00:27,23634.75,2026-09-08,23200.0,CE,452.05,450.8,452.55,1539,486,323,26.25
2026-09-08 14:00:27,23634.75,2026-09-08,23200.0,PE,0.5,0.45,0.5,738350,139925,80242,15.01
2026-09-08 14:00:27,23634.75,2026-09-08,23250.0,CE,401.1,400.95,402.25,1692,458,428,23.15
2026-09-08 14:00:27,23634.75,2026-09-08,23250.0,PE,0.5,0.45,0.5,431237,69061,31608,13.85
2026-09-08 14:00:27,23634.75,2026-09-08,23300.0,CE,348.3,351.2,352.45,8265,1204,879,19.96
2026-09-08 14:00:27,23634.75,2026-09-08,23300.0,PE,0.6,0.55,0.6,956995,155542,84367,12.45
2026-09-08 14:00:27,23634.75,2026-09-08,23350.0,CE,300.4,301.25,302.25,7906,1151,941,17.94
2026-09-08 14:00:27,23634.75,2026-09-08,23350.0,PE,0.7,0.65,0.7,655179,74783,37437,11.1
2026-09-08 14:00:27,23634.75,2026-09-08,23400.0,CE,253.6,252.1,252.85,56243,6445,5549,15.85
2026-09-08 14:00:27,23634.75,2026-09-08,23400.0,PE,1.0,1.0,1.05,1497133,161535,89443,10.22
2026-09-08 14:00:27,23634.75,2026-09-08,23450.0,CE,203.05,202.55,203.1,78547,6546,5947,13.63
2026-09-08 14:00:27,23634.75,2026-09-08,23450.0,PE,1.55,1.55,1.6,2306134,164598,96491,8.91
2026-09-08 14:00:27,23634.75,2026-09-08,23500.0,CE,154.8,154.6,155.0,675440,47094,41869,11.41
2026-09-08 14:00:27,23634.75,2026-09-08,23500.0,PE,3.4,3.4,3.45,5184107,305015,134837,8.28
2026-09-08 14:00:27,23634.75,2026-09-08,23550.0,CE,108.7,108.45,108.75,866578,44439,42596,9.85
2026-09-08 14:00:27,23634.75,2026-09-08,23550.0,PE,7.3,7.25,7.3,7359902,328644,257395,7.51
2026-09-08 14:00:27,23634.75,2026-09-08,23600.0,CE,67.65,67.4,67.55,4223765,229789,220013,8.61
2026-09-08 14:00:27,23634.75,2026-09-08,23600.0,PE,16.7,16.6,16.7,15170824,599323,445336,7.01
2026-09-08 14:00:27,23634.75,2026-09-08,23650.0,CE,35.7,35.6,35.7,8640161,541234,529738,7.85
2026-09-08 14:00:27,23634.75,2026-09-08,23650.0,PE,35.0,34.9,35.0,18379977,460945,343068,6.51
2026-09-08 14:00:27,23634.75,2026-09-08,23700.0,CE,17.25,17.25,17.3,16326857,779584,734343,7.86
2026-09-08 14:00:27,23634.75,2026-09-08,23700.0,PE,66.05,66.05,66.2,16248965,267814,122133,6.17
2026-09-08 14:00:27,23634.75,2026-09-08,23750.0,CE,8.55,8.5,8.55,9247910,438981,357473,8.41
2026-09-08 14:00:27,23634.75,2026-09-08,23750.0,PE,107.65,107.35,107.65,5383325,84699,-26473,5.48
2026-09-08 14:00:27,23634.75,2026-09-08,23800.0,CE,4.75,4.7,4.75,8964642,525029,261722,9.23
2026-09-08 14:00:27,23634.75,2026-09-08,23800.0,PE,153.7,153.65,154.05,3293942,81321,-62544,
2026-09-08 14:00:27,23634.75,2026-09-08,23850.0,CE,2.9,2.85,2.9,4195260,261559,77073,10.13
2026-09-08 14:00:27,23634.75,2026-09-08,23850.0,PE,201.6,201.2,201.7,820640,30629,-23032,
2026-09-08 14:00:27,23634.75,2026-09-08,23900.0,CE,1.95,1.95,2.0,4099605,284249,22740,11.25
2026-09-08 14:00:27,23634.75,2026-09-08,23900.0,PE,251.35,250.75,251.45,541847,30610,-23771,
2026-09-08 14:00:27,23634.75,2026-09-08,23950.0,CE,1.5,1.5,1.55,2464968,197346,38850,12.36
2026-09-08 14:00:27,23634.75,2026-09-08,23950.0,PE,301.0,300.35,301.25,102208,13758,-13123,
2026-09-08 14:00:27,23634.75,2026-09-08,24000.0,CE,1.25,1.2,1.25,2833189,362436,37080,13.56
2026-09-08 14:00:27,23634.75,2026-09-08,24000.0,PE,351.45,349.35,350.35,158264,41612,-19022,
2026-09-08 14:00:27,23634.75,2026-09-08,24050.0,CE,0.95,0.95,1.0,1466784,147297,-4143,14.54
2026-09-08 14:00:27,23634.75,2026-09-08,24050.0,PE,400.45,399.2,400.5,16188,6635,-3286,
2026-09-08 14:00:27,23634.75,2026-09-08,24100.0,CE,0.8,0.8,0.85,1732971,190496,-32360,15.67
2026-09-08 14:00:27,23634.75,2026-09-08,24100.0,PE,452.45,448.85,451.05,24012,13537,-4420,
2026-09-08 14:00:27,23634.75,2026-09-08,24150.0,CE,0.7,0.7,0.75,1196947,127785,17779,17.15
2026-09-08 14:00:27,23634.75,2026-09-08,24150.0,PE,500.05,498.4,500.25,6024,5654,-1733,
2026-09-08 14:01:27,23637.65,2026-09-08,23150.0,CE,500.8,502.85,505.05,241,92,63,28.1
2026-09-08 14:01:27,23637.65,2026-09-08,23150.0,PE,0.4,0.35,0.4,752007,68679,41653,15.82
2026-09-08 14:01:27,23637.65,2026-09-08,23200.0,CE,452.05,453.9,455.5,1539,486,323,25.6
2026-09-08 14:01:27,23637.65,2026-09-08,23200.0,PE,0.5,0.45,0.5,738970,139747,80064,14.98
2026-09-08 14:01:27,23637.65,2026-09-08,23250.0,CE,404.0,403.2,404.7,1695,450,420,22.85
2026-09-08 14:01:27,23637.65,2026-09-08,23250.0,PE,0.5,0.45,0.5,431430,69056,31603,13.47
2026-09-08 14:01:27,23637.65,2026-09-08,23300.0,CE,354.0,353.45,354.45,8273,1188,863,20.55
2026-09-08 14:01:27,23637.65,2026-09-08,23300.0,PE,0.6,0.55,0.6,957143,155414,84239,12.08
2026-09-08 14:01:27,23637.65,2026-09-08,23350.0,CE,304.0,303.75,304.75,7926,1151,941,17.96
2026-09-08 14:01:27,23637.65,2026-09-08,23350.0,PE,0.7,0.65,0.7,655572,74841,37495,10.76
2026-09-08 14:01:27,23637.65,2026-09-08,23400.0,CE,255.0,254.35,255.05,56355,6431,5535,16.06
2026-09-08 14:01:27,23637.65,2026-09-08,23400.0,PE,1.0,1.0,1.05,1499731,165450,93358,9.75
2026-09-08 14:01:27,23637.65,2026-09-08,23450.0,CE,204.95,204.9,205.4,78798,6519,5920,13.7
2026-09-08 14:01:27,23637.65,2026-09-08,23450.0,PE,1.5,1.45,1.5,2312974,164913,96806,8.64
2026-09-08 14:01:27,23637.65,2026-09-08,23500.0,CE,156.45,156.6,156.95,676489,47304,42079,11.69
2026-09-08 14:01:27,23637.65,2026-09-08,23500.0,PE,3.15,3.15,3.2,5201556,306715,136537,8.05
2026-09-08 14:01:27,23637.65,2026-09-08,23550.0,CE,110.3,110.05,110.3,868862,44594,42751,9.85
2026-09-08 14:01:27,23637.65,2026-09-08,23550.0,PE,6.75,6.75,6.8,7389308,327748,256499,7.35
2026-09-08 14:01:27,23637.65,2026-09-08,23600.0,CE,69.05,68.85,69.05,4235734,231649,221873,8.62
2026-09-08 14:01:27,23637.65,2026-09-08,23600.0,PE,15.7,15.65,15.75,15222432,595865,441878,6.83
2026-09-08 14:01:27,23637.65,2026-09-08,23650.0,CE,36.75,36.65,36.75,8666786,540946,529450,7.89
2026-09-08 14:01:27,23637.65,2026-09-08,23650.0,PE,33.55,33.55,33.65,18424640,459894,342017,6.27
2026-09-08 14:01:27,23637.65,2026-09-08,23700.0,CE,18.1,18.0,18.05,16351648,775733,730492,7.99
2026-09-08 14:01:27,23637.65,2026-09-08,23700.0,PE,64.35,64.35,64.55,16268209,270184,124503,5.81
2026-09-08 14:01:27,23637.65,2026-09-08,23750.0,CE,8.9,8.9,8.95,9260543,437768,356260,8.5
2026-09-08 14:01:27,23637.65,2026-09-08,23750.0,PE,105.4,105.4,105.7,5388387,85092,-26080,
2026-09-08 14:01:27,23637.65,2026-09-08,23800.0,CE,5.0,4.95,5.0,8978817,526201,262894,9.41
2026-09-08 14:01:27,23637.65,2026-09-08,23800.0,PE,151.55,151.6,151.95,3296514,81436,-62429,
2026-09-08 14:01:27,23637.65,2026-09-08,23850.0,CE,2.95,2.95,3.0,4204053,261909,77423,10.38
2026-09-08 14:01:27,23637.65,2026-09-08,23850.0,PE,199.65,199.05,199.6,821119,30603,-23058,
2026-09-08 14:01:27,23637.65,2026-09-08,23900.0,CE,2.05,2.0,2.05,4108458,283975,22466,11.47
2026-09-08 14:01:27,23637.65,2026-09-08,23900.0,PE,248.4,248.65,249.3,542179,30628,-23753,
2026-09-08 14:01:27,23637.65,2026-09-08,23950.0,CE,1.55,1.55,1.6,2468856,196117,37621,12.61
2026-09-08 14:01:27,23637.65,2026-09-08,23950.0,PE,298.75,298.1,298.85,102291,13762,-13119,
2026-09-08 14:01:27,23637.65,2026-09-08,24000.0,CE,1.2,1.2,1.25,2835479,361962,36606,13.97
2026-09-08 14:01:27,23637.65,2026-09-08,24000.0,PE,348.1,347.15,348.0,158423,41620,-19014,
2026-09-08 14:01:27,23637.65,2026-09-08,24050.0,CE,1.0,0.95,1.0,1467385,147471,-3969,15.1
2026-09-08 14:01:27,23637.65,2026-09-08,24050.0,PE,397.9,397.05,398.2,16201,6625,-3296,
2026-09-08 14:01:27,23637.65,2026-09-08,24100.0,CE,0.85,0.8,0.85,1733687,191313,-31543,16.17
2026-09-08 14:01:27,23637.65,2026-09-08,24100.0,PE,452.45,447.35,448.75,24012,13558,-4399,
2026-09-08 14:01:27,23637.65,2026-09-08,24150.0,CE,0.75,0.7,0.75,1197891,127365,17359,17.37
2026-09-08 14:01:27,23637.65,2026-09-08,24150.0,PE,499.95,495.65,498.05,6028,5654,-1733,
2026-09-08 14:02:28,23637.6,2026-09-08,23150.0,CE,503.55,504.0,506.5,242,93,64,28.16
2026-09-08 14:02:28,23637.6,2026-09-08,23150.0,PE,0.35,0.35,0.4,752998,68618,41592,16.06
2026-09-08 14:02:28,23637.6,2026-09-08,23200.0,CE,455.4,454.6,456.75,1550,491,328,25.65
2026-09-08 14:02:28,23637.6,2026-09-08,23200.0,PE,0.5,0.45,0.5,739841,139199,79516,14.98
2026-09-08 14:02:28,23637.6,2026-09-08,23250.0,CE,404.7,403.9,405.95,1713,450,420,22.9
2026-09-08 14:02:28,23637.6,2026-09-08,23250.0,PE,0.5,0.45,0.5,431900,68991,31538,13.29
2026-09-08 14:02:28,23637.6,2026-09-08,23300.0,CE,354.45,354.1,355.3,8321,1173,848,20.59
2026-09-08 14:02:28,23637.6,2026-09-08,23300.0,PE,0.55,0.55,0.6,958966,155992,84817,12.08
2026-09-08 14:02:28,23637.6,2026-09-08,23350.0,CE,307.3,305.1,306.2,7949,1135,925,18.0
2026-09-08 14:02:28,23637.6,2026-09-08,23350.0,PE,0.65,0.6,0.65,661203,74457,37111,10.87
2026-09-08 14:02:28,23637.6,2026-09-08,23400.0,CE,257.0,255.4,256.2,56595,6429,5533,16.1
2026-09-08 14:02:28,23637.6,2026-09-08,23400.0,PE,1.0,0.95,1.0,1514008,160652,88560,9.82
2026-09-08 14:02:28,23637.6,2026-09-08,23450.0,CE,206.75,205.8,206.35,79276,6440,5841,13.64
2026-09-08 14:02:28,23637.6,2026-09-08,23450.0,PE,1.5,1.45,1.5,2325231,163937,95830,8.68
2026-09-08 14:02:28,23637.6,2026-09-08,23500.0,CE,158.0,158.0,158.3,680567,46977,41752,11.72
2026-09-08 14:02:28,23637.6,2026-09-08,23500.0,PE,3.2,3.15,3.2,5240118,306569,136391,8.04
2026-09-08 14:02:28,23637.6,2026-09-08,23550.0,CE,111.8,111.9,112.25,875431,45139,43296,10.02
2026-09-08 14:02:28,23637.6,2026-09-08,23550.0,PE,6.75,6.7,6.75,7450873,321292,250043,7.31
2026-09-08 14:02:28,23637.6,2026-09-08,23600.0,CE,70.05,69.8,70.05,4270058,234663,224887,8.73
2026-09-08 14:02:28,23637.6,2026-09-08,23600.0,PE,15.35,15.35,15.45,15354233,582166,428179,6.79
2026-09-08 14:02:28,23637.6,2026-09-08,23650.0,CE,37.0,36.9,37.0,8738031,548882,537386,8.03
2026-09-08 14:02:28,23637.6,2026-09-08,23650.0,PE,33.3,33.35,33.4,18519398,457699,339822,6.21
2026-09-08 14:02:28,23637.6,2026-09-08,23700.0,CE,18.25,18.25,18.3,16419792,779599,734358,8.06
2026-09-08 14:02:28,23637.6,2026-09-08,23700.0,PE,63.3,63.25,63.45,16315055,270574,124893,5.73
2026-09-08 14:02:28,23637.6,2026-09-08,23750.0,CE,9.1,9.0,9.1,9299570,438083,356575,8.58
2026-09-08 14:02:28,23637.6,2026-09-08,23750.0,PE,103.6,103.7,103.95,5400124,84656,-26516,
2026-09-08 14:02:28,23637.6,2026-09-08,23800.0,CE,5.0,5.0,5.05,9007134,526588,263281,9.47
2026-09-08 14:02:28,23637.6,2026-09-08,23800.0,PE,150.9,150.8,151.0,3303005,80941,-62924,
2026-09-08 14:02:28,23637.6,2026-09-08,23850.0,CE,3.05,3.0,3.05,4216810,261526,77040,10.42
2026-09-08 14:02:28,23637.6,2026-09-08,23850.0,PE,197.8,197.8,198.35,822172,30498,-23163,
2026-09-08 14:02:28,23637.6,2026-09-08,23900.0,CE,2.1,2.05,2.1,4131536,283423,21914,11.47
2026-09-08 14:02:28,23637.6,2026-09-08,23900.0,PE,247.45,247.3,247.95,542846,30528,-23853,
2026-09-08 14:02:28,23637.6,2026-09-08,23950.0,CE,1.6,1.55,1.6,2481244,194933,36437,12.75
2026-09-08 14:02:28,23637.6,2026-09-08,23950.0,PE,297.0,296.85,297.7,102377,13780,-13101,
2026-09-08 14:02:28,23637.6,2026-09-08,24000.0,CE,1.25,1.25,1.3,2848875,361057,35701,13.98
2026-09-08 14:02:28,23637.6,2026-09-08,24000.0,PE,347.4,346.4,347.4,158771,41525,-19109,
2026-09-08 14:02:28,23637.6,2026-09-08,24050.0,CE,0.95,0.95,1.0,1469088,147239,-4201,15.0
2026-09-08 14:02:28,23637.6,2026-09-08,24050.0,PE,395.55,396.2,397.35,16234,6613,-3308,
2026-09-08 14:02:28,23637.6,2026-09-08,24100.0,CE,0.85,0.8,0.85,1739417,190951,-31905,16.3
2026-09-08 14:02:28,23637.6,2026-09-08,24100.0,PE,447.0,445.9,447.4,24034,13553,-4404,
2026-09-08 14:02:28,23637.6,2026-09-08,24150.0,CE,0.75,0.7,0.75,1202291,127387,17381,17.38
2026-09-08 14:02:28,23637.6,2026-09-08,24150.0,PE,495.0,493.9,495.85,6044,5653,-1734,
2026-09-08 14:03:28,23635.1,2026-09-08,23150.0,CE,503.55,502.8,505.0,242,93,64,28.1
2026-09-08 14:03:28,23635.1,2026-09-08,23150.0,PE,0.35,0.35,0.4,753232,68618,41592,15.82
2026-09-08 14:03:28,23635.1,2026-09-08,23200.0,CE,455.4,453.2,454.85,1550,484,321,25.6
2026-09-08 14:03:28,23635.1,2026-09-08,23200.0,PE,0.5,0.45,0.5,740012,139082,79399,14.98
2026-09-08 14:03:28,23635.1,2026-09-08,23250.0,CE,404.7,402.6,404.5,1713,450,420,22.85
2026-09-08 14:03:28,23635.1,2026-09-08,23250.0,PE,0.45,0.45,0.5,432280,68991,31538,13.47
2026-09-08 14:03:28,23635.1,2026-09-08,23300.0,CE,354.45,353.25,354.55,8332,1173,848,20.55
2026-09-08 14:03:28,23635.1,2026-09-08,23300.0,PE,0.55,0.55,0.6,959239,155992,84817,12.08
2026-09-08 14:03:28,23635.1,2026-09-08,23350.0,CE,304.4,303.65,304.65,8035,1135,925,17.96
2026-09-08 14:03:28,23635.1,2026-09-08,23350.0,PE,0.6,0.6,0.65,661475,74457,37111,10.76
2026-09-08 14:03:28,23635.1,2026-09-08,23400.0,CE,254.65,254.3,255.0,56791,6370,5474,16.06
2026-09-08 14:03:28,23635.1,2026-09-08,23400.0,PE,1.0,0.95,1.0,1515519,160652,88560,9.75
2026-09-08 14:03:28,23635.1,2026-09-08,23450.0,CE,204.55,204.5,205.05,79477,6516,5917,13.7
2026-09-08 14:03:28,23635.1,2026-09-08,23450.0,PE,1.55,1.5,1.55,2335680,163621,95514,8.64
2026-09-08 14:03:28,23635.1,2026-09-08,23500.0,CE,157.15,156.6,157.0,681471,47174,41949,11.69
2026-09-08 14:03:28,23635.1,2026-09-08,23500.0,PE,3.3,3.25,3.3,5255361,306637,136459,8.05
2026-09-08 14:03:28,23635.1,2026-09-08,23550.0,CE,110.6,110.55,110.8,877648,45295,43452,9.85
2026-09-08 14:03:28,23635.1,2026-09-08,23550.0,PE,6.95,6.95,7.0,7472719,322289,251040,7.35
2026-09-08 14:03:28,23635.1,2026-09-08,23600.0,CE,69.3,69.0,69.2,4280650,234663,224887,8.62
2026-09-08 14:03:28,23635.1,2026-09-08,23600.0,PE,16.0,15.95,16.0,15388166,582166,428179,6.83
2026-09-08 14:03:28,23635.1,2026-09-08,23650.0,CE,36.9,36.85,36.95,8761428,548882,537386,7.89
2026-09-08 14:03:28,23635.1,2026-09-08,23650.0,PE,34.1,34.1,34.2,18544452,457699,339822,6.27
2026-09-08 14:03:28,23635.1,2026-09-08,23700.0,CE,18.0,18.0,18.05,16446458,779599,734358,7.99
2026-09-08 14:03:28,23635.1,2026-09-08,23700.0,PE,65.0,64.8,64.95,16328668,270574,124893,5.81
2026-09-08 14:03:28,23635.1,2026-09-08,23750.0,CE,9.05,9.05,9.1,9315352,438083,356575,8.5
2026-09-08 14:03:28,23635.1,2026-09-08,23750.0,PE,105.9,105.5,105.75,5403247,84656,-26516,
2026-09-08 14:03:28,23635.1,2026-09-08,23800.0,CE,5.0,4.95,5.0,9018218,527715,264408,9.41
2026-09-08 14:03:28,23635.1,2026-09-08,23800.0,PE,152.55,152.15,152.55,3304610,80898,-62967,
2026-09-08 14:03:28,23635.1,2026-09-08,23850.0,CE,2.95,2.95,3.0,4230059,261265,76779,10.38
2026-09-08 14:03:28,23635.1,2026-09-08,23850.0,PE,199.55,199.55,199.6,822551,30557,-23104,
2026-09-08 14:03:28,23635.1,2026-09-08,23900.0,CE,2.05,2.05,2.1,4142484,282703,21194,11.47
2026-09-08 14:03:28,23635.1,2026-09-08,23900.0,PE,249.05,248.4,249.0,543159,30510,-23871,
2026-09-08 14:03:28,23635.1,2026-09-08,23950.0,CE,1.55,1.55,1.6,2492146,194933,36437,12.61
2026-09-08 14:03:28,23635.1,2026-09-08,23950.0,PE,298.1,298.2,299.05,102408,13780,-13101,
2026-09-08 14:03:28,23635.1,2026-09-08,24000.0,CE,1.25,1.25,1.3,2851123,361057,35701,13.97
2026-09-08 14:03:28,23635.1,2026-09-08,24000.0,PE,348.0,347.45,348.25,158866,41525,-19109,
2026-09-08 14:03:28,23635.1,2026-09-08,24050.0,CE,0.95,0.95,1.0,1469922,147239,-4201,15.1
2026-09-08 14:03:28,23635.1,2026-09-08,24050.0,PE,398.4,397.0,398.35,16235,6613,-3308,
2026-09-08 14:03:28,23635.1,2026-09-08,24100.0,CE,0.8,0.8,0.85,1741112,193750,-29106,16.17
2026-09-08 14:03:28,23635.1,2026-09-08,24100.0,PE,448.0,447.35,448.65,24035,13553,-4404,
2026-09-08 14:03:28,23635.1,2026-09-08,24150.0,CE,0.7,0.7,0.75,1202882,127269,17263,17.37
2026-09-08 14:03:28,23635.1,2026-09-08,24150.0,PE,496.75,496.75,497.9,6048,5653,-1734,
2026-09-08 14:04:28,23642.85,2026-09-08,23150.0,CE,504.75,508.2,509.0,245,93,64,28.1
2026-09-08 14:04:28,23642.85,2026-09-08,23150.0,PE,0.4,0.35,0.4,753606,68628,41602,15.82
2026-09-08 14:04:28,23642.85,2026-09-08,23200.0,CE,459.0,458.05,460.4,1558,484,321,25.6
2026-09-08 14:04:28,23642.85,2026-09-08,23200.0,PE,0.45,0.45,0.5,740442,139082,79399,14.98
2026-09-08 14:04:28,23642.85,2026-09-08,23250.0,CE,400.7,408.5,410.15,1722,450,420,22.85
2026-09-08 14:04:28,23642.85,2026-09-08,23250.0,PE,0.45,0.45,0.5,432751,68954,31501,13.47
2026-09-08 14:04:28,23642.85,2026-09-08,23300.0,CE,356.0,358.3,359.85,8343,1146,821,20.55
2026-09-08 14:04:28,23642.85,2026-09-08,23300.0,PE,0.6,0.55,0.6,960049,155417,84242,12.08
2026-09-08 14:04:28,23642.85,2026-09-08,23350.0,CE,309.35,309.4,310.0,8164,1199,989,17.96
2026-09-08 14:04:28,23642.85,2026-09-08,23350.0,PE,0.6,0.6,0.65,666334,74371,37025,10.76
2026-09-08 14:04:28,23642.85,2026-09-08,23400.0,CE,259.95,259.3,260.0,57088,6328,5432,16.06
2026-09-08 14:04:28,23642.85,2026-09-08,23400.0,PE,0.95,0.9,0.95,1519753,160030,87938,9.75
2026-09-08 14:04:28,23642.85,2026-09-08,23450.0,CE,210.15,210.05,210.5,80201,6516,5917,13.7
2026-09-08 14:04:28,23642.85,2026-09-08,23450.0,PE,1.45,1.45,1.5,2351264,163621,95514,8.64
2026-09-08 14:04:28,23642.85,2026-09-08,23500.0,CE,161.6,161.6,161.9,685033,47174,41949,11.69
2026-09-08 14:04:28,23642.85,2026-09-08,23500.0,PE,3.05,3.05,3.1,5283476,306637,136459,8.05
2026-09-08 14:04:28,23642.85,2026-09-08,23550.0,CE,115.3,115.0,115.35,882094,45295,43452,9.85
2026-09-08 14:04:28,23642.85,2026-09-08,23550.0,PE,6.4,6.35,6.4,7516135,322289,251040,7.35
2026-09-08 14:04:28,23642.85,2026-09-08,23600.0,CE,73.1,73.05,73.25,4306515,236517,226741,8.62
2026-09-08 14:04:28,23642.85,2026-09-08,23600.0,PE,14.5,14.45,14.5,15472316,581554,427567,6.83
2026-09-08 14:04:28,23642.85,2026-09-08,23650.0,CE,39.5,39.5,39.65,8814062,555377,543881,7.89
2026-09-08 14:04:28,23642.85,2026-09-08,23650.0,PE,31.3,31.25,31.35,18615618,455484,337607,6.27
2026-09-08 14:04:28,23642.85,2026-09-08,23700.0,CE,19.45,19.4,19.45,16509733,787264,742023,7.99
2026-09-08 14:04:28,23642.85,2026-09-08,23700.0,PE,60.9,60.95,61.1,16364433,271510,125829,5.81
2026-09-08 14:04:28,23642.85,2026-09-08,23750.0,CE,9.7,9.7,9.75,9346437,438189,356681,8.5
2026-09-08 14:04:28,23642.85,2026-09-08,23750.0,PE,101.1,101.1,101.35,5413509,84649,-26523,
2026-09-08 14:04:28,23642.85,2026-09-08,23800.0,CE,5.35,5.35,5.4,9051941,527715,264408,9.41
2026-09-08 14:04:28,23642.85,2026-09-08,23800.0,PE,147.3,147.0,147.3,3310192,80898,-62967,
2026-09-08 14:04:28,23642.85,2026-09-08,23850.0,CE,3.2,3.15,3.2,4244691,261265,76779,10.38
2026-09-08 14:04:28,23642.85,2026-09-08,23850.0,PE,194.05,194.0,194.45,823694,30557,-23104,
2026-09-08 14:04:28,23642.85,2026-09-08,23900.0,CE,2.1,2.1,2.15,4157299,282703,21194,11.47
2026-09-08 14:04:28,23642.85,2026-09-08,23900.0,PE,243.45,243.5,244.15,543842,30510,-23871,
2026-09-08 14:04:28,23642.85,2026-09-08,23950.0,CE,1.6,1.6,1.65,2503451,196266,37770,12.61
2026-09-08 14:04:28,23642.85,2026-09-08,23950.0,PE,292.55,292.65,293.45,102537,13787,-13094,
2026-09-08 14:04:28,23642.85,2026-09-08,24000.0,CE,1.25,1.2,1.25,2858056,361516,36160,13.97
2026-09-08 14:04:28,23642.85,2026-09-08,24000.0,PE,341.8,342.05,343.0,159096,41525,-19109,
2026-09-08 14:04:28,23642.85,2026-09-08,24050.0,CE,0.95,0.95,1.0,1474770,148144,-3296,15.1
2026-09-08 14:04:28,23642.85,2026-09-08,24050.0,PE,394.0,391.6,392.85,16258,6611,-3310,
2026-09-08 14:04:28,23642.85,2026-09-08,24100.0,CE,0.8,0.75,0.8,1749912,193032,-29824,16.17
2026-09-08 14:04:28,23642.85,2026-09-08,24100.0,PE,444.2,442.05,443.3,24099,13552,-4405,
2026-09-08 14:04:28,23642.85,2026-09-08,24150.0,CE,0.7,0.7,0.75,1205469,127269,17263,17.37
2026-09-08 14:04:28,23642.85,2026-09-08,24150.0,PE,491.05,491.0,492.9,6059,5648,-1739,
2026-09-08 14:05:29,23643.4,2026-09-08,23150.0,CE,509.0,505.1,507.4,246,96,67,28.1
2026-09-08 14:05:29,23643.4,2026-09-08,23150.0,PE,0.35,0.35,0.4,753868,68505,41479,15.82
2026-09-08 14:05:29,23643.4,2026-09-08,23200.0,CE,459.0,455.7,457.65,1562,484,321,25.6
2026-09-08 14:05:29,23643.4,2026-09-08,23200.0,PE,0.45,0.45,0.5,740825,138911,79228,14.98
2026-09-08 14:05:29,23643.4,2026-09-08,23250.0,CE,409.35,405.65,407.4,1723,450,420,22.85
2026-09-08 14:05:29,23643.4,2026-09-08,23250.0,PE,0.5,0.45,0.5,433146,68963,31510,13.47
2026-09-08 14:05:29,23643.4,2026-09-08,23300.0,CE,359.6,355.8,357.0,8372,1150,825,20.55
2026-09-08 14:05:29,23643.4,2026-09-08,23300.0,PE,0.55,0.55,0.6,961140,155559,84384,12.08
2026-09-08 14:05:29,23643.4,2026-09-08,23350.0,CE,307.7,306.1,307.05,8282,1222,1012,17.96
2026-09-08 14:05:29,23643.4,2026-09-08,23350.0,PE,0.6,0.6,0.65,666758,74450,37104,10.76
2026-09-08 14:05:29,23643.4,2026-09-08,23400.0,CE,256.9,256.5,257.3,57460,6223,5327,16.06
2026-09-08 14:05:29,23643.4,2026-09-08,23400.0,PE,0.9,0.9,0.95,1523280,160215,88123,9.75
2026-09-08 14:05:29,23643.4,2026-09-08,23450.0,CE,207.95,207.3,207.7,80865,6529,5930,13.7
2026-09-08 14:05:29,23643.4,2026-09-08,23450.0,PE,1.4,1.4,1.45,2366384,164292,96185,8.64
2026-09-08 14:05:29,23643.4,2026-09-08,23500.0,CE,159.0,159.0,159.4,688962,46911,41686,11.69
2026-09-08 14:05:29,23643.4,2026-09-08,23500.0,PE,3.05,3.05,3.1,5318848,306707,136529,8.05
2026-09-08 14:05:29,23643.4,2026-09-08,23550.0,CE,112.4,112.5,112.8,889205,44323,42480,9.85
2026-09-08 14:05:29,23643.4,2026-09-08,23550.0,PE,6.65,6.6,6.65,7570795,322191,250942,7.35
2026-09-08 14:05:29,23643.4,2026-09-08,23600.0,CE,70.8,70.7,70.9,4347637,231710,221934,8.62
2026-09-08 14:05:29,23643.4,2026-09-08,23600.0,PE,15.2,15.1,15.15,15567963,584391,430404,6.83
2026-09-08 14:05:29,23643.4,2026-09-08,23650.0,CE,37.9,37.9,38.05,8896737,549100,537604,7.89
2026-09-08 14:05:29,23643.4,2026-09-08,23650.0,PE,32.6,32.5,32.6,18701748,458975,341098,6.27
2026-09-08 14:05:29,23643.4,2026-09-08,23700.0,CE,18.65,18.65,18.75,16611514,773297,728056,7.99
2026-09-08 14:05:29,23643.4,2026-09-08,23700.0,PE,62.8,62.7,62.85,16418388,269680,123999,5.81
2026-09-08 14:05:29,23643.4,2026-09-08,23750.0,CE,9.2,9.15,9.2,9384200,436527,355019,8.5
2026-09-08 14:05:29,23643.4,2026-09-08,23750.0,PE,103.35,103.35,103.6,5425839,85533,-25639,
2026-09-08 14:05:29,23643.4,2026-09-08,23800.0,CE,5.0,5.0,5.05,9081100,517956,254649,9.41
2026-09-08 14:05:29,23643.4,2026-09-08,23800.0,PE,149.25,149.3,149.7,3315274,80891,-62974,
2026-09-08 14:05:29,23643.4,2026-09-08,23850.0,CE,3.0,2.95,3.0,4256947,261424,76938,10.38
2026-09-08 14:05:29,23643.4,2026-09-08,23850.0,PE,197.1,196.6,197.05,824731,30569,-23092,
2026-09-08 14:05:29,23643.4,2026-09-08,23900.0,CE,2.05,2.0,2.05,4168113,280276,18767,11.47
2026-09-08 14:05:29,23643.4,2026-09-08,23900.0,PE,245.65,246.0,246.25,544428,30489,-23892,
2026-09-08 14:05:29,23643.4,2026-09-08,23950.0,CE,1.45,1.45,1.5,2510202,195577,37081,12.61
2026-09-08 14:05:29,23643.4,2026-09-08,23950.0,PE,296.45,295.8,296.45,102670,13746,-13135,
2026-09-08 14:05:29,23643.4,2026-09-08,24000.0,CE,1.2,1.2,1.25,2861881,362560,37204,13.97
2026-09-08 14:05:29,23643.4,2026-09-08,24000.0,PE,345.0,344.8,345.75,159277,41448,-19186,
2026-09-08 14:05:29,23643.4,2026-09-08,24050.0,CE,0.95,0.9,0.95,1477430,147867,-3573,15.1
2026-09-08 14:05:29,23643.4,2026-09-08,24050.0,PE,394.0,394.1,395.3,16274,6609,-3312,
2026-09-08 14:05:29,23643.4,2026-09-08,24100.0,CE,0.75,0.75,0.8,1751543,190096,-32760,16.17
2026-09-08 14:05:29,23643.4,2026-09-08,24100.0,PE,445.0,444.85,445.0,24128,13517,-4440,
2026-09-08 14:05:29,23643.4,2026-09-08,24150.0,CE,0.7,0.7,0.75,1206747,126799,16793,17.37
2026-09-08 14:05:29,23643.4,2026-09-08,24150.0,PE,492.8,493.75,495.55,6070,5641,-1746,
2026-09-08 14:06:29,23654.95,2026-09-08,23150.0,CE,512.7,510.0,511.9,247,96,67,28.1
2026-09-08 14:06:29,23654.95,2026-09-08,23150.0,PE,0.35,0.35,0.4,754170,68422,41396,15.82
2026-09-08 14:06:29,23654.95,2026-09-08,23200.0,CE,462.0,460.2,461.95,1568,485,322,25.6
2026-09-08 14:06:29,23654.95,2026-09-08,23200.0,PE,0.5,0.45,0.5,741587,138826,79143,14.98
2026-09-08 14:06:29,23654.95,2026-09-08,23250.0,CE,410.1,410.2,411.85,1728,451,421,22.85
2026-09-08 14:06:29,23654.95,2026-09-08,23250.0,PE,0.45,0.45,0.5,436306,69082,31629,13.47
2026-09-08 14:06:29,23654.95,2026-09-08,23300.0,CE,360.55,360.65,361.9,8419,1152,827,20.55
2026-09-08 14:06:29,23654.95,2026-09-08,23300.0,PE,0.55,0.55,0.6,962320,155841,84666,12.08
2026-09-08 14:06:29,23654.95,2026-09-08,23350.0,CE,311.65,310.55,311.65,8344,1207,997,17.96
2026-09-08 14:06:29,23654.95,2026-09-08,23350.0,PE,0.65,0.6,0.65,667935,74509,37163,10.76
2026-09-08 14:06:29,23654.95,2026-09-08,23400.0,CE,261.8,261.35,262.1,58065,6129,5233,16.06
2026-09-08 14:06:29,23654.95,2026-09-08,23400.0,PE,0.9,0.9,0.95,1536648,160489,88397,9.75
2026-09-08 14:06:29,23654.95,2026-09-08,23450.0,CE,211.95,211.75,211.95,81820,6296,5697,13.7
2026-09-08 14:06:29,23654.95,2026-09-08,23450.0,PE,1.3,1.3,1.35,2387130,162967,94860,8.64
2026-09-08 14:06:29,23654.95,2026-09-08,23500.0,CE,163.4,163.2,163.4,695409,45335,40110,11.69
2026-09-08 14:06:29,23654.95,2026-09-08,23500.0,PE,2.85,2.85,2.9,5376337,300873,130695,8.05
2026-09-08 14:06:29,23654.95,2026-09-08,23550.0,CE,116.7,116.35,116.65,901670,43092,41249,9.85
2026-09-08 14:06:29,23654.95,2026-09-08,23550.0,PE,6.1,6.1,6.15,7652989,313248,241999,7.35
2026-09-08 14:06:29,23654.95,2026-09-08,23600.0,CE,74.1,74.1,74.25,4401258,228063,218287,8.62
2026-09-08 14:06:29,23654.95,2026-09-08,23600.0,PE,14.05,14.05,14.1,15709467,580642,426655,6.83
2026-09-08 14:06:29,23654.95,2026-09-08,23650.0,CE,40.65,40.65,40.75,9011329,551370,539874,7.89
2026-09-08 14:06:29,23654.95,2026-09-08,23650.0,PE,30.3,30.25,30.35,18842521,470670,352793,6.27
2026-09-08 14:06:29,23654.95,2026-09-08,23700.0,CE,20.3,20.2,20.3,16737524,778594,733353,7.99
2026-09-08 14:06:29,23654.95,2026-09-08,23700.0,PE,59.95,59.85,59.95,16482075,273753,128072,5.81
2026-09-08 14:06:29,23654.95,2026-09-08,23750.0,CE,9.95,9.9,9.95,9450738,441573,360065,8.5
2026-09-08 14:06:29,23654.95,2026-09-08,23750.0,PE,100.05,99.9,100.05,5448088,88815,-22357,
2026-09-08 14:06:29,23654.95,2026-09-08,23800.0,CE,5.25,5.2,5.25,9120856,521041,257734,9.41
2026-09-08 14:06:29,23654.95,2026-09-08,23800.0,PE,145.5,145.35,145.5,3325706,80424,-63441,
2026-09-08 14:06:29,23654.95,2026-09-08,23850.0,CE,3.05,3.0,3.05,4281921,259920,75434,10.38
2026-09-08 14:06:29,23654.95,2026-09-08,23850.0,PE,192.4,192.1,192.65,826776,30452,-23209,
2026-09-08 14:06:29,23654.95,2026-09-08,23900.0,CE,2.0,1.95,2.0,4190826,280346,18837,11.47
2026-09-08 14:06:29,23654.95,2026-09-08,23900.0,PE,242.25,241.8,242.3,546149,30419,-23962,
2026-09-08 14:06:29,23654.95,2026-09-08,23950.0,CE,1.45,1.45,1.5,2524781,194843,36347,12.61
2026-09-08 14:06:29,23654.95,2026-09-08,23950.0,PE,292.0,291.4,292.15,102854,13643,-13238,
2026-09-08 14:06:29,23654.95,2026-09-08,24000.0,CE,1.15,1.15,1.2,2869843,361921,36565,13.97
2026-09-08 14:06:29,23654.95,2026-09-08,24000.0,PE,340.1,339.9,340.85,160374,41068,-19566,
2026-09-08 14:06:29,23654.95,2026-09-08,24050.0,CE,0.9,0.85,0.9,1481403,147522,-3918,15.1
2026-09-08 14:06:29,23654.95,2026-09-08,24050.0,PE,391.0,390.0,391.3,16375,6613,-3308,
2026-09-08 14:06:29,23654.95,2026-09-08,24100.0,CE,0.75,0.7,0.75,1758219,189779,-33077,16.17
2026-09-08 14:06:29,23654.95,2026-09-08,24100.0,PE,439.95,440.15,441.7,24265,13498,-4459,
2026-09-08 14:06:29,23654.95,2026-09-08,24150.0,CE,0.75,0.7,0.75,1208968,126593,16587,17.37
2026-09-08 14:06:29,23654.95,2026-09-08,24150.0,PE,489.2,489.35,490.95,6106,5618,-1769,
2026-09-08 14:07:29,23650.7,2026-09-08,23150.0,CE,512.7,506.0,508.3,247,96,67,28.1
2026-09-08 14:07:29,23650.7,2026-09-08,23150.0,PE,0.4,0.35,0.4,758140,68422,41396,15.82
2026-09-08 14:07:29,23650.7,2026-09-08,23200.0,CE,462.0,456.15,458.25,1568,485,322,25.6
2026-09-08 14:07:29,23650.7,2026-09-08,23200.0,PE,0.45,0.45,0.5,745248,138826,79143,14.98
2026-09-08 14:07:29,23650.7,2026-09-08,23250.0,CE,413.0,406.7,408.25,1729,451,421,22.85
2026-09-08 14:07:29,23650.7,2026-09-08,23250.0,PE,0.45,0.45,0.5,436422,69082,31629,13.47
2026-09-08 14:07:29,23650.7,2026-09-08,23300.0,CE,358.0,357.0,357.7,8439,1140,815,20.55
2026-09-08 14:07:29,23650.7,2026-09-08,23300.0,PE,0.55,0.55,0.6,964161,155841,84666,12.08
2026-09-08 14:07:29,23650.7,2026-09-08,23350.0,CE,307.45,306.75,307.8,8354,1207,997,17.96
2026-09-08 14:07:29,23650.7,2026-09-08,23350.0,PE,0.65,0.6,0.65,668514,74509,37163,10.76
2026-09-08 14:07:29,23650.7,2026-09-08,23400.0,CE,257.25,257.2,257.95,58399,6129,5233,16.06
2026-09-08 14:07:29,23650.7,2026-09-08,23400.0,PE,0.9,0.85,0.9,1539703,160489,88397,9.75
2026-09-08 14:07:29,23650.7,2026-09-08,23450.0,CE,207.85,207.8,208.3,82220,6275,5676,13.7
2026-09-08 14:07:29,23650.7,2026-09-08,23450.0,PE,1.3,1.3,1.35,2394246,162891,94784,8.64
2026-09-08 14:07:29,23650.7,2026-09-08,23500.0,CE,159.8,159.35,159.8,697126,45264,40039,11.69
2026-09-08 14:07:29,23650.7,2026-09-08,23500.0,PE,2.9,2.9,2.95,5390789,297155,126977,8.05
2026-09-08 14:07:29,23650.7,2026-09-08,23550.0,CE,112.9,112.95,113.15,905311,43092,41249,9.85
2026-09-08 14:07:29,23650.7,2026-09-08,23550.0,PE,6.45,6.4,6.45,7679725,313248,241999,7.35
2026-09-08 14:07:29,23650.7,2026-09-08,23600.0,CE,70.9,70.95,71.15,4417568,228063,218287,8.62
2026-09-08 14:07:29,23650.7,2026-09-08,23600.0,PE,14.75,14.7,14.75,15750956,580642,426655,6.83
2026-09-08 14:07:29,23650.7,2026-09-08,23650.0,CE,38.35,38.2,38.35,9054197,551370,539874,7.89
2026-09-08 14:07:29,23650.7,2026-09-08,23650.0,PE,31.95,31.85,31.95,18884609,470670,352793,6.27
2026-09-08 14:07:29,23650.7,2026-09-08,23700.0,CE,18.7,18.7,18.8,16791611,778594,733353,7.99
2026-09-08 14:07:29,23650.7,2026-09-08,23700.0,PE,62.2,62.05,62.2,16501775,273753,128072,5.81
2026-09-08 14:07:29,23650.7,2026-09-08,23750.0,CE,9.2,9.15,9.25,9471770,441573,360065,8.5
2026-09-08 14:07:29,23650.7,2026-09-08,23750.0,PE,102.85,102.75,102.95,5455231,88815,-22357,
2026-09-08 14:07:29,23650.7,2026-09-08,23800.0,CE,4.95,4.95,5.0,9137655,521882,258575,9.41
2026-09-08 14:07:29,23650.7,2026-09-08,23800.0,PE,148.55,148.5,148.85,3329735,82054,-61811,
2026-09-08 14:07:29,23650.7,2026-09-08,23850.0,CE,2.9,2.9,2.95,4291041,261564,77078,10.38
2026-09-08 14:07:29,23650.7,2026-09-08,23850.0,PE,196.45,195.9,196.45,827398,30317,-23344,
2026-09-08 14:07:29,23650.7,2026-09-08,23900.0,CE,1.95,1.9,1.95,4202680,280346,18837,11.47
2026-09-08 14:07:29,23650.7,2026-09-08,23900.0,PE,245.45,245.4,246.05,546592,30419,-23962,
2026-09-08 14:07:29,23650.7,2026-09-08,23950.0,CE,1.4,1.4,1.45,2529592,194843,36347,12.61
2026-09-08 14:07:29,23650.7,2026-09-08,23950.0,PE,295.0,294.9,295.75,102898,13643,-13238,
2026-09-08 14:07:29,23650.7,2026-09-08,24000.0,CE,1.15,1.15,1.2,2872661,361921,36565,13.97
2026-09-08 14:07:29,23650.7,2026-09-08,24000.0,PE,344.0,343.9,344.95,160462,41068,-19566,
2026-09-08 14:07:29,23650.7,2026-09-08,24050.0,CE,0.9,0.85,0.9,1482734,147522,-3918,15.1
2026-09-08 14:07:29,23650.7,2026-09-08,24050.0,PE,391.0,394.0,395.15,16383,6583,-3338,
2026-09-08 14:07:29,23650.7,2026-09-08,24100.0,CE,0.7,0.7,0.75,1759637,189779,-33077,16.17
2026-09-08 14:07:29,23650.7,2026-09-08,24100.0,PE,442.1,443.95,445.0,24271,13498,-4459,
2026-09-08 14:07:29,23650.7,2026-09-08,24150.0,CE,0.7,0.65,0.7,1212842,125476,15470,17.37
2026-09-08 14:07:29,23650.7,2026-09-08,24150.0,PE,491.0,492.6,494.85,6112,5618,-1769,
2026-09-08 14:08:29,23645.05,2026-09-08,23150.0,CE,512.7,507.45,509.85,247,96,67,28.1
2026-09-08 14:08:29,23645.05,2026-09-08,23150.0,PE,0.4,0.35,0.4,759599,68561,41535,15.82
2026-09-08 14:08:29,23645.05,2026-09-08,23200.0,CE,458.15,458.1,459.5,1569,484,321,25.6
2026-09-08 14:08:29,23645.05,2026-09-08,23200.0,PE,0.5,0.45,0.5,751649,139781,80098,14.98
2026-09-08 14:08:29,23645.05,2026-09-08,23250.0,CE,413.0,407.8,409.65,1729,451,421,22.85
2026-09-08 14:08:29,23645.05,2026-09-08,23250.0,PE,0.5,0.45,0.5,436502,69126,31673,13.47
2026-09-08 14:08:29,23645.05,2026-09-08,23300.0,CE,357.85,357.85,359.0,8440,1145,820,20.55
2026-09-08 14:08:29,23645.05,2026-09-08,23300.0,PE,0.6,0.55,0.6,964668,156248,85073,12.08
2026-09-08 14:08:29,23645.05,2026-09-08,23350.0,CE,306.75,308.3,309.35,8356,1206,996,17.96
2026-09-08 14:08:29,23645.05,2026-09-08,23350.0,PE,0.6,0.6,0.65,668871,74179,36833,10.76
2026-09-08 14:08:29,23645.05,2026-09-08,23400.0,CE,259.75,258.7,259.5,58461,5907,5011,16.06
2026-09-08 14:08:29,23645.05,2026-09-08,23400.0,PE,0.95,0.9,0.95,1542698,161288,89196,9.75
2026-09-08 14:08:29,23645.05,2026-09-08,23450.0,CE,209.95,209.05,209.6,82395,6197,5598,13.7
2026-09-08 14:08:29,23645.05,2026-09-08,23450.0,PE,1.35,1.3,1.35,2397113,162210,94103,8.64
2026-09-08 14:08:29,23645.05,2026-09-08,23500.0,CE,161.55,161.2,161.6,698115,45041,39816,11.69
2026-09-08 14:08:29,23645.05,2026-09-08,23500.0,PE,3.0,2.95,3.0,5399122,298323,128145,8.05
2026-09-08 14:08:29,23645.05,2026-09-08,23550.0,CE,114.4,114.7,114.9,906835,42646,40803,9.85
2026-09-08 14:08:29,23645.05,2026-09-08,23550.0,PE,6.4,6.35,6.4,7691119,311353,240104,7.35
2026-09-08 14:08:29,23645.05,2026-09-08,23600.0,CE,72.4,72.25,72.4,4425123,226021,216245,8.62
2026-09-08 14:08:29,23645.05,2026-09-08,23600.0,PE,14.75,14.7,14.75,15778208,575292,421305,6.83
2026-09-08 14:08:29,23645.05,2026-09-08,23650.0,CE,39.05,39.05,39.2,9073053,545008,533512,7.89
2026-09-08 14:08:29,23645.05,2026-09-08,23650.0,PE,31.55,31.55,31.65,18912226,468562,350685,6.27
2026-09-08 14:08:29,23645.05,2026-09-08,23700.0,CE,19.2,19.15,19.2,16816518,776693,731452,7.99
2026-09-08 14:08:29,23645.05,2026-09-08,23700.0,PE,61.3,61.15,61.3,16515330,274816,129135,5.81
2026-09-08 14:08:29,23645.05,2026-09-08,23750.0,CE,9.5,9.45,9.5,9485685,443857,362349,8.5
2026-09-08 14:08:29,23645.05,2026-09-08,23750.0,PE,101.75,101.5,101.8,5459355,90482,-20690,
2026-09-08 14:08:29,23645.05,2026-09-08,23800.0,CE,5.0,5.0,5.05,9147172,518648,255341,9.41
2026-09-08 14:08:29,23645.05,2026-09-08,23800.0,PE,147.7,147.4,147.75,3331181,82522,-61343,
2026-09-08 14:08:29,23645.05,2026-09-08,23850.0,CE,2.95,2.9,2.95,4299358,261639,77153,10.38
2026-09-08 14:08:29,23645.05,2026-09-08,23850.0,PE,194.2,194.15,194.75,827642,30390,-23271,
2026-09-08 14:08:29,23645.05,2026-09-08,23900.0,CE,1.95,1.9,1.95,4216318,279683,18174,11.47
2026-09-08 14:08:29,23645.05,2026-09-08,23900.0,PE,244.4,243.65,244.3,546761,30659,-23722,
2026-09-08 14:08:29,23645.05,2026-09-08,23950.0,CE,1.4,1.4,1.45,2532325,195658,37162,12.61
2026-09-08 14:08:29,23645.05,2026-09-08,23950.0,PE,293.85,293.8,294.6,102922,13647,-13234,
2026-09-08 14:08:29,23645.05,2026-09-08,24000.0,CE,1.15,1.1,1.15,2881405,361712,36356,13.97
2026-09-08 14:08:29,23645.05,2026-09-08,24000.0,PE,343.5,342.7,343.65,160561,41095,-19539,
2026-09-08 14:08:29,23645.05,2026-09-08,24050.0,CE,0.9,0.85,0.9,1483325,147461,-3979,15.1
2026-09-08 14:08:29,23645.05,2026-09-08,24050.0,PE,393.0,393.0,393.5,16385,6574,-3347,
2026-09-08 14:08:29,23645.05,2026-09-08,24100.0,CE,0.7,0.7,0.75,1760341,189182,-33674,16.17
2026-09-08 14:08:29,23645.05,2026-09-08,24100.0,PE,443.25,442.7,444.0,24281,13483,-4474,
2026-09-08 14:08:29,23645.05,2026-09-08,24150.0,CE,0.65,0.65,0.7,1215008,120940,10934,17.37
2026-09-08 14:08:29,23645.05,2026-09-08,24150.0,PE,491.0,491.75,493.45,6112,5618,-1769,
2026-09-08 14:09:30,23647.15,2026-09-08,23150.0,CE,507.2,509.25,511.5,249,95,66,28.1
2026-09-08 14:09:30,23647.15,2026-09-08,23150.0,PE,0.4,0.4,0.45,767802,68517,41491,15.82
2026-09-08 14:09:30,23647.15,2026-09-08,23200.0,CE,459.0,459.05,461.4,1570,484,321,25.6
2026-09-08 14:09:30,23647.15,2026-09-08,23200.0,PE,0.4,0.4,0.45,760319,139528,79845,14.98
2026-09-08 14:09:30,23647.15,2026-09-08,23250.0,CE,409.1,409.7,411.2,1730,451,421,22.85
2026-09-08 14:09:30,23647.15,2026-09-08,23250.0,PE,0.45,0.45,0.5,436843,69121,31668,13.47
2026-09-08 14:09:30,23647.15,2026-09-08,23300.0,CE,359.4,359.75,360.95,8476,1147,822,20.55
2026-09-08 14:09:30,23647.15,2026-09-08,23300.0,PE,0.5,0.5,0.55,966637,156095,84920,12.08
2026-09-08 14:09:30,23647.15,2026-09-08,23350.0,CE,310.5,309.4,310.5,8396,1213,1003,17.96
2026-09-08 14:09:30,23647.15,2026-09-08,23350.0,PE,0.6,0.6,0.65,669458,74077,36731,10.76
2026-09-08 14:09:30,23647.15,2026-09-08,23400.0,CE,260.6,260.35,261.0,58752,5914,5018,16.06
2026-09-08 14:09:30,23647.15,2026-09-08,23400.0,PE,0.95,0.9,0.95,1548187,158947,86855,9.75
2026-09-08 14:09:30,23647.15,2026-09-08,23450.0,CE,211.1,211.0,211.6,82752,6146,5547,13.7
2026-09-08 14:09:30,23647.15,2026-09-08,23450.0,PE,1.35,1.3,1.35,2403907,161611,93504,8.64
2026-09-08 14:09:30,23647.15,2026-09-08,23500.0,CE,162.45,162.35,162.45,700223,44807,39582,11.69
2026-09-08 14:09:30,23647.15,2026-09-08,23500.0,PE,2.9,2.9,2.95,5425397,300562,130384,8.05
2026-09-08 14:09:30,23647.15,2026-09-08,23550.0,CE,116.1,115.8,116.1,913007,42588,40745,9.85
2026-09-08 14:09:30,23647.15,2026-09-08,23550.0,PE,6.25,6.25,6.3,7735730,315108,243859,7.35
2026-09-08 14:09:30,23647.15,2026-09-08,23600.0,CE,73.75,73.7,73.75,4449712,227193,217417,8.62
2026-09-08 14:09:30,23647.15,2026-09-08,23600.0,PE,14.5,14.4,14.45,15859824,589844,435857,6.83
2026-09-08 14:09:30,23647.15,2026-09-08,23650.0,CE,40.45,40.45,40.6,9132411,545184,533688,7.89
2026-09-08 14:09:30,23647.15,2026-09-08,23650.0,PE,31.05,30.95,31.0,19009359,481223,363346,6.27
2026-09-08 14:09:30,23647.15,2026-09-08,23700.0,CE,20.1,20.1,20.15,16892422,778805,733564,7.99
2026-09-08 14:09:30,23647.15,2026-09-08,23700.0,PE,60.45,60.5,60.6,16553368,278942,133261,5.81
2026-09-08 14:09:30,23647.15,2026-09-08,23750.0,CE,9.9,9.85,9.9,9518634,444358,362850,8.5
2026-09-08 14:09:30,23647.15,2026-09-08,23750.0,PE,100.8,100.6,100.85,5469816,93354,-17818,
2026-09-08 14:09:30,23647.15,2026-09-08,23800.0,CE,5.3,5.25,5.3,9185787,513912,250605,9.41
2026-09-08 14:09:30,23647.15,2026-09-08,23800.0,PE,146.05,145.8,145.95,3337625,82944,-60921,
2026-09-08 14:09:30,23647.15,2026-09-08,23850.0,CE,3.05,3.0,3.05,4323311,261598,77112,10.38
2026-09-08 14:09:30,23647.15,2026-09-08,23850.0,PE,193.7,193.3,193.75,829051,30482,-23179,
2026-09-08 14:09:30,23647.15,2026-09-08,23900.0,CE,2.0,1.95,2.0,4245170,280114,18605,11.47
2026-09-08 14:09:30,23647.15,2026-09-08,23900.0,PE,242.85,242.45,243.15,547336,30699,-23682,
2026-09-08 14:09:30,23647.15,2026-09-08,23950.0,CE,1.45,1.45,1.5,2557550,194529,36033,12.61
2026-09-08 14:09:30,23647.15,2026-09-08,23950.0,PE,293.15,292.15,293.2,102994,13654,-13227,
2026-09-08 14:09:30,23647.15,2026-09-08,24000.0,CE,1.1,1.1,1.15,2893628,363424,38068,13.97
2026-09-08 14:09:30,23647.15,2026-09-08,24000.0,PE,341.0,341.0,341.85,160942,41112,-19522,
2026-09-08 14:09:30,23647.15,2026-09-08,24050.0,CE,0.85,0.8,0.85,1491568,148723,-2717,15.1
2026-09-08 14:09:30,23647.15,2026-09-08,24050.0,PE,392.3,391.2,392.45,16396,6571,-3350,
2026-09-08 14:09:30,23647.15,2026-09-08,24100.0,CE,0.7,0.7,0.75,1767208,187981,-34875,16.17
2026-09-08 14:09:30,23647.15,2026-09-08,24100.0,PE,441.4,441.35,442.85,24544,13469,-4488,
2026-09-08 14:09:30,23647.15,2026-09-08,24150.0,CE,0.6,0.6,0.65,1231470,118898,8892,17.37
2026-09-08 14:09:30,23647.15,2026-09-08,24150.0,PE,490.35,490.1,492.0,6123,5618,-1769,
2026-09-08 14:10:30,23650.1,2026-09-08,23150.0,CE,507.2,509.7,511.8,249,95,66,28.1
2026-09-08 14:10:30,23650.1,2026-09-08,23150.0,PE,0.4,0.4,0.45,769551,70080,43054,15.82
2026-09-08 14:10:30,23650.1,2026-09-08,23200.0,CE,459.0,459.7,461.45,1570,484,321,25.6
2026-09-08 14:10:30,23650.1,2026-09-08,23200.0,PE,0.45,0.4,0.45,760543,139516,79833,14.98
2026-09-08 14:10:30,23650.1,2026-09-08,23250.0,CE,408.45,410.2,411.6,1731,450,420,22.85
2026-09-08 14:10:30,23650.1,2026-09-08,23250.0,PE,0.5,0.45,0.5,436932,69109,31656,13.47
2026-09-08 14:10:30,23650.1,2026-09-08,23300.0,CE,361.5,360.05,361.2,8491,1144,819,20.55
2026-09-08 14:10:30,23650.1,2026-09-08,23300.0,PE,0.5,0.5,0.55,967228,156076,84901,12.08
2026-09-08 14:10:30,23650.1,2026-09-08,23350.0,CE,311.25,310.35,311.4,8423,1218,1008,17.96
2026-09-08 14:10:30,23650.1,2026-09-08,23350.0,PE,0.65,0.6,0.65,669976,74220,36874,10.76
2026-09-08 14:10:30,23650.1,2026-09-08,23400.0,CE,261.15,260.3,261.05,58916,5900,5004,16.06
2026-09-08 14:10:30,23650.1,2026-09-08,23400.0,PE,0.9,0.9,0.95,1550312,160048,87956,9.75
2026-09-08 14:10:30,23650.1,2026-09-08,23450.0,CE,211.55,211.5,212.05,82906,6146,5547,13.7
2026-09-08 14:10:30,23650.1,2026-09-08,23450.0,PE,1.3,1.3,1.35,2410726,161611,93504,8.64
2026-09-08 14:10:30,23650.1,2026-09-08,23500.0,CE,163.5,163.35,163.6,701133,44807,39582,11.69
2026-09-08 14:10:30,23650.1,2026-09-08,23500.0,PE,2.9,2.85,2.9,5436281,300562,130384,8.05
2026-09-08 14:10:30,23650.1,2026-09-08,23550.0,CE,116.45,116.2,116.5,915344,42711,40868,9.85
2026-09-08 14:10:30,23650.1,2026-09-08,23550.0,PE,6.15,6.15,6.2,7752916,316288,245039,7.35
2026-09-08 14:10:30,23650.1,2026-09-08,23600.0,CE,74.25,74.25,74.4,4461357,225464,215688,8.62
2026-09-08 14:10:30,23650.1,2026-09-08,23600.0,PE,14.2,14.15,14.2,15897550,600062,446075,6.83
2026-09-08 14:10:30,23650.1,2026-09-08,23650.0,CE,40.55,40.45,40.55,9160644,540688,529192,7.89
2026-09-08 14:10:30,23650.1,2026-09-08,23650.0,PE,31.0,30.9,31.0,19047579,492409,374532,6.27
2026-09-08 14:10:30,23650.1,2026-09-08,23700.0,CE,20.35,20.3,20.35,16926917,772546,727305,7.99
2026-09-08 14:10:30,23650.1,2026-09-08,23700.0,PE,60.15,60.0,60.15,16570842,283900,138219,5.81
2026-09-08 14:10:30,23650.1,2026-09-08,23750.0,CE,9.9,9.9,9.95,9535702,442959,361451,8.5
2026-09-08 14:10:30,23650.1,2026-09-08,23750.0,PE,100.7,100.4,100.65,5474695,94542,-16630,
2026-09-08 14:10:30,23650.1,2026-09-08,23800.0,CE,5.3,5.25,5.3,9199818,513912,250605,9.41
2026-09-08 14:10:30,23650.1,2026-09-08,23800.0,PE,145.7,145.3,145.7,3339989,82944,-60921,
2026-09-08 14:10:30,23650.1,2026-09-08,23850.0,CE,3.1,3.05,3.1,4330219,261598,77112,10.38
2026-09-08 14:10:30,23650.1,2026-09-08,23850.0,PE,192.65,192.65,193.0,829318,30482,-23179,
2026-09-08 14:10:30,23650.1,2026-09-08,23900.0,CE,2.0,1.95,2.0,4262099,276657,15148,11.47
2026-09-08 14:10:30,23650.1,2026-09-08,23900.0,PE,242.05,242.2,242.85,547577,30762,-23619,
2026-09-08 14:10:30,23650.1,2026-09-08,23950.0,CE,1.45,1.45,1.5,2562399,195964,37468,12.61
2026-09-08 14:10:30,23650.1,2026-09-08,23950.0,PE,291.3,291.4,292.0,103026,13663,-13218,
2026-09-08 14:10:30,23650.1,2026-09-08,24000.0,CE,1.1,1.1,1.15,2895248,362959,37603,13.97
2026-09-08 14:10:30,23650.1,2026-09-08,24000.0,PE,341.0,340.4,341.5,161013,41096,-19538,
2026-09-08 14:10:30,23650.1,2026-09-08,24050.0,CE,0.85,0.8,0.85,1493160,150119,-1321,15.1
2026-09-08 14:10:30,23650.1,2026-09-08,24050.0,PE,390.65,390.2,391.35,16405,6570,-3351,
2026-09-08 14:10:30,23650.1,2026-09-08,24100.0,CE,0.75,0.7,0.75,1768283,186646,-36210,16.17
2026-09-08 14:10:30,23650.1,2026-09-08,24100.0,PE,441.1,441.15,442.0,24561,13446,-4511,
2026-09-08 14:10:30,23650.1,2026-09-08,24150.0,CE,0.65,0.65,0.7,1236236,118898,8892,17.37
2026-09-08 14:10:30,23650.1,2026-09-08,24150.0,PE,492.15,489.6,491.0,6131,5618,-1769,
2026-09-08 14:11:30,23650.6,2026-09-08,23150.0,CE,507.2,510.7,512.75,249,95,66,28.1
2026-09-08 14:11:30,23650.6,2026-09-08,23150.0,PE,0.35,0.35,0.4,771480,70585,43559,15.82
2026-09-08 14:11:30,23650.6,2026-09-08,23200.0,CE,465.0,460.65,462.6,1578,482,319,25.6
2026-09-08 14:11:30,23650.6,2026-09-08,23200.0,PE,0.4,0.4,0.45,763902,139005,79322,14.98
2026-09-08 14:11:30,23650.6,2026-09-08,23250.0,CE,415.0,410.8,412.55,1734,450,420,22.85
2026-09-08 14:11:30,23650.6,2026-09-08,23250.0,PE,0.5,0.45,0.5,437262,69161,31708,13.47
2026-09-08 14:11:30,23650.6,2026-09-08,23300.0,CE,363.25,361.3,362.3,8512,1154,829,20.55
2026-09-08 14:11:30,23650.6,2026-09-08,23300.0,PE,0.55,0.5,0.55,969808,156070,84895,12.08
2026-09-08 14:11:30,23650.6,2026-09-08,23350.0,CE,312.6,311.35,312.3,8472,1210,1000,17.96
2026-09-08 14:11:30,23650.6,2026-09-08,23350.0,PE,0.65,0.6,0.65,670649,74420,37074,10.76
2026-09-08 14:11:30,23650.6,2026-09-08,23400.0,CE,262.9,261.75,262.55,59274,5828,4932,16.06
2026-09-08 14:11:30,23650.6,2026-09-08,23400.0,PE,0.9,0.9,0.95,1563322,159942,87850,9.75
2026-09-08 14:11:30,23650.6,2026-09-08,23450.0,CE,212.95,212.2,212.75,83664,6105,5506,13.7
2026-09-08 14:11:30,23650.6,2026-09-08,23450.0,PE,1.35,1.35,1.4,2419132,160965,92858,8.64
2026-09-08 14:11:30,23650.6,2026-09-08,23500.0,CE,164.05,164.15,164.55,704890,44842,39617,11.69
2026-09-08 14:11:30,23650.6,2026-09-08,23500.0,PE,2.95,2.95,3.0,5457050,303072,132894,8.05
2026-09-08 14:11:30,23650.6,2026-09-08,23550.0,CE,117.75,117.45,117.8,923562,42315,40472,9.85
2026-09-08 14:11:30,23650.6,2026-09-08,23550.0,PE,6.3,6.25,6.35,7802039,317988,246739,7.35
2026-09-08 14:11:30,23650.6,2026-09-08,23600.0,CE,75.2,75.2,75.4,4498565,225441,215665,8.62
2026-09-08 14:11:30,23650.6,2026-09-08,23600.0,PE,14.45,14.4,14.45,15981359,598918,444931,6.83
2026-09-08 14:11:30,23650.6,2026-09-08,23650.0,CE,41.5,41.5,41.65,9238686,537986,526490,7.89
2026-09-08 14:11:30,23650.6,2026-09-08,23650.0,PE,30.85,30.7,30.85,19132283,497899,380022,6.27
2026-09-08 14:11:30,23650.6,2026-09-08,23700.0,CE,21.05,21.0,21.05,17034011,769961,724720,7.99
2026-09-08 14:11:30,23650.6,2026-09-08,23700.0,PE,59.8,59.75,59.9,16610747,287957,142276,5.81
2026-09-08 14:11:30,23650.6,2026-09-08,23750.0,CE,10.4,10.35,10.4,9583850,440626,359118,8.5
2026-09-08 14:11:30,23650.6,2026-09-08,23750.0,PE,99.8,99.45,99.75,5487237,96078,-15094,
2026-09-08 14:11:30,23650.6,2026-09-08,23800.0,CE,5.45,5.45,5.5,9235064,513478,250171,9.41
2026-09-08 14:11:30,23650.6,2026-09-08,23800.0,PE,144.45,144.5,144.8,3345803,82866,-60999,
2026-09-08 14:11:30,23650.6,2026-09-08,23850.0,CE,3.15,3.15,3.2,4348019,260524,76038,10.38
2026-09-08 14:11:30,23650.6,2026-09-08,23850.0,PE,191.55,191.55,192.0,830497,30494,-23167,
2026-09-08 14:11:30,23650.6,2026-09-08,23900.0,CE,2.1,2.05,2.1,4286545,276039,14530,11.47
2026-09-08 14:11:30,23650.6,2026-09-08,23900.0,PE,240.85,240.8,241.45,549574,30816,-23565,
2026-09-08 14:11:30,23650.6,2026-09-08,23950.0,CE,1.55,1.5,1.55,2574036,194904,36408,12.61
2026-09-08 14:11:30,23650.6,2026-09-08,23950.0,PE,291.4,290.5,291.45,103186,13643,-13238,
2026-09-08 14:11:30,23650.6,2026-09-08,24000.0,CE,1.15,1.1,1.15,2905479,361240,35884,13.97
2026-09-08 14:11:30,23650.6,2026-09-08,24000.0,PE,339.7,339.75,340.3,163649,41100,-19534,
2026-09-08 14:11:30,23650.6,2026-09-08,24050.0,CE,0.8,0.8,0.85,1500064,149190,-2250,15.1
2026-09-08 14:11:30,23650.6,2026-09-08,24050.0,PE,388.0,389.4,390.65,16465,6567,-3354,
2026-09-08 14:11:30,23650.6,2026-09-08,24100.0,CE,0.7,0.7,0.75,1774017,186606,-36250,16.17
2026-09-08 14:11:30,23650.6,2026-09-08,24100.0,PE,439.0,439.4,440.0,24652,13431,-4526,
2026-09-08 14:11:30,23650.6,2026-09-08,24150.0,CE,0.65,0.65,0.7,1241566,118634,8628,17.37
2026-09-08 14:11:30,23650.6,2026-09-08,24150.0,PE,487.0,488.7,490.55,6167,5616,-1771,
2026-09-08 14:12:31,23650.8,2026-09-08,23150.0,CE,507.2,513.85,516.5,249,95,66,23.86
2026-09-08 14:12:31,23650.8,2026-09-08,23150.0,PE,0.35,0.35,0.4,773208,69592,42566,16.14
2026-09-08 14:12:31,23650.8,2026-09-08,23200.0,CE,465.0,464.9,466.7,1583,483,320,26.91
2026-09-08 14:12:31,23650.8,2026-09-08,23200.0,PE,0.4,0.4,0.45,764398,140391,80708,15.13
2026-09-08 14:12:31,23650.8,2026-09-08,23250.0,CE,415.75,414.55,416.15,1735,450,420,20.83
2026-09-08 14:12:31,23650.8,2026-09-08,23250.0,PE,0.45,0.45,0.5,437407,69123,31670,13.81
2026-09-08 14:12:31,23650.8,2026-09-08,23300.0,CE,366.0,364.6,365.9,8540,1147,822,21.95
2026-09-08 14:12:31,23650.8,2026-09-08,23300.0,PE,0.55,0.5,0.55,970946,154414,83239,12.43
2026-09-08 14:12:31,23650.8,2026-09-08,23350.0,CE,315.7,314.85,315.9,8507,1194,984,20.08
2026-09-08 14:12:31,23650.8,2026-09-08,23350.0,PE,0.6,0.6,0.65,671535,74417,37071,11.12
2026-09-08 14:12:31,23650.8,2026-09-08,23400.0,CE,265.2,265.15,266.05,59474,5697,4801,17.36
2026-09-08 14:12:31,23650.8,2026-09-08,23400.0,PE,0.95,0.9,0.95,1564532,161079,88987,9.97
2026-09-08 14:12:31,23650.8,2026-09-08,23450.0,CE,216.55,215.95,216.5,84021,5870,5271,14.88
2026-09-08 14:12:31,23650.8,2026-09-08,23450.0,PE,1.4,1.35,1.4,2430179,160145,92038,8.78
2026-09-08 14:12:31,23650.8,2026-09-08,23500.0,CE,167.6,167.65,168.0,707028,44443,39218,13.03
2026-09-08 14:12:31,23650.8,2026-09-08,23500.0,PE,2.9,2.85,2.9,5469542,301997,131819,8.11
2026-09-08 14:12:31,23650.8,2026-09-08,23550.0,CE,121.2,120.9,121.25,928060,41208,39365,10.96
2026-09-08 14:12:31,23650.8,2026-09-08,23550.0,PE,6.15,6.15,6.2,7825569,312513,241264,7.34
2026-09-08 14:12:31,23650.8,2026-09-08,23600.0,CE,78.75,78.55,78.75,4525112,221525,211749,9.51
2026-09-08 14:12:31,23650.8,2026-09-08,23600.0,PE,14.0,14.0,14.05,16030272,602517,448530,6.74
2026-09-08 14:12:31,23650.8,2026-09-08,23650.0,CE,44.05,44.05,44.2,9290823,532794,521298,8.5
2026-09-08 14:12:31,23650.8,2026-09-08,23650.0,PE,29.7,29.7,29.85,19184799,499406,381529,6.15
2026-09-08 14:12:31,23650.8,2026-09-08,23700.0,CE,22.7,22.6,22.7,17100667,757809,712568,8.4
2026-09-08 14:12:31,23650.8,2026-09-08,23700.0,PE,57.65,57.7,57.9,16635957,289375,143694,5.54
2026-09-08 14:12:31,23650.8,2026-09-08,23750.0,CE,11.15,11.15,11.25,9615963,436131,354623,8.75
2026-09-08 14:12:31,23650.8,2026-09-08,23750.0,PE,97.2,96.95,97.15,5495374,96937,-14235,
2026-09-08 14:12:31,23650.8,2026-09-08,23800.0,CE,5.85,5.85,5.9,9258716,512010,248703,9.4
2026-09-08 14:12:31,23650.8,2026-09-08,23800.0,PE,141.85,141.6,141.85,3349176,83002,-60863,
2026-09-08 14:12:31,23650.8,2026-09-08,23850.0,CE,3.35,3.35,3.4,4361341,259429,74943,10.24
2026-09-08 14:12:31,23650.8,2026-09-08,23850.0,PE,188.2,188.25,188.7,831206,30521,-23140,
2026-09-08 14:12:31,23650.8,2026-09-08,23900.0,CE,2.1,2.1,2.15,4314270,275304,13795,11.2
2026-09-08 14:12:31,23650.8,2026-09-08,23900.0,PE,237.65,236.9,237.45,550124,31358,-23023,
2026-09-08 14:12:31,23650.8,2026-09-08,23950.0,CE,1.55,1.55,1.6,2600409,196281,37785,12.35
2026-09-08 14:12:31,23650.8,2026-09-08,23950.0,PE,286.95,286.95,287.8,103304,13659,-13222,
2026-09-08 14:12:31,23650.8,2026-09-08,24000.0,CE,1.15,1.15,1.2,2911979,361158,35802,13.33
2026-09-08 14:12:31,23650.8,2026-09-08,24000.0,PE,335.65,336.05,336.9,164888,38889,-21745,
2026-09-08 14:12:31,23650.8,2026-09-08,24050.0,CE,0.85,0.8,0.85,1501628,148103,-3337,14.29
2026-09-08 14:12:31,23650.8,2026-09-08,24050.0,PE,386.05,385.7,386.95,16499,6556,-3365,
2026-09-08 14:12:31,23650.8,2026-09-08,24100.0,CE,0.75,0.7,0.75,1775584,186135,-36721,15.68
2026-09-08 14:12:31,23650.8,2026-09-08,24100.0,PE,436.05,436.05,437.35,24687,13412,-4545,
2026-09-08 14:12:31,23650.8,2026-09-08,24150.0,CE,0.7,0.65,0.7,1245777,117885,7879,16.7
2026-09-08 14:12:31,23650.8,2026-09-08,24150.0,PE,486.0,486.0,486.45,6178,5590,-1797,
2026-09-08 14:13:31,23653.45,2026-09-08,23150.0,CE,516.3,517.6,518.7,250,95,66,23.86
2026-09-08 14:13:31,23653.45,2026-09-08,23150.0,PE,0.35,0.35,0.4,774614,69335,42309,16.14
2026-09-08 14:13:31,23653.45,2026-09-08,23200.0,CE,465.0,467.0,468.6,1583,483,320,26.91
2026-09-08 14:13:31,23653.45,2026-09-08,23200.0,PE,0.45,0.4,0.45,765137,140356,80673,15.13
2026-09-08 14:13:31,23653.45,2026-09-08,23250.0,CE,415.75,417.1,418.65,1735,450,420,20.83
2026-09-08 14:13:31,23653.45,2026-09-08,23250.0,PE,0.45,0.45,0.5,437538,69163,31710,13.81
2026-09-08 14:13:31,23653.45,2026-09-08,23300.0,CE,368.1,368.15,369.0,8565,1139,814,21.95
2026-09-08 14:13:31,23653.45,2026-09-08,23300.0,PE,0.5,0.5,0.55,971562,154174,82999,12.43
2026-09-08 14:13:31,23653.45,2026-09-08,23350.0,CE,318.35,319.25,320.0,8556,1197,987,20.08
2026-09-08 14:13:31,23653.45,2026-09-08,23350.0,PE,0.6,0.6,0.65,671851,74789,37443,11.12
2026-09-08 14:13:31,23653.45,2026-09-08,23400.0,CE,269.0,269.05,269.85,59646,5680,4784,17.36
2026-09-08 14:13:31,23653.45,2026-09-08,23400.0,PE,0.9,0.9,0.95,1566522,160541,88449,9.97
2026-09-08 14:13:31,23653.45,2026-09-08,23450.0,CE,219.95,220.5,221.0,84466,5802,5203,14.88
2026-09-08 14:13:31,23653.45,2026-09-08,23450.0,PE,1.3,1.25,1.3,2437313,161106,92999,8.78
2026-09-08 14:13:31,23653.45,2026-09-08,23500.0,CE,170.35,169.95,170.4,710519,44527,39302,13.03
2026-09-08 14:13:31,23653.45,2026-09-08,23500.0,PE,2.8,2.8,2.85,5479457,301375,131197,8.11
2026-09-08 14:13:31,23653.45,2026-09-08,23550.0,CE,125.0,124.8,125.1,933809,41608,39765,10.96
2026-09-08 14:13:31,23653.45,2026-09-08,23550.0,PE,5.75,5.75,5.8,7845347,314070,242821,7.34
2026-09-08 14:13:31,23653.45,2026-09-08,23600.0,CE,80.5,80.55,80.7,4551729,223144,213368,9.51
2026-09-08 14:13:31,23653.45,2026-09-08,23600.0,PE,13.45,13.35,13.45,16073387,606415,452428,6.74
2026-09-08 14:13:31,23653.45,2026-09-08,23650.0,CE,45.6,45.6,45.7,9349128,530475,518979,8.5
2026-09-08 14:13:31,23653.45,2026-09-08,23650.0,PE,28.65,28.55,28.65,19235131,503794,385917,6.15
2026-09-08 14:13:31,23653.45,2026-09-08,23700.0,CE,24.15,24.15,24.2,17192371,756063,710822,8.4
2026-09-08 14:13:31,23653.45,2026-09-08,23700.0,PE,54.75,54.65,54.8,16676327,291903,146222,5.54
2026-09-08 14:13:31,23653.45,2026-09-08,23750.0,CE,11.6,11.55,11.6,9654025,433943,352435,8.75
2026-09-08 14:13:31,23653.45,2026-09-08,23750.0,PE,94.5,94.4,94.65,5506643,96891,-14281,
2026-09-08 14:13:31,23653.45,2026-09-08,23800.0,CE,6.2,6.2,6.25,9288136,512148,248841,9.4
2026-09-08 14:13:31,23653.45,2026-09-08,23800.0,PE,138.2,138.2,138.5,3353938,83538,-60327,
2026-09-08 14:13:31,23653.45,2026-09-08,23850.0,CE,3.45,3.4,3.45,4375306,260077,75591,10.24
2026-09-08 14:13:31,23653.45,2026-09-08,23850.0,PE,185.95,185.7,186.15,832109,30496,-23165,
2026-09-08 14:13:31,23653.45,2026-09-08,23900.0,CE,2.25,2.2,2.25,4337912,274834,13325,11.2
2026-09-08 14:13:31,23653.45,2026-09-08,23900.0,PE,233.4,233.2,233.85,551755,31014,-23367,
2026-09-08 14:13:31,23653.45,2026-09-08,23950.0,CE,1.55,1.55,1.6,2611996,196726,38230,12.35
2026-09-08 14:13:31,23653.45,2026-09-08,23950.0,PE,284.5,284.4,285.1,103444,13661,-13220,
2026-09-08 14:13:31,23653.45,2026-09-08,24000.0,CE,1.15,1.15,1.2,2920687,359514,34158,13.33
2026-09-08 14:13:31,23653.45,2026-09-08,24000.0,PE,334.2,333.45,334.15,166606,38172,-22462,
2026-09-08 14:13:31,23653.45,2026-09-08,24050.0,CE,0.8,0.8,0.85,1504009,147641,-3799,14.29
2026-09-08 14:13:31,23653.45,2026-09-08,24050.0,PE,382.0,381.45,382.55,16511,6551,-3370,
2026-09-08 14:13:31,23653.45,2026-09-08,24100.0,CE,0.7,0.7,0.75,1777175,185298,-37558,15.68
2026-09-08 14:13:31,23653.45,2026-09-08,24100.0,PE,433.3,432.25,434.05,24699,13395,-4562,
2026-09-08 14:13:31,23653.45,2026-09-08,24150.0,CE,0.65,0.6,0.65,1248993,117110,7104,16.7
2026-09-08 14:13:31,23653.45,2026-09-08,24150.0,PE,481.9,480.35,482.4,6183,5588,-1799,
2026-09-08 14:14:31,23655.85,2026-09-08,23150.0,CE,518.7,517.3,519.4,251,95,66,23.86
2026-09-08 14:14:31,23655.85,2026-09-08,23150.0,PE,0.4,0.35,0.4,775214,69335,42309,16.14
2026-09-08 14:14:31,23655.85,2026-09-08,23200.0,CE,465.0,467.6,469.6,1583,483,320,26.91
2026-09-08 14:14:31,23655.85,2026-09-08,23200.0,PE,0.45,0.4,0.45,765501,140356,80673,15.13
2026-09-08 14:14:31,23655.85,2026-09-08,23250.0,CE,415.75,417.7,419.4,1735,450,420,20.83
2026-09-08 14:14:31,23655.85,2026-09-08,23250.0,PE,0.45,0.45,0.5,437795,69163,31710,13.81
2026-09-08 14:14:31,23655.85,2026-09-08,23300.0,CE,369.85,368.05,368.65,8598,1139,814,21.95
2026-09-08 14:14:31,23655.85,2026-09-08,23300.0,PE,0.5,0.5,0.55,972338,154174,82999,12.43
2026-09-08 14:14:31,23655.85,2026-09-08,23350.0,CE,319.1,318.0,319.15,8624,1197,987,20.08
2026-09-08 14:14:31,23655.85,2026-09-08,23350.0,PE,0.6,0.6,0.65,671990,74789,37443,11.12
2026-09-08 14:14:31,23655.85,2026-09-08,23400.0,CE,269.5,268.55,269.15,60121,5680,4784,17.36
2026-09-08 14:14:31,23655.85,2026-09-08,23400.0,PE,0.95,0.9,0.95,1567249,160541,88449,9.97
2026-09-08 14:14:31,23655.85,2026-09-08,23450.0,CE,219.55,219.05,219.65,84701,5802,5203,14.88
2026-09-08 14:14:31,23655.85,2026-09-08,23450.0,PE,1.3,1.25,1.3,2439598,161491,93384,8.78
2026-09-08 14:14:31,23655.85,2026-09-08,23500.0,CE,170.55,170.55,170.95,712510,44527,39302,13.03
2026-09-08 14:14:31,23655.85,2026-09-08,23500.0,PE,2.75,2.7,2.75,5490085,301375,131197,8.11
2026-09-08 14:14:31,23655.85,2026-09-08,23550.0,CE,123.6,123.6,123.9,937001,41608,39765,10.96
2026-09-08 14:14:31,23655.85,2026-09-08,23550.0,PE,5.75,5.75,5.8,7860670,314070,242821,7.34
2026-09-08 14:14:31,23655.85,2026-09-08,23600.0,CE,80.95,80.95,81.1,4568284,223144,213368,9.51
2026-09-08 14:14:31,23655.85,2026-09-08,23600.0,PE,13.15,13.15,13.2,16120059,606415,452428,6.74
2026-09-08 14:14:31,23655.85,2026-09-08,23650.0,CE,45.7,45.7,45.8,9386185,530475,518979,8.5
2026-09-08 14:14:31,23655.85,2026-09-08,23650.0,PE,28.35,28.25,28.35,19285869,503794,385917,6.15
2026-09-08 14:14:31,23655.85,2026-09-08,23700.0,CE,23.45,23.45,23.5,17236460,756063,710822,8.4
2026-09-08 14:14:31,23655.85,2026-09-08,23700.0,PE,55.6,55.4,55.55,16697489,291903,146222,5.54
2026-09-08 14:14:31,23655.85,2026-09-08,23750.0,CE,11.6,11.6,11.65,9677843,433943,352435,8.75
2026-09-08 14:14:31,23655.85,2026-09-08,23750.0,PE,94.25,94.0,94.2,5513885,96891,-14281,
2026-09-08 14:14:31,23655.85,2026-09-08,23800.0,CE,6.05,6.0,6.05,9303161,508736,245429,9.4
2026-09-08 14:14:31,23655.85,2026-09-08,23800.0,PE,138.5,138.1,138.5,3356606,83367,-60498,
2026-09-08 14:14:31,23655.85,2026-09-08,23850.0,CE,3.4,3.4,3.45,4381578,260077,75591,10.24
2026-09-08 14:14:31,23655.85,2026-09-08,23850.0,PE,185.55,185.05,185.55,832646,30496,-23165,
2026-09-08 14:14:31,23655.85,2026-09-08,23900.0,CE,2.15,2.15,2.2,4341806,274834,13325,11.2
2026-09-08 14:14:31,23655.85,2026-09-08,23900.0,PE,235.15,234.4,234.95,552239,31014,-23367,
2026-09-08 14:14:31,23655.85,2026-09-08,23950.0,CE,1.6,1.55,1.6,2616619,196726,38230,12.35
2026-09-08 14:14:31,23655.85,2026-09-08,23950.0,PE,284.35,284.0,284.7,103497,13661,-13220,
2026-09-08 14:14:31,23655.85,2026-09-08,24000.0,CE,1.2,1.15,1.2,2922008,359514,34158,13.33
2026-09-08 14:14:31,23655.85,2026-09-08,24000.0,PE,333.2,333.05,333.9,166727,38172,-22462,
2026-09-08 14:14:31,23655.85,2026-09-08,24050.0,CE,0.8,0.8,0.85,1507446,147641,-3799,14.29
2026-09-08 14:14:31,23655.85,2026-09-08,24050.0,PE,383.7,382.55,383.65,16578,6551,-3370,
2026-09-08 14:14:31,23655.85,2026-09-08,24100.0,CE,0.7,0.7,0.75,1777889,185298,-37558,15.68
2026-09-08 14:14:31,23655.85,2026-09-08,24100.0,PE,431.0,432.85,434.0,24718,13395,-4562,
2026-09-08 14:14:31,23655.85,2026-09-08,24150.0,CE,0.6,0.6,0.65,1249905,117110,7104,16.7
2026-09-08 14:14:31,23655.85,2026-09-08,24150.0,PE,482.0,481.5,483.0,6184,5588,-1799,
2026-09-08 14:15:31,23654.8,2026-09-08,23150.0,CE,518.7,517.3,519.4,251,95,66,23.86
2026-09-08 14:15:31,23654.8,2026-09-08,23150.0,PE,0.4,0.35,0.4,775214,69335,42309,16.14
2026-09-08 14:15:31,23654.8,2026-09-08,23200.0,CE,465.0,467.6,469.6,1583,483,320,26.91
2026-09-08 14:15:31,23654.8,2026-09-08,23200.0,PE,0.45,0.4,0.45,765501,140356,80673,15.13
2026-09-08 14:15:31,23654.8,2026-09-08,23250.0,CE,415.75,417.7,419.4,1735,450,420,20.83
2026-09-08 14:15:31,23654.8,2026-09-08,23250.0,PE,0.45,0.45,0.5,437795,69163,31710,13.81
2026-09-08 14:15:31,23654.8,2026-09-08,23300.0,CE,369.85,368.05,368.65,8598,1139,814,21.95
2026-09-08 14:15:31,23654.8,2026-09-08,23300.0,PE,0.5,0.5,0.55,972338,154174,82999,12.43
2026-09-08 14:15:31,23654.8,2026-09-08,23350.0,CE,319.1,318.0,319.15,8624,1197,987,20.08
2026-09-08 14:15:31,23654.8,2026-09-08,23350.0,PE,0.6,0.6,0.65,671990,74789,37443,11.12
2026-09-08 14:15:31,23654.8,2026-09-08,23400.0,CE,269.5,268.55,269.15,60121,5680,4784,17.36
2026-09-08 14:15:31,23654.8,2026-09-08,23400.0,PE,0.95,0.9,0.95,1567249,160541,88449,9.97
2026-09-08 14:15:31,23654.8,2026-09-08,23450.0,CE,219.55,219.05,219.65,84701,5802,5203,14.88
2026-09-08 14:15:31,23654.8,2026-09-08,23450.0,PE,1.3,1.25,1.3,2439598,161491,93384,8.78
2026-09-08 14:15:31,23654.8,2026-09-08,23500.0,CE,170.55,170.55,170.95,712510,44527,39302,13.03
2026-09-08 14:15:31,23654.8,2026-09-08,23500.0,PE,2.75,2.7,2.75,5490085,301375,131197,8.11
2026-09-08 14:15:31,23654.8,2026-09-08,23550.0,CE,123.6,123.6,123.9,937001,41608,39765,10.96
2026-09-08 14:15:31,23654.8,2026-09-08,23550.0,PE,5.75,5.75,5.8,7860670,314070,242821,7.34
2026-09-08 14:15:31,23654.8,2026-09-08,23600.0,CE,80.95,80.95,81.1,4568284,223144,213368,9.51
2026-09-08 14:15:31,23654.8,2026-09-08,23600.0,PE,13.15,13.15,13.2,16120059,606415,452428,6.74
2026-09-08 14:15:31,23654.8,2026-09-08,23650.0,CE,45.7,45.7,45.8,9386185,530475,518979,8.5
2026-09-08 14:15:31,23654.8,2026-09-08,23650.0,PE,28.35,28.25,28.35,19285869,503794,385917,6.15
2026-09-08 14:15:31,23654.8,2026-09-08,23700.0,CE,23.45,23.45,23.5,17236460,756063,710822,8.4
2026-09-08 14:15:31,23654.8,2026-09-08,23700.0,PE,55.6,55.4,55.55,16697489,291903,146222,5.54
2026-09-08 14:15:31,23654.8,2026-09-08,23750.0,CE,11.6,11.6,11.65,9677843,433943,352435,8.75
2026-09-08 14:15:31,23654.8,2026-09-08,23750.0,PE,94.25,94.0,94.2,5513885,96891,-14281,
2026-09-08 14:15:31,23654.8,2026-09-08,23800.0,CE,6.05,6.0,6.05,9303161,508736,245429,9.4
2026-09-08 14:15:31,23654.8,2026-09-08,23800.0,PE,138.5,138.1,138.5,3356606,83367,-60498,
2026-09-08 14:15:31,23654.8,2026-09-08,23850.0,CE,3.4,3.4,3.45,4381578,260077,75591,10.24
2026-09-08 14:15:31,23654.8,2026-09-08,23850.0,PE,185.55,185.05,185.55,832646,30496,-23165,
2026-09-08 14:15:31,23654.8,2026-09-08,23900.0,CE,2.15,2.15,2.2,4341806,274834,13325,11.2
2026-09-08 14:15:31,23654.8,2026-09-08,23900.0,PE,235.15,234.4,234.95,552239,31014,-23367,
2026-09-08 14:15:31,23654.8,2026-09-08,23950.0,CE,1.6,1.55,1.6,2616619,196726,38230,12.35
2026-09-08 14:15:31,23654.8,2026-09-08,23950.0,PE,284.35,284.0,284.7,103497,13661,-13220,
2026-09-08 14:15:31,23654.8,2026-09-08,24000.0,CE,1.2,1.15,1.2,2922008,359514,34158,13.33
2026-09-08 14:15:31,23654.8,2026-09-08,24000.0,PE,333.2,333.05,333.9,166727,38172,-22462,
2026-09-08 14:15:31,23654.8,2026-09-08,24050.0,CE,0.8,0.8,0.85,1507446,147641,-3799,14.29
2026-09-08 14:15:31,23654.8,2026-09-08,24050.0,PE,383.7,382.55,383.65,16578,6551,-3370,
2026-09-08 14:15:31,23654.8,2026-09-08,24100.0,CE,0.7,0.7,0.75,1777889,185298,-37558,15.68
2026-09-08 14:15:31,23654.8,2026-09-08,24100.0,PE,431.0,432.85,434.0,24718,13395,-4562,
2026-09-08 14:15:31,23654.8,2026-09-08,24150.0,CE,0.6,0.6,0.65,1249905,117110,7104,16.7
2026-09-08 14:15:31,23654.8,2026-09-08,24150.0,PE,482.0,481.5,483.0,6184,5588,-1799,
2026-09-08 14:16:32,23652.35,2026-09-08,23150.0,CE,518.7,518.35,520.6,251,95,66,23.86
2026-09-08 14:16:32,23652.35,2026-09-08,23150.0,PE,0.4,0.35,0.4,776445,69086,42060,16.14
2026-09-08 14:16:32,23652.35,2026-09-08,23200.0,CE,465.0,468.1,470.15,1583,484,321,26.91
2026-09-08 14:16:32,23652.35,2026-09-08,23200.0,PE,0.45,0.4,0.45,768296,141280,81597,15.13
2026-09-08 14:16:32,23652.35,2026-09-08,23250.0,CE,418.6,418.45,420.1,1737,450,420,20.83
2026-09-08 14:16:32,23652.35,2026-09-08,23250.0,PE,0.4,0.4,0.45,439204,69022,31569,13.81
2026-09-08 14:16:32,23652.35,2026-09-08,23300.0,CE,371.35,368.45,369.6,8651,1131,806,21.95
2026-09-08 14:16:32,23652.35,2026-09-08,23300.0,PE,0.5,0.5,0.55,974525,157444,86269,12.43
2026-09-08 14:16:32,23652.35,2026-09-08,23350.0,CE,321.25,318.7,319.7,8660,1119,909,20.08
2026-09-08 14:16:32,23652.35,2026-09-08,23350.0,PE,0.6,0.55,0.6,675055,74813,37467,11.12
2026-09-08 14:16:32,23652.35,2026-09-08,23400.0,CE,270.25,269.4,270.15,60652,5250,4354,17.36
2026-09-08 14:16:32,23652.35,2026-09-08,23400.0,PE,0.85,0.85,0.9,1582237,160852,88760,9.97
2026-09-08 14:16:32,23652.35,2026-09-08,23450.0,CE,219.5,219.5,220.05,85531,5429,4830,14.88
2026-09-08 14:16:32,23652.35,2026-09-08,23450.0,PE,1.2,1.2,1.25,2449621,160614,92507,8.78
2026-09-08 14:16:32,23652.35,2026-09-08,23500.0,CE,171.05,171.1,171.6,717236,42734,37509,13.03
2026-09-08 14:16:32,23652.35,2026-09-08,23500.0,PE,2.55,2.55,2.6,5532914,294876,124698,8.11
2026-09-08 14:16:32,23652.35,2026-09-08,23550.0,CE,124.25,124.1,124.35,943998,39583,37740,10.96
2026-09-08 14:16:32,23652.35,2026-09-08,23550.0,PE,5.55,5.5,5.55,7909413,311582,240333,7.34
2026-09-08 14:16:32,23652.35,2026-09-08,23600.0,CE,81.5,81.3,81.5,4607727,216420,206644,9.51
2026-09-08 14:16:32,23652.35,2026-09-08,23600.0,PE,12.9,12.8,12.85,16216777,595543,441556,6.74
2026-09-08 14:16:32,23652.35,2026-09-08,23650.0,CE,46.2,46.0,46.15,9472058,521018,509522,8.5
2026-09-08 14:16:32,23652.35,2026-09-08,23650.0,PE,27.75,27.8,27.85,19400915,509030,391153,6.15
2026-09-08 14:16:32,23652.35,2026-09-08,23700.0,CE,23.8,23.7,23.75,17368471,752708,707467,8.4
2026-09-08 14:16:32,23652.35,2026-09-08,23700.0,PE,55.15,55.1,55.2,16752412,293973,148292,5.54
2026-09-08 14:16:32,23652.35,2026-09-08,23750.0,CE,11.8,11.75,11.8,9736178,439095,357587,8.75
2026-09-08 14:16:32,23652.35,2026-09-08,23750.0,PE,93.05,93.1,93.35,5537755,89752,-21420,
2026-09-08 14:16:32,23652.35,2026-09-08,23800.0,CE,6.0,6.0,6.05,9352642,509463,246156,9.4
2026-09-08 14:16:32,23652.35,2026-09-08,23800.0,PE,137.7,137.7,138.0,3366434,83609,-60256,
2026-09-08 14:16:32,23652.35,2026-09-08,23850.0,CE,3.4,3.4,3.45,4410254,256271,71785,10.24
2026-09-08 14:16:32,23652.35,2026-09-08,23850.0,PE,185.0,184.45,184.95,835051,30634,-23027,
2026-09-08 14:16:32,23652.35,2026-09-08,23900.0,CE,2.2,2.15,2.2,4373499,274967,13458,11.2
2026-09-08 14:16:32,23652.35,2026-09-08,23900.0,PE,233.75,233.75,234.0,555705,30472,-23909,
2026-09-08 14:16:32,23652.35,2026-09-08,23950.0,CE,1.55,1.55,1.6,2634506,191373,32877,12.35
2026-09-08 14:16:32,23652.35,2026-09-08,23950.0,PE,282.65,283.1,283.85,103736,13610,-13271,
2026-09-08 14:16:32,23652.35,2026-09-08,24000.0,CE,1.15,1.15,1.2,2934384,355050,29694,13.33
2026-09-08 14:16:32,23652.35,2026-09-08,24000.0,PE,332.95,332.35,332.95,167355,36910,-23724,
2026-09-08 14:16:32,23652.35,2026-09-08,24050.0,CE,0.9,0.85,0.9,1514387,144347,-7093,14.29
2026-09-08 14:16:32,23652.35,2026-09-08,24050.0,PE,381.0,381.95,383.25,16608,6542,-3379,
2026-09-08 14:16:32,23652.35,2026-09-08,24100.0,CE,0.75,0.7,0.75,1780231,184136,-38720,15.68
2026-09-08 14:16:32,23652.35,2026-09-08,24100.0,PE,431.95,432.1,433.4,24780,13402,-4555,
2026-09-08 14:16:32,23652.35,2026-09-08,24150.0,CE,0.6,0.6,0.65,1251796,116458,6452,16.7
2026-09-08 14:16:32,23652.35,2026-09-08,24150.0,PE,481.0,480.7,482.35,6192,5588,-1799,
2026-09-08 14:17:32,23656.25,2026-09-08,23150.0,CE,518.7,511.85,513.8,251,93,64,23.86
2026-09-08 14:17:32,23656.25,2026-09-08,23150.0,PE,0.35,0.35,0.4,777506,69089,42063,16.14
2026-09-08 14:17:32,23656.25,2026-09-08,23200.0,CE,468.6,461.9,463.65,1588,486,323,26.91
2026-09-08 14:17:32,23656.25,2026-09-08,23200.0,PE,0.4,0.4,0.45,770219,141871,82188,15.13
2026-09-08 14:17:32,23656.25,2026-09-08,23250.0,CE,414.55,412.2,414.1,1740,452,422,20.83
2026-09-08 14:17:32,23656.25,2026-09-08,23250.0,PE,0.45,0.4,0.45,440365,69194,31741,13.81
2026-09-08 14:17:32,23656.25,2026-09-08,23300.0,CE,363.5,362.65,363.75,8686,1149,824,21.95
2026-09-08 14:17:32,23656.25,2026-09-08,23300.0,PE,0.55,0.5,0.55,976020,157686,86511,12.43
2026-09-08 14:17:32,23656.25,2026-09-08,23350.0,CE,314.0,312.75,313.75,8697,1116,906,20.08
2026-09-08 14:17:32,23656.25,2026-09-08,23350.0,PE,0.6,0.55,0.6,676455,74687,37341,11.12
2026-09-08 14:17:32,23656.25,2026-09-08,23400.0,CE,263.8,263.35,264.15,60917,5199,4303,17.36
2026-09-08 14:17:32,23656.25,2026-09-08,23400.0,PE,0.85,0.85,0.9,1592330,160982,88890,9.97
2026-09-08 14:17:32,23656.25,2026-09-08,23450.0,CE,213.25,213.65,214.3,85987,5392,4793,14.88
2026-09-08 14:17:32,23656.25,2026-09-08,23450.0,PE,1.3,1.25,1.3,2456689,158891,90784,8.78
2026-09-08 14:17:32,23656.25,2026-09-08,23500.0,CE,165.1,165.05,165.5,720399,42788,37563,13.03
2026-09-08 14:17:32,23656.25,2026-09-08,23500.0,PE,2.85,2.8,2.85,5558591,296160,125982,8.11
2026-09-08 14:17:32,23656.25,2026-09-08,23550.0,CE,119.0,118.55,118.85,951430,40760,38917,10.96
2026-09-08 14:17:32,23656.25,2026-09-08,23550.0,PE,6.2,6.2,6.25,7957206,312399,241150,7.34
2026-09-08 14:17:32,23656.25,2026-09-08,23600.0,CE,76.75,76.7,76.9,4641377,213117,203341,9.51
2026-09-08 14:17:32,23656.25,2026-09-08,23600.0,PE,14.25,14.15,14.25,16295844,609256,455269,6.74
2026-09-08 14:17:32,23656.25,2026-09-08,23650.0,CE,42.55,42.55,42.65,9553780,512848,501352,8.5
2026-09-08 14:17:32,23656.25,2026-09-08,23650.0,PE,30.2,30.15,30.2,19492862,514747,396870,6.15
2026-09-08 14:17:32,23656.25,2026-09-08,23700.0,CE,21.45,21.4,21.45,17484640,738533,693292,8.4
2026-09-08 14:17:32,23656.25,2026-09-08,23700.0,PE,58.75,58.6,58.75,16803642,294527,148846,5.54
2026-09-08 14:17:32,23656.25,2026-09-08,23750.0,CE,10.4,10.35,10.4,9795339,433050,351542,8.75
2026-09-08 14:17:32,23656.25,2026-09-08,23750.0,PE,97.9,97.7,97.9,5552759,91109,-20063,
2026-09-08 14:17:32,23656.25,2026-09-08,23800.0,CE,5.3,5.3,5.35,9393279,506568,243261,9.4
2026-09-08 14:17:32,23656.25,2026-09-08,23800.0,PE,143.2,143.0,143.2,3372716,83793,-60072,
2026-09-08 14:17:32,23656.25,2026-09-08,23850.0,CE,2.95,2.95,3.0,4440175,255739,71253,10.24
2026-09-08 14:17:32,23656.25,2026-09-08,23850.0,PE,190.95,190.35,190.9,836824,30692,-22969,
2026-09-08 14:17:32,23656.25,2026-09-08,23900.0,CE,1.95,1.9,1.95,4401917,273992,12483,11.2
2026-09-08 14:17:32,23656.25,2026-09-08,23900.0,PE,240.15,240.15,240.45,556659,30305,-24076,
2026-09-08 14:17:32,23656.25,2026-09-08,23950.0,CE,1.4,1.35,1.4,2667001,187977,29481,12.35
2026-09-08 14:17:32,23656.25,2026-09-08,23950.0,PE,289.8,288.85,289.7,103955,13720,-13161,
2026-09-08 14:17:32,23656.25,2026-09-08,24000.0,CE,1.05,1.05,1.1,2946787,354525,29169,13.33
2026-09-08 14:17:32,23656.25,2026-09-08,24000.0,PE,338.5,337.9,338.7,167661,36607,-24027,
2026-09-08 14:17:32,23656.25,2026-09-08,24050.0,CE,0.75,0.75,0.8,1523056,144032,-7408,14.29
2026-09-08 14:17:32,23656.25,2026-09-08,24050.0,PE,388.0,387.6,388.0,16653,6546,-3375,
2026-09-08 14:17:32,23656.25,2026-09-08,24100.0,CE,0.7,0.7,0.75,1782661,183451,-39405,15.68
2026-09-08 14:17:32,23656.25,2026-09-08,24100.0,PE,438.95,437.75,438.95,24794,13400,-4557,
2026-09-08 14:17:32,23656.25,2026-09-08,24150.0,CE,0.6,0.6,0.65,1253622,116526,6520,16.7
2026-09-08 14:17:32,23656.25,2026-09-08,24150.0,PE,486.45,487.05,488.0,6194,5588,-1799,
2026-09-08 14:18:32,23658.6,2026-09-08,23150.0,CE,521.1,519.3,521.55,254,93,64,25.23
2026-09-08 14:18:32,23658.6,2026-09-08,23150.0,PE,0.35,0.35,0.4,782079,69149,42123,16.1
2026-09-08 14:18:32,23658.6,2026-09-08,23200.0,CE,471.3,469.2,470.85,1591,486,323,27.72
2026-09-08 14:18:32,23658.6,2026-09-08,23200.0,PE,0.45,0.4,0.45,772888,141943,82260,14.87
2026-09-08 14:18:32,23658.6,2026-09-08,23250.0,CE,420.95,418.55,420.25,1761,446,416,25.39
2026-09-08 14:18:32,23658.6,2026-09-08,23250.0,PE,0.45,0.4,0.45,443347,69179,31726,13.58
2026-09-08 14:18:32,23658.6,2026-09-08,23300.0,CE,371.45,369.65,371.1,8775,1155,830,23.19
2026-09-08 14:18:32,23658.6,2026-09-08,23300.0,PE,0.5,0.5,0.55,977719,158298,87123,12.23
2026-09-08 14:18:32,23658.6,2026-09-08,23350.0,CE,320.0,319.65,320.85,8808,1120,910,20.75
2026-09-08 14:18:32,23658.6,2026-09-08,23350.0,PE,0.55,0.55,0.6,680218,75375,38029,10.94
2026-09-08 14:18:32,23658.6,2026-09-08,23400.0,CE,271.25,270.55,271.4,61841,5250,4354,18.35
2026-09-08 14:18:32,23658.6,2026-09-08,23400.0,PE,0.85,0.8,0.85,1599789,161060,88968,9.91
2026-09-08 14:18:32,23658.6,2026-09-08,23450.0,CE,221.7,221.05,221.65,86886,5370,4771,15.62
2026-09-08 14:18:32,23658.6,2026-09-08,23450.0,PE,1.15,1.15,1.2,2481439,160859,92752,8.78
2026-09-08 14:18:32,23658.6,2026-09-08,23500.0,CE,173.2,172.75,173.15,728889,42799,37574,13.63
2026-09-08 14:18:32,23658.6,2026-09-08,23500.0,PE,2.65,2.65,2.7,5612794,297075,126897,8.07
2026-09-08 14:18:32,23658.6,2026-09-08,23550.0,CE,125.7,125.5,125.75,969508,39440,37597,11.57
2026-09-08 14:18:32,23658.6,2026-09-08,23550.0,PE,5.75,5.75,5.8,8040719,314674,243425,7.28
2026-09-08 14:18:32,23658.6,2026-09-08,23600.0,CE,82.4,82.25,82.4,4719514,213001,203225,9.83
2026-09-08 14:18:32,23658.6,2026-09-08,23600.0,PE,13.05,13.0,13.1,16486894,613742,459755,6.68
2026-09-08 14:18:32,23658.6,2026-09-08,23650.0,CE,47.25,47.2,47.25,9737185,515716,504220,8.77
2026-09-08 14:18:32,23658.6,2026-09-08,23650.0,PE,27.45,27.45,27.55,19696573,521087,403210,6.02
2026-09-08 14:18:32,23658.6,2026-09-08,23700.0,CE,24.15,24.05,24.1,17774171,741169,695928,8.58
2026-09-08 14:18:32,23658.6,2026-09-08,23700.0,PE,54.5,54.4,54.5,16914795,298427,152746,5.2
2026-09-08 14:18:32,23658.6,2026-09-08,23750.0,CE,11.9,11.95,12.0,9924314,438805,357297,8.9
2026-09-08 14:18:32,23658.6,2026-09-08,23750.0,PE,92.0,92.05,92.3,5584698,92223,-18949,
2026-09-08 14:18:32,23658.6,2026-09-08,23800.0,CE,6.0,6.0,6.05,9500069,504186,240879,9.54
2026-09-08 14:18:32,23658.6,2026-09-08,23800.0,PE,136.65,136.3,136.65,3389594,84721,-59144,
2026-09-08 14:18:32,23658.6,2026-09-08,23850.0,CE,3.35,3.3,3.35,4486797,255727,71241,10.31
2026-09-08 14:18:32,23658.6,2026-09-08,23850.0,PE,183.4,183.4,183.9,840848,30709,-22952,
2026-09-08 14:18:32,23658.6,2026-09-08,23900.0,CE,2.1,2.05,2.1,4463713,275348,13839,11.26
2026-09-08 14:18:32,23658.6,2026-09-08,23900.0,PE,233.0,232.6,233.15,558803,30184,-24197,
2026-09-08 14:18:32,23658.6,2026-09-08,23950.0,CE,1.45,1.45,1.5,2708898,187415,28919,12.41
2026-09-08 14:18:32,23658.6,2026-09-08,23950.0,PE,282.7,282.2,282.9,104399,13647,-13234,
2026-09-08 14:18:32,23658.6,2026-09-08,24000.0,CE,1.1,1.1,1.15,2958772,354188,28832,13.39
2026-09-08 14:18:32,23658.6,2026-09-08,24000.0,PE,330.9,331.1,331.9,168726,36537,-24097,
2026-09-08 14:18:32,23658.6,2026-09-08,24050.0,CE,0.85,0.8,0.85,1531482,143060,-8380,14.34
2026-09-08 14:18:32,23658.6,2026-09-08,24050.0,PE,380.45,380.85,382.1,16719,6538,-3383,
2026-09-08 14:18:32,23658.6,2026-09-08,24100.0,CE,0.7,0.7,0.75,1787416,183821,-39035,15.74
2026-09-08 14:18:32,23658.6,2026-09-08,24100.0,PE,432.0,430.7,431.95,24904,13387,-4570,
2026-09-08 14:18:32,23658.6,2026-09-08,24150.0,CE,0.6,0.6,0.65,1256333,116464,6458,16.92
2026-09-08 14:18:32,23658.6,2026-09-08,24150.0,PE,479.55,479.55,481.55,6213,5587,-1800,
2026-09-08 14:19:33,23654.1,2026-09-08,23150.0,CE,523.05,521.2,523.55,253,93,64,23.86
2026-09-08 14:19:33,23654.1,2026-09-08,23150.0,PE,0.4,0.35,0.4,780855,68524,41498,16.14
2026-09-08 14:19:33,23654.1,2026-09-08,23200.0,CE,463.1,471.2,473.15,1589,486,323,26.91
2026-09-08 14:19:33,23654.1,2026-09-08,23200.0,PE,0.45,0.4,0.45,772225,142173,82490,15.13
2026-09-08 14:19:33,23654.1,2026-09-08,23250.0,CE,420.2,421.3,423.2,1760,447,417,20.83
2026-09-08 14:19:33,23654.1,2026-09-08,23250.0,PE,0.45,0.4,0.45,443065,69251,31798,13.81
2026-09-08 14:19:33,23654.1,2026-09-08,23300.0,CE,372.35,372.05,373.45,8766,1150,825,21.95
2026-09-08 14:19:33,23654.1,2026-09-08,23300.0,PE,0.55,0.5,0.55,977334,158743,87568,12.43
2026-09-08 14:19:33,23654.1,2026-09-08,23350.0,CE,322.4,321.8,322.85,8772,1118,908,20.08
2026-09-08 14:19:33,23654.1,2026-09-08,23350.0,PE,0.6,0.55,0.6,678993,76024,38678,11.12
2026-09-08 14:19:33,23654.1,2026-09-08,23400.0,CE,273.15,273.0,273.45,61604,5081,4185,17.36
2026-09-08 14:19:33,23654.1,2026-09-08,23400.0,PE,0.85,0.85,0.9,1595233,160056,87964,9.97
2026-09-08 14:19:33,23654.1,2026-09-08,23450.0,CE,224.0,222.85,223.45,86531,5271,4672,14.88
2026-09-08 14:19:33,23654.1,2026-09-08,23450.0,PE,1.2,1.15,1.2,2473097,159873,91766,8.78
2026-09-08 14:19:33,23654.1,2026-09-08,23500.0,CE,175.05,174.6,175.05,726560,42383,37158,13.03
2026-09-08 14:19:33,23654.1,2026-09-08,23500.0,PE,2.65,2.6,2.65,5596241,294208,124030,8.11
2026-09-08 14:19:33,23654.1,2026-09-08,23550.0,CE,127.3,127.3,127.65,965934,39932,38089,10.96
2026-09-08 14:19:33,23654.1,2026-09-08,23550.0,PE,5.55,5.55,5.6,8021687,312236,240987,7.34
2026-09-08 14:19:33,23654.1,2026-09-08,23600.0,CE,84.05,84.05,84.3,4699316,208599,198823,9.51
2026-09-08 14:19:33,23654.1,2026-09-08,23600.0,PE,12.5,12.5,12.6,16450961,610300,456313,6.74
2026-09-08 14:19:33,23654.1,2026-09-08,23650.0,CE,48.5,48.4,48.5,9685644,514287,502791,8.5
2026-09-08 14:19:33,23654.1,2026-09-08,23650.0,PE,26.6,26.6,26.65,19659192,521873,403996,6.15
2026-09-08 14:19:33,23654.1,2026-09-08,23700.0,CE,24.95,24.95,25.05,17696676,735990,690749,8.4
2026-09-08 14:19:33,23654.1,2026-09-08,23700.0,PE,53.0,53.0,53.15,16892210,299378,153697,5.54
2026-09-08 14:19:33,23654.1,2026-09-08,23750.0,CE,12.3,12.25,12.3,9888662,440051,358543,8.75
2026-09-08 14:19:33,23654.1,2026-09-08,23750.0,PE,90.5,90.5,90.75,5578882,93990,-17182,
2026-09-08 14:19:33,23654.1,2026-09-08,23800.0,CE,6.25,6.2,6.25,9474126,504555,241248,9.4
2026-09-08 14:19:33,23654.1,2026-09-08,23800.0,PE,134.6,134.55,134.95,3386408,84547,-59318,
2026-09-08 14:19:33,23654.1,2026-09-08,23850.0,CE,3.45,3.4,3.45,4476327,256738,72252,10.24
2026-09-08 14:19:33,23654.1,2026-09-08,23850.0,PE,181.0,181.1,181.5,840199,30693,-22968,
2026-09-08 14:19:33,23654.1,2026-09-08,23900.0,CE,2.15,2.15,2.2,4448566,274365,12856,11.2
2026-09-08 14:19:33,23654.1,2026-09-08,23900.0,PE,230.75,230.75,231.0,558389,30060,-24321,
2026-09-08 14:19:33,23654.1,2026-09-08,23950.0,CE,1.5,1.5,1.55,2699492,187897,29401,12.35
2026-09-08 14:19:33,23654.1,2026-09-08,23950.0,PE,279.55,279.9,280.6,104327,13640,-13241,
2026-09-08 14:19:33,23654.1,2026-09-08,24000.0,CE,1.15,1.1,1.15,2954998,354129,28773,13.33
2026-09-08 14:19:33,23654.1,2026-09-08,24000.0,PE,329.15,328.55,329.45,168488,36528,-24106,
2026-09-08 14:19:33,23654.1,2026-09-08,24050.0,CE,0.85,0.8,0.85,1529178,142840,-8600,14.29
2026-09-08 14:19:33,23654.1,2026-09-08,24050.0,PE,380.4,378.75,379.95,16689,6533,-3388,
2026-09-08 14:19:33,23654.1,2026-09-08,24100.0,CE,0.75,0.7,0.75,1786210,183394,-39462,15.68
2026-09-08 14:19:33,23654.1,2026-09-08,24100.0,PE,430.0,428.85,430.2,24869,13380,-4577,
2026-09-08 14:19:33,23654.1,2026-09-08,24150.0,CE,0.65,0.6,0.65,1255117,116129,6123,16.7
2026-09-08 14:19:33,23654.1,2026-09-08,24150.0,PE,479.0,478.0,479.4,6210,5587,-1800,
2026-09-08 14:20:33,23652.9,2026-09-08,23150.0,CE,521.1,518.6,520.6,254,93,64,23.86
2026-09-08 14:20:33,23652.9,2026-09-08,23150.0,PE,0.4,0.35,0.4,782351,68524,41498,16.14
2026-09-08 14:20:33,23652.9,2026-09-08,23200.0,CE,468.45,468.65,470.35,1592,482,319,26.91
2026-09-08 14:20:33,23652.9,2026-09-08,23200.0,PE,0.45,0.4,0.45,773908,142173,82490,15.13
2026-09-08 14:20:33,23652.9,2026-09-08,23250.0,CE,420.95,419.0,420.65,1761,447,417,20.83
2026-09-08 14:20:33,23652.9,2026-09-08,23250.0,PE,0.45,0.4,0.45,443391,69251,31798,13.81
2026-09-08 14:20:33,23652.9,2026-09-08,23300.0,CE,370.2,369.25,370.45,8781,1152,827,21.95
2026-09-08 14:20:33,23652.9,2026-09-08,23300.0,PE,0.5,0.5,0.55,977809,158743,87568,12.43
2026-09-08 14:20:33,23652.9,2026-09-08,23350.0,CE,321.1,319.25,320.5,8813,1118,908,20.08
2026-09-08 14:20:33,23652.9,2026-09-08,23350.0,PE,0.6,0.55,0.6,680632,76024,38678,11.12
2026-09-08 14:20:33,23652.9,2026-09-08,23400.0,CE,269.75,269.4,270.25,61913,4942,4046,17.36
2026-09-08 14:20:33,23652.9,2026-09-08,23400.0,PE,0.9,0.85,0.9,1605575,159995,87903,9.97
2026-09-08 14:20:33,23652.9,2026-09-08,23450.0,CE,220.65,220.2,220.7,87043,5271,4672,14.88
2026-09-08 14:20:33,23652.9,2026-09-08,23450.0,PE,1.15,1.15,1.2,2482241,159873,91766,8.78
2026-09-08 14:20:33,23652.9,2026-09-08,23500.0,CE,172.0,171.85,172.35,729491,42383,37158,13.03
2026-09-08 14:20:33,23652.9,2026-09-08,23500.0,PE,2.65,2.65,2.7,5616678,294208,124030,8.11
2026-09-08 14:20:33,23652.9,2026-09-08,23550.0,CE,125.0,125.0,125.15,970729,39932,38089,10.96
2026-09-08 14:20:33,23652.9,2026-09-08,23550.0,PE,5.8,5.8,5.85,8046422,312236,240987,7.34
2026-09-08 14:20:33,23652.9,2026-09-08,23600.0,CE,82.0,82.0,82.25,4724623,208599,198823,9.51
2026-09-08 14:20:33,23652.9,2026-09-08,23600.0,PE,13.1,13.05,13.1,16496296,610300,456313,6.74
2026-09-08 14:20:33,23652.9,2026-09-08,23650.0,CE,46.75,46.7,46.8,9749665,514287,502791,8.5
2026-09-08 14:20:33,23652.9,2026-09-08,23650.0,PE,27.8,27.7,27.75,19707415,521873,403996,6.15
2026-09-08 14:20:33,23652.9,2026-09-08,23700.0,CE,23.9,23.9,23.95,17794509,735990,690749,8.4
2026-09-08 14:20:33,23652.9,2026-09-08,23700.0,PE,54.45,54.5,54.65,16923172,299378,153697,5.54
2026-09-08 14:20:33,23652.9,2026-09-08,23750.0,CE,11.6,11.6,11.65,9936119,441990,360482,8.75
2026-09-08 14:20:33,23652.9,2026-09-08,23750.0,PE,92.85,92.9,93.1,5586286,93367,-17805,
2026-09-08 14:20:33,23652.9,2026-09-08,23800.0,CE,5.95,5.9,5.95,9511590,504555,241248,9.4
2026-09-08 14:20:33,23652.9,2026-09-08,23800.0,PE,137.05,137.05,137.35,3390531,84547,-59318,
2026-09-08 14:20:33,23652.9,2026-09-08,23850.0,CE,3.25,3.25,3.3,4492260,256738,72252,10.24
2026-09-08 14:20:33,23652.9,2026-09-08,23850.0,PE,184.2,183.8,184.2,841054,30693,-22968,
2026-09-08 14:20:33,23652.9,2026-09-08,23900.0,CE,2.1,2.05,2.1,4472506,274365,12856,11.2
2026-09-08 14:20:33,23652.9,2026-09-08,23900.0,PE,233.85,233.4,233.95,558963,30060,-24321,
2026-09-08 14:20:33,23652.9,2026-09-08,23950.0,CE,1.45,1.4,1.45,2712760,187897,29401,12.35
2026-09-08 14:20:33,23652.9,2026-09-08,23950.0,PE,283.0,282.4,283.1,104413,13615,-13266,
2026-09-08 14:20:33,23652.9,2026-09-08,24000.0,CE,1.15,1.1,1.15,2964430,354129,28773,13.33
2026-09-08 14:20:33,23652.9,2026-09-08,24000.0,PE,332.3,331.5,332.25,168760,36466,-24168,
2026-09-08 14:20:33,23652.9,2026-09-08,24050.0,CE,0.8,0.8,0.85,1532438,142840,-8600,14.29
2026-09-08 14:20:33,23652.9,2026-09-08,24050.0,PE,381.1,381.4,382.7,16725,6531,-3390,
2026-09-08 14:20:33,23652.9,2026-09-08,24100.0,CE,0.7,0.7,0.75,1787778,183394,-39462,15.68
2026-09-08 14:20:33,23652.9,2026-09-08,24100.0,PE,432.0,431.6,433.2,24924,13377,-4580,
2026-09-08 14:20:33,23652.9,2026-09-08,24150.0,CE,0.65,0.6,0.65,1256599,116129,6123,16.7
2026-09-08 14:20:33,23652.9,2026-09-08,24150.0,PE,480.55,480.4,481.95,6228,5574,-1813,
2026-09-08 14:21:33,23654.05,2026-09-08,23150.0,CE,520.15,513.05,515.25,256,93,64,23.86
2026-09-08 14:21:33,23654.05,2026-09-08,23150.0,PE,0.3,0.3,0.35,784195,68229,41203,16.14
2026-09-08 14:21:33,23654.05,2026-09-08,23200.0,CE,464.3,463.1,465.05,1598,482,319,26.91
2026-09-08 14:21:33,23654.05,2026-09-08,23200.0,PE,0.45,0.4,0.45,774556,142281,82598,15.13
2026-09-08 14:21:33,23654.05,2026-09-08,23250.0,CE,422.2,413.6,415.6,1763,447,417,20.83
2026-09-08 14:21:33,23654.05,2026-09-08,23250.0,PE,0.4,0.4,0.45,443702,69228,31775,13.81
2026-09-08 14:21:33,23654.05,2026-09-08,23300.0,CE,363.45,363.75,364.85,8800,1164,839,21.95
2026-09-08 14:21:33,23654.05,2026-09-08,23300.0,PE,0.5,0.5,0.55,978936,158845,87670,12.43
2026-09-08 14:21:33,23654.05,2026-09-08,23350.0,CE,314.6,314.05,315.15,8861,1111,901,20.08
2026-09-08 14:21:33,23654.05,2026-09-08,23350.0,PE,0.55,0.55,0.6,681106,76203,38857,11.12
2026-09-08 14:21:33,23654.05,2026-09-08,23400.0,CE,264.6,264.0,264.7,62189,4897,4001,17.36
2026-09-08 14:21:33,23654.05,2026-09-08,23400.0,PE,0.85,0.85,0.9,1606077,161084,88992,9.97
2026-09-08 14:21:33,23654.05,2026-09-08,23450.0,CE,215.0,214.45,215.05,87477,5250,4651,14.88
2026-09-08 14:21:33,23654.05,2026-09-08,23450.0,PE,1.2,1.2,1.25,2486224,160396,92289,8.78
2026-09-08 14:21:33,23654.05,2026-09-08,23500.0,CE,167.0,166.65,167.0,732771,42167,36942,13.03
2026-09-08 14:21:33,23654.05,2026-09-08,23500.0,PE,2.8,2.75,2.8,5633126,295853,125675,8.11
2026-09-08 14:21:33,23654.05,2026-09-08,23550.0,CE,119.75,119.5,119.8,976146,39623,37780,10.96
2026-09-08 14:21:33,23654.05,2026-09-08,23550.0,PE,6.15,6.1,6.15,8069091,309670,238421,7.34
2026-09-08 14:21:33,23654.05,2026-09-08,23600.0,CE,77.55,77.35,77.55,4755570,207900,198124,9.51
2026-09-08 14:21:33,23654.05,2026-09-08,23600.0,PE,14.05,14.05,14.1,16551636,610031,456044,6.74
2026-09-08 14:21:33,23654.05,2026-09-08,23650.0,CE,43.1,43.0,43.1,9818661,510637,499141,8.5
2026-09-08 14:21:33,23654.05,2026-09-08,23650.0,PE,29.8,29.8,29.9,19773104,516889,399012,6.15
2026-09-08 14:21:33,23654.05,2026-09-08,23700.0,CE,21.95,21.85,21.9,17902007,730372,685131,8.4
2026-09-08 14:21:33,23654.05,2026-09-08,23700.0,PE,57.75,57.75,57.9,16961949,293819,148138,5.54
2026-09-08 14:21:33,23654.05,2026-09-08,23750.0,CE,10.4,10.4,10.5,9984053,439437,357929,8.75
2026-09-08 14:21:33,23654.05,2026-09-08,23750.0,PE,97.25,97.2,97.45,5596765,91569,-19603,
2026-09-08 14:21:33,23654.05,2026-09-08,23800.0,CE,5.3,5.3,5.35,9549876,501940,238633,9.4
2026-09-08 14:21:33,23654.05,2026-09-08,23800.0,PE,142.2,142.2,142.6,3397623,83811,-60054,
2026-09-08 14:21:33,23654.05,2026-09-08,23850.0,CE,3.1,3.05,3.1,4510407,256372,71886,10.24
2026-09-08 14:21:33,23654.05,2026-09-08,23850.0,PE,189.0,188.9,189.2,842175,30627,-23034,
2026-09-08 14:21:33,23654.05,2026-09-08,23900.0,CE,1.95,1.95,2.0,4505774,274971,13462,11.2
2026-09-08 14:21:33,23654.05,2026-09-08,23900.0,PE,239.45,238.55,239.25,559576,30212,-24169,
2026-09-08 14:21:33,23654.05,2026-09-08,23950.0,CE,1.45,1.4,1.45,2727582,188062,29566,12.35
2026-09-08 14:21:33,23654.05,2026-09-08,23950.0,PE,288.75,288.0,288.75,104645,13636,-13245,
2026-09-08 14:21:33,23654.05,2026-09-08,24000.0,CE,1.05,1.05,1.1,2981096,353514,28158,13.33
2026-09-08 14:21:33,23654.05,2026-09-08,24000.0,PE,337.15,337.05,337.9,168962,36425,-24209,
2026-09-08 14:21:33,23654.05,2026-09-08,24050.0,CE,0.8,0.8,0.85,1533777,142776,-8664,14.29
2026-09-08 14:21:33,23654.05,2026-09-08,24050.0,PE,388.4,386.75,387.9,16744,6535,-3386,
2026-09-08 14:21:33,23654.05,2026-09-08,24100.0,CE,0.7,0.7,0.75,1789697,183166,-39690,15.68
2026-09-08 14:21:33,23654.05,2026-09-08,24100.0,PE,435.0,437.35,438.5,24941,13365,-4592,
2026-09-08 14:21:33,23654.05,2026-09-08,24150.0,CE,0.6,0.6,0.65,1258207,116097,6091,16.7
2026-09-08 14:21:33,23654.05,2026-09-08,24150.0,PE,486.15,486.1,487.8,6237,5572,-1815,
2026-09-08 14:22:33,23651.4,2026-09-08,23150.0,CE,515.0,517.65,519.5,257,93,64,29.02
2026-09-08 14:22:33,23651.4,2026-09-08,23150.0,PE,0.3,0.3,0.35,786164,68238,41212,16.31
2026-09-08 14:22:33,23651.4,2026-09-08,23200.0,CE,464.05,467.5,468.9,1600,482,319,27.43
2026-09-08 14:22:33,23651.4,2026-09-08,23200.0,PE,0.4,0.4,0.45,775657,142282,82599,15.3
2026-09-08 14:22:33,23651.4,2026-09-08,23250.0,CE,413.1,417.5,419.3,1764,447,417,25.54
2026-09-08 14:22:33,23651.4,2026-09-08,23250.0,PE,0.4,0.4,0.45,444068,69235,31782,13.61
2026-09-08 14:22:33,23651.4,2026-09-08,23300.0,CE,370.0,367.8,369.15,8836,1183,858,23.1
2026-09-08 14:22:33,23651.4,2026-09-08,23300.0,PE,0.55,0.5,0.55,980593,159080,87905,12.46
2026-09-08 14:22:33,23651.4,2026-09-08,23350.0,CE,319.95,317.65,318.8,8907,1103,893,19.89
2026-09-08 14:22:33,23651.4,2026-09-08,23350.0,PE,0.55,0.55,0.6,682168,76290,38944,11.05
2026-09-08 14:22:33,23651.4,2026-09-08,23400.0,CE,268.9,268.4,269.25,62282,4875,3979,18.17
2026-09-08 14:22:33,23651.4,2026-09-08,23400.0,PE,0.85,0.8,0.85,1611283,160450,88358,10.17
2026-09-08 14:22:33,23651.4,2026-09-08,23450.0,CE,219.25,219.0,219.55,87725,5223,4624,15.56
2026-09-08 14:22:33,23651.4,2026-09-08,23450.0,PE,1.2,1.2,1.25,2500873,160597,92490,8.81
2026-09-08 14:22:33,23651.4,2026-09-08,23500.0,CE,170.5,170.5,171.0,735565,42000,36775,13.52
2026-09-08 14:22:33,23651.4,2026-09-08,23500.0,PE,2.75,2.7,2.75,5653149,296136,125958,8.25
2026-09-08 14:22:33,23651.4,2026-09-08,23550.0,CE,123.8,123.8,124.15,981167,40350,38507,11.56
2026-09-08 14:22:33,23651.4,2026-09-08,23550.0,PE,5.9,5.85,5.9,8103837,309609,238360,7.53
2026-09-08 14:22:33,23651.4,2026-09-08,23600.0,CE,81.4,81.2,81.4,4782042,207107,197331,9.97
2026-09-08 14:22:33,23651.4,2026-09-08,23600.0,PE,13.5,13.4,13.5,16620887,609933,455946,6.96
2026-09-08 14:22:33,23651.4,2026-09-08,23650.0,CE,46.05,45.9,46.05,9887289,511742,500246,8.86
2026-09-08 14:22:33,23651.4,2026-09-08,23650.0,PE,28.8,28.65,28.75,19850536,518692,400815,6.33
2026-09-08 14:22:33,23651.4,2026-09-08,23700.0,CE,23.6,23.6,23.65,17997386,730868,685627,8.6
2026-09-08 14:22:33,23651.4,2026-09-08,23700.0,PE,56.0,55.85,56.0,17004302,295022,149341,5.77
2026-09-08 14:22:33,23651.4,2026-09-08,23750.0,CE,11.75,11.7,11.75,10028805,439693,358185,8.81
2026-09-08 14:22:33,23651.4,2026-09-08,23750.0,PE,94.15,94.0,94.1,5609377,91784,-19388,
2026-09-08 14:22:33,23651.4,2026-09-08,23800.0,CE,6.05,6.0,6.05,9585942,504188,240881,9.32
2026-09-08 14:22:33,23651.4,2026-09-08,23800.0,PE,138.9,138.4,138.6,3403932,83538,-60327,
2026-09-08 14:22:33,23651.4,2026-09-08,23850.0,CE,3.35,3.3,3.35,4527550,256304,71818,10.07
2026-09-08 14:22:33,23651.4,2026-09-08,23850.0,PE,185.85,185.05,185.65,843522,30608,-23053,
2026-09-08 14:22:33,23651.4,2026-09-08,23900.0,CE,2.1,2.1,2.15,4544278,274352,12843,11.07
2026-09-08 14:22:33,23651.4,2026-09-08,23900.0,PE,234.75,234.35,235.0,560452,30177,-24204,
2026-09-08 14:22:33,23651.4,2026-09-08,23950.0,CE,1.55,1.5,1.55,2745544,187871,29375,12.08
2026-09-08 14:22:33,23651.4,2026-09-08,23950.0,PE,284.65,283.95,284.6,104758,13653,-13228,
2026-09-08 14:22:33,23651.4,2026-09-08,24000.0,CE,1.15,1.1,1.15,2993937,351468,26112,13.14
2026-09-08 14:22:33,23651.4,2026-09-08,24000.0,PE,333.25,333.25,333.8,169367,36510,-24124,
2026-09-08 14:22:33,23651.4,2026-09-08,24050.0,CE,0.8,0.8,0.85,1540368,141962,-9478,14.1
2026-09-08 14:22:33,23651.4,2026-09-08,24050.0,PE,383.0,383.05,384.2,16776,6533,-3388,
2026-09-08 14:22:33,23651.4,2026-09-08,24100.0,CE,0.7,0.7,0.75,1791364,183138,-39718,15.5
2026-09-08 14:22:33,23651.4,2026-09-08,24100.0,PE,433.0,433.2,434.5,24967,13371,-4586,
2026-09-08 14:22:33,23651.4,2026-09-08,24150.0,CE,0.6,0.6,0.65,1259916,116037,6031,16.7
2026-09-08 14:22:33,23651.4,2026-09-08,24150.0,PE,482.0,482.0,483.35,6246,5571,-1816,
2026-09-08 14:23:34,23653.55,2026-09-08,23150.0,CE,515.0,515.3,517.4,257,93,64,29.02
2026-09-08 14:23:34,23653.55,2026-09-08,23150.0,PE,0.35,0.3,0.35,786604,68238,41212,16.31
2026-09-08 14:23:34,23653.55,2026-09-08,23200.0,CE,464.05,465.7,467.65,1600,482,319,27.43
2026-09-08 14:23:34,23653.55,2026-09-08,23200.0,PE,0.4,0.4,0.45,775847,142282,82599,15.3
2026-09-08 14:23:34,23653.55,2026-09-08,23250.0,CE,413.1,415.5,417.25,1764,447,417,25.54
2026-09-08 14:23:34,23653.55,2026-09-08,23250.0,PE,0.45,0.4,0.45,444093,69235,31782,13.61
2026-09-08 14:23:34,23653.55,2026-09-08,23300.0,CE,366.8,366.0,367.3,8839,1183,858,23.1
2026-09-08 14:23:34,23653.55,2026-09-08,23300.0,PE,0.55,0.5,0.55,980748,159080,87905,12.46
2026-09-08 14:23:34,23653.55,2026-09-08,23350.0,CE,318.7,316.15,317.2,8912,1103,893,19.89
2026-09-08 14:23:34,23653.55,2026-09-08,23350.0,PE,0.6,0.55,0.6,682321,76290,38944,11.05
2026-09-08 14:23:34,23653.55,2026-09-08,23400.0,CE,267.7,266.45,267.3,62300,4875,3979,18.17
2026-09-08 14:23:34,23653.55,2026-09-08,23400.0,PE,0.85,0.8,0.85,1613262,160450,88358,10.17
2026-09-08 14:23:34,23653.55,2026-09-08,23450.0,CE,217.3,216.7,217.3,87777,5223,4624,15.56
2026-09-08 14:23:34,23653.55,2026-09-08,23450.0,PE,1.25,1.25,1.3,2503111,160597,92490,8.81
2026-09-08 14:23:34,23653.55,2026-09-08,23500.0,CE,169.15,168.65,169.15,735847,42000,36775,13.52
2026-09-08 14:23:34,23653.55,2026-09-08,23500.0,PE,2.85,2.8,2.85,5658428,296136,125958,8.25
2026-09-08 14:23:34,23653.55,2026-09-08,23550.0,CE,122.6,122.25,122.55,981646,40350,38507,11.56
2026-09-08 14:23:34,23653.55,2026-09-08,23550.0,PE,6.1,6.05,6.1,8108981,309609,238360,7.53
2026-09-08 14:23:34,23653.55,2026-09-08,23600.0,CE,79.85,79.6,79.85,4785209,207107,197331,9.97
2026-09-08 14:23:34,23653.55,2026-09-08,23600.0,PE,13.9,13.85,13.95,16627540,609933,455946,6.96
2026-09-08 14:23:34,23653.55,2026-09-08,23650.0,CE,45.25,45.15,45.25,9897309,511742,500246,8.86
2026-09-08 14:23:34,23653.55,2026-09-08,23650.0,PE,29.45,29.4,29.45,19859991,518692,400815,6.33
2026-09-08 14:23:34,23653.55,2026-09-08,23700.0,CE,23.2,23.2,23.25,18014845,730868,685627,8.6
2026-09-08 14:23:34,23653.55,2026-09-08,23700.0,PE,57.25,57.05,57.2,17010225,295022,149341,5.77
2026-09-08 14:23:34,23653.55,2026-09-08,23750.0,CE,11.35,11.35,11.4,10035355,439693,358185,8.81
2026-09-08 14:23:34,23653.55,2026-09-08,23750.0,PE,95.6,95.65,95.8,5610416,91784,-19388,
2026-09-08 14:23:34,23653.55,2026-09-08,23800.0,CE,5.9,5.85,5.9,9594358,504188,240881,9.32
2026-09-08 14:23:34,23653.55,2026-09-08,23800.0,PE,140.45,140.45,140.75,3404403,83538,-60327,
2026-09-08 14:23:34,23653.55,2026-09-08,23850.0,CE,3.25,3.25,3.3,4531016,256304,71818,10.07
2026-09-08 14:23:34,23653.55,2026-09-08,23850.0,PE,187.6,187.2,187.7,843636,30608,-23053,
2026-09-08 14:23:34,23653.55,2026-09-08,23900.0,CE,2.1,2.1,2.15,4551442,274352,12843,11.07
2026-09-08 14:23:34,23653.55,2026-09-08,23900.0,PE,235.4,236.15,236.8,560548,30177,-24204,
2026-09-08 14:23:34,23653.55,2026-09-08,23950.0,CE,1.55,1.5,1.55,2749375,187871,29375,12.08
2026-09-08 14:23:34,23653.55,2026-09-08,23950.0,PE,285.8,285.85,286.6,104768,13653,-13228,
2026-09-08 14:23:34,23653.55,2026-09-08,24000.0,CE,1.1,1.1,1.15,2994740,351468,26112,13.14
2026-09-08 14:23:34,23653.55,2026-09-08,24000.0,PE,334.0,334.65,335.5,169375,36510,-24124,
2026-09-08 14:23:34,23653.55,2026-09-08,24050.0,CE,0.85,0.8,0.85,1540853,141962,-9478,14.1
2026-09-08 14:23:34,23653.55,2026-09-08,24050.0,PE,384.0,384.65,385.85,16777,6533,-3388,
2026-09-08 14:23:34,23653.55,2026-09-08,24100.0,CE,0.75,0.7,0.75,1791726,183138,-39718,15.5
2026-09-08 14:23:34,23653.55,2026-09-08,24100.0,PE,435.0,434.65,436.1,24977,13371,-4586,
2026-09-08 14:23:34,23653.55,2026-09-08,24150.0,CE,0.6,0.6,0.65,1260154,116037,6031,16.7
2026-09-08 14:23:34,23653.55,2026-09-08,24150.0,PE,484.0,483.7,485.45,6247,5571,-1816,
2026-09-08 14:24:34,23653.2,2026-09-08,23150.0,CE,515.0,513.7,515.7,257,93,64,29.02
2026-09-08 14:24:34,23653.2,2026-09-08,23150.0,PE,0.4,0.35,0.4,792531,68291,41265,16.31
2026-09-08 14:24:34,23653.2,2026-09-08,23200.0,CE,464.8,463.5,465.25,1601,482,319,27.43
2026-09-08 14:24:34,23653.2,2026-09-08,23200.0,PE,0.4,0.4,0.45,780433,143503,83820,15.3
2026-09-08 14:24:34,23653.2,2026-09-08,23250.0,CE,413.1,413.95,415.25,1764,446,416,25.54
2026-09-08 14:24:34,23653.2,2026-09-08,23250.0,PE,0.45,0.4,0.45,447946,65939,28486,13.61
2026-09-08 14:24:34,23653.2,2026-09-08,23300.0,CE,365.05,364.1,365.3,8855,1174,849,23.1
2026-09-08 14:24:34,23653.2,2026-09-08,23300.0,PE,0.5,0.5,0.55,991869,153319,82144,12.46
2026-09-08 14:24:34,23653.2,2026-09-08,23350.0,CE,315.4,314.15,315.2,8976,1101,891,19.89
2026-09-08 14:24:34,23653.2,2026-09-08,23350.0,PE,0.6,0.55,0.6,687034,75013,37667,11.05
2026-09-08 14:24:34,23653.2,2026-09-08,23400.0,CE,264.7,264.55,265.3,62421,4838,3942,18.17
2026-09-08 14:24:34,23653.2,2026-09-08,23400.0,PE,0.9,0.9,0.95,1631532,161032,88940,10.17
2026-09-08 14:24:34,23653.2,2026-09-08,23450.0,CE,215.85,215.3,215.85,87930,5211,4612,15.56
2026-09-08 14:24:34,23653.2,2026-09-08,23450.0,PE,1.35,1.35,1.4,2516306,160573,92466,8.81
2026-09-08 14:24:34,23653.2,2026-09-08,23500.0,CE,167.05,167.05,167.4,737649,42133,36908,13.52
2026-09-08 14:24:34,23653.2,2026-09-08,23500.0,PE,2.9,2.85,2.9,5679886,294259,124081,8.25
2026-09-08 14:24:34,23653.2,2026-09-08,23550.0,CE,120.25,120.1,120.4,985018,41147,39304,11.56
2026-09-08 14:24:34,23653.2,2026-09-08,23550.0,PE,6.15,6.15,6.2,8144238,308086,236837,7.53
2026-09-08 14:24:34,23653.2,2026-09-08,23600.0,CE,78.2,78.0,78.2,4803280,208275,198499,9.97
2026-09-08 14:24:34,23653.2,2026-09-08,23600.0,PE,14.15,14.15,14.2,16696518,608746,454759,6.96
2026-09-08 14:24:34,23653.2,2026-09-08,23650.0,CE,43.7,43.6,43.7,9941939,510753,499257,8.86
2026-09-08 14:24:34,23653.2,2026-09-08,23650.0,PE,30.2,30.1,30.2,19930773,524063,406186,6.33
2026-09-08 14:24:34,23653.2,2026-09-08,23700.0,CE,22.4,22.3,22.4,18085766,728816,683575,8.6
2026-09-08 14:24:34,23653.2,2026-09-08,23700.0,PE,58.3,58.15,58.3,17047365,297858,152177,5.77
2026-09-08 14:24:34,23653.2,2026-09-08,23750.0,CE,10.9,10.9,10.95,10072300,438235,356727,8.81
2026-09-08 14:24:34,23653.2,2026-09-08,23750.0,PE,97.1,97.05,97.3,5620717,91812,-19360,
2026-09-08 14:24:34,23653.2,2026-09-08,23800.0,CE,5.65,5.6,5.65,9625938,504866,241559,9.32
2026-09-08 14:24:34,23653.2,2026-09-08,23800.0,PE,142.15,141.85,142.25,3409868,83171,-60694,
2026-09-08 14:24:34,23653.2,2026-09-08,23850.0,CE,3.15,3.15,3.2,4551923,254075,69589,10.07
2026-09-08 14:24:34,23653.2,2026-09-08,23850.0,PE,188.8,188.8,189.15,844462,30603,-23058,
2026-09-08 14:24:34,23653.2,2026-09-08,23900.0,CE,2.05,2.05,2.1,4578432,273579,12070,11.07
2026-09-08 14:24:34,23653.2,2026-09-08,23900.0,PE,238.15,238.35,238.95,561075,30223,-24158,
2026-09-08 14:24:34,23653.2,2026-09-08,23950.0,CE,1.45,1.45,1.5,2761030,190041,31545,12.08
2026-09-08 14:24:34,23653.2,2026-09-08,23950.0,PE,288.55,287.8,288.55,104883,13665,-13216,
2026-09-08 14:24:34,23653.2,2026-09-08,24000.0,CE,1.15,1.1,1.15,3010145,349765,24409,13.14
2026-09-08 14:24:34,23653.2,2026-09-08,24000.0,PE,337.95,337.0,337.45,169609,36440,-24194,
2026-09-08 14:24:34,23653.2,2026-09-08,24050.0,CE,0.85,0.8,0.85,1542471,141761,-9679,14.1
2026-09-08 14:24:34,23653.2,2026-09-08,24050.0,PE,386.65,386.5,387.7,16796,6530,-3391,
2026-09-08 14:24:34,23653.2,2026-09-08,24100.0,CE,0.7,0.65,0.7,1794469,182069,-40787,15.5
2026-09-08 14:24:34,23653.2,2026-09-08,24100.0,PE,438.05,436.6,438.0,25012,13380,-4577,
2026-09-08 14:24:34,23653.2,2026-09-08,24150.0,CE,0.6,0.6,0.65,1267260,113491,3485,16.7
2026-09-08 14:24:34,23653.2,2026-09-08,24150.0,PE,486.0,485.55,487.0,6251,5568,-1819,
2026-09-08 14:25:34,23650.4,2026-09-08,23150.0,CE,515.0,511.8,513.8,257,94,65,29.02
2026-09-08 14:25:34,23650.4,2026-09-08,23150.0,PE,0.4,0.35,0.4,793589,68345,41319,16.31
2026-09-08 14:25:34,23650.4,2026-09-08,23200.0,CE,464.1,462.0,463.7,1603,482,319,27.43
2026-09-08 14:25:34,23650.4,2026-09-08,23200.0,PE,0.45,0.4,0.45,782172,142513,82830,15.3
2026-09-08 14:25:34,23650.4,2026-09-08,23250.0,CE,414.3,411.8,414.2,1766,447,417,25.54
2026-09-08 14:25:34,23650.4,2026-09-08,23250.0,PE,0.5,0.45,0.5,450543,65701,28248,13.61
2026-09-08 14:25:34,23650.4,2026-09-08,23300.0,CE,366.15,362.55,363.7,8873,1174,849,23.1
2026-09-08 14:25:34,23650.4,2026-09-08,23300.0,PE,0.55,0.5,0.55,998827,152841,81666,12.46
2026-09-08 14:25:34,23650.4,2026-09-08,23350.0,CE,313.0,312.2,313.3,8999,1065,855,19.89
2026-09-08 14:25:34,23650.4,2026-09-08,23350.0,PE,0.6,0.6,0.65,691333,75134,37788,11.05
2026-09-08 14:25:34,23650.4,2026-09-08,23400.0,CE,262.6,262.8,263.65,62597,4802,3906,18.17
2026-09-08 14:25:34,23650.4,2026-09-08,23400.0,PE,0.9,0.9,0.95,1638373,159363,87271,10.17
2026-09-08 14:25:34,23650.4,2026-09-08,23450.0,CE,213.75,213.4,213.95,88225,5194,4595,15.56
2026-09-08 14:25:34,23650.4,2026-09-08,23450.0,PE,1.35,1.3,1.35,2541321,160406,92299,8.81
2026-09-08 14:25:34,23650.4,2026-09-08,23500.0,CE,165.15,165.15,165.55,740345,42343,37118,13.52
2026-09-08 14:25:34,23650.4,2026-09-08,23500.0,PE,2.9,2.85,2.9,5704847,294948,124770,8.25
2026-09-08 14:25:34,23650.4,2026-09-08,23550.0,CE,118.85,118.65,118.95,990171,40622,38779,11.56
2026-09-08 14:25:34,23650.4,2026-09-08,23550.0,PE,6.25,6.2,6.25,8182652,307444,236195,7.53
2026-09-08 14:25:34,23650.4,2026-09-08,23600.0,CE,76.85,76.6,76.85,4828810,206171,196395,9.97
2026-09-08 14:25:34,23650.4,2026-09-08,23600.0,PE,14.15,14.1,14.2,16758867,608036,454049,6.96
2026-09-08 14:25:34,23650.4,2026-09-08,23650.0,CE,42.6,42.6,42.7,10005306,505409,493913,8.86
2026-09-08 14:25:34,23650.4,2026-09-08,23650.0,PE,30.15,30.1,30.2,20012399,522729,404852,6.33
2026-09-08 14:25:34,23650.4,2026-09-08,23700.0,CE,21.15,21.1,21.15,18198464,729642,684401,8.6
2026-09-08 14:25:34,23650.4,2026-09-08,23700.0,PE,58.95,59.0,59.1,17092118,297824,152143,5.77
2026-09-08 14:25:34,23650.4,2026-09-08,23750.0,CE,10.2,10.15,10.25,10129622,440873,359365,8.81
2026-09-08 14:25:34,23650.4,2026-09-08,23750.0,PE,98.1,98.15,98.4,5632304,91687,-19485,
2026-09-08 14:25:34,23650.4,2026-09-08,23800.0,CE,5.15,5.15,5.2,9677399,501647,238340,9.32
2026-09-08 14:25:34,23650.4,2026-09-08,23800.0,PE,143.45,143.2,143.45,3416202,83089,-60776,
2026-09-08 14:25:34,23650.4,2026-09-08,23850.0,CE,3.0,3.0,3.05,4581765,250836,66350,10.07
2026-09-08 14:25:34,23650.4,2026-09-08,23850.0,PE,190.9,190.4,190.95,846660,30620,-23041,
2026-09-08 14:25:34,23650.4,2026-09-08,23900.0,CE,1.95,1.95,2.0,4601084,273723,12214,11.07
2026-09-08 14:25:34,23650.4,2026-09-08,23900.0,PE,240.45,240.0,240.55,561828,30205,-24176,
2026-09-08 14:25:34,23650.4,2026-09-08,23950.0,CE,1.4,1.4,1.45,2773260,189523,31027,12.08
2026-09-08 14:25:34,23650.4,2026-09-08,23950.0,PE,289.5,289.0,289.75,105128,13667,-13214,
2026-09-08 14:25:34,23650.4,2026-09-08,24000.0,CE,1.1,1.05,1.1,3024708,348839,23483,13.14
2026-09-08 14:25:34,23650.4,2026-09-08,24000.0,PE,338.5,337.8,338.8,169863,36421,-24213,
2026-09-08 14:25:34,23650.4,2026-09-08,24050.0,CE,0.8,0.8,0.85,1546170,141610,-9830,14.1
2026-09-08 14:25:34,23650.4,2026-09-08,24050.0,PE,390.0,388.45,389.7,16823,6525,-3396,
2026-09-08 14:25:34,23650.4,2026-09-08,24100.0,CE,0.65,0.65,0.7,1798972,181756,-41100,15.5
2026-09-08 14:25:34,23650.4,2026-09-08,24100.0,PE,440.0,438.3,439.6,25042,13378,-4579,
2026-09-08 14:25:34,23650.4,2026-09-08,24150.0,CE,0.6,0.6,0.65,1268165,113554,3548,16.7
2026-09-08 14:25:34,23650.4,2026-09-08,24150.0,PE,489.0,488.4,489.45,6258,5569,-1818,
2026-09-08 14:26:35,23643.3,2026-09-08,23150.0,CE,514.0,510.3,512.2,258,94,65,29.02
2026-09-08 14:26:35,23643.3,2026-09-08,23150.0,PE,0.4,0.35,0.4,794306,68345,41319,16.31
2026-09-08 14:26:35,23643.3,2026-09-08,23200.0,CE,464.1,460.45,461.9,1603,482,319,27.43
2026-09-08 14:26:35,23643.3,2026-09-08,23200.0,PE,0.45,0.4,0.45,784785,142513,82830,15.3
2026-09-08 14:26:35,23643.3,2026-09-08,23250.0,CE,414.9,410.2,411.65,1768,446,416,25.54
2026-09-08 14:26:35,23643.3,2026-09-08,23250.0,PE,0.45,0.4,0.45,451360,65701,28248,13.61
2026-09-08 14:26:35,23643.3,2026-09-08,23300.0,CE,361.1,360.65,361.9,8899,1176,851,23.1
2026-09-08 14:26:35,23643.3,2026-09-08,23300.0,PE,0.55,0.5,0.55,1000584,152841,81666,12.46
2026-09-08 14:26:35,23643.3,2026-09-08,23350.0,CE,311.3,310.8,311.9,9040,1066,856,19.89
2026-09-08 14:26:35,23643.3,2026-09-08,23350.0,PE,0.6,0.6,0.65,692795,74233,36887,11.05
2026-09-08 14:26:35,23643.3,2026-09-08,23400.0,CE,261.0,260.8,261.7,62714,4800,3904,18.17
2026-09-08 14:26:35,23643.3,2026-09-08,23400.0,PE,0.95,0.9,0.95,1643095,160204,88112,10.17
2026-09-08 14:26:35,23643.3,2026-09-08,23450.0,CE,211.65,211.55,212.15,88362,5194,4595,15.56
2026-09-08 14:26:35,23643.3,2026-09-08,23450.0,PE,1.35,1.35,1.4,2548437,160406,92299,8.81
2026-09-08 14:26:35,23643.3,2026-09-08,23500.0,CE,163.9,163.55,164.0,741599,42343,37118,13.52
2026-09-08 14:26:35,23643.3,2026-09-08,23500.0,PE,2.95,2.9,2.95,5722548,294948,124770,8.25
2026-09-08 14:26:35,23643.3,2026-09-08,23550.0,CE,116.75,116.75,117.0,992799,40622,38779,11.56
2026-09-08 14:26:35,23643.3,2026-09-08,23550.0,PE,6.35,6.35,6.4,8217399,307444,236195,7.53
2026-09-08 14:26:35,23643.3,2026-09-08,23600.0,CE,74.7,74.7,74.95,4844489,206171,196395,9.97
2026-09-08 14:26:35,23643.3,2026-09-08,23600.0,PE,14.65,14.6,14.65,16814476,608036,454049,6.96
2026-09-08 14:26:35,23643.3,2026-09-08,23650.0,CE,41.35,41.3,41.45,10043226,505409,493913,8.86
2026-09-08 14:26:35,23643.3,2026-09-08,23650.0,PE,31.05,30.95,31.05,20069961,522729,404852,6.33
2026-09-08 14:26:35,23643.3,2026-09-08,23700.0,CE,20.7,20.6,20.7,18254974,720347,675106,8.6
2026-09-08 14:26:35,23643.3,2026-09-08,23700.0,PE,59.95,59.75,59.95,17121119,296590,150909,5.77
2026-09-08 14:26:35,23643.3,2026-09-08,23750.0,CE,9.8,9.8,9.85,10160296,436694,355186,8.81
2026-09-08 14:26:35,23643.3,2026-09-08,23750.0,PE,99.7,99.7,99.95,5641568,91404,-19768,
2026-09-08 14:26:35,23643.3,2026-09-08,23800.0,CE,5.0,5.0,5.05,9706972,501647,238340,9.32
2026-09-08 14:26:35,23643.3,2026-09-08,23800.0,PE,145.2,145.05,145.2,3420050,83089,-60776,
2026-09-08 14:26:35,23643.3,2026-09-08,23850.0,CE,2.95,2.95,3.0,4598054,250836,66350,10.07
2026-09-08 14:26:35,23643.3,2026-09-08,23850.0,PE,192.75,191.9,192.4,847585,30620,-23041,
2026-09-08 14:26:35,23643.3,2026-09-08,23900.0,CE,1.9,1.9,1.95,4622903,273723,12214,11.07
2026-09-08 14:26:35,23643.3,2026-09-08,23900.0,PE,241.6,241.65,242.0,562367,30205,-24176,
2026-09-08 14:26:35,23643.3,2026-09-08,23950.0,CE,1.45,1.4,1.45,2782037,189523,31027,12.08
2026-09-08 14:26:35,23643.3,2026-09-08,23950.0,PE,291.35,291.45,292.0,105223,13667,-13214,
2026-09-08 14:26:35,23643.3,2026-09-08,24000.0,CE,1.05,1.05,1.1,3036085,348839,23483,13.14
2026-09-08 14:26:35,23643.3,2026-09-08,24000.0,PE,340.25,339.85,340.85,170295,36421,-24213,
2026-09-08 14:26:35,23643.3,2026-09-08,24050.0,CE,0.85,0.8,0.85,1547875,141227,-10213,14.1
2026-09-08 14:26:35,23643.3,2026-09-08,24050.0,PE,390.3,389.75,390.95,16833,6528,-3393,
2026-09-08 14:26:35,23643.3,2026-09-08,24100.0,CE,0.65,0.65,0.7,1801590,181249,-41607,15.5
2026-09-08 14:26:35,23643.3,2026-09-08,24100.0,PE,440.0,440.15,441.4,25049,13375,-4582,
2026-09-08 14:26:35,23643.3,2026-09-08,24150.0,CE,0.6,0.55,0.6,1272155,113554,3548,16.7
2026-09-08 14:26:35,23643.3,2026-09-08,24150.0,PE,489.0,488.9,490.9,6265,5568,-1819,
2026-09-08 14:27:35,23649.05,2026-09-08,23150.0,CE,510.95,508.85,510.7,259,94,65,29.02
2026-09-08 14:27:35,23649.05,2026-09-08,23150.0,PE,0.4,0.35,0.4,795472,68361,41335,16.31
2026-09-08 14:27:35,23649.05,2026-09-08,23200.0,CE,458.35,459.1,460.6,1606,481,318,27.43
2026-09-08 14:27:35,23649.05,2026-09-08,23200.0,PE,0.45,0.4,0.45,786356,141993,82310,15.3
2026-09-08 14:27:35,23649.05,2026-09-08,23250.0,CE,411.1,408.9,410.75,1777,444,414,25.54
2026-09-08 14:27:35,23649.05,2026-09-08,23250.0,PE,0.5,0.45,0.5,459571,65570,28117,13.61
2026-09-08 14:27:35,23649.05,2026-09-08,23300.0,CE,360.75,359.3,360.65,8943,1179,854,23.1
2026-09-08 14:27:35,23649.05,2026-09-08,23300.0,PE,0.55,0.5,0.55,1002989,152604,81429,12.46
2026-09-08 14:27:35,23649.05,2026-09-08,23350.0,CE,311.0,309.45,310.5,9152,1075,865,19.89
2026-09-08 14:27:35,23649.05,2026-09-08,23350.0,PE,0.6,0.6,0.65,693540,74188,36842,11.05
2026-09-08 14:27:35,23649.05,2026-09-08,23400.0,CE,261.35,260.0,260.7,63161,4813,3917,18.17
2026-09-08 14:27:35,23649.05,2026-09-08,23400.0,PE,0.9,0.9,0.95,1645653,160986,88894,10.17
2026-09-08 14:27:35,23649.05,2026-09-08,23450.0,CE,211.4,210.65,211.05,89506,5188,4589,15.56
2026-09-08 14:27:35,23649.05,2026-09-08,23450.0,PE,1.4,1.35,1.4,2561495,160458,92351,8.81
2026-09-08 14:27:35,23649.05,2026-09-08,23500.0,CE,162.15,162.1,162.5,746336,42611,37386,13.52
2026-09-08 14:27:35,23649.05,2026-09-08,23500.0,PE,3.05,3.0,3.05,5753833,293691,123513,8.25
2026-09-08 14:27:35,23649.05,2026-09-08,23550.0,CE,116.2,115.9,116.2,1000841,40845,39002,11.56
2026-09-08 14:27:35,23649.05,2026-09-08,23550.0,PE,6.7,6.65,6.7,8287040,308330,237081,7.53
2026-09-08 14:27:35,23649.05,2026-09-08,23600.0,CE,74.4,74.25,74.4,4888738,207896,198120,9.97
2026-09-08 14:27:35,23649.05,2026-09-08,23600.0,PE,15.35,15.25,15.35,16980274,610375,456388,6.96
2026-09-08 14:27:35,23649.05,2026-09-08,23650.0,CE,40.95,40.8,40.95,10148374,505528,494032,8.86
2026-09-08 14:27:35,23649.05,2026-09-08,23650.0,PE,32.0,31.95,32.1,20244909,527504,409627,6.33
2026-09-08 14:27:35,23649.05,2026-09-08,23700.0,CE,20.25,20.15,20.25,18407399,717876,672635,8.6
2026-09-08 14:27:35,23649.05,2026-09-08,23700.0,PE,61.3,61.1,61.3,17214950,295139,149458,5.77
2026-09-08 14:27:35,23649.05,2026-09-08,23750.0,CE,9.7,9.65,9.7,10236306,436539,355031,8.81
2026-09-08 14:27:35,23649.05,2026-09-08,23750.0,PE,100.8,100.6,100.85,5667684,89759,-21413,
2026-09-08 14:27:35,23649.05,2026-09-08,23800.0,CE,4.95,4.9,4.95,9761426,499797,236490,9.32
2026-09-08 14:27:35,23649.05,2026-09-08,23800.0,PE,146.2,146.0,146.35,3432940,82937,-60928,
2026-09-08 14:27:35,23649.05,2026-09-08,23850.0,CE,2.9,2.9,2.95,4631836,250107,65621,10.07
2026-09-08 14:27:35,23649.05,2026-09-08,23850.0,PE,193.0,193.3,193.85,851683,30640,-23021,
2026-09-08 14:27:35,23649.05,2026-09-08,23900.0,CE,1.95,1.9,1.95,4650929,273406,11897,11.07
2026-09-08 14:27:35,23649.05,2026-09-08,23900.0,PE,243.15,242.7,243.4,563782,30096,-24285,
2026-09-08 14:27:35,23649.05,2026-09-08,23950.0,CE,1.45,1.4,1.45,2790144,190005,31509,12.08
2026-09-08 14:27:35,23649.05,2026-09-08,23950.0,PE,292.95,292.35,293.0,105497,13676,-13205,
2026-09-08 14:27:35,23649.05,2026-09-08,24000.0,CE,1.1,1.05,1.1,3041376,347420,22064,13.14
2026-09-08 14:27:35,23649.05,2026-09-08,24000.0,PE,341.0,341.5,342.4,170924,36477,-24157,
2026-09-08 14:27:35,23649.05,2026-09-08,24050.0,CE,0.8,0.8,0.85,1549779,140856,-10584,14.1
2026-09-08 14:27:35,23649.05,2026-09-08,24050.0,PE,390.45,391.05,392.0,16904,6505,-3416,
2026-09-08 14:27:35,23649.05,2026-09-08,24100.0,CE,0.65,0.65,0.7,1807805,180299,-42557,15.5
2026-09-08 14:27:35,23649.05,2026-09-08,24100.0,PE,440.75,441.3,442.0,25142,13368,-4589,
2026-09-08 14:27:35,23649.05,2026-09-08,24150.0,CE,0.55,0.55,0.6,1274946,112176,2170,16.7
2026-09-08 14:27:35,23649.05,2026-09-08,24150.0,PE,492.8,490.35,491.95,6293,5565,-1822,
2026-09-08 14:28:35,23652.1,2026-09-08,23150.0,CE,510.95,510.55,512.45,259,94,65,29.02
2026-09-08 14:28:35,23652.1,2026-09-08,23150.0,PE,0.4,0.35,0.4,796274,68440,41414,16.31
2026-09-08 14:28:35,23652.1,2026-09-08,23200.0,CE,458.35,461.25,462.75,1606,481,318,27.43
2026-09-08 14:28:35,23652.1,2026-09-08,23200.0,PE,0.45,0.4,0.45,788617,141922,82239,15.3
2026-09-08 14:28:35,23652.1,2026-09-08,23250.0,CE,411.1,411.0,412.9,1777,448,418,25.54
2026-09-08 14:28:35,23652.1,2026-09-08,23250.0,PE,0.5,0.45,0.5,460070,65998,28545,13.61
2026-09-08 14:28:35,23652.1,2026-09-08,23300.0,CE,363.8,361.2,362.6,8945,1181,856,23.1
2026-09-08 14:28:35,23652.1,2026-09-08,23300.0,PE,0.55,0.5,0.55,1003661,152985,81810,12.46
2026-09-08 14:28:35,23652.1,2026-09-08,23350.0,CE,313.65,311.1,312.2,9167,1094,884,19.89
2026-09-08 14:28:35,23652.1,2026-09-08,23350.0,PE,0.65,0.6,0.65,693837,74278,36932,11.05
2026-09-08 14:28:35,23652.1,2026-09-08,23400.0,CE,262.35,261.7,262.45,63271,4778,3882,18.17
2026-09-08 14:28:35,23652.1,2026-09-08,23400.0,PE,0.95,0.9,0.95,1646604,161691,89599,10.17
2026-09-08 14:28:35,23652.1,2026-09-08,23450.0,CE,212.8,212.55,213.1,89723,5291,4692,15.56
2026-09-08 14:28:35,23652.1,2026-09-08,23450.0,PE,1.3,1.3,1.35,2565647,160433,92326,8.81
2026-09-08 14:28:35,23652.1,2026-09-08,23500.0,CE,164.35,163.8,164.3,748091,42620,37395,13.52
2026-09-08 14:28:35,23652.1,2026-09-08,23500.0,PE,2.9,2.9,2.95,5765652,290447,120269,8.25
2026-09-08 14:28:35,23652.1,2026-09-08,23550.0,CE,117.8,117.65,117.9,1003593,40026,38183,11.56
2026-09-08 14:28:35,23652.1,2026-09-08,23550.0,PE,6.3,6.3,6.35,8312517,316364,245115,7.53
2026-09-08 14:28:35,23652.1,2026-09-08,23600.0,CE,75.85,75.65,75.85,4902806,202163,192387,9.97
2026-09-08 14:28:35,23652.1,2026-09-08,23600.0,PE,14.5,14.4,14.5,17042158,621539,467552,6.96
2026-09-08 14:28:35,23652.1,2026-09-08,23650.0,CE,41.95,41.9,41.95,10179269,494591,483095,8.86
2026-09-08 14:28:35,23652.1,2026-09-08,23650.0,PE,30.9,30.85,30.95,20304175,533255,415378,6.33
2026-09-08 14:28:35,23652.1,2026-09-08,23700.0,CE,20.9,20.85,20.9,18452862,705300,660059,8.6
2026-09-08 14:28:35,23652.1,2026-09-08,23700.0,PE,60.1,59.9,60.1,17245311,299657,153976,5.77
2026-09-08 14:28:35,23652.1,2026-09-08,23750.0,CE,10.05,10.0,10.05,10256446,427893,346385,8.81
2026-09-08 14:28:35,23652.1,2026-09-08,23750.0,PE,99.1,99.3,99.55,5675219,89849,-21323,
2026-09-08 14:28:35,23652.1,2026-09-08,23800.0,CE,5.2,5.15,5.2,9776035,495227,231920,9.32
2026-09-08 14:28:35,23652.1,2026-09-08,23800.0,PE,144.8,144.6,144.8,3437311,82427,-61438,
2026-09-08 14:28:35,23652.1,2026-09-08,23850.0,CE,3.0,2.95,3.0,4640789,247903,63417,10.07
2026-09-08 14:28:35,23652.1,2026-09-08,23850.0,PE,191.5,191.5,191.95,852546,30592,-23069,
2026-09-08 14:28:35,23652.1,2026-09-08,23900.0,CE,2.0,1.95,2.0,4667301,274543,13034,11.07
2026-09-08 14:28:35,23652.1,2026-09-08,23900.0,PE,240.6,240.7,241.3,564239,30037,-24344,
2026-09-08 14:28:35,23652.1,2026-09-08,23950.0,CE,1.4,1.4,1.45,2800027,189682,31186,12.08
2026-09-08 14:28:35,23652.1,2026-09-08,23950.0,PE,291.35,290.45,291.15,105571,13613,-13268,
2026-09-08 14:28:35,23652.1,2026-09-08,24000.0,CE,1.05,1.05,1.1,3043028,347180,21824,13.14
2026-09-08 14:28:35,23652.1,2026-09-08,24000.0,PE,340.45,339.3,340.25,171159,36446,-24188,
2026-09-08 14:28:35,23652.1,2026-09-08,24050.0,CE,0.8,0.8,0.85,1551554,140434,-11006,14.1
2026-09-08 14:28:35,23652.1,2026-09-08,24050.0,PE,388.0,389.3,390.65,16999,6483,-3438,
2026-09-08 14:28:35,23652.1,2026-09-08,24100.0,CE,0.65,0.65,0.7,1809251,178269,-44587,15.5
2026-09-08 14:28:35,23652.1,2026-09-08,24100.0,PE,439.25,439.5,440.95,25174,13325,-4632,
2026-09-08 14:28:35,23652.1,2026-09-08,24150.0,CE,0.6,0.55,0.6,1276114,112115,2109,16.7
2026-09-08 14:28:35,23652.1,2026-09-08,24150.0,PE,489.0,488.25,490.1,6298,5559,-1828,
2026-09-08 14:29:36,23653.2,2026-09-08,23150.0,CE,510.95,512.9,514.95,259,94,65,29.02
2026-09-08 14:29:36,23653.2,2026-09-08,23150.0,PE,0.4,0.35,0.4,796473,68552,41526,16.31
2026-09-08 14:29:36,23653.2,2026-09-08,23200.0,CE,458.35,463.1,464.75,1606,481,318,27.43
2026-09-08 14:29:36,23653.2,2026-09-08,23200.0,PE,0.45,0.4,0.45,788680,141941,82258,15.3
2026-09-08 14:29:36,23653.2,2026-09-08,23250.0,CE,411.1,413.2,414.65,1777,448,418,25.54
2026-09-08 14:29:36,23653.2,2026-09-08,23250.0,PE,0.5,0.45,0.5,460173,65965,28512,13.61
2026-09-08 14:29:36,23653.2,2026-09-08,23300.0,CE,364.4,363.45,364.85,8946,1185,860,23.1
2026-09-08 14:29:36,23653.2,2026-09-08,23300.0,PE,0.55,0.5,0.55,1003743,152875,81700,12.46
2026-09-08 14:29:36,23653.2,2026-09-08,23350.0,CE,313.5,313.5,314.65,9169,1091,881,19.89
2026-09-08 14:29:36,23653.2,2026-09-08,23350.0,PE,0.65,0.6,0.65,693850,74244,36898,11.05
2026-09-08 14:29:36,23653.2,2026-09-08,23400.0,CE,263.3,263.65,264.45,63280,4816,3920,18.17
2026-09-08 14:29:36,23653.2,2026-09-08,23400.0,PE,0.95,0.9,0.95,1646882,161531,89439,10.17
2026-09-08 14:29:36,23653.2,2026-09-08,23450.0,CE,215.3,214.7,215.0,90001,5299,4700,15.56
2026-09-08 14:29:36,23653.2,2026-09-08,23450.0,PE,1.3,1.3,1.35,2568039,160660,92553,8.81
2026-09-08 14:29:36,23653.2,2026-09-08,23500.0,CE,166.45,166.1,166.5,748317,42525,37300,13.52
2026-09-08 14:29:36,23653.2,2026-09-08,23500.0,PE,2.9,2.85,2.9,5768941,291886,121708,8.25
2026-09-08 14:29:36,23653.2,2026-09-08,23550.0,CE,119.55,119.25,119.55,1003888,40518,38675,11.56
2026-09-08 14:29:36,23653.2,2026-09-08,23550.0,PE,6.15,6.1,6.15,8316195,315397,244148,7.53
2026-09-08 14:29:36,23653.2,2026-09-08,23600.0,CE,77.3,77.1,77.3,4905471,202387,192611,9.97
2026-09-08 14:29:36,23653.2,2026-09-08,23600.0,PE,14.1,14.05,14.1,17053115,608280,454293,6.96
2026-09-08 14:29:36,23653.2,2026-09-08,23650.0,CE,43.15,43.1,43.2,10187034,500041,488545,8.86
2026-09-08 14:29:36,23653.2,2026-09-08,23650.0,PE,30.0,30.0,30.1,20314342,526721,408844,6.33
2026-09-08 14:29:36,23653.2,2026-09-08,23700.0,CE,21.7,21.65,21.75,18462071,704632,659391,8.6
2026-09-08 14:29:36,23653.2,2026-09-08,23700.0,PE,58.5,58.35,58.5,17249111,299026,153345,5.77
2026-09-08 14:29:36,23653.2,2026-09-08,23750.0,CE,10.35,10.35,10.4,10261341,429181,347673,8.81
2026-09-08 14:29:36,23653.2,2026-09-08,23750.0,PE,97.6,97.6,97.8,5676496,89727,-21445,
2026-09-08 14:29:36,23653.2,2026-09-08,23800.0,CE,5.3,5.25,5.3,9779971,493768,230461,9.32
2026-09-08 14:29:36,23653.2,2026-09-08,23800.0,PE,142.25,142.25,142.6,3437894,82301,-61564,
2026-09-08 14:29:36,23653.2,2026-09-08,23850.0,CE,3.1,3.05,3.1,4642742,247408,62922,10.07
2026-09-08 14:29:36,23653.2,2026-09-08,23850.0,PE,189.3,189.3,189.85,852746,30523,-23138,
2026-09-08 14:29:36,23653.2,2026-09-08,23900.0,CE,2.0,1.95,2.0,4671872,272404,10895,11.07
2026-09-08 14:29:36,23653.2,2026-09-08,23900.0,PE,239.15,238.8,239.45,564261,30041,-24340,
2026-09-08 14:29:36,23653.2,2026-09-08,23950.0,CE,1.45,1.4,1.45,2801441,190598,32102,12.08
2026-09-08 14:29:36,23653.2,2026-09-08,23950.0,PE,290.6,288.45,289.2,105573,13615,-13266,
2026-09-08 14:29:36,23653.2,2026-09-08,24000.0,CE,1.1,1.05,1.1,3043385,346873,21517,13.14
2026-09-08 14:29:36,23653.2,2026-09-08,24000.0,PE,338.6,337.3,338.3,171175,36419,-24215,
2026-09-08 14:29:36,23653.2,2026-09-08,24050.0,CE,0.8,0.8,0.85,1551949,139546,-11894,14.1
2026-09-08 14:29:36,23653.2,2026-09-08,24050.0,PE,388.0,388.0,388.45,16999,6482,-3439,
2026-09-08 14:29:36,23653.2,2026-09-08,24100.0,CE,0.65,0.65,0.7,1809442,178035,-44821,15.5
2026-09-08 14:29:36,23653.2,2026-09-08,24100.0,PE,439.25,437.25,438.65,25174,13313,-4644,
2026-09-08 14:29:36,23653.2,2026-09-08,24150.0,CE,0.6,0.55,0.6,1276357,111781,1775,16.7
2026-09-08 14:29:36,23653.2,2026-09-08,24150.0,PE,489.0,486.2,487.85,6298,5556,-1831,
2026-09-08 14:30:36,23656.05,2026-09-08,23150.0,CE,510.95,517.85,519.95,259,94,65,29.02
2026-09-08 14:30:36,23656.05,2026-09-08,23150.0,PE,0.35,0.35,0.4,798628,68561,41535,16.31
2026-09-08 14:30:36,23656.05,2026-09-08,23200.0,CE,458.35,468.25,468.9,1606,478,315,27.43
2026-09-08 14:30:36,23656.05,2026-09-08,23200.0,PE,0.4,0.4,0.45,789219,141816,82133,15.3
2026-09-08 14:30:36,23656.05,2026-09-08,23250.0,CE,417.0,418.15,420.2,1790,457,427,25.54
2026-09-08 14:30:36,23656.05,2026-09-08,23250.0,PE,0.45,0.45,0.5,462900,65964,28511,13.61
2026-09-08 14:30:36,23656.05,2026-09-08,23300.0,CE,368.0,368.4,369.0,8958,1187,862,23.1
2026-09-08 14:30:36,23656.05,2026-09-08,23300.0,PE,0.5,0.5,0.55,1004303,152865,81690,12.46
2026-09-08 14:30:36,23656.05,2026-09-08,23350.0,CE,316.5,318.45,319.6,9214,1071,861,19.89
2026-09-08 14:30:36,23656.05,2026-09-08,23350.0,PE,0.6,0.6,0.65,694395,74261,36915,11.05
2026-09-08 14:30:36,23656.05,2026-09-08,23400.0,CE,269.0,269.1,269.95,63508,4861,3965,18.17
2026-09-08 14:30:36,23656.05,2026-09-08,23400.0,PE,0.95,0.9,0.95,1648874,161428,89336,10.17
2026-09-08 14:30:36,23656.05,2026-09-08,23450.0,CE,219.75,219.6,220.25,90623,5529,4930,15.56
2026-09-08 14:30:36,23656.05,2026-09-08,23450.0,PE,1.3,1.3,1.35,2575402,160779,92672,8.81
2026-09-08 14:30:36,23656.05,2026-09-08,23500.0,CE,171.3,170.65,171.2,752164,42196,36971,13.52
2026-09-08 14:30:36,23656.05,2026-09-08,23500.0,PE,2.8,2.8,2.85,5796049,294138,123960,8.25
2026-09-08 14:30:36,23656.05,2026-09-08,23550.0,CE,124.15,124.0,124.2,1009162,40713,38870,11.56
2026-09-08 14:30:36,23656.05,2026-09-08,23550.0,PE,6.0,5.95,6.0,8365619,315972,244723,7.53
2026-09-08 14:30:36,23656.05,2026-09-08,23600.0,CE,81.85,81.65,81.85,4936026,202633,192857,9.97
2026-09-08 14:30:36,23656.05,2026-09-08,23600.0,PE,13.45,13.4,13.45,17155564,606896,452909,6.96
2026-09-08 14:30:36,23656.05,2026-09-08,23650.0,CE,46.55,46.45,46.6,10256372,502348,490852,8.86
2026-09-08 14:30:36,23656.05,2026-09-08,23650.0,PE,28.65,28.55,28.65,20407586,527356,409479,6.33
2026-09-08 14:30:36,23656.05,2026-09-08,23700.0,CE,24.05,24.0,24.05,18565513,710890,665649,8.6
2026-09-08 14:30:36,23656.05,2026-09-08,23700.0,PE,55.75,55.6,55.75,17298785,300954,155273,5.77
2026-09-08 14:30:36,23656.05,2026-09-08,23750.0,CE,11.75,11.75,11.8,10303417,434191,352683,8.81
2026-09-08 14:30:36,23656.05,2026-09-08,23750.0,PE,93.5,93.55,93.8,5689146,91001,-20171,
2026-09-08 14:30:36,23656.05,2026-09-08,23800.0,CE,6.0,5.95,6.0,9817649,493836,230529,9.32
2026-09-08 14:30:36,23656.05,2026-09-08,23800.0,PE,138.0,138.05,138.4,3444670,82669,-61196,
2026-09-08 14:30:36,23656.05,2026-09-08,23850.0,CE,3.35,3.35,3.4,4660631,246245,61759,10.07
2026-09-08 14:30:36,23656.05,2026-09-08,23850.0,PE,185.1,184.85,185.35,854157,30509,-23152,
2026-09-08 14:30:36,23656.05,2026-09-08,23900.0,CE,2.2,2.15,2.2,4694365,272740,11231,11.07
2026-09-08 14:30:36,23656.05,2026-09-08,23900.0,PE,234.05,233.95,234.55,564959,29991,-24390,
2026-09-08 14:30:36,23656.05,2026-09-08,23950.0,CE,1.55,1.5,1.55,2824304,188291,29795,12.08
2026-09-08 14:30:36,23656.05,2026-09-08,23950.0,PE,283.85,283.4,284.0,105774,13601,-13280,
2026-09-08 14:30:36,23656.05,2026-09-08,24000.0,CE,1.1,1.1,1.15,3055612,349764,24408,13.14
2026-09-08 14:30:36,23656.05,2026-09-08,24000.0,PE,332.85,332.7,333.4,171444,36415,-24219,
2026-09-08 14:30:36,23656.05,2026-09-08,24050.0,CE,0.85,0.8,0.85,1553336,139609,-11831,14.1
2026-09-08 14:30:36,23656.05,2026-09-08,24050.0,PE,383.6,382.2,383.45,17054,6477,-3444,
2026-09-08 14:30:36,23656.05,2026-09-08,24100.0,CE,0.7,0.65,0.7,1812785,178057,-44799,15.5
2026-09-08 14:30:36,23656.05,2026-09-08,24100.0,PE,432.0,432.2,433.6,25198,13307,-4650,
2026-09-08 14:30:36,23656.05,2026-09-08,24150.0,CE,0.55,0.55,0.6,1277135,111280,1274,16.7
2026-09-08 14:30:36,23656.05,2026-09-08,24150.0,PE,480.9,481.3,483.1,6303,5556,-1831,
2026-09-08 14:31:36,23652.55,2026-09-08,23150.0,CE,510.95,516.65,519.25,259,94,65,29.02
2026-09-08 14:31:36,23652.55,2026-09-08,23150.0,PE,0.35,0.3,0.35,809882,68409,41383,16.31
2026-09-08 14:31:36,23652.55,2026-09-08,23200.0,CE,469.2,466.65,469.05,1609,478,315,27.43
2026-09-08 14:31:36,23652.55,2026-09-08,23200.0,PE,0.4,0.4,0.45,791179,141808,82125,15.3
2026-09-08 14:31:36,23652.55,2026-09-08,23250.0,CE,417.0,416.9,419.05,1790,456,426,25.54
2026-09-08 14:31:36,23652.55,2026-09-08,23250.0,PE,0.45,0.45,0.5,467285,66002,28549,13.61
2026-09-08 14:31:36,23652.55,2026-09-08,23300.0,CE,366.85,366.9,368.15,8994,1162,837,23.1
2026-09-08 14:31:36,23652.55,2026-09-08,23300.0,PE,0.5,0.5,0.55,1007158,152888,81713,12.46
2026-09-08 14:31:36,23652.55,2026-09-08,23350.0,CE,315.75,317.9,319.05,9252,1070,860,19.89
2026-09-08 14:31:36,23652.55,2026-09-08,23350.0,PE,0.65,0.6,0.65,695595,73862,36516,11.05
2026-09-08 14:31:36,23652.55,2026-09-08,23400.0,CE,268.0,267.8,268.0,63862,4831,3935,18.17
2026-09-08 14:31:36,23652.55,2026-09-08,23400.0,PE,0.95,0.95,1.0,1655894,161266,89174,10.17
2026-09-08 14:31:36,23652.55,2026-09-08,23450.0,CE,218.85,218.4,218.95,90929,5541,4942,15.56
2026-09-08 14:31:36,23652.55,2026-09-08,23450.0,PE,1.35,1.35,1.4,2587236,160790,92683,8.81
2026-09-08 14:31:36,23652.55,2026-09-08,23500.0,CE,169.95,169.6,170.05,755187,41469,36244,13.52
2026-09-08 14:31:36,23652.55,2026-09-08,23500.0,PE,2.9,2.9,2.95,5818599,294567,124389,8.25
2026-09-08 14:31:36,23652.55,2026-09-08,23550.0,CE,123.05,123.1,123.4,1014282,39767,37924,11.56
2026-09-08 14:31:36,23652.55,2026-09-08,23550.0,PE,6.1,6.05,6.1,8398157,311235,239986,7.53
2026-09-08 14:31:36,23652.55,2026-09-08,23600.0,CE,80.75,80.5,80.75,4961067,201726,191950,9.97
2026-09-08 14:31:36,23652.55,2026-09-08,23600.0,PE,13.8,13.75,13.8,17208019,599257,445270,6.96
2026-09-08 14:31:36,23652.55,2026-09-08,23650.0,CE,45.7,45.75,45.85,10311933,498846,487350,8.86
2026-09-08 14:31:36,23652.55,2026-09-08,23650.0,PE,29.2,29.1,29.2,20465874,521869,403992,6.33
2026-09-08 14:31:36,23652.55,2026-09-08,23700.0,CE,23.7,23.6,23.7,18656199,712256,667015,8.6
2026-09-08 14:31:36,23652.55,2026-09-08,23700.0,PE,56.55,56.5,56.6,17337948,296057,150376,5.77
2026-09-08 14:31:36,23652.55,2026-09-08,23750.0,CE,11.6,11.55,11.6,10343475,440411,358903,8.81
2026-09-08 14:31:36,23652.55,2026-09-08,23750.0,PE,94.85,94.75,94.85,5698882,90426,-20746,
2026-09-08 14:31:36,23652.55,2026-09-08,23800.0,CE,5.95,5.9,5.95,9851383,493965,230658,9.32
2026-09-08 14:31:36,23652.55,2026-09-08,23800.0,PE,139.65,139.4,139.55,3450546,82445,-61420,
2026-09-08 14:31:36,23652.55,2026-09-08,23850.0,CE,3.4,3.35,3.4,4677349,244203,59717,10.07
2026-09-08 14:31:36,23652.55,2026-09-08,23850.0,PE,186.55,186.05,186.55,855311,30475,-23186,
2026-09-08 14:31:36,23652.55,2026-09-08,23900.0,CE,2.15,2.15,2.2,4712421,271300,9791,11.07
2026-09-08 14:31:36,23652.55,2026-09-08,23900.0,PE,235.6,234.9,235.45,566357,29853,-24528,
2026-09-08 14:31:36,23652.55,2026-09-08,23950.0,CE,1.55,1.5,1.55,2835211,190348,31852,12.08
2026-09-08 14:31:36,23652.55,2026-09-08,23950.0,PE,284.9,284.95,285.65,105850,13588,-13293,
2026-09-08 14:31:36,23652.55,2026-09-08,24000.0,CE,1.15,1.1,1.15,3062982,348449,23093,13.14
2026-09-08 14:31:36,23652.55,2026-09-08,24000.0,PE,334.1,333.75,334.55,171693,36405,-24229,
2026-09-08 14:31:36,23652.55,2026-09-08,24050.0,CE,0.8,0.8,0.85,1555047,139065,-12375,14.1
2026-09-08 14:31:36,23652.55,2026-09-08,24050.0,PE,384.0,382.9,383.95,17084,6475,-3446,
2026-09-08 14:31:36,23652.55,2026-09-08,24100.0,CE,0.7,0.7,0.75,1819648,177602,-45254,15.5
2026-09-08 14:31:36,23652.55,2026-09-08,24100.0,PE,434.9,433.3,434.9,25226,13301,-4656,
2026-09-08 14:31:36,23652.55,2026-09-08,24150.0,CE,0.6,0.6,0.65,1282011,111259,1253,16.7
2026-09-08 14:31:36,23652.55,2026-09-08,24150.0,PE,485.75,482.1,484.0,6310,5555,-1832,
2026-09-08 14:32:36,23652.75,2026-09-08,23150.0,CE,510.95,515.05,517.45,259,94,65,25.16
2026-09-08 14:32:36,23652.75,2026-09-08,23150.0,PE,0.3,0.3,0.35,813922,66785,39759,16.21
2026-09-08 14:32:36,23652.75,2026-09-08,23200.0,CE,469.2,465.35,467.05,1609,476,313,28.36
2026-09-08 14:32:36,23652.75,2026-09-08,23200.0,PE,0.4,0.4,0.45,792207,140977,81294,15.2
2026-09-08 14:32:36,23652.75,2026-09-08,23250.0,CE,416.3,415.55,417.1,1793,456,426,24.58
2026-09-08 14:32:36,23652.75,2026-09-08,23250.0,PE,0.5,0.45,0.5,467742,65840,28387,13.7
2026-09-08 14:32:36,23652.75,2026-09-08,23300.0,CE,368.85,365.15,366.4,8995,1162,837,23.62
2026-09-08 14:32:36,23652.75,2026-09-08,23300.0,PE,0.55,0.5,0.55,1013701,152888,81713,12.35
2026-09-08 14:32:36,23652.75,2026-09-08,23350.0,CE,317.35,315.95,316.95,9259,1070,860,21.57
2026-09-08 14:32:36,23652.75,2026-09-08,23350.0,PE,0.65,0.6,0.65,698545,73862,36516,11.19
2026-09-08 14:32:36,23652.75,2026-09-08,23400.0,CE,266.35,266.2,267.15,64067,4831,3935,18.51
2026-09-08 14:32:36,23652.75,2026-09-08,23400.0,PE,1.0,0.95,1.0,1662814,161266,89174,10.05
2026-09-08 14:32:36,23652.75,2026-09-08,23450.0,CE,217.1,217.2,217.8,91003,5581,4982,16.72
2026-09-08 14:32:36,23652.75,2026-09-08,23450.0,PE,1.35,1.35,1.4,2597986,160708,92601,8.81
2026-09-08 14:32:36,23652.75,2026-09-08,23500.0,CE,169.0,168.55,169.0,756331,41084,35859,14.22
2026-09-08 14:32:36,23652.75,2026-09-08,23500.0,PE,2.85,2.85,2.9,5827773,293867,123689,8.14
2026-09-08 14:32:36,23652.75,2026-09-08,23550.0,CE,121.65,121.7,122.05,1016660,39301,37458,12.03
2026-09-08 14:32:36,23652.75,2026-09-08,23550.0,PE,6.05,6.05,6.1,8413173,306921,235672,7.36
2026-09-08 14:32:36,23652.75,2026-09-08,23600.0,CE,79.3,79.2,79.4,4970933,202565,192789,10.35
2026-09-08 14:32:36,23652.75,2026-09-08,23600.0,PE,13.8,13.8,13.85,17239356,593585,439598,6.75
2026-09-08 14:32:36,23652.75,2026-09-08,23650.0,CE,44.65,44.5,44.6,10341763,498846,487350,9.24
2026-09-08 14:32:36,23652.75,2026-09-08,23650.0,PE,29.35,29.3,29.35,20495678,521869,403992,5.98
2026-09-08 14:32:36,23652.75,2026-09-08,23700.0,CE,22.8,22.8,22.85,18703779,712256,667015,8.85
2026-09-08 14:32:36,23652.75,2026-09-08,23700.0,PE,57.1,56.95,57.05,17356140,296057,150376,5.14
2026-09-08 14:32:36,23652.75,2026-09-08,23750.0,CE,11.05,11.05,11.1,10368524,440411,358903,8.97
2026-09-08 14:32:36,23652.75,2026-09-08,23750.0,PE,95.9,96.0,96.2,5702993,90426,-20746,
2026-09-08 14:32:36,23652.75,2026-09-08,23800.0,CE,5.65,5.6,5.65,9873368,493480,230173,9.46
2026-09-08 14:32:36,23652.75,2026-09-08,23800.0,PE,141.1,140.5,140.85,3453120,82314,-61551,
2026-09-08 14:32:36,23652.75,2026-09-08,23850.0,CE,3.3,3.25,3.3,4692513,243135,58649,10.25
2026-09-08 14:32:36,23652.75,2026-09-08,23850.0,PE,187.05,187.1,187.5,855785,30517,-23144,
2026-09-08 14:32:36,23652.75,2026-09-08,23900.0,CE,2.05,2.05,2.1,4724986,269668,8159,11.21
2026-09-08 14:32:36,23652.75,2026-09-08,23900.0,PE,236.6,236.25,236.8,567030,29484,-24897,
2026-09-08 14:32:36,23652.75,2026-09-08,23950.0,CE,1.5,1.45,1.5,2846550,191371,32875,12.2
2026-09-08 14:32:36,23652.75,2026-09-08,23950.0,PE,286.8,286.2,286.8,105904,13572,-13309,
2026-09-08 14:32:36,23652.75,2026-09-08,24000.0,CE,1.15,1.1,1.15,3071175,348449,23093,13.26
2026-09-08 14:32:36,23652.75,2026-09-08,24000.0,PE,336.0,335.0,335.95,171800,36405,-24229,
2026-09-08 14:32:36,23652.75,2026-09-08,24050.0,CE,0.85,0.85,0.9,1557736,139065,-12375,14.22
2026-09-08 14:32:36,23652.75,2026-09-08,24050.0,PE,385.45,385.0,386.0,17092,6475,-3446,
2026-09-08 14:32:36,23652.75,2026-09-08,24100.0,CE,0.65,0.65,0.7,1823562,177602,-45254,15.33
2026-09-08 14:32:36,23652.75,2026-09-08,24100.0,PE,436.85,434.7,436.15,25248,13301,-4656,
2026-09-08 14:32:36,23652.75,2026-09-08,24150.0,CE,0.55,0.55,0.6,1283578,110274,268,16.64
2026-09-08 14:32:36,23652.75,2026-09-08,24150.0,PE,485.0,483.85,485.75,6316,5550,-1837,
2026-09-08 14:33:36,23654.2,2026-09-08,23150.0,CE,510.95,515.05,517.45,259,94,65,25.16
2026-09-08 14:33:36,23654.2,2026-09-08,23150.0,PE,0.3,0.3,0.35,813922,66785,39759,16.21
2026-09-08 14:33:36,23654.2,2026-09-08,23200.0,CE,469.2,465.35,467.05,1609,476,313,28.36
2026-09-08 14:33:36,23654.2,2026-09-08,23200.0,PE,0.4,0.4,0.45,792207,140977,81294,15.2
2026-09-08 14:33:36,23654.2,2026-09-08,23250.0,CE,416.3,415.55,417.1,1793,456,426,24.58
2026-09-08 14:33:36,23654.2,2026-09-08,23250.0,PE,0.5,0.45,0.5,467742,65840,28387,13.7
2026-09-08 14:33:36,23654.2,2026-09-08,23300.0,CE,368.85,365.15,366.4,8995,1162,837,23.62
2026-09-08 14:33:36,23654.2,2026-09-08,23300.0,PE,0.55,0.5,0.55,1013701,152888,81713,12.35
2026-09-08 14:33:36,23654.2,2026-09-08,23350.0,CE,317.35,315.95,316.95,9259,1070,860,21.57
2026-09-08 14:33:36,23654.2,2026-09-08,23350.0,PE,0.65,0.6,0.65,698545,73862,36516,11.19
2026-09-08 14:33:36,23654.2,2026-09-08,23400.0,CE,266.35,266.2,267.15,64067,4831,3935,18.51
2026-09-08 14:33:36,23654.2,2026-09-08,23400.0,PE,1.0,0.95,1.0,1662814,161266,89174,10.05
2026-09-08 14:33:36,23654.2,2026-09-08,23450.0,CE,217.1,217.2,217.8,91003,5581,4982,16.72
2026-09-08 14:33:36,23654.2,2026-09-08,23450.0,PE,1.35,1.35,1.4,2597986,160708,92601,8.81
2026-09-08 14:33:36,23654.2,2026-09-08,23500.0,CE,169.0,168.55,169.0,756331,41084,35859,14.22
2026-09-08 14:33:36,23654.2,2026-09-08,23500.0,PE,2.85,2.85,2.9,5827773,293867,123689,8.14
2026-09-08 14:33:36,23654.2,2026-09-08,23550.0,CE,121.65,121.7,122.05,1016660,39301,37458,12.03
2026-09-08 14:33:36,23654.2,2026-09-08,23550.0,PE,6.05,6.05,6.1,8413173,306921,235672,7.36
2026-09-08 14:33:36,23654.2,2026-09-08,23600.0,CE,79.3,79.2,79.4,4970933,202565,192789,10.35
2026-09-08 14:33:36,23654.2,2026-09-08,23600.0,PE,13.8,13.8,13.85,17239356,593585,439598,6.75
2026-09-08 14:33:36,23654.2,2026-09-08,23650.0,CE,44.65,44.5,44.6,10341763,498846,487350,9.24
2026-09-08 14:33:36,23654.2,2026-09-08,23650.0,PE,29.35,29.3,29.35,20495678,521869,403992,5.98
2026-09-08 14:33:36,23654.2,2026-09-08,23700.0,CE,22.8,22.8,22.85,18703779,712256,667015,8.85
2026-09-08 14:33:36,23654.2,2026-09-08,23700.0,PE,57.1,56.95,57.05,17356140,296057,150376,5.14
2026-09-08 14:33:36,23654.2,2026-09-08,23750.0,CE,11.05,11.05,11.1,10368524,440411,358903,8.97
2026-09-08 14:33:36,23654.2,2026-09-08,23750.0,PE,95.9,96.0,96.2,5702993,90426,-20746,
2026-09-08 14:33:36,23654.2,2026-09-08,23800.0,CE,5.65,5.6,5.65,9873368,493480,230173,9.46
2026-09-08 14:33:36,23654.2,2026-09-08,23800.0,PE,141.1,140.5,140.85,3453120,82314,-61551,
2026-09-08 14:33:36,23654.2,2026-09-08,23850.0,CE,3.3,3.25,3.3,4692513,243135,58649,10.25
2026-09-08 14:33:36,23654.2,2026-09-08,23850.0,PE,187.05,187.1,187.5,855785,30517,-23144,
2026-09-08 14:33:36,23654.2,2026-09-08,23900.0,CE,2.05,2.05,2.1,4724986,269668,8159,11.21
2026-09-08 14:33:36,23654.2,2026-09-08,23900.0,PE,236.6,236.25,236.8,567030,29484,-24897,
2026-09-08 14:33:36,23654.2,2026-09-08,23950.0,CE,1.5,1.45,1.5,2846550,191371,32875,12.2
2026-09-08 14:33:36,23654.2,2026-09-08,23950.0,PE,286.8,286.2,286.8,105904,13572,-13309,
2026-09-08 14:33:36,23654.2,2026-09-08,24000.0,CE,1.15,1.1,1.15,3071175,348449,23093,13.26
2026-09-08 14:33:36,23654.2,2026-09-08,24000.0,PE,336.0,335.0,335.95,171800,36405,-24229,
2026-09-08 14:33:36,23654.2,2026-09-08,24050.0,CE,0.85,0.85,0.9,1557736,139065,-12375,14.22
2026-09-08 14:33:36,23654.2,2026-09-08,24050.0,PE,385.45,385.0,386.0,17092,6475,-3446,
2026-09-08 14:33:36,23654.2,2026-09-08,24100.0,CE,0.65,0.65,0.7,1823562,177602,-45254,15.33
2026-09-08 14:33:36,23654.2,2026-09-08,24100.0,PE,436.85,434.7,436.15,25248,13301,-4656,
2026-09-08 14:33:36,23654.2,2026-09-08,24150.0,CE,0.55,0.55,0.6,1283578,110274,268,16.64
2026-09-08 14:33:36,23654.2,2026-09-08,24150.0,PE,485.0,483.85,485.75,6316,5550,-1837,
2026-09-08 14:34:37,23656.3,2026-09-08,23150.0,CE,516.75,515.0,516.8,260,96,67,25.16
2026-09-08 14:34:37,23656.3,2026-09-08,23150.0,PE,0.3,0.3,0.35,815576,66634,39608,16.21
2026-09-08 14:34:37,23656.3,2026-09-08,23200.0,CE,461.95,464.65,466.6,1617,477,314,28.36
2026-09-08 14:34:37,23656.3,2026-09-08,23200.0,PE,0.4,0.4,0.45,794155,140561,80878,15.2
2026-09-08 14:34:37,23656.3,2026-09-08,23250.0,CE,416.3,415.05,416.65,1793,456,426,24.58
2026-09-08 14:34:37,23656.3,2026-09-08,23250.0,PE,0.45,0.45,0.5,468172,65766,28313,13.7
2026-09-08 14:34:37,23656.3,2026-09-08,23300.0,CE,366.25,365.1,366.4,9000,1160,835,23.62
2026-09-08 14:34:37,23656.3,2026-09-08,23300.0,PE,0.55,0.5,0.55,1017580,154096,82921,12.35
2026-09-08 14:34:37,23656.3,2026-09-08,23350.0,CE,315.45,315.25,316.5,9286,1063,853,21.57
2026-09-08 14:34:37,23656.3,2026-09-08,23350.0,PE,0.6,0.6,0.65,699640,73276,35930,11.19
2026-09-08 14:34:37,23656.3,2026-09-08,23400.0,CE,266.4,266.0,266.4,64225,4711,3815,18.51
2026-09-08 14:34:37,23656.3,2026-09-08,23400.0,PE,0.9,0.9,0.95,1673392,156713,84621,10.05
2026-09-08 14:34:37,23656.3,2026-09-08,23450.0,CE,216.3,216.35,216.9,91396,5574,4975,16.72
2026-09-08 14:34:37,23656.3,2026-09-08,23450.0,PE,1.4,1.35,1.4,2618528,161871,93764,8.81
2026-09-08 14:34:37,23656.3,2026-09-08,23500.0,CE,168.65,168.05,168.5,758351,40954,35729,14.22
2026-09-08 14:34:37,23656.3,2026-09-08,23500.0,PE,2.95,2.9,2.95,5847688,294452,124274,8.14
2026-09-08 14:34:37,23656.3,2026-09-08,23550.0,CE,121.2,121.25,121.5,1021634,40099,38256,12.03
2026-09-08 14:34:37,23656.3,2026-09-08,23550.0,PE,6.1,6.1,6.15,8442094,307558,236309,7.36
2026-09-08 14:34:37,23656.3,2026-09-08,23600.0,CE,78.9,78.9,79.0,4996674,202011,192235,10.35
2026-09-08 14:34:37,23656.3,2026-09-08,23600.0,PE,13.95,13.95,14.0,17301551,595322,441335,6.75
2026-09-08 14:34:37,23656.3,2026-09-08,23650.0,CE,44.7,44.55,44.7,10399862,499064,487568,9.24
2026-09-08 14:34:37,23656.3,2026-09-08,23650.0,PE,29.8,29.7,29.8,20570448,525470,407593,5.98
2026-09-08 14:34:37,23656.3,2026-09-08,23700.0,CE,22.85,22.8,22.85,18790890,712373,667132,8.85
2026-09-08 14:34:37,23656.3,2026-09-08,23700.0,PE,57.8,57.65,57.8,17393483,296500,150819,5.14
2026-09-08 14:34:37,23656.3,2026-09-08,23750.0,CE,11.15,11.1,11.15,10414661,437559,356051,8.97
2026-09-08 14:34:37,23656.3,2026-09-08,23750.0,PE,96.25,96.3,96.45,5712537,91558,-19614,
2026-09-08 14:34:37,23656.3,2026-09-08,23800.0,CE,5.6,5.6,5.65,9905592,493917,230610,9.46
2026-09-08 14:34:37,23656.3,2026-09-08,23800.0,PE,141.0,140.95,141.3,3459981,82725,-61140,
2026-09-08 14:34:37,23656.3,2026-09-08,23850.0,CE,3.25,3.2,3.25,4713206,242627,58141,10.25
2026-09-08 14:34:37,23656.3,2026-09-08,23850.0,PE,187.7,187.55,188.0,857126,30462,-23199,
2026-09-08 14:34:37,23656.3,2026-09-08,23900.0,CE,2.05,2.0,2.05,4764047,267284,5775,11.21
2026-09-08 14:34:37,23656.3,2026-09-08,23900.0,PE,237.25,236.9,237.45,567772,29351,-25030,
2026-09-08 14:34:37,23656.3,2026-09-08,23950.0,CE,1.45,1.45,1.5,2870866,188646,30150,12.2
2026-09-08 14:34:37,23656.3,2026-09-08,23950.0,PE,286.65,286.75,287.0,106001,13526,-13355,
2026-09-08 14:34:37,23656.3,2026-09-08,24000.0,CE,1.1,1.1,1.15,3084482,347328,21972,13.26
2026-09-08 14:34:37,23656.3,2026-09-08,24000.0,PE,336.0,336.0,336.45,171928,36328,-24306,
2026-09-08 14:34:37,23656.3,2026-09-08,24050.0,CE,0.85,0.85,0.9,1561070,139312,-12128,14.22
2026-09-08 14:34:37,23656.3,2026-09-08,24050.0,PE,386.0,385.25,386.5,17110,6454,-3467,
2026-09-08 14:34:37,23656.3,2026-09-08,24100.0,CE,0.65,0.65,0.7,1827014,176183,-46673,15.33
2026-09-08 14:34:37,23656.3,2026-09-08,24100.0,PE,435.0,435.3,436.0,25288,13240,-4717,
2026-09-08 14:34:37,23656.3,2026-09-08,24150.0,CE,0.6,0.55,0.6,1285202,109520,-486,16.64
2026-09-08 14:34:37,23656.3,2026-09-08,24150.0,PE,485.0,484.25,485.95,6349,5523,-1864,
2026-09-08 14:35:37,23657.45,2026-09-08,23150.0,CE,521.55,516.8,519.05,264,96,67,25.16
2026-09-08 14:35:37,23657.45,2026-09-08,23150.0,PE,0.3,0.3,0.35,822530,66461,39435,16.21
2026-09-08 14:35:37,23657.45,2026-09-08,23200.0,CE,470.1,467.25,468.9,1628,480,317,28.36
2026-09-08 14:35:37,23657.45,2026-09-08,23200.0,PE,0.4,0.4,0.45,797460,139713,80030,15.2
2026-09-08 14:35:37,23657.45,2026-09-08,23250.0,CE,418.0,417.0,418.85,1808,446,416,24.58
2026-09-08 14:35:37,23657.45,2026-09-08,23250.0,PE,0.4,0.4,0.45,470007,65300,27847,13.7
2026-09-08 14:35:37,23657.45,2026-09-08,23300.0,CE,368.75,367.2,368.55,9049,1147,822,23.62
2026-09-08 14:35:37,23657.45,2026-09-08,23300.0,PE,0.45,0.45,0.5,1033891,154524,83349,12.35
2026-09-08 14:35:37,23657.45,2026-09-08,23350.0,CE,316.35,317.45,318.5,9330,1064,854,21.57
2026-09-08 14:35:37,23657.45,2026-09-08,23350.0,PE,0.55,0.55,0.6,704426,73032,35686,11.19
2026-09-08 14:35:37,23657.45,2026-09-08,23400.0,CE,266.5,268.0,268.75,64698,4580,3684,18.51
2026-09-08 14:35:37,23657.45,2026-09-08,23400.0,PE,0.9,0.85,0.9,1690619,160262,88170,10.05
2026-09-08 14:35:37,23657.45,2026-09-08,23450.0,CE,218.8,219.05,219.65,92307,5581,4982,16.72
2026-09-08 14:35:37,23657.45,2026-09-08,23450.0,PE,1.25,1.25,1.3,2647822,161214,93107,8.81
2026-09-08 14:35:37,23657.45,2026-09-08,23500.0,CE,170.5,170.05,170.4,764548,40371,35146,14.22
2026-09-08 14:35:37,23657.45,2026-09-08,23500.0,PE,2.65,2.65,2.7,5893051,294204,124026,8.14
2026-09-08 14:35:37,23657.45,2026-09-08,23550.0,CE,123.5,123.2,123.55,1032761,38862,37019,12.03
2026-09-08 14:35:37,23657.45,2026-09-08,23550.0,PE,5.75,5.75,5.8,8510813,297917,226668,7.36
2026-09-08 14:35:37,23657.45,2026-09-08,23600.0,CE,80.65,80.65,80.85,5054337,199260,189484,10.35
2026-09-08 14:35:37,23657.45,2026-09-08,23600.0,PE,13.3,13.3,13.4,17437290,593316,439329,6.75
2026-09-08 14:35:37,23657.45,2026-09-08,23650.0,CE,45.85,45.8,45.9,10543173,494607,483111,9.24
2026-09-08 14:35:37,23657.45,2026-09-08,23650.0,PE,28.85,28.85,28.9,20702591,528671,410794,5.98
2026-09-08 14:35:37,23657.45,2026-09-08,23700.0,CE,23.75,23.7,23.75,19022095,711170,665929,8.85
2026-09-08 14:35:37,23657.45,2026-09-08,23700.0,PE,56.45,56.35,56.5,17471410,294117,148436,5.14
2026-09-08 14:35:37,23657.45,2026-09-08,23750.0,CE,11.7,11.65,11.75,10534382,437090,355582,8.97
2026-09-08 14:35:37,23657.45,2026-09-08,23750.0,PE,94.55,94.45,94.65,5734643,93353,-17819,
2026-09-08 14:35:37,23657.45,2026-09-08,23800.0,CE,5.95,5.95,6.0,10001507,496606,233299,9.46
2026-09-08 14:35:37,23657.45,2026-09-08,23800.0,PE,138.7,138.6,138.9,3470969,82669,-61196,
2026-09-08 14:35:37,23657.45,2026-09-08,23850.0,CE,3.35,3.3,3.35,4760360,239535,55049,10.25
2026-09-08 14:35:37,23657.45,2026-09-08,23850.0,PE,185.9,185.4,185.9,860602,30330,-23331,
2026-09-08 14:35:37,23657.45,2026-09-08,23900.0,CE,2.1,2.05,2.1,4829148,266264,4755,11.21
2026-09-08 14:35:37,23657.45,2026-09-08,23900.0,PE,235.05,234.6,235.25,569049,29174,-25207,
2026-09-08 14:35:37,23657.45,2026-09-08,23950.0,CE,1.45,1.45,1.5,2912359,187344,28848,12.2
2026-09-08 14:35:37,23657.45,2026-09-08,23950.0,PE,284.25,284.25,285.1,106266,13473,-13408,
2026-09-08 14:35:37,23657.45,2026-09-08,24000.0,CE,1.1,1.1,1.15,3110287,344703,19347,13.26
2026-09-08 14:35:37,23657.45,2026-09-08,24000.0,PE,333.9,333.5,334.4,172688,36169,-24465,
2026-09-08 14:35:37,23657.45,2026-09-08,24050.0,CE,0.8,0.8,0.85,1567064,138184,-13256,14.22
2026-09-08 14:35:37,23657.45,2026-09-08,24050.0,PE,385.0,383.0,384.3,17157,6432,-3489,
2026-09-08 14:35:37,23657.45,2026-09-08,24100.0,CE,0.65,0.65,0.7,1836142,175131,-47725,15.33
2026-09-08 14:35:37,23657.45,2026-09-08,24100.0,PE,434.0,433.35,434.45,25362,13234,-4723,
2026-09-08 14:35:37,23657.45,2026-09-08,24150.0,CE,0.55,0.55,0.6,1288176,109018,-988,16.64
2026-09-08 14:35:37,23657.45,2026-09-08,24150.0,PE,483.0,482.0,483.7,6361,5518,-1869,
2026-09-08 14:36:37,23657.0,2026-09-08,23150.0,CE,521.55,519.1,521.1,264,96,67,25.16
2026-09-08 14:36:37,23657.0,2026-09-08,23150.0,PE,0.3,0.3,0.35,824104,66461,39435,16.21
2026-09-08 14:36:37,23657.0,2026-09-08,23200.0,CE,470.25,469.55,470.8,1629,480,317,28.36
2026-09-08 14:36:37,23657.0,2026-09-08,23200.0,PE,0.4,0.4,0.45,799543,139713,80030,15.2
2026-09-08 14:36:37,23657.0,2026-09-08,23250.0,CE,419.7,419.0,420.8,1810,446,416,24.58
2026-09-08 14:36:37,23657.0,2026-09-08,23250.0,PE,0.45,0.4,0.45,470546,65300,27847,13.7
2026-09-08 14:36:37,23657.0,2026-09-08,23300.0,CE,372.05,369.2,370.5,9066,1151,826,23.62
2026-09-08 14:36:37,23657.0,2026-09-08,23300.0,PE,0.5,0.45,0.5,1034973,154524,83349,12.35
2026-09-08 14:36:37,23657.0,2026-09-08,23350.0,CE,319.7,319.55,320.5,9339,1069,859,21.57
2026-09-08 14:36:37,23657.0,2026-09-08,23350.0,PE,0.6,0.55,0.6,705329,73032,35686,11.19
2026-09-08 14:36:37,23657.0,2026-09-08,23400.0,CE,270.05,270.2,271.15,64754,4580,3684,18.51
2026-09-08 14:36:37,23657.0,2026-09-08,23400.0,PE,0.85,0.8,0.85,1696484,160262,88170,10.05
2026-09-08 14:36:37,23657.0,2026-09-08,23450.0,CE,220.65,220.6,221.15,93005,5157,4558,16.72
2026-09-08 14:36:37,23657.0,2026-09-08,23450.0,PE,1.2,1.2,1.25,2654967,161200,93093,8.81
2026-09-08 14:36:37,23657.0,2026-09-08,23500.0,CE,172.05,172.1,172.55,767203,40254,35029,14.22
2026-09-08 14:36:37,23657.0,2026-09-08,23500.0,PE,2.7,2.65,2.7,5919069,291685,121507,8.14
2026-09-08 14:36:37,23657.0,2026-09-08,23550.0,CE,125.35,125.7,126.0,1036536,39052,37209,12.03
2026-09-08 14:36:37,23657.0,2026-09-08,23550.0,PE,5.8,5.75,5.8,8538120,298068,226819,7.36
2026-09-08 14:36:37,23657.0,2026-09-08,23600.0,CE,82.85,82.6,82.8,5075376,199260,189484,10.35
2026-09-08 14:36:37,23657.0,2026-09-08,23600.0,PE,13.4,13.4,13.45,17484026,593316,439329,6.75
2026-09-08 14:36:37,23657.0,2026-09-08,23650.0,CE,48.0,47.9,48.0,10596358,494607,483111,9.24
2026-09-08 14:36:37,23657.0,2026-09-08,23650.0,PE,28.65,28.55,28.65,20751565,528671,410794,5.98
2026-09-08 14:36:37,23657.0,2026-09-08,23700.0,CE,25.1,25.05,25.1,19112678,711170,665929,8.85
2026-09-08 14:36:37,23657.0,2026-09-08,23700.0,PE,55.75,55.75,55.95,17496438,294117,148436,5.14
2026-09-08 14:36:37,23657.0,2026-09-08,23750.0,CE,12.6,12.6,12.65,10578456,437090,355582,8.97
2026-09-08 14:36:37,23657.0,2026-09-08,23750.0,PE,93.4,93.2,93.25,5740987,93353,-17819,
2026-09-08 14:36:37,23657.0,2026-09-08,23800.0,CE,6.3,6.3,6.35,10038626,497829,234522,9.46
2026-09-08 14:36:37,23657.0,2026-09-08,23800.0,PE,137.1,137.15,137.5,3474185,82850,-61015,
2026-09-08 14:36:37,23657.0,2026-09-08,23850.0,CE,3.55,3.5,3.55,4782188,238586,54100,10.25
2026-09-08 14:36:37,23657.0,2026-09-08,23850.0,PE,183.6,183.5,184.0,861300,30314,-23347,
2026-09-08 14:36:37,23657.0,2026-09-08,23900.0,CE,2.15,2.15,2.2,4855707,264991,3482,11.21
2026-09-08 14:36:37,23657.0,2026-09-08,23900.0,PE,232.6,232.4,233.05,569998,29102,-25279,
2026-09-08 14:36:37,23657.0,2026-09-08,23950.0,CE,1.5,1.5,1.55,2934381,187344,28848,12.2
2026-09-08 14:36:37,23657.0,2026-09-08,23950.0,PE,282.2,282.75,283.0,106338,13473,-13408,
2026-09-08 14:36:37,23657.0,2026-09-08,24000.0,CE,1.1,1.1,1.15,3116979,344703,19347,13.26
2026-09-08 14:36:37,23657.0,2026-09-08,24000.0,PE,331.3,331.4,332.0,172860,36169,-24465,
2026-09-08 14:36:37,23657.0,2026-09-08,24050.0,CE,0.8,0.8,0.85,1572859,138184,-13256,14.22
2026-09-08 14:36:37,23657.0,2026-09-08,24050.0,PE,381.0,381.05,382.2,17173,6432,-3489,
2026-09-08 14:36:37,23657.0,2026-09-08,24100.0,CE,0.65,0.65,0.7,1838387,175131,-47725,15.33
2026-09-08 14:36:37,23657.0,2026-09-08,24100.0,PE,431.0,430.7,432.2,25389,13234,-4723,
2026-09-08 14:36:37,23657.0,2026-09-08,24150.0,CE,0.6,0.55,0.6,1288781,109151,-855,16.64
2026-09-08 14:36:37,23657.0,2026-09-08,24150.0,PE,481.9,480.2,481.9,6377,5512,-1875,
2026-09-08 14:37:37,23654.6,2026-09-08,23150.0,CE,521.55,520.1,522.1,264,96,67,25.16
2026-09-08 14:37:37,23654.6,2026-09-08,23150.0,PE,0.3,0.3,0.35,824914,66340,39314,16.21
2026-09-08 14:37:37,23654.6,2026-09-08,23200.0,CE,470.25,470.5,471.85,1629,480,317,28.36
2026-09-08 14:37:37,23654.6,2026-09-08,23200.0,PE,0.4,0.4,0.45,799959,139024,79341,15.2
2026-09-08 14:37:37,23654.6,2026-09-08,23250.0,CE,419.7,420.0,421.9,1810,446,416,24.58
2026-09-08 14:37:37,23654.6,2026-09-08,23250.0,PE,0.45,0.4,0.45,471008,65309,27856,13.7
2026-09-08 14:37:37,23654.6,2026-09-08,23300.0,CE,372.25,370.45,371.75,9069,1157,832,23.62
2026-09-08 14:37:37,23654.6,2026-09-08,23300.0,PE,0.45,0.45,0.5,1041023,154580,83405,12.35
2026-09-08 14:37:37,23654.6,2026-09-08,23350.0,CE,321.2,320.5,321.6,9343,1068,858,21.57
2026-09-08 14:37:37,23654.6,2026-09-08,23350.0,PE,0.55,0.55,0.6,707209,72971,35625,11.19
2026-09-08 14:37:37,23654.6,2026-09-08,23400.0,CE,271.0,270.95,271.8,64820,4573,3677,18.51
2026-09-08 14:37:37,23654.6,2026-09-08,23400.0,PE,0.85,0.8,0.85,1705604,159888,87796,10.05
2026-09-08 14:37:37,23654.6,2026-09-08,23450.0,CE,222.5,221.7,222.15,93538,5157,4558,16.72
2026-09-08 14:37:37,23654.6,2026-09-08,23450.0,PE,1.2,1.2,1.25,2669520,161200,93093,8.81
2026-09-08 14:37:37,23654.6,2026-09-08,23500.0,CE,172.85,172.9,173.35,768627,40254,35029,14.22
2026-09-08 14:37:37,23654.6,2026-09-08,23500.0,PE,2.6,2.6,2.65,5932462,291685,121507,8.14
2026-09-08 14:37:37,23654.6,2026-09-08,23550.0,CE,126.0,126.1,126.45,1038275,39052,37209,12.03
2026-09-08 14:37:37,23654.6,2026-09-08,23550.0,PE,5.65,5.65,5.7,8554104,298068,226819,7.36
2026-09-08 14:37:37,23654.6,2026-09-08,23600.0,CE,83.8,83.65,83.85,5085736,201337,191561,10.35
2026-09-08 14:37:37,23654.6,2026-09-08,23600.0,PE,13.25,13.2,13.25,17513353,593268,439281,6.75
2026-09-08 14:37:37,23654.6,2026-09-08,23650.0,CE,48.65,48.65,48.8,10627093,497107,485611,9.24
2026-09-08 14:37:37,23654.6,2026-09-08,23650.0,PE,28.45,28.35,28.45,20781344,531150,413273,5.98
2026-09-08 14:37:37,23654.6,2026-09-08,23700.0,CE,25.7,25.65,25.75,19164638,712345,667104,8.85
2026-09-08 14:37:37,23654.6,2026-09-08,23700.0,PE,55.1,55.1,55.2,17512375,296293,150612,5.14
2026-09-08 14:37:37,23654.6,2026-09-08,23750.0,CE,12.85,12.8,12.85,10605040,440517,359009,8.97
2026-09-08 14:37:37,23654.6,2026-09-08,23750.0,PE,92.8,92.65,92.8,5744236,93327,-17845,
2026-09-08 14:37:37,23654.6,2026-09-08,23800.0,CE,6.5,6.45,6.5,10063626,497829,234522,9.46
2026-09-08 14:37:37,23654.6,2026-09-08,23800.0,PE,136.8,136.45,136.65,3476335,82850,-61015,
2026-09-08 14:37:37,23654.6,2026-09-08,23850.0,CE,3.65,3.6,3.65,4795907,238586,54100,10.25
2026-09-08 14:37:37,23654.6,2026-09-08,23850.0,PE,182.85,182.75,183.2,862158,30314,-23347,
2026-09-08 14:37:37,23654.6,2026-09-08,23900.0,CE,2.25,2.2,2.25,4875959,264991,3482,11.21
2026-09-08 14:37:37,23654.6,2026-09-08,23900.0,PE,232.2,231.85,232.25,570293,29102,-25279,
2026-09-08 14:37:37,23654.6,2026-09-08,23950.0,CE,1.6,1.55,1.6,2948208,187725,29229,12.2
2026-09-08 14:37:37,23654.6,2026-09-08,23950.0,PE,281.8,281.3,281.95,106442,13458,-13423,
2026-09-08 14:37:37,23654.6,2026-09-08,24000.0,CE,1.1,1.1,1.15,3125319,344805,19449,13.26
2026-09-08 14:37:37,23654.6,2026-09-08,24000.0,PE,331.6,330.1,331.05,172922,36169,-24465,
2026-09-08 14:37:37,23654.6,2026-09-08,24050.0,CE,0.85,0.8,0.85,1573696,137944,-13496,14.22
2026-09-08 14:37:37,23654.6,2026-09-08,24050.0,PE,381.3,379.95,381.25,17193,6407,-3514,
2026-09-08 14:37:37,23654.6,2026-09-08,24100.0,CE,0.7,0.65,0.7,1841189,174896,-47960,15.33
2026-09-08 14:37:37,23654.6,2026-09-08,24100.0,PE,431.0,431.0,431.8,25397,13230,-4727,
2026-09-08 14:37:37,23654.6,2026-09-08,24150.0,CE,0.55,0.55,0.6,1289865,109151,-855,16.64
2026-09-08 14:37:37,23654.6,2026-09-08,24150.0,PE,480.0,479.05,481.05,6378,5511,-1876,
2026-09-08 14:38:37,23653.6,2026-09-08,23150.0,CE,514.75,514.7,516.95,265,98,69,25.16
2026-09-08 14:38:37,23653.6,2026-09-08,23150.0,PE,0.3,0.3,0.35,825283,66360,39334,16.21
2026-09-08 14:38:37,23653.6,2026-09-08,23200.0,CE,471.2,465.2,466.3,1630,479,316,28.36
2026-09-08 14:38:37,23653.6,2026-09-08,23200.0,PE,0.35,0.35,0.4,804835,139010,79327,15.2
2026-09-08 14:38:37,23653.6,2026-09-08,23250.0,CE,419.7,414.4,416.25,1810,446,416,24.58
2026-09-08 14:38:37,23653.6,2026-09-08,23250.0,PE,0.45,0.4,0.45,471218,65198,27745,13.7
2026-09-08 14:38:37,23653.6,2026-09-08,23300.0,CE,368.8,364.85,366.0,9074,1159,834,23.62
2026-09-08 14:38:37,23653.6,2026-09-08,23300.0,PE,0.45,0.45,0.5,1042686,153388,82213,12.35
2026-09-08 14:38:37,23653.6,2026-09-08,23350.0,CE,318.55,315.7,316.7,9350,1068,858,21.57
2026-09-08 14:38:37,23653.6,2026-09-08,23350.0,PE,0.55,0.55,0.6,708741,72819,35473,11.19
2026-09-08 14:38:37,23653.6,2026-09-08,23400.0,CE,266.3,265.4,266.2,64896,4573,3677,18.51
2026-09-08 14:38:37,23653.6,2026-09-08,23400.0,PE,0.9,0.85,0.9,1723359,161615,89523,10.05
2026-09-08 14:38:37,23653.6,2026-09-08,23450.0,CE,216.4,216.45,217.05,93830,5125,4526,16.72
2026-09-08 14:38:37,23653.6,2026-09-08,23450.0,PE,1.25,1.25,1.3,2680399,160654,92547,8.81
2026-09-08 14:38:37,23653.6,2026-09-08,23500.0,CE,167.6,167.45,167.95,770011,39732,34507,14.22
2026-09-08 14:38:37,23653.6,2026-09-08,23500.0,PE,2.75,2.75,2.8,5943535,290025,119847,8.14
2026-09-08 14:38:37,23653.6,2026-09-08,23550.0,CE,121.6,121.6,121.9,1041306,37987,36144,12.03
2026-09-08 14:38:37,23653.6,2026-09-08,23550.0,PE,6.0,5.95,6.0,8570620,298673,227424,7.36
2026-09-08 14:38:37,23653.6,2026-09-08,23600.0,CE,78.45,78.45,78.7,5104357,200185,190409,10.35
2026-09-08 14:38:37,23653.6,2026-09-08,23600.0,PE,14.1,14.05,14.1,17540732,591932,437945,6.75
2026-09-08 14:38:37,23653.6,2026-09-08,23650.0,CE,45.25,45.1,45.25,10671933,494160,482664,9.24
2026-09-08 14:38:37,23653.6,2026-09-08,23650.0,PE,29.85,29.75,29.85,20819246,532269,414392,5.98
2026-09-08 14:38:37,23653.6,2026-09-08,23700.0,CE,23.1,23.15,23.2,19243491,709124,663883,8.85
2026-09-08 14:38:37,23653.6,2026-09-08,23700.0,PE,57.55,57.5,57.6,17533347,297790,152109,5.14
2026-09-08 14:38:37,23653.6,2026-09-08,23750.0,CE,11.2,11.2,11.3,10646140,441180,359672,8.97
2026-09-08 14:38:37,23653.6,2026-09-08,23750.0,PE,96.7,96.45,96.7,5748976,93354,-17818,
2026-09-08 14:38:37,23653.6,2026-09-08,23800.0,CE,5.8,5.8,5.85,10092635,495041,231734,9.46
2026-09-08 14:38:37,23653.6,2026-09-08,23800.0,PE,140.85,140.65,140.85,3479458,82859,-61006,
2026-09-08 14:38:37,23653.6,2026-09-08,23850.0,CE,3.2,3.2,3.25,4810632,239098,54612,10.25
2026-09-08 14:38:37,23653.6,2026-09-08,23850.0,PE,188.3,187.8,188.3,862726,30444,-23217,
2026-09-08 14:38:37,23653.6,2026-09-08,23900.0,CE,2.0,2.0,2.05,4893524,262895,1386,11.21
2026-09-08 14:38:37,23653.6,2026-09-08,23900.0,PE,236.9,236.05,236.75,570616,28968,-25413,
2026-09-08 14:38:37,23653.6,2026-09-08,23950.0,CE,1.45,1.4,1.45,2961007,187790,29294,12.2
2026-09-08 14:38:37,23653.6,2026-09-08,23950.0,PE,287.0,287.0,287.75,106520,13499,-13382,
2026-09-08 14:38:37,23653.6,2026-09-08,24000.0,CE,1.1,1.05,1.1,3133548,346125,20769,13.26
2026-09-08 14:38:37,23653.6,2026-09-08,24000.0,PE,336.95,335.7,336.8,173117,36190,-24444,
2026-09-08 14:38:37,23653.6,2026-09-08,24050.0,CE,0.85,0.8,0.85,1574706,138217,-13223,14.22
2026-09-08 14:38:37,23653.6,2026-09-08,24050.0,PE,384.0,384.8,386.15,17201,6406,-3515,
2026-09-08 14:38:37,23653.6,2026-09-08,24100.0,CE,0.7,0.65,0.7,1841972,174462,-48394,15.33
2026-09-08 14:38:37,23653.6,2026-09-08,24100.0,PE,437.4,435.15,436.55,25454,13221,-4736,
2026-09-08 14:38:37,23653.6,2026-09-08,24150.0,CE,0.55,0.55,0.6,1290518,108063,-1943,16.64
2026-09-08 14:38:37,23653.6,2026-09-08,24150.0,PE,484.75,484.85,486.45,6385,5510,-1877,
2026-09-08 14:39:38,23646.75,2026-09-08,23150.0,CE,516.6,514.8,517.0,268,98,69,25.16
2026-09-08 14:39:38,23646.75,2026-09-08,23150.0,PE,0.3,0.3,0.35,826043,66360,39334,16.21
2026-09-08 14:39:38,23646.75,2026-09-08,23200.0,CE,466.15,464.9,466.55,1634,478,315,28.36
2026-09-08 14:39:38,23646.75,2026-09-08,23200.0,PE,0.4,0.35,0.4,805768,139817,80134,15.2
2026-09-08 14:39:38,23646.75,2026-09-08,23250.0,CE,416.55,414.7,416.35,1812,445,415,24.58
2026-09-08 14:39:38,23646.75,2026-09-08,23250.0,PE,0.4,0.4,0.45,471835,65247,27794,13.7
2026-09-08 14:39:38,23646.75,2026-09-08,23300.0,CE,365.65,365.0,366.35,9143,1196,871,23.62
2026-09-08 14:39:38,23646.75,2026-09-08,23300.0,PE,0.5,0.45,0.5,1043765,153041,81866,12.35
2026-09-08 14:39:38,23646.75,2026-09-08,23350.0,CE,315.65,315.45,316.55,9377,1074,864,21.57
2026-09-08 14:39:38,23646.75,2026-09-08,23350.0,PE,0.6,0.6,0.65,715915,71752,34406,11.19
2026-09-08 14:39:38,23646.75,2026-09-08,23400.0,CE,266.0,266.0,266.75,65025,4555,3659,18.51
2026-09-08 14:39:38,23646.75,2026-09-08,23400.0,PE,0.85,0.85,0.9,1725758,163982,91890,10.05
2026-09-08 14:39:38,23646.75,2026-09-08,23450.0,CE,216.5,216.15,216.65,94046,5114,4515,16.72
2026-09-08 14:39:38,23646.75,2026-09-08,23450.0,PE,1.25,1.25,1.3,2684978,160890,92783,8.81
2026-09-08 14:39:38,23646.75,2026-09-08,23500.0,CE,168.15,168.15,168.6,772325,39886,34661,14.22
2026-09-08 14:39:38,23646.75,2026-09-08,23500.0,PE,2.7,2.7,2.75,5961269,290913,120735,8.14
2026-09-08 14:39:38,23646.75,2026-09-08,23550.0,CE,121.6,121.15,121.5,1045538,39383,37540,12.03
2026-09-08 14:39:38,23646.75,2026-09-08,23550.0,PE,6.0,5.95,6.0,8600706,300051,228802,7.36
2026-09-08 14:39:38,23646.75,2026-09-08,23600.0,CE,79.0,78.8,79.0,5124615,194880,185104,10.35
2026-09-08 14:39:38,23646.75,2026-09-08,23600.0,PE,14.0,13.95,14.0,17603757,590597,436610,6.75
2026-09-08 14:39:38,23646.75,2026-09-08,23650.0,CE,44.8,44.7,44.85,10719027,485210,473714,9.24
2026-09-08 14:39:38,23646.75,2026-09-08,23650.0,PE,29.75,29.75,29.8,20893572,528619,410742,5.98
2026-09-08 14:39:38,23646.75,2026-09-08,23700.0,CE,22.8,22.75,22.85,19317966,696843,651602,8.85
2026-09-08 14:39:38,23646.75,2026-09-08,23700.0,PE,57.6,57.45,57.6,17574651,294163,148482,5.14
2026-09-08 14:39:38,23646.75,2026-09-08,23750.0,CE,11.25,11.2,11.25,10690982,435764,354256,8.97
2026-09-08 14:39:38,23646.75,2026-09-08,23750.0,PE,96.15,96.2,96.4,5757790,92013,-19159,
2026-09-08 14:39:38,23646.75,2026-09-08,23800.0,CE,5.55,5.55,5.6,10129275,492401,229094,9.46
2026-09-08 14:39:38,23646.75,2026-09-08,23800.0,PE,141.0,140.95,141.05,3484430,82670,-61195,
2026-09-08 14:39:38,23646.75,2026-09-08,23850.0,CE,3.15,3.15,3.2,4831945,237689,53203,10.25
2026-09-08 14:39:38,23646.75,2026-09-08,23850.0,PE,187.55,187.3,187.65,863688,30418,-23243,
2026-09-08 14:39:38,23646.75,2026-09-08,23900.0,CE,2.0,1.95,2.0,4923150,260282,-1227,11.21
2026-09-08 14:39:38,23646.75,2026-09-08,23900.0,PE,237.0,236.75,237.0,571006,28946,-25435,
2026-09-08 14:39:38,23646.75,2026-09-08,23950.0,CE,1.4,1.4,1.45,2987219,188817,30321,12.2
2026-09-08 14:39:38,23646.75,2026-09-08,23950.0,PE,287.25,286.65,287.4,106653,13468,-13413,
2026-09-08 14:39:38,23646.75,2026-09-08,24000.0,CE,1.1,1.05,1.1,3149268,343683,18327,13.26
2026-09-08 14:39:38,23646.75,2026-09-08,24000.0,PE,336.0,335.25,336.25,173315,36092,-24542,
2026-09-08 14:39:38,23646.75,2026-09-08,24050.0,CE,0.8,0.8,0.85,1575917,138333,-13107,14.22
2026-09-08 14:39:38,23646.75,2026-09-08,24050.0,PE,386.75,385.1,386.35,17242,6400,-3521,
2026-09-08 14:39:38,23646.75,2026-09-08,24100.0,CE,0.65,0.65,0.7,1845412,174334,-48522,15.33
2026-09-08 14:39:38,23646.75,2026-09-08,24100.0,PE,436.8,435.45,436.65,25485,13215,-4742,
2026-09-08 14:39:38,23646.75,2026-09-08,24150.0,CE,0.55,0.55,0.6,1301967,112069,2063,16.64
2026-09-08 14:39:38,23646.75,2026-09-08,24150.0,PE,486.0,484.1,486.1,6397,5510,-1877,
2026-09-08 14:40:38,23648.65,2026-09-08,23150.0,CE,516.6,512.55,514.6,268,98,69,25.16
2026-09-08 14:40:38,23648.65,2026-09-08,23150.0,PE,0.3,0.3,0.35,827191,66666,39640,16.21
2026-09-08 14:40:38,23648.65,2026-09-08,23200.0,CE,466.15,462.35,464.1,1634,478,315,28.36
2026-09-08 14:40:38,23648.65,2026-09-08,23200.0,PE,0.35,0.35,0.4,806286,139817,80134,15.2
2026-09-08 14:40:38,23648.65,2026-09-08,23250.0,CE,414.05,412.6,414.35,1813,445,415,24.58
2026-09-08 14:40:38,23648.65,2026-09-08,23250.0,PE,0.4,0.4,0.45,472523,65403,27950,13.7
2026-09-08 14:40:38,23648.65,2026-09-08,23300.0,CE,363.6,363.0,364.35,9168,1190,865,23.62
2026-09-08 14:40:38,23648.65,2026-09-08,23300.0,PE,0.45,0.45,0.5,1044742,152730,81555,12.35
2026-09-08 14:40:38,23648.65,2026-09-08,23350.0,CE,313.85,312.6,313.85,9408,1080,870,21.57
2026-09-08 14:40:38,23648.65,2026-09-08,23350.0,PE,0.65,0.6,0.65,716722,73102,35756,11.19
2026-09-08 14:40:38,23648.65,2026-09-08,23400.0,CE,264.4,263.15,264.05,65180,4561,3665,18.51
2026-09-08 14:40:38,23648.65,2026-09-08,23400.0,PE,0.9,0.9,0.95,1732491,163540,91448,10.05
2026-09-08 14:40:38,23648.65,2026-09-08,23450.0,CE,214.7,214.55,214.9,94379,5114,4515,16.72
2026-09-08 14:40:38,23648.65,2026-09-08,23450.0,PE,1.25,1.25,1.3,2690344,160890,92783,8.81
2026-09-08 14:40:38,23648.65,2026-09-08,23500.0,CE,166.2,165.85,166.0,775076,39886,34661,14.22
2026-09-08 14:40:38,23648.65,2026-09-08,23500.0,PE,2.8,2.8,2.85,5975048,290913,120735,8.14
2026-09-08 14:40:38,23648.65,2026-09-08,23550.0,CE,118.85,119.0,119.05,1049707,39383,37540,12.03
2026-09-08 14:40:38,23648.65,2026-09-08,23550.0,PE,6.2,6.2,6.25,8628144,300051,228802,7.36
2026-09-08 14:40:38,23648.65,2026-09-08,23600.0,CE,77.25,77.2,77.45,5150486,196278,186502,10.35
2026-09-08 14:40:38,23648.65,2026-09-08,23600.0,PE,14.45,14.4,14.5,17672317,597719,443732,6.75
2026-09-08 14:40:38,23648.65,2026-09-08,23650.0,CE,43.4,43.3,43.4,10777072,483179,471683,9.24
2026-09-08 14:40:38,23648.65,2026-09-08,23650.0,PE,30.7,30.6,30.7,20969683,533817,415940,5.98
2026-09-08 14:40:38,23648.65,2026-09-08,23700.0,CE,21.85,21.8,21.85,19407904,697740,652499,8.85
2026-09-08 14:40:38,23648.65,2026-09-08,23700.0,PE,59.2,59.15,59.3,17614392,295394,149713,5.14
2026-09-08 14:40:38,23648.65,2026-09-08,23750.0,CE,10.55,10.6,10.65,10737009,437734,356226,8.97
2026-09-08 14:40:38,23648.65,2026-09-08,23750.0,PE,97.9,97.9,98.15,5769932,91153,-20019,
2026-09-08 14:40:38,23648.65,2026-09-08,23800.0,CE,5.35,5.3,5.35,10166778,492401,229094,9.46
2026-09-08 14:40:38,23648.65,2026-09-08,23800.0,PE,143.0,142.7,143.05,3491263,82670,-61195,
2026-09-08 14:40:38,23648.65,2026-09-08,23850.0,CE,3.05,3.05,3.1,4853130,237689,53203,10.25
2026-09-08 14:40:38,23648.65,2026-09-08,23850.0,PE,190.0,189.4,189.95,864803,30418,-23243,
2026-09-08 14:40:38,23648.65,2026-09-08,23900.0,CE,1.9,1.9,1.95,4941106,260282,-1227,11.21
2026-09-08 14:40:38,23648.65,2026-09-08,23900.0,PE,239.1,239.0,239.65,571704,28946,-25435,
2026-09-08 14:40:38,23648.65,2026-09-08,23950.0,CE,1.4,1.4,1.45,2999053,190524,32028,12.2
2026-09-08 14:40:38,23648.65,2026-09-08,23950.0,PE,289.25,288.6,289.3,106785,13446,-13435,
2026-09-08 14:40:38,23648.65,2026-09-08,24000.0,CE,1.1,1.05,1.1,3162476,345485,20129,13.26
2026-09-08 14:40:38,23648.65,2026-09-08,24000.0,PE,337.65,337.3,338.35,173628,36069,-24565,
2026-09-08 14:40:38,23648.65,2026-09-08,24050.0,CE,0.8,0.75,0.8,1580429,138604,-12836,14.22
2026-09-08 14:40:38,23648.65,2026-09-08,24050.0,PE,388.95,387.6,388.8,17333,6386,-3535,
2026-09-08 14:40:38,23648.65,2026-09-08,24100.0,CE,0.65,0.65,0.7,1847881,174398,-48458,15.33
2026-09-08 14:40:38,23648.65,2026-09-08,24100.0,PE,438.2,437.9,439.0,25603,13192,-4765,
2026-09-08 14:40:38,23648.65,2026-09-08,24150.0,CE,0.55,0.55,0.6,1302454,112069,2063,16.64
2026-09-08 14:40:38,23648.65,2026-09-08,24150.0,PE,487.15,486.45,488.25,6403,5513,-1874,
2026-09-08 14:41:38,23647.15,2026-09-08,23150.0,CE,511.6,507.25,509.2,269,98,69,25.16
2026-09-08 14:41:38,23647.15,2026-09-08,23150.0,PE,0.3,0.25,0.3,831379,66486,39460,16.21
2026-09-08 14:41:38,23647.15,2026-09-08,23200.0,CE,460.75,457.1,458.9,1639,478,315,28.36
2026-09-08 14:41:38,23647.15,2026-09-08,23200.0,PE,0.35,0.35,0.4,807065,139914,80231,15.2
2026-09-08 14:41:38,23647.15,2026-09-08,23250.0,CE,412.2,407.2,408.9,1814,447,417,24.58
2026-09-08 14:41:38,23647.15,2026-09-08,23250.0,PE,0.4,0.4,0.45,473192,65378,27925,13.7
2026-09-08 14:41:38,23647.15,2026-09-08,23300.0,CE,360.0,358.05,358.9,9184,1208,883,23.62
2026-09-08 14:41:38,23647.15,2026-09-08,23300.0,PE,0.45,0.45,0.5,1046531,152601,81426,12.35
2026-09-08 14:41:38,23647.15,2026-09-08,23350.0,CE,308.75,307.75,308.9,9419,1091,881,21.57
2026-09-08 14:41:38,23647.15,2026-09-08,23350.0,PE,0.6,0.6,0.65,717208,72561,35215,11.19
2026-09-08 14:41:38,23647.15,2026-09-08,23400.0,CE,259.25,258.1,258.9,65310,4563,3667,18.51
2026-09-08 14:41:38,23647.15,2026-09-08,23400.0,PE,0.9,0.9,0.95,1735168,162483,90391,10.05
2026-09-08 14:41:38,23647.15,2026-09-08,23450.0,CE,208.75,208.8,209.45,94574,5100,4501,16.72
2026-09-08 14:41:38,23647.15,2026-09-08,23450.0,PE,1.35,1.35,1.4,2695030,161176,93069,8.81
2026-09-08 14:41:38,23647.15,2026-09-08,23500.0,CE,160.5,160.55,161.05,776977,39877,34652,14.22
2026-09-08 14:41:38,23647.15,2026-09-08,23500.0,PE,3.05,3.0,3.05,5993498,289649,119471,8.14
2026-09-08 14:41:38,23647.15,2026-09-08,23550.0,CE,114.5,114.45,114.7,1053166,39337,37494,12.03
2026-09-08 14:41:38,23647.15,2026-09-08,23550.0,PE,6.85,6.8,6.85,8663884,300009,228760,7.36
2026-09-08 14:41:38,23647.15,2026-09-08,23600.0,CE,72.75,72.75,72.9,5170157,196410,186634,10.35
2026-09-08 14:41:38,23647.15,2026-09-08,23600.0,PE,15.65,15.65,15.75,17753860,604398,450411,6.75
2026-09-08 14:41:38,23647.15,2026-09-08,23650.0,CE,40.05,40.1,40.2,10826551,481176,469680,9.24
2026-09-08 14:41:38,23647.15,2026-09-08,23650.0,PE,32.8,32.7,32.8,21044506,533577,415700,5.98
2026-09-08 14:41:38,23647.15,2026-09-08,23700.0,CE,19.9,19.9,20.0,19474086,691025,645784,8.85
2026-09-08 14:41:38,23647.15,2026-09-08,23700.0,PE,62.15,62.15,62.3,17650266,295024,149343,5.14
2026-09-08 14:41:38,23647.15,2026-09-08,23750.0,CE,9.5,9.45,9.5,10777648,437027,355519,8.97
2026-09-08 14:41:38,23647.15,2026-09-08,23750.0,PE,102.4,102.1,102.35,5778250,88751,-22421,
2026-09-08 14:41:38,23647.15,2026-09-08,23800.0,CE,4.7,4.65,4.7,10197182,492553,229246,9.46
2026-09-08 14:41:38,23647.15,2026-09-08,23800.0,PE,147.7,147.55,147.9,3495773,81899,-61966,
2026-09-08 14:41:38,23647.15,2026-09-08,23850.0,CE,2.7,2.7,2.75,4878274,237771,53285,10.25
2026-09-08 14:41:38,23647.15,2026-09-08,23850.0,PE,194.45,194.4,194.9,865621,30334,-23327,
2026-09-08 14:41:38,23647.15,2026-09-08,23900.0,CE,1.8,1.75,1.8,4966978,260955,-554,11.21
2026-09-08 14:41:38,23647.15,2026-09-08,23900.0,PE,244.35,243.95,244.45,572295,28802,-25579,
2026-09-08 14:41:38,23647.15,2026-09-08,23950.0,CE,1.3,1.3,1.35,3013268,188866,30370,12.2
2026-09-08 14:41:38,23647.15,2026-09-08,23950.0,PE,293.8,294.2,294.9,106878,13417,-13464,
2026-09-08 14:41:38,23647.15,2026-09-08,24000.0,CE,1.05,1.0,1.05,3173369,343112,17756,13.26
2026-09-08 14:41:38,23647.15,2026-09-08,24000.0,PE,342.3,342.8,343.6,173783,35980,-24654,
2026-09-08 14:41:38,23647.15,2026-09-08,24050.0,CE,0.75,0.75,0.8,1581574,138174,-13266,14.22
2026-09-08 14:41:38,23647.15,2026-09-08,24050.0,PE,394.5,392.75,393.8,17355,6318,-3603,
2026-09-08 14:41:38,23647.15,2026-09-08,24100.0,CE,0.65,0.65,0.7,1849176,173328,-49528,15.33
2026-09-08 14:41:38,23647.15,2026-09-08,24100.0,PE,444.0,443.2,444.6,25621,13150,-4807,
2026-09-08 14:41:38,23647.15,2026-09-08,24150.0,CE,0.6,0.55,0.6,1303073,111994,1988,16.64
2026-09-08 14:41:38,23647.15,2026-09-08,24150.0,PE,492.0,492.35,494.15,6413,5510,-1877,
2026-09-08 14:42:38,23650.15,2026-09-08,23150.0,CE,511.6,514.3,516.5,269,100,71,29.53
2026-09-08 14:42:38,23650.15,2026-09-08,23150.0,PE,0.25,0.25,0.3,831631,64305,37279,15.9
2026-09-08 14:42:38,23650.15,2026-09-08,23200.0,CE,460.75,464.55,466.2,1639,480,317,27.03
2026-09-08 14:42:38,23650.15,2026-09-08,23200.0,PE,0.35,0.35,0.4,807226,139930,80247,14.72
2026-09-08 14:42:38,23650.15,2026-09-08,23250.0,CE,411.3,414.65,416.45,1817,447,417,22.63
2026-09-08 14:42:38,23650.15,2026-09-08,23250.0,PE,0.4,0.4,0.45,473359,65356,27903,13.47
2026-09-08 14:42:38,23650.15,2026-09-08,23300.0,CE,363.7,364.85,365.95,9196,1203,878,20.01
2026-09-08 14:42:38,23650.15,2026-09-08,23300.0,PE,0.45,0.45,0.5,1046847,152445,81270,12.15
2026-09-08 14:42:38,23650.15,2026-09-08,23350.0,CE,316.05,314.8,315.95,9447,1094,884,18.74
2026-09-08 14:42:38,23650.15,2026-09-08,23350.0,PE,0.65,0.6,0.65,718195,72539,35193,11.03
2026-09-08 14:42:38,23650.15,2026-09-08,23400.0,CE,266.4,265.3,266.15,65429,4573,3677,15.99
2026-09-08 14:42:38,23650.15,2026-09-08,23400.0,PE,0.9,0.9,0.95,1737251,162458,90366,10.0
2026-09-08 14:42:38,23650.15,2026-09-08,23450.0,CE,216.85,216.05,216.7,94779,5099,4500,14.44
2026-09-08 14:42:38,23650.15,2026-09-08,23450.0,PE,1.35,1.3,1.35,2701215,160943,92836,8.82
2026-09-08 14:42:38,23650.15,2026-09-08,23500.0,CE,168.0,167.5,167.95,778589,39842,34617,12.08
2026-09-08 14:42:38,23650.15,2026-09-08,23500.0,PE,2.8,2.8,2.85,6006632,290988,120810,8.25
2026-09-08 14:42:38,23650.15,2026-09-08,23550.0,CE,121.55,121.25,121.55,1055418,39772,37929,10.51
2026-09-08 14:42:38,23650.15,2026-09-08,23550.0,PE,6.15,6.15,6.2,8691414,300064,228815,7.58
2026-09-08 14:42:38,23650.15,2026-09-08,23600.0,CE,79.0,78.95,79.0,5185938,195245,185469,9.15
2026-09-08 14:42:38,23650.15,2026-09-08,23600.0,PE,14.2,14.2,14.25,17815869,606817,452830,7.13
2026-09-08 14:42:38,23650.15,2026-09-08,23650.0,CE,44.55,44.55,44.7,10858259,480716,469220,8.36
2026-09-08 14:42:38,23650.15,2026-09-08,23650.0,PE,30.05,30.1,30.2,21102822,532359,414482,6.65
2026-09-08 14:42:38,23650.15,2026-09-08,23700.0,CE,22.9,22.85,22.9,19519095,685727,640486,8.29
2026-09-08 14:42:38,23650.15,2026-09-08,23700.0,PE,57.9,57.95,58.05,17680006,294127,148446,6.22
2026-09-08 14:42:38,23650.15,2026-09-08,23750.0,CE,11.15,11.1,11.15,10807079,433022,351514,8.62
2026-09-08 14:42:38,23650.15,2026-09-08,23750.0,PE,96.2,96.25,96.5,5785840,88637,-22535,4.91
2026-09-08 14:42:38,23650.15,2026-09-08,23800.0,CE,5.5,5.5,5.55,10219279,491772,228465,9.12
2026-09-08 14:42:38,23650.15,2026-09-08,23800.0,PE,141.3,141.15,141.45,3499910,81503,-62362,
2026-09-08 14:42:38,23650.15,2026-09-08,23850.0,CE,3.05,3.05,3.1,4894552,236035,51549,9.99
2026-09-08 14:42:38,23650.15,2026-09-08,23850.0,PE,187.55,187.65,188.2,866398,30207,-23454,
2026-09-08 14:42:38,23650.15,2026-09-08,23900.0,CE,2.0,2.0,2.05,4984359,261723,214,11.01
2026-09-08 14:42:38,23650.15,2026-09-08,23900.0,PE,237.0,236.95,237.65,572786,28679,-25702,
2026-09-08 14:42:38,23650.15,2026-09-08,23950.0,CE,1.45,1.45,1.5,3017787,187145,28649,12.11
2026-09-08 14:42:38,23650.15,2026-09-08,23950.0,PE,287.05,287.15,287.3,106929,13359,-13522,
2026-09-08 14:42:38,23650.15,2026-09-08,24000.0,CE,1.1,1.05,1.1,3178709,342848,17492,13.3
2026-09-08 14:42:38,23650.15,2026-09-08,24000.0,PE,335.7,335.75,336.75,174209,35938,-24696,
2026-09-08 14:42:38,23650.15,2026-09-08,24050.0,CE,0.8,0.75,0.8,1582801,138013,-13427,14.13
2026-09-08 14:42:38,23650.15,2026-09-08,24050.0,PE,388.25,385.3,386.6,17381,6311,-3610,
2026-09-08 14:42:38,23650.15,2026-09-08,24100.0,CE,0.7,0.65,0.7,1849595,173243,-49613,15.51
2026-09-08 14:42:38,23650.15,2026-09-08,24100.0,PE,437.0,435.7,436.9,25641,13142,-4815,
2026-09-08 14:42:38,23650.15,2026-09-08,24150.0,CE,0.55,0.55,0.6,1303236,112014,2008,16.68
2026-09-08 14:42:38,23650.15,2026-09-08,24150.0,PE,486.1,484.55,486.45,6420,5509,-1878,
2026-09-08 14:43:39,23648.1,2026-09-08,23150.0,CE,518.7,515.7,517.75,270,101,72,29.53
2026-09-08 14:43:39,23648.1,2026-09-08,23150.0,PE,0.25,0.25,0.3,832483,64276,37250,15.9
2026-09-08 14:43:39,23648.1,2026-09-08,23200.0,CE,468.75,465.95,467.7,1641,475,312,27.03
2026-09-08 14:43:39,23648.1,2026-09-08,23200.0,PE,0.35,0.35,0.4,808069,139803,80120,14.72
2026-09-08 14:43:39,23648.1,2026-09-08,23250.0,CE,419.0,415.7,417.55,1820,447,417,22.63
2026-09-08 14:43:39,23648.1,2026-09-08,23250.0,PE,0.4,0.35,0.4,475080,64845,27392,13.47
2026-09-08 14:43:39,23648.1,2026-09-08,23300.0,CE,367.05,366.05,367.25,9243,1197,872,20.01
2026-09-08 14:43:39,23648.1,2026-09-08,23300.0,PE,0.45,0.45,0.5,1050790,152035,80860,12.15
2026-09-08 14:43:39,23648.1,2026-09-08,23350.0,CE,318.6,316.3,317.35,9479,1068,858,18.74
2026-09-08 14:43:39,23648.1,2026-09-08,23350.0,PE,0.65,0.6,0.65,719829,72629,35283,11.03
2026-09-08 14:43:39,23648.1,2026-09-08,23400.0,CE,268.0,266.95,267.8,66140,4590,3694,15.99
2026-09-08 14:43:39,23648.1,2026-09-08,23400.0,PE,0.9,0.9,0.95,1746336,161529,89437,10.0
2026-09-08 14:43:39,23648.1,2026-09-08,23450.0,CE,219.25,217.5,218.05,95206,4991,4392,14.44
2026-09-08 14:43:39,23648.1,2026-09-08,23450.0,PE,1.25,1.25,1.3,2731779,160149,92042,8.82
2026-09-08 14:43:39,23648.1,2026-09-08,23500.0,CE,169.3,168.8,169.35,782653,38926,33701,12.08
2026-09-08 14:43:39,23648.1,2026-09-08,23500.0,PE,2.75,2.75,2.8,6045320,289441,119263,8.25
2026-09-08 14:43:39,23648.1,2026-09-08,23550.0,CE,122.7,122.5,122.8,1062626,38681,36838,10.51
2026-09-08 14:43:39,23648.1,2026-09-08,23550.0,PE,6.05,6.0,6.05,8748377,301961,230712,7.58
2026-09-08 14:43:39,23648.1,2026-09-08,23600.0,CE,79.75,79.75,80.0,5229460,193914,184138,9.15
2026-09-08 14:43:39,23648.1,2026-09-08,23600.0,PE,13.9,13.9,13.95,17932927,602756,448769,7.13
2026-09-08 14:43:39,23648.1,2026-09-08,23650.0,CE,45.5,45.3,45.45,10954791,477528,466032,8.36
2026-09-08 14:43:39,23648.1,2026-09-08,23650.0,PE,29.6,29.5,29.6,21229408,522099,404222,6.65
2026-09-08 14:43:39,23648.1,2026-09-08,23700.0,CE,23.2,23.2,23.25,19654205,685948,640707,8.29
2026-09-08 14:43:39,23648.1,2026-09-08,23700.0,PE,56.9,56.9,57.0,17747765,295513,149832,6.22
2026-09-08 14:43:39,23648.1,2026-09-08,23750.0,CE,11.1,11.1,11.15,10867306,432682,351174,8.62
2026-09-08 14:43:39,23648.1,2026-09-08,23750.0,PE,95.25,95.05,95.3,5803132,88796,-22376,4.91
2026-09-08 14:43:39,23648.1,2026-09-08,23800.0,CE,5.45,5.45,5.5,10266915,489058,225751,9.12
2026-09-08 14:43:39,23648.1,2026-09-08,23800.0,PE,139.35,139.25,139.6,3509597,81779,-62086,
2026-09-08 14:43:39,23648.1,2026-09-08,23850.0,CE,3.0,2.95,3.0,4923900,234312,49826,9.99
2026-09-08 14:43:39,23648.1,2026-09-08,23850.0,PE,186.4,186.2,186.6,869211,29724,-23937,
2026-09-08 14:43:39,23648.1,2026-09-08,23900.0,CE,1.85,1.85,1.9,5021776,258134,-3375,11.01
2026-09-08 14:43:39,23648.1,2026-09-08,23900.0,PE,235.6,235.5,236.0,574247,28747,-25634,
2026-09-08 14:43:39,23648.1,2026-09-08,23950.0,CE,1.35,1.35,1.4,3040515,186518,28022,12.11
2026-09-08 14:43:39,23648.1,2026-09-08,23950.0,PE,285.4,285.35,286.05,107100,13326,-13555,
2026-09-08 14:43:39,23648.1,2026-09-08,24000.0,CE,1.05,1.0,1.05,3194477,340501,15145,13.3
2026-09-08 14:43:39,23648.1,2026-09-08,24000.0,PE,335.0,334.3,335.2,174548,35726,-24908,
2026-09-08 14:43:39,23648.1,2026-09-08,24050.0,CE,0.8,0.75,0.8,1585394,137456,-13984,14.13
2026-09-08 14:43:39,23648.1,2026-09-08,24050.0,PE,384.0,384.15,385.45,17423,6304,-3617,
2026-09-08 14:43:39,23648.1,2026-09-08,24100.0,CE,0.65,0.65,0.7,1853185,173482,-49374,15.51
2026-09-08 14:43:39,23648.1,2026-09-08,24100.0,PE,434.35,434.35,435.6,25677,13131,-4826,
2026-09-08 14:43:39,23648.1,2026-09-08,24150.0,CE,0.55,0.5,0.55,1305537,112256,2250,16.68
2026-09-08 14:43:39,23648.1,2026-09-08,24150.0,PE,481.8,483.1,484.0,6437,5497,-1890,
2026-09-08 14:44:39,23648.0,2026-09-08,23150.0,CE,518.7,514.3,516.55,270,101,72,29.53
2026-09-08 14:44:39,23648.0,2026-09-08,23150.0,PE,0.25,0.25,0.3,833373,64096,37070,15.9
2026-09-08 14:44:39,23648.0,2026-09-08,23200.0,CE,468.75,464.35,466.1,1641,476,313,27.03
2026-09-08 14:44:39,23648.0,2026-09-08,23200.0,PE,0.4,0.35,0.4,808749,140114,80431,14.72
2026-09-08 14:44:39,23648.0,2026-09-08,23250.0,CE,419.0,414.7,416.2,1820,445,415,22.63
2026-09-08 14:44:39,23648.0,2026-09-08,23250.0,PE,0.35,0.35,0.4,475786,64747,27294,13.47
2026-09-08 14:44:39,23648.0,2026-09-08,23300.0,CE,365.9,364.75,365.9,9267,1197,872,20.01
2026-09-08 14:44:39,23648.0,2026-09-08,23300.0,PE,0.45,0.45,0.5,1051800,152233,81058,12.15
2026-09-08 14:44:39,23648.0,2026-09-08,23350.0,CE,314.6,314.9,316.0,9480,1068,858,18.74
2026-09-08 14:44:39,23648.0,2026-09-08,23350.0,PE,0.65,0.6,0.65,720346,72501,35155,11.03
2026-09-08 14:44:39,23648.0,2026-09-08,23400.0,CE,267.45,265.35,266.3,66196,4592,3696,15.99
2026-09-08 14:44:39,23648.0,2026-09-08,23400.0,PE,0.95,0.95,1.0,1750854,161963,89871,10.0
2026-09-08 14:44:39,23648.0,2026-09-08,23450.0,CE,216.7,216.05,216.65,95339,4994,4395,14.44
2026-09-08 14:44:39,23648.0,2026-09-08,23450.0,PE,1.3,1.3,1.35,2741205,159814,91707,8.82
2026-09-08 14:44:39,23648.0,2026-09-08,23500.0,CE,168.25,167.65,168.1,783715,38903,33678,12.08
2026-09-08 14:44:39,23648.0,2026-09-08,23500.0,PE,2.85,2.85,2.9,6063123,289007,118829,8.25
2026-09-08 14:44:39,23648.0,2026-09-08,23550.0,CE,121.3,120.95,121.3,1065215,38656,36813,10.51
2026-09-08 14:44:39,23648.0,2026-09-08,23550.0,PE,6.2,6.15,6.2,8775861,300447,229198,7.58
2026-09-08 14:44:39,23648.0,2026-09-08,23600.0,CE,78.95,78.75,78.9,5242254,193177,183401,9.15
2026-09-08 14:44:39,23648.0,2026-09-08,23600.0,PE,14.3,14.2,14.25,17980578,606297,452310,7.13
2026-09-08 14:44:39,23648.0,2026-09-08,23650.0,CE,44.75,44.6,44.7,10992031,475594,464098,8.36
2026-09-08 14:44:39,23648.0,2026-09-08,23650.0,PE,30.15,30.05,30.15,21276705,521473,403596,6.65
2026-09-08 14:44:39,23648.0,2026-09-08,23700.0,CE,22.75,22.7,22.75,19708391,683754,638513,8.29
2026-09-08 14:44:39,23648.0,2026-09-08,23700.0,PE,57.8,57.8,57.85,17771668,294692,149011,6.22
2026-09-08 14:44:39,23648.0,2026-09-08,23750.0,CE,10.85,10.8,10.85,10896478,433780,352272,8.62
2026-09-08 14:44:39,23648.0,2026-09-08,23750.0,PE,96.4,96.2,96.45,5809487,88182,-22990,4.91
2026-09-08 14:44:39,23648.0,2026-09-08,23800.0,CE,5.3,5.25,5.3,10298823,491318,228011,9.12
2026-09-08 14:44:39,23648.0,2026-09-08,23800.0,PE,140.75,140.75,140.95,3512848,81761,-62104,
2026-09-08 14:44:39,23648.0,2026-09-08,23850.0,CE,2.85,2.85,2.9,4941399,235601,51115,9.99
2026-09-08 14:44:39,23648.0,2026-09-08,23850.0,PE,187.4,187.55,188.0,869919,29720,-23941,
2026-09-08 14:44:39,23648.0,2026-09-08,23900.0,CE,1.85,1.8,1.85,5042019,256913,-4596,11.01
2026-09-08 14:44:39,23648.0,2026-09-08,23900.0,PE,237.0,236.95,237.55,574873,28250,-26131,
2026-09-08 14:44:39,23648.0,2026-09-08,23950.0,CE,1.35,1.3,1.35,3063539,187186,28690,12.11
2026-09-08 14:44:39,23648.0,2026-09-08,23950.0,PE,287.0,286.65,287.4,107130,13289,-13592,
2026-09-08 14:44:39,23648.0,2026-09-08,24000.0,CE,1.0,1.0,1.05,3196869,340050,14694,13.3
2026-09-08 14:44:39,23648.0,2026-09-08,24000.0,PE,336.1,335.7,336.65,174728,35707,-24927,
2026-09-08 14:44:39,23648.0,2026-09-08,24050.0,CE,0.75,0.7,0.75,1587864,136444,-14996,14.13
2026-09-08 14:44:39,23648.0,2026-09-08,24050.0,PE,385.4,385.4,386.8,17450,6311,-3610,
2026-09-08 14:44:39,23648.0,2026-09-08,24100.0,CE,0.65,0.65,0.7,1856807,176821,-46035,15.51
2026-09-08 14:44:39,23648.0,2026-09-08,24100.0,PE,435.75,435.85,436.95,25769,13123,-4834,
2026-09-08 14:44:39,23648.0,2026-09-08,24150.0,CE,0.5,0.5,0.55,1314434,112623,2617,16.68
2026-09-08 14:44:39,23648.0,2026-09-08,24150.0,PE,486.0,484.6,486.0,6440,5496,-1891,
2026-09-08 14:45:39,23646.0,2026-09-08,23150.0,CE,518.7,517.35,519.45,270,101,72,29.7
2026-09-08 14:45:39,23646.0,2026-09-08,23150.0,PE,0.25,0.25,0.3,833839,64096,37070,15.58
2026-09-08 14:45:39,23646.0,2026-09-08,23200.0,CE,466.8,467.95,469.6,1646,477,314,27.2
2026-09-08 14:45:39,23646.0,2026-09-08,23200.0,PE,0.35,0.35,0.4,809189,140114,80431,14.71
2026-09-08 14:45:39,23646.0,2026-09-08,23250.0,CE,416.6,418.15,419.7,1821,447,417,22.82
2026-09-08 14:45:39,23646.0,2026-09-08,23250.0,PE,0.35,0.35,0.4,476588,64747,27294,13.46
2026-09-08 14:45:39,23646.0,2026-09-08,23300.0,CE,368.35,368.1,369.4,9270,1176,851,20.2
2026-09-08 14:45:39,23646.0,2026-09-08,23300.0,PE,0.45,0.45,0.5,1052425,152233,81058,12.14
2026-09-08 14:45:39,23646.0,2026-09-08,23350.0,CE,317.7,318.5,319.55,9485,1068,858,18.89
2026-09-08 14:45:39,23646.0,2026-09-08,23350.0,PE,0.6,0.6,0.65,720950,72501,35155,11.14
2026-09-08 14:45:39,23646.0,2026-09-08,23400.0,CE,269.75,269.3,270.15,66210,4592,3696,16.14
2026-09-08 14:45:39,23646.0,2026-09-08,23400.0,PE,0.95,0.95,1.0,1752480,161963,89871,10.08
2026-09-08 14:45:39,23646.0,2026-09-08,23450.0,CE,220.2,219.45,220.0,95429,4994,4395,14.06
2026-09-08 14:45:39,23646.0,2026-09-08,23450.0,PE,1.35,1.3,1.35,2743366,159814,91707,8.81
2026-09-08 14:45:39,23646.0,2026-09-08,23500.0,CE,171.1,170.75,171.2,784252,38903,33678,11.67
2026-09-08 14:45:39,23646.0,2026-09-08,23500.0,PE,2.9,2.85,2.9,6076798,289007,118829,8.27
2026-09-08 14:45:39,23646.0,2026-09-08,23550.0,CE,124.5,124.6,124.85,1066163,38656,36813,10.31
2026-09-08 14:45:39,23646.0,2026-09-08,23550.0,PE,6.05,6.0,6.05,8790249,300447,229198,7.6
2026-09-08 14:45:39,23646.0,2026-09-08,23600.0,CE,81.85,81.6,81.75,5250010,193177,183401,8.97
2026-09-08 14:45:39,23646.0,2026-09-08,23600.0,PE,13.8,13.85,13.9,18002055,606297,452310,7.2
2026-09-08 14:45:39,23646.0,2026-09-08,23650.0,CE,47.05,47.0,47.15,11010429,475594,464098,8.32
2026-09-08 14:45:39,23646.0,2026-09-08,23650.0,PE,29.1,29.0,29.1,21297331,521473,403596,6.64
2026-09-08 14:45:39,23646.0,2026-09-08,23700.0,CE,24.05,24.05,24.15,19735859,683754,638513,8.23
2026-09-08 14:45:39,23646.0,2026-09-08,23700.0,PE,56.05,55.85,56.05,17783708,294692,149011,6.35
2026-09-08 14:45:39,23646.0,2026-09-08,23750.0,CE,11.7,11.65,11.7,10909530,433780,352272,8.57
2026-09-08 14:45:39,23646.0,2026-09-08,23750.0,PE,93.55,93.3,93.55,5812890,88182,-22990,5.35
2026-09-08 14:45:39,23646.0,2026-09-08,23800.0,CE,5.6,5.6,5.65,10314113,491318,228011,9.11
2026-09-08 14:45:39,23646.0,2026-09-08,23800.0,PE,138.0,137.6,137.95,3514147,81761,-62104,
2026-09-08 14:45:39,23646.0,2026-09-08,23850.0,CE,3.1,3.05,3.1,4960175,235601,51115,9.97
2026-09-08 14:45:39,23646.0,2026-09-08,23850.0,PE,184.7,184.6,185.15,870308,29720,-23941,
2026-09-08 14:45:39,23646.0,2026-09-08,23900.0,CE,1.95,1.9,1.95,5053534,256913,-4596,11.02
2026-09-08 14:45:39,23646.0,2026-09-08,23900.0,PE,233.75,233.4,234.05,575098,28250,-26131,
2026-09-08 14:45:39,23646.0,2026-09-08,23950.0,CE,1.3,1.3,1.35,3071498,187186,28690,12.19
2026-09-08 14:45:39,23646.0,2026-09-08,23950.0,PE,284.0,283.65,284.3,107143,13289,-13592,
2026-09-08 14:45:39,23646.0,2026-09-08,24000.0,CE,1.0,1.0,1.05,3199914,340050,14694,13.22
2026-09-08 14:45:39,23646.0,2026-09-08,24000.0,PE,332.5,332.15,333.2,174789,35707,-24927,
2026-09-08 14:45:39,23646.0,2026-09-08,24050.0,CE,0.75,0.7,0.75,1589527,136444,-14996,14.27
2026-09-08 14:45:39,23646.0,2026-09-08,24050.0,PE,384.5,382.5,383.7,17454,6311,-3610,
2026-09-08 14:45:39,23646.0,2026-09-08,24100.0,CE,0.6,0.6,0.65,1859426,176821,-46035,15.52
2026-09-08 14:45:39,23646.0,2026-09-08,24100.0,PE,433.65,432.25,433.55,25773,13123,-4834,
2026-09-08 14:45:39,23646.0,2026-09-08,24150.0,CE,0.5,0.5,0.55,1315215,112623,2617,16.69
2026-09-08 14:45:39,23646.0,2026-09-08,24150.0,PE,482.5,481.5,483.25,6445,5496,-1891,
2026-09-08 14:46:40,23647.1,2026-09-08,23150.0,CE,513.5,513.55,515.6,273,100,71,29.53
2026-09-08 14:46:40,23647.1,2026-09-08,23150.0,PE,0.25,0.25,0.3,836587,63894,36868,15.9
2026-09-08 14:46:40,23647.1,2026-09-08,23200.0,CE,465.2,463.5,465.4,1651,472,309,27.03
2026-09-08 14:46:40,23647.1,2026-09-08,23200.0,PE,0.35,0.35,0.4,810215,140124,80441,14.72
2026-09-08 14:46:40,23647.1,2026-09-08,23250.0,CE,413.8,413.6,415.4,1823,446,416,22.63
2026-09-08 14:46:40,23647.1,2026-09-08,23250.0,PE,0.4,0.35,0.4,476760,64745,27292,13.47
2026-09-08 14:46:40,23647.1,2026-09-08,23300.0,CE,366.0,364.0,365.2,9298,1180,855,20.01
2026-09-08 14:46:40,23647.1,2026-09-08,23300.0,PE,0.5,0.45,0.5,1053634,152554,81379,12.15
2026-09-08 14:46:40,23647.1,2026-09-08,23350.0,CE,316.35,314.45,315.45,9509,1071,861,18.74
2026-09-08 14:46:40,23647.1,2026-09-08,23350.0,PE,0.65,0.65,0.7,724517,72633,35287,11.03
2026-09-08 14:46:40,23647.1,2026-09-08,23400.0,CE,264.7,264.85,265.7,66312,4604,3708,15.99
2026-09-08 14:46:40,23647.1,2026-09-08,23400.0,PE,1.0,1.0,1.05,1761191,163801,91709,10.0
2026-09-08 14:46:40,23647.1,2026-09-08,23450.0,CE,215.85,215.5,216.1,95662,4967,4368,14.44
2026-09-08 14:46:40,23647.1,2026-09-08,23450.0,PE,1.4,1.4,1.45,2766504,160328,92221,8.82
2026-09-08 14:46:40,23647.1,2026-09-08,23500.0,CE,167.0,167.0,167.5,785858,38992,33767,12.08
2026-09-08 14:46:40,23647.1,2026-09-08,23500.0,PE,3.05,3.05,3.1,6101169,290201,120023,8.25
2026-09-08 14:46:40,23647.1,2026-09-08,23550.0,CE,120.8,120.75,120.8,1070230,38591,36748,10.51
2026-09-08 14:46:40,23647.1,2026-09-08,23550.0,PE,6.45,6.45,6.5,8826865,304458,233209,7.58
2026-09-08 14:46:40,23647.1,2026-09-08,23600.0,CE,78.85,78.6,78.85,5269220,192742,182966,9.15
2026-09-08 14:46:40,23647.1,2026-09-08,23600.0,PE,14.9,14.8,14.9,18069008,610384,456397,7.13
2026-09-08 14:46:40,23647.1,2026-09-08,23650.0,CE,44.9,44.95,45.0,11056605,474221,462725,8.36
2026-09-08 14:46:40,23647.1,2026-09-08,23650.0,PE,31.05,31.05,31.15,21367904,523041,405164,6.65
2026-09-08 14:46:40,23647.1,2026-09-08,23700.0,CE,22.85,22.85,22.9,19807784,682213,636972,8.29
2026-09-08 14:46:40,23647.1,2026-09-08,23700.0,PE,58.85,58.85,58.95,17824738,295626,149945,6.22
2026-09-08 14:46:40,23647.1,2026-09-08,23750.0,CE,10.9,10.85,10.9,10944300,432804,351296,8.62
2026-09-08 14:46:40,23647.1,2026-09-08,23750.0,PE,97.05,97.05,97.3,5821383,89777,-21395,4.91
2026-09-08 14:46:40,23647.1,2026-09-08,23800.0,CE,5.25,5.25,5.3,10353286,487750,224443,9.12
2026-09-08 14:46:40,23647.1,2026-09-08,23800.0,PE,141.5,141.5,141.9,3518302,81341,-62524,
2026-09-08 14:46:40,23647.1,2026-09-08,23850.0,CE,2.8,2.8,2.85,4979705,235690,51204,9.99
2026-09-08 14:46:40,23647.1,2026-09-08,23850.0,PE,188.85,188.2,188.7,871089,29731,-23930,
2026-09-08 14:46:40,23647.1,2026-09-08,23900.0,CE,1.8,1.75,1.8,5081213,257750,-3759,11.01
2026-09-08 14:46:40,23647.1,2026-09-08,23900.0,PE,238.25,237.5,238.15,575681,28114,-26267,
2026-09-08 14:46:40,23647.1,2026-09-08,23950.0,CE,1.2,1.2,1.25,3092832,185040,26544,12.11
2026-09-08 14:46:40,23647.1,2026-09-08,23950.0,PE,287.8,287.25,287.8,107342,13283,-13598,
2026-09-08 14:46:40,23647.1,2026-09-08,24000.0,CE,0.9,0.9,0.95,3233215,339480,14124,13.3
2026-09-08 14:46:40,23647.1,2026-09-08,24000.0,PE,336.15,336.1,337.0,175328,35691,-24943,
2026-09-08 14:46:40,23647.1,2026-09-08,24050.0,CE,0.65,0.65,0.7,1594222,136105,-15335,14.13
2026-09-08 14:46:40,23647.1,2026-09-08,24050.0,PE,386.45,386.35,387.6,17485,6309,-3612,
2026-09-08 14:46:40,23647.1,2026-09-08,24100.0,CE,0.6,0.6,0.65,1863351,176995,-45861,15.51
2026-09-08 14:46:40,23647.1,2026-09-08,24100.0,PE,437.95,436.5,437.9,25794,13116,-4841,
2026-09-08 14:46:40,23647.1,2026-09-08,24150.0,CE,0.55,0.5,0.55,1318405,112371,2365,16.68
2026-09-08 14:46:40,23647.1,2026-09-08,24150.0,PE,484.0,485.65,487.2,6447,5492,-1895,
2026-09-08 14:47:40,23644.15,2026-09-08,23150.0,CE,513.5,511.85,513.85,273,100,71,29.53
2026-09-08 14:47:40,23644.15,2026-09-08,23150.0,PE,0.25,0.25,0.3,836957,63812,36786,15.9
2026-09-08 14:47:40,23644.15,2026-09-08,23200.0,CE,465.2,461.65,463.45,1651,473,310,27.03
2026-09-08 14:47:40,23644.15,2026-09-08,23200.0,PE,0.35,0.35,0.4,810369,140663,80980,14.72
2026-09-08 14:47:40,23644.15,2026-09-08,23250.0,CE,411.45,411.65,413.25,1824,448,418,22.63
2026-09-08 14:47:40,23644.15,2026-09-08,23250.0,PE,0.35,0.35,0.4,478367,64732,27279,13.47
2026-09-08 14:47:40,23644.15,2026-09-08,23300.0,CE,362.65,362.15,363.55,9301,1181,856,20.01
2026-09-08 14:47:40,23644.15,2026-09-08,23300.0,PE,0.45,0.45,0.5,1054133,152432,81257,12.15
2026-09-08 14:47:40,23644.15,2026-09-08,23350.0,CE,312.7,312.2,313.15,9514,1086,876,18.74
2026-09-08 14:47:40,23644.15,2026-09-08,23350.0,PE,0.7,0.65,0.7,725873,72902,35556,11.03
2026-09-08 14:47:40,23644.15,2026-09-08,23400.0,CE,262.7,262.7,263.55,66335,4636,3740,15.99
2026-09-08 14:47:40,23644.15,2026-09-08,23400.0,PE,1.0,1.0,1.05,1762284,160795,88703,10.0
2026-09-08 14:47:40,23644.15,2026-09-08,23450.0,CE,213.55,213.75,214.25,95775,4968,4369,14.44
2026-09-08 14:47:40,23644.15,2026-09-08,23450.0,PE,1.5,1.45,1.5,2770539,160704,92597,8.82
2026-09-08 14:47:40,23644.15,2026-09-08,23500.0,CE,165.15,165.2,165.55,787076,39586,34361,12.08
2026-09-08 14:47:40,23644.15,2026-09-08,23500.0,PE,3.15,3.1,3.15,6106658,284717,114539,8.25
2026-09-08 14:47:40,23644.15,2026-09-08,23550.0,CE,118.8,118.8,118.95,1071707,38698,36855,10.51
2026-09-08 14:47:40,23644.15,2026-09-08,23550.0,PE,6.65,6.65,6.7,8839940,301520,230271,7.58
2026-09-08 14:47:40,23644.15,2026-09-08,23600.0,CE,76.75,76.7,76.95,5277358,194033,184257,9.15
2026-09-08 14:47:40,23644.15,2026-09-08,23600.0,PE,15.2,15.15,15.2,18100475,609537,455550,7.13
2026-09-08 14:47:40,23644.15,2026-09-08,23650.0,CE,43.45,43.45,43.65,11077507,474754,463258,8.36
2026-09-08 14:47:40,23644.15,2026-09-08,23650.0,PE,31.65,31.55,31.65,21395465,521024,403147,6.65
2026-09-08 14:47:40,23644.15,2026-09-08,23700.0,CE,22.0,21.95,22.05,19839860,683471,638230,8.29
2026-09-08 14:47:40,23644.15,2026-09-08,23700.0,PE,59.7,59.6,59.75,17840028,289861,144180,6.22
2026-09-08 14:47:40,23644.15,2026-09-08,23750.0,CE,10.25,10.25,10.35,10960243,434428,352920,8.62
2026-09-08 14:47:40,23644.15,2026-09-08,23750.0,PE,98.3,98.25,98.55,5826950,89444,-21728,4.91
2026-09-08 14:47:40,23644.15,2026-09-08,23800.0,CE,5.0,5.0,5.05,10369429,486914,223607,9.12
2026-09-08 14:47:40,23644.15,2026-09-08,23800.0,PE,143.4,143.15,143.4,3519995,80441,-63424,
2026-09-08 14:47:40,23644.15,2026-09-08,23850.0,CE,2.75,2.7,2.75,4989706,235142,50656,9.99
2026-09-08 14:47:40,23644.15,2026-09-08,23850.0,PE,190.7,190.25,190.55,871471,29670,-23991,
2026-09-08 14:47:40,23644.15,2026-09-08,23900.0,CE,1.7,1.65,1.7,5094785,256929,-4580,11.01
2026-09-08 14:47:40,23644.15,2026-09-08,23900.0,PE,240.0,239.5,239.8,576457,28122,-26259,
2026-09-08 14:47:40,23644.15,2026-09-08,23950.0,CE,1.2,1.15,1.2,3101843,183734,25238,12.11
2026-09-08 14:47:40,23644.15,2026-09-08,23950.0,PE,290.8,289.25,289.85,107401,13291,-13590,
2026-09-08 14:47:40,23644.15,2026-09-08,24000.0,CE,0.85,0.85,0.9,3243670,334563,9207,13.3
2026-09-08 14:47:40,23644.15,2026-09-08,24000.0,PE,338.8,337.8,338.8,175696,35614,-25020,
2026-09-08 14:47:40,23644.15,2026-09-08,24050.0,CE,0.65,0.6,0.65,1597271,135566,-15874,14.13
2026-09-08 14:47:40,23644.15,2026-09-08,24050.0,PE,390.0,388.4,389.5,17514,6300,-3621,
2026-09-08 14:47:40,23644.15,2026-09-08,24100.0,CE,0.55,0.55,0.6,1865082,176161,-46695,15.51
2026-09-08 14:47:40,23644.15,2026-09-08,24100.0,PE,440.65,438.9,439.7,25816,13112,-4845,
2026-09-08 14:47:40,23644.15,2026-09-08,24150.0,CE,0.5,0.5,0.55,1319114,112301,2295,16.68
2026-09-08 14:47:40,23644.15,2026-09-08,24150.0,PE,489.95,487.35,489.15,6451,5492,-1895,
2026-09-08 14:48:41,23645.55,2026-09-08,23150.0,CE,513.5,511.1,512.9,273,100,71,29.53
2026-09-08 14:48:41,23645.55,2026-09-08,23150.0,PE,0.25,0.25,0.3,838014,63643,36617,15.9
2026-09-08 14:48:41,23645.55,2026-09-08,23200.0,CE,463.45,461.15,462.8,1652,473,310,27.03
2026-09-08 14:48:41,23645.55,2026-09-08,23200.0,PE,0.35,0.3,0.35,828143,138503,78820,14.72
2026-09-08 14:48:41,23645.55,2026-09-08,23250.0,CE,412.5,410.8,412.6,1827,446,416,22.63
2026-09-08 14:48:41,23645.55,2026-09-08,23250.0,PE,0.35,0.35,0.4,479011,64691,27238,13.47
2026-09-08 14:48:41,23645.55,2026-09-08,23300.0,CE,363.55,361.05,362.55,9324,1181,856,20.01
2026-09-08 14:48:41,23645.55,2026-09-08,23300.0,PE,0.45,0.45,0.5,1056269,152297,81122,12.15
2026-09-08 14:48:41,23645.55,2026-09-08,23350.0,CE,312.6,312.05,313.2,9537,1090,880,18.74
2026-09-08 14:48:41,23645.55,2026-09-08,23350.0,PE,0.65,0.65,0.7,727903,72409,35063,11.03
2026-09-08 14:48:41,23645.55,2026-09-08,23400.0,CE,263.0,262.2,263.0,66461,4644,3748,15.99
2026-09-08 14:48:41,23645.55,2026-09-08,23400.0,PE,1.0,0.95,1.0,1769723,159490,87398,10.0
2026-09-08 14:48:41,23645.55,2026-09-08,23450.0,CE,213.5,212.95,213.55,96046,4943,4344,14.44
2026-09-08 14:48:41,23645.55,2026-09-08,23450.0,PE,1.5,1.45,1.5,2791140,161138,93031,8.82
2026-09-08 14:48:41,23645.55,2026-09-08,23500.0,CE,165.25,164.75,164.95,789218,39636,34411,12.08
2026-09-08 14:48:41,23645.55,2026-09-08,23500.0,PE,3.2,3.15,3.2,6131118,286708,116530,8.25
2026-09-08 14:48:41,23645.55,2026-09-08,23550.0,CE,118.6,118.25,118.6,1075722,38829,36986,10.51
2026-09-08 14:48:41,23645.55,2026-09-08,23550.0,PE,6.9,6.85,6.9,8909793,299118,227869,7.58
2026-09-08 14:48:41,23645.55,2026-09-08,23600.0,CE,76.75,76.75,76.95,5298954,193715,183939,9.15
2026-09-08 14:48:41,23645.55,2026-09-08,23600.0,PE,15.7,15.75,15.8,18225403,608476,454489,7.13
2026-09-08 14:48:41,23645.55,2026-09-08,23650.0,CE,43.55,43.55,43.65,11124845,470168,458672,8.36
2026-09-08 14:48:41,23645.55,2026-09-08,23650.0,PE,32.6,32.55,32.65,21498654,515366,397489,6.65
2026-09-08 14:48:41,23645.55,2026-09-08,23700.0,CE,22.0,22.0,22.05,19900742,678913,633672,8.29
2026-09-08 14:48:41,23645.55,2026-09-08,23700.0,PE,60.75,60.75,60.9,17883746,284893,139212,6.22
2026-09-08 14:48:41,23645.55,2026-09-08,23750.0,CE,10.4,10.35,10.45,11002401,434067,352559,8.62
2026-09-08 14:48:41,23645.55,2026-09-08,23750.0,PE,99.2,99.15,99.4,5843074,89651,-21521,4.91
2026-09-08 14:48:41,23645.55,2026-09-08,23800.0,CE,5.0,4.95,5.0,10417830,483028,219721,9.12
2026-09-08 14:48:41,23645.55,2026-09-08,23800.0,PE,143.9,143.65,143.9,3526915,79367,-64498,
2026-09-08 14:48:41,23645.55,2026-09-08,23850.0,CE,2.7,2.65,2.7,5019648,233956,49470,9.99
2026-09-08 14:48:41,23645.55,2026-09-08,23850.0,PE,190.9,190.55,191.0,872949,29576,-24085,
2026-09-08 14:48:41,23645.55,2026-09-08,23900.0,CE,1.6,1.6,1.65,5145947,256210,-5299,11.01
2026-09-08 14:48:41,23645.55,2026-09-08,23900.0,PE,240.0,239.45,240.1,577671,27763,-26618,
2026-09-08 14:48:41,23645.55,2026-09-08,23950.0,CE,1.1,1.1,1.15,3130598,181702,23206,12.11
2026-09-08 14:48:41,23645.55,2026-09-08,23950.0,PE,289.7,289.8,290.2,107612,13244,-13637,
2026-09-08 14:48:41,23645.55,2026-09-08,24000.0,CE,0.85,0.85,0.9,3290744,327812,2456,13.3
2026-09-08 14:48:41,23645.55,2026-09-08,24000.0,PE,340.0,338.8,339.9,176125,35537,-25097,
2026-09-08 14:48:41,23645.55,2026-09-08,24050.0,CE,0.65,0.6,0.65,1605192,135241,-16199,14.13
2026-09-08 14:48:41,23645.55,2026-09-08,24050.0,PE,390.3,388.7,390.0,17576,6290,-3631,
2026-09-08 14:48:41,23645.55,2026-09-08,24100.0,CE,0.55,0.5,0.55,1870843,176609,-46247,15.51
2026-09-08 14:48:41,23645.55,2026-09-08,24100.0,PE,438.6,439.15,440.0,25916,13067,-4890,
2026-09-08 14:48:41,23645.55,2026-09-08,24150.0,CE,0.55,0.5,0.55,1322704,112833,2827,16.68
2026-09-08 14:48:41,23645.55,2026-09-08,24150.0,PE,490.0,488.1,489.9,6471,5473,-1914,
2026-09-08 14:49:41,23645.6,2026-09-08,23150.0,CE,513.5,514.2,516.2,273,100,71,29.53
2026-09-08 14:49:41,23645.6,2026-09-08,23150.0,PE,0.25,0.25,0.3,838887,63643,36617,15.9
2026-09-08 14:49:41,23645.6,2026-09-08,23200.0,CE,462.65,464.35,465.75,1653,473,310,27.03
2026-09-08 14:49:41,23645.6,2026-09-08,23200.0,PE,0.35,0.35,0.4,832540,134930,75247,14.72
2026-09-08 14:49:41,23645.6,2026-09-08,23250.0,CE,412.5,414.45,416.1,1827,446,416,22.63
2026-09-08 14:49:41,23645.6,2026-09-08,23250.0,PE,0.4,0.4,0.45,482932,64877,27424,13.47
2026-09-08 14:49:41,23645.6,2026-09-08,23300.0,CE,365.2,365.1,366.2,9340,1190,865,20.01
2026-09-08 14:49:41,23645.6,2026-09-08,23300.0,PE,0.5,0.45,0.5,1057167,151479,80304,12.15
2026-09-08 14:49:41,23645.6,2026-09-08,23350.0,CE,314.15,314.85,315.9,9540,1094,884,18.74
2026-09-08 14:49:41,23645.6,2026-09-08,23350.0,PE,0.65,0.65,0.7,728899,71920,34574,11.03
2026-09-08 14:49:41,23645.6,2026-09-08,23400.0,CE,265.55,265.25,266.15,66516,4639,3743,15.99
2026-09-08 14:49:41,23645.6,2026-09-08,23400.0,PE,1.0,0.95,1.0,1773545,158840,86748,10.0
2026-09-08 14:49:41,23645.6,2026-09-08,23450.0,CE,216.3,216.2,216.7,96179,4943,4344,14.44
2026-09-08 14:49:41,23645.6,2026-09-08,23450.0,PE,1.4,1.4,1.45,2796398,161138,93031,8.82
2026-09-08 14:49:41,23645.6,2026-09-08,23500.0,CE,167.8,167.75,167.8,790680,39636,34411,12.08
2026-09-08 14:49:41,23645.6,2026-09-08,23500.0,PE,3.1,3.05,3.1,6145111,286708,116530,8.25
2026-09-08 14:49:41,23645.6,2026-09-08,23550.0,CE,121.05,121.15,121.45,1077829,38924,37081,10.51
2026-09-08 14:49:41,23645.6,2026-09-08,23550.0,PE,6.55,6.5,6.55,8942496,305264,234015,7.58
2026-09-08 14:49:41,23645.6,2026-09-08,23600.0,CE,79.4,79.35,79.5,5311249,195474,185698,9.15
2026-09-08 14:49:41,23645.6,2026-09-08,23600.0,PE,14.85,14.85,14.9,18282042,607190,453203,7.13
2026-09-08 14:49:41,23645.6,2026-09-08,23650.0,CE,45.4,45.4,45.5,11150974,469807,458311,8.36
2026-09-08 14:49:41,23645.6,2026-09-08,23650.0,PE,30.7,30.75,30.85,21547344,512953,395076,6.65
2026-09-08 14:49:41,23645.6,2026-09-08,23700.0,CE,22.9,22.85,22.95,19933941,673429,628188,8.29
2026-09-08 14:49:41,23645.6,2026-09-08,23700.0,PE,58.7,58.6,58.7,17903443,284690,139009,6.22
2026-09-08 14:49:41,23645.6,2026-09-08,23750.0,CE,10.9,10.9,10.95,11019996,432191,350683,8.62
2026-09-08 14:49:41,23645.6,2026-09-08,23750.0,PE,96.85,96.65,96.85,5849895,88786,-22386,4.91
2026-09-08 14:49:41,23645.6,2026-09-08,23800.0,CE,5.15,5.15,5.2,10439060,483028,219721,9.12
2026-09-08 14:49:41,23645.6,2026-09-08,23800.0,PE,141.0,141.0,141.1,3529396,79367,-64498,
2026-09-08 14:49:41,23645.6,2026-09-08,23850.0,CE,2.75,2.75,2.8,5035394,233956,49470,9.99
2026-09-08 14:49:41,23645.6,2026-09-08,23850.0,PE,187.75,187.65,188.1,873439,29576,-24085,
2026-09-08 14:49:41,23645.6,2026-09-08,23900.0,CE,1.65,1.65,1.7,5162622,251302,-10207,11.01
2026-09-08 14:49:41,23645.6,2026-09-08,23900.0,PE,237.1,236.75,237.3,578069,27508,-26873,
2026-09-08 14:49:41,23645.6,2026-09-08,23950.0,CE,1.15,1.15,1.2,3142256,180337,21841,12.11
2026-09-08 14:49:41,23645.6,2026-09-08,23950.0,PE,287.9,286.45,287.15,107697,13233,-13648,
2026-09-08 14:49:41,23645.6,2026-09-08,24000.0,CE,0.9,0.85,0.9,3308309,324757,-599,13.3
2026-09-08 14:49:41,23645.6,2026-09-08,24000.0,PE,336.15,335.2,336.25,176332,35432,-25202,
2026-09-08 14:49:41,23645.6,2026-09-08,24050.0,CE,0.65,0.6,0.65,1607204,133790,-17650,14.13
2026-09-08 14:49:41,23645.6,2026-09-08,24050.0,PE,387.5,385.8,387.05,17586,6285,-3636,
2026-09-08 14:49:41,23645.6,2026-09-08,24100.0,CE,0.5,0.5,0.55,1874248,174367,-48489,15.51
2026-09-08 14:49:41,23645.6,2026-09-08,24100.0,PE,437.45,436.05,437.4,25976,13043,-4914,
2026-09-08 14:49:41,23645.6,2026-09-08,24150.0,CE,0.5,0.5,0.55,1324132,112833,2827,16.68
2026-09-08 14:49:41,23645.6,2026-09-08,24150.0,PE,488.0,484.75,486.5,6474,5471,-1916,
2026-09-08 14:50:41,23642.0,2026-09-08,23150.0,CE,513.5,512.0,513.7,273,100,71,29.53
2026-09-08 14:50:41,23642.0,2026-09-08,23150.0,PE,0.25,0.25,0.3,840215,63398,36372,15.9
2026-09-08 14:50:41,23642.0,2026-09-08,23200.0,CE,462.65,461.6,463.05,1653,473,310,27.03
2026-09-08 14:50:41,23642.0,2026-09-08,23200.0,PE,0.35,0.35,0.4,835136,134539,74856,14.72
2026-09-08 14:50:41,23642.0,2026-09-08,23250.0,CE,415.15,412.0,413.5,1828,446,416,22.63
2026-09-08 14:50:41,23642.0,2026-09-08,23250.0,PE,0.45,0.4,0.45,483182,64343,26890,13.47
2026-09-08 14:50:41,23642.0,2026-09-08,23300.0,CE,365.9,362.05,363.2,9356,1190,865,20.01
2026-09-08 14:50:41,23642.0,2026-09-08,23300.0,PE,0.5,0.5,0.55,1063631,151252,80077,12.15
2026-09-08 14:50:41,23642.0,2026-09-08,23350.0,CE,315.85,312.7,313.8,9543,1093,883,18.74
2026-09-08 14:50:41,23642.0,2026-09-08,23350.0,PE,0.75,0.7,0.75,734396,71290,33944,11.03
2026-09-08 14:50:41,23642.0,2026-09-08,23400.0,CE,263.05,262.75,263.5,66605,4621,3725,15.99
2026-09-08 14:50:41,23642.0,2026-09-08,23400.0,PE,1.05,1.0,1.05,1779311,157826,85734,10.0
2026-09-08 14:50:41,23642.0,2026-09-08,23450.0,CE,213.8,213.65,214.2,96365,4962,4363,14.44
2026-09-08 14:50:41,23642.0,2026-09-08,23450.0,PE,1.45,1.4,1.45,2813776,161457,93350,8.82
2026-09-08 14:50:41,23642.0,2026-09-08,23500.0,CE,165.8,165.3,165.75,792302,39114,33889,12.08
2026-09-08 14:50:41,23642.0,2026-09-08,23500.0,PE,3.15,3.1,3.15,6158715,288896,118718,8.25
2026-09-08 14:50:41,23642.0,2026-09-08,23550.0,CE,118.95,118.65,118.95,1080952,38760,36917,10.51
2026-09-08 14:50:41,23642.0,2026-09-08,23550.0,PE,6.8,6.75,6.8,8970552,306755,235506,7.58
2026-09-08 14:50:41,23642.0,2026-09-08,23600.0,CE,77.3,77.35,77.55,5328627,195778,186002,9.15
2026-09-08 14:50:41,23642.0,2026-09-08,23600.0,PE,15.45,15.35,15.45,18334136,608624,454637,7.13
2026-09-08 14:50:41,23642.0,2026-09-08,23650.0,CE,43.75,43.65,43.8,11190468,468121,456625,8.36
2026-09-08 14:50:41,23642.0,2026-09-08,23650.0,PE,31.85,31.85,31.95,21597866,506546,388669,6.65
2026-09-08 14:50:41,23642.0,2026-09-08,23700.0,CE,22.1,22.1,22.15,19988027,669699,624458,8.29
2026-09-08 14:50:41,23642.0,2026-09-08,23700.0,PE,59.85,59.85,60.0,17926729,283086,137405,6.22
2026-09-08 14:50:41,23642.0,2026-09-08,23750.0,CE,10.3,10.25,10.3,11048466,431462,349954,8.62
2026-09-08 14:50:41,23642.0,2026-09-08,23750.0,PE,98.6,98.5,98.75,5856856,88644,-22528,4.91
2026-09-08 14:50:41,23642.0,2026-09-08,23800.0,CE,5.0,4.95,5.0,10464473,480353,217046,9.12
2026-09-08 14:50:41,23642.0,2026-09-08,23800.0,PE,143.1,142.95,143.3,3531787,79352,-64513,
2026-09-08 14:50:41,23642.0,2026-09-08,23850.0,CE,2.65,2.65,2.7,5052716,233217,48731,9.99
2026-09-08 14:50:41,23642.0,2026-09-08,23850.0,PE,189.85,189.9,190.4,873932,29504,-24157,
2026-09-08 14:50:41,23642.0,2026-09-08,23900.0,CE,1.65,1.6,1.65,5183195,249600,-11909,11.01
2026-09-08 14:50:41,23642.0,2026-09-08,23900.0,PE,239.25,239.3,239.9,579390,27319,-27062,
2026-09-08 14:50:41,23642.0,2026-09-08,23950.0,CE,1.15,1.1,1.15,3162596,176192,17696,12.11
2026-09-08 14:50:41,23642.0,2026-09-08,23950.0,PE,289.05,288.9,289.65,107750,13197,-13684,
2026-09-08 14:50:41,23642.0,2026-09-08,24000.0,CE,0.85,0.85,0.9,3315779,325763,407,13.3
2026-09-08 14:50:41,23642.0,2026-09-08,24000.0,PE,338.65,338.15,339.05,176513,35324,-25310,
2026-09-08 14:50:41,23642.0,2026-09-08,24050.0,CE,0.6,0.6,0.65,1614268,133134,-18306,14.13
2026-09-08 14:50:41,23642.0,2026-09-08,24050.0,PE,387.0,387.8,389.1,17608,6282,-3639,
2026-09-08 14:50:41,23642.0,2026-09-08,24100.0,CE,0.55,0.5,0.55,1877627,172418,-50438,15.51
2026-09-08 14:50:41,23642.0,2026-09-08,24100.0,PE,439.0,438.75,440.1,26226,13011,-4946,
2026-09-08 14:50:41,23642.0,2026-09-08,24150.0,CE,0.5,0.5,0.55,1325322,113396,3390,16.68
2026-09-08 14:50:41,23642.0,2026-09-08,24150.0,PE,487.0,487.45,489.0,6476,5467,-1920,
2026-09-08 14:51:41,23641.75,2026-09-08,23150.0,CE,513.5,511.0,512.45,273,100,71,29.53
2026-09-08 14:51:41,23641.75,2026-09-08,23150.0,PE,0.25,0.25,0.3,844893,62291,35265,15.9
2026-09-08 14:51:41,23641.75,2026-09-08,23200.0,CE,460.65,460.65,462.25,1655,474,311,27.03
2026-09-08 14:51:41,23641.75,2026-09-08,23200.0,PE,0.4,0.35,0.4,836911,135531,75848,14.72
2026-09-08 14:51:41,23641.75,2026-09-08,23250.0,CE,415.15,410.3,412.4,1828,446,416,22.63
2026-09-08 14:51:41,23641.75,2026-09-08,23250.0,PE,0.45,0.4,0.45,484478,64079,26626,13.47
2026-09-08 14:51:41,23641.75,2026-09-08,23300.0,CE,361.0,361.3,362.25,9361,1183,858,20.01
2026-09-08 14:51:41,23641.75,2026-09-08,23300.0,PE,0.5,0.5,0.55,1066235,150637,79462,12.15
2026-09-08 14:51:41,23641.75,2026-09-08,23350.0,CE,313.2,311.2,312.3,9552,1093,883,18.74
2026-09-08 14:51:41,23641.75,2026-09-08,23350.0,PE,0.7,0.7,0.75,736304,71024,33678,11.03
2026-09-08 14:51:41,23641.75,2026-09-08,23400.0,CE,261.8,262.0,262.8,66689,4634,3738,15.99
2026-09-08 14:51:41,23641.75,2026-09-08,23400.0,PE,1.0,1.0,1.05,1780743,157843,85751,10.0
2026-09-08 14:51:41,23641.75,2026-09-08,23450.0,CE,214.4,211.8,212.35,96579,4919,4320,14.44
2026-09-08 14:51:41,23641.75,2026-09-08,23450.0,PE,1.5,1.45,1.5,2828869,159894,91787,8.82
2026-09-08 14:51:41,23641.75,2026-09-08,23500.0,CE,163.65,163.6,164.05,793753,39372,34147,12.08
2026-09-08 14:51:41,23641.75,2026-09-08,23500.0,PE,3.15,3.15,3.2,6180775,286799,116621,8.25
2026-09-08 14:51:41,23641.75,2026-09-08,23550.0,CE,118.0,117.9,118.0,1084045,38419,36576,10.51
2026-09-08 14:51:41,23641.75,2026-09-08,23550.0,PE,6.85,6.8,6.85,9008300,306694,235445,7.58
2026-09-08 14:51:41,23641.75,2026-09-08,23600.0,CE,76.5,76.35,76.5,5347769,197418,187642,9.15
2026-09-08 14:51:41,23641.75,2026-09-08,23600.0,PE,15.6,15.55,15.6,18407757,601966,447979,7.13
2026-09-08 14:51:41,23641.75,2026-09-08,23650.0,CE,43.2,43.15,43.2,11228060,465447,453951,8.36
2026-09-08 14:51:41,23641.75,2026-09-08,23650.0,PE,32.4,32.35,32.45,21669336,501601,383724,6.65
2026-09-08 14:51:41,23641.75,2026-09-08,23700.0,CE,21.7,21.65,21.7,20043416,667282,622041,8.29
2026-09-08 14:51:41,23641.75,2026-09-08,23700.0,PE,60.9,60.9,61.05,17956678,279831,134150,6.22
2026-09-08 14:51:41,23641.75,2026-09-08,23750.0,CE,10.1,10.1,10.15,11091648,430499,348991,8.62
2026-09-08 14:51:41,23641.75,2026-09-08,23750.0,PE,99.35,99.35,99.45,5865808,87320,-23852,4.91
2026-09-08 14:51:41,23641.75,2026-09-08,23800.0,CE,4.75,4.75,4.8,10500126,479293,215986,9.12
2026-09-08 14:51:41,23641.75,2026-09-08,23800.0,PE,145.1,144.85,145.15,3535494,79212,-64653,
2026-09-08 14:51:41,23641.75,2026-09-08,23850.0,CE,2.6,2.6,2.65,5073996,234672,50186,9.99
2026-09-08 14:51:41,23641.75,2026-09-08,23850.0,PE,191.95,191.15,191.7,874716,29447,-24214,
2026-09-08 14:51:41,23641.75,2026-09-08,23900.0,CE,1.65,1.6,1.65,5203837,249270,-12239,11.01
2026-09-08 14:51:41,23641.75,2026-09-08,23900.0,PE,240.25,240.0,240.55,580824,27181,-27200,
2026-09-08 14:51:41,23641.75,2026-09-08,23950.0,CE,1.2,1.15,1.2,3175748,174423,15927,12.11
2026-09-08 14:51:41,23641.75,2026-09-08,23950.0,PE,291.0,290.15,290.85,107894,13183,-13698,
2026-09-08 14:51:41,23641.75,2026-09-08,24000.0,CE,0.9,0.85,0.9,3325736,323339,-2017,13.3
2026-09-08 14:51:41,23641.75,2026-09-08,24000.0,PE,340.0,339.0,340.05,176602,35281,-25353,
2026-09-08 14:51:41,23641.75,2026-09-08,24050.0,CE,0.65,0.6,0.65,1615697,133041,-18399,14.13
2026-09-08 14:51:41,23641.75,2026-09-08,24050.0,PE,390.0,389.3,390.55,17623,6277,-3644,
2026-09-08 14:51:41,23641.75,2026-09-08,24100.0,CE,0.55,0.5,0.55,1879477,171762,-51094,15.51
2026-09-08 14:51:41,23641.75,2026-09-08,24100.0,PE,441.0,440.05,440.95,26249,12944,-5013,
2026-09-08 14:51:41,23641.75,2026-09-08,24150.0,CE,0.5,0.45,0.5,1327937,113824,3818,16.68
2026-09-08 14:51:41,23641.75,2026-09-08,24150.0,PE,490.0,488.7,490.5,6486,5466,-1921,
2026-09-08 14:52:41,23644.35,2026-09-08,23150.0,CE,513.5,510.0,512.05,273,100,71,29.42
2026-09-08 14:52:41,23644.35,2026-09-08,23150.0,PE,0.25,0.25,0.3,846843,62085,35059,15.51
2026-09-08 14:52:41,23644.35,2026-09-08,23200.0,CE,460.55,460.25,461.85,1657,476,313,26.71
2026-09-08 14:52:41,23644.35,2026-09-08,23200.0,PE,0.35,0.3,0.35,838013,134477,74794,14.63
2026-09-08 14:52:41,23644.35,2026-09-08,23250.0,CE,415.15,409.8,412.2,1828,446,416,25.62
2026-09-08 14:52:41,23644.35,2026-09-08,23250.0,PE,0.4,0.4,0.45,484709,64089,26636,13.38
2026-09-08 14:52:41,23644.35,2026-09-08,23300.0,CE,361.45,361.7,363.3,9366,1184,859,21.8
2026-09-08 14:52:41,23644.35,2026-09-08,23300.0,PE,0.5,0.5,0.55,1066583,150400,79225,12.22
2026-09-08 14:52:41,23644.35,2026-09-08,23350.0,CE,312.7,311.4,312.7,9581,1093,883,21.08
2026-09-08 14:52:41,23644.35,2026-09-08,23350.0,PE,0.7,0.7,0.75,737253,71156,33810,11.16
2026-09-08 14:52:41,23644.35,2026-09-08,23400.0,CE,262.25,261.35,262.15,66801,4647,3751,17.3
2026-09-08 14:52:41,23644.35,2026-09-08,23400.0,PE,1.05,1.0,1.05,1786234,157691,85599,10.14
2026-09-08 14:52:41,23644.35,2026-09-08,23450.0,CE,211.95,211.6,212.1,96781,4889,4290,14.85
2026-09-08 14:52:41,23644.35,2026-09-08,23450.0,PE,1.45,1.45,1.5,2838297,160404,92297,8.82
2026-09-08 14:52:41,23644.35,2026-09-08,23500.0,CE,163.8,163.5,163.9,794809,39598,34373,12.96
2026-09-08 14:52:41,23644.35,2026-09-08,23500.0,PE,3.05,3.05,3.1,6197493,284183,114005,8.24
2026-09-08 14:52:41,23644.35,2026-09-08,23550.0,CE,117.45,117.25,117.4,1085502,38671,36828,11.02
2026-09-08 14:52:41,23644.35,2026-09-08,23550.0,PE,6.65,6.6,6.65,9037837,306029,234780,7.55
2026-09-08 14:52:41,23644.35,2026-09-08,23600.0,CE,75.1,75.1,75.25,5361187,198929,189153,9.63
2026-09-08 14:52:41,23644.35,2026-09-08,23600.0,PE,15.45,15.4,15.45,18461599,607616,453629,7.09
2026-09-08 14:52:41,23644.35,2026-09-08,23650.0,CE,42.4,42.4,42.45,11251407,465722,454226,8.69
2026-09-08 14:52:41,23644.35,2026-09-08,23650.0,PE,32.35,32.25,32.35,21716380,497896,380019,6.52
2026-09-08 14:52:41,23644.35,2026-09-08,23700.0,CE,21.65,21.55,21.65,20078741,674590,629349,8.51
2026-09-08 14:52:41,23644.35,2026-09-08,23700.0,PE,60.25,60.1,60.25,17979995,277752,132071,5.88
2026-09-08 14:52:41,23644.35,2026-09-08,23750.0,CE,9.85,9.8,9.85,11111196,428794,347286,8.6
2026-09-08 14:52:41,23644.35,2026-09-08,23750.0,PE,99.6,99.45,99.7,5871010,86900,-24272,
2026-09-08 14:52:41,23644.35,2026-09-08,23800.0,CE,4.7,4.65,4.7,10520894,475155,211848,9.05
2026-09-08 14:52:41,23644.35,2026-09-08,23800.0,PE,144.8,144.75,144.85,3538706,78635,-65230,
2026-09-08 14:52:41,23644.35,2026-09-08,23850.0,CE,2.55,2.5,2.55,5090675,235756,51270,9.82
2026-09-08 14:52:41,23644.35,2026-09-08,23850.0,PE,191.35,191.45,191.65,875388,29369,-24292,
2026-09-08 14:52:41,23644.35,2026-09-08,23900.0,CE,1.55,1.55,1.6,5228293,244721,-16788,10.74
2026-09-08 14:52:41,23644.35,2026-09-08,23900.0,PE,240.5,240.4,240.9,581500,26784,-27597,
2026-09-08 14:52:41,23644.35,2026-09-08,23950.0,CE,1.1,1.1,1.15,3191774,171719,13223,11.85
2026-09-08 14:52:41,23644.35,2026-09-08,23950.0,PE,291.0,291.15,291.8,108003,13151,-13730,
2026-09-08 14:52:41,23644.35,2026-09-08,24000.0,CE,0.85,0.85,0.9,3335506,321452,-3904,12.91
2026-09-08 14:52:41,23644.35,2026-09-08,24000.0,PE,339.65,339.65,340.7,176703,35233,-25401,
2026-09-08 14:52:41,23644.35,2026-09-08,24050.0,CE,0.65,0.6,0.65,1616748,132906,-18534,13.82
2026-09-08 14:52:41,23644.35,2026-09-08,24050.0,PE,390.0,388.75,390.0,17630,6274,-3647,
2026-09-08 14:52:41,23644.35,2026-09-08,24100.0,CE,0.55,0.5,0.55,1880922,171241,-51615,14.97
2026-09-08 14:52:41,23644.35,2026-09-08,24100.0,PE,440.35,440.0,441.0,26317,12943,-5014,
2026-09-08 14:52:41,23644.35,2026-09-08,24150.0,CE,0.5,0.45,0.5,1329839,113115,3109,16.4
2026-09-08 14:52:41,23644.35,2026-09-08,24150.0,PE,492.1,488.9,490.0,6498,5462,-1925,
2026-09-08 14:53:41,23640.4,2026-09-08,23150.0,CE,513.5,511.4,513.4,273,100,71,29.42
2026-09-08 14:53:41,23640.4,2026-09-08,23150.0,PE,0.25,0.25,0.3,853680,62085,35059,15.51
2026-09-08 14:53:41,23640.4,2026-09-08,23200.0,CE,463.1,461.9,463.75,1659,476,313,26.71
2026-09-08 14:53:41,23640.4,2026-09-08,23200.0,PE,0.35,0.3,0.35,839178,134477,74794,14.63
2026-09-08 14:53:41,23640.4,2026-09-08,23250.0,CE,412.7,412.15,414.0,1832,446,416,25.62
2026-09-08 14:53:41,23640.4,2026-09-08,23250.0,PE,0.4,0.4,0.45,484950,64089,26636,13.38
2026-09-08 14:53:41,23640.4,2026-09-08,23300.0,CE,362.0,362.1,363.35,9372,1184,859,21.8
2026-09-08 14:53:41,23640.4,2026-09-08,23300.0,PE,0.5,0.5,0.55,1067711,150400,79225,12.22
2026-09-08 14:53:41,23640.4,2026-09-08,23350.0,CE,312.75,312.75,313.95,9583,1093,883,21.08
2026-09-08 14:53:41,23640.4,2026-09-08,23350.0,PE,0.65,0.65,0.7,739832,71156,33810,11.16
2026-09-08 14:53:41,23640.4,2026-09-08,23400.0,CE,264.0,263.25,264.0,66820,4647,3751,17.3
2026-09-08 14:53:41,23640.4,2026-09-08,23400.0,PE,1.0,1.0,1.05,1787164,157691,85599,10.14
2026-09-08 14:53:41,23640.4,2026-09-08,23450.0,CE,213.95,213.85,214.45,96877,4889,4290,14.85
2026-09-08 14:53:41,23640.4,2026-09-08,23450.0,PE,1.45,1.4,1.45,2844671,160404,92297,8.82
2026-09-08 14:53:41,23640.4,2026-09-08,23500.0,CE,165.3,165.15,165.55,795316,39598,34373,12.96
2026-09-08 14:53:41,23640.4,2026-09-08,23500.0,PE,3.0,2.95,3.0,6208853,284183,114005,8.24
2026-09-08 14:53:41,23640.4,2026-09-08,23550.0,CE,119.0,119.0,119.3,1086477,38671,36828,11.02
2026-09-08 14:53:41,23640.4,2026-09-08,23550.0,PE,6.45,6.45,6.5,9053829,306029,234780,7.55
2026-09-08 14:53:41,23640.4,2026-09-08,23600.0,CE,76.8,76.7,76.9,5366447,198929,189153,9.63
2026-09-08 14:53:41,23640.4,2026-09-08,23600.0,PE,15.1,15.0,15.05,18485492,607616,453629,7.09
2026-09-08 14:53:41,23640.4,2026-09-08,23650.0,CE,43.65,43.65,43.75,11260939,465722,454226,8.69
2026-09-08 14:53:41,23640.4,2026-09-08,23650.0,PE,31.65,31.55,31.65,21733928,497896,380019,6.52
2026-09-08 14:53:41,23640.4,2026-09-08,23700.0,CE,22.1,22.05,22.1,20095115,674590,629349,8.51
2026-09-08 14:53:41,23640.4,2026-09-08,23700.0,PE,59.55,59.6,59.7,17985727,277752,132071,5.88
2026-09-08 14:53:41,23640.4,2026-09-08,23750.0,CE,10.2,10.2,10.25,11119114,428794,347286,8.6
2026-09-08 14:53:41,23640.4,2026-09-08,23750.0,PE,98.1,97.9,98.15,5873133,86900,-24272,
2026-09-08 14:53:41,23640.4,2026-09-08,23800.0,CE,4.85,4.8,4.85,10529817,475155,211848,9.05
2026-09-08 14:53:41,23640.4,2026-09-08,23800.0,PE,143.0,142.75,143.1,3540558,78635,-65230,
2026-09-08 14:53:41,23640.4,2026-09-08,23850.0,CE,2.6,2.6,2.65,5099360,235756,51270,9.82
2026-09-08 14:53:41,23640.4,2026-09-08,23850.0,PE,190.0,189.6,189.95,875685,29369,-24292,
2026-09-08 14:53:41,23640.4,2026-09-08,23900.0,CE,1.6,1.55,1.6,5237032,244721,-16788,10.74
2026-09-08 14:53:41,23640.4,2026-09-08,23900.0,PE,238.7,238.4,239.05,581753,26784,-27597,
2026-09-08 14:53:41,23640.4,2026-09-08,23950.0,CE,1.1,1.1,1.15,3196325,171719,13223,11.85
2026-09-08 14:53:41,23640.4,2026-09-08,23950.0,PE,289.35,288.8,289.55,108041,13151,-13730,
2026-09-08 14:53:41,23640.4,2026-09-08,24000.0,CE,0.9,0.85,0.9,3339472,321452,-3904,12.91
2026-09-08 14:53:41,23640.4,2026-09-08,24000.0,PE,338.75,337.65,338.75,176781,35233,-25401,
2026-09-08 14:53:41,23640.4,2026-09-08,24050.0,CE,0.6,0.6,0.65,1617118,132906,-18534,13.82
2026-09-08 14:53:41,23640.4,2026-09-08,24050.0,PE,388.25,387.55,388.8,17642,6274,-3647,
2026-09-08 14:53:41,23640.4,2026-09-08,24100.0,CE,0.55,0.5,0.55,1881379,171241,-51615,14.97
2026-09-08 14:53:41,23640.4,2026-09-08,24100.0,PE,439.0,438.3,439.35,26373,12943,-5014,
2026-09-08 14:53:41,23640.4,2026-09-08,24150.0,CE,0.45,0.4,0.45,1335464,113115,3109,16.4
2026-09-08 14:53:41,23640.4,2026-09-08,24150.0,PE,488.15,487.05,489.05,6500,5462,-1925,
2026-09-08 14:54:42,23638.25,2026-09-08,23150.0,CE,513.5,507.1,509.2,273,100,71,29.99
2026-09-08 14:54:42,23638.25,2026-09-08,23150.0,PE,0.25,0.25,0.3,855488,59466,32440,15.47
2026-09-08 14:54:42,23638.25,2026-09-08,23200.0,CE,456.55,457.3,458.9,1666,477,314,26.23
2026-09-08 14:54:42,23638.25,2026-09-08,23200.0,PE,0.35,0.3,0.35,848004,130207,70524,14.6
2026-09-08 14:54:42,23638.25,2026-09-08,23250.0,CE,407.65,407.2,409.15,1835,446,416,26.11
2026-09-08 14:54:42,23638.25,2026-09-08,23250.0,PE,0.45,0.4,0.45,485948,63980,26527,13.34
2026-09-08 14:54:42,23638.25,2026-09-08,23300.0,CE,358.45,357.25,358.55,9428,1199,874,21.65
2026-09-08 14:54:42,23638.25,2026-09-08,23300.0,PE,0.45,0.45,0.5,1083030,149370,78195,12.18
2026-09-08 14:54:42,23638.25,2026-09-08,23350.0,CE,308.8,307.8,308.95,9671,1091,881,20.12
2026-09-08 14:54:42,23638.25,2026-09-08,23350.0,PE,0.65,0.65,0.7,746080,71333,33987,11.13
2026-09-08 14:54:42,23638.25,2026-09-08,23400.0,CE,258.4,258.25,259.0,67306,4649,3753,17.4
2026-09-08 14:54:42,23638.25,2026-09-08,23400.0,PE,1.05,1.0,1.05,1798470,163274,91182,10.1
2026-09-08 14:54:42,23638.25,2026-09-08,23450.0,CE,209.6,209.15,209.65,97570,4962,4363,14.99
2026-09-08 14:54:42,23638.25,2026-09-08,23450.0,PE,1.5,1.5,1.55,2897237,162117,94010,8.88
2026-09-08 14:54:42,23638.25,2026-09-08,23500.0,CE,161.25,160.9,161.3,801080,39943,34718,12.94
2026-09-08 14:54:42,23638.25,2026-09-08,23500.0,PE,3.35,3.3,3.35,6271470,286439,116261,8.22
2026-09-08 14:54:42,23638.25,2026-09-08,23550.0,CE,115.0,114.85,115.0,1097070,38090,36247,10.98
2026-09-08 14:54:42,23638.25,2026-09-08,23550.0,PE,7.25,7.2,7.25,9201693,312596,241347,7.56
2026-09-08 14:54:42,23638.25,2026-09-08,23600.0,CE,73.45,73.3,73.45,5427833,194606,184830,9.65
2026-09-08 14:54:42,23638.25,2026-09-08,23600.0,PE,16.25,16.2,16.25,18710408,603233,449246,7.07
2026-09-08 14:54:42,23638.25,2026-09-08,23650.0,CE,40.5,40.5,40.65,11382724,454113,442617,8.81
2026-09-08 14:54:42,23638.25,2026-09-08,23650.0,PE,33.55,33.5,33.55,21934665,486744,368867,6.51
2026-09-08 14:54:42,23638.25,2026-09-08,23700.0,CE,19.9,19.85,19.9,20278002,658004,612763,8.53
2026-09-08 14:54:42,23638.25,2026-09-08,23700.0,PE,62.55,62.35,62.55,18088261,267984,122303,5.79
2026-09-08 14:54:42,23638.25,2026-09-08,23750.0,CE,8.85,8.85,8.9,11234403,412706,331198,8.66
2026-09-08 14:54:42,23638.25,2026-09-08,23750.0,PE,101.7,101.45,101.7,5898315,81753,-29419,
2026-09-08 14:54:42,23638.25,2026-09-08,23800.0,CE,4.15,4.1,4.15,10640581,458708,195401,9.1
2026-09-08 14:54:42,23638.25,2026-09-08,23800.0,PE,147.1,146.85,147.2,3554340,76218,-67647,
2026-09-08 14:54:42,23638.25,2026-09-08,23850.0,CE,2.25,2.2,2.25,5161909,228616,44130,9.87
2026-09-08 14:54:42,23638.25,2026-09-08,23850.0,PE,194.0,194.0,194.5,878230,29260,-24401,
2026-09-08 14:54:42,23638.25,2026-09-08,23900.0,CE,1.4,1.4,1.45,5317005,242815,-18694,10.79
2026-09-08 14:54:42,23638.25,2026-09-08,23900.0,PE,243.1,243.15,243.8,583788,26183,-28198,
2026-09-08 14:54:42,23638.25,2026-09-08,23950.0,CE,1.0,1.0,1.05,3221388,169690,11194,11.89
2026-09-08 14:54:42,23638.25,2026-09-08,23950.0,PE,294.0,293.35,294.0,108401,13077,-13804,
2026-09-08 14:54:42,23638.25,2026-09-08,24000.0,CE,0.8,0.8,0.85,3356493,320335,-5021,12.95
2026-09-08 14:54:42,23638.25,2026-09-08,24000.0,PE,343.5,342.7,343.65,177306,35098,-25536,
2026-09-08 14:54:42,23638.25,2026-09-08,24050.0,CE,0.6,0.6,0.65,1623446,131587,-19853,13.86
2026-09-08 14:54:42,23638.25,2026-09-08,24050.0,PE,394.0,392.3,393.5,17739,6242,-3679,
2026-09-08 14:54:42,23638.25,2026-09-08,24100.0,CE,0.5,0.5,0.55,1892158,168750,-54106,15.18
2026-09-08 14:54:42,23638.25,2026-09-08,24100.0,PE,444.1,442.95,444.2,26425,12923,-5034,
2026-09-08 14:54:42,23638.25,2026-09-08,24150.0,CE,0.4,0.4,0.45,1340636,107299,-2707,16.44
2026-09-08 14:54:42,23638.25,2026-09-08,24150.0,PE,494.25,491.5,493.5,6523,5456,-1931,
2026-09-08 14:55:42,23645.9,2026-09-08,23150.0,CE,513.5,515.55,518.0,273,100,71,29.42
2026-09-08 14:55:42,23645.9,2026-09-08,23150.0,PE,0.25,0.25,0.3,856379,59465,32439,15.51
2026-09-08 14:55:42,23645.9,2026-09-08,23200.0,CE,456.55,465.9,468.1,1666,477,314,26.71
2026-09-08 14:55:42,23645.9,2026-09-08,23200.0,PE,0.3,0.3,0.35,851810,130673,70990,14.63
2026-09-08 14:55:42,23645.9,2026-09-08,23250.0,CE,409.95,416.1,418.7,1846,447,417,25.62
2026-09-08 14:55:42,23645.9,2026-09-08,23250.0,PE,0.35,0.35,0.4,487893,63729,26276,13.38
2026-09-08 14:55:42,23645.9,2026-09-08,23300.0,CE,367.05,366.4,367.75,9457,1196,871,21.8
2026-09-08 14:55:42,23645.9,2026-09-08,23300.0,PE,0.4,0.4,0.45,1089105,147582,76407,12.22
2026-09-08 14:55:42,23645.9,2026-09-08,23350.0,CE,315.15,316.25,317.4,9708,1085,875,21.08
2026-09-08 14:55:42,23645.9,2026-09-08,23350.0,PE,0.6,0.6,0.65,753368,71634,34288,11.16
2026-09-08 14:55:42,23645.9,2026-09-08,23400.0,CE,267.45,267.6,268.0,67657,4638,3742,17.3
2026-09-08 14:55:42,23645.9,2026-09-08,23400.0,PE,0.9,0.85,0.9,1837278,158973,86881,10.14
2026-09-08 14:55:42,23645.9,2026-09-08,23450.0,CE,218.0,217.9,218.0,98075,4982,4383,14.85
2026-09-08 14:55:42,23645.9,2026-09-08,23450.0,PE,1.3,1.25,1.3,2929478,162353,94246,8.82
2026-09-08 14:55:42,23645.9,2026-09-08,23500.0,CE,169.7,168.95,169.45,806725,39173,33948,12.96
2026-09-08 14:55:42,23645.9,2026-09-08,23500.0,PE,2.7,2.7,2.75,6320944,287711,117533,8.24
2026-09-08 14:55:42,23645.9,2026-09-08,23550.0,CE,122.5,122.35,122.65,1103659,37756,35913,11.02
2026-09-08 14:55:42,23645.9,2026-09-08,23550.0,PE,6.0,5.95,6.0,9294948,308184,236935,7.55
2026-09-08 14:55:42,23645.9,2026-09-08,23600.0,CE,80.1,80.1,80.25,5466545,193572,183796,9.63
2026-09-08 14:55:42,23645.9,2026-09-08,23600.0,PE,13.85,13.8,13.85,18876282,579454,425467,7.09
2026-09-08 14:55:42,23645.9,2026-09-08,23650.0,CE,45.9,45.8,45.95,11463605,452087,440591,8.69
2026-09-08 14:55:42,23645.9,2026-09-08,23650.0,PE,29.7,29.65,29.7,22077330,475090,357213,6.52
2026-09-08 14:55:42,23645.9,2026-09-08,23700.0,CE,23.1,23.1,23.2,20391159,657806,612565,8.51
2026-09-08 14:55:42,23645.9,2026-09-08,23700.0,PE,57.0,56.8,57.0,18158529,257604,111923,5.88
2026-09-08 14:55:42,23645.9,2026-09-08,23750.0,CE,10.7,10.65,10.7,11289437,410803,329295,8.6
2026-09-08 14:55:42,23645.9,2026-09-08,23750.0,PE,94.45,94.25,94.4,5916191,81325,-29847,
2026-09-08 14:55:42,23645.9,2026-09-08,23800.0,CE,5.0,4.95,5.0,10690468,453601,190294,9.05
2026-09-08 14:55:42,23645.9,2026-09-08,23800.0,PE,138.9,138.6,138.9,3561248,75474,-68391,
2026-09-08 14:55:42,23645.9,2026-09-08,23850.0,CE,2.65,2.6,2.65,5197177,224354,39868,9.82
2026-09-08 14:55:42,23645.9,2026-09-08,23850.0,PE,186.95,186.4,186.9,879904,29180,-24481,
2026-09-08 14:55:42,23645.9,2026-09-08,23900.0,CE,1.6,1.55,1.6,5374153,238141,-23368,10.74
2026-09-08 14:55:42,23645.9,2026-09-08,23900.0,PE,234.9,234.55,235.2,585463,25901,-28480,
2026-09-08 14:55:42,23645.9,2026-09-08,23950.0,CE,1.1,1.1,1.15,3255835,169097,10601,11.85
2026-09-08 14:55:42,23645.9,2026-09-08,23950.0,PE,285.2,284.4,285.2,108568,13061,-13820,
2026-09-08 14:55:42,23645.9,2026-09-08,24000.0,CE,0.85,0.8,0.85,3373484,317033,-8323,12.91
2026-09-08 14:55:42,23645.9,2026-09-08,24000.0,PE,335.0,333.65,334.8,177754,34892,-25742,
2026-09-08 14:55:42,23645.9,2026-09-08,24050.0,CE,0.6,0.6,0.65,1633132,129541,-21899,13.82
2026-09-08 14:55:42,23645.9,2026-09-08,24050.0,PE,384.5,383.9,385.3,17793,6242,-3679,
2026-09-08 14:55:42,23645.9,2026-09-08,24100.0,CE,0.5,0.45,0.5,1898778,169277,-53579,14.97
2026-09-08 14:55:42,23645.9,2026-09-08,24100.0,PE,435.45,433.45,434.7,26547,12869,-5088,
2026-09-08 14:55:42,23645.9,2026-09-08,24150.0,CE,0.4,0.4,0.45,1344042,107254,-2752,16.4
2026-09-08 14:55:42,23645.9,2026-09-08,24150.0,PE,485.0,482.9,484.85,6530,5456,-1931,
2026-09-08 14:56:42,23645.0,2026-09-08,23150.0,CE,513.5,511.7,513.9,273,100,71,29.42
2026-09-08 14:56:42,23645.0,2026-09-08,23150.0,PE,0.3,0.25,0.3,858218,59465,32439,15.51
2026-09-08 14:56:42,23645.0,2026-09-08,23200.0,CE,464.0,461.9,463.4,1672,478,315,26.71
2026-09-08 14:56:42,23645.0,2026-09-08,23200.0,PE,0.35,0.3,0.35,853118,130673,70990,14.63
2026-09-08 14:56:42,23645.0,2026-09-08,23250.0,CE,409.95,411.7,413.15,1846,447,417,25.62
2026-09-08 14:56:42,23645.0,2026-09-08,23250.0,PE,0.35,0.35,0.4,488763,63729,26276,13.38
2026-09-08 14:56:42,23645.0,2026-09-08,23300.0,CE,363.75,361.85,363.15,9463,1196,871,21.8
2026-09-08 14:56:42,23645.0,2026-09-08,23300.0,PE,0.4,0.4,0.45,1090677,147582,76407,12.22
2026-09-08 14:56:42,23645.0,2026-09-08,23350.0,CE,313.3,312.45,313.5,9724,1085,875,21.08
2026-09-08 14:56:42,23645.0,2026-09-08,23350.0,PE,0.6,0.6,0.65,753939,71634,34288,11.16
2026-09-08 14:56:42,23645.0,2026-09-08,23400.0,CE,263.65,262.9,263.8,67839,4638,3742,17.3
2026-09-08 14:56:42,23645.0,2026-09-08,23400.0,PE,0.85,0.85,0.9,1839980,158973,86881,10.14
2026-09-08 14:56:42,23645.0,2026-09-08,23450.0,CE,213.85,213.65,214.15,98490,4982,4383,14.85
2026-09-08 14:56:42,23645.0,2026-09-08,23450.0,PE,1.35,1.35,1.4,2947019,162353,94246,8.82
2026-09-08 14:56:42,23645.0,2026-09-08,23500.0,CE,165.3,165.1,165.55,808312,39173,33948,12.96
2026-09-08 14:56:42,23645.0,2026-09-08,23500.0,PE,2.95,2.9,2.95,6344764,287711,117533,8.24
2026-09-08 14:56:42,23645.0,2026-09-08,23550.0,CE,118.9,118.65,118.95,1107100,37756,35913,11.02
2026-09-08 14:56:42,23645.0,2026-09-08,23550.0,PE,6.45,6.4,6.45,9332170,308184,236935,7.55
2026-09-08 14:56:42,23645.0,2026-09-08,23600.0,CE,76.8,76.6,76.85,5489900,193572,183796,9.63
2026-09-08 14:56:42,23645.0,2026-09-08,23600.0,PE,15.15,15.05,15.15,18941676,579454,425467,7.09
2026-09-08 14:56:42,23645.0,2026-09-08,23650.0,CE,43.45,43.35,43.5,11516869,452087,440591,8.69
2026-09-08 14:56:42,23645.0,2026-09-08,23650.0,PE,31.65,31.6,31.65,22139493,475090,357213,6.52
2026-09-08 14:56:42,23645.0,2026-09-08,23700.0,CE,21.85,21.7,21.75,20460352,657806,612565,8.51
2026-09-08 14:56:42,23645.0,2026-09-08,23700.0,PE,59.5,59.5,59.65,18190361,257604,111923,5.88
2026-09-08 14:56:42,23645.0,2026-09-08,23750.0,CE,9.9,9.85,9.9,11327222,410803,329295,8.6
2026-09-08 14:56:42,23645.0,2026-09-08,23750.0,PE,98.1,97.85,98.15,5927057,81325,-29847,
2026-09-08 14:56:42,23645.0,2026-09-08,23800.0,CE,4.6,4.55,4.6,10724337,453601,190294,9.05
2026-09-08 14:56:42,23645.0,2026-09-08,23800.0,PE,142.9,142.55,142.75,3565298,75474,-68391,
2026-09-08 14:56:42,23645.0,2026-09-08,23850.0,CE,2.45,2.4,2.45,5219536,224354,39868,9.82
2026-09-08 14:56:42,23645.0,2026-09-08,23850.0,PE,189.65,189.6,190.0,881239,29180,-24481,
2026-09-08 14:56:42,23645.0,2026-09-08,23900.0,CE,1.45,1.45,1.5,5410452,238141,-23368,10.74
2026-09-08 14:56:42,23645.0,2026-09-08,23900.0,PE,238.8,238.6,239.15,586522,25901,-28480,
2026-09-08 14:56:42,23645.0,2026-09-08,23950.0,CE,1.05,1.0,1.05,3279578,169097,10601,11.85
2026-09-08 14:56:42,23645.0,2026-09-08,23950.0,PE,289.0,289.0,289.75,108657,13061,-13820,
2026-09-08 14:56:42,23645.0,2026-09-08,24000.0,CE,0.8,0.8,0.85,3380225,317033,-8323,12.91
2026-09-08 14:56:42,23645.0,2026-09-08,24000.0,PE,337.9,338.0,339.0,177872,34892,-25742,
2026-09-08 14:56:42,23645.0,2026-09-08,24050.0,CE,0.6,0.6,0.65,1634468,129541,-21899,13.82
2026-09-08 14:56:42,23645.0,2026-09-08,24050.0,PE,388.0,387.7,388.85,17797,6224,-3697,
2026-09-08 14:56:42,23645.0,2026-09-08,24100.0,CE,0.5,0.45,0.5,1905418,169277,-53579,14.97
2026-09-08 14:56:42,23645.0,2026-09-08,24100.0,PE,438.25,438.15,439.0,26574,12869,-5088,
2026-09-08 14:56:42,23645.0,2026-09-08,24150.0,CE,0.45,0.4,0.45,1346603,107254,-2752,16.4
2026-09-08 14:56:42,23645.0,2026-09-08,24150.0,PE,488.0,487.45,488.95,6533,5454,-1933,
2026-09-08 14:57:42,23639.3,2026-09-08,23150.0,CE,509.1,508.9,510.8,314,103,74,29.42
2026-09-08 14:57:42,23639.3,2026-09-08,23150.0,PE,0.25,0.25,0.3,859349,59410,32384,15.51
2026-09-08 14:57:42,23639.3,2026-09-08,23200.0,CE,462.15,459.0,460.95,1678,478,315,26.71
2026-09-08 14:57:42,23639.3,2026-09-08,23200.0,PE,0.35,0.3,0.35,856273,130675,70992,14.63
2026-09-08 14:57:42,23639.3,2026-09-08,23250.0,CE,413.75,410.25,411.8,1850,446,416,25.62
2026-09-08 14:57:42,23639.3,2026-09-08,23250.0,PE,0.4,0.35,0.4,489119,63706,26253,13.38
2026-09-08 14:57:42,23639.3,2026-09-08,23300.0,CE,360.65,360.0,360.45,9476,1213,888,21.8
2026-09-08 14:57:42,23639.3,2026-09-08,23300.0,PE,0.4,0.4,0.45,1092293,147609,76434,12.22
2026-09-08 14:57:42,23639.3,2026-09-08,23350.0,CE,312.1,309.9,311.2,9751,1061,851,21.08
2026-09-08 14:57:42,23639.3,2026-09-08,23350.0,PE,0.65,0.6,0.65,754617,71855,34509,11.16
2026-09-08 14:57:42,23639.3,2026-09-08,23400.0,CE,262.0,260.8,261.7,67921,4581,3685,17.3
2026-09-08 14:57:42,23639.3,2026-09-08,23400.0,PE,0.9,0.85,0.9,1841762,156857,84765,10.14
2026-09-08 14:57:42,23639.3,2026-09-08,23450.0,CE,211.3,211.45,212.0,98722,4949,4350,14.85
2026-09-08 14:57:42,23639.3,2026-09-08,23450.0,PE,1.4,1.4,1.45,2953001,160282,92175,8.82
2026-09-08 14:57:42,23639.3,2026-09-08,23500.0,CE,162.8,162.5,162.85,809388,39378,34153,12.96
2026-09-08 14:57:42,23639.3,2026-09-08,23500.0,PE,3.15,3.1,3.15,6356338,283746,113568,8.24
2026-09-08 14:57:42,23639.3,2026-09-08,23550.0,CE,116.45,116.3,116.6,1108686,38189,36346,11.02
2026-09-08 14:57:42,23639.3,2026-09-08,23550.0,PE,6.8,6.8,6.85,9355084,307218,235969,7.55
2026-09-08 14:57:42,23639.3,2026-09-08,23600.0,CE,74.0,74.05,74.2,5499338,196353,186577,9.63
2026-09-08 14:57:42,23639.3,2026-09-08,23600.0,PE,15.75,15.75,15.8,18979954,584832,430845,7.09
2026-09-08 14:57:42,23639.3,2026-09-08,23650.0,CE,41.85,41.75,41.85,11540441,453294,441798,8.69
2026-09-08 14:57:42,23639.3,2026-09-08,23650.0,PE,32.7,32.65,32.8,22171644,475084,357207,6.52
2026-09-08 14:57:42,23639.3,2026-09-08,23700.0,CE,20.85,20.75,20.85,20495027,665545,620304,8.51
2026-09-08 14:57:42,23639.3,2026-09-08,23700.0,PE,61.0,61.0,61.1,18205860,255879,110198,5.88
2026-09-08 14:57:42,23639.3,2026-09-08,23750.0,CE,9.5,9.5,9.55,11346770,415870,334362,8.6
2026-09-08 14:57:42,23639.3,2026-09-08,23750.0,PE,99.75,99.5,99.75,5930689,82281,-28891,
2026-09-08 14:57:42,23639.3,2026-09-08,23800.0,CE,4.5,4.45,4.5,10742092,456667,193360,9.05
2026-09-08 14:57:42,23639.3,2026-09-08,23800.0,PE,144.4,144.4,144.8,3566866,75042,-68823,
2026-09-08 14:57:42,23639.3,2026-09-08,23850.0,CE,2.35,2.35,2.4,5233491,226419,41933,9.82
2026-09-08 14:57:42,23639.3,2026-09-08,23850.0,PE,191.75,192.4,192.75,881596,29037,-24624,
2026-09-08 14:57:42,23639.3,2026-09-08,23900.0,CE,1.4,1.4,1.45,5436161,239385,-22124,10.74
2026-09-08 14:57:42,23639.3,2026-09-08,23900.0,PE,240.35,241.4,242.0,586994,25952,-28429,
2026-09-08 14:57:42,23639.3,2026-09-08,23950.0,CE,1.0,1.0,1.05,3289498,161353,2857,11.85
2026-09-08 14:57:42,23639.3,2026-09-08,23950.0,PE,292.0,292.15,292.55,108791,13054,-13827,
2026-09-08 14:57:42,23639.3,2026-09-08,24000.0,CE,0.8,0.8,0.85,3391572,314249,-11107,12.91
2026-09-08 14:57:42,23639.3,2026-09-08,24000.0,PE,341.9,340.65,341.65,178204,34858,-25776,
2026-09-08 14:57:42,23639.3,2026-09-08,24050.0,CE,0.55,0.55,0.6,1636511,129095,-22345,13.82
2026-09-08 14:57:42,23639.3,2026-09-08,24050.0,PE,390.05,390.45,391.85,17834,6220,-3701,
2026-09-08 14:57:42,23639.3,2026-09-08,24100.0,CE,0.5,0.45,0.5,1908156,167383,-55473,14.97
2026-09-08 14:57:42,23639.3,2026-09-08,24100.0,PE,440.0,440.85,441.8,26579,12852,-5105,
2026-09-08 14:57:42,23639.3,2026-09-08,24150.0,CE,0.4,0.4,0.45,1349915,106526,-3480,16.4
2026-09-08 14:57:42,23639.3,2026-09-08,24150.0,PE,490.0,489.95,491.75,6536,5454,-1933,
2026-09-08 14:59:43,23644.35,2026-09-08,23150.0,CE,509.6,513.6,516.95,338,129,100,29.42
2026-09-08 14:59:43,23644.35,2026-09-08,23150.0,PE,0.25,0.25,0.3,867993,58340,31314,15.51
2026-09-08 14:59:43,23644.35,2026-09-08,23200.0,CE,456.35,464.4,466.05,1679,483,320,26.71
2026-09-08 14:59:43,23644.35,2026-09-08,23200.0,PE,0.35,0.3,0.35,859752,127764,68081,14.63
2026-09-08 14:59:43,23644.35,2026-09-08,23250.0,CE,408.85,414.2,416.1,1851,446,416,25.62
2026-09-08 14:59:43,23644.35,2026-09-08,23250.0,PE,0.35,0.35,0.4,491333,63980,26527,13.38
2026-09-08 14:59:43,23644.35,2026-09-08,23300.0,CE,366.45,364.6,365.75,9506,1217,892,21.8
2026-09-08 14:59:43,23644.35,2026-09-08,23300.0,PE,0.35,0.35,0.4,1100994,145044,73869,12.22
2026-09-08 14:59:43,23644.35,2026-09-08,23350.0,CE,316.0,314.6,315.75,9774,1069,859,21.08
2026-09-08 14:59:43,23644.35,2026-09-08,23350.0,PE,0.65,0.6,0.65,756214,71951,34605,11.16
2026-09-08 14:59:43,23644.35,2026-09-08,23400.0,CE,266.1,265.15,266.0,68297,4636,3740,17.3
2026-09-08 14:59:43,23644.35,2026-09-08,23400.0,PE,0.85,0.85,0.9,1852115,157792,85700,10.14
2026-09-08 14:59:43,23644.35,2026-09-08,23450.0,CE,216.0,216.0,216.35,99385,4933,4334,14.85
2026-09-08 14:59:43,23644.35,2026-09-08,23450.0,PE,1.35,1.3,1.35,2987203,160152,92045,8.82
2026-09-08 14:59:43,23644.35,2026-09-08,23500.0,CE,167.3,167.3,167.65,813519,38597,33372,12.96
2026-09-08 14:59:43,23644.35,2026-09-08,23500.0,PE,2.85,2.85,2.9,6394018,285645,115467,8.24
2026-09-08 14:59:43,23644.35,2026-09-08,23550.0,CE,121.3,120.9,121.2,1114334,37995,36152,11.02
2026-09-08 14:59:43,23644.35,2026-09-08,23550.0,PE,6.3,6.25,6.3,9433913,306575,235326,7.55
2026-09-08 14:59:43,23644.35,2026-09-08,23600.0,CE,78.9,78.65,78.85,5529972,195850,186074,9.63
2026-09-08 14:59:43,23644.35,2026-09-08,23600.0,PE,14.55,14.5,14.55,19122287,581304,427317,7.09
2026-09-08 14:59:43,23644.35,2026-09-08,23650.0,CE,44.85,44.85,44.9,11610283,449681,438185,8.69
2026-09-08 14:59:43,23644.35,2026-09-08,23650.0,PE,30.75,30.65,30.75,22305874,468796,350919,6.52
2026-09-08 14:59:43,23644.35,2026-09-08,23700.0,CE,22.65,22.65,22.75,20595865,654913,609672,8.51
2026-09-08 14:59:43,23644.35,2026-09-08,23700.0,PE,58.25,58.05,58.2,18266743,253703,108022,5.88
2026-09-08 14:59:43,23644.35,2026-09-08,23750.0,CE,10.4,10.4,10.5,11398237,412213,330705,8.6
2026-09-08 14:59:43,23644.35,2026-09-08,23750.0,PE,96.2,96.0,96.25,5946440,79724,-31448,
2026-09-08 14:59:43,23644.35,2026-09-08,23800.0,CE,4.9,4.85,4.9,10784833,454064,190757,9.05
2026-09-08 14:59:43,23644.35,2026-09-08,23800.0,PE,140.8,140.45,140.85,3574050,74376,-69489,
2026-09-08 14:59:43,23644.35,2026-09-08,23850.0,CE,2.65,2.65,2.7,5258491,226070,41584,9.82
2026-09-08 14:59:43,23644.35,2026-09-08,23850.0,PE,187.95,187.5,188.0,883312,28915,-24746,
2026-09-08 14:59:43,23644.35,2026-09-08,23900.0,CE,1.6,1.6,1.65,5475002,241268,-20241,10.74
2026-09-08 14:59:43,23644.35,2026-09-08,23900.0,PE,236.8,236.25,236.9,587823,25866,-28515,
2026-09-08 14:59:43,23644.35,2026-09-08,23950.0,CE,1.1,1.1,1.15,3302350,158423,-73,11.85
2026-09-08 14:59:43,23644.35,2026-09-08,23950.0,PE,286.75,286.25,286.75,109167,12795,-14086,
2026-09-08 14:59:43,23644.35,2026-09-08,24000.0,CE,0.85,0.85,0.9,3410882,313776,-11580,12.91
2026-09-08 14:59:43,23644.35,2026-09-08,24000.0,PE,336.45,335.7,336.65,178658,34708,-25926,
2026-09-08 14:59:43,23644.35,2026-09-08,24050.0,CE,0.65,0.6,0.65,1642010,127072,-24368,13.82
2026-09-08 14:59:43,23644.35,2026-09-08,24050.0,PE,385.8,385.55,386.45,17936,6144,-3777,
2026-09-08 14:59:43,23644.35,2026-09-08,24100.0,CE,0.5,0.5,0.55,1914430,166136,-56720,14.97
2026-09-08 14:59:43,23644.35,2026-09-08,24100.0,PE,436.9,435.85,437.0,26631,12836,-5121,
2026-09-08 14:59:43,23644.35,2026-09-08,24150.0,CE,0.4,0.4,0.45,1353637,105017,-4989,16.4
2026-09-08 14:59:43,23644.35,2026-09-08,24150.0,PE,484.05,484.85,486.0,6542,5451,-1936,
2026-09-08 15:00:43,23646.3,2026-09-08,23150.0,CE,513.9,511.5,514.25,339,143,114,29.42
2026-09-08 15:00:43,23646.3,2026-09-08,23150.0,PE,0.25,0.25,0.3,868550,58498,31472,15.51
2026-09-08 15:00:43,23646.3,2026-09-08,23200.0,CE,456.35,462.0,463.9,1679,483,320,26.71
2026-09-08 15:00:43,23646.3,2026-09-08,23200.0,PE,0.35,0.3,0.35,862353,127931,68248,14.63
2026-09-08 15:00:43,23646.3,2026-09-08,23250.0,CE,408.85,411.85,413.65,1851,446,416,25.62
2026-09-08 15:00:43,23646.3,2026-09-08,23250.0,PE,0.35,0.35,0.4,492697,63837,26384,13.38
2026-09-08 15:00:43,23646.3,2026-09-08,23300.0,CE,362.6,362.0,362.85,9526,1219,894,21.8
2026-09-08 15:00:43,23646.3,2026-09-08,23300.0,PE,0.4,0.4,0.45,1114752,143227,72052,12.22
2026-09-08 15:00:43,23646.3,2026-09-08,23350.0,CE,313.95,311.9,313.15,9823,1041,831,21.08
2026-09-08 15:00:43,23646.3,2026-09-08,23350.0,PE,0.65,0.65,0.7,760980,71046,33700,11.16
2026-09-08 15:00:43,23646.3,2026-09-08,23400.0,CE,263.55,262.6,263.55,68510,4595,3699,17.3
2026-09-08 15:00:43,23646.3,2026-09-08,23400.0,PE,0.95,0.95,1.0,1864250,158992,86900,10.14
2026-09-08 15:00:43,23646.3,2026-09-08,23450.0,CE,213.4,214.15,214.85,99747,4903,4304,14.85
2026-09-08 15:00:43,23646.3,2026-09-08,23450.0,PE,1.5,1.45,1.5,3001950,159931,91824,8.82
2026-09-08 15:00:43,23646.3,2026-09-08,23500.0,CE,165.0,164.7,165.15,816142,38455,33230,12.96
2026-09-08 15:00:43,23646.3,2026-09-08,23500.0,PE,3.15,3.1,3.15,6430812,287191,117013,8.24
2026-09-08 15:00:43,23646.3,2026-09-08,23550.0,CE,118.4,118.55,118.85,1118797,38023,36180,11.02
2026-09-08 15:00:43,23646.3,2026-09-08,23550.0,PE,6.7,6.7,6.75,9492333,311191,239942,7.55
2026-09-08 15:00:43,23646.3,2026-09-08,23600.0,CE,77.0,76.8,77.0,5558002,195346,185570,9.63
2026-09-08 15:00:43,23646.3,2026-09-08,23600.0,PE,15.1,15.1,15.15,19217281,584338,430351,7.09
2026-09-08 15:00:43,23646.3,2026-09-08,23650.0,CE,43.4,43.3,43.4,11673485,448397,436901,8.69
2026-09-08 15:00:43,23646.3,2026-09-08,23650.0,PE,31.9,31.85,31.9,22392132,475780,357903,6.52
2026-09-08 15:00:43,23646.3,2026-09-08,23700.0,CE,21.85,21.8,21.85,20692097,656829,611588,8.51
2026-09-08 15:00:43,23646.3,2026-09-08,23700.0,PE,60.15,60.0,60.15,18305996,256206,110525,5.88
2026-09-08 15:00:43,23646.3,2026-09-08,23750.0,CE,10.15,10.1,10.15,11459089,414583,333075,8.6
2026-09-08 15:00:43,23646.3,2026-09-08,23750.0,PE,98.6,98.15,98.4,5957757,81787,-29385,
2026-09-08 15:00:43,23646.3,2026-09-08,23800.0,CE,4.9,4.9,4.95,10846328,456598,193291,9.05
2026-09-08 15:00:43,23646.3,2026-09-08,23800.0,PE,142.8,142.4,142.7,3579530,75154,-68711,
2026-09-08 15:00:43,23646.3,2026-09-08,23850.0,CE,2.7,2.7,2.75,5294028,229646,45160,9.82
2026-09-08 15:00:43,23646.3,2026-09-08,23850.0,PE,190.35,190.45,190.95,884294,28867,-24794,
2026-09-08 15:00:43,23646.3,2026-09-08,23900.0,CE,1.7,1.65,1.7,5518260,240297,-21212,10.74
2026-09-08 15:00:43,23646.3,2026-09-08,23900.0,PE,239.35,239.25,239.85,588618,25908,-28473,
2026-09-08 15:00:43,23646.3,2026-09-08,23950.0,CE,1.25,1.2,1.25,3335694,157194,-1302,11.85
2026-09-08 15:00:43,23646.3,2026-09-08,23950.0,PE,289.15,288.9,289.55,109585,12638,-14243,
2026-09-08 15:00:43,23646.3,2026-09-08,24000.0,CE,1.0,1.0,1.05,3449884,324756,-600,12.91
2026-09-08 15:00:43,23646.3,2026-09-08,24000.0,PE,337.85,338.35,339.0,178985,34734,-25900,
2026-09-08 15:00:43,23646.3,2026-09-08,24050.0,CE,0.75,0.75,0.8,1652608,128959,-22481,13.82
2026-09-08 15:00:43,23646.3,2026-09-08,24050.0,PE,388.65,388.9,389.0,18029,6083,-3838,
2026-09-08 15:00:43,23646.3,2026-09-08,24100.0,CE,0.6,0.6,0.65,1922433,165544,-57312,14.97
2026-09-08 15:00:43,23646.3,2026-09-08,24100.0,PE,438.35,438.25,439.0,27018,12732,-5225,
2026-09-08 15:00:43,23646.3,2026-09-08,24150.0,CE,0.5,0.5,0.55,1361831,104501,-5505,16.4
2026-09-08 15:00:43,23646.3,2026-09-08,24150.0,PE,488.55,487.6,489.0,6549,5449,-1938,
2026-09-08 15:01:43,23642.75,2026-09-08,23150.0,CE,513.9,509.0,513.5,339,143,114,31.33
2026-09-08 15:01:43,23642.75,2026-09-08,23150.0,PE,0.3,0.25,0.3,869302,58582,31556,15.4
2026-09-08 15:01:43,23642.75,2026-09-08,23200.0,CE,462.55,461.2,462.55,1680,482,319,25.14
2026-09-08 15:01:43,23642.75,2026-09-08,23200.0,PE,0.4,0.35,0.4,869573,128421,68738,14.53
2026-09-08 15:01:43,23642.75,2026-09-08,23250.0,CE,409.1,410.6,413.2,1852,446,416,24.24
2026-09-08 15:01:43,23642.75,2026-09-08,23250.0,PE,0.45,0.45,0.5,496064,63391,25938,13.06
2026-09-08 15:01:43,23642.75,2026-09-08,23300.0,CE,361.7,361.45,362.8,9544,1222,897,24.91
2026-09-08 15:01:43,23642.75,2026-09-08,23300.0,PE,0.6,0.6,0.65,1134376,140948,69773,11.94
2026-09-08 15:01:43,23642.75,2026-09-08,23350.0,CE,311.7,311.35,312.7,9845,1038,828,22.43
2026-09-08 15:01:43,23642.75,2026-09-08,23350.0,PE,0.75,0.7,0.75,765822,71435,34089,11.05
2026-09-08 15:01:43,23642.75,2026-09-08,23400.0,CE,262.05,262.1,262.9,68886,4593,3697,19.42
2026-09-08 15:01:43,23642.75,2026-09-08,23400.0,PE,1.0,1.0,1.05,1874546,159704,87612,9.86
2026-09-08 15:01:43,23642.75,2026-09-08,23450.0,CE,212.7,212.95,213.4,100051,4892,4293,16.77
2026-09-08 15:01:43,23642.75,2026-09-08,23450.0,PE,1.65,1.6,1.65,3022625,159767,91660,8.79
2026-09-08 15:01:43,23642.75,2026-09-08,23500.0,CE,164.8,164.3,164.8,817835,38432,33207,14.4
2026-09-08 15:01:43,23642.75,2026-09-08,23500.0,PE,3.2,3.2,3.25,6462019,286888,116710,8.02
2026-09-08 15:01:43,23642.75,2026-09-08,23550.0,CE,118.15,118.2,118.55,1122942,37599,35756,12.28
2026-09-08 15:01:43,23642.75,2026-09-08,23550.0,PE,6.9,6.9,6.95,9530948,309611,238362,7.29
2026-09-08 15:01:43,23642.75,2026-09-08,23600.0,CE,76.65,76.45,76.65,5579892,193072,183296,10.54
2026-09-08 15:01:43,23642.75,2026-09-08,23600.0,PE,15.65,15.6,15.65,19292236,587808,433821,6.7
2026-09-08 15:01:43,23642.75,2026-09-08,23650.0,CE,43.6,43.5,43.6,11732465,443567,432071,9.41
2026-09-08 15:01:43,23642.75,2026-09-08,23650.0,PE,32.6,32.5,32.6,22465548,475018,357141,5.95
2026-09-08 15:01:43,23642.75,2026-09-08,23700.0,CE,21.95,21.95,22.0,20768745,653348,608107,9.03
2026-09-08 15:01:43,23642.75,2026-09-08,23700.0,PE,60.75,60.7,60.8,18342640,255374,109693,4.57
2026-09-08 15:01:43,23642.75,2026-09-08,23750.0,CE,10.25,10.2,10.25,11506086,412419,330911,8.99
2026-09-08 15:01:43,23642.75,2026-09-08,23750.0,PE,99.05,98.9,99.15,5967489,81213,-29959,
2026-09-08 15:01:43,23642.75,2026-09-08,23800.0,CE,4.9,4.9,4.95,10892406,456688,193381,9.34
2026-09-08 15:01:43,23642.75,2026-09-08,23800.0,PE,143.8,143.8,144.2,3583817,74542,-69323,
2026-09-08 15:01:43,23642.75,2026-09-08,23850.0,CE,2.7,2.7,2.75,5327725,230343,45857,10.09
2026-09-08 15:01:43,23642.75,2026-09-08,23850.0,PE,191.3,190.8,191.2,885438,28865,-24796,
2026-09-08 15:01:43,23642.75,2026-09-08,23900.0,CE,1.7,1.7,1.75,5561966,239068,-22441,10.94
2026-09-08 15:01:43,23642.75,2026-09-08,23900.0,PE,240.0,240.0,240.3,589820,25887,-28494,
2026-09-08 15:01:43,23642.75,2026-09-08,23950.0,CE,1.3,1.25,1.3,3352914,154553,-3943,12.05
2026-09-08 15:01:43,23642.75,2026-09-08,23950.0,PE,290.45,289.7,290.3,110024,12498,-14383,
2026-09-08 15:01:43,23642.75,2026-09-08,24000.0,CE,1.05,1.0,1.05,3458045,323799,-1557,13.43
2026-09-08 15:01:43,23642.75,2026-09-08,24000.0,PE,339.0,338.85,339.85,179515,34685,-25949,
2026-09-08 15:01:43,23642.75,2026-09-08,24050.0,CE,0.7,0.7,0.75,1656527,128781,-22659,14.35
2026-09-08 15:01:43,23642.75,2026-09-08,24050.0,PE,389.95,389.0,389.95,18201,6033,-3888,
2026-09-08 15:01:43,23642.75,2026-09-08,24100.0,CE,0.6,0.6,0.65,1925344,165282,-57574,15.57
2026-09-08 15:01:43,23642.75,2026-09-08,24100.0,PE,441.35,439.25,440.6,27142,12701,-5256,
2026-09-08 15:01:43,23642.75,2026-09-08,24150.0,CE,0.5,0.5,0.55,1367455,103497,-6509,16.31
2026-09-08 15:01:43,23642.75,2026-09-08,24150.0,PE,491.6,488.1,489.85,6574,5445,-1942,
2026-09-08 15:02:43,23648.7,2026-09-08,23150.0,CE,513.9,517.65,521.05,339,143,114,28.72
2026-09-08 15:02:43,23648.7,2026-09-08,23150.0,PE,0.3,0.3,0.35,874575,56530,29504,15.86
2026-09-08 15:02:43,23648.7,2026-09-08,23200.0,CE,465.15,467.05,468.9,1687,481,318,25.75
2026-09-08 15:02:43,23648.7,2026-09-08,23200.0,PE,0.4,0.4,0.45,873166,128660,68977,14.91
2026-09-08 15:02:43,23648.7,2026-09-08,23250.0,CE,414.3,418.1,420.5,1854,446,416,21.5
2026-09-08 15:02:43,23648.7,2026-09-08,23250.0,PE,0.45,0.45,0.5,498330,63039,25586,13.43
2026-09-08 15:02:43,23648.7,2026-09-08,23300.0,CE,369.0,368.95,370.0,9563,1214,889,18.3
2026-09-08 15:02:43,23648.7,2026-09-08,23300.0,PE,0.6,0.6,0.65,1138924,144305,73130,12.27
2026-09-08 15:02:43,23648.7,2026-09-08,23350.0,CE,319.85,317.35,318.5,9900,1028,818,17.66
2026-09-08 15:02:43,23648.7,2026-09-08,23350.0,PE,0.7,0.7,0.75,767099,72071,34725,11.11
2026-09-08 15:02:43,23648.7,2026-09-08,23400.0,CE,270.0,269.7,270.45,69489,4669,3773,15.18
2026-09-08 15:02:43,23648.7,2026-09-08,23400.0,PE,1.05,1.05,1.1,1886711,159075,86983,10.12
2026-09-08 15:02:43,23648.7,2026-09-08,23450.0,CE,219.45,218.8,219.35,100471,4847,4248,13.17
2026-09-08 15:02:43,23648.7,2026-09-08,23450.0,PE,1.5,1.5,1.55,3057022,157996,89889,9.1
2026-09-08 15:02:43,23648.7,2026-09-08,23500.0,CE,170.05,170.1,170.6,820667,38264,33039,11.39
2026-09-08 15:02:43,23648.7,2026-09-08,23500.0,PE,2.85,2.85,2.9,6502292,284332,114154,8.44
2026-09-08 15:02:43,23648.7,2026-09-08,23550.0,CE,124.4,123.9,124.2,1129126,35907,34064,9.75
2026-09-08 15:02:43,23648.7,2026-09-08,23550.0,PE,6.15,6.15,6.2,9599501,304607,233358,7.84
2026-09-08 15:02:43,23648.7,2026-09-08,23600.0,CE,81.9,81.8,81.9,5607570,191362,181586,8.81
2026-09-08 15:02:43,23648.7,2026-09-08,23600.0,PE,14.0,13.95,14.0,19411889,574499,420512,7.38
2026-09-08 15:02:43,23648.7,2026-09-08,23650.0,CE,48.15,48.05,48.15,11805718,433962,422466,8.08
2026-09-08 15:02:43,23648.7,2026-09-08,23650.0,PE,29.55,29.55,29.65,22557512,460111,342234,7.05
2026-09-08 15:02:43,23648.7,2026-09-08,23700.0,CE,24.9,24.9,25.0,20887843,635699,590458,8.15
2026-09-08 15:02:43,23648.7,2026-09-08,23700.0,PE,57.0,56.95,57.15,18388188,252362,106681,6.67
2026-09-08 15:02:43,23648.7,2026-09-08,23750.0,CE,12.1,12.1,12.2,11568997,407342,325834,8.32
2026-09-08 15:02:43,23648.7,2026-09-08,23750.0,PE,93.7,93.4,93.6,5978322,81210,-29962,6.02
2026-09-08 15:02:43,23648.7,2026-09-08,23800.0,CE,5.75,5.7,5.75,10953590,452204,188897,8.84
2026-09-08 15:02:43,23648.7,2026-09-08,23800.0,PE,138.5,138.5,138.85,3589059,73826,-70039,
2026-09-08 15:02:43,23648.7,2026-09-08,23850.0,CE,3.15,3.15,3.2,5372132,228074,43588,9.68
2026-09-08 15:02:43,23648.7,2026-09-08,23850.0,PE,185.2,185.25,185.75,887102,28151,-25510,
2026-09-08 15:02:43,23648.7,2026-09-08,23900.0,CE,2.0,1.95,2.0,5619950,238923,-22586,10.68
2026-09-08 15:02:43,23648.7,2026-09-08,23900.0,PE,233.15,233.6,234.25,591055,25452,-28929,
2026-09-08 15:02:43,23648.7,2026-09-08,23950.0,CE,1.45,1.4,1.45,3373544,153998,-4498,11.94
2026-09-08 15:02:43,23648.7,2026-09-08,23950.0,PE,282.8,282.85,283.65,110552,12020,-14861,
2026-09-08 15:02:43,23648.7,2026-09-08,24000.0,CE,1.05,1.05,1.1,3474624,324008,-1348,13.25
2026-09-08 15:02:43,23648.7,2026-09-08,24000.0,PE,332.75,332.0,332.5,179877,34594,-26040,
2026-09-08 15:02:43,23648.7,2026-09-08,24050.0,CE,0.8,0.75,0.8,1662314,128872,-22568,14.05
2026-09-08 15:02:43,23648.7,2026-09-08,24050.0,PE,382.4,383.2,384.45,18327,5893,-4028,
2026-09-08 15:02:43,23648.7,2026-09-08,24100.0,CE,0.65,0.6,0.65,1934067,167234,-55622,15.25
2026-09-08 15:02:43,23648.7,2026-09-08,24100.0,PE,432.15,432.0,432.95,27270,12630,-5327,
2026-09-08 15:02:43,23648.7,2026-09-08,24150.0,CE,0.5,0.5,0.55,1370364,103432,-6574,16.54
2026-09-08 15:02:43,23648.7,2026-09-08,24150.0,PE,487.8,480.65,483.05,6602,5435,-1952,
2026-09-08 15:03:44,23643.4,2026-09-08,23150.0,CE,511.8,508.2,511.2,340,142,113,31.33
2026-09-08 15:03:44,23643.4,2026-09-08,23150.0,PE,0.3,0.3,0.35,874895,56487,29461,15.4
2026-09-08 15:03:44,23643.4,2026-09-08,23200.0,CE,463.55,459.1,460.75,1690,477,314,25.14
2026-09-08 15:03:44,23643.4,2026-09-08,23200.0,PE,0.35,0.35,0.4,875907,129436,69753,14.53
2026-09-08 15:03:44,23643.4,2026-09-08,23250.0,CE,415.1,408.9,410.4,1878,446,416,24.24
2026-09-08 15:03:44,23643.4,2026-09-08,23250.0,PE,0.4,0.4,0.45,499170,62841,25388,13.06
2026-09-08 15:03:44,23643.4,2026-09-08,23300.0,CE,362.2,359.65,360.9,9598,1210,885,24.91
2026-09-08 15:03:44,23643.4,2026-09-08,23300.0,PE,0.55,0.55,0.6,1148843,144176,73001,11.94
2026-09-08 15:03:44,23643.4,2026-09-08,23350.0,CE,312.95,309.85,310.95,9926,1028,818,22.43
2026-09-08 15:03:44,23643.4,2026-09-08,23350.0,PE,0.65,0.65,0.7,771672,71772,34426,11.05
2026-09-08 15:03:44,23643.4,2026-09-08,23400.0,CE,260.5,260.5,261.0,69970,4536,3640,19.42
2026-09-08 15:03:44,23643.4,2026-09-08,23400.0,PE,1.0,1.0,1.05,1901571,156964,84872,9.86
2026-09-08 15:03:44,23643.4,2026-09-08,23450.0,CE,211.4,211.0,211.5,101104,4701,4102,16.77
2026-09-08 15:03:44,23643.4,2026-09-08,23450.0,PE,1.45,1.45,1.5,3071441,156689,88582,8.79
2026-09-08 15:03:44,23643.4,2026-09-08,23500.0,CE,162.8,162.6,163.05,823932,37820,32595,14.4
2026-09-08 15:03:44,23643.4,2026-09-08,23500.0,PE,3.1,3.05,3.1,6530796,281235,111057,8.02
2026-09-08 15:03:44,23643.4,2026-09-08,23550.0,CE,116.65,116.65,116.95,1133975,34890,33047,12.28
2026-09-08 15:03:44,23643.4,2026-09-08,23550.0,PE,6.85,6.8,6.85,9645774,299703,228454,7.29
2026-09-08 15:03:44,23643.4,2026-09-08,23600.0,CE,74.55,74.35,74.55,5640493,188725,178949,10.54
2026-09-08 15:03:44,23643.4,2026-09-08,23600.0,PE,15.65,15.65,15.75,19493545,571727,417740,6.7
2026-09-08 15:03:44,23643.4,2026-09-08,23650.0,CE,41.95,41.85,41.95,11889796,426648,415152,9.41
2026-09-08 15:03:44,23643.4,2026-09-08,23650.0,PE,32.85,32.8,32.95,22631655,461883,344006,5.95
2026-09-08 15:03:44,23643.4,2026-09-08,23700.0,CE,20.8,20.8,20.9,21008755,621379,576138,9.03
2026-09-08 15:03:44,23643.4,2026-09-08,23700.0,PE,61.55,61.4,61.55,18426469,250485,104804,4.57
2026-09-08 15:03:44,23643.4,2026-09-08,23750.0,CE,9.65,9.6,9.65,11641123,402094,320586,8.99
2026-09-08 15:03:44,23643.4,2026-09-08,23750.0,PE,100.2,100.1,100.35,5989051,80638,-30534,
2026-09-08 15:03:44,23643.4,2026-09-08,23800.0,CE,4.65,4.65,4.7,11011184,451574,188267,9.34
2026-09-08 15:03:44,23643.4,2026-09-08,23800.0,PE,145.45,145.15,145.45,3593719,73792,-70073,
2026-09-08 15:03:44,23643.4,2026-09-08,23850.0,CE,2.6,2.6,2.65,5414085,229566,45080,10.09
2026-09-08 15:03:44,23643.4,2026-09-08,23850.0,PE,192.4,192.35,192.8,888249,28156,-25505,
2026-09-08 15:03:44,23643.4,2026-09-08,23900.0,CE,1.65,1.65,1.7,5667606,236246,-25263,10.94
2026-09-08 15:03:44,23643.4,2026-09-08,23900.0,PE,241.4,241.5,242.0,591858,25101,-29280,
2026-09-08 15:03:44,23643.4,2026-09-08,23950.0,CE,1.25,1.2,1.25,3408190,154080,-4416,12.05
2026-09-08 15:03:44,23643.4,2026-09-08,23950.0,PE,292.45,291.6,292.25,110993,11755,-15126,
2026-09-08 15:03:44,23643.4,2026-09-08,24000.0,CE,1.05,1.0,1.05,3501880,322687,-2669,13.43
2026-09-08 15:03:44,23643.4,2026-09-08,24000.0,PE,340.7,340.6,341.55,180132,34534,-26100,
2026-09-08 15:03:44,23643.4,2026-09-08,24050.0,CE,0.8,0.75,0.8,1671580,130582,-20858,14.35
2026-09-08 15:03:44,23643.4,2026-09-08,24050.0,PE,390.7,390.9,391.9,18419,5850,-4071,
2026-09-08 15:03:44,23643.4,2026-09-08,24100.0,CE,0.6,0.6,0.65,1943425,167800,-55056,15.57
2026-09-08 15:03:44,23643.4,2026-09-08,24100.0,PE,441.0,441.15,442.45,27317,12566,-5391,
2026-09-08 15:03:44,23643.4,2026-09-08,24150.0,CE,0.5,0.5,0.55,1372149,103115,-6891,16.31
2026-09-08 15:03:44,23643.4,2026-09-08,24150.0,PE,490.05,490.25,491.4,6623,5430,-1957,
2026-09-08 15:04:44,23641.95,2026-09-08,23150.0,CE,510.95,508.85,511.4,343,142,113,31.33
2026-09-08 15:04:44,23641.95,2026-09-08,23150.0,PE,0.3,0.25,0.3,875714,56487,29461,15.4
2026-09-08 15:04:44,23641.95,2026-09-08,23200.0,CE,461.7,459.15,460.8,1691,478,315,25.14
2026-09-08 15:04:44,23641.95,2026-09-08,23200.0,PE,0.4,0.35,0.4,876964,129436,69753,14.53
2026-09-08 15:04:44,23641.95,2026-09-08,23250.0,CE,410.25,409.25,410.75,1879,431,401,24.24
2026-09-08 15:04:44,23641.95,2026-09-08,23250.0,PE,0.4,0.4,0.45,500449,62841,25388,13.06
2026-09-08 15:04:44,23641.95,2026-09-08,23300.0,CE,360.55,359.85,361.0,9602,1210,885,24.91
2026-09-08 15:04:44,23641.95,2026-09-08,23300.0,PE,0.5,0.5,0.55,1150613,144176,73001,11.94
2026-09-08 15:04:44,23641.95,2026-09-08,23350.0,CE,311.5,309.9,310.75,9947,1032,822,22.43
2026-09-08 15:04:44,23641.95,2026-09-08,23350.0,PE,0.7,0.65,0.7,773729,71772,34426,11.05
2026-09-08 15:04:44,23641.95,2026-09-08,23400.0,CE,260.6,260.45,261.25,70166,4536,3640,19.42
2026-09-08 15:04:44,23641.95,2026-09-08,23400.0,PE,1.05,1.0,1.05,1912316,156964,84872,9.86
2026-09-08 15:04:44,23641.95,2026-09-08,23450.0,CE,211.45,210.8,211.4,101349,4701,4102,16.77
2026-09-08 15:04:44,23641.95,2026-09-08,23450.0,PE,1.5,1.5,1.55,3081329,156689,88582,8.79
2026-09-08 15:04:44,23641.95,2026-09-08,23500.0,CE,162.9,162.7,163.15,825697,37820,32595,14.4
2026-09-08 15:04:44,23641.95,2026-09-08,23500.0,PE,3.15,3.1,3.15,6550252,281235,111057,8.02
2026-09-08 15:04:44,23641.95,2026-09-08,23550.0,CE,116.6,116.35,116.65,1136377,34890,33047,12.28
2026-09-08 15:04:44,23641.95,2026-09-08,23550.0,PE,7.0,6.95,7.0,9679265,299703,228454,7.29
2026-09-08 15:04:44,23641.95,2026-09-08,23600.0,CE,74.9,74.7,74.9,5652959,188725,178949,10.54
2026-09-08 15:04:44,23641.95,2026-09-08,23600.0,PE,15.9,15.8,15.9,19545045,571727,417740,6.7
2026-09-08 15:04:44,23641.95,2026-09-08,23650.0,CE,42.35,42.4,42.5,11927139,426648,415152,9.41
2026-09-08 15:04:44,23641.95,2026-09-08,23650.0,PE,33.0,33.0,33.1,22687265,461883,344006,5.95
2026-09-08 15:04:44,23641.95,2026-09-08,23700.0,CE,21.05,21.05,21.1,21062202,621379,576138,9.03
2026-09-08 15:04:44,23641.95,2026-09-08,23700.0,PE,61.7,61.55,61.75,18448262,250485,104804,4.57
2026-09-08 15:04:44,23641.95,2026-09-08,23750.0,CE,9.7,9.7,9.75,11683050,402094,320586,8.99
2026-09-08 15:04:44,23641.95,2026-09-08,23750.0,PE,100.25,100.05,100.3,5995409,80638,-30534,
2026-09-08 15:04:44,23641.95,2026-09-08,23800.0,CE,4.65,4.65,4.7,11042898,451574,188267,9.34
2026-09-08 15:04:44,23641.95,2026-09-08,23800.0,PE,145.3,145.3,145.6,3596459,73792,-70073,
2026-09-08 15:04:44,23641.95,2026-09-08,23850.0,CE,2.6,2.6,2.65,5438239,229566,45080,10.09
2026-09-08 15:04:44,23641.95,2026-09-08,23850.0,PE,192.15,192.3,192.8,888837,28156,-25505,
2026-09-08 15:04:44,23641.95,2026-09-08,23900.0,CE,1.6,1.6,1.65,5694004,236246,-25263,10.94
2026-09-08 15:04:44,23641.95,2026-09-08,23900.0,PE,241.95,241.55,242.2,592314,25101,-29280,
2026-09-08 15:04:44,23641.95,2026-09-08,23950.0,CE,1.2,1.2,1.25,3422261,154080,-4416,12.05
2026-09-08 15:04:44,23641.95,2026-09-08,23950.0,PE,291.95,291.6,292.35,111171,11755,-15126,
2026-09-08 15:04:44,23641.95,2026-09-08,24000.0,CE,1.0,1.0,1.05,3521793,322687,-2669,13.43
2026-09-08 15:04:44,23641.95,2026-09-08,24000.0,PE,340.4,340.5,341.5,180383,34534,-26100,
2026-09-08 15:04:44,23641.95,2026-09-08,24050.0,CE,0.75,0.75,0.8,1676662,130582,-20858,14.35
2026-09-08 15:04:44,23641.95,2026-09-08,24050.0,PE,391.25,391.25,392.35,18470,5850,-4071,
2026-09-08 15:04:44,23641.95,2026-09-08,24100.0,CE,0.6,0.6,0.65,1950445,167800,-55056,15.57
2026-09-08 15:04:44,23641.95,2026-09-08,24100.0,PE,440.8,440.8,441.75,27402,12566,-5391,
2026-09-08 15:04:44,23641.95,2026-09-08,24150.0,CE,0.5,0.5,0.55,1377541,103115,-6891,16.31
2026-09-08 15:04:44,23641.95,2026-09-08,24150.0,PE,490.05,489.7,491.25,6640,5430,-1957,
2026-09-08 15:05:44,23639.75,2026-09-08,23150.0,CE,510.95,508.6,510.7,343,142,113,31.33
2026-09-08 15:05:44,23639.75,2026-09-08,23150.0,PE,0.25,0.25,0.3,879123,55242,28216,15.4
2026-09-08 15:05:44,23639.75,2026-09-08,23200.0,CE,462.8,458.8,460.7,1693,479,316,25.14
2026-09-08 15:05:44,23639.75,2026-09-08,23200.0,PE,0.35,0.35,0.4,883811,129031,69348,14.53
2026-09-08 15:05:44,23639.75,2026-09-08,23250.0,CE,410.25,408.9,410.4,1879,431,401,24.24
2026-09-08 15:05:44,23639.75,2026-09-08,23250.0,PE,0.4,0.4,0.45,501132,62091,24638,13.06
2026-09-08 15:05:44,23639.75,2026-09-08,23300.0,CE,361.55,359.25,360.55,9604,1210,885,24.91
2026-09-08 15:05:44,23639.75,2026-09-08,23300.0,PE,0.55,0.55,0.6,1160652,142669,71494,11.94
2026-09-08 15:05:44,23639.75,2026-09-08,23350.0,CE,310.1,309.75,310.7,9985,1037,827,22.43
2026-09-08 15:05:44,23639.75,2026-09-08,23350.0,PE,0.7,0.65,0.7,776242,70365,33019,11.05
2026-09-08 15:05:44,23639.75,2026-09-08,23400.0,CE,259.55,259.95,260.75,70417,4594,3698,19.42
2026-09-08 15:05:44,23639.75,2026-09-08,23400.0,PE,1.0,0.95,1.0,1926750,155027,82935,9.86
2026-09-08 15:05:44,23639.75,2026-09-08,23450.0,CE,210.75,210.8,211.4,101570,4765,4166,16.77
2026-09-08 15:05:44,23639.75,2026-09-08,23450.0,PE,1.55,1.55,1.6,3102402,155615,87508,8.79
2026-09-08 15:05:44,23639.75,2026-09-08,23500.0,CE,162.25,162.15,162.55,827627,37271,32046,14.4
2026-09-08 15:05:44,23639.75,2026-09-08,23500.0,PE,3.3,3.25,3.3,6583983,277496,107318,8.02
2026-09-08 15:05:44,23639.75,2026-09-08,23550.0,CE,116.45,116.45,116.65,1139723,35132,33289,12.28
2026-09-08 15:05:44,23639.75,2026-09-08,23550.0,PE,7.3,7.25,7.3,9729450,301727,230478,7.29
2026-09-08 15:05:44,23639.75,2026-09-08,23600.0,CE,75.05,75.0,75.2,5670534,187431,177655,10.54
2026-09-08 15:05:44,23639.75,2026-09-08,23600.0,PE,16.45,16.4,16.45,19638769,570012,416025,6.7
2026-09-08 15:05:44,23639.75,2026-09-08,23650.0,CE,42.7,42.7,42.75,11973684,427371,415875,9.41
2026-09-08 15:05:44,23639.75,2026-09-08,23650.0,PE,33.85,33.85,33.9,22761498,459060,341183,5.95
2026-09-08 15:05:44,23639.75,2026-09-08,23700.0,CE,21.65,21.65,21.75,21128989,624401,579160,9.03
2026-09-08 15:05:44,23639.75,2026-09-08,23700.0,PE,62.45,62.3,62.45,18483939,243449,97768,4.57
2026-09-08 15:05:44,23639.75,2026-09-08,23750.0,CE,10.15,10.15,10.2,11728839,397392,315884,8.99
2026-09-08 15:05:44,23639.75,2026-09-08,23750.0,PE,101.25,101.0,101.25,6001818,78810,-32362,
2026-09-08 15:05:44,23639.75,2026-09-08,23800.0,CE,4.9,4.9,4.95,11089303,451355,188048,9.34
2026-09-08 15:05:44,23639.75,2026-09-08,23800.0,PE,146.25,146.1,146.25,3600422,73048,-70817,
2026-09-08 15:05:44,23639.75,2026-09-08,23850.0,CE,2.7,2.7,2.75,5466253,229212,44726,10.09
2026-09-08 15:05:44,23639.75,2026-09-08,23850.0,PE,193.65,193.05,193.65,889782,27992,-25669,
2026-09-08 15:05:44,23639.75,2026-09-08,23900.0,CE,1.7,1.7,1.75,5725533,235890,-25619,10.94
2026-09-08 15:05:44,23639.75,2026-09-08,23900.0,PE,242.3,242.2,242.6,593309,25097,-29284,
2026-09-08 15:05:44,23639.75,2026-09-08,23950.0,CE,1.25,1.25,1.3,3450771,151720,-6776,12.05
2026-09-08 15:05:44,23639.75,2026-09-08,23950.0,PE,292.9,291.8,292.6,111642,11258,-15623,
2026-09-08 15:05:44,23639.75,2026-09-08,24000.0,CE,1.0,0.95,1.0,3558475,317431,-7925,13.43
2026-09-08 15:05:44,23639.75,2026-09-08,24000.0,PE,341.5,340.75,341.85,180618,34388,-26246,
2026-09-08 15:05:44,23639.75,2026-09-08,24050.0,CE,0.75,0.75,0.8,1686027,130610,-20830,14.35
2026-09-08 15:05:44,23639.75,2026-09-08,24050.0,PE,391.9,391.15,392.3,18558,5738,-4183,
2026-09-08 15:05:44,23639.75,2026-09-08,24100.0,CE,0.7,0.65,0.7,1979239,164864,-57992,15.57
2026-09-08 15:05:44,23639.75,2026-09-08,24100.0,PE,441.8,441.3,442.45,27487,12441,-5516,
2026-09-08 15:05:44,23639.75,2026-09-08,24150.0,CE,0.55,0.55,0.6,1397264,102028,-7978,16.31
2026-09-08 15:05:44,23639.75,2026-09-08,24150.0,PE,492.0,490.35,491.85,6692,5400,-1987,
2026-09-08 15:06:44,23641.7,2026-09-08,23150.0,CE,510.95,510.5,512.5,343,142,113,31.33
2026-09-08 15:06:44,23641.7,2026-09-08,23150.0,PE,0.3,0.25,0.3,879452,54644,27618,15.4
2026-09-08 15:06:44,23641.7,2026-09-08,23200.0,CE,462.8,460.75,462.45,1693,478,315,25.14
2026-09-08 15:06:44,23641.7,2026-09-08,23200.0,PE,0.35,0.35,0.4,885138,129012,69329,14.53
2026-09-08 15:06:44,23641.7,2026-09-08,23250.0,CE,410.25,411.0,412.25,1879,431,401,24.24
2026-09-08 15:06:44,23641.7,2026-09-08,23250.0,PE,0.4,0.4,0.45,504139,62117,24664,13.06
2026-09-08 15:06:44,23641.7,2026-09-08,23300.0,CE,361.65,360.95,362.3,9606,1210,885,24.91
2026-09-08 15:06:44,23641.7,2026-09-08,23300.0,PE,0.55,0.55,0.6,1165675,142485,71310,11.94
2026-09-08 15:06:44,23641.7,2026-09-08,23350.0,CE,312.5,311.4,312.4,9991,1057,847,22.43
2026-09-08 15:06:44,23641.7,2026-09-08,23350.0,PE,0.8,0.75,0.8,783048,71649,34303,11.05
2026-09-08 15:06:44,23641.7,2026-09-08,23400.0,CE,262.85,261.7,262.5,70476,4500,3604,19.42
2026-09-08 15:06:44,23641.7,2026-09-08,23400.0,PE,1.05,1.05,1.1,1935977,155838,83746,9.86
2026-09-08 15:06:44,23641.7,2026-09-08,23450.0,CE,213.2,212.7,213.2,101615,4781,4182,16.77
2026-09-08 15:06:44,23641.7,2026-09-08,23450.0,PE,1.6,1.55,1.6,3110443,155061,86954,8.79
2026-09-08 15:06:44,23641.7,2026-09-08,23500.0,CE,164.1,163.85,164.35,828160,37292,32067,14.4
2026-09-08 15:06:44,23641.7,2026-09-08,23500.0,PE,3.3,3.3,3.35,6598973,274399,104221,8.02
2026-09-08 15:06:44,23641.7,2026-09-08,23550.0,CE,118.1,118.2,118.5,1140583,34963,33120,12.28
2026-09-08 15:06:44,23641.7,2026-09-08,23550.0,PE,7.25,7.25,7.3,9754767,296659,225410,7.29
2026-09-08 15:06:44,23641.7,2026-09-08,23600.0,CE,77.0,76.9,77.15,5676743,185767,175991,10.54
2026-09-08 15:06:44,23641.7,2026-09-08,23600.0,PE,16.4,16.35,16.4,19689340,555609,401622,6.7
2026-09-08 15:06:44,23641.7,2026-09-08,23650.0,CE,44.15,44.05,44.15,11992651,423832,412336,9.41
2026-09-08 15:06:44,23641.7,2026-09-08,23650.0,PE,33.55,33.45,33.55,22795493,452153,334276,5.95
2026-09-08 15:06:44,23641.7,2026-09-08,23700.0,CE,22.75,22.7,22.75,21155479,616663,571422,9.03
2026-09-08 15:06:44,23641.7,2026-09-08,23700.0,PE,61.6,61.65,61.75,18496400,240536,94855,4.57
2026-09-08 15:06:44,23641.7,2026-09-08,23750.0,CE,10.9,10.85,10.9,11747348,393020,311512,8.99
2026-09-08 15:06:44,23641.7,2026-09-08,23750.0,PE,100.05,100.1,100.15,6004360,77223,-33949,
2026-09-08 15:06:44,23641.7,2026-09-08,23800.0,CE,5.3,5.3,5.35,11108748,449047,185740,9.34
2026-09-08 15:06:44,23641.7,2026-09-08,23800.0,PE,144.75,144.3,144.65,3602491,72338,-71527,
2026-09-08 15:06:44,23641.7,2026-09-08,23850.0,CE,3.0,2.95,3.0,5479692,226781,42295,10.09
2026-09-08 15:06:44,23641.7,2026-09-08,23850.0,PE,192.05,191.7,192.25,890230,27796,-25865,
2026-09-08 15:06:44,23641.7,2026-09-08,23900.0,CE,1.85,1.85,1.9,5743408,233906,-27603,10.94
2026-09-08 15:06:44,23641.7,2026-09-08,23900.0,PE,241.15,240.35,241.05,593514,25046,-29335,
2026-09-08 15:06:44,23641.7,2026-09-08,23950.0,CE,1.4,1.35,1.4,3465685,151570,-6926,12.05
2026-09-08 15:06:44,23641.7,2026-09-08,23950.0,PE,290.15,290.05,290.6,111876,11017,-15864,
2026-09-08 15:06:44,23641.7,2026-09-08,24000.0,CE,1.0,1.0,1.05,3572236,319980,-5376,13.43
2026-09-08 15:06:44,23641.7,2026-09-08,24000.0,PE,340.0,339.4,340.15,180800,34255,-26379,
2026-09-08 15:06:44,23641.7,2026-09-08,24050.0,CE,0.75,0.75,0.8,1689250,127938,-23502,14.35
2026-09-08 15:06:44,23641.7,2026-09-08,24050.0,PE,389.75,389.5,390.6,18598,5697,-4224,
2026-09-08 15:06:44,23641.7,2026-09-08,24100.0,CE,0.65,0.6,0.65,1984939,164185,-58671,15.57
2026-09-08 15:06:44,23641.7,2026-09-08,24100.0,PE,439.5,439.6,440.7,27511,12407,-5550,
2026-09-08 15:06:44,23641.7,2026-09-08,24150.0,CE,0.5,0.5,0.55,1401411,100974,-9032,16.31
2026-09-08 15:06:44,23641.7,2026-09-08,24150.0,PE,489.55,488.45,490.0,6718,5391,-1996,
2026-09-08 15:07:45,23642.25,2026-09-08,23150.0,CE,510.95,512.05,514.25,343,142,113,31.33
2026-09-08 15:07:45,23642.25,2026-09-08,23150.0,PE,0.25,0.25,0.3,880346,54644,27618,15.4
2026-09-08 15:07:45,23642.25,2026-09-08,23200.0,CE,464.0,462.2,463.85,1695,478,315,25.14
2026-09-08 15:07:45,23642.25,2026-09-08,23200.0,PE,0.35,0.35,0.4,887377,129012,69329,14.53
2026-09-08 15:07:45,23642.25,2026-09-08,23250.0,CE,411.6,412.15,414.1,1880,431,401,24.24
2026-09-08 15:07:45,23642.25,2026-09-08,23250.0,PE,0.4,0.4,0.45,505681,62117,24664,13.06
2026-09-08 15:07:45,23642.25,2026-09-08,23300.0,CE,363.9,362.85,364.05,9630,1210,885,24.91
2026-09-08 15:07:45,23642.25,2026-09-08,23300.0,PE,0.55,0.55,0.6,1171611,142485,71310,11.94
2026-09-08 15:07:45,23642.25,2026-09-08,23350.0,CE,313.15,313.25,314.2,10006,1057,847,22.43
2026-09-08 15:07:45,23642.25,2026-09-08,23350.0,PE,0.75,0.75,0.8,787506,71649,34303,11.05
2026-09-08 15:07:45,23642.25,2026-09-08,23400.0,CE,264.1,263.5,264.3,70792,4500,3604,19.42
2026-09-08 15:07:45,23642.25,2026-09-08,23400.0,PE,1.05,1.05,1.1,1948068,155838,83746,9.86
2026-09-08 15:07:45,23642.25,2026-09-08,23450.0,CE,214.2,214.2,214.75,101754,4781,4182,16.77
2026-09-08 15:07:45,23642.25,2026-09-08,23450.0,PE,1.6,1.6,1.65,3133220,155061,86954,8.79
2026-09-08 15:07:45,23642.25,2026-09-08,23500.0,CE,166.0,165.65,166.0,829384,37292,32067,14.4
2026-09-08 15:07:45,23642.25,2026-09-08,23500.0,PE,3.15,3.15,3.2,6620485,274399,104221,8.02
2026-09-08 15:07:45,23642.25,2026-09-08,23550.0,CE,119.85,119.4,119.7,1142245,34963,33120,12.28
2026-09-08 15:07:45,23642.25,2026-09-08,23550.0,PE,7.0,6.95,7.0,9789098,296659,225410,7.29
2026-09-08 15:07:45,23642.25,2026-09-08,23600.0,CE,78.15,77.85,78.1,5690245,185767,175991,10.54
2026-09-08 15:07:45,23642.25,2026-09-08,23600.0,PE,15.8,15.7,15.8,19749958,555609,401622,6.7
2026-09-08 15:07:45,23642.25,2026-09-08,23650.0,CE,44.9,44.75,44.9,12025365,423832,412336,9.41
2026-09-08 15:07:45,23642.25,2026-09-08,23650.0,PE,32.4,32.4,32.55,22843392,452153,334276,5.95
2026-09-08 15:07:45,23642.25,2026-09-08,23700.0,CE,22.9,22.9,23.0,21204213,616663,571422,9.03
2026-09-08 15:07:45,23642.25,2026-09-08,23700.0,PE,60.1,60.15,60.3,18517422,240536,94855,4.57
2026-09-08 15:07:45,23642.25,2026-09-08,23750.0,CE,11.0,10.95,11.05,11773789,393020,311512,8.99
2026-09-08 15:07:45,23642.25,2026-09-08,23750.0,PE,98.6,98.3,98.5,6008995,77223,-33949,
2026-09-08 15:07:45,23642.25,2026-09-08,23800.0,CE,5.25,5.25,5.3,11136745,449047,185740,9.34
2026-09-08 15:07:45,23642.25,2026-09-08,23800.0,PE,143.1,142.8,143.15,3604369,72338,-71527,
2026-09-08 15:07:45,23642.25,2026-09-08,23850.0,CE,2.95,2.9,2.95,5500816,226781,42295,10.09
2026-09-08 15:07:45,23642.25,2026-09-08,23850.0,PE,189.75,189.8,190.3,890830,27796,-25865,
2026-09-08 15:07:45,23642.25,2026-09-08,23900.0,CE,1.85,1.8,1.85,5769642,233906,-27603,10.94
2026-09-08 15:07:45,23642.25,2026-09-08,23900.0,PE,239.4,238.85,239.5,594121,25046,-29335,
2026-09-08 15:07:45,23642.25,2026-09-08,23950.0,CE,1.35,1.3,1.35,3485690,151570,-6926,12.05
2026-09-08 15:07:45,23642.25,2026-09-08,23950.0,PE,288.8,288.45,288.8,112195,11017,-15864,
2026-09-08 15:07:45,23642.25,2026-09-08,24000.0,CE,1.05,1.0,1.05,3585913,319980,-5376,13.43
2026-09-08 15:07:45,23642.25,2026-09-08,24000.0,PE,337.55,337.5,338.45,181037,34255,-26379,
2026-09-08 15:07:45,23642.25,2026-09-08,24050.0,CE,0.8,0.8,0.85,1695214,127938,-23502,14.35
2026-09-08 15:07:45,23642.25,2026-09-08,24050.0,PE,388.8,387.95,388.8,18656,5697,-4224,
2026-09-08 15:07:45,23642.25,2026-09-08,24100.0,CE,0.6,0.6,0.65,1993407,164185,-58671,15.57
2026-09-08 15:07:45,23642.25,2026-09-08,24100.0,PE,437.2,437.8,438.85,27584,12407,-5550,
2026-09-08 15:07:45,23642.25,2026-09-08,24150.0,CE,0.5,0.5,0.55,1407149,100974,-9032,16.31
2026-09-08 15:07:45,23642.25,2026-09-08,24150.0,PE,487.0,486.8,488.0,6750,5391,-1996,
2026-09-08 15:08:45,23640.55,2026-09-08,23150.0,CE,510.95,514.1,516.65,343,142,113,31.33
2026-09-08 15:08:45,23640.55,2026-09-08,23150.0,PE,0.3,0.25,0.3,881739,54470,27444,15.4
2026-09-08 15:08:45,23640.55,2026-09-08,23200.0,CE,467.15,464.6,466.4,1704,477,314,25.14
2026-09-08 15:08:45,23640.55,2026-09-08,23200.0,PE,0.35,0.35,0.4,898281,127660,67977,14.53
2026-09-08 15:08:45,23640.55,2026-09-08,23250.0,CE,416.3,414.85,416.2,1883,430,400,24.24
2026-09-08 15:08:45,23640.55,2026-09-08,23250.0,PE,0.4,0.35,0.4,509566,61571,24118,13.06
2026-09-08 15:08:45,23640.55,2026-09-08,23300.0,CE,366.45,364.85,366.3,9667,1199,874,24.91
2026-09-08 15:08:45,23640.55,2026-09-08,23300.0,PE,0.55,0.55,0.6,1175676,143289,72114,11.94
2026-09-08 15:08:45,23640.55,2026-09-08,23350.0,CE,316.2,315.7,316.55,10021,1060,850,22.43
2026-09-08 15:08:45,23640.55,2026-09-08,23350.0,PE,0.8,0.8,0.85,793723,71716,34370,11.05
2026-09-08 15:08:45,23640.55,2026-09-08,23400.0,CE,265.9,264.5,265.3,70984,4466,3570,19.42
2026-09-08 15:08:45,23640.55,2026-09-08,23400.0,PE,1.1,1.05,1.1,1966145,152821,80729,9.86
2026-09-08 15:08:45,23640.55,2026-09-08,23450.0,CE,216.85,216.45,217.1,102071,4750,4151,16.77
2026-09-08 15:08:45,23640.55,2026-09-08,23450.0,PE,1.5,1.5,1.55,3151121,155421,87314,8.79
2026-09-08 15:08:45,23640.55,2026-09-08,23500.0,CE,168.2,167.6,168.05,831372,36820,31595,14.4
2026-09-08 15:08:45,23640.55,2026-09-08,23500.0,PE,3.15,3.1,3.15,6640363,271246,101068,8.02
2026-09-08 15:08:45,23640.55,2026-09-08,23550.0,CE,121.95,121.85,122.15,1145248,34563,32720,12.28
2026-09-08 15:08:45,23640.55,2026-09-08,23550.0,PE,6.95,6.9,6.95,9826209,296643,225394,7.29
2026-09-08 15:08:45,23640.55,2026-09-08,23600.0,CE,80.0,80.05,80.1,5709291,183278,173502,10.54
2026-09-08 15:08:45,23640.55,2026-09-08,23600.0,PE,15.45,15.4,15.45,19813937,547300,393313,6.7
2026-09-08 15:08:45,23640.55,2026-09-08,23650.0,CE,46.5,46.5,46.65,12080007,417576,406080,9.41
2026-09-08 15:08:45,23640.55,2026-09-08,23650.0,PE,31.8,31.8,31.9,22892397,448815,330938,5.95
2026-09-08 15:08:45,23640.55,2026-09-08,23700.0,CE,24.45,24.35,24.45,21267904,606876,561635,9.03
2026-09-08 15:08:45,23640.55,2026-09-08,23700.0,PE,59.0,59.0,59.2,18542099,239172,93491,4.57
2026-09-08 15:08:45,23640.55,2026-09-08,23750.0,CE,11.35,11.35,11.4,11821225,392123,310615,8.99
2026-09-08 15:08:45,23640.55,2026-09-08,23750.0,PE,97.7,97.65,97.9,6017314,76769,-34403,
2026-09-08 15:08:45,23640.55,2026-09-08,23800.0,CE,5.7,5.7,5.75,11187202,446639,183332,9.34
2026-09-08 15:08:45,23640.55,2026-09-08,23800.0,PE,141.15,141.15,141.4,3608809,71805,-72060,
2026-09-08 15:08:45,23640.55,2026-09-08,23850.0,CE,3.15,3.15,3.2,5534309,226290,41804,10.09
2026-09-08 15:08:45,23640.55,2026-09-08,23850.0,PE,188.2,188.1,188.5,891290,27572,-26089,
2026-09-08 15:08:45,23640.55,2026-09-08,23900.0,CE,1.95,1.95,2.0,5814962,234477,-27032,10.94
2026-09-08 15:08:45,23640.55,2026-09-08,23900.0,PE,236.65,236.6,237.25,594961,25013,-29368,
2026-09-08 15:08:45,23640.55,2026-09-08,23950.0,CE,1.45,1.4,1.45,3514045,151065,-7431,12.05
2026-09-08 15:08:45,23640.55,2026-09-08,23950.0,PE,286.0,286.0,286.6,112492,10763,-16118,
2026-09-08 15:08:45,23640.55,2026-09-08,24000.0,CE,1.05,1.0,1.05,3622749,316264,-9092,13.43
2026-09-08 15:08:45,23640.55,2026-09-08,24000.0,PE,335.05,335.1,335.85,181396,34192,-26442,
2026-09-08 15:08:45,23640.55,2026-09-08,24050.0,CE,0.75,0.75,0.8,1705093,126418,-25022,14.35
2026-09-08 15:08:45,23640.55,2026-09-08,24050.0,PE,385.8,385.7,386.55,18708,5657,-4264,
2026-09-08 15:08:45,23640.55,2026-09-08,24100.0,CE,0.6,0.55,0.6,2003047,163191,-59665,15.57
2026-09-08 15:08:45,23640.55,2026-09-08,24100.0,PE,436.55,436.55,437.85,27733,12342,-5615,
2026-09-08 15:08:45,23640.55,2026-09-08,24150.0,CE,0.45,0.45,0.5,1414495,98756,-11250,16.31
2026-09-08 15:08:45,23640.55,2026-09-08,24150.0,PE,483.45,484.25,485.75,6785,5372,-2015,
2026-09-08 15:09:45,23639.9,2026-09-08,23150.0,CE,513.6,512.15,513.0,352,142,113,31.33
2026-09-08 15:09:45,23639.9,2026-09-08,23150.0,PE,0.25,0.25,0.3,885505,53855,26829,15.4
2026-09-08 15:09:45,23639.9,2026-09-08,23200.0,CE,462.0,461.45,462.9,1711,477,314,25.14
2026-09-08 15:09:45,23639.9,2026-09-08,23200.0,PE,0.35,0.35,0.4,905391,122453,62770,14.53
2026-09-08 15:09:45,23639.9,2026-09-08,23250.0,CE,412.5,411.3,412.95,1893,431,401,24.24
2026-09-08 15:09:45,23639.9,2026-09-08,23250.0,PE,0.35,0.35,0.4,513430,60926,23473,13.06
2026-09-08 15:09:45,23639.9,2026-09-08,23300.0,CE,362.2,361.95,363.05,9686,1187,862,24.91
2026-09-08 15:09:45,23639.9,2026-09-08,23300.0,PE,0.55,0.55,0.6,1179803,143912,72737,11.94
2026-09-08 15:09:45,23639.9,2026-09-08,23350.0,CE,313.0,312.25,313.2,10076,1068,858,22.43
2026-09-08 15:09:45,23639.9,2026-09-08,23350.0,PE,0.75,0.75,0.8,798796,71445,34099,11.05
2026-09-08 15:09:45,23639.9,2026-09-08,23400.0,CE,263.0,262.6,263.3,71103,4389,3493,19.42
2026-09-08 15:09:45,23639.9,2026-09-08,23400.0,PE,1.05,1.05,1.1,1979957,150488,78396,9.86
2026-09-08 15:09:45,23639.9,2026-09-08,23450.0,CE,214.2,213.0,213.6,102260,4626,4027,16.77
2026-09-08 15:09:45,23639.9,2026-09-08,23450.0,PE,1.55,1.5,1.55,3171496,153837,85730,8.79
2026-09-08 15:09:45,23639.9,2026-09-08,23500.0,CE,165.0,164.6,165.05,833211,35723,30498,14.4
2026-09-08 15:09:45,23639.9,2026-09-08,23500.0,PE,3.2,3.15,3.2,6669781,268989,98811,8.02
2026-09-08 15:09:45,23639.9,2026-09-08,23550.0,CE,118.9,118.6,118.9,1148110,33396,31553,12.28
2026-09-08 15:09:45,23639.9,2026-09-08,23550.0,PE,7.1,7.1,7.15,9876412,291546,220297,7.29
2026-09-08 15:09:45,23639.9,2026-09-08,23600.0,CE,77.25,77.25,77.35,5725299,179857,170081,10.54
2026-09-08 15:09:45,23639.9,2026-09-08,23600.0,PE,16.0,15.95,16.0,19893939,546795,392808,6.7
2026-09-08 15:09:45,23639.9,2026-09-08,23650.0,CE,44.3,44.2,44.3,12131861,409369,397873,9.41
2026-09-08 15:09:45,23639.9,2026-09-08,23650.0,PE,32.95,32.95,33.05,22954136,444903,327026,5.95
2026-09-08 15:09:45,23639.9,2026-09-08,23700.0,CE,22.7,22.7,22.75,21336988,600622,555381,9.03
2026-09-08 15:09:45,23639.9,2026-09-08,23700.0,PE,61.0,60.95,61.05,18571171,238471,92790,4.57
2026-09-08 15:09:45,23639.9,2026-09-08,23750.0,CE,10.8,10.8,10.85,11867809,385086,303578,8.99
2026-09-08 15:09:45,23639.9,2026-09-08,23750.0,PE,99.4,99.25,99.5,6024677,77060,-34112,
2026-09-08 15:09:45,23639.9,2026-09-08,23800.0,CE,5.2,5.15,5.2,11240680,434870,171563,9.34
2026-09-08 15:09:45,23639.9,2026-09-08,23800.0,PE,143.7,143.7,144.1,3613010,70732,-73133,
2026-09-08 15:09:45,23639.9,2026-09-08,23850.0,CE,2.95,2.9,2.95,5562768,222557,38071,10.09
2026-09-08 15:09:45,23639.9,2026-09-08,23850.0,PE,190.75,190.7,191.15,892298,27457,-26204,
2026-09-08 15:09:45,23639.9,2026-09-08,23900.0,CE,1.75,1.75,1.8,5857018,231388,-30121,10.94
2026-09-08 15:09:45,23639.9,2026-09-08,23900.0,PE,239.75,239.7,240.25,596149,24691,-29690,
2026-09-08 15:09:45,23639.9,2026-09-08,23950.0,CE,1.25,1.25,1.3,3551590,151014,-7482,12.05
2026-09-08 15:09:45,23639.9,2026-09-08,23950.0,PE,290.05,289.2,289.9,112908,10519,-16362,
2026-09-08 15:09:45,23639.9,2026-09-08,24000.0,CE,1.0,1.0,1.05,3673996,311035,-14321,13.43
2026-09-08 15:09:45,23639.9,2026-09-08,24000.0,PE,338.6,338.55,339.15,181744,34139,-26495,
2026-09-08 15:09:45,23639.9,2026-09-08,24050.0,CE,0.8,0.75,0.8,1725766,126954,-24486,14.35
2026-09-08 15:09:45,23639.9,2026-09-08,24050.0,PE,389.0,389.0,389.75,18781,5621,-4300,
2026-09-08 15:09:45,23639.9,2026-09-08,24100.0,CE,0.6,0.6,0.65,2013005,162213,-60643,15.57
2026-09-08 15:09:45,23639.9,2026-09-08,24100.0,PE,439.5,438.7,439.3,27763,12238,-5719,
2026-09-08 15:09:45,23639.9,2026-09-08,24150.0,CE,0.45,0.45,0.5,1422701,95801,-14205,16.31
2026-09-08 15:09:45,23639.9,2026-09-08,24150.0,PE,490.5,488.05,489.55,6798,5364,-2023,
2026-09-08 15:10:46,23645.25,2026-09-08,23150.0,CE,515.5,512.85,513.9,357,142,113,31.33
2026-09-08 15:10:46,23645.25,2026-09-08,23150.0,PE,0.3,0.25,0.3,885964,53855,26829,15.4
2026-09-08 15:10:46,23645.25,2026-09-08,23200.0,CE,462.0,461.8,463.75,1711,477,314,25.14
2026-09-08 15:10:46,23645.25,2026-09-08,23200.0,PE,0.35,0.35,0.4,908372,122453,62770,14.53
2026-09-08 15:10:46,23645.25,2026-09-08,23250.0,CE,414.0,411.75,413.65,1894,431,401,24.24
2026-09-08 15:10:46,23645.25,2026-09-08,23250.0,PE,0.35,0.35,0.4,513967,60512,23059,13.06
2026-09-08 15:10:46,23645.25,2026-09-08,23300.0,CE,363.7,362.45,363.75,9692,1195,870,24.91
2026-09-08 15:10:46,23645.25,2026-09-08,23300.0,PE,0.55,0.55,0.6,1181379,143468,72293,11.94
2026-09-08 15:10:46,23645.25,2026-09-08,23350.0,CE,314.0,312.8,313.85,10085,1066,856,22.43
2026-09-08 15:10:46,23645.25,2026-09-08,23350.0,PE,0.7,0.7,0.75,802407,70471,33125,11.05
2026-09-08 15:10:46,23645.25,2026-09-08,23400.0,CE,264.7,263.15,263.9,71190,4392,3496,19.42
2026-09-08 15:10:46,23645.25,2026-09-08,23400.0,PE,1.05,1.0,1.05,1992803,149960,77868,9.86
2026-09-08 15:10:46,23645.25,2026-09-08,23450.0,CE,214.35,213.95,214.5,102405,4626,4027,16.77
2026-09-08 15:10:46,23645.25,2026-09-08,23450.0,PE,1.55,1.55,1.6,3180265,153837,85730,8.79
2026-09-08 15:10:46,23645.25,2026-09-08,23500.0,CE,165.45,165.45,165.85,834201,35723,30498,14.4
2026-09-08 15:10:46,23645.25,2026-09-08,23500.0,PE,3.25,3.2,3.25,6681628,268989,98811,8.02
2026-09-08 15:10:46,23645.25,2026-09-08,23550.0,CE,119.65,119.3,119.6,1149348,33396,31553,12.28
2026-09-08 15:10:46,23645.25,2026-09-08,23550.0,PE,7.2,7.15,7.2,9898712,291546,220297,7.29
2026-09-08 15:10:46,23645.25,2026-09-08,23600.0,CE,77.85,77.8,78.0,5733936,177701,167925,10.54
2026-09-08 15:10:46,23645.25,2026-09-08,23600.0,PE,16.0,16.0,16.05,19928175,537625,383638,6.7
2026-09-08 15:10:46,23645.25,2026-09-08,23650.0,CE,44.85,44.75,44.85,12152958,402710,391214,9.41
2026-09-08 15:10:46,23645.25,2026-09-08,23650.0,PE,32.95,32.85,32.95,22977916,438998,321121,5.95
2026-09-08 15:10:46,23645.25,2026-09-08,23700.0,CE,23.05,23.0,23.05,21366307,589904,544663,9.03
2026-09-08 15:10:46,23645.25,2026-09-08,23700.0,PE,60.7,60.65,60.8,18583706,235121,89440,4.57
2026-09-08 15:10:46,23645.25,2026-09-08,23750.0,CE,10.9,10.9,10.95,11888862,380735,299227,8.99
2026-09-08 15:10:46,23645.25,2026-09-08,23750.0,PE,98.55,98.65,98.9,6028181,75549,-35623,
2026-09-08 15:10:46,23645.25,2026-09-08,23800.0,CE,5.2,5.15,5.2,11267004,434870,171563,9.34
2026-09-08 15:10:46,23645.25,2026-09-08,23800.0,PE,143.2,143.1,143.45,3614884,70732,-73133,
2026-09-08 15:10:46,23645.25,2026-09-08,23850.0,CE,2.9,2.85,2.9,5574994,222557,38071,10.09
2026-09-08 15:10:46,23645.25,2026-09-08,23850.0,PE,190.25,190.05,190.5,892735,27457,-26204,
2026-09-08 15:10:46,23645.25,2026-09-08,23900.0,CE,1.8,1.8,1.85,5870429,231388,-30121,10.94
2026-09-08 15:10:46,23645.25,2026-09-08,23900.0,PE,239.6,239.05,239.5,596411,24691,-29690,
2026-09-08 15:10:46,23645.25,2026-09-08,23950.0,CE,1.25,1.25,1.3,3563661,149805,-8691,12.05
2026-09-08 15:10:46,23645.25,2026-09-08,23950.0,PE,288.75,288.6,289.0,113092,10267,-16614,
2026-09-08 15:10:46,23645.25,2026-09-08,24000.0,CE,0.95,0.95,1.0,3681856,308698,-16658,13.43
2026-09-08 15:10:46,23645.25,2026-09-08,24000.0,PE,338.65,337.7,338.6,182081,34091,-26543,
2026-09-08 15:10:46,23645.25,2026-09-08,24050.0,CE,0.75,0.75,0.8,1728807,125302,-26138,14.35
2026-09-08 15:10:46,23645.25,2026-09-08,24050.0,PE,388.45,388.15,388.8,18821,5577,-4344,
2026-09-08 15:10:46,23645.25,2026-09-08,24100.0,CE,0.55,0.55,0.6,2015881,161645,-61211,15.57
2026-09-08 15:10:46,23645.25,2026-09-08,24100.0,PE,438.1,438.1,439.05,27802,12224,-5733,
2026-09-08 15:10:46,23645.25,2026-09-08,24150.0,CE,0.45,0.45,0.5,1423731,95801,-14205,16.31
2026-09-08 15:10:46,23645.25,2026-09-08,24150.0,PE,489.0,486.85,488.1,6804,5357,-2030,
2026-09-08 15:11:46,23657.25,2026-09-08,23150.0,CE,528.1,523.65,525.85,373,142,113,34.3
2026-09-08 15:11:46,23657.25,2026-09-08,23150.0,PE,0.25,0.25,0.3,890910,52384,25358,15.41
2026-09-08 15:11:46,23657.25,2026-09-08,23200.0,CE,477.2,474.9,477.1,1720,481,318,28.04
2026-09-08 15:11:46,23657.25,2026-09-08,23200.0,PE,0.35,0.35,0.4,915361,121816,62133,14.53
2026-09-08 15:11:46,23657.25,2026-09-08,23250.0,CE,425.8,423.55,425.25,1919,439,409,26.56
2026-09-08 15:11:46,23657.25,2026-09-08,23250.0,PE,0.35,0.35,0.4,525474,59519,22066,13.27
2026-09-08 15:11:46,23657.25,2026-09-08,23300.0,CE,377.25,374.75,376.35,9796,1198,873,25.68
2026-09-08 15:11:46,23657.25,2026-09-08,23300.0,PE,0.55,0.55,0.6,1184993,142584,71409,12.26
2026-09-08 15:11:46,23657.25,2026-09-08,23350.0,CE,324.95,324.45,325.45,10238,1029,819,23.92
2026-09-08 15:11:46,23657.25,2026-09-08,23350.0,PE,0.7,0.65,0.7,811847,70468,33122,11.05
2026-09-08 15:11:46,23657.25,2026-09-08,23400.0,CE,276.2,274.5,275.35,71852,4321,3425,20.71
2026-09-08 15:11:46,23657.25,2026-09-08,23400.0,PE,0.9,0.85,0.9,2022602,155832,83740,9.94
2026-09-08 15:11:46,23657.25,2026-09-08,23450.0,CE,226.5,225.1,225.75,103796,4528,3929,18.51
2026-09-08 15:11:46,23657.25,2026-09-08,23450.0,PE,1.2,1.2,1.25,3248679,154229,86122,8.63
2026-09-08 15:11:46,23657.25,2026-09-08,23500.0,CE,177.25,176.7,177.25,843447,35045,29820,15.81
2026-09-08 15:11:46,23657.25,2026-09-08,23500.0,PE,2.65,2.65,2.7,6803390,268054,97876,7.91
2026-09-08 15:11:46,23657.25,2026-09-08,23550.0,CE,130.65,130.3,130.65,1163376,32792,30949,13.65
2026-09-08 15:11:46,23657.25,2026-09-08,23550.0,PE,5.95,5.9,5.95,10077454,289974,218725,7.15
2026-09-08 15:11:46,23657.25,2026-09-08,23600.0,CE,87.65,87.45,87.65,5807749,176386,166610,11.51
2026-09-08 15:11:46,23657.25,2026-09-08,23600.0,PE,13.55,13.45,13.55,20190776,526454,372467,6.55
2026-09-08 15:11:46,23657.25,2026-09-08,23650.0,CE,52.55,52.55,52.7,12338768,397914,386418,10.19
2026-09-08 15:11:46,23657.25,2026-09-08,23650.0,PE,28.8,28.7,28.8,23217048,427269,309392,5.67
2026-09-08 15:11:46,23657.25,2026-09-08,23700.0,CE,28.9,28.75,28.85,21630101,582301,537060,9.7
2026-09-08 15:11:46,23657.25,2026-09-08,23700.0,PE,54.4,54.45,54.6,18707694,233584,87903,3.66
2026-09-08 15:11:46,23657.25,2026-09-08,23750.0,CE,14.35,14.35,14.4,12043312,376895,295387,9.58
2026-09-08 15:11:46,23657.25,2026-09-08,23750.0,PE,90.5,90.25,90.55,6065046,75289,-35883,
2026-09-08 15:11:46,23657.25,2026-09-08,23800.0,CE,6.95,6.9,6.95,11416695,419844,156537,9.73
2026-09-08 15:11:46,23657.25,2026-09-08,23800.0,PE,133.4,133.45,133.75,3632795,70408,-73457,
2026-09-08 15:11:46,23657.25,2026-09-08,23850.0,CE,3.8,3.75,3.8,5659848,220684,36198,10.34
2026-09-08 15:11:46,23657.25,2026-09-08,23850.0,PE,179.45,179.15,179.6,897848,27270,-26391,
2026-09-08 15:11:46,23657.25,2026-09-08,23900.0,CE,2.2,2.2,2.25,5942360,231764,-29745,11.26
2026-09-08 15:11:46,23657.25,2026-09-08,23900.0,PE,228.4,227.4,227.95,599373,24487,-29894,
2026-09-08 15:11:46,23657.25,2026-09-08,23950.0,CE,1.45,1.45,1.5,3614150,148943,-9553,12.2
2026-09-08 15:11:46,23657.25,2026-09-08,23950.0,PE,276.85,277.0,277.8,114007,9965,-16916,
2026-09-08 15:11:46,23657.25,2026-09-08,24000.0,CE,1.05,1.05,1.1,3742415,307199,-18157,13.34
2026-09-08 15:11:46,23657.25,2026-09-08,24000.0,PE,326.3,326.0,327.15,184390,33957,-26677,
2026-09-08 15:11:46,23657.25,2026-09-08,24050.0,CE,0.75,0.75,0.8,1744867,122927,-28513,14.35
2026-09-08 15:11:46,23657.25,2026-09-08,24050.0,PE,375.45,376.35,377.4,19069,5522,-4399,
2026-09-08 15:11:46,23657.25,2026-09-08,24100.0,CE,0.6,0.6,0.65,2028866,160111,-62745,15.25
2026-09-08 15:11:46,23657.25,2026-09-08,24100.0,PE,425.95,426.4,426.7,28236,12192,-5765,
2026-09-08 15:11:46,23657.25,2026-09-08,24150.0,CE,0.45,0.45,0.5,1430315,95584,-14422,16.31
2026-09-08 15:11:46,23657.25,2026-09-08,24150.0,PE,471.55,474.65,476.65,6866,5353,-2034,
2026-09-08 15:12:46,23654.45,2026-09-08,23150.0,CE,529.2,530.4,532.9,397,140,111,34.3
2026-09-08 15:12:46,23654.45,2026-09-08,23150.0,PE,0.25,0.25,0.3,891591,52271,25245,15.41
2026-09-08 15:12:46,23654.45,2026-09-08,23200.0,CE,479.9,479.75,482.35,1764,480,317,28.04
2026-09-08 15:12:46,23654.45,2026-09-08,23200.0,PE,0.35,0.35,0.4,918418,122058,62375,14.53
2026-09-08 15:12:46,23654.45,2026-09-08,23250.0,CE,427.25,428.0,430.75,1958,421,391,26.56
2026-09-08 15:12:46,23654.45,2026-09-08,23250.0,PE,0.4,0.35,0.4,531747,59645,22192,13.27
2026-09-08 15:12:46,23654.45,2026-09-08,23300.0,CE,380.35,381.8,383.2,9919,1125,800,25.68
2026-09-08 15:12:46,23654.45,2026-09-08,23300.0,PE,0.6,0.55,0.6,1188690,141754,70579,12.26
2026-09-08 15:12:46,23654.45,2026-09-08,23350.0,CE,329.6,328.85,329.8,10410,1037,827,23.92
2026-09-08 15:12:46,23654.45,2026-09-08,23350.0,PE,0.65,0.65,0.7,813631,68785,31439,11.05
2026-09-08 15:12:46,23654.45,2026-09-08,23400.0,CE,279.25,280.3,281.25,72607,4280,3384,20.71
2026-09-08 15:12:46,23654.45,2026-09-08,23400.0,PE,0.9,0.85,0.9,2040657,151534,79442,9.94
2026-09-08 15:12:46,23654.45,2026-09-08,23450.0,CE,231.1,231.3,232.05,104581,3956,3357,18.51
2026-09-08 15:12:46,23654.45,2026-09-08,23450.0,PE,1.1,1.1,1.15,3274136,152880,84773,8.63
2026-09-08 15:12:46,23654.45,2026-09-08,23500.0,CE,183.1,183.1,183.55,848293,32067,26842,15.81
2026-09-08 15:12:46,23654.45,2026-09-08,23500.0,PE,2.5,2.45,2.5,6862538,257319,87141,7.91
2026-09-08 15:12:46,23654.45,2026-09-08,23550.0,CE,135.75,135.4,135.75,1170895,29570,27727,13.65
2026-09-08 15:12:46,23654.45,2026-09-08,23550.0,PE,5.6,5.55,5.6,10156747,276616,205367,7.15
2026-09-08 15:12:46,23654.45,2026-09-08,23600.0,CE,94.0,93.85,94.0,5848932,168306,158530,11.51
2026-09-08 15:12:46,23654.45,2026-09-08,23600.0,PE,12.45,12.45,12.5,20312988,509666,355679,6.55
2026-09-08 15:12:46,23654.45,2026-09-08,23650.0,CE,57.3,57.3,57.45,12449946,382587,371091,10.19
2026-09-08 15:12:46,23654.45,2026-09-08,23650.0,PE,26.95,26.9,26.95,23345966,419878,302001,5.67
2026-09-08 15:12:46,23654.45,2026-09-08,23700.0,CE,32.3,32.25,32.4,21812838,575780,530539,9.7
2026-09-08 15:12:46,23654.45,2026-09-08,23700.0,PE,52.65,52.6,52.7,18775471,230799,85118,3.66
2026-09-08 15:12:46,23654.45,2026-09-08,23750.0,CE,16.15,16.15,16.2,12157058,374541,293033,9.58
2026-09-08 15:12:46,23654.45,2026-09-08,23750.0,PE,86.6,86.6,86.8,6085709,76922,-34250,
2026-09-08 15:12:46,23654.45,2026-09-08,23800.0,CE,7.9,7.9,7.95,11536836,414730,151423,9.73
2026-09-08 15:12:46,23654.45,2026-09-08,23800.0,PE,127.85,127.7,128.05,3643245,70424,-73441,
2026-09-08 15:12:46,23654.45,2026-09-08,23850.0,CE,4.3,4.2,4.3,5727963,218373,33887,10.34
2026-09-08 15:12:46,23654.45,2026-09-08,23850.0,PE,173.3,173.0,173.35,900329,27040,-26621,
2026-09-08 15:12:46,23654.45,2026-09-08,23900.0,CE,2.5,2.5,2.55,5994330,229852,-31657,11.26
2026-09-08 15:12:46,23654.45,2026-09-08,23900.0,PE,222.6,222.0,222.6,601270,24225,-30156,
2026-09-08 15:12:46,23654.45,2026-09-08,23950.0,CE,1.65,1.65,1.7,3643841,150062,-8434,12.2
2026-09-08 15:12:46,23654.45,2026-09-08,23950.0,PE,270.55,269.65,270.35,114456,9815,-17066,
2026-09-08 15:12:46,23654.45,2026-09-08,24000.0,CE,1.15,1.15,1.2,3793977,304834,-20522,13.34
2026-09-08 15:12:46,23654.45,2026-09-08,24000.0,PE,319.4,318.45,319.0,185393,33678,-26956,
2026-09-08 15:12:46,23654.45,2026-09-08,24050.0,CE,0.85,0.8,0.85,1764753,124414,-27026,14.35
2026-09-08 15:12:46,23654.45,2026-09-08,24050.0,PE,372.75,370.8,372.1,19248,5438,-4483,
2026-09-08 15:12:46,23654.45,2026-09-08,24100.0,CE,0.65,0.65,0.7,2038560,157944,-64912,15.25
2026-09-08 15:12:46,23654.45,2026-09-08,24100.0,PE,422.3,420.5,421.85,28555,11906,-6051,
2026-09-08 15:12:46,23654.45,2026-09-08,24150.0,CE,0.5,0.5,0.55,1441511,93955,-16051,16.31
2026-09-08 15:12:46,23654.45,2026-09-08,24150.0,PE,470.7,468.25,469.8,6908,5342,-2045,
2026-09-08 15:13:46,23654.85,2026-09-08,23150.0,CE,522.05,520.8,522.05,409,147,118,34.3
2026-09-08 15:13:46,23654.85,2026-09-08,23150.0,PE,0.3,0.25,0.3,892489,52159,25133,15.41
2026-09-08 15:13:46,23654.85,2026-09-08,23200.0,CE,470.0,471.0,472.9,1768,485,322,28.04
2026-09-08 15:13:46,23654.85,2026-09-08,23200.0,PE,0.35,0.35,0.4,920107,121697,62014,14.53
2026-09-08 15:13:46,23654.85,2026-09-08,23250.0,CE,420.35,420.1,423.05,1966,440,410,26.56
2026-09-08 15:13:46,23654.85,2026-09-08,23250.0,PE,0.35,0.35,0.4,534657,58953,21500,13.27
2026-09-08 15:13:46,23654.85,2026-09-08,23300.0,CE,370.15,370.4,371.9,10027,1099,774,25.68
2026-09-08 15:13:46,23654.85,2026-09-08,23300.0,PE,0.5,0.5,0.55,1194246,142278,71103,12.26
2026-09-08 15:13:46,23654.85,2026-09-08,23350.0,CE,320.2,321.25,322.45,10468,1003,793,23.92
2026-09-08 15:13:46,23654.85,2026-09-08,23350.0,PE,0.6,0.6,0.65,817207,68817,31471,11.05
2026-09-08 15:13:46,23654.85,2026-09-08,23400.0,CE,272.0,271.65,272.6,72878,4119,3223,20.71
2026-09-08 15:13:46,23654.85,2026-09-08,23400.0,PE,0.85,0.85,0.9,2053575,151983,79891,9.94
2026-09-08 15:13:46,23654.85,2026-09-08,23450.0,CE,221.6,222.25,222.9,105218,3836,3237,18.51
2026-09-08 15:13:46,23654.85,2026-09-08,23450.0,PE,1.25,1.25,1.3,3303669,148680,80573,8.63
2026-09-08 15:13:46,23654.85,2026-09-08,23500.0,CE,174.15,173.85,174.05,852647,31274,26049,15.81
2026-09-08 15:13:46,23654.85,2026-09-08,23500.0,PE,2.85,2.8,2.85,6898925,253161,82983,7.91
2026-09-08 15:13:46,23654.85,2026-09-08,23550.0,CE,127.8,127.3,127.65,1177917,28340,26497,13.65
2026-09-08 15:13:46,23654.85,2026-09-08,23550.0,PE,6.4,6.3,6.4,10230094,277503,206254,7.15
2026-09-08 15:13:46,23654.85,2026-09-08,23600.0,CE,84.75,84.75,84.95,5886556,161995,152219,11.51
2026-09-08 15:13:46,23654.85,2026-09-08,23600.0,PE,14.7,14.65,14.7,20416214,501693,347706,6.55
2026-09-08 15:13:46,23654.85,2026-09-08,23650.0,CE,51.75,51.75,51.9,12561658,366691,355195,10.19
2026-09-08 15:13:46,23654.85,2026-09-08,23650.0,PE,30.65,30.65,30.7,23457631,414177,296300,5.67
2026-09-08 15:13:46,23654.85,2026-09-08,23700.0,CE,28.05,28.05,28.15,21996034,563924,518683,9.7
2026-09-08 15:13:46,23654.85,2026-09-08,23700.0,PE,57.3,57.1,57.3,18839165,229378,83697,3.66
2026-09-08 15:13:46,23654.85,2026-09-08,23750.0,CE,14.2,14.1,14.15,12283732,367068,285560,9.58
2026-09-08 15:13:46,23654.85,2026-09-08,23750.0,PE,93.15,93.0,93.2,6103649,75502,-35670,
2026-09-08 15:13:46,23654.85,2026-09-08,23800.0,CE,6.8,6.8,6.85,11647255,410156,146849,9.73
2026-09-08 15:13:46,23654.85,2026-09-08,23800.0,PE,136.0,136.0,136.3,3652499,70548,-73317,
2026-09-08 15:13:46,23654.85,2026-09-08,23850.0,CE,3.65,3.65,3.7,5779602,217993,33507,10.34
2026-09-08 15:13:46,23654.85,2026-09-08,23850.0,PE,182.25,181.85,182.25,902410,26796,-26865,
2026-09-08 15:13:46,23654.85,2026-09-08,23900.0,CE,2.2,2.2,2.25,6038804,231372,-30137,11.26
2026-09-08 15:13:46,23654.85,2026-09-08,23900.0,PE,230.5,230.55,231.2,602870,24188,-30193,
2026-09-08 15:13:46,23654.85,2026-09-08,23950.0,CE,1.55,1.55,1.6,3671627,149436,-9060,12.2
2026-09-08 15:13:46,23654.85,2026-09-08,23950.0,PE,280.9,280.25,280.9,114768,9830,-17051,
2026-09-08 15:13:46,23654.85,2026-09-08,24000.0,CE,1.1,1.1,1.15,3851753,298301,-27055,13.34
2026-09-08 15:13:46,23654.85,2026-09-08,24000.0,PE,331.4,330.2,331.45,186018,33565,-27069,
2026-09-08 15:13:46,23654.85,2026-09-08,24050.0,CE,0.85,0.85,0.9,1777414,124681,-26759,14.35
2026-09-08 15:13:46,23654.85,2026-09-08,24050.0,PE,381.0,379.5,380.75,19319,5420,-4501,
2026-09-08 15:13:46,23654.85,2026-09-08,24100.0,CE,0.7,0.65,0.7,2052285,157985,-64871,15.25
2026-09-08 15:13:46,23654.85,2026-09-08,24100.0,PE,431.8,428.95,430.25,28677,11713,-6244,
2026-09-08 15:13:46,23654.85,2026-09-08,24150.0,CE,0.5,0.5,0.55,1449921,90751,-19255,16.31
2026-09-08 15:13:46,23654.85,2026-09-08,24150.0,PE,480.6,478.1,479.9,6924,5334,-2053,
2026-09-08 15:14:47,23645.6,2026-09-08,23150.0,CE,526.75,524.35,526.7,416,147,118,34.3
2026-09-08 15:14:47,23645.6,2026-09-08,23150.0,PE,0.25,0.25,0.3,892634,52159,25133,15.41
2026-09-08 15:14:47,23645.6,2026-09-08,23200.0,CE,473.25,474.25,476.4,1773,485,322,28.04
2026-09-08 15:14:47,23645.6,2026-09-08,23200.0,PE,0.35,0.35,0.4,921904,121697,62014,14.53
2026-09-08 15:14:47,23645.6,2026-09-08,23250.0,CE,425.15,423.65,425.65,1967,440,410,26.56
2026-09-08 15:14:47,23645.6,2026-09-08,23250.0,PE,0.35,0.35,0.4,534927,58953,21500,13.27
2026-09-08 15:14:47,23645.6,2026-09-08,23300.0,CE,374.1,374.6,375.95,10037,1099,774,25.68
2026-09-08 15:14:47,23645.6,2026-09-08,23300.0,PE,0.55,0.5,0.55,1195413,142278,71103,12.26
2026-09-08 15:14:47,23645.6,2026-09-08,23350.0,CE,325.45,324.8,325.85,10472,1003,793,23.92
2026-09-08 15:14:47,23645.6,2026-09-08,23350.0,PE,0.65,0.6,0.65,818824,68817,31471,11.05
2026-09-08 15:14:47,23645.6,2026-09-08,23400.0,CE,276.7,274.8,275.6,72942,4119,3223,20.71
2026-09-08 15:14:47,23645.6,2026-09-08,23400.0,PE,0.85,0.8,0.85,2058690,151983,79891,9.94
2026-09-08 15:14:47,23645.6,2026-09-08,23450.0,CE,226.2,226.25,226.8,105348,3836,3237,18.51
2026-09-08 15:14:47,23645.6,2026-09-08,23450.0,PE,1.25,1.2,1.25,3308640,148680,80573,8.63
2026-09-08 15:14:47,23645.6,2026-09-08,23500.0,CE,177.7,177.5,177.95,853554,31274,26049,15.81
2026-09-08 15:14:47,23645.6,2026-09-08,23500.0,PE,2.7,2.65,2.7,6911014,253161,82983,7.91
2026-09-08 15:14:47,23645.6,2026-09-08,23550.0,CE,130.15,130.45,130.75,1180116,28340,26497,13.65
2026-09-08 15:14:47,23645.6,2026-09-08,23550.0,PE,6.1,6.05,6.1,10253600,277503,206254,7.15
2026-09-08 15:14:47,23645.6,2026-09-08,23600.0,CE,88.5,88.3,88.5,5896631,161995,152219,11.51
2026-09-08 15:14:47,23645.6,2026-09-08,23600.0,PE,13.95,14.0,14.05,20447996,501693,347706,6.55
2026-09-08 15:14:47,23645.6,2026-09-08,23650.0,CE,54.4,54.25,54.4,12588673,366691,355195,10.19
2026-09-08 15:14:47,23645.6,2026-09-08,23650.0,PE,29.35,29.3,29.35,23489822,414177,296300,5.67
2026-09-08 15:14:47,23645.6,2026-09-08,23700.0,CE,30.05,30.0,30.05,22037204,563924,518683,9.7
2026-09-08 15:14:47,23645.6,2026-09-08,23700.0,PE,55.2,55.1,55.2,18859719,229378,83697,3.66
2026-09-08 15:14:47,23645.6,2026-09-08,23750.0,CE,15.1,15.0,15.1,12312874,367068,285560,9.58
2026-09-08 15:14:47,23645.6,2026-09-08,23750.0,PE,91.15,90.85,91.1,6108349,75502,-35670,
2026-09-08 15:14:47,23645.6,2026-09-08,23800.0,CE,7.4,7.4,7.45,11678963,410156,146849,9.73
2026-09-08 15:14:47,23645.6,2026-09-08,23800.0,PE,132.8,132.45,132.7,3654928,70548,-73317,
2026-09-08 15:14:47,23645.6,2026-09-08,23850.0,CE,4.0,4.0,4.05,5795982,217993,33507,10.34
2026-09-08 15:14:47,23645.6,2026-09-08,23850.0,PE,178.3,178.45,178.85,902898,26796,-26865,
2026-09-08 15:14:47,23645.6,2026-09-08,23900.0,CE,2.4,2.35,2.4,6054503,231372,-30137,11.26
2026-09-08 15:14:47,23645.6,2026-09-08,23900.0,PE,227.4,228.05,228.6,603324,24188,-30193,
2026-09-08 15:14:47,23645.6,2026-09-08,23950.0,CE,1.65,1.6,1.65,3682032,149436,-9060,12.2
2026-09-08 15:14:47,23645.6,2026-09-08,23950.0,PE,276.85,276.8,277.5,114799,9830,-17051,
2026-09-08 15:14:47,23645.6,2026-09-08,24000.0,CE,1.2,1.2,1.25,3875458,298301,-27055,13.34
2026-09-08 15:14:47,23645.6,2026-09-08,24000.0,PE,326.0,325.85,326.65,186301,33565,-27069,
2026-09-08 15:14:47,23645.6,2026-09-08,24050.0,CE,0.9,0.9,0.95,1781333,124681,-26759,14.35
2026-09-08 15:14:47,23645.6,2026-09-08,24050.0,PE,377.9,375.9,377.05,19325,5420,-4501,
2026-09-08 15:14:47,23645.6,2026-09-08,24100.0,CE,0.65,0.65,0.7,2058349,157985,-64871,15.25
2026-09-08 15:14:47,23645.6,2026-09-08,24100.0,PE,427.9,426.05,426.5,28807,11713,-6244,
2026-09-08 15:14:47,23645.6,2026-09-08,24150.0,CE,0.55,0.55,0.6,1452388,90751,-19255,16.31
2026-09-08 15:14:47,23645.6,2026-09-08,24150.0,PE,478.45,474.2,475.65,6925,5334,-2053,
2026-09-08 15:15:47,23640.05,2026-09-08,23150.0,CE,494.7,485.9,490.15,452,150,121,34.3
2026-09-08 15:15:47,23640.05,2026-09-08,23150.0,PE,0.25,0.25,0.3,906808,53080,26054,15.41
2026-09-08 15:15:47,23640.05,2026-09-08,23200.0,CE,438.0,436.5,441.8,1803,480,317,28.04
2026-09-08 15:15:47,23640.05,2026-09-08,23200.0,PE,0.35,0.3,0.35,931786,120089,60406,14.53
2026-09-08 15:15:47,23640.05,2026-09-08,23250.0,CE,387.4,386.65,388.85,2016,445,415,26.56
2026-09-08 15:15:47,23640.05,2026-09-08,23250.0,PE,0.4,0.4,0.45,546458,56829,19376,13.27
2026-09-08 15:15:47,23640.05,2026-09-08,23300.0,CE,339.45,339.0,340.2,10378,1142,817,25.68
2026-09-08 15:15:47,23640.05,2026-09-08,23300.0,PE,0.55,0.55,0.6,1215758,149397,78222,12.26
2026-09-08 15:15:47,23640.05,2026-09-08,23350.0,CE,289.65,289.4,290.6,10936,1119,909,23.92
2026-09-08 15:15:47,23640.05,2026-09-08,23350.0,PE,0.75,0.7,0.75,842307,69565,32219,11.05
2026-09-08 15:15:47,23640.05,2026-09-08,23400.0,CE,239.8,241.75,242.7,74456,4049,3153,20.71
2026-09-08 15:15:47,23640.05,2026-09-08,23400.0,PE,1.0,1.0,1.05,2109525,152399,80307,9.94
2026-09-08 15:15:47,23640.05,2026-09-08,23450.0,CE,190.7,190.4,191.15,107969,4258,3659,18.51
2026-09-08 15:15:47,23640.05,2026-09-08,23450.0,PE,1.4,1.4,1.45,3431278,149310,81203,8.63
2026-09-08 15:15:47,23640.05,2026-09-08,23500.0,CE,142.3,141.75,142.15,870286,29635,24410,15.81
2026-09-08 15:15:47,23640.05,2026-09-08,23500.0,PE,3.45,3.45,3.5,7088257,259695,89517,7.91
2026-09-08 15:15:47,23640.05,2026-09-08,23550.0,CE,98.7,98.5,98.75,1204076,28411,26568,13.65
2026-09-08 15:15:47,23640.05,2026-09-08,23550.0,PE,8.25,8.25,8.3,10551440,280471,209222,7.15
2026-09-08 15:15:47,23640.05,2026-09-08,23600.0,CE,57.6,57.45,57.6,6024329,160699,150923,11.51
2026-09-08 15:15:47,23640.05,2026-09-08,23600.0,PE,20.95,20.9,21.0,20941152,476691,322704,6.55
2026-09-08 15:15:47,23640.05,2026-09-08,23650.0,CE,31.35,31.35,31.5,12921377,338078,326582,10.19
2026-09-08 15:15:47,23640.05,2026-09-08,23650.0,PE,40.75,40.6,40.75,23974643,371980,254103,5.67
2026-09-08 15:15:47,23640.05,2026-09-08,23700.0,CE,14.25,14.25,14.35,22512421,535451,490210,9.7
2026-09-08 15:15:47,23640.05,2026-09-08,23700.0,PE,75.45,75.35,75.5,19098498,190808,45127,3.66
2026-09-08 15:15:47,23640.05,2026-09-08,23750.0,CE,6.35,6.35,6.4,12663012,345636,264128,9.58
2026-09-08 15:15:47,23640.05,2026-09-08,23750.0,PE,117.3,117.05,117.3,6177991,62822,-48350,
2026-09-08 15:15:47,23640.05,2026-09-08,23800.0,CE,3.0,2.95,3.0,12019031,386612,123305,9.73
2026-09-08 15:15:47,23640.05,2026-09-08,23800.0,PE,165.7,164.9,165.35,3690493,57007,-86858,
2026-09-08 15:15:47,23640.05,2026-09-08,23850.0,CE,1.9,1.9,1.95,5975871,214334,29848,10.34
2026-09-08 15:15:47,23640.05,2026-09-08,23850.0,PE,212.95,212.85,213.4,911549,25290,-28371,
2026-09-08 15:15:47,23640.05,2026-09-08,23900.0,CE,1.3,1.3,1.35,6201690,225747,-35762,11.26
2026-09-08 15:15:47,23640.05,2026-09-08,23900.0,PE,260.25,260.15,260.8,609009,23452,-30929,
2026-09-08 15:15:47,23640.05,2026-09-08,23950.0,CE,1.05,1.0,1.05,3748769,145255,-13241,12.2
2026-09-08 15:15:47,23640.05,2026-09-08,23950.0,PE,313.0,312.95,313.9,116223,9083,-17798,
2026-09-08 15:15:47,23640.05,2026-09-08,24000.0,CE,0.85,0.85,0.9,3966262,296543,-28813,13.34
2026-09-08 15:15:47,23640.05,2026-09-08,24000.0,PE,360.0,361.15,362.2,189048,32819,-27815,
2026-09-08 15:15:47,23640.05,2026-09-08,24050.0,CE,0.65,0.65,0.7,1794636,123069,-28371,14.35
2026-09-08 15:15:47,23640.05,2026-09-08,24050.0,PE,414.0,410.45,413.3,19719,5204,-4717,
2026-09-08 15:15:47,23640.05,2026-09-08,24100.0,CE,0.6,0.6,0.65,2080035,153725,-69131,15.25
2026-09-08 15:15:47,23640.05,2026-09-08,24100.0,PE,464.1,459.05,460.85,29783,10995,-6962,
2026-09-08 15:15:47,23640.05,2026-09-08,24150.0,CE,0.5,0.45,0.5,1464905,87066,-22940,16.31
2026-09-08 15:15:47,23640.05,2026-09-08,24150.0,PE,513.45,508.4,510.9,7025,5202,-2185,
2026-09-08 15:16:47,23640.05,2026-09-08,23150.0,CE,500.5,483.85,487.5,454,150,121,34.3
2026-09-08 15:16:47,23640.05,2026-09-08,23150.0,PE,0.3,0.25,0.3,912175,52166,25140,15.41
2026-09-08 15:16:47,23640.05,2026-09-08,23200.0,CE,449.7,435.5,437.55,1808,480,317,28.04
2026-09-08 15:16:47,23640.05,2026-09-08,23200.0,PE,0.4,0.35,0.4,944193,120089,60406,14.53
2026-09-08 15:16:47,23640.05,2026-09-08,23250.0,CE,387.15,386.7,389.35,2029,458,428,26.56
2026-09-08 15:16:47,23640.05,2026-09-08,23250.0,PE,0.45,0.45,0.5,551494,56829,19376,13.27
2026-09-08 15:16:47,23640.05,2026-09-08,23300.0,CE,335.95,335.85,337.15,10445,1142,817,25.68
2026-09-08 15:16:47,23640.05,2026-09-08,23300.0,PE,0.6,0.55,0.6,1228593,149397,78222,12.26
2026-09-08 15:16:47,23640.05,2026-09-08,23350.0,CE,287.5,287.05,288.15,11168,1119,909,23.92
2026-09-08 15:16:47,23640.05,2026-09-08,23350.0,PE,0.7,0.7,0.75,848481,69565,32219,11.05
2026-09-08 15:16:47,23640.05,2026-09-08,23400.0,CE,236.75,236.3,237.15,74960,4049,3153,20.71
2026-09-08 15:16:47,23640.05,2026-09-08,23400.0,PE,0.95,0.9,0.95,2131010,152399,80307,9.94
2026-09-08 15:16:47,23640.05,2026-09-08,23450.0,CE,188.2,188.15,188.5,109004,4562,3963,18.51
2026-09-08 15:16:47,23640.05,2026-09-08,23450.0,PE,1.35,1.3,1.35,3519291,148037,79930,8.63
2026-09-08 15:16:47,23640.05,2026-09-08,23500.0,CE,139.65,139.65,140.05,879218,30612,25387,15.81
2026-09-08 15:16:47,23640.05,2026-09-08,23500.0,PE,3.1,3.1,3.15,7200185,267369,97191,7.91
2026-09-08 15:16:47,23640.05,2026-09-08,23550.0,CE,94.45,94.1,94.35,1216312,28411,26568,13.65
2026-09-08 15:16:47,23640.05,2026-09-08,23550.0,PE,7.95,7.95,8.0,10707511,280471,209222,7.15
2026-09-08 15:16:47,23640.05,2026-09-08,23600.0,CE,55.75,55.6,55.75,6095967,160699,150923,11.51
2026-09-08 15:16:47,23640.05,2026-09-08,23600.0,PE,19.5,19.35,19.4,21183163,476691,322704,6.55
2026-09-08 15:16:47,23640.05,2026-09-08,23650.0,CE,27.6,27.5,27.6,13093732,338078,326582,10.19
2026-09-08 15:16:47,23640.05,2026-09-08,23650.0,PE,42.3,42.15,42.25,24186752,371980,254103,5.67
2026-09-08 15:16:47,23640.05,2026-09-08,23700.0,CE,12.55,12.5,12.6,22719277,535451,490210,9.7
2026-09-08 15:16:47,23640.05,2026-09-08,23700.0,PE,76.45,76.2,76.4,19198822,190808,45127,3.66
2026-09-08 15:16:47,23640.05,2026-09-08,23750.0,CE,5.5,5.45,5.5,12817105,345636,264128,9.58
2026-09-08 15:16:47,23640.05,2026-09-08,23750.0,PE,119.05,118.75,119.1,6199884,62822,-48350,
2026-09-08 15:16:47,23640.05,2026-09-08,23800.0,CE,2.75,2.75,2.8,12149637,372202,108895,9.73
2026-09-08 15:16:47,23640.05,2026-09-08,23800.0,PE,165.6,165.65,166.2,3701568,52565,-91300,
2026-09-08 15:16:47,23640.05,2026-09-08,23850.0,CE,1.85,1.8,1.85,6045369,206665,22179,10.34
2026-09-08 15:16:47,23640.05,2026-09-08,23850.0,PE,214.95,214.55,215.2,914267,24323,-29338,
2026-09-08 15:16:47,23640.05,2026-09-08,23900.0,CE,1.35,1.3,1.35,6258094,225747,-35762,11.26
2026-09-08 15:16:47,23640.05,2026-09-08,23900.0,PE,264.75,264.55,265.4,610511,23452,-30929,
2026-09-08 15:16:47,23640.05,2026-09-08,23950.0,CE,0.95,0.9,0.95,3775234,145255,-13241,12.2
2026-09-08 15:16:47,23640.05,2026-09-08,23950.0,PE,313.75,313.6,314.6,116905,9083,-17798,
2026-09-08 15:16:47,23640.05,2026-09-08,24000.0,CE,0.75,0.75,0.8,3993600,296543,-28813,13.34
2026-09-08 15:16:47,23640.05,2026-09-08,24000.0,PE,364.4,364.2,365.15,190012,32819,-27815,
2026-09-08 15:16:47,23640.05,2026-09-08,24050.0,CE,0.6,0.6,0.65,1804322,123069,-28371,14.35
2026-09-08 15:16:47,23640.05,2026-09-08,24050.0,PE,415.65,413.15,415.35,19805,5204,-4717,
2026-09-08 15:16:47,23640.05,2026-09-08,24100.0,CE,0.55,0.5,0.55,2093435,153725,-69131,15.25
2026-09-08 15:16:47,23640.05,2026-09-08,24100.0,PE,463.65,464.25,465.6,30045,10995,-6962,
2026-09-08 15:16:47,23640.05,2026-09-08,24150.0,CE,0.45,0.45,0.5,1470847,90597,-19409,16.31
2026-09-08 15:16:47,23640.05,2026-09-08,24150.0,PE,513.55,512.55,515.05,7227,5152,-2235,
2026-09-08 15:17:47,23640.05,2026-09-08,23150.0,CE,500.5,471.25,474.9,454,150,121,34.3
2026-09-08 15:17:47,23640.05,2026-09-08,23150.0,PE,0.3,0.25,0.3,934782,52166,25140,15.41
2026-09-08 15:17:47,23640.05,2026-09-08,23200.0,CE,423.0,422.8,424.4,1820,481,318,28.04
2026-09-08 15:17:47,23640.05,2026-09-08,23200.0,PE,0.4,0.4,0.45,952786,119421,59738,14.53
2026-09-08 15:17:47,23640.05,2026-09-08,23250.0,CE,369.7,372.3,374.05,2069,464,434,26.56
2026-09-08 15:17:47,23640.05,2026-09-08,23250.0,PE,0.5,0.5,0.55,562195,57883,20430,13.27
2026-09-08 15:17:47,23640.05,2026-09-08,23300.0,CE,323.9,323.75,325.0,10643,1168,843,25.68
2026-09-08 15:17:47,23640.05,2026-09-08,23300.0,PE,0.55,0.55,0.6,1253449,145804,74629,12.26
2026-09-08 15:17:47,23640.05,2026-09-08,23350.0,CE,274.05,272.35,273.45,11393,1124,914,23.92
2026-09-08 15:17:47,23640.05,2026-09-08,23350.0,PE,0.7,0.7,0.75,866840,69663,32317,11.05
2026-09-08 15:17:47,23640.05,2026-09-08,23400.0,CE,224.5,223.75,224.5,76289,4179,3283,20.71
2026-09-08 15:17:47,23640.05,2026-09-08,23400.0,PE,0.95,0.95,1.0,2189883,151573,79481,9.94
2026-09-08 15:17:47,23640.05,2026-09-08,23450.0,CE,174.5,173.05,173.7,111080,4444,3845,18.51
2026-09-08 15:17:47,23640.05,2026-09-08,23450.0,PE,1.2,1.15,1.2,3691633,143516,75409,8.63
2026-09-08 15:17:47,23640.05,2026-09-08,23500.0,CE,125.1,125.1,125.45,898229,30612,25387,15.81
2026-09-08 15:17:47,23640.05,2026-09-08,23500.0,PE,2.15,2.1,2.15,7476956,267369,97191,7.91
2026-09-08 15:17:47,23640.05,2026-09-08,23550.0,CE,79.45,79.15,79.4,1257522,31486,29643,13.65
2026-09-08 15:17:47,23640.05,2026-09-08,23550.0,PE,6.1,6.05,6.15,11003848,276205,204956,7.15
2026-09-08 15:17:47,23640.05,2026-09-08,23600.0,CE,41.75,41.7,41.8,6300442,185946,176170,11.51
2026-09-08 15:17:47,23640.05,2026-09-08,23600.0,PE,19.8,19.85,20.0,21683704,450223,296236,6.55
2026-09-08 15:17:47,23640.05,2026-09-08,23650.0,CE,18.7,18.65,18.7,13546252,356196,344700,10.19
2026-09-08 15:17:47,23640.05,2026-09-08,23650.0,PE,45.2,45.25,45.4,24585712,321517,203640,5.67
2026-09-08 15:17:47,23640.05,2026-09-08,23700.0,CE,7.6,7.55,7.6,23182551,522902,477661,9.7
2026-09-08 15:17:47,23640.05,2026-09-08,23700.0,PE,85.2,85.25,85.45,19368155,160917,15236,3.66
2026-09-08 15:17:47,23640.05,2026-09-08,23750.0,CE,3.5,3.45,3.5,13128851,332341,250833,9.58
2026-09-08 15:17:47,23640.05,2026-09-08,23750.0,PE,130.75,130.1,130.5,6244881,53982,-57190,
2026-09-08 15:17:47,23640.05,2026-09-08,23800.0,CE,2.15,2.15,2.2,12372128,359457,96150,9.73
2026-09-08 15:17:47,23640.05,2026-09-08,23800.0,PE,180.0,179.95,180.4,3725700,49975,-93890,
2026-09-08 15:17:47,23640.05,2026-09-08,23850.0,CE,1.75,1.7,1.75,6179084,206665,22179,10.34
2026-09-08 15:17:47,23640.05,2026-09-08,23850.0,PE,228.65,228.1,228.65,919716,24323,-29338,
2026-09-08 15:17:47,23640.05,2026-09-08,23900.0,CE,1.3,1.3,1.35,6356832,226442,-35067,11.26
2026-09-08 15:17:47,23640.05,2026-09-08,23900.0,PE,277.85,277.5,278.3,613749,22952,-31429,
2026-09-08 15:17:47,23640.05,2026-09-08,23950.0,CE,1.0,1.0,1.05,3842105,150026,-8470,12.2
2026-09-08 15:17:47,23640.05,2026-09-08,23950.0,PE,329.05,328.25,329.3,117578,8887,-17994,
2026-09-08 15:17:47,23640.05,2026-09-08,24000.0,CE,0.85,0.8,0.85,4059606,292338,-33018,13.34
2026-09-08 15:17:47,23640.05,2026-09-08,24000.0,PE,376.7,376.2,377.6,191000,32673,-27961,
2026-09-08 15:17:47,23640.05,2026-09-08,24050.0,CE,0.7,0.7,0.75,1834649,119237,-32203,14.35
2026-09-08 15:17:47,23640.05,2026-09-08,24050.0,PE,429.55,427.05,429.0,19909,5152,-4769,
2026-09-08 15:17:47,23640.05,2026-09-08,24100.0,CE,0.55,0.55,0.6,2121678,152378,-70478,15.25
2026-09-08 15:17:47,23640.05,2026-09-08,24100.0,PE,479.75,476.7,478.8,30156,10893,-7064,
2026-09-08 15:17:47,23640.05,2026-09-08,24150.0,CE,0.5,0.5,0.55,1496345,93515,-16491,16.31
2026-09-08 15:17:47,23640.05,2026-09-08,24150.0,PE,526.85,526.75,529.45,7288,5141,-2246,
2026-09-08 15:18:48,23640.05,2026-09-08,23150.0,CE,500.5,496.9,501.7,454,150,121,34.3
2026-09-08 15:18:48,23640.05,2026-09-08,23150.0,PE,0.25,0.25,0.3,948572,51827,24801,15.41
2026-09-08 15:18:48,23640.05,2026-09-08,23200.0,CE,448.8,447.55,451.1,1876,453,290,28.04
2026-09-08 15:18:48,23640.05,2026-09-08,23200.0,PE,0.4,0.4,0.45,970272,120969,61286,14.53
2026-09-08 15:18:48,23640.05,2026-09-08,23250.0,CE,397.0,397.05,399.5,2089,464,434,26.56
2026-09-08 15:18:48,23640.05,2026-09-08,23250.0,PE,0.5,0.5,0.55,580619,58942,21489,13.27
2026-09-08 15:18:48,23640.05,2026-09-08,23300.0,CE,347.65,348.2,349.6,10955,1153,828,25.68
2026-09-08 15:18:48,23640.05,2026-09-08,23300.0,PE,0.55,0.55,0.6,1288863,146340,75165,12.26
2026-09-08 15:18:48,23640.05,2026-09-08,23350.0,CE,298.65,297.05,298.05,11869,1072,862,23.92
2026-09-08 15:18:48,23640.05,2026-09-08,23350.0,PE,0.6,0.6,0.65,888475,69663,32317,11.05
2026-09-08 15:18:48,23640.05,2026-09-08,23400.0,CE,251.4,247.3,248.35,79013,4129,3233,20.71
2026-09-08 15:18:48,23640.05,2026-09-08,23400.0,PE,0.8,0.75,0.8,2258320,147458,75366,9.94
2026-09-08 15:18:48,23640.05,2026-09-08,23450.0,CE,196.55,198.4,199.05,114167,4444,3845,18.51
2026-09-08 15:18:48,23640.05,2026-09-08,23450.0,PE,1.15,1.1,1.15,3783356,143516,75409,8.63
2026-09-08 15:18:48,23640.05,2026-09-08,23500.0,CE,149.2,149.15,149.45,921899,29143,23918,15.81
2026-09-08 15:18:48,23640.05,2026-09-08,23500.0,PE,1.8,1.75,1.8,7922092,265010,94832,7.91
2026-09-08 15:18:48,23640.05,2026-09-08,23550.0,CE,101.9,101.9,102.2,1302376,31360,29517,13.65
2026-09-08 15:18:48,23640.05,2026-09-08,23550.0,PE,3.65,3.6,3.65,11541496,286485,215236,7.15
2026-09-08 15:18:48,23640.05,2026-09-08,23600.0,CE,57.45,57.45,57.5,6559501,185296,175520,11.51
2026-09-08 15:18:48,23640.05,2026-09-08,23600.0,PE,9.8,9.75,9.8,22532723,468996,315009,6.55
2026-09-08 15:18:48,23640.05,2026-09-08,23650.0,CE,23.4,23.3,23.4,14051594,350606,339110,10.19
2026-09-08 15:18:48,23640.05,2026-09-08,23650.0,PE,26.35,26.2,26.3,25260864,318461,200584,5.67
2026-09-08 15:18:48,23640.05,2026-09-08,23700.0,CE,8.05,7.95,8.05,23793720,503091,457850,9.7
2026-09-08 15:18:48,23640.05,2026-09-08,23700.0,PE,60.25,60.35,60.6,19632770,167740,22059,3.66
2026-09-08 15:18:48,23640.05,2026-09-08,23750.0,CE,3.15,3.1,3.15,13520005,323522,242014,9.58
2026-09-08 15:18:48,23640.05,2026-09-08,23750.0,PE,106.15,106.0,106.35,6302957,53181,-57991,
2026-09-08 15:18:48,23640.05,2026-09-08,23800.0,CE,2.15,2.15,2.2,12660882,359457,96150,9.73
2026-09-08 15:18:48,23640.05,2026-09-08,23800.0,PE,156.25,156.2,156.75,3756917,49975,-93890,
2026-09-08 15:18:48,23640.05,2026-09-08,23850.0,CE,1.7,1.65,1.7,6387245,207986,23500,10.34
2026-09-08 15:18:48,23640.05,2026-09-08,23850.0,PE,205.25,203.3,204.0,926259,23456,-30205,
2026-09-08 15:18:48,23640.05,2026-09-08,23900.0,CE,1.35,1.35,1.4,6494761,220479,-41030,11.26
2026-09-08 15:18:48,23640.05,2026-09-08,23900.0,PE,252.3,252.75,253.5,617182,22847,-31534,
2026-09-08 15:18:48,23640.05,2026-09-08,23950.0,CE,1.1,1.1,1.15,3919145,153000,-5496,12.2
2026-09-08 15:18:48,23640.05,2026-09-08,23950.0,PE,302.7,302.65,303.7,118344,8864,-18017,
2026-09-08 15:18:48,23640.05,2026-09-08,24000.0,CE,0.9,0.85,0.9,4137751,288978,-36378,13.34
2026-09-08 15:18:48,23640.05,2026-09-08,24000.0,PE,354.25,351.8,353.0,192730,32509,-28125,
2026-09-08 15:18:48,23640.05,2026-09-08,24050.0,CE,0.7,0.65,0.7,1860982,118573,-32867,14.35
2026-09-08 15:18:48,23640.05,2026-09-08,24050.0,PE,400.3,402.95,404.95,20048,5124,-4797,
2026-09-08 15:18:48,23640.05,2026-09-08,24100.0,CE,0.6,0.55,0.6,2151910,151641,-71215,15.25
2026-09-08 15:18:48,23640.05,2026-09-08,24100.0,PE,451.7,452.65,454.65,30326,10817,-7140,
2026-09-08 15:18:48,23640.05,2026-09-08,24150.0,CE,0.5,0.45,0.5,1524679,93515,-16491,16.31
2026-09-08 15:18:48,23640.05,2026-09-08,24150.0,PE,504.9,501.4,504.0,7340,5141,-2246,
2026-09-08 15:19:48,23640.05,2026-09-08,23150.0,CE,500.5,491.15,494.8,454,150,121,34.3
2026-09-08 15:19:48,23640.05,2026-09-08,23150.0,PE,0.3,0.25,0.3,954764,51447,24421,15.41
2026-09-08 15:19:48,23640.05,2026-09-08,23200.0,CE,443.4,443.0,444.6,1881,443,280,28.04
2026-09-08 15:19:48,23640.05,2026-09-08,23200.0,PE,0.4,0.4,0.45,975691,123012,63329,14.53
2026-09-08 15:19:48,23640.05,2026-09-08,23250.0,CE,397.25,392.75,394.15,2105,454,424,26.56
2026-09-08 15:19:48,23640.05,2026-09-08,23250.0,PE,0.5,0.5,0.55,584555,58946,21493,13.27
2026-09-08 15:19:48,23640.05,2026-09-08,23300.0,CE,347.35,343.35,344.55,11046,1074,749,25.68
2026-09-08 15:19:48,23640.05,2026-09-08,23300.0,PE,0.6,0.6,0.65,1303197,146922,75747,12.26
2026-09-08 15:19:48,23640.05,2026-09-08,23350.0,CE,297.95,293.9,294.95,11950,993,783,23.92
2026-09-08 15:19:48,23640.05,2026-09-08,23350.0,PE,0.65,0.65,0.7,898035,69894,32548,11.05
2026-09-08 15:19:48,23640.05,2026-09-08,23400.0,CE,243.05,244.45,245.2,79326,3640,2744,20.71
2026-09-08 15:19:48,23640.05,2026-09-08,23400.0,PE,0.9,0.85,0.9,2285799,141858,69766,9.94
2026-09-08 15:19:48,23640.05,2026-09-08,23450.0,CE,193.0,194.55,195.3,114673,3803,3204,18.51
2026-09-08 15:19:48,23640.05,2026-09-08,23450.0,PE,1.15,1.15,1.2,3810521,141015,72908,8.63
2026-09-08 15:19:48,23640.05,2026-09-08,23500.0,CE,145.95,145.0,145.4,925322,24235,19010,15.81
2026-09-08 15:19:48,23640.05,2026-09-08,23500.0,PE,1.9,1.85,1.9,8057530,235062,64884,7.91
2026-09-08 15:19:48,23640.05,2026-09-08,23550.0,CE,97.05,96.8,97.15,1309557,25836,23993,13.65
2026-09-08 15:19:48,23640.05,2026-09-08,23550.0,PE,4.15,4.1,4.15,11694779,250521,179272,7.15
2026-09-08 15:19:48,23640.05,2026-09-08,23600.0,CE,54.4,54.3,54.4,6612043,163852,154076,11.51
2026-09-08 15:19:48,23640.05,2026-09-08,23600.0,PE,11.55,11.55,11.6,22786550,475622,321635,6.55
2026-09-08 15:19:48,23640.05,2026-09-08,23650.0,CE,22.55,22.45,22.55,14212189,339842,328346,10.19
2026-09-08 15:19:48,23640.05,2026-09-08,23650.0,PE,29.45,29.25,29.4,25472209,331184,213307,5.67
2026-09-08 15:19:48,23640.05,2026-09-08,23700.0,CE,7.95,7.95,8.0,23980624,513934,468693,9.7
2026-09-08 15:19:48,23640.05,2026-09-08,23700.0,PE,64.35,64.2,64.4,19712752,174564,28883,3.66
2026-09-08 15:19:48,23640.05,2026-09-08,23750.0,CE,3.15,3.1,3.2,13650541,329479,247971,9.58
2026-09-08 15:19:48,23640.05,2026-09-08,23750.0,PE,110.5,110.7,110.85,6317800,54132,-57040,
2026-09-08 15:19:48,23640.05,2026-09-08,23800.0,CE,2.0,2.0,2.05,12747325,368816,105509,9.73
2026-09-08 15:19:48,23640.05,2026-09-08,23800.0,PE,159.45,158.35,158.8,3763714,51266,-92599,
2026-09-08 15:19:48,23640.05,2026-09-08,23850.0,CE,1.45,1.45,1.5,6459657,200736,16250,10.34
2026-09-08 15:19:48,23640.05,2026-09-08,23850.0,PE,209.95,207.65,208.0,927397,23291,-30370,
2026-09-08 15:19:48,23640.05,2026-09-08,23900.0,CE,1.15,1.15,1.2,6526384,220016,-41493,11.26
2026-09-08 15:19:48,23640.05,2026-09-08,23900.0,PE,258.55,257.55,258.25,618149,22729,-31652,
2026-09-08 15:19:48,23640.05,2026-09-08,23950.0,CE,1.0,1.0,1.05,3949328,151207,-7289,12.2
2026-09-08 15:19:48,23640.05,2026-09-08,23950.0,PE,307.95,307.45,308.1,118574,8820,-18061,
2026-09-08 15:19:48,23640.05,2026-09-08,24000.0,CE,0.8,0.8,0.85,4169619,291813,-33543,13.34
2026-09-08 15:19:48,23640.05,2026-09-08,24000.0,PE,357.35,356.8,357.85,193210,32301,-28333,
2026-09-08 15:19:48,23640.05,2026-09-08,24050.0,CE,0.65,0.65,0.7,1870417,117361,-34079,14.35
2026-09-08 15:19:48,23640.05,2026-09-08,24050.0,PE,409.25,406.55,408.45,20095,5073,-4848,
2026-09-08 15:19:48,23640.05,2026-09-08,24100.0,CE,0.6,0.55,0.6,2163293,149359,-73497,15.25
2026-09-08 15:19:48,23640.05,2026-09-08,24100.0,PE,459.05,455.9,458.0,30441,10792,-7165,
2026-09-08 15:19:48,23640.05,2026-09-08,24150.0,CE,0.5,0.45,0.5,1528821,88415,-21591,16.31
2026-09-08 15:19:48,23640.05,2026-09-08,24150.0,PE,507.6,506.25,508.15,7346,5131,-2256,
2026-09-08 15:20:48,23640.05,2026-09-08,23150.0,CE,500.5,508.15,511.25,454,150,121,34.3
2026-09-08 15:20:48,23640.05,2026-09-08,23150.0,PE,0.35,0.3,0.35,960960,50213,23187,15.41
2026-09-08 15:20:48,23640.05,2026-09-08,23200.0,CE,457.8,458.7,461.35,1886,445,282,28.04
2026-09-08 15:20:48,23640.05,2026-09-08,23200.0,PE,0.45,0.4,0.45,982844,121712,62029,14.53
2026-09-08 15:20:48,23640.05,2026-09-08,23250.0,CE,398.9,408.0,410.0,2108,464,434,26.56
2026-09-08 15:20:48,23640.05,2026-09-08,23250.0,PE,0.5,0.5,0.55,590820,59757,22304,13.27
2026-09-08 15:20:48,23640.05,2026-09-08,23300.0,CE,351.2,359.6,361.3,11083,1110,785,25.68
2026-09-08 15:20:48,23640.05,2026-09-08,23300.0,PE,0.65,0.65,0.7,1310097,146393,75218,12.26
2026-09-08 15:20:48,23640.05,2026-09-08,23350.0,CE,308.85,309.05,310.1,12031,979,769,23.92
2026-09-08 15:20:48,23640.05,2026-09-08,23350.0,PE,0.75,0.75,0.8,908621,69072,31726,11.05
2026-09-08 15:20:48,23640.05,2026-09-08,23400.0,CE,257.7,259.3,260.05,79954,3667,2771,20.71
2026-09-08 15:20:48,23640.05,2026-09-08,23400.0,PE,1.0,1.0,1.05,2308148,141938,69846,9.94
2026-09-08 15:20:48,23640.05,2026-09-08,23450.0,CE,210.15,209.25,209.95,115738,4040,3441,18.51
2026-09-08 15:20:48,23640.05,2026-09-08,23450.0,PE,1.3,1.3,1.35,3846963,138490,70383,8.63
2026-09-08 15:20:48,23640.05,2026-09-08,23500.0,CE,160.75,159.35,159.7,932157,24523,19298,15.81
2026-09-08 15:20:48,23640.05,2026-09-08,23500.0,PE,1.95,1.95,2.0,8257093,240314,70136,7.91
2026-09-08 15:20:48,23640.05,2026-09-08,23550.0,CE,112.2,112.2,112.5,1322006,25641,23798,13.65
2026-09-08 15:20:48,23640.05,2026-09-08,23550.0,PE,3.8,3.75,3.8,11878006,263150,191901,7.15
2026-09-08 15:20:48,23640.05,2026-09-08,23600.0,CE,67.85,67.7,67.9,6679264,166910,157134,11.51
2026-09-08 15:20:48,23640.05,2026-09-08,23600.0,PE,9.85,9.8,9.9,23078648,495304,341317,6.55
2026-09-08 15:20:48,23640.05,2026-09-08,23650.0,CE,32.7,32.65,32.8,14402802,344999,333503,10.19
2026-09-08 15:20:48,23640.05,2026-09-08,23650.0,PE,23.4,23.3,23.4,25706687,331091,213214,5.67
2026-09-08 15:20:48,23640.05,2026-09-08,23700.0,CE,12.4,12.3,12.4,24225028,515528,470287,9.7
2026-09-08 15:20:48,23640.05,2026-09-08,23700.0,PE,53.7,53.55,53.75,19808397,173091,27410,3.66
2026-09-08 15:20:48,23640.05,2026-09-08,23750.0,CE,4.7,4.65,4.7,13848413,329231,247723,9.58
2026-09-08 15:20:48,23640.05,2026-09-08,23750.0,PE,96.15,96.35,96.65,6342400,53210,-57962,
2026-09-08 15:20:48,23640.05,2026-09-08,23800.0,CE,2.65,2.6,2.65,12846451,362010,98703,9.73
2026-09-08 15:20:48,23640.05,2026-09-08,23800.0,PE,145.1,144.65,145.15,3774015,50315,-93550,
2026-09-08 15:20:48,23640.05,2026-09-08,23850.0,CE,1.75,1.7,1.75,6529858,207383,22897,10.34
2026-09-08 15:20:48,23640.05,2026-09-08,23850.0,PE,193.05,193.35,193.9,929423,23212,-30449,
2026-09-08 15:20:48,23640.05,2026-09-08,23900.0,CE,1.3,1.25,1.3,6580210,217520,-43989,11.26
2026-09-08 15:20:48,23640.05,2026-09-08,23900.0,PE,241.9,242.25,242.95,619375,22721,-31660,
2026-09-08 15:20:48,23640.05,2026-09-08,23950.0,CE,1.0,1.0,1.05,3975289,151762,-6734,12.2
2026-09-08 15:20:48,23640.05,2026-09-08,23950.0,PE,293.35,292.15,293.25,118733,8677,-18204,
2026-09-08 15:20:48,23640.05,2026-09-08,24000.0,CE,0.8,0.75,0.8,4197662,290576,-34780,13.34
2026-09-08 15:20:48,23640.05,2026-09-08,24000.0,PE,340.5,340.05,341.15,193598,32224,-28410,
2026-09-08 15:20:48,23640.05,2026-09-08,24050.0,CE,0.6,0.6,0.65,1882637,116852,-34588,14.35
2026-09-08 15:20:48,23640.05,2026-09-08,24050.0,PE,392.95,390.85,392.25,20134,5071,-4850,
2026-09-08 15:20:48,23640.05,2026-09-08,24100.0,CE,0.55,0.5,0.55,2171649,149454,-73402,15.25
2026-09-08 15:20:48,23640.05,2026-09-08,24100.0,PE,442.7,440.95,442.65,30526,10730,-7227,
2026-09-08 15:20:48,23640.05,2026-09-08,24150.0,CE,0.4,0.4,0.45,1534606,89038,-20968,16.31
2026-09-08 15:20:48,23640.05,2026-09-08,24150.0,PE,497.85,490.1,493.1,7361,5127,-2260,
2026-09-08 15:21:49,23640.05,2026-09-08,23150.0,CE,430.5,418.2,425.8,470,150,121,22.7
2026-09-08 15:21:49,23640.05,2026-09-08,23150.0,PE,0.45,0.4,0.45,967994,49092,22066,15.98
2026-09-08 15:21:49,23640.05,2026-09-08,23200.0,CE,376.95,370.5,374.05,1915,444,281,22.81
2026-09-08 15:21:49,23640.05,2026-09-08,23200.0,PE,0.6,0.55,0.6,996546,120010,60327,14.96
2026-09-08 15:21:49,23640.05,2026-09-08,23250.0,CE,320.6,318.75,323.15,2217,462,432,23.71
2026-09-08 15:21:49,23640.05,2026-09-08,23250.0,PE,0.7,0.65,0.7,605825,58601,21148,13.8
2026-09-08 15:21:49,23640.05,2026-09-08,23300.0,CE,273.45,270.7,272.0,12220,1112,787,23.66
2026-09-08 15:21:49,23640.05,2026-09-08,23300.0,PE,0.85,0.8,0.85,1328345,147519,76344,12.78
2026-09-08 15:21:49,23640.05,2026-09-08,23350.0,CE,224.1,220.3,222.3,13917,992,782,21.62
2026-09-08 15:21:49,23640.05,2026-09-08,23350.0,PE,1.0,1.0,1.05,937660,69024,31678,11.36
2026-09-08 15:21:49,23640.05,2026-09-08,23400.0,CE,169.05,168.55,169.8,86922,3683,2787,18.49
2026-09-08 15:21:49,23640.05,2026-09-08,23400.0,PE,1.2,1.15,1.2,2394170,142218,70126,9.94
2026-09-08 15:21:49,23640.05,2026-09-08,23450.0,CE,119.5,118.6,119.25,123828,4016,3417,16.2
2026-09-08 15:21:49,23640.05,2026-09-08,23450.0,PE,1.2,1.2,1.25,3939003,138204,70097,8.46
2026-09-08 15:21:49,23640.05,2026-09-08,23500.0,CE,72.5,72.45,73.0,962421,23434,18209,10.33
2026-09-08 15:21:49,23640.05,2026-09-08,23500.0,PE,3.05,3.0,3.05,8633882,244490,74312,7.4
2026-09-08 15:21:49,23640.05,2026-09-08,23550.0,CE,30.35,30.35,30.75,1391521,24148,22305,9.47
2026-09-08 15:21:49,23640.05,2026-09-08,23550.0,PE,10.0,9.95,10.0,12302687,264924,193675,6.16
2026-09-08 15:21:49,23640.05,2026-09-08,23600.0,CE,5.5,5.5,5.6,6972019,168304,158528,6.75
2026-09-08 15:21:49,23640.05,2026-09-08,23600.0,PE,35.2,35.15,35.35,23753510,504795,350808,5.68
2026-09-08 15:21:49,23640.05,2026-09-08,23650.0,CE,1.4,1.35,1.4,14920944,341732,330236,6.98
2026-09-08 15:21:49,23640.05,2026-09-08,23650.0,PE,78.95,78.9,79.05,26232989,338796,220919,4.0
2026-09-08 15:21:49,23640.05,2026-09-08,23700.0,CE,1.0,1.0,1.05,24813915,515398,470157,6.67
2026-09-08 15:21:49,23640.05,2026-09-08,23700.0,PE,131.25,130.8,131.25,20050366,176967,31286,
2026-09-08 15:21:49,23640.05,2026-09-08,23750.0,CE,1.0,1.0,1.05,14229944,340533,259025,6.85
2026-09-08 15:21:49,23640.05,2026-09-08,23750.0,PE,184.15,183.45,183.8,6417223,52100,-59072,
2026-09-08 15:21:49,23640.05,2026-09-08,23800.0,CE,0.9,0.85,0.9,13084946,358649,95342,8.15
2026-09-08 15:21:49,23640.05,2026-09-08,23800.0,PE,233.05,232.9,233.55,3804967,51799,-92066,
2026-09-08 15:21:49,23640.05,2026-09-08,23850.0,CE,0.7,0.65,0.7,6689398,205023,20537,8.92
2026-09-08 15:21:49,23640.05,2026-09-08,23850.0,PE,281.45,280.55,281.4,937786,23125,-30536,
2026-09-08 15:21:49,23640.05,2026-09-08,23900.0,CE,0.6,0.55,0.6,6678716,216153,-45356,10.43
2026-09-08 15:21:49,23640.05,2026-09-08,23900.0,PE,328.95,327.75,329.2,625642,22551,-31830,
2026-09-08 15:21:49,23640.05,2026-09-08,23950.0,CE,0.5,0.45,0.5,4042935,152772,-5724,11.63
2026-09-08 15:21:49,23640.05,2026-09-08,23950.0,PE,379.6,379.6,381.5,121866,8656,-18225,
2026-09-08 15:21:49,23640.05,2026-09-08,24000.0,CE,0.35,0.35,0.4,4262145,286907,-38449,12.92
2026-09-08 15:21:49,23640.05,2026-09-08,24000.0,PE,433.15,428.65,430.4,196185,32193,-28441,
2026-09-08 15:21:49,23640.05,2026-09-08,24050.0,CE,0.35,0.3,0.35,1911129,115446,-35994,13.93
2026-09-08 15:21:49,23640.05,2026-09-08,24050.0,PE,477.0,479.0,482.1,20515,5055,-4866,
2026-09-08 15:21:49,23640.05,2026-09-08,24100.0,CE,0.25,0.2,0.25,2208354,148441,-74415,14.88
2026-09-08 15:21:49,23640.05,2026-09-08,24100.0,PE,520.9,526.8,529.75,30869,10715,-7242,
2026-09-08 15:21:49,23640.05,2026-09-08,24150.0,CE,0.25,0.2,0.25,1554744,89443,-20563,16.08
2026-09-08 15:21:49,23640.05,2026-09-08,24150.0,PE,572.9,577.8,582.05,7561,5121,-2266,
2026-09-08 15:22:49,23640.05,2026-09-08,23150.0,CE,429.05,418.45,423.15,475,163,134,22.7
2026-09-08 15:22:49,23640.05,2026-09-08,23150.0,PE,0.3,0.25,0.3,980606,49198,22172,15.98
2026-09-08 15:22:49,23640.05,2026-09-08,23200.0,CE,369.85,368.7,370.7,2125,474,311,22.81
2026-09-08 15:22:49,23640.05,2026-09-08,23200.0,PE,0.4,0.4,0.45,1009922,120593,60910,14.96
2026-09-08 15:22:49,23640.05,2026-09-08,23250.0,CE,320.0,320.5,321.85,2522,547,517,23.71
2026-09-08 15:22:49,23640.05,2026-09-08,23250.0,PE,0.55,0.55,0.6,616735,58434,20981,13.8
2026-09-08 15:22:49,23640.05,2026-09-08,23300.0,CE,270.85,268.35,269.25,13450,1445,1120,23.66
2026-09-08 15:22:49,23640.05,2026-09-08,23300.0,PE,0.7,0.65,0.7,1349334,145838,74663,12.78
2026-09-08 15:22:49,23640.05,2026-09-08,23350.0,CE,221.4,219.8,220.55,15470,1480,1270,21.62
2026-09-08 15:22:49,23640.05,2026-09-08,23350.0,PE,0.8,0.75,0.8,974399,70662,33316,11.36
2026-09-08 15:22:49,23640.05,2026-09-08,23400.0,CE,171.7,171.85,172.15,93569,5334,4438,18.49
2026-09-08 15:22:49,23640.05,2026-09-08,23400.0,PE,0.9,0.85,0.9,2462483,147899,75807,9.94
2026-09-08 15:22:49,23640.05,2026-09-08,23450.0,CE,121.95,121.6,121.95,134413,5571,4972,16.2
2026-09-08 15:22:49,23640.05,2026-09-08,23450.0,PE,1.0,1.0,1.05,4044558,135963,67856,8.46
2026-09-08 15:22:49,23640.05,2026-09-08,23500.0,CE,73.9,73.6,73.85,1002779,28997,23772,10.33
2026-09-08 15:22:49,23640.05,2026-09-08,23500.0,PE,2.9,2.85,2.9,8946384,244858,74680,7.4
2026-09-08 15:22:49,23640.05,2026-09-08,23550.0,CE,29.95,29.9,29.95,1507213,42221,40378,9.47
2026-09-08 15:22:49,23640.05,2026-09-08,23550.0,PE,11.3,11.25,11.3,12721667,244315,173066,6.16
2026-09-08 15:22:49,23640.05,2026-09-08,23600.0,CE,6.0,5.95,6.05,7294505,226644,216868,6.75
2026-09-08 15:22:49,23640.05,2026-09-08,23600.0,PE,36.65,36.4,36.55,24123451,313795,159808,5.68
2026-09-08 15:22:49,23640.05,2026-09-08,23650.0,CE,1.7,1.65,1.75,15285730,365484,353988,6.98
2026-09-08 15:22:49,23640.05,2026-09-08,23650.0,PE,84.0,83.65,84.0,26470058,213911,96034,4.0
2026-09-08 15:22:49,23640.05,2026-09-08,23700.0,CE,1.2,1.2,1.25,25107130,500665,455424,6.67
2026-09-08 15:22:49,23640.05,2026-09-08,23700.0,PE,131.75,131.75,132.2,20124965,113054,-32627,
2026-09-08 15:22:49,23640.05,2026-09-08,23750.0,CE,1.05,1.0,1.05,14382472,315855,234347,6.85
2026-09-08 15:22:49,23640.05,2026-09-08,23750.0,PE,181.1,180.65,181.05,6440075,35222,-75950,
2026-09-08 15:22:49,23640.05,2026-09-08,23800.0,CE,0.9,0.85,0.9,13202212,330884,67577,8.15
2026-09-08 15:22:49,23640.05,2026-09-08,23800.0,PE,230.5,230.0,230.5,3815219,46616,-97249,
2026-09-08 15:22:49,23640.05,2026-09-08,23850.0,CE,0.8,0.75,0.8,6767199,195596,11110,8.92
2026-09-08 15:22:49,23640.05,2026-09-08,23850.0,PE,279.75,279.5,280.4,941327,22299,-31362,
2026-09-08 15:22:49,23640.05,2026-09-08,23900.0,CE,0.7,0.7,0.75,6714783,209365,-52144,10.43
2026-09-08 15:22:49,23640.05,2026-09-08,23900.0,PE,332.0,331.25,332.3,627804,21796,-32585,
2026-09-08 15:22:49,23640.05,2026-09-08,23950.0,CE,0.6,0.6,0.65,4070795,145573,-12923,11.63
2026-09-08 15:22:49,23640.05,2026-09-08,23950.0,PE,382.3,380.75,382.3,122174,8809,-18072,
2026-09-08 15:22:49,23640.05,2026-09-08,24000.0,CE,0.5,0.5,0.55,4313312,273217,-52139,12.92
2026-09-08 15:22:49,23640.05,2026-09-08,24000.0,PE,429.3,431.0,432.0,196915,31993,-28641,
2026-09-08 15:22:49,23640.05,2026-09-08,24050.0,CE,0.45,0.4,0.45,1928229,113192,-38248,13.93
2026-09-08 15:22:49,23640.05,2026-09-08,24050.0,PE,480.0,479.6,481.85,20639,5081,-4840,
2026-09-08 15:22:49,23640.05,2026-09-08,24100.0,CE,0.35,0.35,0.4,2231800,143999,-78857,14.88
2026-09-08 15:22:49,23640.05,2026-09-08,24100.0,PE,528.75,529.65,532.35,30981,10660,-7297,
2026-09-08 15:22:49,23640.05,2026-09-08,24150.0,CE,0.35,0.3,0.35,1585650,85842,-24164,16.08
2026-09-08 15:22:49,23640.05,2026-09-08,24150.0,PE,580.15,580.8,584.05,7612,5058,-2329,
2026-09-08 15:23:49,23640.05,2026-09-08,23150.0,CE,427.75,416.65,421.0,487,172,143,22.7
2026-09-08 15:23:49,23640.05,2026-09-08,23150.0,PE,0.2,0.15,0.2,994292,46672,19646,15.98
2026-09-08 15:23:49,23640.05,2026-09-08,23200.0,CE,369.0,369.5,370.95,2256,555,392,22.81
2026-09-08 15:23:49,23640.05,2026-09-08,23200.0,PE,0.25,0.25,0.3,1022683,126232,66549,14.96
2026-09-08 15:23:49,23640.05,2026-09-08,23250.0,CE,318.0,317.65,318.55,3023,628,598,23.71
2026-09-08 15:23:49,23640.05,2026-09-08,23250.0,PE,0.2,0.15,0.2,653385,61920,24467,13.8
2026-09-08 15:23:49,23640.05,2026-09-08,23300.0,CE,271.55,271.85,272.7,14548,1825,1500,23.66
2026-09-08 15:23:49,23640.05,2026-09-08,23300.0,PE,0.35,0.35,0.4,1379721,148711,77536,12.78
2026-09-08 15:23:49,23640.05,2026-09-08,23350.0,CE,219.85,219.45,220.25,17344,2090,1880,21.62
2026-09-08 15:23:49,23640.05,2026-09-08,23350.0,PE,0.35,0.3,0.35,1019968,73651,36305,11.36
2026-09-08 15:23:49,23640.05,2026-09-08,23400.0,CE,168.9,169.35,169.9,100392,7716,6820,18.49
2026-09-08 15:23:49,23640.05,2026-09-08,23400.0,PE,0.45,0.45,0.5,2571228,149093,77001,9.94
2026-09-08 15:23:49,23640.05,2026-09-08,23450.0,CE,119.95,120.0,120.3,148881,8928,8329,16.2
2026-09-08 15:23:49,23640.05,2026-09-08,23450.0,PE,0.6,0.55,0.6,4203933,129939,61832,8.46
2026-09-08 15:23:49,23640.05,2026-09-08,23500.0,CE,73.85,73.45,73.75,1066940,40969,35744,10.33
2026-09-08 15:23:49,23640.05,2026-09-08,23500.0,PE,1.7,1.65,1.7,9430979,279128,108950,7.4
2026-09-08 15:23:49,23640.05,2026-09-08,23550.0,CE,27.3,27.15,27.3,1656935,74825,72982,9.47
2026-09-08 15:23:49,23640.05,2026-09-08,23550.0,PE,7.95,7.95,8.0,13244599,258175,186926,6.16
2026-09-08 15:23:49,23640.05,2026-09-08,23600.0,CE,4.8,4.75,4.8,7683635,292366,282590,6.75
2026-09-08 15:23:49,23640.05,2026-09-08,23600.0,PE,33.4,33.4,33.55,24454759,276770,122783,5.68
2026-09-08 15:23:49,23640.05,2026-09-08,23650.0,CE,1.4,1.35,1.4,15635176,373495,361999,6.98
2026-09-08 15:23:49,23640.05,2026-09-08,23650.0,PE,80.05,79.95,80.2,26613960,174501,56624,4.0
2026-09-08 15:23:49,23640.05,2026-09-08,23700.0,CE,0.65,0.65,0.7,25435678,461262,416021,6.67
2026-09-08 15:23:49,23640.05,2026-09-08,23700.0,PE,131.55,131.25,131.7,20172300,105449,-40232,
2026-09-08 15:23:49,23640.05,2026-09-08,23750.0,CE,0.45,0.45,0.5,14558345,287640,206132,6.85
2026-09-08 15:23:49,23640.05,2026-09-08,23750.0,PE,179.65,179.1,179.6,6453083,34351,-76821,
2026-09-08 15:23:49,23640.05,2026-09-08,23800.0,CE,0.4,0.35,0.4,13334407,313702,50395,8.15
2026-09-08 15:23:49,23640.05,2026-09-08,23800.0,PE,231.5,230.95,231.6,3823603,45821,-98044,
2026-09-08 15:23:49,23640.05,2026-09-08,23850.0,CE,0.3,0.3,0.35,6873353,178678,-5808,8.92
2026-09-08 15:23:49,23640.05,2026-09-08,23850.0,PE,279.05,278.15,279.05,943505,22246,-31415,
2026-09-08 15:23:49,23640.05,2026-09-08,23900.0,CE,0.35,0.3,0.35,6775230,197712,-63797,10.43
2026-09-08 15:23:49,23640.05,2026-09-08,23900.0,PE,331.2,330.15,331.15,628958,21597,-32784,
2026-09-08 15:23:49,23640.05,2026-09-08,23950.0,CE,0.3,0.25,0.3,4113339,144433,-14063,11.63
2026-09-08 15:23:49,23640.05,2026-09-08,23950.0,PE,382.5,381.8,383.0,122450,8667,-18214,
2026-09-08 15:23:49,23640.05,2026-09-08,24000.0,CE,0.2,0.2,0.25,4370855,271757,-53599,12.92
2026-09-08 15:23:49,23640.05,2026-09-08,24000.0,PE,430.35,427.6,429.25,197670,31837,-28797,
2026-09-08 15:23:49,23640.05,2026-09-08,24050.0,CE,0.2,0.2,0.25,1956568,110400,-41040,13.93
2026-09-08 15:23:49,23640.05,2026-09-08,24050.0,PE,475.0,478.35,481.8,20719,5034,-4887,
2026-09-08 15:23:49,23640.05,2026-09-08,24100.0,CE,0.15,0.15,0.2,2252996,140822,-82034,14.88
2026-09-08 15:23:49,23640.05,2026-09-08,24100.0,PE,533.4,530.15,532.35,31088,10600,-7357,
2026-09-08 15:23:49,23640.05,2026-09-08,24150.0,CE,0.15,0.1,0.15,1610861,88473,-21533,16.08
2026-09-08 15:23:49,23640.05,2026-09-08,24150.0,PE,579.3,578.45,582.0,7649,5031,-2356,
2026-09-08 15:24:49,23640.05,2026-09-08,23150.0,CE,440.0,426.65,431.0,495,173,144,22.7
2026-09-08 15:24:49,23640.05,2026-09-08,23150.0,PE,0.15,0.1,0.15,1002015,46164,19138,15.98
2026-09-08 15:24:49,23640.05,2026-09-08,23200.0,CE,378.6,378.2,380.8,2352,549,386,22.81
2026-09-08 15:24:49,23640.05,2026-09-08,23200.0,PE,0.15,0.15,0.2,1060043,129754,70071,14.96
2026-09-08 15:24:49,23640.05,2026-09-08,23250.0,CE,329.3,328.2,329.6,3109,589,559,23.71
2026-09-08 15:24:49,23640.05,2026-09-08,23250.0,PE,0.1,0.1,0.15,691983,54461,17008,13.8
2026-09-08 15:24:49,23640.05,2026-09-08,23300.0,CE,279.8,278.8,279.5,15085,1767,1442,23.66
2026-09-08 15:24:49,23640.05,2026-09-08,23300.0,PE,0.15,0.1,0.15,1425481,151332,80157,12.78
2026-09-08 15:24:49,23640.05,2026-09-08,23350.0,CE,226.75,228.45,229.5,17996,1751,1541,21.62
2026-09-08 15:24:49,23640.05,2026-09-08,23350.0,PE,0.2,0.15,0.2,1059931,72130,34784,11.36
2026-09-08 15:24:49,23640.05,2026-09-08,23400.0,CE,177.95,178.3,178.7,105563,7281,6385,18.49
2026-09-08 15:24:49,23640.05,2026-09-08,23400.0,PE,0.25,0.2,0.25,2629993,143237,71145,9.94
2026-09-08 15:24:49,23640.05,2026-09-08,23450.0,CE,130.9,130.6,130.9,159540,9305,8706,16.2
2026-09-08 15:24:49,23640.05,2026-09-08,23450.0,PE,0.25,0.2,0.25,4304510,124001,55894,8.46
2026-09-08 15:24:49,23640.05,2026-09-08,23500.0,CE,79.05,79.1,79.4,1133947,42988,37763,10.33
2026-09-08 15:24:49,23640.05,2026-09-08,23500.0,PE,0.6,0.6,0.65,9953142,282654,112476,7.4
2026-09-08 15:24:49,23640.05,2026-09-08,23550.0,CE,31.7,31.75,31.9,1891498,77483,75640,9.47
2026-09-08 15:24:49,23640.05,2026-09-08,23550.0,PE,2.1,2.05,2.1,14025259,314828,243579,6.16
2026-09-08 15:24:49,23640.05,2026-09-08,23600.0,CE,3.05,3.0,3.05,8298445,353100,343324,6.75
2026-09-08 15:24:49,23640.05,2026-09-08,23600.0,PE,25.25,25.25,25.35,24921459,300148,146161,5.68
2026-09-08 15:24:49,23640.05,2026-09-08,23650.0,CE,0.7,0.7,0.75,16064783,411631,400135,6.98
2026-09-08 15:24:49,23640.05,2026-09-08,23650.0,PE,72.45,72.2,72.45,26766932,169889,52012,4.0
2026-09-08 15:24:49,23640.05,2026-09-08,23700.0,CE,0.6,0.6,0.65,25696740,446074,400833,6.67
2026-09-08 15:24:49,23640.05,2026-09-08,23700.0,PE,122.15,121.7,122.15,20221222,102165,-43516,
2026-09-08 15:24:49,23640.05,2026-09-08,23750.0,CE,0.55,0.5,0.55,14747123,281086,199578,6.85
2026-09-08 15:24:49,23640.05,2026-09-08,23750.0,PE,173.15,172.75,173.2,6464591,33389,-77783,
2026-09-08 15:24:49,23640.05,2026-09-08,23800.0,CE,0.4,0.35,0.4,13476491,279901,16594,8.15
2026-09-08 15:24:49,23640.05,2026-09-08,23800.0,PE,220.65,219.85,220.5,3832619,44177,-99688,
2026-09-08 15:24:49,23640.05,2026-09-08,23850.0,CE,0.35,0.35,0.4,6938985,156349,-28137,8.92
2026-09-08 15:24:49,23640.05,2026-09-08,23850.0,PE,272.45,271.3,272.1,945003,21965,-31696,
2026-09-08 15:24:49,23640.05,2026-09-08,23900.0,CE,0.3,0.3,0.35,6822197,195332,-66177,10.43
2026-09-08 15:24:49,23640.05,2026-09-08,23900.0,PE,322.15,320.95,321.65,630029,21319,-33062,
2026-09-08 15:24:49,23640.05,2026-09-08,23950.0,CE,0.3,0.25,0.3,4150854,138123,-20373,11.63
2026-09-08 15:24:49,23640.05,2026-09-08,23950.0,PE,373.75,372.0,373.3,122848,8614,-18267,
2026-09-08 15:24:49,23640.05,2026-09-08,24000.0,CE,0.2,0.2,0.25,4428471,270188,-55168,12.92
2026-09-08 15:24:49,23640.05,2026-09-08,24000.0,PE,420.6,420.55,422.05,198414,31876,-28758,
2026-09-08 15:24:49,23640.05,2026-09-08,24050.0,CE,0.15,0.15,0.2,1975076,103813,-47627,13.93
2026-09-08 15:24:49,23640.05,2026-09-08,24050.0,PE,470.85,470.7,473.0,20766,5023,-4898,
2026-09-08 15:24:49,23640.05,2026-09-08,24100.0,CE,0.2,0.15,0.2,2283078,135993,-86863,14.88
2026-09-08 15:24:49,23640.05,2026-09-08,24100.0,PE,521.0,521.25,524.0,31138,10572,-7385,
2026-09-08 15:24:49,23640.05,2026-09-08,24150.0,CE,0.2,0.15,0.2,1636039,82621,-27385,16.08
2026-09-08 15:24:49,23640.05,2026-09-08,24150.0,PE,570.55,569.0,571.85,7673,5011,-2376,
2026-09-08 15:25:50,23640.05,2026-09-08,23150.0,CE,447.0,455.05,458.35,515,176,147,22.7
2026-09-08 15:25:50,23640.05,2026-09-08,23150.0,PE,0.1,0.05,0.1,1004064,46482,19456,15.98
2026-09-08 15:25:50,23640.05,2026-09-08,23200.0,CE,394.55,405.0,407.85,2400,547,384,22.81
2026-09-08 15:25:50,23640.05,2026-09-08,23200.0,PE,0.15,0.1,0.15,1065436,130913,71230,14.96
2026-09-08 15:25:50,23640.05,2026-09-08,23250.0,CE,355.0,355.0,358.0,3249,589,559,23.71
2026-09-08 15:25:50,23640.05,2026-09-08,23250.0,PE,0.1,0.05,0.1,701305,53063,15610,13.8
2026-09-08 15:25:50,23640.05,2026-09-08,23300.0,CE,306.4,305.1,306.15,15564,1800,1475,23.66
2026-09-08 15:25:50,23640.05,2026-09-08,23300.0,PE,0.1,0.05,0.1,1450302,144148,72973,12.78
2026-09-08 15:25:50,23640.05,2026-09-08,23350.0,CE,256.2,256.45,257.05,18482,1786,1576,21.62
2026-09-08 15:25:50,23640.05,2026-09-08,23350.0,PE,0.15,0.1,0.15,1069120,70095,32749,11.36
2026-09-08 15:25:50,23640.05,2026-09-08,23400.0,CE,206.85,206.3,206.85,108146,7281,6385,18.49
2026-09-08 15:25:50,23640.05,2026-09-08,23400.0,PE,0.1,0.1,0.15,2646316,143237,71145,9.94
2026-09-08 15:25:50,23640.05,2026-09-08,23450.0,CE,156.7,156.05,156.55,164766,9478,8879,16.2
2026-09-08 15:25:50,23640.05,2026-09-08,23450.0,PE,0.1,0.1,0.15,4326324,118407,50300,8.46
2026-09-08 15:25:50,23640.05,2026-09-08,23500.0,CE,105.5,105.7,106.0,1167441,41672,36447,10.33
2026-09-08 15:25:50,23640.05,2026-09-08,23500.0,PE,0.35,0.3,0.35,10084194,254085,83907,7.4
2026-09-08 15:25:50,23640.05,2026-09-08,23550.0,CE,57.3,57.35,57.6,2015888,80007,78164,9.47
2026-09-08 15:25:50,23640.05,2026-09-08,23550.0,PE,1.1,1.0,1.05,14549467,321851,250602,6.16
2026-09-08 15:25:50,23640.05,2026-09-08,23600.0,CE,13.25,13.1,13.25,8684109,351639,341863,6.75
2026-09-08 15:25:50,23640.05,2026-09-08,23600.0,PE,6.75,6.7,6.75,25264685,330041,176054,5.68
2026-09-08 15:25:50,23640.05,2026-09-08,23650.0,CE,1.35,1.3,1.35,16238938,403196,391700,6.98
2026-09-08 15:25:50,23640.05,2026-09-08,23650.0,PE,45.0,45.05,45.25,26855689,175287,57410,4.0
2026-09-08 15:25:50,23640.05,2026-09-08,23700.0,CE,0.7,0.7,0.75,25791013,435739,390498,6.67
2026-09-08 15:25:50,23640.05,2026-09-08,23700.0,PE,94.1,94.0,94.3,20247439,100536,-45145,
2026-09-08 15:25:50,23640.05,2026-09-08,23750.0,CE,0.55,0.5,0.55,14807883,281086,199578,6.85
2026-09-08 15:25:50,23640.05,2026-09-08,23750.0,PE,144.65,144.4,144.65,6472154,33389,-77783,
2026-09-08 15:25:50,23640.05,2026-09-08,23800.0,CE,0.35,0.35,0.4,13513311,263820,513,8.15
2026-09-08 15:25:50,23640.05,2026-09-08,23800.0,PE,194.8,194.2,194.8,3836578,44368,-99497,
2026-09-08 15:25:50,23640.05,2026-09-08,23850.0,CE,0.35,0.35,0.4,6957002,156172,-28314,8.92
2026-09-08 15:25:50,23640.05,2026-09-08,23850.0,PE,244.55,244.25,245.25,946173,21819,-31842,
2026-09-08 15:25:50,23640.05,2026-09-08,23900.0,CE,0.3,0.25,0.3,6842461,191161,-70348,10.43
2026-09-08 15:25:50,23640.05,2026-09-08,23900.0,PE,293.75,294.1,294.95,630957,21137,-33244,
2026-09-08 15:25:50,23640.05,2026-09-08,23950.0,CE,0.3,0.25,0.3,4163732,132253,-26243,11.63
2026-09-08 15:25:50,23640.05,2026-09-08,23950.0,PE,344.4,344.15,345.35,122955,8511,-18370,
2026-09-08 15:25:50,23640.05,2026-09-08,24000.0,CE,0.25,0.2,0.25,4445901,266394,-58962,12.92
2026-09-08 15:25:50,23640.05,2026-09-08,24000.0,PE,392.65,393.75,395.35,199100,31564,-29070,
2026-09-08 15:25:50,23640.05,2026-09-08,24050.0,CE,0.2,0.15,0.2,1979475,103182,-48258,13.93
2026-09-08 15:25:50,23640.05,2026-09-08,24050.0,PE,442.05,442.95,445.2,20806,5023,-4898,
2026-09-08 15:25:50,23640.05,2026-09-08,24100.0,CE,0.2,0.15,0.2,2296087,135993,-86863,14.88
2026-09-08 15:25:50,23640.05,2026-09-08,24100.0,PE,492.25,493.35,495.6,31199,10572,-7385,
2026-09-08 15:25:50,23640.05,2026-09-08,24150.0,CE,0.15,0.1,0.15,1641822,85258,-24748,16.08
2026-09-08 15:25:50,23640.05,2026-09-08,24150.0,PE,544.0,542.15,544.45,7702,5011,-2376,
2026-09-08 15:26:50,23640.05,2026-09-08,23150.0,CE,450.0,450.75,452.55,527,176,147,22.7
2026-09-08 15:26:50,23640.05,2026-09-08,23150.0,PE,0.1,0.05,0.1,1004576,46096,19070,15.98
2026-09-08 15:26:50,23640.05,2026-09-08,23200.0,CE,401.75,401.5,403.05,2417,524,361,22.81
2026-09-08 15:26:50,23640.05,2026-09-08,23200.0,PE,0.15,0.1,0.15,1070445,130799,71116,14.96
2026-09-08 15:26:50,23640.05,2026-09-08,23250.0,CE,348.9,350.55,352.35,3261,508,478,23.71
2026-09-08 15:26:50,23640.05,2026-09-08,23250.0,PE,0.1,0.05,0.1,703568,52983,15530,13.8
2026-09-08 15:26:50,23640.05,2026-09-08,23300.0,CE,302.0,301.55,302.0,15741,1724,1399,23.66
2026-09-08 15:26:50,23640.05,2026-09-08,23300.0,PE,0.1,0.05,0.1,1459727,140410,69235,12.78
2026-09-08 15:26:50,23640.05,2026-09-08,23350.0,CE,247.75,251.4,252.4,18686,1647,1437,21.62
2026-09-08 15:26:50,23640.05,2026-09-08,23350.0,PE,0.15,0.1,0.15,1078291,69573,32227,11.36
2026-09-08 15:26:50,23640.05,2026-09-08,23400.0,CE,203.65,202.8,203.3,109582,7467,6571,18.49
2026-09-08 15:26:50,23640.05,2026-09-08,23400.0,PE,0.15,0.1,0.15,2666904,140505,68413,9.94
2026-09-08 15:26:50,23640.05,2026-09-08,23450.0,CE,151.05,151.65,152.0,168156,8937,8338,16.2
2026-09-08 15:26:50,23640.05,2026-09-08,23450.0,PE,0.15,0.1,0.15,4348933,115145,47038,8.46
2026-09-08 15:26:50,23640.05,2026-09-08,23500.0,CE,102.8,102.7,103.0,1191486,38753,33528,10.33
2026-09-08 15:26:50,23640.05,2026-09-08,23500.0,PE,0.3,0.25,0.3,10176031,232174,61996,7.4
2026-09-08 15:26:50,23640.05,2026-09-08,23550.0,CE,53.0,52.7,52.8,2096658,78937,77094,9.47
2026-09-08 15:26:50,23640.05,2026-09-08,23550.0,PE,0.6,0.55,0.6,14888194,321527,250278,6.16
2026-09-08 15:26:50,23640.05,2026-09-08,23600.0,CE,9.25,9.2,9.3,9028082,344924,335148,6.75
2026-09-08 15:26:50,23640.05,2026-09-08,23600.0,PE,8.4,8.3,8.4,25606051,384706,230719,5.68
2026-09-08 15:26:50,23640.05,2026-09-08,23650.0,CE,0.8,0.75,0.8,16413454,423062,411566,6.98
2026-09-08 15:26:50,23640.05,2026-09-08,23650.0,PE,49.45,49.3,49.5,26931415,188796,70919,4.0
2026-09-08 15:26:50,23640.05,2026-09-08,23700.0,CE,0.6,0.55,0.6,25862017,431545,386304,6.67
2026-09-08 15:26:50,23640.05,2026-09-08,23700.0,PE,99.25,98.9,99.2,20270171,99497,-46184,
2026-09-08 15:26:50,23640.05,2026-09-08,23750.0,CE,0.5,0.45,0.5,14856491,282154,200646,6.85
2026-09-08 15:26:50,23640.05,2026-09-08,23750.0,PE,147.8,147.55,147.95,6476635,32814,-78358,
2026-09-08 15:26:50,23640.05,2026-09-08,23800.0,CE,0.5,0.45,0.5,13556056,257238,-6069,8.15
2026-09-08 15:26:50,23640.05,2026-09-08,23800.0,PE,199.0,198.9,199.5,3840092,44329,-99536,
2026-09-08 15:26:50,23640.05,2026-09-08,23850.0,CE,0.35,0.3,0.35,6981185,150875,-33611,8.92
2026-09-08 15:26:50,23640.05,2026-09-08,23850.0,PE,247.15,247.45,248.15,947262,21818,-31843,
2026-09-08 15:26:50,23640.05,2026-09-08,23900.0,CE,0.3,0.25,0.3,6860522,180782,-80727,10.43
2026-09-08 15:26:50,23640.05,2026-09-08,23900.0,PE,298.3,297.5,298.3,631798,21009,-33372,
2026-09-08 15:26:50,23640.05,2026-09-08,23950.0,CE,0.3,0.3,0.35,4181471,128302,-30194,11.63
2026-09-08 15:26:50,23640.05,2026-09-08,23950.0,PE,351.5,349.15,350.2,123179,8438,-18443,
2026-09-08 15:26:50,23640.05,2026-09-08,24000.0,CE,0.25,0.25,0.3,4463888,264456,-60900,12.92
2026-09-08 15:26:50,23640.05,2026-09-08,24000.0,PE,398.85,398.0,399.0,199934,31566,-29068,
2026-09-08 15:26:50,23640.05,2026-09-08,24050.0,CE,0.15,0.15,0.2,1986142,100427,-51013,13.93
2026-09-08 15:26:50,23640.05,2026-09-08,24050.0,PE,449.6,447.15,449.25,20884,5016,-4905,
2026-09-08 15:26:50,23640.05,2026-09-08,24100.0,CE,0.15,0.1,0.15,2307167,135478,-87378,14.88
2026-09-08 15:26:50,23640.05,2026-09-08,24100.0,PE,499.0,496.7,498.6,31306,10548,-7409,
2026-09-08 15:26:50,23640.05,2026-09-08,24150.0,CE,0.2,0.15,0.2,1653617,81533,-28473,16.08
2026-09-08 15:26:50,23640.05,2026-09-08,24150.0,PE,548.15,547.4,549.35,7750,5006,-2381,
2026-09-08 15:27:50,23640.05,2026-09-08,23150.0,CE,455.0,450.8,455.0,530,171,142,22.7
2026-09-08 15:27:50,23640.05,2026-09-08,23150.0,PE,0.1,0.05,0.1,1006485,46069,19043,15.98
2026-09-08 15:27:50,23640.05,2026-09-08,23200.0,CE,402.9,400.6,402.85,2430,516,353,22.81
2026-09-08 15:27:50,23640.05,2026-09-08,23200.0,PE,0.15,0.1,0.15,1073687,131344,71661,14.96
2026-09-08 15:27:50,23640.05,2026-09-08,23250.0,CE,354.55,350.9,352.3,3313,537,507,23.71
2026-09-08 15:27:50,23640.05,2026-09-08,23250.0,PE,0.1,0.05,0.1,705194,52878,15425,13.8
2026-09-08 15:27:50,23640.05,2026-09-08,23300.0,CE,302.9,303.3,304.15,15949,1705,1380,23.66
2026-09-08 15:27:50,23640.05,2026-09-08,23300.0,PE,0.1,0.05,0.1,1465247,138577,67402,12.78
2026-09-08 15:27:50,23640.05,2026-09-08,23350.0,CE,253.4,251.8,252.65,18963,1582,1372,21.62
2026-09-08 15:27:50,23640.05,2026-09-08,23350.0,PE,0.1,0.1,0.15,1081425,67497,30151,11.36
2026-09-08 15:27:50,23640.05,2026-09-08,23400.0,CE,202.0,201.65,202.35,110584,7129,6233,18.49
2026-09-08 15:27:50,23640.05,2026-09-08,23400.0,PE,0.15,0.1,0.15,2679198,136358,64266,9.94
2026-09-08 15:27:50,23640.05,2026-09-08,23450.0,CE,153.8,153.5,153.85,169802,8643,8044,16.2
2026-09-08 15:27:50,23640.05,2026-09-08,23450.0,PE,0.1,0.1,0.15,4359737,111422,43315,8.46
2026-09-08 15:27:50,23640.05,2026-09-08,23500.0,CE,103.85,103.95,104.3,1204665,36002,30777,10.33
2026-09-08 15:27:50,23640.05,2026-09-08,23500.0,PE,0.25,0.25,0.3,10231335,213184,43006,7.4
2026-09-08 15:27:50,23640.05,2026-09-08,23550.0,CE,52.65,52.5,52.65,2139289,71158,69315,9.47
2026-09-08 15:27:50,23640.05,2026-09-08,23550.0,PE,0.5,0.45,0.5,15040515,287229,215980,6.16
2026-09-08 15:27:50,23640.05,2026-09-08,23600.0,CE,8.0,8.0,8.05,9286291,326312,316536,6.75
2026-09-08 15:27:50,23640.05,2026-09-08,23600.0,PE,6.55,6.55,6.65,25955923,419669,265682,5.68
2026-09-08 15:27:50,23640.05,2026-09-08,23650.0,CE,0.55,0.55,0.6,16556080,430114,418618,6.98
2026-09-08 15:27:50,23640.05,2026-09-08,23650.0,PE,47.3,47.15,47.35,26993302,197293,79416,4.0
2026-09-08 15:27:50,23640.05,2026-09-08,23700.0,CE,0.3,0.25,0.3,25922860,399325,354084,6.67
2026-09-08 15:27:50,23640.05,2026-09-08,23700.0,PE,98.6,98.3,98.6,20290775,98425,-47256,
2026-09-08 15:27:50,23640.05,2026-09-08,23750.0,CE,0.25,0.25,0.3,14896087,283775,202267,6.85
2026-09-08 15:27:50,23640.05,2026-09-08,23750.0,PE,148.75,148.7,149.1,6480190,33232,-77940,
2026-09-08 15:27:50,23640.05,2026-09-08,23800.0,CE,0.25,0.25,0.3,13581523,245653,-17654,8.15
2026-09-08 15:27:50,23640.05,2026-09-08,23800.0,PE,196.6,196.5,197.0,3842704,43786,-100079,
2026-09-08 15:27:50,23640.05,2026-09-08,23850.0,CE,0.25,0.25,0.3,6995750,148660,-35826,8.92
2026-09-08 15:27:50,23640.05,2026-09-08,23850.0,PE,248.65,246.2,246.95,948003,21700,-31961,
2026-09-08 15:27:50,23640.05,2026-09-08,23900.0,CE,0.3,0.25,0.3,6874793,177204,-84305,10.43
2026-09-08 15:27:50,23640.05,2026-09-08,23900.0,PE,297.45,297.95,298.8,632221,20948,-33433,
2026-09-08 15:27:50,23640.05,2026-09-08,23950.0,CE,0.2,0.2,0.25,4190529,131089,-27407,11.63
2026-09-08 15:27:50,23640.05,2026-09-08,23950.0,PE,348.45,348.75,349.75,123475,8376,-18505,
2026-09-08 15:27:50,23640.05,2026-09-08,24000.0,CE,0.15,0.15,0.2,4480528,255058,-70298,12.92
2026-09-08 15:27:50,23640.05,2026-09-08,24000.0,PE,397.65,395.4,396.8,200388,31206,-29428,
2026-09-08 15:27:50,23640.05,2026-09-08,24050.0,CE,0.15,0.1,0.15,1991248,98687,-52753,13.93
2026-09-08 15:27:50,23640.05,2026-09-08,24050.0,PE,449.0,447.1,450.5,21040,5025,-4896,
2026-09-08 15:27:50,23640.05,2026-09-08,24100.0,CE,0.15,0.1,0.15,2313801,134605,-88251,14.88
2026-09-08 15:27:50,23640.05,2026-09-08,24100.0,PE,497.55,495.85,497.7,32433,10526,-7431,
2026-09-08 15:27:50,23640.05,2026-09-08,24150.0,CE,0.2,0.15,0.2,1656808,80553,-29453,16.08
2026-09-08 15:27:50,23640.05,2026-09-08,24150.0,PE,542.4,544.55,547.55,7787,4979,-2408,
2026-09-08 15:28:51,23640.05,2026-09-08,23150.0,CE,455.0,481.75,484.2,533,171,142,22.7
2026-09-08 15:28:51,23640.05,2026-09-08,23150.0,PE,0.1,0.05,0.1,1010520,46069,19043,15.98
2026-09-08 15:28:51,23640.05,2026-09-08,23200.0,CE,431.9,431.4,433.45,2466,516,353,22.81
2026-09-08 15:28:51,23640.05,2026-09-08,23200.0,PE,0.1,0.1,0.15,1086215,131344,71661,14.96
2026-09-08 15:28:51,23640.05,2026-09-08,23250.0,CE,387.4,381.2,383.3,3358,537,507,23.71
2026-09-08 15:28:51,23640.05,2026-09-08,23250.0,PE,0.1,0.05,0.1,709527,52878,15425,13.8
2026-09-08 15:28:51,23640.05,2026-09-08,23300.0,CE,334.1,332.1,333.35,16282,1705,1380,23.66
2026-09-08 15:28:51,23640.05,2026-09-08,23300.0,PE,0.05,0.05,0.1,1482358,138577,67402,12.78
2026-09-08 15:28:51,23640.05,2026-09-08,23350.0,CE,282.15,281.8,282.75,19531,1582,1372,21.62
2026-09-08 15:28:51,23640.05,2026-09-08,23350.0,PE,0.1,0.1,0.15,1090770,67497,30151,11.36
2026-09-08 15:28:51,23640.05,2026-09-08,23400.0,CE,232.6,231.8,232.45,114075,6870,5974,18.49
2026-09-08 15:28:51,23640.05,2026-09-08,23400.0,PE,0.15,0.1,0.15,2701855,130959,58867,9.94
2026-09-08 15:28:51,23640.05,2026-09-08,23450.0,CE,182.4,182.0,182.3,175897,8643,8044,16.2
2026-09-08 15:28:51,23640.05,2026-09-08,23450.0,PE,0.1,0.1,0.15,4389030,111422,43315,8.46
2026-09-08 15:28:51,23640.05,2026-09-08,23500.0,CE,132.2,131.85,132.2,1238854,36002,30777,10.33
2026-09-08 15:28:51,23640.05,2026-09-08,23500.0,PE,0.15,0.1,0.15,10335177,213184,43006,7.4
2026-09-08 15:28:51,23640.05,2026-09-08,23550.0,CE,82.0,82.0,82.2,2266665,71158,69315,9.47
2026-09-08 15:28:51,23640.05,2026-09-08,23550.0,PE,0.2,0.15,0.2,15299349,287229,215980,6.16
2026-09-08 15:28:51,23640.05,2026-09-08,23600.0,CE,32.8,32.85,32.9,9970021,326312,316536,6.75
2026-09-08 15:28:51,23640.05,2026-09-08,23600.0,PE,0.4,0.4,0.45,26791092,419669,265682,5.68
2026-09-08 15:28:51,23640.05,2026-09-08,23650.0,CE,0.6,0.55,0.6,17290894,430114,418618,6.98
2026-09-08 15:28:51,23640.05,2026-09-08,23650.0,PE,18.95,18.85,18.95,27407345,197293,79416,4.0
2026-09-08 15:28:51,23640.05,2026-09-08,23700.0,CE,0.35,0.35,0.4,26149686,399325,354084,6.67
2026-09-08 15:28:51,23640.05,2026-09-08,23700.0,PE,68.5,68.45,68.7,20385677,98425,-47256,
2026-09-08 15:28:51,23640.05,2026-09-08,23750.0,CE,0.3,0.25,0.3,15000184,272536,191028,6.85
2026-09-08 15:28:51,23640.05,2026-09-08,23750.0,PE,118.4,118.4,118.65,6503387,32717,-78455,
2026-09-08 15:28:51,23640.05,2026-09-08,23800.0,CE,0.2,0.15,0.2,13668393,245653,-17654,8.15
2026-09-08 15:28:51,23640.05,2026-09-08,23800.0,PE,168.65,168.15,168.65,3853354,43786,-100079,
2026-09-08 15:28:51,23640.05,2026-09-08,23850.0,CE,0.15,0.15,0.2,7046763,148660,-35826,8.92
2026-09-08 15:28:51,23640.05,2026-09-08,23850.0,PE,217.0,217.25,217.85,951317,21700,-31961,
2026-09-08 15:28:51,23640.05,2026-09-08,23900.0,CE,0.1,0.1,0.15,6935568,177204,-84305,10.43
2026-09-08 15:28:51,23640.05,2026-09-08,23900.0,PE,267.7,267.7,268.4,633823,20948,-33433,
2026-09-08 15:28:51,23640.05,2026-09-08,23950.0,CE,0.1,0.1,0.15,4224565,131089,-27407,11.63
2026-09-08 15:28:51,23640.05,2026-09-08,23950.0,PE,317.15,317.5,318.4,124026,8376,-18505,
2026-09-08 15:28:51,23640.05,2026-09-08,24000.0,CE,0.1,0.1,0.15,4510055,255058,-70298,12.92
2026-09-08 15:28:51,23640.05,2026-09-08,24000.0,PE,367.0,367.0,367.95,201764,31206,-29428,
2026-09-08 15:28:51,23640.05,2026-09-08,24050.0,CE,0.15,0.1,0.15,2002460,98687,-52753,13.93
2026-09-08 15:28:51,23640.05,2026-09-08,24050.0,PE,417.4,417.85,419.5,21313,5031,-4890,
2026-09-08 15:28:51,23640.05,2026-09-08,24100.0,CE,0.1,0.1,0.15,2331267,133483,-89373,14.88
2026-09-08 15:28:51,23640.05,2026-09-08,24100.0,PE,467.1,467.4,468.7,32644,10097,-7860,
2026-09-08 15:28:51,23640.05,2026-09-08,24150.0,CE,0.1,0.1,0.15,1664701,80553,-29453,16.08
2026-09-08 15:28:51,23640.05,2026-09-08,24150.0,PE,515.0,517.5,519.0,7839,4979,-2408,
2026-09-08 15:29:51,23640.05,2026-09-08,23150.0,CE,481.7,484.05,485.9,534,168,139,22.7
2026-09-08 15:29:51,23640.05,2026-09-08,23150.0,PE,0.05,0.05,0.1,1016267,45605,18579,15.98
2026-09-08 15:29:51,23640.05,2026-09-08,23200.0,CE,435.1,434.0,435.05,2468,514,351,22.81
2026-09-08 15:29:51,23640.05,2026-09-08,23200.0,PE,0.05,0.05,0.1,1101501,125831,66148,14.96
2026-09-08 15:29:51,23640.05,2026-09-08,23250.0,CE,383.75,384.0,385.5,3361,521,491,23.71
2026-09-08 15:29:51,23640.05,2026-09-08,23250.0,PE,0.05,0.05,0.1,712060,52769,15316,13.8
2026-09-08 15:29:51,23640.05,2026-09-08,23300.0,CE,333.9,334.1,334.85,16345,1589,1264,23.66
2026-09-08 15:29:51,23640.05,2026-09-08,23300.0,PE,0.05,0.05,0.1,1494956,129355,58180,12.78
2026-09-08 15:29:51,23640.05,2026-09-08,23350.0,CE,284.35,284.0,285.0,19607,1485,1275,21.62
2026-09-08 15:29:51,23640.05,2026-09-08,23350.0,PE,0.1,0.05,0.1,1097693,66553,29207,11.36
2026-09-08 15:29:51,23640.05,2026-09-08,23400.0,CE,234.85,234.25,234.95,114509,6482,5586,18.49
2026-09-08 15:29:51,23640.05,2026-09-08,23400.0,PE,0.1,0.1,0.15,2713447,121667,49575,9.94
2026-09-08 15:29:51,23640.05,2026-09-08,23450.0,CE,184.15,184.15,184.55,176859,7948,7349,16.2
2026-09-08 15:29:51,23640.05,2026-09-08,23450.0,PE,0.05,0.05,0.1,4403275,104850,36743,8.46
2026-09-08 15:29:51,23640.05,2026-09-08,23500.0,CE,134.15,134.2,134.5,1244883,29173,23948,10.33
2026-09-08 15:29:51,23640.05,2026-09-08,23500.0,PE,0.05,0.05,0.1,10378912,192413,22235,7.4
2026-09-08 15:29:51,23640.05,2026-09-08,23550.0,CE,84.65,84.7,84.9,2282923,48085,46242,9.47
2026-09-08 15:29:51,23640.05,2026-09-08,23550.0,PE,0.15,0.1,0.15,15368078,218926,147677,6.16
2026-09-08 15:29:51,23640.05,2026-09-08,23600.0,CE,34.4,34.4,34.45,10084677,193168,183392,6.75
2026-09-08 15:29:51,23640.05,2026-09-08,23600.0,PE,0.25,0.2,0.25,27035384,365027,211040,5.68
2026-09-08 15:29:51,23640.05,2026-09-08,23650.0,CE,0.55,0.55,0.6,17653512,515588,504092,6.98
2026-09-08 15:29:51,23640.05,2026-09-08,23650.0,PE,16.25,16.25,16.35,27575980,240048,122171,4.0
2026-09-08 15:29:51,23640.05,2026-09-08,23700.0,CE,0.25,0.25,0.3,26236026,391464,346223,6.67
2026-09-08 15:29:51,23640.05,2026-09-08,23700.0,PE,65.95,65.95,66.05,20414271,103566,-42115,
2026-09-08 15:29:51,23640.05,2026-09-08,23750.0,CE,0.2,0.15,0.2,15049387,241724,160216,6.85
2026-09-08 15:29:51,23640.05,2026-09-08,23750.0,PE,115.65,115.7,116.0,6509331,31906,-79266,
2026-09-08 15:29:51,23640.05,2026-09-08,23800.0,CE,0.15,0.15,0.2,13699751,211914,-51393,8.15
2026-09-08 15:29:51,23640.05,2026-09-08,23800.0,PE,165.95,165.85,165.95,3857073,43040,-100825,
2026-09-08 15:29:51,23640.05,2026-09-08,23850.0,CE,0.1,0.1,0.15,7065927,137541,-46945,8.92
2026-09-08 15:29:51,23640.05,2026-09-08,23850.0,PE,215.6,215.15,215.65,952362,21419,-32242,
2026-09-08 15:29:51,23640.05,2026-09-08,23900.0,CE,0.15,0.1,0.15,6957122,158929,-102580,10.43
2026-09-08 15:29:51,23640.05,2026-09-08,23900.0,PE,265.7,264.9,265.55,634211,20768,-33613,
2026-09-08 15:29:51,23640.05,2026-09-08,23950.0,CE,0.2,0.15,0.2,4234069,116902,-41594,11.63
2026-09-08 15:29:51,23640.05,2026-09-08,23950.0,PE,316.45,315.65,316.5,124148,8220,-18661,
2026-09-08 15:29:51,23640.05,2026-09-08,24000.0,CE,0.1,0.1,0.15,4525732,244482,-80874,12.92
2026-09-08 15:29:51,23640.05,2026-09-08,24000.0,PE,366.35,365.05,366.2,202408,30933,-29701,
2026-09-08 15:29:51,23640.05,2026-09-08,24050.0,CE,0.1,0.1,0.15,2010024,96079,-55361,13.93
2026-09-08 15:29:51,23640.05,2026-09-08,24050.0,PE,414.3,415.35,416.8,21323,5033,-4888,
2026-09-08 15:29:51,23640.05,2026-09-08,24100.0,CE,0.05,0.05,0.1,2342511,126266,-96590,14.88
2026-09-08 15:29:51,23640.05,2026-09-08,24100.0,PE,466.4,465.55,466.25,32724,10053,-7904,
2026-09-08 15:29:51,23640.05,2026-09-08,24150.0,CE,0.1,0.1,0.15,1668439,78230,-31776,16.08
2026-09-08 15:29:51,23640.05,2026-09-08,24150.0,PE,516.15,515.05,516.35,7865,4960,-2427,
