timestamp,nifty_spot,expiry,strike,option_type,ltp,bid,ask,volume,oi,oi_change,iv
2026-09-24 14:04:23,23091.9,2026-09-29,22600.0,CE,527.85,525.85,527.8,837,431,316,13.86
2026-09-24 14:04:23,23091.9,2026-09-29,22600.0,PE,24.2,24.15,24.3,474382,47803,-4782,16.76
2026-09-24 14:04:23,23091.9,2026-09-29,22650.0,CE,481.6,481.3,482.8,809,960,259,11.37
2026-09-24 14:04:23,23091.9,2026-09-29,22650.0,PE,28.6,28.55,28.7,312517,33214,781,16.46
2026-09-24 14:04:23,23091.9,2026-09-29,22700.0,CE,436.45,436.5,437.65,4357,1143,693,13.58
2026-09-24 14:04:23,23091.9,2026-09-29,22700.0,PE,33.7,33.75,33.85,520797,58308,-1648,16.06
2026-09-24 14:04:23,23091.9,2026-09-29,22750.0,CE,393.75,393.0,394.25,2043,882,369,12.38
2026-09-24 14:04:23,23091.9,2026-09-29,22750.0,PE,39.85,39.9,39.95,355233,32462,9936,15.79
2026-09-24 14:04:23,23091.9,2026-09-29,22800.0,CE,350.25,350.85,351.75,13128,6133,1987,13.24
2026-09-24 14:04:23,23091.9,2026-09-29,22800.0,PE,47.7,47.7,47.8,734814,112347,13896,15.48
2026-09-24 14:04:23,23091.9,2026-09-29,22850.0,CE,311.0,310.45,311.45,5692,1358,1014,13.19
2026-09-24 14:04:23,23091.9,2026-09-29,22850.0,PE,56.75,56.8,56.95,409383,41542,4486,15.19
2026-09-24 14:04:23,23091.9,2026-09-29,22900.0,CE,272.45,272.45,273.05,27839,7321,5033,13.19
2026-09-24 14:04:23,23091.9,2026-09-29,22900.0,PE,68.55,68.35,68.5,710881,69949,-3987,15.02
2026-09-24 14:04:23,23091.9,2026-09-29,22950.0,CE,236.35,235.8,236.4,28744,4204,3587,13.11
2026-09-24 14:04:23,23091.9,2026-09-29,22950.0,PE,82.25,82.3,82.55,512947,30553,442,14.79
2026-09-24 14:04:23,23091.9,2026-09-29,23000.0,CE,202.4,202.35,202.75,268805,58707,38157,13.02
2026-09-24 14:04:23,23091.9,2026-09-29,23000.0,PE,98.45,98.4,98.6,1675128,162785,-32225,14.74
2026-09-24 14:04:23,23091.9,2026-09-29,23050.0,CE,171.45,171.05,171.45,117306,22753,21516,12.91
2026-09-24 14:04:23,23091.9,2026-09-29,23050.0,PE,117.5,117.15,117.45,756826,42575,15702,14.57
2026-09-24 14:04:23,23091.9,2026-09-29,23100.0,CE,142.95,142.95,143.3,532380,91338,82533,12.88
2026-09-24 14:04:23,23091.9,2026-09-29,23100.0,PE,139.3,139.0,139.3,1504596,94044,33522,14.59
2026-09-24 14:04:23,23091.9,2026-09-29,23150.0,CE,117.95,117.85,117.9,539329,73226,69571,12.84
2026-09-24 14:04:23,23091.9,2026-09-29,23150.0,PE,164.35,164.15,164.5,1281206,51362,18850,14.53
2026-09-24 14:04:23,23091.9,2026-09-29,23200.0,CE,96.6,96.3,96.55,1862170,239618,216973,12.85
2026-09-24 14:04:23,23091.9,2026-09-29,23200.0,PE,192.0,191.8,192.3,2869793,116202,20680,14.51
2026-09-24 14:04:23,23091.9,2026-09-29,23250.0,CE,77.5,77.45,77.6,1471625,176554,161309,12.82
2026-09-24 14:04:23,23091.9,2026-09-29,23250.0,PE,224.05,223.05,223.55,1577680,68063,10174,14.67
2026-09-24 14:04:23,23091.9,2026-09-29,23300.0,CE,61.75,61.6,61.75,1655890,214736,150730,12.86
2026-09-24 14:04:23,23091.9,2026-09-29,23300.0,PE,256.85,256.85,257.55,1455106,102758,-38942,14.63
2026-09-24 14:04:23,23091.9,2026-09-29,23350.0,CE,48.5,48.35,48.45,664324,91073,66598,12.88
2026-09-24 14:04:23,23091.9,2026-09-29,23350.0,PE,293.9,293.6,294.45,476132,21372,-39851,14.9
2026-09-24 14:04:23,23091.9,2026-09-29,23400.0,CE,38.1,38.0,38.1,1131716,200925,84110,12.99
2026-09-24 14:04:23,23091.9,2026-09-29,23400.0,PE,332.05,332.1,332.5,623617,73569,-104812,15.2
2026-09-24 14:04:23,23091.9,2026-09-29,23450.0,CE,29.8,29.75,29.85,586612,80396,20985,13.13
2026-09-24 14:04:23,23091.9,2026-09-29,23450.0,PE,375.65,374.45,375.5,171216,21405,-36027,15.46
2026-09-24 14:04:23,23091.9,2026-09-29,23500.0,CE,23.3,23.25,23.35,940445,206038,47852,13.27
2026-09-24 14:04:23,23091.9,2026-09-29,23500.0,PE,417.05,417.05,418.15,264581,90167,-30146,15.98
2026-09-24 14:04:23,23091.9,2026-09-29,23550.0,CE,18.25,18.25,18.3,438719,56138,-5937,13.46
2026-09-24 14:04:23,23091.9,2026-09-29,23550.0,PE,459.55,461.95,463.55,36103,5491,-5460,16.5
2026-09-24 14:04:23,23091.9,2026-09-29,23600.0,CE,14.45,14.4,14.45,699337,105512,-1385,13.68
2026-09-24 14:04:23,23091.9,2026-09-29,23600.0,PE,507.55,507.1,508.8,48483,23353,-4726,16.61
2026-09-24 14:05:23,23088.0,2026-09-29,22600.0,CE,525.0,523.5,525.05,841,439,324,14.57
2026-09-24 14:05:23,23088.0,2026-09-29,22600.0,PE,24.65,24.65,24.75,478235,48508,-4077,15.84
2026-09-24 14:05:23,23088.0,2026-09-29,22650.0,CE,480.65,478.1,479.65,813,977,276,14.37
2026-09-24 14:05:23,23088.0,2026-09-29,22650.0,PE,29.2,29.2,29.3,313358,33264,831,15.42
2026-09-24 14:05:23,23088.0,2026-09-29,22700.0,CE,437.55,434.3,435.3,4366,1163,713,13.88
2026-09-24 14:05:23,23088.0,2026-09-29,22700.0,PE,34.45,34.3,34.4,523064,58447,-1509,15.02
2026-09-24 14:05:23,23088.0,2026-09-29,22750.0,CE,393.0,390.85,391.8,2058,903,390,14.01
2026-09-24 14:05:23,23088.0,2026-09-29,22750.0,PE,40.85,40.6,40.75,356273,32257,9731,14.62
2026-09-24 14:05:23,23088.0,2026-09-29,22800.0,CE,348.95,348.85,349.65,13290,6101,1955,13.68
2026-09-24 14:05:23,23088.0,2026-09-29,22800.0,PE,48.6,48.6,48.7,737863,112498,14047,14.33
2026-09-24 14:05:23,23088.0,2026-09-29,22850.0,CE,307.75,308.85,309.7,5822,1316,972,13.34
2026-09-24 14:05:23,23088.0,2026-09-29,22850.0,PE,58.3,58.15,58.2,411926,41176,4120,14.08
2026-09-24 14:05:23,23088.0,2026-09-29,22900.0,CE,271.9,270.45,271.05,28227,7143,4855,13.21
2026-09-24 14:05:23,23088.0,2026-09-29,22900.0,PE,69.6,69.6,69.8,718774,71934,-2002,13.8
2026-09-24 14:05:23,23088.0,2026-09-29,22950.0,CE,235.05,234.75,235.3,29058,4104,3487,12.93
2026-09-24 14:05:23,23088.0,2026-09-29,22950.0,PE,83.45,83.25,83.45,515895,29915,-196,13.56
2026-09-24 14:05:23,23088.0,2026-09-29,23000.0,CE,200.5,200.5,201.0,272027,57182,36632,12.88
2026-09-24 14:05:23,23088.0,2026-09-29,23000.0,PE,100.55,100.35,100.65,1685591,164550,-30461,13.36
2026-09-24 14:05:23,23088.0,2026-09-29,23050.0,CE,169.7,169.7,170.05,121357,22684,21447,12.71
2026-09-24 14:05:23,23088.0,2026-09-29,23050.0,PE,119.15,119.15,119.45,766142,40640,13767,13.19
2026-09-24 14:05:23,23088.0,2026-09-29,23100.0,CE,142.05,141.75,142.1,543048,91846,83041,12.59
2026-09-24 14:05:23,23088.0,2026-09-29,23100.0,PE,141.2,141.2,141.5,1513235,93692,33170,13.02
2026-09-24 14:05:23,23088.0,2026-09-29,23150.0,CE,116.9,116.95,117.2,543151,72202,68547,12.49
2026-09-24 14:05:23,23088.0,2026-09-29,23150.0,PE,166.9,166.5,166.8,1283435,51501,18989,12.88
2026-09-24 14:05:23,23088.0,2026-09-29,23200.0,CE,95.9,95.85,95.95,1873253,238937,216292,12.38
2026-09-24 14:05:23,23088.0,2026-09-29,23200.0,PE,194.35,193.95,194.4,2875540,116557,21035,12.86
2026-09-24 14:05:23,23088.0,2026-09-29,23250.0,CE,76.9,76.7,76.9,1475153,175760,160515,12.29
2026-09-24 14:05:23,23088.0,2026-09-29,23250.0,PE,225.3,225.4,225.85,1578575,67996,10107,12.8
2026-09-24 14:05:23,23088.0,2026-09-29,23300.0,CE,61.25,61.35,61.45,1661856,214382,150376,12.19
2026-09-24 14:05:23,23088.0,2026-09-29,23300.0,PE,259.3,259.0,259.35,1457643,102556,-39144,12.77
2026-09-24 14:05:23,23088.0,2026-09-29,23350.0,CE,48.05,47.9,48.05,666159,90889,66414,12.15
2026-09-24 14:05:23,23088.0,2026-09-29,23350.0,PE,296.4,297.05,297.7,476458,21306,-39917,12.7
2026-09-24 14:05:23,23088.0,2026-09-29,23400.0,CE,37.8,37.8,37.9,1136911,199760,82945,12.2
2026-09-24 14:05:23,23088.0,2026-09-29,23400.0,PE,335.25,335.0,335.7,625407,73316,-105065,12.75
2026-09-24 14:05:23,23088.0,2026-09-29,23450.0,CE,29.65,29.6,29.7,588746,79268,19857,12.31
2026-09-24 14:05:23,23088.0,2026-09-29,23450.0,PE,377.8,377.7,378.65,171327,21309,-36123,13.02
2026-09-24 14:05:23,23088.0,2026-09-29,23500.0,CE,23.2,23.2,23.3,944169,205736,47550,12.4
2026-09-24 14:05:23,23088.0,2026-09-29,23500.0,PE,420.7,420.2,421.35,266018,90025,-30288,13.15
2026-09-24 14:05:23,23088.0,2026-09-29,23550.0,CE,18.25,18.2,18.3,440425,55557,-6518,12.53
2026-09-24 14:05:23,23088.0,2026-09-29,23550.0,PE,465.35,465.25,466.7,36118,5484,-5467,13.39
2026-09-24 14:05:23,23088.0,2026-09-29,23600.0,CE,14.4,14.45,14.5,701672,105673,-1224,12.71
2026-09-24 14:05:23,23088.0,2026-09-29,23600.0,PE,512.9,510.6,512.85,48522,23347,-4732,13.72
2026-09-24 14:06:23,23068.9,2026-09-29,22550.0,CE,554.95,557.95,562.7,111,43,30,17.75
2026-09-24 14:06:23,23068.9,2026-09-29,22550.0,PE,22.1,22.3,22.4,271257,16599,1371,17.18
2026-09-24 14:06:23,23068.9,2026-09-29,22600.0,CE,511.8,514.2,516.1,912,445,330,13.86
2026-09-24 14:06:23,23068.9,2026-09-29,22600.0,PE,26.1,26.1,26.2,484077,48847,-3738,16.76
2026-09-24 14:06:23,23068.9,2026-09-29,22650.0,CE,470.6,468.45,471.1,850,980,279,11.37
2026-09-24 14:06:23,23068.9,2026-09-29,22650.0,PE,30.6,30.65,30.75,316564,33375,942,16.46
2026-09-24 14:06:23,23068.9,2026-09-29,22700.0,CE,427.0,426.05,427.4,4491,1161,711,13.58
2026-09-24 14:06:23,23068.9,2026-09-29,22700.0,PE,36.55,36.35,36.5,528812,58901,-1055,16.06
2026-09-24 14:06:23,23068.9,2026-09-29,22750.0,CE,385.45,383.2,384.3,2168,897,384,12.38
2026-09-24 14:06:23,23068.9,2026-09-29,22750.0,PE,43.15,43.0,43.15,360641,32161,9635,15.79
2026-09-24 14:06:23,23068.9,2026-09-29,22800.0,CE,341.4,340.8,341.75,13716,6110,1964,13.24
2026-09-24 14:06:23,23068.9,2026-09-29,22800.0,PE,51.8,51.65,51.85,748549,112977,14526,15.48
2026-09-24 14:06:23,23068.9,2026-09-29,22850.0,CE,302.3,301.6,302.4,6133,1304,960,13.19
2026-09-24 14:06:23,23068.9,2026-09-29,22850.0,PE,61.45,61.4,61.45,418002,41572,4516,15.19
2026-09-24 14:06:23,23068.9,2026-09-29,22900.0,CE,264.65,264.0,264.35,29308,7221,4933,13.19
2026-09-24 14:06:23,23068.9,2026-09-29,22900.0,PE,73.15,73.2,73.4,729541,73595,-341,15.02
2026-09-24 14:06:23,23068.9,2026-09-29,22950.0,CE,228.9,228.25,228.8,30260,4103,3486,13.11
2026-09-24 14:06:23,23068.9,2026-09-29,22950.0,PE,87.65,88.15,88.35,524824,30724,613,14.79
2026-09-24 14:06:23,23068.9,2026-09-29,23000.0,CE,196.25,195.8,196.25,278221,56940,36390,13.02
2026-09-24 14:06:23,23068.9,2026-09-29,23000.0,PE,105.15,105.15,105.4,1711067,166451,-28560,14.74
2026-09-24 14:06:23,23068.9,2026-09-29,23050.0,CE,164.95,165.45,165.8,127322,22624,21387,12.91
2026-09-24 14:06:23,23068.9,2026-09-29,23050.0,PE,125.3,125.0,125.2,780894,40256,13383,14.57
2026-09-24 14:06:23,23068.9,2026-09-29,23100.0,CE,138.1,137.75,138.05,565006,93956,85151,12.88
2026-09-24 14:06:23,23068.9,2026-09-29,23100.0,PE,148.5,148.15,148.5,1534184,94448,33926,14.59
2026-09-24 14:06:23,23068.9,2026-09-29,23150.0,CE,113.75,113.7,113.95,551569,71269,67614,12.84
2026-09-24 14:06:23,23068.9,2026-09-29,23150.0,PE,174.35,174.15,174.6,1289614,51678,19166,14.53
2026-09-24 14:06:23,23068.9,2026-09-29,23200.0,CE,93.25,93.1,93.3,1890722,239953,217308,12.85
2026-09-24 14:06:23,23068.9,2026-09-29,23200.0,PE,200.85,201.7,202.2,2886224,117341,21819,14.51
2026-09-24 14:06:23,23068.9,2026-09-29,23250.0,CE,74.95,74.7,74.9,1484548,175549,160304,12.82
2026-09-24 14:06:23,23068.9,2026-09-29,23250.0,PE,233.55,234.1,234.5,1581806,68062,10173,14.67
2026-09-24 14:06:23,23068.9,2026-09-29,23300.0,CE,59.8,59.6,59.75,1675295,214570,150564,12.86
2026-09-24 14:06:23,23068.9,2026-09-29,23300.0,PE,268.2,268.4,269.05,1463064,102337,-39363,14.63
2026-09-24 14:06:23,23068.9,2026-09-29,23350.0,CE,47.0,46.95,47.1,672044,90999,66524,12.88
2026-09-24 14:06:23,23068.9,2026-09-29,23350.0,PE,307.6,305.4,306.05,477813,21382,-39841,14.9
2026-09-24 14:06:23,23068.9,2026-09-29,23400.0,CE,37.0,37.0,37.1,1146000,199834,83019,12.99
2026-09-24 14:06:23,23068.9,2026-09-29,23400.0,PE,345.15,344.75,345.15,628256,72386,-105995,15.2
2026-09-24 14:06:23,23068.9,2026-09-29,23450.0,CE,29.25,29.1,29.2,593691,79217,19806,13.13
2026-09-24 14:06:23,23068.9,2026-09-29,23450.0,PE,389.1,387.05,388.1,171932,21306,-36126,15.46
2026-09-24 14:06:23,23068.9,2026-09-29,23500.0,CE,22.85,22.8,22.9,951941,206016,47830,13.27
2026-09-24 14:06:23,23068.9,2026-09-29,23500.0,PE,430.95,430.9,431.95,266963,89832,-30481,15.98
2026-09-24 14:06:23,23068.9,2026-09-29,23550.0,CE,17.95,17.9,17.95,444316,55789,-6286,13.46
2026-09-24 14:06:23,23068.9,2026-09-29,23550.0,PE,474.25,475.65,477.25,36300,5504,-5447,16.5
2026-09-24 14:07:24,23065.7,2026-09-29,22550.0,CE,558.3,554.3,556.4,136,50,37,10.8
2026-09-24 14:07:24,23065.7,2026-09-29,22550.0,PE,23.3,23.2,23.25,272105,16861,1633,16.24
2026-09-24 14:07:24,23065.7,2026-09-29,22600.0,CE,508.75,509.1,510.0,943,473,358,14.57
2026-09-24 14:07:24,23065.7,2026-09-29,22600.0,PE,27.35,27.15,27.2,486577,48983,-3602,15.84
2026-09-24 14:07:24,23065.7,2026-09-29,22650.0,CE,466.4,463.85,465.45,883,981,280,14.37
2026-09-24 14:07:24,23065.7,2026-09-29,22650.0,PE,32.1,32.1,32.2,317587,33313,880,15.42
2026-09-24 14:07:24,23065.7,2026-09-29,22700.0,CE,420.1,420.1,421.4,4538,1206,756,13.88
2026-09-24 14:07:24,23065.7,2026-09-29,22700.0,PE,37.8,37.8,37.9,531702,58753,-1203,15.02
2026-09-24 14:07:24,23065.7,2026-09-29,22750.0,CE,377.15,377.55,378.65,2201,960,447,14.01
2026-09-24 14:07:24,23065.7,2026-09-29,22750.0,PE,45.0,44.85,45.0,362456,32172,9646,14.62
2026-09-24 14:07:24,23065.7,2026-09-29,22800.0,CE,338.5,336.2,337.05,13819,6232,2086,13.68
2026-09-24 14:07:24,23065.7,2026-09-29,22800.0,PE,53.7,53.55,53.75,750903,112548,14097,14.33
2026-09-24 14:07:24,23065.7,2026-09-29,22850.0,CE,299.6,297.25,298.15,6215,1394,1050,13.34
2026-09-24 14:07:24,23065.7,2026-09-29,22850.0,PE,63.85,63.45,63.65,419586,41566,4510,14.08
2026-09-24 14:07:24,23065.7,2026-09-29,22900.0,CE,259.6,259.6,260.2,29571,7451,5163,13.21
2026-09-24 14:07:24,23065.7,2026-09-29,22900.0,PE,76.3,76.3,76.5,732202,74442,506,13.8
2026-09-24 14:07:24,23065.7,2026-09-29,22950.0,CE,224.85,224.4,224.95,30598,4136,3519,12.93
2026-09-24 14:07:24,23065.7,2026-09-29,22950.0,PE,91.5,91.35,91.5,526813,30955,844,13.56
2026-09-24 14:07:24,23065.7,2026-09-29,23000.0,CE,192.3,191.9,192.4,280342,56916,36366,12.88
2026-09-24 14:07:24,23065.7,2026-09-29,23000.0,PE,109.1,109.05,109.3,1716966,167690,-27321,13.36
2026-09-24 14:07:24,23065.7,2026-09-29,23050.0,CE,161.9,162.05,162.45,129241,23329,22092,12.71
2026-09-24 14:07:24,23065.7,2026-09-29,23050.0,PE,129.35,129.0,129.35,784343,40077,13204,13.19
2026-09-24 14:07:24,23065.7,2026-09-29,23100.0,CE,135.15,135.15,135.5,569754,97672,88867,12.59
2026-09-24 14:07:24,23065.7,2026-09-29,23100.0,PE,152.1,152.15,152.55,1538601,93651,33129,13.02
2026-09-24 14:07:24,23065.7,2026-09-29,23150.0,CE,111.5,111.5,111.75,553859,71204,67549,12.49
2026-09-24 14:07:24,23065.7,2026-09-29,23150.0,PE,178.95,178.55,178.95,1291779,51432,18920,12.88
2026-09-24 14:07:24,23065.7,2026-09-29,23200.0,CE,91.55,91.5,91.75,1895415,240865,218220,12.38
2026-09-24 14:07:24,23065.7,2026-09-29,23200.0,PE,206.65,206.55,206.7,2888499,116528,21006,12.86
2026-09-24 14:07:24,23065.7,2026-09-29,23250.0,CE,73.55,73.35,73.55,1487066,175690,160445,12.29
2026-09-24 14:07:24,23065.7,2026-09-29,23250.0,PE,240.85,240.2,240.85,1582416,67708,9819,12.8
2026-09-24 14:07:24,23065.7,2026-09-29,23300.0,CE,58.6,58.6,58.75,1678570,214199,150193,12.19
2026-09-24 14:07:24,23065.7,2026-09-29,23300.0,PE,274.25,274.2,274.75,1464245,102080,-39620,12.77
2026-09-24 14:07:24,23065.7,2026-09-29,23350.0,CE,46.15,46.15,46.3,673719,90409,65934,12.15
2026-09-24 14:07:24,23065.7,2026-09-29,23350.0,PE,312.15,312.3,313.0,478198,21302,-39921,12.7
2026-09-24 14:07:24,23065.7,2026-09-29,23400.0,CE,36.45,36.45,36.6,1148469,199206,82391,12.2
2026-09-24 14:07:24,23065.7,2026-09-29,23400.0,PE,350.8,350.8,351.6,628986,72198,-106183,12.75
2026-09-24 14:07:24,23065.7,2026-09-29,23450.0,CE,28.75,28.75,28.85,596286,79383,19972,12.31
2026-09-24 14:07:24,23065.7,2026-09-29,23450.0,PE,395.15,394.3,395.35,172135,21274,-36158,13.02
2026-09-24 14:07:24,23065.7,2026-09-29,23500.0,CE,22.7,22.7,22.75,953606,206026,47840,12.4
2026-09-24 14:07:24,23065.7,2026-09-29,23500.0,PE,438.2,437.15,438.25,267754,89666,-30647,13.15
2026-09-24 14:07:24,23065.7,2026-09-29,23550.0,CE,17.9,17.85,17.95,445533,55766,-6309,12.53
2026-09-24 14:07:24,23065.7,2026-09-29,23550.0,PE,480.35,482.5,483.75,36349,5521,-5430,13.39
2026-09-24 14:08:24,23065.45,2026-09-29,22550.0,CE,558.3,555.9,560.1,136,68,55,10.8
2026-09-24 14:08:24,23065.45,2026-09-29,22550.0,PE,22.75,22.75,22.85,272989,16836,1608,16.24
2026-09-24 14:08:24,23065.45,2026-09-29,22600.0,CE,509.9,511.75,513.15,966,480,365,14.57
2026-09-24 14:08:24,23065.45,2026-09-29,22600.0,PE,26.1,26.15,26.3,489081,49120,-3465,15.84
2026-09-24 14:08:24,23065.45,2026-09-29,22650.0,CE,464.95,466.6,468.2,885,960,259,14.37
2026-09-24 14:08:24,23065.45,2026-09-29,22650.0,PE,31.7,31.6,31.7,319140,33382,949,15.42
2026-09-24 14:08:24,23065.45,2026-09-29,22700.0,CE,421.05,422.6,423.8,4612,1210,760,13.88
2026-09-24 14:08:24,23065.45,2026-09-29,22700.0,PE,37.35,37.2,37.4,533453,58763,-1193,15.02
2026-09-24 14:08:24,23065.45,2026-09-29,22750.0,CE,379.0,379.35,380.55,2226,949,436,14.01
2026-09-24 14:08:24,23065.45,2026-09-29,22750.0,PE,43.5,43.5,43.6,363883,31967,9441,14.62
2026-09-24 14:08:24,23065.45,2026-09-29,22800.0,CE,339.15,337.3,337.9,13936,6253,2107,13.68
2026-09-24 14:08:24,23065.45,2026-09-29,22800.0,PE,52.65,52.5,52.7,756872,110534,12083,14.33
2026-09-24 14:08:24,23065.45,2026-09-29,22850.0,CE,299.0,298.25,299.0,6274,1403,1059,13.34
2026-09-24 14:08:24,23065.45,2026-09-29,22850.0,PE,62.2,61.95,62.15,421716,41778,4722,14.08
2026-09-24 14:08:24,23065.45,2026-09-29,22900.0,CE,262.0,260.0,260.55,29914,7615,5327,13.21
2026-09-24 14:08:24,23065.45,2026-09-29,22900.0,PE,75.15,75.1,75.35,735859,74371,435,13.8
2026-09-24 14:08:24,23065.45,2026-09-29,22950.0,CE,224.95,224.4,225.0,30760,4211,3594,12.93
2026-09-24 14:08:24,23065.45,2026-09-29,22950.0,PE,90.2,90.25,90.5,529537,31322,1211,13.56
2026-09-24 14:08:24,23065.45,2026-09-29,23000.0,CE,192.35,192.1,192.45,282349,58961,38411,12.88
2026-09-24 14:08:24,23065.45,2026-09-29,23000.0,PE,107.65,107.7,107.95,1728317,171102,-23909,13.36
2026-09-24 14:08:24,23065.45,2026-09-29,23050.0,CE,162.15,162.0,162.1,130755,24127,22890,12.71
2026-09-24 14:08:24,23065.45,2026-09-29,23050.0,PE,127.65,127.75,127.85,789379,40823,13950,13.19
2026-09-24 14:08:24,23065.45,2026-09-29,23100.0,CE,136.35,136.05,136.35,574415,99796,90991,12.59
2026-09-24 14:08:24,23065.45,2026-09-29,23100.0,PE,149.0,148.95,149.25,1545411,94011,33489,13.02
2026-09-24 14:08:24,23065.45,2026-09-29,23150.0,CE,111.65,111.45,111.65,555880,72149,68494,12.49
2026-09-24 14:08:24,23065.45,2026-09-29,23150.0,PE,176.45,176.6,177.0,1293899,50497,17985,12.88
2026-09-24 14:08:24,23065.45,2026-09-29,23200.0,CE,91.35,91.35,91.6,1900432,241891,219246,12.38
2026-09-24 14:08:24,23065.45,2026-09-29,23200.0,PE,203.7,203.9,204.35,2891651,114501,18979,12.86
2026-09-24 14:08:24,23065.45,2026-09-29,23250.0,CE,73.25,73.2,73.3,1489509,176014,160769,12.29
2026-09-24 14:08:24,23065.45,2026-09-29,23250.0,PE,238.5,238.45,239.05,1583475,67858,9969,12.8
2026-09-24 14:08:24,23065.45,2026-09-29,23300.0,CE,58.55,58.4,58.55,1681886,214668,150662,12.19
2026-09-24 14:08:24,23065.45,2026-09-29,23300.0,PE,273.8,273.15,273.8,1465391,101893,-39807,12.77
2026-09-24 14:08:24,23065.45,2026-09-29,23350.0,CE,46.1,46.0,46.1,675249,90610,66135,12.15
2026-09-24 14:08:24,23065.45,2026-09-29,23350.0,PE,309.3,310.85,311.6,478532,21169,-40054,12.7
2026-09-24 14:08:24,23065.45,2026-09-29,23400.0,CE,36.55,36.5,36.6,1150255,197829,81014,12.2
2026-09-24 14:08:24,23065.45,2026-09-29,23400.0,PE,349.7,349.7,350.3,629856,72052,-106329,12.75
2026-09-24 14:08:24,23065.45,2026-09-29,23450.0,CE,28.85,28.8,28.9,597597,78888,19477,12.31
2026-09-24 14:08:24,23065.45,2026-09-29,23450.0,PE,390.4,390.4,391.4,172322,21329,-36103,13.02
2026-09-24 14:08:24,23065.45,2026-09-29,23500.0,CE,22.8,22.75,22.8,955975,204910,46724,12.4
2026-09-24 14:08:24,23065.45,2026-09-29,23500.0,PE,432.55,432.85,433.85,268095,89800,-30513,13.15
2026-09-24 14:08:24,23065.45,2026-09-29,23550.0,CE,17.9,17.9,17.95,448223,55968,-6107,12.53
2026-09-24 14:08:24,23065.45,2026-09-29,23550.0,PE,483.85,479.35,480.95,36358,5538,-5413,13.39
2026-09-24 14:09:24,23072.4,2026-09-29,22550.0,CE,552.3,559.25,563.4,140,71,58,10.8
2026-09-24 14:09:24,23072.4,2026-09-29,22550.0,PE,21.95,21.9,22.0,273718,16836,1608,16.24
2026-09-24 14:09:24,23072.4,2026-09-29,22600.0,CE,512.05,514.6,516.1,982,480,365,14.57
2026-09-24 14:09:24,23072.4,2026-09-29,22600.0,PE,25.75,25.7,25.8,490889,49120,-3465,15.84
2026-09-24 14:09:24,23072.4,2026-09-29,22650.0,CE,464.2,469.3,470.9,886,960,259,14.37
2026-09-24 14:09:24,23072.4,2026-09-29,22650.0,PE,30.6,30.5,30.6,320123,33382,949,15.42
2026-09-24 14:09:24,23072.4,2026-09-29,22700.0,CE,421.75,425.55,426.65,4639,1210,760,13.88
2026-09-24 14:09:24,23072.4,2026-09-29,22700.0,PE,36.1,35.95,36.05,535315,58763,-1193,15.02
2026-09-24 14:09:24,23072.4,2026-09-29,22750.0,CE,379.4,382.55,383.65,2231,962,449,14.01
2026-09-24 14:09:24,23072.4,2026-09-29,22750.0,PE,42.65,42.55,42.65,364884,31967,9441,14.62
2026-09-24 14:09:24,23072.4,2026-09-29,22800.0,CE,341.25,340.65,341.55,14113,6253,2107,13.68
2026-09-24 14:09:24,23072.4,2026-09-29,22800.0,PE,51.15,51.05,51.25,764287,110534,12083,14.33
2026-09-24 14:09:24,23072.4,2026-09-29,22850.0,CE,301.65,301.5,302.25,6315,1403,1059,13.34
2026-09-24 14:09:24,23072.4,2026-09-29,22850.0,PE,60.55,60.45,60.65,423111,41778,4722,14.08
2026-09-24 14:09:24,23072.4,2026-09-29,22900.0,CE,263.15,262.95,263.65,30295,7615,5327,13.21
2026-09-24 14:09:24,23072.4,2026-09-29,22900.0,PE,73.4,73.45,73.65,738469,74371,435,13.8
2026-09-24 14:09:24,23072.4,2026-09-29,22950.0,CE,227.75,227.65,227.95,30937,4211,3594,12.93
2026-09-24 14:09:24,23072.4,2026-09-29,22950.0,PE,87.45,87.55,87.75,531619,31322,1211,13.56
2026-09-24 14:09:24,23072.4,2026-09-29,23000.0,CE,194.7,194.45,194.85,284809,58961,38411,12.88
2026-09-24 14:09:24,23072.4,2026-09-29,23000.0,PE,104.9,104.8,105.05,1736318,171102,-23909,13.36
2026-09-24 14:09:24,23072.4,2026-09-29,23050.0,CE,164.55,164.25,164.7,132896,24127,22890,12.71
2026-09-24 14:09:24,23072.4,2026-09-29,23050.0,PE,125.25,124.25,124.65,793091,40823,13950,13.19
2026-09-24 14:09:24,23072.4,2026-09-29,23100.0,CE,137.3,137.3,137.65,579450,99796,90991,12.59
2026-09-24 14:09:24,23072.4,2026-09-29,23100.0,PE,147.45,147.0,147.35,1550941,94011,33489,13.02
2026-09-24 14:09:24,23072.4,2026-09-29,23150.0,CE,112.95,112.95,113.2,558143,72149,68494,12.49
2026-09-24 14:09:24,23072.4,2026-09-29,23150.0,PE,173.1,173.05,173.35,1295855,50497,17985,12.88
2026-09-24 14:09:24,23072.4,2026-09-29,23200.0,CE,92.65,92.45,92.65,1905502,241891,219246,12.38
2026-09-24 14:09:24,23072.4,2026-09-29,23200.0,PE,201.1,200.55,201.0,2894344,114501,18979,12.86
2026-09-24 14:09:24,23072.4,2026-09-29,23250.0,CE,74.05,74.0,74.15,1491427,176014,160769,12.29
2026-09-24 14:09:24,23072.4,2026-09-29,23250.0,PE,234.95,235.05,235.6,1585060,67858,9969,12.8
2026-09-24 14:09:24,23072.4,2026-09-29,23300.0,CE,59.1,59.1,59.2,1685051,214668,150662,12.19
2026-09-24 14:09:24,23072.4,2026-09-29,23300.0,PE,268.9,268.0,268.8,1466586,101893,-39807,12.77
2026-09-24 14:09:24,23072.4,2026-09-29,23350.0,CE,46.3,46.45,46.55,676617,90610,66135,12.15
2026-09-24 14:09:24,23072.4,2026-09-29,23350.0,PE,306.0,305.7,306.5,478657,21169,-40054,12.7
2026-09-24 14:09:24,23072.4,2026-09-29,23400.0,CE,36.75,36.65,36.75,1152365,197829,81014,12.2
2026-09-24 14:09:24,23072.4,2026-09-29,23400.0,PE,345.65,344.65,345.25,630237,72052,-106329,12.75
2026-09-24 14:09:24,23072.4,2026-09-29,23450.0,CE,28.9,28.85,28.95,598584,78888,19477,12.31
2026-09-24 14:09:24,23072.4,2026-09-29,23450.0,PE,387.25,386.9,387.85,172446,21329,-36103,13.02
2026-09-24 14:09:24,23072.4,2026-09-29,23500.0,CE,22.8,22.7,22.8,957991,204910,46724,12.4
2026-09-24 14:09:24,23072.4,2026-09-29,23500.0,PE,432.65,430.5,431.45,268319,89800,-30513,13.15
2026-09-24 14:09:24,23072.4,2026-09-29,23550.0,CE,17.8,17.8,17.9,449916,55968,-6107,12.53
2026-09-24 14:09:24,23072.4,2026-09-29,23550.0,PE,475.85,476.85,478.05,36366,5538,-5413,13.39
2026-09-24 14:10:25,23073.35,2026-09-29,22550.0,CE,552.3,564.4,566.75,140,71,58,10.8
2026-09-24 14:10:25,23073.35,2026-09-29,22550.0,PE,21.5,21.45,21.5,274511,16876,1648,16.24
2026-09-24 14:10:25,23073.35,2026-09-29,22600.0,CE,519.15,519.4,520.95,984,486,371,14.57
2026-09-24 14:10:25,23073.35,2026-09-29,22600.0,PE,25.35,25.3,25.4,493473,49097,-3488,15.84
2026-09-24 14:10:25,23073.35,2026-09-29,22650.0,CE,469.95,474.25,475.75,889,960,259,14.37
2026-09-24 14:10:25,23073.35,2026-09-29,22650.0,PE,29.9,29.8,29.9,321163,33324,891,15.42
2026-09-24 14:10:25,23073.35,2026-09-29,22700.0,CE,429.0,430.45,431.6,4657,1218,768,13.88
2026-09-24 14:10:25,23073.35,2026-09-29,22700.0,PE,35.05,35.0,35.1,538529,59148,-808,15.02
2026-09-24 14:10:25,23073.35,2026-09-29,22750.0,CE,387.15,386.55,387.8,2234,962,449,14.01
2026-09-24 14:10:25,23073.35,2026-09-29,22750.0,PE,41.8,41.7,41.85,366333,31599,9073,14.62
2026-09-24 14:10:25,23073.35,2026-09-29,22800.0,CE,345.0,345.05,345.9,14222,6262,2116,13.68
2026-09-24 14:10:25,23073.35,2026-09-29,22800.0,PE,49.9,49.9,50.0,778979,106912,8461,14.33
2026-09-24 14:10:25,23073.35,2026-09-29,22850.0,CE,304.0,304.7,305.5,6338,1401,1057,13.34
2026-09-24 14:10:25,23073.35,2026-09-29,22850.0,PE,59.55,59.35,59.55,424389,41728,4672,14.08
2026-09-24 14:10:25,23073.35,2026-09-29,22900.0,CE,266.6,266.7,267.0,30633,7792,5504,13.21
2026-09-24 14:10:25,23073.35,2026-09-29,22900.0,PE,71.25,71.1,71.25,741254,74424,488,13.8
2026-09-24 14:10:25,23073.35,2026-09-29,22950.0,CE,230.55,230.15,230.7,31133,4252,3635,12.93
2026-09-24 14:10:25,23073.35,2026-09-29,22950.0,PE,85.85,85.6,85.85,533727,31234,1123,13.56
2026-09-24 14:10:25,23073.35,2026-09-29,23000.0,CE,197.2,196.8,197.25,287480,58888,38338,12.88
2026-09-24 14:10:25,23073.35,2026-09-29,23000.0,PE,102.6,102.35,102.6,1742634,172195,-22816,13.36
2026-09-24 14:10:25,23073.35,2026-09-29,23050.0,CE,166.9,166.5,166.9,135290,24436,23199,12.71
2026-09-24 14:10:25,23073.35,2026-09-29,23050.0,PE,121.2,121.0,121.2,796970,41023,14150,13.19
2026-09-24 14:10:25,23073.35,2026-09-29,23100.0,CE,138.6,138.4,138.65,587125,99705,90900,12.59
2026-09-24 14:10:25,23073.35,2026-09-29,23100.0,PE,144.4,144.0,144.15,1558135,93105,32583,13.02
2026-09-24 14:10:25,23073.35,2026-09-29,23150.0,CE,114.4,114.15,114.4,560425,72677,69022,12.49
2026-09-24 14:10:25,23073.35,2026-09-29,23150.0,PE,168.55,168.5,168.9,1297452,50352,17840,12.88
2026-09-24 14:10:25,23073.35,2026-09-29,23200.0,CE,92.95,93.0,93.15,1912530,242144,219499,12.38
2026-09-24 14:10:25,23073.35,2026-09-29,23200.0,PE,196.85,196.5,196.8,2897486,114068,18546,12.86
2026-09-24 14:10:25,23073.35,2026-09-29,23250.0,CE,74.6,74.35,74.55,1495107,175423,160178,12.29
2026-09-24 14:10:25,23073.35,2026-09-29,23250.0,PE,230.2,228.65,229.25,1589191,67685,9796,12.8
2026-09-24 14:10:25,23073.35,2026-09-29,23300.0,CE,59.15,59.0,59.15,1689652,215164,151158,12.19
2026-09-24 14:10:25,23073.35,2026-09-29,23300.0,PE,264.4,263.3,263.85,1467866,101941,-39759,12.77
2026-09-24 14:10:25,23073.35,2026-09-29,23350.0,CE,46.2,46.15,46.3,679541,90752,66277,12.15
2026-09-24 14:10:25,23073.35,2026-09-29,23350.0,PE,300.9,300.45,301.1,478828,21110,-40113,12.7
2026-09-24 14:10:25,23073.35,2026-09-29,23400.0,CE,36.4,36.3,36.4,1155045,197722,80907,12.2
2026-09-24 14:10:25,23073.35,2026-09-29,23400.0,PE,338.7,338.4,338.8,630754,72034,-106347,12.75
2026-09-24 14:10:25,23073.35,2026-09-29,23450.0,CE,28.5,28.45,28.5,600506,78591,19180,12.31
2026-09-24 14:10:25,23073.35,2026-09-29,23450.0,PE,384.7,382.45,383.35,172799,21235,-36197,13.02
2026-09-24 14:10:25,23073.35,2026-09-29,23500.0,CE,22.3,22.25,22.3,961463,204703,46517,12.4
2026-09-24 14:10:25,23073.35,2026-09-29,23500.0,PE,426.35,425.0,425.25,268518,89786,-30527,13.15
2026-09-24 14:10:25,23073.35,2026-09-29,23550.0,CE,17.35,17.3,17.4,453709,56764,-5311,12.53
2026-09-24 14:10:25,23073.35,2026-09-29,23550.0,PE,474.4,470.05,471.35,36380,5534,-5417,13.39
2026-09-24 14:11:25,23074.65,2026-09-29,22550.0,CE,566.25,565.85,567.65,141,72,59,10.8
2026-09-24 14:11:25,23074.65,2026-09-29,22550.0,PE,21.55,21.55,21.6,275167,16976,1748,16.24
2026-09-24 14:11:25,23074.65,2026-09-29,22600.0,CE,519.6,519.5,521.2,1003,486,371,14.57
2026-09-24 14:11:25,23074.65,2026-09-29,22600.0,PE,25.3,25.15,25.25,495618,49672,-2913,15.84
2026-09-24 14:11:25,23074.65,2026-09-29,22650.0,CE,475.4,474.55,476.1,917,960,259,14.37
2026-09-24 14:11:25,23074.65,2026-09-29,22650.0,PE,30.1,29.95,30.1,321780,33511,1078,15.42
2026-09-24 14:11:25,23074.65,2026-09-29,22700.0,CE,430.25,429.6,430.8,4698,1220,770,13.88
2026-09-24 14:11:25,23074.65,2026-09-29,22700.0,PE,35.3,35.3,35.4,540503,60126,170,15.02
2026-09-24 14:11:25,23074.65,2026-09-29,22750.0,CE,385.9,386.5,387.75,2275,962,449,14.01
2026-09-24 14:11:25,23074.65,2026-09-29,22750.0,PE,41.85,41.8,41.9,366818,31570,9044,14.62
2026-09-24 14:11:25,23074.65,2026-09-29,22800.0,CE,344.0,344.6,345.55,14499,6261,2115,13.68
2026-09-24 14:11:25,23074.65,2026-09-29,22800.0,PE,50.05,49.95,50.1,781102,105031,6580,14.33
2026-09-24 14:11:25,23074.65,2026-09-29,22850.0,CE,305.25,304.6,305.35,6392,1405,1061,13.34
2026-09-24 14:11:25,23074.65,2026-09-29,22850.0,PE,59.8,59.55,59.7,425260,41763,4707,14.08
2026-09-24 14:11:25,23074.65,2026-09-29,22900.0,CE,267.7,266.75,267.35,30842,7755,5467,13.21
2026-09-24 14:11:25,23074.65,2026-09-29,22900.0,PE,71.35,71.35,71.6,742967,74751,815,13.8
2026-09-24 14:11:25,23074.65,2026-09-29,22950.0,CE,230.8,231.0,231.55,31327,4275,3658,12.93
2026-09-24 14:11:25,23074.65,2026-09-29,22950.0,PE,85.55,85.25,85.5,534973,31329,1218,13.56
2026-09-24 14:11:25,23074.65,2026-09-29,23000.0,CE,197.1,197.2,197.55,289066,59165,38615,12.88
2026-09-24 14:11:25,23074.65,2026-09-29,23000.0,PE,102.5,102.3,102.55,1748244,173539,-21472,13.36
2026-09-24 14:11:25,23074.65,2026-09-29,23050.0,CE,166.75,166.25,166.65,136475,24470,23233,12.71
2026-09-24 14:11:25,23074.65,2026-09-29,23050.0,PE,121.25,121.2,121.5,799192,41641,14768,13.19
2026-09-24 14:11:25,23074.65,2026-09-29,23100.0,CE,139.35,138.65,139.0,590060,100576,91771,12.59
2026-09-24 14:11:25,23074.65,2026-09-29,23100.0,PE,143.2,143.15,143.5,1561163,94091,33569,13.02
2026-09-24 14:11:25,23074.65,2026-09-29,23150.0,CE,114.3,114.15,114.25,562022,73131,69476,12.49
2026-09-24 14:11:25,23074.65,2026-09-29,23150.0,PE,168.5,168.6,168.95,1298263,49633,17121,12.88
2026-09-24 14:11:25,23074.65,2026-09-29,23200.0,CE,92.75,92.75,92.95,1914929,243113,220468,12.38
2026-09-24 14:11:25,23074.65,2026-09-29,23200.0,PE,196.05,196.45,196.8,2899313,112384,16862,12.86
2026-09-24 14:11:25,23074.65,2026-09-29,23250.0,CE,74.15,74.05,74.2,1496986,176095,160850,12.29
2026-09-24 14:11:25,23074.65,2026-09-29,23250.0,PE,228.5,228.75,229.2,1589645,67684,9795,12.8
2026-09-24 14:11:25,23074.65,2026-09-29,23300.0,CE,59.1,59.0,59.1,1692182,215434,151428,12.19
2026-09-24 14:11:25,23074.65,2026-09-29,23300.0,PE,262.65,262.6,263.2,1468763,101877,-39823,12.77
2026-09-24 14:11:25,23074.65,2026-09-29,23350.0,CE,45.95,45.95,46.05,681258,90895,66420,12.15
2026-09-24 14:11:25,23074.65,2026-09-29,23350.0,PE,299.95,299.7,300.45,479014,21114,-40109,12.7
2026-09-24 14:11:25,23074.65,2026-09-29,23400.0,CE,36.0,36.0,36.1,1157287,196364,79549,12.2
2026-09-24 14:11:25,23074.65,2026-09-29,23400.0,PE,339.35,338.7,339.45,631255,72065,-106316,12.75
2026-09-24 14:11:25,23074.65,2026-09-29,23450.0,CE,28.35,28.2,28.3,602094,78284,18873,12.31
2026-09-24 14:11:25,23074.65,2026-09-29,23450.0,PE,380.4,381.3,382.4,172877,21183,-36249,13.02
2026-09-24 14:11:25,23074.65,2026-09-29,23500.0,CE,22.1,22.0,22.1,964131,204197,46011,12.4
2026-09-24 14:11:25,23074.65,2026-09-29,23500.0,PE,424.5,424.25,425.25,269046,89792,-30521,13.15
2026-09-24 14:11:25,23074.65,2026-09-29,23550.0,CE,17.2,17.1,17.2,456520,58167,-3908,12.53
2026-09-24 14:11:25,23074.65,2026-09-29,23550.0,PE,471.6,470.05,471.55,36398,5528,-5423,13.39
2026-09-24 14:12:26,23071.0,2026-09-29,22550.0,CE,564.15,563.35,566.05,165,72,59,13.51
2026-09-24 14:12:26,23071.0,2026-09-29,22550.0,PE,21.95,21.85,21.95,275749,17158,1930,16.54
2026-09-24 14:12:26,23071.0,2026-09-29,22600.0,CE,516.85,516.85,518.55,1004,499,384,13.64
2026-09-24 14:12:26,23071.0,2026-09-29,22600.0,PE,25.4,25.6,25.7,498623,49702,-2883,16.2
2026-09-24 14:12:26,23071.0,2026-09-29,22650.0,CE,472.9,472.0,473.6,924,951,250,13.68
2026-09-24 14:12:26,23071.0,2026-09-29,22650.0,PE,30.55,30.45,30.55,322659,33603,1170,15.85
2026-09-24 14:12:26,23071.0,2026-09-29,22700.0,CE,429.55,428.1,429.3,4715,1220,770,13.46
2026-09-24 14:12:26,23071.0,2026-09-29,22700.0,PE,35.75,35.75,35.85,542660,60842,886,15.52
2026-09-24 14:12:26,23071.0,2026-09-29,22750.0,CE,384.5,384.7,385.8,2284,953,440,13.19
2026-09-24 14:12:26,23071.0,2026-09-29,22750.0,PE,42.4,42.4,42.5,368402,31338,8812,15.2
2026-09-24 14:12:26,23071.0,2026-09-29,22800.0,CE,344.0,342.95,343.9,14545,6247,2101,13.09
2026-09-24 14:12:26,23071.0,2026-09-29,22800.0,PE,50.7,50.6,50.65,783609,105421,6970,14.89
2026-09-24 14:12:26,23071.0,2026-09-29,22850.0,CE,304.45,302.95,303.8,6432,1390,1046,13.27
2026-09-24 14:12:26,23071.0,2026-09-29,22850.0,PE,60.3,60.35,60.5,426841,42234,5178,14.59
2026-09-24 14:12:26,23071.0,2026-09-29,22900.0,CE,265.4,265.2,265.8,31035,7782,5494,12.91
2026-09-24 14:12:26,23071.0,2026-09-29,22900.0,PE,72.1,72.05,72.25,745517,75233,1297,14.34
2026-09-24 14:12:26,23071.0,2026-09-29,22950.0,CE,229.7,229.05,229.6,31479,4272,3655,12.72
2026-09-24 14:12:26,23071.0,2026-09-29,22950.0,PE,86.3,86.4,86.55,536788,31772,1661,14.17
2026-09-24 14:12:26,23071.0,2026-09-29,23000.0,CE,196.35,195.8,196.2,290640,59790,39240,12.66
2026-09-24 14:12:26,23071.0,2026-09-29,23000.0,PE,103.35,103.1,103.35,1756592,176849,-18162,14.03
2026-09-24 14:12:26,23071.0,2026-09-29,23050.0,CE,165.1,165.15,165.5,138194,24745,23508,12.6
2026-09-24 14:12:26,23071.0,2026-09-29,23050.0,PE,122.1,122.15,122.4,802263,42394,15521,13.8
2026-09-24 14:12:26,23071.0,2026-09-29,23100.0,CE,137.6,137.5,137.8,596057,102607,93802,12.5
2026-09-24 14:12:26,23071.0,2026-09-29,23100.0,PE,144.75,144.5,144.85,1566502,94775,34253,13.73
2026-09-24 14:12:26,23071.0,2026-09-29,23150.0,CE,113.0,112.9,113.2,563692,73097,69442,12.41
2026-09-24 14:12:26,23071.0,2026-09-29,23150.0,PE,169.35,169.7,170.05,1299525,48594,16082,13.71
2026-09-24 14:12:26,23071.0,2026-09-29,23200.0,CE,91.95,91.8,92.0,1921603,243807,221162,12.39
2026-09-24 14:12:26,23071.0,2026-09-29,23200.0,PE,197.9,197.9,198.4,2902333,110941,15419,13.64
2026-09-24 14:12:26,23071.0,2026-09-29,23250.0,CE,73.3,73.3,73.5,1499911,176062,160817,12.33
2026-09-24 14:12:26,23071.0,2026-09-29,23250.0,PE,230.5,230.25,230.85,1590780,67696,9807,13.75
2026-09-24 14:12:26,23071.0,2026-09-29,23300.0,CE,58.15,58.1,58.25,1697228,215850,151844,12.33
2026-09-24 14:12:26,23071.0,2026-09-29,23300.0,PE,264.95,264.35,264.95,1470298,101514,-40186,13.81
2026-09-24 14:12:26,23071.0,2026-09-29,23350.0,CE,45.55,45.4,45.5,683764,91293,66818,12.3
2026-09-24 14:12:26,23071.0,2026-09-29,23350.0,PE,300.15,302.1,302.55,479219,21122,-40101,13.64
2026-09-24 14:12:26,23071.0,2026-09-29,23400.0,CE,35.6,35.55,35.65,1162937,194507,77692,12.38
2026-09-24 14:12:26,23071.0,2026-09-29,23400.0,PE,340.6,340.15,340.95,631956,71983,-106398,14.08
2026-09-24 14:12:26,23071.0,2026-09-29,23450.0,CE,27.9,27.8,27.9,603857,77864,18453,12.52
2026-09-24 14:12:26,23071.0,2026-09-29,23450.0,PE,383.0,383.35,384.4,172953,21201,-36231,13.99
2026-09-24 14:12:26,23071.0,2026-09-29,23500.0,CE,21.8,21.75,21.85,967533,204544,46358,12.66
2026-09-24 14:12:26,23071.0,2026-09-29,23500.0,PE,425.5,426.25,427.2,269797,90062,-30251,14.72
2026-09-24 14:12:26,23071.0,2026-09-29,23550.0,CE,16.95,16.9,16.95,458806,59788,-2287,12.81
2026-09-24 14:12:26,23071.0,2026-09-29,23550.0,PE,470.7,472.0,473.6,36411,5529,-5422,15.05
2026-09-24 14:13:26,23071.9,2026-09-29,22550.0,CE,566.2,563.2,565.25,182,94,81,
2026-09-24 14:13:26,23071.9,2026-09-29,22550.0,PE,22.45,22.25,22.35,276089,17158,1930,16.49
2026-09-24 14:13:26,23071.9,2026-09-29,22600.0,CE,517.0,516.55,518.3,1009,499,384,13.57
2026-09-24 14:13:26,23071.9,2026-09-29,22600.0,PE,26.2,26.1,26.2,499545,49517,-3068,16.12
2026-09-24 14:13:26,23071.9,2026-09-29,22650.0,CE,472.55,471.75,473.45,927,951,250,13.62
2026-09-24 14:13:26,23071.9,2026-09-29,22650.0,PE,31.15,30.9,31.0,323106,33603,1170,15.81
2026-09-24 14:13:26,23071.9,2026-09-29,22700.0,CE,430.2,427.95,429.05,4728,1230,780,13.28
2026-09-24 14:13:26,23071.9,2026-09-29,22700.0,PE,36.5,36.3,36.45,543894,61246,1290,15.43
2026-09-24 14:13:26,23071.9,2026-09-29,22750.0,CE,384.55,384.15,385.15,2296,957,444,13.22
2026-09-24 14:13:26,23071.9,2026-09-29,22750.0,PE,43.35,43.15,43.3,369159,31338,8812,15.13
2026-09-24 14:13:26,23071.9,2026-09-29,22800.0,CE,343.25,342.4,343.2,14621,6247,2101,13.07
2026-09-24 14:13:26,23071.9,2026-09-29,22800.0,PE,51.6,51.6,51.75,785318,105421,6970,14.83
2026-09-24 14:13:26,23071.9,2026-09-29,22850.0,CE,302.45,302.1,302.95,6447,1390,1046,12.92
2026-09-24 14:13:26,23071.9,2026-09-29,22850.0,PE,61.4,61.3,61.5,427777,42234,5178,14.56
2026-09-24 14:13:26,23071.9,2026-09-29,22900.0,CE,264.45,264.9,265.6,31193,7782,5494,12.97
2026-09-24 14:13:26,23071.9,2026-09-29,22900.0,PE,73.25,73.25,73.4,747561,75233,1297,14.3
2026-09-24 14:13:26,23071.9,2026-09-29,22950.0,CE,229.35,229.05,229.5,31567,4307,3690,12.74
2026-09-24 14:13:26,23071.9,2026-09-29,22950.0,PE,87.5,87.45,87.65,537712,31772,1661,14.1
2026-09-24 14:13:26,23071.9,2026-09-29,23000.0,CE,196.2,195.85,196.3,291632,59790,39240,12.68
2026-09-24 14:13:26,23071.9,2026-09-29,23000.0,PE,104.35,103.95,104.2,1764256,176849,-18162,13.98
2026-09-24 14:13:26,23071.9,2026-09-29,23050.0,CE,165.45,165.2,165.55,139370,25070,23833,12.61
2026-09-24 14:13:26,23071.9,2026-09-29,23050.0,PE,123.45,122.85,123.2,804495,42663,15790,13.82
2026-09-24 14:13:26,23071.9,2026-09-29,23100.0,CE,137.65,137.3,137.55,599132,102607,93802,12.51
2026-09-24 14:13:26,23071.9,2026-09-29,23100.0,PE,145.8,145.55,145.8,1570635,94775,34253,13.7
2026-09-24 14:13:26,23071.9,2026-09-29,23150.0,CE,112.85,112.6,112.85,565030,73097,69442,12.43
2026-09-24 14:13:26,23071.9,2026-09-29,23150.0,PE,171.8,171.4,171.8,1300667,48594,16082,13.65
2026-09-24 14:13:26,23071.9,2026-09-29,23200.0,CE,91.7,91.5,91.7,1924807,243807,221162,12.4
2026-09-24 14:13:26,23071.9,2026-09-29,23200.0,PE,199.2,199.35,199.7,2904302,110941,15419,13.61
2026-09-24 14:13:26,23071.9,2026-09-29,23250.0,CE,73.3,73.15,73.35,1501291,176062,160817,12.33
2026-09-24 14:13:26,23071.9,2026-09-29,23250.0,PE,231.9,231.75,232.1,1591121,67696,9807,13.74
2026-09-24 14:13:26,23071.9,2026-09-29,23300.0,CE,58.15,58.0,58.2,1699662,215850,151844,12.35
2026-09-24 14:13:26,23071.9,2026-09-29,23300.0,PE,266.0,265.55,266.0,1471061,101514,-40186,13.76
2026-09-24 14:13:26,23071.9,2026-09-29,23350.0,CE,45.3,45.25,45.35,685037,91293,66818,12.33
2026-09-24 14:13:26,23071.9,2026-09-29,23350.0,PE,302.7,302.2,302.95,479307,21122,-40101,13.85
2026-09-24 14:13:26,23071.9,2026-09-29,23400.0,CE,35.4,35.4,35.45,1166476,194698,77883,12.39
2026-09-24 14:13:26,23071.9,2026-09-29,23400.0,PE,342.1,340.9,341.55,632215,71899,-106482,13.86
2026-09-24 14:13:26,23071.9,2026-09-29,23450.0,CE,27.65,27.65,27.75,604487,77864,18453,12.52
2026-09-24 14:13:26,23071.9,2026-09-29,23450.0,PE,384.0,384.65,385.75,172991,21201,-36231,14.34
2026-09-24 14:13:26,23071.9,2026-09-29,23500.0,CE,21.6,21.6,21.7,971001,204544,46358,12.66
2026-09-24 14:13:26,23071.9,2026-09-29,23500.0,PE,427.85,428.05,429.0,270006,90062,-30251,14.71
2026-09-24 14:13:26,23071.9,2026-09-29,23550.0,CE,16.7,16.75,16.8,460147,59788,-2287,12.79
2026-09-24 14:13:26,23071.9,2026-09-29,23550.0,PE,473.45,473.0,474.45,36438,5529,-5422,15.04
2026-09-24 14:14:26,23074.55,2026-09-29,22550.0,CE,566.2,563.65,566.5,182,94,81,13.51
2026-09-24 14:14:26,23074.55,2026-09-29,22550.0,PE,21.8,21.9,22.0,276126,17179,1951,16.54
2026-09-24 14:14:26,23074.55,2026-09-29,22600.0,CE,517.0,518.4,520.0,1009,499,384,13.64
2026-09-24 14:14:26,23074.55,2026-09-29,22600.0,PE,25.8,25.8,25.9,499623,49638,-2947,16.2
2026-09-24 14:14:26,23074.55,2026-09-29,22650.0,CE,472.55,473.45,475.0,927,955,254,13.68
2026-09-24 14:14:26,23074.55,2026-09-29,22650.0,PE,30.85,30.6,30.7,323225,33708,1275,15.85
2026-09-24 14:14:26,23074.55,2026-09-29,22700.0,CE,429.5,429.4,430.6,4729,1238,788,13.46
2026-09-24 14:14:26,23074.55,2026-09-29,22700.0,PE,36.25,36.0,36.15,544010,61252,1296,15.52
2026-09-24 14:14:26,23074.55,2026-09-29,22750.0,CE,384.8,386.05,387.2,2300,962,449,13.19
2026-09-24 14:14:26,23074.55,2026-09-29,22750.0,PE,43.0,42.55,42.65,369632,31254,8728,15.2
2026-09-24 14:14:26,23074.55,2026-09-29,22800.0,CE,344.0,344.65,345.0,14646,6249,2103,13.09
2026-09-24 14:14:26,23074.55,2026-09-29,22800.0,PE,50.85,50.85,51.05,785540,105286,6835,14.89
2026-09-24 14:14:26,23074.55,2026-09-29,22850.0,CE,303.05,304.3,305.0,6449,1388,1044,13.27
2026-09-24 14:14:26,23074.55,2026-09-29,22850.0,PE,60.5,60.3,60.45,427927,42194,5138,14.59
2026-09-24 14:14:26,23074.55,2026-09-29,22900.0,CE,265.2,266.65,267.0,31212,7825,5537,12.91
2026-09-24 14:14:26,23074.55,2026-09-29,22900.0,PE,72.1,72.0,72.15,747946,75314,1378,14.34
2026-09-24 14:14:26,23074.55,2026-09-29,22950.0,CE,230.1,230.35,230.9,31580,4336,3719,12.72
2026-09-24 14:14:26,23074.55,2026-09-29,22950.0,PE,86.5,86.3,86.55,537949,31938,1827,14.17
2026-09-24 14:14:26,23074.55,2026-09-29,23000.0,CE,197.0,196.95,197.3,291922,59808,39258,12.66
2026-09-24 14:14:26,23074.55,2026-09-29,23000.0,PE,103.1,103.1,103.25,1765310,179859,-15152,14.03
2026-09-24 14:14:26,23074.55,2026-09-29,23050.0,CE,166.35,165.95,166.4,139534,25182,23945,12.6
2026-09-24 14:14:26,23074.55,2026-09-29,23050.0,PE,122.4,122.1,122.4,805060,42960,16087,13.8
2026-09-24 14:14:26,23074.55,2026-09-29,23100.0,CE,138.35,138.35,138.45,600054,102799,93994,12.5
2026-09-24 14:14:26,23074.55,2026-09-29,23100.0,PE,144.25,144.1,144.25,1571320,95193,34671,13.73
2026-09-24 14:14:26,23074.55,2026-09-29,23150.0,CE,113.75,113.55,113.75,565280,73168,69513,12.41
2026-09-24 14:14:26,23074.55,2026-09-29,23150.0,PE,170.35,169.55,169.85,1300818,48322,15810,13.71
2026-09-24 14:14:26,23074.55,2026-09-29,23200.0,CE,92.35,92.4,92.5,1925481,243062,220417,12.39
2026-09-24 14:14:26,23074.55,2026-09-29,23200.0,PE,197.15,197.15,197.35,2904720,111445,15923,13.64
2026-09-24 14:14:26,23074.55,2026-09-29,23250.0,CE,74.0,73.85,74.0,1501663,175908,160663,12.33
2026-09-24 14:14:26,23074.55,2026-09-29,23250.0,PE,229.95,229.5,229.85,1591167,67783,9894,13.75
2026-09-24 14:14:26,23074.55,2026-09-29,23300.0,CE,58.55,58.5,58.7,1700583,215588,151582,12.33
2026-09-24 14:14:26,23074.55,2026-09-29,23300.0,PE,263.5,263.5,264.0,1471189,101429,-40271,13.81
2026-09-24 14:14:26,23074.55,2026-09-29,23350.0,CE,45.7,45.6,45.7,685260,91907,67432,12.3
2026-09-24 14:14:26,23074.55,2026-09-29,23350.0,PE,301.0,300.45,301.2,479323,21132,-40091,13.64
2026-09-24 14:14:26,23074.55,2026-09-29,23400.0,CE,35.75,35.65,35.75,1167078,195098,78283,12.38
2026-09-24 14:14:26,23074.55,2026-09-29,23400.0,PE,340.25,339.6,340.1,632225,71837,-106544,14.08
2026-09-24 14:14:26,23074.55,2026-09-29,23450.0,CE,27.95,27.85,27.95,604750,77658,18247,12.52
2026-09-24 14:14:26,23074.55,2026-09-29,23450.0,PE,383.0,382.2,383.25,173013,21207,-36225,13.99
2026-09-24 14:14:26,23074.55,2026-09-29,23500.0,CE,21.85,21.75,21.85,971855,205558,47372,12.66
2026-09-24 14:14:26,23074.55,2026-09-29,23500.0,PE,427.0,426.0,426.6,270095,90018,-30295,14.72
2026-09-24 14:14:26,23074.55,2026-09-29,23550.0,CE,16.8,16.85,16.9,460491,60038,-2037,12.81
2026-09-24 14:14:26,23074.55,2026-09-29,23550.0,PE,473.45,470.75,472.25,36438,5539,-5412,15.05
2026-09-24 14:15:26,23078.4,2026-09-29,22600.0,CE,517.0,522.2,523.8,1009,496,381,13.57
2026-09-24 14:15:26,23078.4,2026-09-29,22600.0,PE,24.75,24.8,24.9,501919,49505,-3080,16.12
2026-09-24 14:15:26,23078.4,2026-09-29,22650.0,CE,472.55,476.8,478.7,927,958,257,13.62
2026-09-24 14:15:26,23078.4,2026-09-29,22650.0,PE,29.45,29.45,29.6,323899,33832,1399,15.81
2026-09-24 14:15:26,23078.4,2026-09-29,22700.0,CE,431.9,432.4,433.65,4754,1240,790,13.28
2026-09-24 14:15:26,23078.4,2026-09-29,22700.0,PE,34.8,34.7,34.85,545669,61600,1644,15.43
2026-09-24 14:15:26,23078.4,2026-09-29,22750.0,CE,389.1,389.0,390.0,2304,962,449,13.22
2026-09-24 14:15:26,23078.4,2026-09-29,22750.0,PE,41.2,41.15,41.25,370376,31259,8733,15.13
2026-09-24 14:15:26,23078.4,2026-09-29,22800.0,CE,347.8,347.1,347.9,14764,6273,2127,13.07
2026-09-24 14:15:26,23078.4,2026-09-29,22800.0,PE,49.45,49.3,49.45,787293,105349,6898,14.83
2026-09-24 14:15:26,23078.4,2026-09-29,22850.0,CE,306.8,306.95,307.75,6468,1380,1036,12.92
2026-09-24 14:15:26,23078.4,2026-09-29,22850.0,PE,58.5,58.55,58.7,429446,42202,5146,14.56
2026-09-24 14:15:26,23078.4,2026-09-29,22900.0,CE,269.45,268.75,269.35,31340,7813,5525,12.97
2026-09-24 14:15:26,23078.4,2026-09-29,22900.0,PE,70.3,70.15,70.3,749847,75408,1472,14.3
2026-09-24 14:15:26,23078.4,2026-09-29,22950.0,CE,233.0,232.55,233.1,31715,4319,3702,12.74
2026-09-24 14:15:26,23078.4,2026-09-29,22950.0,PE,84.25,84.0,84.2,539290,32182,2071,14.1
2026-09-24 14:15:26,23078.4,2026-09-29,23000.0,CE,198.7,198.7,199.0,293197,59546,38996,12.68
2026-09-24 14:15:26,23078.4,2026-09-29,23000.0,PE,100.5,100.5,100.8,1770606,181079,-13932,13.98
2026-09-24 14:15:26,23078.4,2026-09-29,23050.0,CE,167.6,167.6,168.0,141133,25118,23881,12.61
2026-09-24 14:15:26,23078.4,2026-09-29,23050.0,PE,119.05,119.1,119.4,807538,43278,16405,13.82
2026-09-24 14:15:26,23078.4,2026-09-29,23100.0,CE,139.65,139.6,139.9,603411,103467,94662,12.51
2026-09-24 14:15:26,23078.4,2026-09-29,23100.0,PE,141.05,141.05,141.35,1574965,95416,34894,13.7
2026-09-24 14:15:26,23078.4,2026-09-29,23150.0,CE,114.6,114.6,114.85,566532,73079,69424,12.43
2026-09-24 14:15:26,23078.4,2026-09-29,23150.0,PE,166.55,166.45,166.75,1302070,48060,15548,13.65
2026-09-24 14:15:26,23078.4,2026-09-29,23200.0,CE,93.25,93.25,93.5,1928647,242770,220125,12.4
2026-09-24 14:15:26,23078.4,2026-09-29,23200.0,PE,193.65,193.6,194.05,2906465,111347,15825,13.61
2026-09-24 14:15:26,23078.4,2026-09-29,23250.0,CE,74.45,74.45,74.6,1503061,175726,160481,12.33
2026-09-24 14:15:26,23078.4,2026-09-29,23250.0,PE,226.45,226.1,226.55,1591616,67747,9858,13.74
2026-09-24 14:15:26,23078.4,2026-09-29,23300.0,CE,59.3,59.15,59.3,1703165,215112,151106,12.35
2026-09-24 14:15:26,23078.4,2026-09-29,23300.0,PE,259.4,259.5,259.95,1472031,100999,-40701,13.76
2026-09-24 14:15:26,23078.4,2026-09-29,23350.0,CE,46.05,46.0,46.1,685881,91561,67086,12.33
2026-09-24 14:15:26,23078.4,2026-09-29,23350.0,PE,297.3,296.65,297.45,479530,21143,-40080,13.85
2026-09-24 14:15:26,23078.4,2026-09-29,23400.0,CE,35.95,35.95,36.05,1169355,195071,78256,12.39
2026-09-24 14:15:26,23078.4,2026-09-29,23400.0,PE,335.7,335.15,336.0,632500,71827,-106554,13.86
2026-09-24 14:15:26,23078.4,2026-09-29,23450.0,CE,28.15,28.05,28.15,605383,77603,18192,12.52
2026-09-24 14:15:26,23078.4,2026-09-29,23450.0,PE,379.25,378.35,379.1,173088,21208,-36224,14.34
2026-09-24 14:15:26,23078.4,2026-09-29,23500.0,CE,22.0,21.9,22.0,973203,206015,47829,12.66
2026-09-24 14:15:26,23078.4,2026-09-29,23500.0,PE,422.0,421.0,422.2,270235,89992,-30321,14.71
2026-09-24 14:15:26,23078.4,2026-09-29,23550.0,CE,16.9,16.95,17.05,461818,60202,-1873,12.79
2026-09-24 14:15:26,23078.4,2026-09-29,23550.0,PE,468.0,466.25,467.8,36454,5551,-5400,15.04
2026-09-24 14:15:26,23078.4,2026-09-29,23600.0,CE,13.45,13.35,13.45,723132,104448,-2449,13.03
2026-09-24 14:15:26,23078.4,2026-09-29,23600.0,PE,513.35,511.95,513.85,49024,23294,-4785,15.5
2026-09-24 14:16:27,23076.45,2026-09-29,22600.0,CE,524.5,526.2,527.2,1013,496,381,13.64
2026-09-24 14:16:27,23076.45,2026-09-29,22600.0,PE,23.95,23.9,24.0,505403,49405,-3180,16.2
2026-09-24 14:16:27,23076.45,2026-09-29,22650.0,CE,479.5,480.75,482.65,930,958,257,13.68
2026-09-24 14:16:27,23076.45,2026-09-29,22650.0,PE,28.45,28.45,28.55,324569,33949,1516,15.85
2026-09-24 14:16:27,23076.45,2026-09-29,22700.0,CE,437.35,435.75,436.85,4774,1251,801,13.46
2026-09-24 14:16:27,23076.45,2026-09-29,22700.0,PE,33.55,33.55,33.65,546715,61908,1952,15.52
2026-09-24 14:16:27,23076.45,2026-09-29,22750.0,CE,393.15,391.65,392.7,2326,965,452,13.19
2026-09-24 14:16:27,23076.45,2026-09-29,22750.0,PE,39.95,39.95,40.05,371917,30944,8418,15.2
2026-09-24 14:16:27,23076.45,2026-09-29,22800.0,CE,351.45,350.25,351.1,14884,6224,2078,13.09
2026-09-24 14:16:27,23076.45,2026-09-29,22800.0,PE,47.7,47.7,47.85,790885,105448,6997,14.89
2026-09-24 14:16:27,23076.45,2026-09-29,22850.0,CE,311.05,310.0,310.75,6510,1384,1040,13.27
2026-09-24 14:16:27,23076.45,2026-09-29,22850.0,PE,56.6,56.75,56.95,430912,42523,5467,14.59
2026-09-24 14:16:27,23076.45,2026-09-29,22900.0,CE,272.15,271.25,271.85,31536,7841,5553,12.91
2026-09-24 14:16:27,23076.45,2026-09-29,22900.0,PE,68.3,68.3,68.5,752687,75577,1641,14.34
2026-09-24 14:16:27,23076.45,2026-09-29,22950.0,CE,234.95,234.8,235.4,31869,4330,3713,12.72
2026-09-24 14:16:27,23076.45,2026-09-29,22950.0,PE,81.75,81.8,82.0,541262,32233,2122,14.17
2026-09-24 14:16:27,23076.45,2026-09-29,23000.0,CE,201.35,200.8,201.3,294864,59640,39090,12.66
2026-09-24 14:16:27,23076.45,2026-09-29,23000.0,PE,98.0,98.0,98.25,1780875,182252,-12759,14.03
2026-09-24 14:16:27,23076.45,2026-09-29,23050.0,CE,169.8,169.45,169.8,143040,25109,23872,12.6
2026-09-24 14:16:27,23076.45,2026-09-29,23050.0,PE,116.9,116.55,116.85,810604,43128,16255,13.8
2026-09-24 14:16:27,23076.45,2026-09-29,23100.0,CE,141.05,141.05,141.4,609873,103962,95157,12.5
2026-09-24 14:16:27,23076.45,2026-09-29,23100.0,PE,138.5,138.5,138.8,1580984,95347,34825,13.73
2026-09-24 14:16:27,23076.45,2026-09-29,23150.0,CE,116.2,116.1,116.3,568316,73197,69542,12.41
2026-09-24 14:16:27,23076.45,2026-09-29,23150.0,PE,162.9,163.0,163.4,1303643,47995,15483,13.71
2026-09-24 14:16:27,23076.45,2026-09-29,23200.0,CE,94.55,94.35,94.55,1933302,243514,220869,12.39
2026-09-24 14:16:27,23076.45,2026-09-29,23200.0,PE,190.2,190.15,190.6,2909097,111423,15901,13.64
2026-09-24 14:16:27,23076.45,2026-09-29,23250.0,CE,75.5,75.35,75.45,1504999,175722,160477,12.33
2026-09-24 14:16:27,23076.45,2026-09-29,23250.0,PE,222.45,222.6,223.1,1592436,67791,9902,13.75
2026-09-24 14:16:27,23076.45,2026-09-29,23300.0,CE,59.7,59.7,59.8,1706571,214656,150650,12.33
2026-09-24 14:16:27,23076.45,2026-09-29,23300.0,PE,256.0,255.4,256.1,1473084,100735,-40965,13.81
2026-09-24 14:16:27,23076.45,2026-09-29,23350.0,CE,46.5,46.45,46.6,686992,91627,67152,12.3
2026-09-24 14:16:27,23076.45,2026-09-29,23350.0,PE,292.45,292.65,293.35,479815,21144,-40079,13.64
2026-09-24 14:16:27,23076.45,2026-09-29,23400.0,CE,36.3,36.2,36.3,1171476,195094,78279,12.38
2026-09-24 14:16:27,23076.45,2026-09-29,23400.0,PE,331.75,330.95,331.9,633137,71757,-106624,14.08
2026-09-24 14:16:27,23076.45,2026-09-29,23450.0,CE,28.35,28.25,28.35,605957,77641,18230,12.52
2026-09-24 14:16:27,23076.45,2026-09-29,23450.0,PE,374.35,374.45,375.3,173231,21161,-36271,13.99
2026-09-24 14:16:27,23076.45,2026-09-29,23500.0,CE,22.0,22.0,22.05,974767,206306,48120,12.66
2026-09-24 14:16:27,23076.45,2026-09-29,23500.0,PE,416.1,416.1,417.3,270449,90044,-30269,14.72
2026-09-24 14:16:27,23076.45,2026-09-29,23550.0,CE,16.95,16.95,17.0,463852,61423,-652,12.81
2026-09-24 14:16:27,23076.45,2026-09-29,23550.0,PE,465.0,461.65,462.85,36475,5549,-5402,15.05
2026-09-24 14:16:27,23076.45,2026-09-29,23600.0,CE,13.4,13.35,13.45,724078,104498,-2399,13.03
2026-09-24 14:16:27,23076.45,2026-09-29,23600.0,PE,508.85,507.05,508.2,49071,23287,-4792,15.33
2026-09-24 14:17:27,23075.95,2026-09-29,22600.0,CE,521.4,519.9,521.55,1019,500,385,13.64
2026-09-24 14:17:27,23075.95,2026-09-29,22600.0,PE,24.75,24.65,24.75,509966,49493,-3092,16.2
2026-09-24 14:17:27,23075.95,2026-09-29,22650.0,CE,477.75,475.1,476.7,932,961,260,13.68
2026-09-24 14:17:27,23075.95,2026-09-29,22650.0,PE,29.45,29.4,29.5,325594,33900,1467,15.85
2026-09-24 14:17:27,23075.95,2026-09-29,22700.0,CE,430.95,430.2,431.25,4788,1256,806,13.46
2026-09-24 14:17:27,23075.95,2026-09-29,22700.0,PE,34.75,34.7,34.85,549940,62164,2208,15.52
2026-09-24 14:17:27,23075.95,2026-09-29,22750.0,CE,386.65,387.0,388.15,2330,975,462,13.19
2026-09-24 14:17:27,23075.95,2026-09-29,22750.0,PE,41.4,41.1,41.25,373009,30697,8171,15.2
2026-09-24 14:17:27,23075.95,2026-09-29,22800.0,CE,345.65,344.8,345.7,15039,6243,2097,13.09
2026-09-24 14:17:27,23075.95,2026-09-29,22800.0,PE,49.3,49.3,49.45,794184,105397,6946,14.89
2026-09-24 14:17:27,23075.95,2026-09-29,22850.0,CE,305.25,304.5,305.45,6574,1365,1021,13.27
2026-09-24 14:17:27,23075.95,2026-09-29,22850.0,PE,58.95,58.75,58.95,432211,42617,5561,14.59
2026-09-24 14:17:27,23075.95,2026-09-29,22900.0,CE,266.55,266.75,267.45,32301,7828,5540,12.91
2026-09-24 14:17:27,23075.95,2026-09-29,22900.0,PE,70.25,70.2,70.25,759525,78243,4307,14.34
2026-09-24 14:17:27,23075.95,2026-09-29,22950.0,CE,231.1,230.6,231.0,32075,4320,3703,12.72
2026-09-24 14:17:27,23075.95,2026-09-29,22950.0,PE,84.35,84.1,84.3,545386,33233,3122,14.17
2026-09-24 14:17:27,23075.95,2026-09-29,23000.0,CE,197.1,197.1,197.5,297568,59913,39363,12.66
2026-09-24 14:17:27,23075.95,2026-09-29,23000.0,PE,101.0,100.7,100.95,1794978,182071,-12940,14.03
2026-09-24 14:17:27,23075.95,2026-09-29,23050.0,CE,166.3,166.05,166.4,145472,25214,23977,12.6
2026-09-24 14:17:27,23075.95,2026-09-29,23050.0,PE,119.65,119.65,119.95,815107,42469,15596,13.8
2026-09-24 14:17:27,23075.95,2026-09-29,23100.0,CE,138.3,138.2,138.5,616212,105380,96575,12.5
2026-09-24 14:17:27,23075.95,2026-09-29,23100.0,PE,141.95,141.7,142.0,1586545,96353,35831,13.73
2026-09-24 14:17:27,23075.95,2026-09-29,23150.0,CE,113.35,113.2,113.45,571362,73488,69833,12.41
2026-09-24 14:17:27,23075.95,2026-09-29,23150.0,PE,167.5,167.1,167.45,1306011,47522,15010,13.71
2026-09-24 14:17:27,23075.95,2026-09-29,23200.0,CE,91.85,91.85,92.0,1939529,243642,220997,12.39
2026-09-24 14:17:27,23075.95,2026-09-29,23200.0,PE,195.1,194.6,195.05,2912002,111773,16251,13.64
2026-09-24 14:17:27,23075.95,2026-09-29,23250.0,CE,73.25,73.25,73.45,1508593,176438,161193,12.33
2026-09-24 14:17:27,23075.95,2026-09-29,23250.0,PE,227.7,227.05,227.4,1593252,67579,9690,13.75
2026-09-24 14:17:27,23075.95,2026-09-29,23300.0,CE,58.05,57.95,58.15,1714186,214589,150583,12.33
2026-09-24 14:17:27,23075.95,2026-09-29,23300.0,PE,260.9,260.65,261.25,1474517,100093,-41607,13.81
2026-09-24 14:17:27,23075.95,2026-09-29,23350.0,CE,45.2,45.2,45.35,688820,91508,67033,12.3
2026-09-24 14:17:27,23075.95,2026-09-29,23350.0,PE,298.85,297.75,298.5,479951,21203,-40020,13.64
2026-09-24 14:17:27,23075.95,2026-09-29,23400.0,CE,35.35,35.3,35.35,1176748,195318,78503,12.38
2026-09-24 14:17:27,23075.95,2026-09-29,23400.0,PE,337.1,336.6,337.35,633910,71212,-107169,14.08
2026-09-24 14:17:27,23075.95,2026-09-29,23450.0,CE,27.5,27.5,27.6,607235,77346,17935,12.52
2026-09-24 14:17:27,23075.95,2026-09-29,23450.0,PE,381.0,379.8,380.8,173394,21085,-36347,13.99
2026-09-24 14:17:27,23075.95,2026-09-29,23500.0,CE,21.5,21.5,21.55,977917,206692,48506,12.66
2026-09-24 14:17:27,23075.95,2026-09-29,23500.0,PE,423.8,422.9,424.0,270727,89492,-30821,14.72
2026-09-24 14:17:27,23075.95,2026-09-29,23550.0,CE,16.6,16.6,16.65,465991,62877,802,12.81
2026-09-24 14:17:27,23075.95,2026-09-29,23550.0,PE,468.85,468.6,469.95,36486,5545,-5406,15.05
2026-09-24 14:17:27,23075.95,2026-09-29,23600.0,CE,13.2,13.15,13.2,725578,104071,-2826,13.03
2026-09-24 14:17:27,23075.95,2026-09-29,23600.0,PE,515.6,514.05,515.7,49129,23292,-4787,15.33
2026-09-24 14:18:27,23077.0,2026-09-29,22600.0,CE,521.4,519.9,521.6,1019,500,385,13.64
2026-09-24 14:18:27,23077.0,2026-09-29,22600.0,PE,24.5,24.45,24.5,510665,49493,-3092,16.2
2026-09-24 14:18:27,23077.0,2026-09-29,22650.0,CE,477.75,474.85,476.55,932,961,260,13.68
2026-09-24 14:18:27,23077.0,2026-09-29,22650.0,PE,29.2,29.15,29.25,325869,33893,1460,15.85
2026-09-24 14:18:27,23077.0,2026-09-29,22700.0,CE,431.95,430.4,431.5,4802,1253,803,13.46
2026-09-24 14:18:27,23077.0,2026-09-29,22700.0,PE,34.45,34.2,34.35,550572,62743,2787,15.52
2026-09-24 14:18:27,23077.0,2026-09-29,22750.0,CE,387.2,386.7,387.8,2334,974,461,13.19
2026-09-24 14:18:27,23077.0,2026-09-29,22750.0,PE,41.0,40.75,40.85,374077,30697,8171,15.2
2026-09-24 14:18:27,23077.0,2026-09-29,22800.0,CE,344.85,344.85,345.75,15097,6237,2091,13.09
2026-09-24 14:18:27,23077.0,2026-09-29,22800.0,PE,48.95,48.8,48.95,795282,105397,6946,14.89
2026-09-24 14:18:27,23077.0,2026-09-29,22850.0,CE,306.0,304.7,305.45,6592,1365,1021,13.27
2026-09-24 14:18:27,23077.0,2026-09-29,22850.0,PE,58.35,58.0,58.2,432816,42617,5561,14.59
2026-09-24 14:18:27,23077.0,2026-09-29,22900.0,CE,267.1,266.6,267.3,32432,7792,5504,12.91
2026-09-24 14:18:27,23077.0,2026-09-29,22900.0,PE,69.5,69.5,69.55,761106,78243,4307,14.34
2026-09-24 14:18:27,23077.0,2026-09-29,22950.0,CE,230.8,230.3,230.9,32136,4329,3712,12.72
2026-09-24 14:18:27,23077.0,2026-09-29,22950.0,PE,83.6,83.45,83.6,546719,33233,3122,14.17
2026-09-24 14:18:27,23077.0,2026-09-29,23000.0,CE,197.25,196.65,197.1,298208,59937,39387,12.66
2026-09-24 14:18:27,23077.0,2026-09-29,23000.0,PE,100.45,100.25,100.4,1798163,183390,-11621,14.03
2026-09-24 14:18:27,23077.0,2026-09-29,23050.0,CE,166.25,166.0,166.2,146180,25266,24029,12.6
2026-09-24 14:18:27,23077.0,2026-09-29,23050.0,PE,119.2,118.95,119.15,816285,43023,16150,13.8
2026-09-24 14:18:27,23077.0,2026-09-29,23100.0,CE,138.1,138.0,138.1,618301,105380,96575,12.5
2026-09-24 14:18:27,23077.0,2026-09-29,23100.0,PE,141.6,141.25,141.5,1588311,96353,35831,13.73
2026-09-24 14:18:27,23077.0,2026-09-29,23150.0,CE,113.0,112.9,113.15,572563,73488,69833,12.41
2026-09-24 14:18:27,23077.0,2026-09-29,23150.0,PE,166.6,166.25,166.65,1306675,47522,15010,13.71
2026-09-24 14:18:27,23077.0,2026-09-29,23200.0,CE,91.85,91.7,91.85,1941875,243642,220997,12.39
2026-09-24 14:18:27,23077.0,2026-09-29,23200.0,PE,193.6,193.6,194.15,2912818,111773,16251,13.64
2026-09-24 14:18:27,23077.0,2026-09-29,23250.0,CE,73.0,72.95,73.1,1510362,176438,161193,12.33
2026-09-24 14:18:27,23077.0,2026-09-29,23250.0,PE,226.15,226.2,226.55,1593495,67617,9728,13.75
2026-09-24 14:18:27,23077.0,2026-09-29,23300.0,CE,57.8,57.7,57.8,1716594,214589,150583,12.33
2026-09-24 14:18:27,23077.0,2026-09-29,23300.0,PE,260.35,259.85,260.35,1474868,100093,-41607,13.81
2026-09-24 14:18:27,23077.0,2026-09-29,23350.0,CE,45.15,45.0,45.1,689722,91476,67001,12.3
2026-09-24 14:18:27,23077.0,2026-09-29,23350.0,PE,298.0,297.3,298.1,480000,21176,-40047,13.64
2026-09-24 14:18:27,23077.0,2026-09-29,23400.0,CE,35.2,35.15,35.2,1179149,194044,77229,12.38
2026-09-24 14:18:27,23077.0,2026-09-29,23400.0,PE,336.4,335.8,336.6,634106,71177,-107204,14.08
2026-09-24 14:18:27,23077.0,2026-09-29,23450.0,CE,27.4,27.4,27.45,607910,77346,17935,12.52
2026-09-24 14:18:27,23077.0,2026-09-29,23450.0,PE,379.3,379.45,380.35,173482,21085,-36347,13.99
2026-09-24 14:18:27,23077.0,2026-09-29,23500.0,CE,21.5,21.45,21.5,980149,206692,48506,12.66
2026-09-24 14:18:27,23077.0,2026-09-29,23500.0,PE,422.8,422.25,423.4,270833,89492,-30821,14.72
2026-09-24 14:18:27,23077.0,2026-09-29,23550.0,CE,16.6,16.55,16.65,466558,62877,802,12.81
2026-09-24 14:18:27,23077.0,2026-09-29,23550.0,PE,468.15,467.7,469.25,36494,5543,-5408,15.05
2026-09-24 14:18:27,23077.0,2026-09-29,23600.0,CE,13.15,13.15,13.2,725994,104071,-2826,13.03
2026-09-24 14:18:27,23077.0,2026-09-29,23600.0,PE,514.55,513.55,515.55,49137,23292,-4787,15.33
2026-09-24 14:19:27,23073.8,2026-09-29,22550.0,CE,571.75,561.05,567.4,184,108,95,
2026-09-24 14:19:27,23073.8,2026-09-29,22550.0,PE,20.6,20.9,20.95,279465,17529,2301,16.49
2026-09-24 14:19:27,23073.8,2026-09-29,22600.0,CE,519.0,516.45,517.95,1029,501,386,13.57
2026-09-24 14:19:27,23073.8,2026-09-29,22600.0,PE,24.4,24.5,24.6,511267,49529,-3056,16.12
2026-09-24 14:19:27,23073.8,2026-09-29,22650.0,CE,477.75,472.45,474.3,932,961,260,13.62
2026-09-24 14:19:27,23073.8,2026-09-29,22650.0,PE,28.9,29.0,29.1,326231,33926,1493,15.81
2026-09-24 14:19:27,23073.8,2026-09-29,22700.0,CE,430.0,427.8,429.05,4810,1250,800,13.28
2026-09-24 14:19:27,23073.8,2026-09-29,22700.0,PE,34.2,34.2,34.3,551364,62724,2768,15.43
2026-09-24 14:19:27,23073.8,2026-09-29,22750.0,CE,387.2,383.6,384.6,2337,977,464,13.22
2026-09-24 14:19:27,23073.8,2026-09-29,22750.0,PE,41.05,41.05,41.15,374700,30827,8301,15.13
2026-09-24 14:19:27,23073.8,2026-09-29,22800.0,CE,343.0,342.0,342.65,15156,6253,2107,13.07
2026-09-24 14:19:27,23073.8,2026-09-29,22800.0,PE,49.25,49.25,49.35,796667,105863,7412,14.83
2026-09-24 14:19:27,23073.8,2026-09-29,22850.0,CE,303.9,301.65,302.35,6595,1361,1017,12.92
2026-09-24 14:19:27,23073.8,2026-09-29,22850.0,PE,58.85,58.7,58.85,433324,42600,5544,14.56
2026-09-24 14:19:27,23073.8,2026-09-29,22900.0,CE,264.3,264.0,264.35,32470,7766,5478,12.97
2026-09-24 14:19:27,23073.8,2026-09-29,22900.0,PE,70.25,70.25,70.4,763025,79059,5123,14.3
2026-09-24 14:19:27,23073.8,2026-09-29,22950.0,CE,228.0,227.6,227.9,32240,4353,3736,12.74
2026-09-24 14:19:27,23073.8,2026-09-29,22950.0,PE,84.55,84.5,84.6,548321,34152,4041,14.1
2026-09-24 14:19:27,23073.8,2026-09-29,23000.0,CE,194.8,194.8,195.25,299632,59841,39291,12.68
2026-09-24 14:19:27,23073.8,2026-09-29,23000.0,PE,101.0,100.7,100.9,1802579,184512,-10499,13.98
2026-09-24 14:19:27,23073.8,2026-09-29,23050.0,CE,164.55,164.2,164.4,147320,25299,24062,12.61
2026-09-24 14:19:27,23073.8,2026-09-29,23050.0,PE,119.65,119.6,119.9,818120,43263,16390,13.82
2026-09-24 14:19:27,23073.8,2026-09-29,23100.0,CE,136.25,135.9,136.25,620974,105337,96532,12.51
2026-09-24 14:19:27,23073.8,2026-09-29,23100.0,PE,142.2,142.3,142.6,1590295,96736,36214,13.7
2026-09-24 14:19:27,23073.8,2026-09-29,23150.0,CE,111.4,111.15,111.4,574015,73203,69548,12.43
2026-09-24 14:19:27,23073.8,2026-09-29,23150.0,PE,168.0,167.85,168.0,1307171,47343,14831,13.65
2026-09-24 14:19:27,23073.8,2026-09-29,23200.0,CE,90.25,90.1,90.2,1945537,243764,221119,12.4
2026-09-24 14:19:27,23073.8,2026-09-29,23200.0,PE,195.65,195.75,195.9,2913704,111649,16127,13.61
2026-09-24 14:19:27,23073.8,2026-09-29,23250.0,CE,71.65,71.5,71.65,1514102,176876,161631,12.33
2026-09-24 14:19:27,23073.8,2026-09-29,23250.0,PE,228.6,228.3,228.65,1593711,67618,9729,13.74
2026-09-24 14:19:27,23073.8,2026-09-29,23300.0,CE,56.6,56.5,56.6,1721597,215133,151127,12.35
2026-09-24 14:19:27,23073.8,2026-09-29,23300.0,PE,262.4,262.05,262.45,1475241,100005,-41695,13.76
2026-09-24 14:19:27,23073.8,2026-09-29,23350.0,CE,44.15,44.1,44.25,691521,91461,66986,12.33
2026-09-24 14:19:27,23073.8,2026-09-29,23350.0,PE,299.65,298.9,299.6,480028,21169,-40054,13.85
2026-09-24 14:19:27,23073.8,2026-09-29,23400.0,CE,34.3,34.3,34.4,1189324,194162,77347,12.39
2026-09-24 14:19:27,23073.8,2026-09-29,23400.0,PE,338.3,337.6,338.3,634296,71160,-107221,13.86
2026-09-24 14:19:27,23073.8,2026-09-29,23450.0,CE,26.75,26.65,26.75,609420,77315,17904,12.52
2026-09-24 14:19:27,23073.8,2026-09-29,23450.0,PE,381.55,382.15,383.0,173507,21104,-36328,14.34
2026-09-24 14:19:27,23073.8,2026-09-29,23500.0,CE,20.85,20.75,20.85,985395,207674,49488,12.66
2026-09-24 14:19:27,23073.8,2026-09-29,23500.0,PE,425.15,425.25,426.4,270997,89496,-30817,14.71
2026-09-24 14:19:27,23073.8,2026-09-29,23550.0,CE,16.25,16.15,16.25,468655,63118,1043,12.79
2026-09-24 14:19:27,23073.8,2026-09-29,23550.0,PE,469.85,471.1,472.5,36495,5539,-5412,15.04
2026-09-24 14:20:28,23064.5,2026-09-29,22550.0,CE,558.5,557.65,560.35,189,108,95,13.51
2026-09-24 14:20:28,23064.5,2026-09-29,22550.0,PE,22.25,22.2,22.3,280375,17728,2500,16.54
2026-09-24 14:20:28,23064.5,2026-09-29,22600.0,CE,513.0,511.1,512.65,1045,511,396,13.64
2026-09-24 14:20:28,23064.5,2026-09-29,22600.0,PE,26.05,26.2,26.3,512706,49564,-3021,16.2
2026-09-24 14:20:28,23064.5,2026-09-29,22650.0,CE,472.7,466.35,468.55,935,963,262,13.68
2026-09-24 14:20:28,23064.5,2026-09-29,22650.0,PE,31.1,31.1,31.2,326850,33908,1475,15.85
2026-09-24 14:20:28,23064.5,2026-09-29,22700.0,CE,426.55,422.3,423.55,4840,1251,801,13.46
2026-09-24 14:20:28,23064.5,2026-09-29,22700.0,PE,36.7,36.6,36.75,553655,62889,2933,15.52
2026-09-24 14:20:28,23064.5,2026-09-29,22750.0,CE,384.2,378.75,379.9,2339,977,464,13.19
2026-09-24 14:20:28,23064.5,2026-09-29,22750.0,PE,43.55,43.45,43.6,375746,30881,8355,15.2
2026-09-24 14:20:28,23064.5,2026-09-29,22800.0,CE,338.4,337.7,338.55,15255,6257,2111,13.09
2026-09-24 14:20:28,23064.5,2026-09-29,22800.0,PE,51.9,51.95,52.1,799809,106005,7554,14.89
2026-09-24 14:20:28,23064.5,2026-09-29,22850.0,CE,298.4,298.0,298.5,6627,1363,1019,13.27
2026-09-24 14:20:28,23064.5,2026-09-29,22850.0,PE,61.95,61.85,62.0,435335,42743,5687,14.59
2026-09-24 14:20:28,23064.5,2026-09-29,22900.0,CE,260.35,260.1,260.6,32702,7803,5515,12.91
2026-09-24 14:20:28,23064.5,2026-09-29,22900.0,PE,73.8,73.65,73.85,767040,80164,6228,14.34
2026-09-24 14:20:28,23064.5,2026-09-29,22950.0,CE,224.35,224.3,224.75,32405,4351,3734,12.72
2026-09-24 14:20:28,23064.5,2026-09-29,22950.0,PE,88.5,88.3,88.55,551191,34772,4661,14.17
2026-09-24 14:20:28,23064.5,2026-09-29,23000.0,CE,191.35,191.5,191.75,301891,59918,39368,12.66
2026-09-24 14:20:28,23064.5,2026-09-29,23000.0,PE,105.35,105.35,105.6,1810333,186725,-8286,14.03
2026-09-24 14:20:28,23064.5,2026-09-29,23050.0,CE,161.3,161.15,161.35,149445,25139,23902,12.6
2026-09-24 14:20:28,23064.5,2026-09-29,23050.0,PE,124.8,124.55,124.8,823301,43693,16820,13.8
2026-09-24 14:20:28,23064.5,2026-09-29,23100.0,CE,133.5,133.5,133.85,627100,106025,97220,12.5
2026-09-24 14:20:28,23064.5,2026-09-29,23100.0,PE,147.05,147.0,147.35,1596997,97225,36703,13.73
2026-09-24 14:20:28,23064.5,2026-09-29,23150.0,CE,109.45,109.25,109.45,576504,73303,69648,12.41
2026-09-24 14:20:28,23064.5,2026-09-29,23150.0,PE,173.2,172.85,173.2,1309104,47262,14750,13.71
2026-09-24 14:20:28,23064.5,2026-09-29,23200.0,CE,88.2,88.35,88.4,1952963,245008,222363,12.39
2026-09-24 14:20:28,23064.5,2026-09-29,23200.0,PE,201.6,201.35,201.65,2916182,111446,15924,13.64
2026-09-24 14:20:28,23064.5,2026-09-29,23250.0,CE,70.3,70.1,70.3,1519843,177777,162532,12.33
2026-09-24 14:20:28,23064.5,2026-09-29,23250.0,PE,234.7,233.95,234.4,1594917,67562,9673,13.75
2026-09-24 14:20:28,23064.5,2026-09-29,23300.0,CE,55.35,55.3,55.45,1729286,215461,151455,12.33
2026-09-24 14:20:28,23064.5,2026-09-29,23300.0,PE,268.25,268.25,268.8,1476425,99961,-41739,13.81
2026-09-24 14:20:28,23064.5,2026-09-29,23350.0,CE,43.15,43.0,43.1,694020,91498,67023,12.3
2026-09-24 14:20:28,23064.5,2026-09-29,23350.0,PE,306.7,305.85,306.55,480322,21184,-40039,13.64
2026-09-24 14:20:28,23064.5,2026-09-29,23400.0,CE,33.45,33.45,33.55,1196521,189524,72709,12.38
2026-09-24 14:20:28,23064.5,2026-09-29,23400.0,PE,345.3,344.8,345.55,634940,71154,-107227,14.08
2026-09-24 14:20:28,23064.5,2026-09-29,23450.0,CE,26.1,26.15,26.2,610906,77185,17774,12.52
2026-09-24 14:20:28,23064.5,2026-09-29,23450.0,PE,388.85,388.25,389.35,173618,21125,-36307,13.99
2026-09-24 14:20:28,23064.5,2026-09-29,23500.0,CE,20.45,20.4,20.5,990443,206359,48173,12.66
2026-09-24 14:20:28,23064.5,2026-09-29,23500.0,PE,430.75,431.45,432.0,271167,89537,-30776,14.72
2026-09-24 14:20:28,23064.5,2026-09-29,23550.0,CE,15.85,15.8,15.85,469994,62375,300,12.81
2026-09-24 14:20:28,23064.5,2026-09-29,23550.0,PE,476.6,478.2,479.55,36506,5539,-5412,15.05
2026-09-24 14:21:28,23067.75,2026-09-29,22550.0,CE,564.25,562.05,564.35,190,108,95,13.51
2026-09-24 14:21:28,23067.75,2026-09-29,22550.0,PE,21.3,21.3,21.4,280951,17843,2615,16.54
2026-09-24 14:21:28,23067.75,2026-09-29,22600.0,CE,518.1,515.6,517.2,1079,527,412,13.64
2026-09-24 14:21:28,23067.75,2026-09-29,22600.0,PE,25.1,25.05,25.1,514275,49513,-3072,16.2
2026-09-24 14:21:28,23067.75,2026-09-29,22650.0,CE,472.15,470.3,472.3,940,966,265,13.68
2026-09-24 14:21:28,23067.75,2026-09-29,22650.0,PE,29.95,29.85,29.95,327501,33960,1527,15.85
2026-09-24 14:21:28,23067.75,2026-09-29,22700.0,CE,428.25,426.15,427.35,4908,1270,820,13.46
2026-09-24 14:21:28,23067.75,2026-09-29,22700.0,PE,35.35,35.3,35.35,555105,63194,3238,15.52
2026-09-24 14:21:28,23067.75,2026-09-29,22750.0,CE,384.6,383.1,383.75,2358,977,464,13.19
2026-09-24 14:21:28,23067.75,2026-09-29,22750.0,PE,42.0,42.0,42.15,377148,30603,8077,15.2
2026-09-24 14:21:28,23067.75,2026-09-29,22800.0,CE,342.15,341.35,342.2,15393,6256,2110,13.09
2026-09-24 14:21:28,23067.75,2026-09-29,22800.0,PE,50.2,50.2,50.35,802509,105887,7436,14.89
2026-09-24 14:21:28,23067.75,2026-09-29,22850.0,CE,301.65,300.9,301.7,6652,1350,1006,13.27
2026-09-24 14:21:28,23067.75,2026-09-29,22850.0,PE,60.25,59.95,60.15,437039,42900,5844,14.59
2026-09-24 14:21:28,23067.75,2026-09-29,22900.0,CE,264.0,263.2,263.8,32984,7807,5519,12.91
2026-09-24 14:21:28,23067.75,2026-09-29,22900.0,PE,71.45,71.65,71.8,770198,80579,6643,14.34
2026-09-24 14:21:28,23067.75,2026-09-29,22950.0,CE,227.45,227.1,227.65,32580,4339,3722,12.72
2026-09-24 14:21:28,23067.75,2026-09-29,22950.0,PE,86.1,86.0,86.15,553836,34627,4516,14.17
2026-09-24 14:21:28,23067.75,2026-09-29,23000.0,CE,194.55,194.1,194.55,304422,59794,39244,12.66
2026-09-24 14:21:28,23067.75,2026-09-29,23000.0,PE,103.1,102.75,103.0,1819543,187316,-7695,14.03
2026-09-24 14:21:28,23067.75,2026-09-29,23050.0,CE,163.75,163.5,163.7,152462,24952,23715,12.6
2026-09-24 14:21:28,23067.75,2026-09-29,23050.0,PE,122.1,121.85,122.15,829540,43972,17099,13.8
2026-09-24 14:21:28,23067.75,2026-09-29,23100.0,CE,135.9,135.5,135.85,633660,106681,97876,12.5
2026-09-24 14:21:28,23067.75,2026-09-29,23100.0,PE,144.3,144.35,144.45,1605058,97719,37197,13.73
2026-09-24 14:21:28,23067.75,2026-09-29,23150.0,CE,111.45,111.2,111.45,579227,73099,69444,12.41
2026-09-24 14:21:28,23067.75,2026-09-29,23150.0,PE,170.05,169.65,170.0,1311027,47237,14725,13.71
2026-09-24 14:21:28,23067.75,2026-09-29,23200.0,CE,90.1,89.9,90.1,1959728,244563,221918,12.39
2026-09-24 14:21:28,23067.75,2026-09-29,23200.0,PE,197.7,197.7,198.15,2919406,111355,15833,13.64
2026-09-24 14:21:28,23067.75,2026-09-29,23250.0,CE,71.65,71.45,71.65,1523247,176510,161265,12.33
2026-09-24 14:21:28,23067.75,2026-09-29,23250.0,PE,230.4,230.25,230.4,1595815,67129,9240,13.75
2026-09-24 14:21:28,23067.75,2026-09-29,23300.0,CE,56.6,56.45,56.6,1742211,214880,150874,12.33
2026-09-24 14:21:28,23067.75,2026-09-29,23300.0,PE,263.9,264.05,264.65,1477520,99894,-41806,13.81
2026-09-24 14:21:28,23067.75,2026-09-29,23350.0,CE,44.15,44.05,44.2,703142,91805,67330,12.3
2026-09-24 14:21:28,23067.75,2026-09-29,23350.0,PE,302.45,301.5,302.3,480461,21082,-40141,13.64
2026-09-24 14:21:28,23067.75,2026-09-29,23400.0,CE,34.25,34.2,34.25,1202054,189612,72797,12.38
2026-09-24 14:21:28,23067.75,2026-09-29,23400.0,PE,340.0,340.4,341.25,635452,71191,-107190,14.08
2026-09-24 14:21:28,23067.75,2026-09-29,23450.0,CE,26.8,26.7,26.8,612746,77361,17950,12.52
2026-09-24 14:21:28,23067.75,2026-09-29,23450.0,PE,384.85,384.2,385.15,173782,21128,-36304,13.99
2026-09-24 14:21:28,23067.75,2026-09-29,23500.0,CE,20.85,20.9,20.95,994363,205755,47569,12.66
2026-09-24 14:21:28,23067.75,2026-09-29,23500.0,PE,427.65,426.75,427.8,271438,89481,-30832,14.72
2026-09-24 14:21:28,23067.75,2026-09-29,23550.0,CE,16.15,16.15,16.25,471167,62257,182,12.81
2026-09-24 14:21:28,23067.75,2026-09-29,23550.0,PE,472.6,472.9,474.25,36515,5533,-5418,15.05
2026-09-24 14:22:29,23068.25,2026-09-29,22550.0,CE,564.25,553.85,557.4,190,108,95,
2026-09-24 14:22:29,23068.25,2026-09-29,22550.0,PE,22.8,22.8,22.9,281685,17932,2704,16.62
2026-09-24 14:22:29,23068.25,2026-09-29,22600.0,CE,518.1,508.55,509.9,1079,527,412,10.62
2026-09-24 14:22:29,23068.25,2026-09-29,22600.0,PE,26.95,26.9,27.0,516471,49795,-2790,16.25
2026-09-24 14:22:29,23068.25,2026-09-29,22650.0,CE,465.0,463.45,464.75,941,968,267,11.45
2026-09-24 14:22:29,23068.25,2026-09-29,22650.0,PE,32.1,32.0,32.1,329205,34174,1741,15.96
2026-09-24 14:22:29,23068.25,2026-09-29,22700.0,CE,420.0,419.4,420.65,4921,1285,835,11.34
2026-09-24 14:22:29,23068.25,2026-09-29,22700.0,PE,37.65,37.5,37.65,557331,63377,3421,15.6
2026-09-24 14:22:29,23068.25,2026-09-29,22750.0,CE,376.65,376.65,377.65,2371,984,471,11.94
2026-09-24 14:22:29,23068.25,2026-09-29,22750.0,PE,44.75,44.7,44.85,379453,30359,7833,15.32
2026-09-24 14:22:29,23068.25,2026-09-29,22800.0,CE,335.45,335.45,335.95,15782,6272,2126,11.84
2026-09-24 14:22:29,23068.25,2026-09-29,22800.0,PE,53.55,53.5,53.65,805211,106394,7943,15.12
2026-09-24 14:22:29,23068.25,2026-09-29,22850.0,CE,296.4,295.85,296.55,6687,1354,1010,11.94
2026-09-24 14:22:29,23068.25,2026-09-29,22850.0,PE,63.4,63.45,63.6,438949,42794,5738,14.77
2026-09-24 14:22:29,23068.25,2026-09-29,22900.0,CE,258.8,258.25,258.85,33242,7787,5499,12.0
2026-09-24 14:22:29,23068.25,2026-09-29,22900.0,PE,75.8,75.6,75.8,773161,80683,6747,14.6
2026-09-24 14:22:29,23068.25,2026-09-29,22950.0,CE,222.7,222.75,223.3,32687,4337,3720,12.07
2026-09-24 14:22:29,23068.25,2026-09-29,22950.0,PE,90.5,90.3,90.55,556060,34645,4534,14.33
2026-09-24 14:22:29,23068.25,2026-09-29,23000.0,CE,190.5,190.05,190.55,306411,60098,39548,12.09
2026-09-24 14:22:29,23068.25,2026-09-29,23000.0,PE,108.15,107.85,108.15,1828318,187601,-7410,14.25
2026-09-24 14:22:29,23068.25,2026-09-29,23050.0,CE,160.4,159.9,160.2,154249,25216,23979,12.01
2026-09-24 14:22:29,23068.25,2026-09-29,23050.0,PE,127.55,127.25,127.6,836133,45185,18312,14.1
2026-09-24 14:22:29,23068.25,2026-09-29,23100.0,CE,133.05,132.7,133.0,637258,106627,97822,11.99
2026-09-24 14:22:29,23068.25,2026-09-29,23100.0,PE,150.3,150.45,150.8,1611491,98141,37619,14.05
2026-09-24 14:22:29,23068.25,2026-09-29,23150.0,CE,108.95,108.7,108.9,580775,72880,69225,11.97
2026-09-24 14:22:29,23068.25,2026-09-29,23150.0,PE,176.4,176.45,176.85,1312990,47148,14636,14.0
2026-09-24 14:22:29,23068.25,2026-09-29,23200.0,CE,88.4,88.3,88.4,1962963,243890,221245,11.94
2026-09-24 14:22:29,23068.25,2026-09-29,23200.0,PE,204.65,204.6,205.05,2922979,111103,15581,13.97
2026-09-24 14:22:29,23068.25,2026-09-29,23250.0,CE,70.35,70.1,70.3,1524957,175899,160654,11.85
2026-09-24 14:22:29,23068.25,2026-09-29,23250.0,PE,238.3,237.8,238.4,1596460,67207,9318,14.19
2026-09-24 14:22:29,23068.25,2026-09-29,23300.0,CE,55.5,55.55,55.7,1744853,214323,150317,11.9
2026-09-24 14:22:29,23068.25,2026-09-29,23300.0,PE,271.85,271.95,272.6,1478693,99640,-42060,14.19
2026-09-24 14:22:29,23068.25,2026-09-29,23350.0,CE,43.5,43.5,43.65,704370,87235,62760,11.96
2026-09-24 14:22:29,23068.25,2026-09-29,23350.0,PE,310.1,309.85,310.75,480875,21019,-40204,14.45
2026-09-24 14:22:29,23068.25,2026-09-29,23400.0,CE,34.0,33.9,34.0,1205184,188222,71407,12.01
2026-09-24 14:22:29,23068.25,2026-09-29,23400.0,PE,349.15,348.9,349.8,636091,71223,-107158,14.54
2026-09-24 14:22:29,23068.25,2026-09-29,23450.0,CE,26.7,26.65,26.7,614232,77515,18104,12.16
2026-09-24 14:22:29,23068.25,2026-09-29,23450.0,PE,394.4,393.25,394.0,174046,21081,-36351,15.49
2026-09-24 14:22:29,23068.25,2026-09-29,23500.0,CE,20.85,20.85,20.95,996921,204910,46724,12.32
2026-09-24 14:22:29,23068.25,2026-09-29,23500.0,PE,436.15,436.15,437.0,271762,89484,-30829,15.71
2026-09-24 14:22:29,23068.25,2026-09-29,23550.0,CE,16.3,16.25,16.35,472061,61780,-295,12.49
2026-09-24 14:22:29,23068.25,2026-09-29,23550.0,PE,483.4,481.65,483.05,36534,5529,-5422,16.83
2026-09-24 14:23:29,23064.1,2026-09-29,22550.0,CE,564.25,558.35,562.2,190,108,95,
2026-09-24 14:23:29,23064.1,2026-09-29,22550.0,PE,22.25,22.3,22.4,282035,17941,2713,16.62
2026-09-24 14:23:29,23064.1,2026-09-29,22600.0,CE,514.0,512.5,513.8,1109,549,434,10.62
2026-09-24 14:23:29,23064.1,2026-09-29,22600.0,PE,26.35,26.25,26.35,517357,49674,-2911,16.25
2026-09-24 14:23:29,23064.1,2026-09-29,22650.0,CE,468.15,467.25,468.75,943,968,267,11.45
2026-09-24 14:23:29,23064.1,2026-09-29,22650.0,PE,31.1,31.15,31.25,331431,34338,1905,15.96
2026-09-24 14:23:29,23064.1,2026-09-29,22700.0,CE,424.7,423.75,424.35,4946,1293,843,11.34
2026-09-24 14:23:29,23064.1,2026-09-29,22700.0,PE,36.6,36.5,36.65,559195,63930,3974,15.6
2026-09-24 14:23:29,23064.1,2026-09-29,22750.0,CE,380.85,379.7,381.1,2386,986,473,11.94
2026-09-24 14:23:29,23064.1,2026-09-29,22750.0,PE,43.7,43.6,43.7,381052,29879,7353,15.32
2026-09-24 14:23:29,23064.1,2026-09-29,22800.0,CE,339.7,338.7,339.45,15880,6401,2255,11.84
2026-09-24 14:23:29,23064.1,2026-09-29,22800.0,PE,52.0,51.95,52.0,809478,105818,7367,15.12
2026-09-24 14:23:29,23064.1,2026-09-29,22850.0,CE,299.15,298.55,299.3,6706,1361,1017,11.94
2026-09-24 14:23:29,23064.1,2026-09-29,22850.0,PE,61.6,61.65,61.85,440562,42920,5864,14.77
2026-09-24 14:23:29,23064.1,2026-09-29,22900.0,CE,261.6,260.85,261.5,33479,7903,5615,12.0
2026-09-24 14:23:29,23064.1,2026-09-29,22900.0,PE,73.7,73.6,73.75,776188,80660,6724,14.6
2026-09-24 14:23:29,23064.1,2026-09-29,22950.0,CE,225.3,225.1,225.2,32875,4348,3731,12.07
2026-09-24 14:23:29,23064.1,2026-09-29,22950.0,PE,88.3,88.15,88.35,557814,34522,4411,14.33
2026-09-24 14:23:29,23064.1,2026-09-29,23000.0,CE,192.45,192.0,192.35,308335,59893,39343,12.09
2026-09-24 14:23:29,23064.1,2026-09-29,23000.0,PE,105.25,105.1,105.35,1834385,188034,-6977,14.25
2026-09-24 14:23:29,23064.1,2026-09-29,23050.0,CE,161.7,161.5,161.7,155419,25301,24064,12.01
2026-09-24 14:23:29,23064.1,2026-09-29,23050.0,PE,124.15,124.3,124.55,841182,45173,18300,14.1
2026-09-24 14:23:29,23064.1,2026-09-29,23100.0,CE,134.25,133.95,134.3,640585,107234,98429,11.99
2026-09-24 14:23:29,23064.1,2026-09-29,23100.0,PE,147.0,146.85,147.25,1617097,97564,37042,14.05
2026-09-24 14:23:29,23064.1,2026-09-29,23150.0,CE,109.85,109.7,109.85,582013,72991,69336,11.97
2026-09-24 14:23:29,23064.1,2026-09-29,23150.0,PE,172.7,172.6,172.85,1314454,47000,14488,14.0
2026-09-24 14:23:29,23064.1,2026-09-29,23200.0,CE,88.95,88.85,89.05,1966343,244117,221472,11.94
2026-09-24 14:23:29,23064.1,2026-09-29,23200.0,PE,200.75,200.75,201.2,2926031,111072,15550,13.97
2026-09-24 14:23:29,23064.1,2026-09-29,23250.0,CE,70.8,70.6,70.8,1527080,175687,160442,11.85
2026-09-24 14:23:29,23064.1,2026-09-29,23250.0,PE,234.2,233.8,234.2,1597046,67081,9192,14.19
2026-09-24 14:23:29,23064.1,2026-09-29,23300.0,CE,55.85,55.7,55.85,1747179,214079,150073,11.9
2026-09-24 14:23:29,23064.1,2026-09-29,23300.0,PE,268.2,267.75,268.2,1479772,99555,-42145,14.19
2026-09-24 14:23:29,23064.1,2026-09-29,23350.0,CE,43.45,43.45,43.6,705307,86798,62323,11.96
2026-09-24 14:23:29,23064.1,2026-09-29,23350.0,PE,305.8,305.5,306.25,481089,20887,-40336,14.45
2026-09-24 14:23:29,23064.1,2026-09-29,23400.0,CE,33.95,33.8,33.9,1206829,188284,71469,12.01
2026-09-24 14:23:29,23064.1,2026-09-29,23400.0,PE,344.45,344.35,345.3,636635,71278,-107103,14.54
2026-09-24 14:23:29,23064.1,2026-09-29,23450.0,CE,26.45,26.4,26.45,614956,77592,18181,12.16
2026-09-24 14:23:29,23064.1,2026-09-29,23450.0,PE,388.05,388.6,389.3,174136,21044,-36388,15.49
2026-09-24 14:23:29,23064.1,2026-09-29,23500.0,CE,20.75,20.7,20.75,999395,204911,46725,12.32
2026-09-24 14:23:29,23064.1,2026-09-29,23500.0,PE,431.2,431.0,432.15,272044,89433,-30880,15.71
2026-09-24 14:23:29,23064.1,2026-09-29,23550.0,CE,16.0,16.0,16.1,472847,61474,-601,12.49
2026-09-24 14:23:29,23064.1,2026-09-29,23550.0,PE,478.7,476.55,477.9,36560,5517,-5434,16.83
2026-09-24 14:24:29,23050.0,2026-09-29,22550.0,CE,564.25,542.4,547.3,190,108,95,
2026-09-24 14:24:29,23050.0,2026-09-29,22550.0,PE,24.1,24.05,24.15,283111,17975,2747,16.55
2026-09-24 14:24:29,23050.0,2026-09-29,22600.0,CE,502.35,497.2,498.85,1113,565,450,10.6
2026-09-24 14:24:29,23050.0,2026-09-29,22600.0,PE,28.45,28.35,28.45,520041,49657,-2928,16.17
2026-09-24 14:24:29,23050.0,2026-09-29,22650.0,CE,454.95,453.1,455.25,944,971,270,11.44
2026-09-24 14:24:29,23050.0,2026-09-29,22650.0,PE,33.65,33.6,33.75,333259,34931,2498,15.85
2026-09-24 14:24:29,23050.0,2026-09-29,22700.0,CE,410.35,409.6,410.95,5008,1310,860,12.15
2026-09-24 14:24:29,23050.0,2026-09-29,22700.0,PE,39.7,39.55,39.7,563550,64924,4968,15.53
2026-09-24 14:24:29,23050.0,2026-09-29,22750.0,CE,367.65,367.0,368.15,2403,987,474,12.34
2026-09-24 14:24:29,23050.0,2026-09-29,22750.0,PE,47.3,47.15,47.3,383642,29197,6671,15.21
2026-09-24 14:24:29,23050.0,2026-09-29,22800.0,CE,327.0,326.9,327.75,16132,6505,2359,12.28
2026-09-24 14:24:29,23050.0,2026-09-29,22800.0,PE,55.85,55.9,56.05,816725,105221,6770,14.94
2026-09-24 14:24:29,23050.0,2026-09-29,22850.0,CE,287.0,287.45,288.15,6794,1380,1036,11.93
2026-09-24 14:24:29,23050.0,2026-09-29,22850.0,PE,66.85,66.65,66.85,444167,42604,5548,14.65
2026-09-24 14:24:29,23050.0,2026-09-29,22900.0,CE,250.75,250.1,250.8,34564,7734,5446,12.24
2026-09-24 14:24:29,23050.0,2026-09-29,22900.0,PE,79.0,79.0,79.2,782376,80510,6574,14.42
2026-09-24 14:24:29,23050.0,2026-09-29,22950.0,CE,215.45,215.15,215.65,33496,4328,3711,12.28
2026-09-24 14:24:29,23050.0,2026-09-29,22950.0,PE,94.8,94.8,95.05,562307,34166,4055,14.24
2026-09-24 14:24:29,23050.0,2026-09-29,23000.0,CE,183.85,183.75,184.2,312611,59863,39313,12.17
2026-09-24 14:24:29,23050.0,2026-09-29,23000.0,PE,112.75,112.45,112.75,1848696,185456,-9555,14.15
2026-09-24 14:24:29,23050.0,2026-09-29,23050.0,CE,153.6,153.65,154.0,160080,25726,24489,12.14
2026-09-24 14:24:29,23050.0,2026-09-29,23050.0,PE,133.9,133.5,133.8,852046,45517,18644,13.99
2026-09-24 14:24:29,23050.0,2026-09-29,23100.0,CE,127.8,127.4,127.75,651467,107013,98208,12.03
2026-09-24 14:24:29,23050.0,2026-09-29,23100.0,PE,156.9,156.9,157.3,1630879,96283,35761,13.93
2026-09-24 14:24:29,23050.0,2026-09-29,23150.0,CE,104.65,104.65,104.9,588051,72147,68492,11.98
2026-09-24 14:24:29,23050.0,2026-09-29,23150.0,PE,183.75,183.3,183.6,1317888,46619,14107,13.88
2026-09-24 14:24:29,23050.0,2026-09-29,23200.0,CE,84.95,84.75,84.95,1977050,243604,220959,11.98
2026-09-24 14:24:29,23050.0,2026-09-29,23200.0,PE,213.0,213.05,213.45,2933190,106179,10657,13.81
2026-09-24 14:24:29,23050.0,2026-09-29,23250.0,CE,67.4,67.4,67.6,1533481,175845,160600,11.93
2026-09-24 14:24:29,23050.0,2026-09-29,23250.0,PE,246.7,246.35,246.85,1598585,66898,9009,14.01
2026-09-24 14:24:29,23050.0,2026-09-29,23300.0,CE,53.3,53.35,53.5,1754597,214072,150066,11.96
2026-09-24 14:24:29,23050.0,2026-09-29,23300.0,PE,282.5,281.85,282.55,1482456,99049,-42651,14.01
2026-09-24 14:24:29,23050.0,2026-09-29,23350.0,CE,42.1,41.9,42.05,708919,87153,62678,11.99
2026-09-24 14:24:29,23050.0,2026-09-29,23350.0,PE,320.85,319.8,320.45,481564,20832,-40391,14.32
2026-09-24 14:24:29,23050.0,2026-09-29,23400.0,CE,32.85,32.8,32.95,1211795,188692,71877,12.06
2026-09-24 14:24:29,23050.0,2026-09-29,23400.0,PE,360.4,360.3,360.55,637903,71221,-107160,14.5
2026-09-24 14:24:29,23050.0,2026-09-29,23450.0,CE,25.85,25.8,25.9,617268,77387,17976,12.2
2026-09-24 14:24:29,23050.0,2026-09-29,23450.0,PE,404.7,404.25,405.3,174376,21003,-36429,15.11
2026-09-24 14:24:29,23050.0,2026-09-29,23500.0,CE,20.35,20.35,20.4,1004412,206784,48598,12.36
2026-09-24 14:24:29,23050.0,2026-09-29,23500.0,PE,446.25,446.85,447.15,272610,89374,-30939,15.34
2026-09-24 14:24:29,23050.0,2026-09-29,23550.0,CE,15.95,15.95,16.0,474209,61165,-910,12.51
2026-09-24 14:24:29,23050.0,2026-09-29,23550.0,PE,494.35,493.65,494.5,36619,5496,-5455,16.16
2026-09-24 14:25:29,23046.75,2026-09-29,22550.0,CE,564.25,542.2,547.0,190,108,95,
2026-09-24 14:25:29,23046.75,2026-09-29,22550.0,PE,24.1,24.1,24.2,283264,17975,2747,16.55
2026-09-24 14:25:29,23046.75,2026-09-29,22600.0,CE,496.3,496.55,498.1,1115,565,450,10.6
2026-09-24 14:25:29,23046.75,2026-09-29,22600.0,PE,28.35,28.35,28.45,520481,49657,-2928,16.17
2026-09-24 14:25:29,23046.75,2026-09-29,22650.0,CE,454.95,452.15,453.8,944,971,270,11.44
2026-09-24 14:25:29,23046.75,2026-09-29,22650.0,PE,33.8,33.75,33.85,333333,34931,2498,15.85
2026-09-24 14:25:29,23046.75,2026-09-29,22700.0,CE,409.55,408.55,409.55,5036,1310,860,12.15
2026-09-24 14:25:29,23046.75,2026-09-29,22700.0,PE,39.8,39.8,39.85,564018,64924,4968,15.53
2026-09-24 14:25:29,23046.75,2026-09-29,22750.0,CE,367.0,366.0,367.05,2405,987,474,12.34
2026-09-24 14:25:29,23046.75,2026-09-29,22750.0,PE,47.4,47.2,47.4,384081,29197,6671,15.21
2026-09-24 14:25:29,23046.75,2026-09-29,22800.0,CE,325.95,325.6,326.4,16154,6505,2359,12.28
2026-09-24 14:25:29,23046.75,2026-09-29,22800.0,PE,56.4,56.2,56.35,817374,105221,6770,14.94
2026-09-24 14:25:29,23046.75,2026-09-29,22850.0,CE,286.6,285.65,286.35,6800,1380,1036,11.93
2026-09-24 14:25:29,23046.75,2026-09-29,22850.0,PE,66.9,67.05,67.25,444530,42604,5548,14.65
2026-09-24 14:25:29,23046.75,2026-09-29,22900.0,CE,249.75,249.15,249.8,34655,7734,5446,12.24
2026-09-24 14:25:29,23046.75,2026-09-29,22900.0,PE,79.8,79.6,79.85,783393,80510,6574,14.42
2026-09-24 14:25:29,23046.75,2026-09-29,22950.0,CE,214.15,214.4,214.9,33526,4328,3711,12.28
2026-09-24 14:25:29,23046.75,2026-09-29,22950.0,PE,95.15,95.15,95.35,563208,34166,4055,14.24
2026-09-24 14:25:29,23046.75,2026-09-29,23000.0,CE,182.85,182.4,182.85,313121,59863,39313,12.17
2026-09-24 14:25:29,23046.75,2026-09-29,23000.0,PE,113.65,113.35,113.65,1850341,185456,-9555,14.15
2026-09-24 14:25:29,23046.75,2026-09-29,23050.0,CE,153.3,153.1,153.45,160639,25726,24489,12.14
2026-09-24 14:25:29,23046.75,2026-09-29,23050.0,PE,134.05,133.9,134.1,853446,45517,18644,13.99
2026-09-24 14:25:29,23046.75,2026-09-29,23100.0,CE,126.85,126.75,127.1,653158,107013,98208,12.03
2026-09-24 14:25:29,23046.75,2026-09-29,23100.0,PE,157.7,157.8,158.15,1632823,96283,35761,13.93
2026-09-24 14:25:29,23046.75,2026-09-29,23150.0,CE,104.1,104.0,104.15,588561,72147,68492,11.98
2026-09-24 14:25:29,23046.75,2026-09-29,23150.0,PE,184.55,184.5,184.95,1318454,46619,14107,13.88
2026-09-24 14:25:29,23046.75,2026-09-29,23200.0,CE,84.45,84.15,84.35,1979659,243604,220959,11.98
2026-09-24 14:25:29,23046.75,2026-09-29,23200.0,PE,214.6,214.25,214.6,2934015,106179,10657,13.81
2026-09-24 14:25:29,23046.75,2026-09-29,23250.0,CE,67.3,67.15,67.3,1534255,175845,160600,11.93
2026-09-24 14:25:29,23046.75,2026-09-29,23250.0,PE,248.0,247.95,248.5,1598760,66898,9009,14.01
2026-09-24 14:25:29,23046.75,2026-09-29,23300.0,CE,53.4,53.25,53.45,1755690,214072,150066,11.96
2026-09-24 14:25:29,23046.75,2026-09-29,23300.0,PE,283.0,282.7,283.45,1482685,99049,-42651,14.01
2026-09-24 14:25:29,23046.75,2026-09-29,23350.0,CE,41.8,41.8,41.9,709747,87153,62678,11.99
2026-09-24 14:25:29,23046.75,2026-09-29,23350.0,PE,322.0,321.9,322.5,481620,20832,-40391,14.32
2026-09-24 14:25:29,23046.75,2026-09-29,23400.0,CE,32.8,32.8,32.9,1212252,188692,71877,12.06
2026-09-24 14:25:29,23046.75,2026-09-29,23400.0,PE,362.0,361.45,361.55,638011,71221,-107160,14.5
2026-09-24 14:25:29,23046.75,2026-09-29,23450.0,CE,25.9,25.85,25.95,617831,77387,17976,12.2
2026-09-24 14:25:29,23046.75,2026-09-29,23450.0,PE,404.85,405.35,406.35,174434,21003,-36429,15.11
2026-09-24 14:25:29,23046.75,2026-09-29,23500.0,CE,20.45,20.4,20.45,1004661,206784,48598,12.36
2026-09-24 14:25:29,23046.75,2026-09-29,23500.0,PE,448.45,448.05,449.3,272656,89374,-30939,15.34
2026-09-24 14:25:29,23046.75,2026-09-29,23550.0,CE,16.0,15.95,16.0,474452,61165,-910,12.51
2026-09-24 14:25:29,23046.75,2026-09-29,23550.0,PE,495.1,495.75,496.6,36622,5496,-5455,16.16
2026-09-24 14:26:29,23056.9,2026-09-29,22550.0,CE,540.0,545.8,550.75,191,109,96,
2026-09-24 14:26:29,23056.9,2026-09-29,22550.0,PE,23.1,23.0,23.1,284287,17976,2748,16.55
2026-09-24 14:26:29,23056.9,2026-09-29,22600.0,CE,498.0,500.95,502.55,1125,568,453,10.6
2026-09-24 14:26:29,23056.9,2026-09-29,22600.0,PE,27.1,27.05,27.1,523758,49632,-2953,16.17
2026-09-24 14:26:29,23056.9,2026-09-29,22650.0,CE,449.0,456.0,457.7,953,971,270,11.44
2026-09-24 14:26:29,23056.9,2026-09-29,22650.0,PE,32.25,32.05,32.15,334575,35034,2601,15.85
2026-09-24 14:26:29,23056.9,2026-09-29,22700.0,CE,410.75,412.5,413.6,5101,1379,929,12.15
2026-09-24 14:26:29,23056.9,2026-09-29,22700.0,PE,37.9,37.8,37.95,567077,65045,5089,15.53
2026-09-24 14:26:29,23056.9,2026-09-29,22750.0,CE,368.35,368.95,370.05,2445,991,478,12.34
2026-09-24 14:26:29,23056.9,2026-09-29,22750.0,PE,45.1,45.2,45.35,386027,28704,6178,15.21
2026-09-24 14:26:29,23056.9,2026-09-29,22800.0,CE,328.55,328.9,329.7,16483,6605,2459,12.28
2026-09-24 14:26:29,23056.9,2026-09-29,22800.0,PE,53.9,53.65,53.8,821778,104161,5710,14.94
2026-09-24 14:26:29,23056.9,2026-09-29,22850.0,CE,289.35,288.75,289.5,6870,1390,1046,11.93
2026-09-24 14:26:29,23056.9,2026-09-29,22850.0,PE,64.2,64.15,64.35,447501,42701,5645,14.65
2026-09-24 14:26:29,23056.9,2026-09-29,22900.0,CE,251.65,251.9,252.5,35166,7927,5639,12.24
2026-09-24 14:26:29,23056.9,2026-09-29,22900.0,PE,76.45,76.3,76.55,788531,79984,6048,14.42
2026-09-24 14:26:29,23056.9,2026-09-29,22950.0,CE,216.5,216.8,217.25,33960,4334,3717,12.28
2026-09-24 14:26:29,23056.9,2026-09-29,22950.0,PE,91.6,91.55,91.75,567139,33528,3417,14.24
2026-09-24 14:26:29,23056.9,2026-09-29,23000.0,CE,184.95,184.5,184.85,318295,61275,40725,12.17
2026-09-24 14:26:29,23056.9,2026-09-29,23000.0,PE,109.65,109.4,109.65,1863271,184692,-10319,14.15
2026-09-24 14:26:29,23056.9,2026-09-29,23050.0,CE,155.0,154.6,155.0,163928,26637,25400,12.14
2026-09-24 14:26:29,23056.9,2026-09-29,23050.0,PE,129.5,129.5,129.8,862934,44411,17538,13.99
2026-09-24 14:26:29,23056.9,2026-09-29,23100.0,CE,128.25,128.05,128.3,660729,107549,98744,12.03
2026-09-24 14:26:29,23056.9,2026-09-29,23100.0,PE,153.65,153.4,153.8,1641412,94623,34101,13.93
2026-09-24 14:26:29,23056.9,2026-09-29,23150.0,CE,105.0,104.8,105.0,592932,71719,68064,11.98
2026-09-24 14:26:29,23056.9,2026-09-29,23150.0,PE,179.9,179.5,179.9,1320651,46199,13687,13.88
2026-09-24 14:26:29,23056.9,2026-09-29,23200.0,CE,84.6,84.75,84.9,1989909,243742,221097,11.98
2026-09-24 14:26:29,23056.9,2026-09-29,23200.0,PE,209.3,208.9,209.3,2942389,105336,9814,13.81
2026-09-24 14:26:29,23056.9,2026-09-29,23250.0,CE,67.4,67.2,67.4,1537840,174912,159667,11.93
2026-09-24 14:26:29,23056.9,2026-09-29,23250.0,PE,242.7,242.25,242.75,1600286,66601,8712,14.01
2026-09-24 14:26:29,23056.9,2026-09-29,23300.0,CE,53.25,53.15,53.25,1761736,213742,149736,11.96
2026-09-24 14:26:29,23056.9,2026-09-29,23300.0,PE,277.3,276.85,277.5,1484255,98566,-43134,14.01
2026-09-24 14:26:29,23056.9,2026-09-29,23350.0,CE,41.5,41.6,41.65,712668,86759,62284,11.99
2026-09-24 14:26:29,23056.9,2026-09-29,23350.0,PE,315.4,315.5,316.3,482013,20751,-40472,14.32
2026-09-24 14:26:29,23056.9,2026-09-29,23400.0,CE,32.4,32.4,32.5,1216656,187911,71096,12.06
2026-09-24 14:26:29,23056.9,2026-09-29,23400.0,PE,355.95,355.1,355.85,638826,71099,-107282,14.5
2026-09-24 14:26:29,23056.9,2026-09-29,23450.0,CE,25.5,25.4,25.5,620337,76898,17487,12.2
2026-09-24 14:26:29,23056.9,2026-09-29,23450.0,PE,399.6,399.85,400.85,174642,20883,-36549,15.11
2026-09-24 14:26:29,23056.9,2026-09-29,23500.0,CE,20.0,19.95,20.05,1012499,205248,47062,12.36
2026-09-24 14:26:29,23056.9,2026-09-29,23500.0,PE,443.15,442.35,443.05,273438,89372,-30941,15.34
2026-09-24 14:26:29,23056.9,2026-09-29,23550.0,CE,15.6,15.5,15.6,476388,60972,-1103,12.51
2026-09-24 14:26:29,23056.9,2026-09-29,23550.0,PE,490.05,488.5,490.0,36650,5488,-5463,16.16
2026-09-24 14:27:30,23056.8,2026-09-29,22550.0,CE,540.0,552.25,555.3,191,109,96,
2026-09-24 14:27:30,23056.8,2026-09-29,22550.0,PE,21.95,22.05,22.15,285127,18030,2802,16.62
2026-09-24 14:27:30,23056.8,2026-09-29,22600.0,CE,506.5,506.6,508.25,1127,566,451,10.62
2026-09-24 14:27:30,23056.8,2026-09-29,22600.0,PE,26.05,25.85,25.9,525531,50071,-2514,16.25
2026-09-24 14:27:30,23056.8,2026-09-29,22650.0,CE,457.0,461.0,462.9,957,975,274,11.45
2026-09-24 14:27:30,23056.8,2026-09-29,22650.0,PE,30.9,30.8,30.9,335486,35196,2763,15.96
2026-09-24 14:27:30,23056.8,2026-09-29,22700.0,CE,415.05,417.15,418.4,5135,1393,943,11.34
2026-09-24 14:27:30,23056.8,2026-09-29,22700.0,PE,36.3,36.3,36.45,568883,65409,5453,15.6
2026-09-24 14:27:30,23056.8,2026-09-29,22750.0,CE,375.3,374.05,375.15,2451,976,463,11.94
2026-09-24 14:27:30,23056.8,2026-09-29,22750.0,PE,43.35,43.4,43.55,387354,28779,6253,15.32
2026-09-24 14:27:30,23056.8,2026-09-29,22800.0,CE,333.1,332.8,333.6,16687,6647,2501,11.84
2026-09-24 14:27:30,23056.8,2026-09-29,22800.0,PE,51.85,51.75,51.95,825586,104712,6261,15.12
2026-09-24 14:27:30,23056.8,2026-09-29,22850.0,CE,293.0,293.05,293.8,6913,1430,1086,11.94
2026-09-24 14:27:30,23056.8,2026-09-29,22850.0,PE,61.9,61.85,62.0,450321,42221,5165,14.77
2026-09-24 14:27:30,23056.8,2026-09-29,22900.0,CE,256.2,255.45,256.05,35616,8228,5940,12.0
2026-09-24 14:27:30,23056.8,2026-09-29,22900.0,PE,74.0,74.0,74.15,791342,80344,6408,14.6
2026-09-24 14:27:30,23056.8,2026-09-29,22950.0,CE,220.1,220.2,220.75,34164,4375,3758,12.07
2026-09-24 14:27:30,23056.8,2026-09-29,22950.0,PE,88.65,88.6,88.8,569932,33890,3779,14.33
2026-09-24 14:27:30,23056.8,2026-09-29,23000.0,CE,188.0,187.85,188.0,320823,62139,41589,12.09
2026-09-24 14:27:30,23056.8,2026-09-29,23000.0,PE,106.0,106.0,106.15,1868776,185158,-9853,14.25
2026-09-24 14:27:30,23056.8,2026-09-29,23050.0,CE,157.8,157.5,157.9,166057,27330,26093,12.01
2026-09-24 14:27:30,23056.8,2026-09-29,23050.0,PE,125.9,125.75,126.0,867067,44024,17151,14.1
2026-09-24 14:27:30,23056.8,2026-09-29,23100.0,CE,130.4,130.4,130.55,665495,108459,99654,11.99
2026-09-24 14:27:30,23056.8,2026-09-29,23100.0,PE,149.5,149.05,149.45,1646118,94129,33607,14.05
2026-09-24 14:27:30,23056.8,2026-09-29,23150.0,CE,106.9,106.75,107.0,595187,72085,68430,11.97
2026-09-24 14:27:30,23056.8,2026-09-29,23150.0,PE,175.1,175.05,175.45,1322495,45758,13246,14.0
2026-09-24 14:27:30,23056.8,2026-09-29,23200.0,CE,86.55,86.45,86.55,1994447,243790,221145,11.94
2026-09-24 14:27:30,23056.8,2026-09-29,23200.0,PE,204.35,204.0,204.4,2944464,105119,9597,13.97
2026-09-24 14:27:30,23056.8,2026-09-29,23250.0,CE,68.7,68.55,68.7,1540255,175048,159803,11.85
2026-09-24 14:27:30,23056.8,2026-09-29,23250.0,PE,237.65,237.55,238.1,1601182,66331,8442,14.19
2026-09-24 14:27:30,23056.8,2026-09-29,23300.0,CE,54.4,54.3,54.45,1764472,214221,150215,11.9
2026-09-24 14:27:30,23056.8,2026-09-29,23300.0,PE,272.05,271.3,272.05,1485078,98493,-43207,14.19
2026-09-24 14:27:30,23056.8,2026-09-29,23350.0,CE,42.5,42.4,42.5,713569,86344,61869,11.96
2026-09-24 14:27:30,23056.8,2026-09-29,23350.0,PE,309.8,309.55,310.35,482210,20788,-40435,14.45
2026-09-24 14:27:30,23056.8,2026-09-29,23400.0,CE,32.85,32.8,32.85,1223193,184572,67757,12.01
2026-09-24 14:27:30,23056.8,2026-09-29,23400.0,PE,350.25,349.0,349.9,639569,71133,-107248,14.54
2026-09-24 14:27:30,23056.8,2026-09-29,23450.0,CE,25.8,25.75,25.85,621701,76563,17152,12.16
2026-09-24 14:27:30,23056.8,2026-09-29,23450.0,PE,394.6,393.45,394.5,175064,20838,-36594,15.49
2026-09-24 14:27:30,23056.8,2026-09-29,23500.0,CE,20.3,20.2,20.25,1017533,206423,48237,12.32
2026-09-24 14:27:30,23056.8,2026-09-29,23500.0,PE,436.75,435.85,436.7,274037,89398,-30915,15.71
2026-09-24 14:27:30,23056.8,2026-09-29,23550.0,CE,15.6,15.55,15.6,476889,60851,-1224,12.49
2026-09-24 14:27:30,23056.8,2026-09-29,23550.0,PE,482.05,481.85,483.15,36657,5485,-5466,16.83
2026-09-24 14:28:30,23055.3,2026-09-29,22550.0,CE,545.0,545.05,550.3,192,109,96,
2026-09-24 14:28:30,23055.3,2026-09-29,22550.0,PE,23.05,23.0,23.1,285977,18060,2832,16.55
2026-09-24 14:28:30,23055.3,2026-09-29,22600.0,CE,505.9,499.85,501.4,1131,566,451,10.6
2026-09-24 14:28:30,23055.3,2026-09-29,22600.0,PE,27.0,27.0,27.1,528139,50367,-2218,16.17
2026-09-24 14:28:30,23055.3,2026-09-29,22650.0,CE,463.6,454.6,456.4,959,975,274,11.44
2026-09-24 14:28:30,23055.3,2026-09-29,22650.0,PE,32.2,32.25,32.35,336486,35255,2822,15.85
2026-09-24 14:28:30,23055.3,2026-09-29,22700.0,CE,412.0,412.0,412.35,5184,1382,932,12.15
2026-09-24 14:28:30,23055.3,2026-09-29,22700.0,PE,38.0,37.85,38.0,571415,65316,5360,15.53
2026-09-24 14:28:30,23055.3,2026-09-29,22750.0,CE,368.35,368.3,369.45,2473,976,463,12.34
2026-09-24 14:28:30,23055.3,2026-09-29,22750.0,PE,45.35,45.3,45.4,389774,28624,6098,15.21
2026-09-24 14:28:30,23055.3,2026-09-29,22800.0,CE,328.3,327.9,328.3,17093,6775,2629,12.28
2026-09-24 14:28:30,23055.3,2026-09-29,22800.0,PE,54.25,54.15,54.25,830018,104876,6425,14.94
2026-09-24 14:28:30,23055.3,2026-09-29,22850.0,CE,287.95,288.0,288.8,6983,1443,1099,11.93
2026-09-24 14:28:30,23055.3,2026-09-29,22850.0,PE,64.25,64.35,64.4,452870,42197,5141,14.65
2026-09-24 14:28:30,23055.3,2026-09-29,22900.0,CE,251.05,251.05,251.7,36046,8242,5954,12.24
2026-09-24 14:28:30,23055.3,2026-09-29,22900.0,PE,76.75,76.75,76.95,795852,80529,6593,14.42
2026-09-24 14:28:30,23055.3,2026-09-29,22950.0,CE,216.45,216.0,216.5,34434,4407,3790,12.28
2026-09-24 14:28:30,23055.3,2026-09-29,22950.0,PE,91.85,91.85,92.1,573251,33647,3536,14.24
2026-09-24 14:28:30,23055.3,2026-09-29,23000.0,CE,183.95,183.95,184.2,324744,62441,41891,12.17
2026-09-24 14:28:30,23055.3,2026-09-29,23000.0,PE,110.0,110.0,110.1,1880483,185215,-9796,14.15
2026-09-24 14:28:30,23055.3,2026-09-29,23050.0,CE,154.55,154.35,154.65,169695,28186,26949,12.14
2026-09-24 14:28:30,23055.3,2026-09-29,23050.0,PE,130.4,130.1,130.45,874296,43848,16975,13.99
2026-09-24 14:28:30,23055.3,2026-09-29,23100.0,CE,127.7,127.65,127.95,672282,109320,100515,12.03
2026-09-24 14:28:30,23055.3,2026-09-29,23100.0,PE,154.5,154.15,154.5,1654232,94527,34005,13.93
2026-09-24 14:28:30,23055.3,2026-09-29,23150.0,CE,104.65,104.4,104.65,598160,72326,68671,11.98
2026-09-24 14:28:30,23055.3,2026-09-29,23150.0,PE,180.8,180.8,181.25,1324469,45600,13088,13.88
2026-09-24 14:28:30,23055.3,2026-09-29,23200.0,CE,84.5,84.45,84.7,2001773,242787,220142,11.98
2026-09-24 14:28:30,23055.3,2026-09-29,23200.0,PE,210.5,210.5,211.0,2948525,105051,9529,13.81
2026-09-24 14:28:30,23055.3,2026-09-29,23250.0,CE,67.6,67.4,67.6,1545947,175790,160545,11.93
2026-09-24 14:28:30,23055.3,2026-09-29,23250.0,PE,244.0,243.45,244.1,1603036,65889,8000,14.01
2026-09-24 14:28:30,23055.3,2026-09-29,23300.0,CE,53.35,53.35,53.45,1768804,213887,149881,11.96
2026-09-24 14:28:30,23055.3,2026-09-29,23300.0,PE,278.0,278.25,278.95,1486430,98411,-43289,14.01
2026-09-24 14:28:30,23055.3,2026-09-29,23350.0,CE,41.8,41.75,41.9,716370,85859,61384,11.99
2026-09-24 14:28:30,23055.3,2026-09-29,23350.0,PE,316.8,317.25,318.0,482602,20753,-40470,14.32
2026-09-24 14:28:30,23055.3,2026-09-29,23400.0,CE,32.75,32.75,32.85,1231415,182321,65506,12.06
2026-09-24 14:28:30,23055.3,2026-09-29,23400.0,PE,357.45,356.55,357.3,640221,71004,-107377,14.5
2026-09-24 14:28:30,23055.3,2026-09-29,23450.0,CE,25.8,25.75,25.85,624108,76167,16756,12.2
2026-09-24 14:28:30,23055.3,2026-09-29,23450.0,PE,402.1,401.25,402.15,176027,20566,-36866,15.11
2026-09-24 14:28:30,23055.3,2026-09-29,23500.0,CE,20.25,20.2,20.25,1023045,204805,46619,12.36
2026-09-24 14:28:30,23055.3,2026-09-29,23500.0,PE,444.25,444.2,445.2,274349,89369,-30944,15.34
2026-09-24 14:28:30,23055.3,2026-09-29,23550.0,CE,15.75,15.75,15.8,478519,60728,-1347,12.51
2026-09-24 14:28:30,23055.3,2026-09-29,23550.0,PE,490.7,489.7,491.4,36675,5485,-5466,16.16
2026-09-24 14:29:30,23065.05,2026-09-29,22550.0,CE,545.0,545.65,551.7,192,109,96,
2026-09-24 14:29:30,23065.05,2026-09-29,22550.0,PE,23.35,23.25,23.3,285823,18090,2862,16.62
2026-09-24 14:29:30,23065.05,2026-09-29,22600.0,CE,505.9,500.75,502.25,1131,569,454,10.62
2026-09-24 14:29:30,23065.05,2026-09-29,22600.0,PE,27.15,27.1,27.2,527206,50477,-2108,16.25
2026-09-24 14:29:30,23065.05,2026-09-29,22650.0,CE,463.6,454.65,456.25,959,975,274,11.45
2026-09-24 14:29:30,23065.05,2026-09-29,22650.0,PE,32.3,32.35,32.45,336355,35435,3002,15.96
2026-09-24 14:29:30,23065.05,2026-09-29,22700.0,CE,412.0,412.15,413.25,5179,1400,950,11.34
2026-09-24 14:29:30,23065.05,2026-09-29,22700.0,PE,38.0,37.95,38.1,571025,65699,5743,15.6
2026-09-24 14:29:30,23065.05,2026-09-29,22750.0,CE,368.35,368.45,369.5,2473,991,478,11.94
2026-09-24 14:29:30,23065.05,2026-09-29,22750.0,PE,45.3,45.35,45.4,389532,28635,6109,15.32
2026-09-24 14:29:30,23065.05,2026-09-29,22800.0,CE,328.35,328.1,328.8,17050,6891,2745,11.84
2026-09-24 14:29:30,23065.05,2026-09-29,22800.0,PE,54.55,54.4,54.55,829174,105131,6680,15.12
2026-09-24 14:29:30,23065.05,2026-09-29,22850.0,CE,288.65,288.25,288.65,6981,1440,1096,11.94
2026-09-24 14:29:30,23065.05,2026-09-29,22850.0,PE,64.7,64.7,64.9,452705,42149,5093,14.77
2026-09-24 14:29:30,23065.05,2026-09-29,22900.0,CE,251.45,251.05,251.6,36000,8277,5989,12.0
2026-09-24 14:29:30,23065.05,2026-09-29,22900.0,PE,77.05,76.85,77.05,795398,80613,6677,14.6
2026-09-24 14:29:30,23065.05,2026-09-29,22950.0,CE,215.7,216.8,217.3,34398,4457,3840,12.07
2026-09-24 14:29:30,23065.05,2026-09-29,22950.0,PE,92.0,92.0,92.1,572978,33814,3703,14.33
2026-09-24 14:29:30,23065.05,2026-09-29,23000.0,CE,184.9,184.45,184.75,324496,63165,42615,12.09
2026-09-24 14:29:30,23065.05,2026-09-29,23000.0,PE,110.0,110.0,110.1,1879568,185777,-9234,14.25
2026-09-24 14:29:30,23065.05,2026-09-29,23050.0,CE,154.8,154.8,155.0,169372,28508,27271,12.01
2026-09-24 14:29:30,23065.05,2026-09-29,23050.0,PE,130.05,130.0,130.2,873581,44274,17401,14.1
2026-09-24 14:29:30,23065.05,2026-09-29,23100.0,CE,128.3,128.25,128.5,671249,109856,101051,11.99
2026-09-24 14:29:30,23065.05,2026-09-29,23100.0,PE,154.0,153.65,154.05,1653462,95305,34783,14.05
2026-09-24 14:29:30,23065.05,2026-09-29,23150.0,CE,104.8,104.8,104.95,597784,72347,68692,11.97
2026-09-24 14:29:30,23065.05,2026-09-29,23150.0,PE,181.05,180.85,181.1,1324242,45526,13014,14.0
2026-09-24 14:29:30,23065.05,2026-09-29,23200.0,CE,84.95,84.8,85.0,2001114,242723,220078,11.94
2026-09-24 14:29:30,23065.05,2026-09-29,23200.0,PE,209.7,209.85,210.3,2947766,105172,9650,13.97
2026-09-24 14:29:30,23065.05,2026-09-29,23250.0,CE,67.8,67.7,67.8,1545540,176494,161249,11.85
2026-09-24 14:29:30,23065.05,2026-09-29,23250.0,PE,243.5,243.05,243.65,1602858,65870,7981,14.19
2026-09-24 14:29:30,23065.05,2026-09-29,23300.0,CE,53.65,53.6,53.65,1768441,213716,149710,11.9
2026-09-24 14:29:30,23065.05,2026-09-29,23300.0,PE,278.0,277.6,278.2,1486332,98334,-43366,14.19
2026-09-24 14:29:30,23065.05,2026-09-29,23350.0,CE,42.0,41.95,42.05,716287,86088,61613,11.96
2026-09-24 14:29:30,23065.05,2026-09-29,23350.0,PE,317.15,316.25,316.95,482539,20726,-40497,14.45
2026-09-24 14:29:30,23065.05,2026-09-29,23400.0,CE,32.9,32.85,32.95,1231137,182273,65458,12.01
2026-09-24 14:29:30,23065.05,2026-09-29,23400.0,PE,357.0,355.95,356.75,640077,70968,-107413,14.54
2026-09-24 14:29:30,23065.05,2026-09-29,23450.0,CE,25.9,25.8,25.9,623838,76440,17029,12.16
2026-09-24 14:29:30,23065.05,2026-09-29,23450.0,PE,401.2,400.3,401.3,175878,20367,-37065,15.49
2026-09-24 14:29:30,23065.05,2026-09-29,23500.0,CE,20.25,20.25,20.35,1020540,205009,46823,12.32
2026-09-24 14:29:30,23065.05,2026-09-29,23500.0,PE,445.45,443.9,445.05,274323,89342,-30971,15.71
2026-09-24 14:29:30,23065.05,2026-09-29,23550.0,CE,15.85,15.8,15.85,478286,60515,-1560,12.49
2026-09-24 14:29:30,23065.05,2026-09-29,23550.0,PE,493.45,488.75,490.95,36674,5472,-5479,16.83
2026-09-24 14:30:30,23066.3,2026-09-29,22550.0,CE,545.0,545.65,551.7,192,109,96,
2026-09-24 14:30:30,23066.3,2026-09-29,22550.0,PE,23.35,23.25,23.3,285823,18090,2862,16.62
2026-09-24 14:30:30,23066.3,2026-09-29,22600.0,CE,505.9,500.75,502.25,1131,569,454,10.62
2026-09-24 14:30:30,23066.3,2026-09-29,22600.0,PE,27.15,27.1,27.2,527206,50477,-2108,16.25
2026-09-24 14:30:30,23066.3,2026-09-29,22650.0,CE,463.6,454.65,456.25,959,975,274,11.45
2026-09-24 14:30:30,23066.3,2026-09-29,22650.0,PE,32.3,32.35,32.45,336355,35435,3002,15.96
2026-09-24 14:30:30,23066.3,2026-09-29,22700.0,CE,412.0,412.15,413.25,5179,1400,950,11.34
2026-09-24 14:30:30,23066.3,2026-09-29,22700.0,PE,38.0,37.95,38.1,571025,65699,5743,15.6
2026-09-24 14:30:30,23066.3,2026-09-29,22750.0,CE,368.35,368.45,369.5,2473,991,478,11.94
2026-09-24 14:30:30,23066.3,2026-09-29,22750.0,PE,45.3,45.35,45.4,389532,28635,6109,15.32
2026-09-24 14:30:30,23066.3,2026-09-29,22800.0,CE,328.35,328.1,328.8,17050,6891,2745,11.84
2026-09-24 14:30:30,23066.3,2026-09-29,22800.0,PE,54.55,54.4,54.55,829174,105131,6680,15.12
2026-09-24 14:30:30,23066.3,2026-09-29,22850.0,CE,288.65,288.25,288.65,6981,1440,1096,11.94
2026-09-24 14:30:30,23066.3,2026-09-29,22850.0,PE,64.7,64.7,64.9,452705,42149,5093,14.77
2026-09-24 14:30:30,23066.3,2026-09-29,22900.0,CE,251.45,251.05,251.6,36000,8277,5989,12.0
2026-09-24 14:30:30,23066.3,2026-09-29,22900.0,PE,77.05,76.85,77.05,795398,80613,6677,14.6
2026-09-24 14:30:30,23066.3,2026-09-29,22950.0,CE,215.7,216.8,217.3,34398,4457,3840,12.07
2026-09-24 14:30:30,23066.3,2026-09-29,22950.0,PE,92.0,92.0,92.1,572978,33814,3703,14.33
2026-09-24 14:30:30,23066.3,2026-09-29,23000.0,CE,184.9,184.45,184.75,324496,63165,42615,12.09
2026-09-24 14:30:30,23066.3,2026-09-29,23000.0,PE,110.0,110.0,110.1,1879568,185777,-9234,14.25
2026-09-24 14:30:30,23066.3,2026-09-29,23050.0,CE,154.8,154.8,155.0,169372,28508,27271,12.01
2026-09-24 14:30:30,23066.3,2026-09-29,23050.0,PE,130.05,130.0,130.2,873581,44274,17401,14.1
2026-09-24 14:30:30,23066.3,2026-09-29,23100.0,CE,128.3,128.25,128.5,671249,109856,101051,11.99
2026-09-24 14:30:30,23066.3,2026-09-29,23100.0,PE,154.0,153.65,154.05,1653462,95305,34783,14.05
2026-09-24 14:30:30,23066.3,2026-09-29,23150.0,CE,104.8,104.8,104.95,597784,72347,68692,11.97
2026-09-24 14:30:30,23066.3,2026-09-29,23150.0,PE,181.05,180.85,181.1,1324242,45526,13014,14.0
2026-09-24 14:30:30,23066.3,2026-09-29,23200.0,CE,84.95,84.8,85.0,2001114,242723,220078,11.94
2026-09-24 14:30:30,23066.3,2026-09-29,23200.0,PE,209.7,209.85,210.3,2947766,105172,9650,13.97
2026-09-24 14:30:30,23066.3,2026-09-29,23250.0,CE,67.8,67.7,67.8,1545540,176494,161249,11.85
2026-09-24 14:30:30,23066.3,2026-09-29,23250.0,PE,243.5,243.05,243.65,1602858,65870,7981,14.19
2026-09-24 14:30:30,23066.3,2026-09-29,23300.0,CE,53.65,53.6,53.65,1768441,213716,149710,11.9
2026-09-24 14:30:30,23066.3,2026-09-29,23300.0,PE,278.0,277.6,278.2,1486332,98334,-43366,14.19
2026-09-24 14:30:30,23066.3,2026-09-29,23350.0,CE,42.0,41.95,42.05,716287,86088,61613,11.96
2026-09-24 14:30:30,23066.3,2026-09-29,23350.0,PE,317.15,316.25,316.95,482539,20726,-40497,14.45
2026-09-24 14:30:30,23066.3,2026-09-29,23400.0,CE,32.9,32.85,32.95,1231137,182273,65458,12.01
2026-09-24 14:30:30,23066.3,2026-09-29,23400.0,PE,357.0,355.95,356.75,640077,70968,-107413,14.54
2026-09-24 14:30:30,23066.3,2026-09-29,23450.0,CE,25.9,25.8,25.9,623838,76440,17029,12.16
2026-09-24 14:30:30,23066.3,2026-09-29,23450.0,PE,401.2,400.3,401.3,175878,20367,-37065,15.49
2026-09-24 14:30:30,23066.3,2026-09-29,23500.0,CE,20.25,20.25,20.35,1020540,205009,46823,12.32
2026-09-24 14:30:30,23066.3,2026-09-29,23500.0,PE,445.45,443.9,445.05,274323,89342,-30971,15.71
2026-09-24 14:30:30,23066.3,2026-09-29,23550.0,CE,15.85,15.8,15.85,478286,60515,-1560,12.49
2026-09-24 14:30:30,23066.3,2026-09-29,23550.0,PE,493.45,488.75,490.95,36674,5472,-5479,16.83
2026-09-24 14:31:32,23062.4,2026-09-29,22550.0,CE,545.0,550.4,555.1,192,109,96,
2026-09-24 14:31:32,23062.4,2026-09-29,22550.0,PE,21.95,22.05,22.1,287493,18300,3072,16.31
2026-09-24 14:31:32,23062.4,2026-09-29,22600.0,CE,508.1,504.6,506.25,1171,584,469,13.15
2026-09-24 14:31:32,23062.4,2026-09-29,22600.0,PE,25.9,25.85,25.9,530962,50952,-1633,15.94
2026-09-24 14:31:32,23062.4,2026-09-29,22650.0,CE,459.6,459.2,461.25,961,976,275,13.33
2026-09-24 14:31:32,23062.4,2026-09-29,22650.0,PE,30.85,30.9,31.0,339754,34462,2029,15.66
2026-09-24 14:31:32,23062.4,2026-09-29,22700.0,CE,419.55,415.65,416.8,5264,1416,966,13.16
2026-09-24 14:31:32,23062.4,2026-09-29,22700.0,PE,36.6,36.4,36.55,576318,65665,5709,15.25
2026-09-24 14:31:32,23062.4,2026-09-29,22750.0,CE,376.45,372.7,373.75,2486,989,476,13.19
2026-09-24 14:31:32,23062.4,2026-09-29,22750.0,PE,43.65,43.5,43.6,395817,27610,5084,14.96
2026-09-24 14:31:32,23062.4,2026-09-29,22800.0,CE,331.35,331.55,332.25,17552,6857,2711,12.83
2026-09-24 14:31:32,23062.4,2026-09-29,22800.0,PE,52.05,51.9,52.05,837022,105536,7085,14.68
2026-09-24 14:31:32,23062.4,2026-09-29,22850.0,CE,291.85,291.8,292.5,7047,1428,1084,12.71
2026-09-24 14:31:32,23062.4,2026-09-29,22850.0,PE,62.2,61.9,62.05,456023,41963,4907,14.37
2026-09-24 14:31:32,23062.4,2026-09-29,22900.0,CE,254.3,254.1,254.55,37060,8380,6092,12.73
2026-09-24 14:31:32,23062.4,2026-09-29,22900.0,PE,74.45,74.25,74.45,803640,80882,6946,14.15
2026-09-24 14:31:32,23062.4,2026-09-29,22950.0,CE,219.6,219.1,219.6,35032,4565,3948,12.52
2026-09-24 14:31:32,23062.4,2026-09-29,22950.0,PE,88.85,88.8,88.95,578508,33828,3717,14.0
2026-09-24 14:31:32,23062.4,2026-09-29,23000.0,CE,186.6,186.45,186.9,329633,63709,43159,12.52
2026-09-24 14:31:32,23062.4,2026-09-29,23000.0,PE,106.5,106.35,106.65,1895242,186184,-8827,13.83
2026-09-24 14:31:32,23062.4,2026-09-29,23050.0,CE,156.7,156.3,156.7,175537,28783,27546,12.41
2026-09-24 14:31:32,23062.4,2026-09-29,23050.0,PE,126.75,126.4,126.75,884309,44743,17870,13.66
2026-09-24 14:31:32,23062.4,2026-09-29,23100.0,CE,129.5,129.5,129.75,681380,110962,102157,12.33
2026-09-24 14:31:32,23062.4,2026-09-29,23100.0,PE,150.2,149.95,150.2,1666207,96171,35649,13.59
2026-09-24 14:31:32,23062.4,2026-09-29,23150.0,CE,105.85,105.85,106.0,602641,72446,68791,12.27
2026-09-24 14:31:32,23062.4,2026-09-29,23150.0,PE,176.1,175.95,176.3,1328692,44857,12345,13.56
2026-09-24 14:31:32,23062.4,2026-09-29,23200.0,CE,85.85,85.8,86.0,2013066,241861,219216,12.24
2026-09-24 14:31:32,23062.4,2026-09-29,23200.0,PE,205.55,205.15,205.35,2954697,104640,9118,13.5
2026-09-24 14:31:32,23062.4,2026-09-29,23250.0,CE,68.2,68.05,68.2,1557975,177804,162559,12.18
2026-09-24 14:31:32,23062.4,2026-09-29,23250.0,PE,238.55,238.8,239.3,1604794,65831,7942,13.67
2026-09-24 14:31:32,23062.4,2026-09-29,23300.0,CE,54.0,54.0,54.1,1777906,214190,150184,12.21
2026-09-24 14:31:32,23062.4,2026-09-29,23300.0,PE,273.0,272.45,273.0,1488735,98249,-43451,13.67
2026-09-24 14:31:32,23062.4,2026-09-29,23350.0,CE,42.15,42.15,42.25,719660,86101,61626,12.24
2026-09-24 14:31:32,23062.4,2026-09-29,23350.0,PE,312.25,311.15,311.8,482933,20736,-40487,13.92
2026-09-24 14:31:32,23062.4,2026-09-29,23400.0,CE,33.0,32.95,33.0,1241159,180519,63704,12.35
2026-09-24 14:31:32,23062.4,2026-09-29,23400.0,PE,350.6,351.0,351.85,641244,71030,-107351,13.9
2026-09-24 14:31:32,23062.4,2026-09-29,23450.0,CE,25.9,25.85,25.9,627653,76452,17041,12.49
2026-09-24 14:31:32,23062.4,2026-09-29,23450.0,PE,395.0,395.45,396.4,176450,20286,-37146,14.71
2026-09-24 14:31:32,23062.4,2026-09-29,23500.0,CE,20.3,20.25,20.3,1034290,207455,49269,12.67
2026-09-24 14:31:32,23062.4,2026-09-29,23500.0,PE,438.1,437.95,438.95,275025,89281,-31032,14.8
2026-09-24 14:31:32,23062.4,2026-09-29,23550.0,CE,15.75,15.7,15.8,480415,60310,-1765,12.83
2026-09-24 14:31:32,23062.4,2026-09-29,23550.0,PE,483.05,483.4,485.0,36704,5465,-5486,15.43
2026-09-24 14:32:32,23070.4,2026-09-29,22550.0,CE,545.0,550.1,555.65,192,109,96,
2026-09-24 14:32:32,23070.4,2026-09-29,22550.0,PE,21.75,21.3,21.4,287768,18485,3257,16.31
2026-09-24 14:32:32,23070.4,2026-09-29,22600.0,CE,508.1,507.65,509.15,1173,589,474,13.15
2026-09-24 14:32:32,23070.4,2026-09-29,22600.0,PE,25.0,25.05,25.15,531421,50963,-1622,15.94
2026-09-24 14:32:32,23070.4,2026-09-29,22650.0,CE,461.4,462.3,464.0,968,977,276,13.33
2026-09-24 14:32:32,23070.4,2026-09-29,22650.0,PE,29.95,29.8,29.85,340358,34538,2105,15.66
2026-09-24 14:32:32,23070.4,2026-09-29,22700.0,CE,419.55,418.35,419.5,5264,1416,966,13.16
2026-09-24 14:32:32,23070.4,2026-09-29,22700.0,PE,35.3,35.3,35.45,577349,65671,5715,15.25
2026-09-24 14:32:32,23070.4,2026-09-29,22750.0,CE,373.9,375.1,376.1,2489,988,475,13.19
2026-09-24 14:32:32,23070.4,2026-09-29,22750.0,PE,42.25,42.25,42.35,396336,27610,5084,14.96
2026-09-24 14:32:32,23070.4,2026-09-29,22800.0,CE,333.6,333.8,334.65,17580,6845,2699,12.83
2026-09-24 14:32:32,23070.4,2026-09-29,22800.0,PE,50.65,50.65,50.8,838644,105536,7085,14.68
2026-09-24 14:32:32,23070.4,2026-09-29,22850.0,CE,292.75,294.55,295.3,7059,1432,1088,12.71
2026-09-24 14:32:32,23070.4,2026-09-29,22850.0,PE,60.3,60.2,60.35,456983,42065,5009,14.37
2026-09-24 14:32:32,23070.4,2026-09-29,22900.0,CE,257.0,256.8,257.4,37158,8505,6217,12.73
2026-09-24 14:32:32,23070.4,2026-09-29,22900.0,PE,72.3,72.15,72.25,805435,80594,6658,14.15
2026-09-24 14:32:32,23070.4,2026-09-29,22950.0,CE,221.0,220.6,221.15,35153,4613,3996,12.52
2026-09-24 14:32:32,23070.4,2026-09-29,22950.0,PE,87.1,87.2,87.4,579445,34013,3902,14.0
2026-09-24 14:32:32,23070.4,2026-09-29,23000.0,CE,188.45,188.4,188.8,330719,63949,43399,12.52
2026-09-24 14:32:32,23070.4,2026-09-29,23000.0,PE,104.2,104.0,104.15,1899048,186906,-8105,13.83
2026-09-24 14:32:32,23070.4,2026-09-29,23050.0,CE,158.35,157.7,158.1,176993,29167,27930,12.41
2026-09-24 14:32:32,23070.4,2026-09-29,23050.0,PE,123.65,124.0,124.3,886523,45670,18797,13.66
2026-09-24 14:32:32,23070.4,2026-09-29,23100.0,CE,130.65,130.6,130.9,683485,110962,102157,12.33
2026-09-24 14:32:32,23070.4,2026-09-29,23100.0,PE,146.95,147.0,147.15,1668682,96171,35649,13.59
2026-09-24 14:32:32,23070.4,2026-09-29,23150.0,CE,107.1,106.85,107.05,603507,72446,68791,12.27
2026-09-24 14:32:32,23070.4,2026-09-29,23150.0,PE,172.85,173.15,173.6,1329397,44857,12345,13.56
2026-09-24 14:32:32,23070.4,2026-09-29,23200.0,CE,86.6,86.6,86.85,2015354,242465,219820,12.24
2026-09-24 14:32:32,23070.4,2026-09-29,23200.0,PE,201.7,201.15,201.7,2956181,104611,9089,13.5
2026-09-24 14:32:32,23070.4,2026-09-29,23250.0,CE,68.9,68.75,68.9,1559408,177638,162393,12.18
2026-09-24 14:32:32,23070.4,2026-09-29,23250.0,PE,234.6,234.45,235.05,1605220,65653,7764,13.67
2026-09-24 14:32:32,23070.4,2026-09-29,23300.0,CE,54.35,54.2,54.35,1779866,213788,149782,12.21
2026-09-24 14:32:32,23070.4,2026-09-29,23300.0,PE,269.85,269.7,270.3,1489359,98044,-43656,13.67
2026-09-24 14:32:32,23070.4,2026-09-29,23350.0,CE,42.35,42.35,42.45,720412,86179,61704,12.24
2026-09-24 14:32:32,23070.4,2026-09-29,23350.0,PE,307.45,307.0,307.85,482985,20733,-40490,13.92
2026-09-24 14:32:32,23070.4,2026-09-29,23400.0,CE,33.0,33.0,33.1,1242685,179712,62897,12.35
2026-09-24 14:32:32,23070.4,2026-09-29,23400.0,PE,346.9,347.1,348.0,641523,71030,-107351,13.9
2026-09-24 14:32:32,23070.4,2026-09-29,23450.0,CE,25.95,25.85,25.95,628119,76448,17037,12.49
2026-09-24 14:32:32,23070.4,2026-09-29,23450.0,PE,395.0,391.65,392.55,176480,20270,-37162,14.71
2026-09-24 14:32:32,23070.4,2026-09-29,23500.0,CE,20.2,20.15,20.25,1035846,207455,49269,12.67
2026-09-24 14:32:32,23070.4,2026-09-29,23500.0,PE,435.35,434.05,435.35,275151,89281,-31032,14.8
2026-09-24 14:32:32,23070.4,2026-09-29,23550.0,CE,15.7,15.65,15.75,480805,60246,-1829,12.83
2026-09-24 14:32:32,23070.4,2026-09-29,23550.0,PE,480.0,479.25,480.85,36718,5463,-5488,15.43
2026-09-24 14:33:32,23075.9,2026-09-29,22600.0,CE,517.25,516.35,517.8,1200,593,478,13.15
2026-09-24 14:33:32,23075.9,2026-09-29,22600.0,PE,23.7,23.65,23.75,533478,50876,-1709,15.94
2026-09-24 14:33:32,23075.9,2026-09-29,22650.0,CE,461.4,470.6,472.65,968,977,276,13.33
2026-09-24 14:33:32,23075.9,2026-09-29,22650.0,PE,28.3,28.3,28.45,341202,34688,2255,15.66
2026-09-24 14:33:32,23075.9,2026-09-29,22700.0,CE,427.0,426.55,427.8,5294,1424,974,13.16
2026-09-24 14:33:32,23075.9,2026-09-29,22700.0,PE,33.25,33.3,33.45,579457,65989,6033,15.25
2026-09-24 14:33:32,23075.9,2026-09-29,22750.0,CE,382.2,382.8,383.9,2494,989,476,13.19
2026-09-24 14:33:32,23075.9,2026-09-29,22750.0,PE,40.05,40.0,40.05,397934,27605,5079,14.96
2026-09-24 14:33:32,23075.9,2026-09-29,22800.0,CE,341.5,340.9,341.65,17726,6854,2708,12.83
2026-09-24 14:33:32,23075.9,2026-09-29,22800.0,PE,48.0,47.95,48.1,842740,105750,7299,14.68
2026-09-24 14:33:32,23075.9,2026-09-29,22850.0,CE,300.0,300.55,301.3,7100,1425,1081,12.71
2026-09-24 14:33:32,23075.9,2026-09-29,22850.0,PE,57.35,57.25,57.4,458937,42177,5121,14.37
2026-09-24 14:33:32,23075.9,2026-09-29,22900.0,CE,263.0,262.35,263.0,37589,8485,6197,12.73
2026-09-24 14:33:32,23075.9,2026-09-29,22900.0,PE,68.7,68.8,68.95,809272,80145,6209,14.15
2026-09-24 14:33:32,23075.9,2026-09-29,22950.0,CE,226.95,226.5,227.0,35426,4627,4010,12.52
2026-09-24 14:33:32,23075.9,2026-09-29,22950.0,PE,82.6,82.65,82.8,582135,34018,3907,14.0
2026-09-24 14:33:32,23075.9,2026-09-29,23000.0,CE,192.9,192.95,193.4,333545,64058,43508,12.52
2026-09-24 14:33:32,23075.9,2026-09-29,23000.0,PE,99.85,99.6,99.85,1907005,187820,-7191,13.83
2026-09-24 14:33:32,23075.9,2026-09-29,23050.0,CE,162.45,162.5,162.85,180581,29503,28266,12.41
2026-09-24 14:33:32,23075.9,2026-09-29,23050.0,PE,118.45,118.1,118.2,892536,47148,20275,13.66
2026-09-24 14:33:32,23075.9,2026-09-29,23100.0,CE,134.25,134.25,134.5,688658,111065,102260,12.33
2026-09-24 14:33:32,23075.9,2026-09-29,23100.0,PE,141.4,141.1,141.4,1674129,96415,35893,13.59
2026-09-24 14:33:32,23075.9,2026-09-29,23150.0,CE,110.1,109.9,109.95,605316,72723,69068,12.27
2026-09-24 14:33:32,23075.9,2026-09-29,23150.0,PE,166.25,166.3,166.7,1331025,44756,12244,13.56
2026-09-24 14:33:32,23075.9,2026-09-29,23200.0,CE,88.9,88.8,88.9,2020281,242294,219649,12.24
2026-09-24 14:33:32,23075.9,2026-09-29,23200.0,PE,194.6,194.3,194.6,2959398,104350,8828,13.5
2026-09-24 14:33:32,23075.9,2026-09-29,23250.0,CE,70.45,70.4,70.6,1561572,176812,161567,12.18
2026-09-24 14:33:32,23075.9,2026-09-29,23250.0,PE,227.05,227.25,227.75,1606284,65367,7478,13.67
2026-09-24 14:33:32,23075.9,2026-09-29,23300.0,CE,55.65,55.5,55.6,1782510,212909,148903,12.21
2026-09-24 14:33:32,23075.9,2026-09-29,23300.0,PE,260.5,260.4,261.0,1490512,97724,-43976,13.67
2026-09-24 14:33:32,23075.9,2026-09-29,23350.0,CE,43.2,43.1,43.2,721844,86005,61530,12.24
2026-09-24 14:33:32,23075.9,2026-09-29,23350.0,PE,299.05,298.8,299.65,483251,20707,-40516,13.92
2026-09-24 14:33:32,23075.9,2026-09-29,23400.0,CE,33.65,33.55,33.65,1244923,179129,62314,12.35
2026-09-24 14:33:32,23075.9,2026-09-29,23400.0,PE,337.7,337.25,338.0,642079,71068,-107313,13.9
2026-09-24 14:33:32,23075.9,2026-09-29,23450.0,CE,26.2,26.1,26.2,628731,76249,16838,12.49
2026-09-24 14:33:32,23075.9,2026-09-29,23450.0,PE,382.85,381.75,382.8,176560,20288,-37144,14.71
2026-09-24 14:33:32,23075.9,2026-09-29,23500.0,CE,20.25,20.25,20.35,1038688,207646,49460,12.67
2026-09-24 14:33:32,23075.9,2026-09-29,23500.0,PE,425.3,424.5,425.65,275541,89242,-31071,14.8
2026-09-24 14:33:32,23075.9,2026-09-29,23550.0,CE,15.7,15.6,15.7,481571,60058,-2017,12.83
2026-09-24 14:33:32,23075.9,2026-09-29,23550.0,PE,473.15,470.2,471.9,36751,5467,-5484,15.43
2026-09-24 14:33:32,23075.9,2026-09-29,23600.0,CE,12.25,12.3,12.35,757420,109810,2913,13.08
2026-09-24 14:33:32,23075.9,2026-09-29,23600.0,PE,519.0,516.35,518.4,49887,23045,-5034,15.72
2026-09-24 14:34:32,23069.75,2026-09-29,22550.0,CE,567.0,566.2,570.45,193,110,97,8.61
2026-09-24 14:34:32,23069.75,2026-09-29,22550.0,PE,19.25,19.2,19.3,288842,18568,3340,16.25
2026-09-24 14:34:32,23069.75,2026-09-29,22600.0,CE,520.0,520.65,522.15,1205,588,473,12.61
2026-09-24 14:34:32,23069.75,2026-09-29,22600.0,PE,22.65,22.65,22.7,534332,50765,-1820,15.9
2026-09-24 14:34:32,23069.75,2026-09-29,22650.0,CE,461.4,474.6,476.1,968,978,277,13.53
2026-09-24 14:34:32,23069.75,2026-09-29,22650.0,PE,27.15,27.2,27.3,342037,34392,1959,15.57
2026-09-24 14:34:32,23069.75,2026-09-29,22700.0,CE,429.0,430.65,431.7,5298,1441,991,12.85
2026-09-24 14:34:32,23069.75,2026-09-29,22700.0,PE,31.95,32.0,32.1,580532,66422,6466,15.23
2026-09-24 14:34:32,23069.75,2026-09-29,22750.0,CE,382.2,386.45,387.55,2494,989,476,12.01
2026-09-24 14:34:32,23069.75,2026-09-29,22750.0,PE,38.65,38.55,38.65,398646,27078,4552,14.9
2026-09-24 14:34:32,23069.75,2026-09-29,22800.0,CE,344.55,344.4,345.0,17902,6688,2542,12.91
2026-09-24 14:34:32,23069.75,2026-09-29,22800.0,PE,46.4,46.35,46.45,844365,106229,7778,14.64
2026-09-24 14:34:32,23069.75,2026-09-29,22850.0,CE,304.65,303.75,304.45,7140,1398,1054,12.29
2026-09-24 14:34:32,23069.75,2026-09-29,22850.0,PE,55.4,55.4,55.55,459499,41997,4941,14.35
2026-09-24 14:34:32,23069.75,2026-09-29,22900.0,CE,265.3,265.2,265.85,37743,8337,6049,12.61
2026-09-24 14:34:32,23069.75,2026-09-29,22900.0,PE,66.65,66.7,66.9,810285,79729,5793,14.13
2026-09-24 14:34:32,23069.75,2026-09-29,22950.0,CE,229.05,229.55,229.85,35554,4571,3954,12.52
2026-09-24 14:34:32,23069.75,2026-09-29,22950.0,PE,80.4,80.25,80.35,583374,33463,3352,13.98
2026-09-24 14:34:32,23069.75,2026-09-29,23000.0,CE,195.5,195.55,196.0,334842,63372,42822,12.44
2026-09-24 14:34:32,23069.75,2026-09-29,23000.0,PE,97.0,97.0,97.15,1909952,188034,-6977,13.82
2026-09-24 14:34:32,23069.75,2026-09-29,23050.0,CE,164.95,164.6,165.0,182052,29562,28325,12.38
2026-09-24 14:34:32,23069.75,2026-09-29,23050.0,PE,115.55,115.3,115.55,894362,46984,20111,13.69
2026-09-24 14:34:32,23069.75,2026-09-29,23100.0,CE,136.75,136.4,136.75,691734,111238,102433,12.28
2026-09-24 14:34:32,23069.75,2026-09-29,23100.0,PE,138.05,137.7,137.95,1677003,96868,36346,13.6
2026-09-24 14:34:32,23069.75,2026-09-29,23150.0,CE,111.6,111.5,111.75,606262,72385,68730,12.22
2026-09-24 14:34:32,23069.75,2026-09-29,23150.0,PE,162.95,163.0,163.25,1331852,44662,12150,13.58
2026-09-24 14:34:32,23069.75,2026-09-29,23200.0,CE,90.15,90.15,90.4,2022714,241385,218740,12.21
2026-09-24 14:34:32,23069.75,2026-09-29,23200.0,PE,190.65,190.65,191.1,2960444,103863,8341,13.58
2026-09-24 14:34:32,23069.75,2026-09-29,23250.0,CE,71.7,71.55,71.75,1562716,176429,161184,12.17
2026-09-24 14:34:32,23069.75,2026-09-29,23250.0,PE,223.15,223.3,223.65,1606469,65155,7266,13.69
2026-09-24 14:34:32,23069.75,2026-09-29,23300.0,CE,56.6,56.4,56.6,1783965,212451,148445,12.21
2026-09-24 14:34:32,23069.75,2026-09-29,23300.0,PE,257.2,256.2,256.75,1490976,97452,-44248,13.66
2026-09-24 14:34:32,23069.75,2026-09-29,23350.0,CE,43.85,43.85,44.0,722774,85739,61264,12.23
2026-09-24 14:34:32,23069.75,2026-09-29,23350.0,PE,294.45,294.3,295.1,483319,20721,-40502,14.04
2026-09-24 14:34:32,23069.75,2026-09-29,23400.0,CE,34.25,34.1,34.25,1246364,178320,61505,12.31
2026-09-24 14:34:32,23069.75,2026-09-29,23400.0,PE,333.85,333.0,333.7,642285,71103,-107278,14.07
2026-09-24 14:34:32,23069.75,2026-09-29,23450.0,CE,26.55,26.55,26.65,629030,76119,16708,12.47
2026-09-24 14:34:32,23069.75,2026-09-29,23450.0,PE,377.15,377.3,378.0,176819,20283,-37149,14.49
2026-09-24 14:34:32,23069.75,2026-09-29,23500.0,CE,20.7,20.65,20.75,1039397,208248,50062,12.63
2026-09-24 14:34:32,23069.75,2026-09-29,23500.0,PE,418.9,419.4,420.0,275765,89189,-31124,14.81
2026-09-24 14:34:32,23069.75,2026-09-29,23550.0,CE,15.95,15.95,16.0,481946,60291,-1784,12.79
2026-09-24 14:34:32,23069.75,2026-09-29,23550.0,PE,465.65,465.3,466.6,37087,5559,-5392,16.34
2026-09-24 14:35:33,23078.35,2026-09-29,22600.0,CE,513.85,517.15,518.7,1238,588,473,12.61
2026-09-24 14:35:33,23078.35,2026-09-29,22600.0,PE,23.35,23.35,23.45,536009,50835,-1750,15.9
2026-09-24 14:35:33,23078.35,2026-09-29,22650.0,CE,472.9,471.55,473.3,969,979,278,13.53
2026-09-24 14:35:33,23078.35,2026-09-29,22650.0,PE,27.85,27.85,27.95,342787,34575,2142,15.57
2026-09-24 14:35:33,23078.35,2026-09-29,22700.0,CE,424.8,428.05,429.0,5334,1457,1007,12.85
2026-09-24 14:35:33,23078.35,2026-09-29,22700.0,PE,33.2,33.05,33.2,583788,67008,7052,15.23
2026-09-24 14:35:33,23078.35,2026-09-29,22750.0,CE,380.95,383.85,385.0,2516,989,476,12.01
2026-09-24 14:35:33,23078.35,2026-09-29,22750.0,PE,39.7,39.6,39.7,400316,27208,4682,14.9
2026-09-24 14:35:33,23078.35,2026-09-29,22800.0,CE,342.7,342.0,342.8,18120,6560,2414,12.91
2026-09-24 14:35:33,23078.35,2026-09-29,22800.0,PE,47.65,47.5,47.65,848111,106577,8126,14.64
2026-09-24 14:35:33,23078.35,2026-09-29,22850.0,CE,302.35,301.25,302.0,7182,1390,1046,12.29
2026-09-24 14:35:33,23078.35,2026-09-29,22850.0,PE,56.95,57.0,57.2,461551,42254,5198,14.35
2026-09-24 14:35:33,23078.35,2026-09-29,22900.0,CE,263.0,263.45,264.05,38252,8269,5981,12.61
2026-09-24 14:35:33,23078.35,2026-09-29,22900.0,PE,68.05,68.2,68.4,815117,79296,5360,14.13
2026-09-24 14:35:33,23078.35,2026-09-29,22950.0,CE,227.0,227.2,227.7,35943,4665,4048,12.52
2026-09-24 14:35:33,23078.35,2026-09-29,22950.0,PE,82.3,82.3,82.5,586579,33591,3480,13.98
2026-09-24 14:35:33,23078.35,2026-09-29,23000.0,CE,194.2,194.25,194.7,338342,63288,42738,12.44
2026-09-24 14:35:33,23078.35,2026-09-29,23000.0,PE,98.75,98.55,98.75,1919951,189014,-5997,13.82
2026-09-24 14:35:33,23078.35,2026-09-29,23050.0,CE,162.8,163.0,163.15,185952,29702,28465,12.38
2026-09-24 14:35:33,23078.35,2026-09-29,23050.0,PE,118.05,118.05,118.35,901678,48089,21216,13.69
2026-09-24 14:35:33,23078.35,2026-09-29,23100.0,CE,135.1,134.9,135.2,699016,111992,103187,12.28
2026-09-24 14:35:33,23078.35,2026-09-29,23100.0,PE,140.6,140.25,140.6,1683738,98341,37819,13.6
2026-09-24 14:35:33,23078.35,2026-09-29,23150.0,CE,110.4,110.4,110.7,609527,72324,68669,12.22
2026-09-24 14:35:33,23078.35,2026-09-29,23150.0,PE,165.1,165.3,165.65,1334009,44469,11957,13.58
2026-09-24 14:35:33,23078.35,2026-09-29,23200.0,CE,89.45,89.2,89.4,2028030,241813,219168,12.21
2026-09-24 14:35:33,23078.35,2026-09-29,23200.0,PE,193.6,193.6,193.95,2964447,103453,7931,13.58
2026-09-24 14:35:33,23078.35,2026-09-29,23250.0,CE,71.0,70.95,71.0,1566292,176299,161054,12.17
2026-09-24 14:35:33,23078.35,2026-09-29,23250.0,PE,225.65,225.8,226.3,1607239,65212,7323,13.69
2026-09-24 14:35:33,23078.35,2026-09-29,23300.0,CE,55.8,55.8,55.9,1788888,212505,148499,12.21
2026-09-24 14:35:33,23078.35,2026-09-29,23300.0,PE,260.45,259.85,260.55,1492736,97062,-44638,13.66
2026-09-24 14:35:33,23078.35,2026-09-29,23350.0,CE,43.5,43.55,43.6,724764,85689,61214,12.23
2026-09-24 14:35:33,23078.35,2026-09-29,23350.0,PE,297.3,297.0,297.55,483551,20701,-40522,14.04
2026-09-24 14:35:33,23078.35,2026-09-29,23400.0,CE,33.95,33.9,34.0,1250378,178459,61644,12.31
2026-09-24 14:35:33,23078.35,2026-09-29,23400.0,PE,336.75,337.1,338.0,642878,71095,-107286,14.07
2026-09-24 14:35:33,23078.35,2026-09-29,23450.0,CE,26.55,26.45,26.55,630095,76097,16686,12.47
2026-09-24 14:35:33,23078.35,2026-09-29,23450.0,PE,381.0,380.7,381.75,176927,20256,-37176,14.49
2026-09-24 14:35:33,23078.35,2026-09-29,23500.0,CE,20.6,20.55,20.65,1041880,208662,50476,12.63
2026-09-24 14:35:33,23078.35,2026-09-29,23500.0,PE,423.0,423.0,424.0,276132,89262,-31051,14.81
2026-09-24 14:35:33,23078.35,2026-09-29,23550.0,CE,15.95,15.9,16.0,483200,60569,-1506,12.79
2026-09-24 14:35:33,23078.35,2026-09-29,23550.0,PE,470.5,467.9,469.3,37449,5703,-5248,16.34
2026-09-24 14:35:33,23078.35,2026-09-29,23600.0,CE,12.6,12.55,12.6,761168,111855,4958,13.0
2026-09-24 14:35:33,23078.35,2026-09-29,23600.0,PE,519.9,514.95,516.6,49926,23033,-5046,16.68
2026-09-24 14:36:33,23081.95,2026-09-29,22600.0,CE,521.25,522.35,524.15,1239,583,468,13.15
2026-09-24 14:36:33,23081.95,2026-09-29,22600.0,PE,22.55,22.55,22.65,537129,50911,-1674,15.94
2026-09-24 14:36:33,23081.95,2026-09-29,22650.0,CE,475.0,476.25,477.85,975,978,277,13.33
2026-09-24 14:36:33,23081.95,2026-09-29,22650.0,PE,27.05,27.0,27.1,343579,34594,2161,15.66
2026-09-24 14:36:33,23081.95,2026-09-29,22700.0,CE,428.6,432.35,433.4,5344,1447,997,13.16
2026-09-24 14:36:33,23081.95,2026-09-29,22700.0,PE,31.95,31.85,31.95,586267,67200,7244,15.25
2026-09-24 14:36:33,23081.95,2026-09-29,22750.0,CE,389.0,387.7,388.9,2519,989,476,13.19
2026-09-24 14:36:33,23081.95,2026-09-29,22750.0,PE,38.4,38.35,38.5,401773,27208,4682,14.96
2026-09-24 14:36:33,23081.95,2026-09-29,22800.0,CE,346.05,346.3,347.0,18244,6560,2414,12.83
2026-09-24 14:36:33,23081.95,2026-09-29,22800.0,PE,46.05,45.95,46.05,851093,106577,8126,14.68
2026-09-24 14:36:33,23081.95,2026-09-29,22850.0,CE,306.2,305.6,306.25,7214,1380,1036,12.71
2026-09-24 14:36:33,23081.95,2026-09-29,22850.0,PE,54.85,54.85,55.0,463070,42254,5198,14.37
2026-09-24 14:36:33,23081.95,2026-09-29,22900.0,CE,266.4,266.95,267.6,38576,8367,6079,12.73
2026-09-24 14:36:33,23081.95,2026-09-29,22900.0,PE,66.15,66.2,66.35,818672,79296,5360,14.15
2026-09-24 14:36:33,23081.95,2026-09-29,22950.0,CE,230.3,230.5,230.8,36285,4661,4044,12.52
2026-09-24 14:36:33,23081.95,2026-09-29,22950.0,PE,79.75,79.65,79.9,588514,33717,3606,14.0
2026-09-24 14:36:33,23081.95,2026-09-29,23000.0,CE,196.75,196.7,197.0,341013,63547,42997,12.52
2026-09-24 14:36:33,23081.95,2026-09-29,23000.0,PE,96.0,96.0,96.15,1928281,189605,-5406,13.83
2026-09-24 14:36:33,23081.95,2026-09-29,23050.0,CE,165.55,165.55,165.8,188965,30111,28874,12.41
2026-09-24 14:36:33,23081.95,2026-09-29,23050.0,PE,114.35,114.25,114.55,905553,48739,21866,13.66
2026-09-24 14:36:33,23081.95,2026-09-29,23100.0,CE,137.0,136.9,137.05,705247,111992,103187,12.33
2026-09-24 14:36:33,23081.95,2026-09-29,23100.0,PE,136.8,136.8,136.95,1689236,98341,37819,13.59
2026-09-24 14:36:33,23081.95,2026-09-29,23150.0,CE,112.4,112.1,112.35,612219,72324,68669,12.27
2026-09-24 14:36:33,23081.95,2026-09-29,23150.0,PE,161.85,161.25,161.65,1335960,44469,11957,13.56
2026-09-24 14:36:33,23081.95,2026-09-29,23200.0,CE,90.7,90.7,90.95,2032982,241813,219168,12.24
2026-09-24 14:36:33,23081.95,2026-09-29,23200.0,PE,188.5,188.5,189.0,2967470,103453,7931,13.5
2026-09-24 14:36:33,23081.95,2026-09-29,23250.0,CE,72.0,71.85,72.0,1571849,176299,161054,12.18
2026-09-24 14:36:33,23081.95,2026-09-29,23250.0,PE,221.95,221.15,221.7,1610578,65195,7306,13.67
2026-09-24 14:36:33,23081.95,2026-09-29,23300.0,CE,56.7,56.6,56.7,1791943,212386,148380,12.21
2026-09-24 14:36:33,23081.95,2026-09-29,23300.0,PE,255.6,254.6,255.25,1493752,96889,-44811,13.67
2026-09-24 14:36:33,23081.95,2026-09-29,23350.0,CE,44.15,44.0,44.15,726344,85749,61274,12.24
2026-09-24 14:36:33,23081.95,2026-09-29,23350.0,PE,292.85,292.25,293.05,483697,20694,-40529,13.92
2026-09-24 14:36:33,23081.95,2026-09-29,23400.0,CE,34.25,34.25,34.3,1257216,177741,60926,12.35
2026-09-24 14:36:33,23081.95,2026-09-29,23400.0,PE,331.45,331.1,331.8,643431,70962,-107419,13.9
2026-09-24 14:36:33,23081.95,2026-09-29,23450.0,CE,26.55,26.55,26.65,631988,76097,16686,12.49
2026-09-24 14:36:33,23081.95,2026-09-29,23450.0,PE,375.5,375.7,376.7,177036,20256,-37176,14.71
2026-09-24 14:36:33,23081.95,2026-09-29,23500.0,CE,20.65,20.6,20.7,1045061,208662,50476,12.67
2026-09-24 14:36:33,23081.95,2026-09-29,23500.0,PE,417.6,417.15,418.25,276496,89262,-31051,14.8
2026-09-24 14:36:33,23081.95,2026-09-29,23550.0,CE,15.9,15.85,15.9,484003,60569,-1506,12.83
2026-09-24 14:36:33,23081.95,2026-09-29,23550.0,PE,464.35,462.9,464.2,37485,5704,-5247,15.43
2026-09-24 14:36:33,23081.95,2026-09-29,23600.0,CE,12.45,12.45,12.5,765285,111855,4958,13.08
2026-09-24 14:36:33,23081.95,2026-09-29,23600.0,PE,511.7,509.1,510.85,49951,23032,-5047,15.72
2026-09-24 14:37:33,23084.1,2026-09-29,22600.0,CE,521.25,523.75,525.35,1239,583,468,12.61
2026-09-24 14:37:33,23084.1,2026-09-29,22600.0,PE,22.25,22.25,22.3,537466,50809,-1776,15.9
2026-09-24 14:37:33,23084.1,2026-09-29,22650.0,CE,478.0,477.2,478.75,980,976,275,13.53
2026-09-24 14:37:33,23084.1,2026-09-29,22650.0,PE,26.5,26.5,26.55,343757,34645,2212,15.57
2026-09-24 14:37:33,23084.1,2026-09-29,22700.0,CE,432.7,433.65,434.7,5356,1441,991,12.85
2026-09-24 14:37:33,23084.1,2026-09-29,22700.0,PE,31.3,31.3,31.4,586854,67700,7744,15.23
2026-09-24 14:37:33,23084.1,2026-09-29,22750.0,CE,389.0,388.95,390.0,2525,983,470,12.01
2026-09-24 14:37:33,23084.1,2026-09-29,22750.0,PE,37.75,37.75,37.8,402985,26718,4192,14.9
2026-09-24 14:37:33,23084.1,2026-09-29,22800.0,CE,347.5,347.3,347.75,18292,6532,2386,12.91
2026-09-24 14:37:33,23084.1,2026-09-29,22800.0,PE,45.15,45.1,45.25,852173,107140,8689,14.64
2026-09-24 14:37:33,23084.1,2026-09-29,22850.0,CE,306.0,306.7,307.6,7230,1365,1021,12.29
2026-09-24 14:37:33,23084.1,2026-09-29,22850.0,PE,54.25,54.0,54.15,463432,42173,5117,14.35
2026-09-24 14:37:33,23084.1,2026-09-29,22900.0,CE,268.3,267.8,268.3,38685,8298,6010,12.61
2026-09-24 14:37:33,23084.1,2026-09-29,22900.0,PE,65.2,65.2,65.35,819763,78889,4953,14.13
2026-09-24 14:37:33,23084.1,2026-09-29,22950.0,CE,230.85,230.95,231.45,36349,4662,4045,12.52
2026-09-24 14:37:33,23084.1,2026-09-29,22950.0,PE,79.25,79.1,79.15,589231,33776,3665,13.98
2026-09-24 14:37:33,23084.1,2026-09-29,23000.0,CE,197.5,197.45,197.85,341916,63302,42752,12.44
2026-09-24 14:37:33,23084.1,2026-09-29,23000.0,PE,95.0,94.9,95.1,1931999,190497,-4514,13.82
2026-09-24 14:37:33,23084.1,2026-09-29,23050.0,CE,166.05,166.05,166.5,190067,30108,28871,12.38
2026-09-24 14:37:33,23084.1,2026-09-29,23050.0,PE,113.45,113.15,113.45,906756,48647,21774,13.69
2026-09-24 14:37:33,23084.1,2026-09-29,23100.0,CE,137.85,137.85,137.95,706953,112201,103396,12.28
2026-09-24 14:37:33,23084.1,2026-09-29,23100.0,PE,134.75,134.75,135.05,1691129,98715,38193,13.6
2026-09-24 14:37:33,23084.1,2026-09-29,23150.0,CE,112.8,112.6,112.9,612965,72143,68488,12.22
2026-09-24 14:37:33,23084.1,2026-09-29,23150.0,PE,160.0,159.75,160.15,1336672,44184,11672,13.58
2026-09-24 14:37:33,23084.1,2026-09-29,23200.0,CE,91.3,91.1,91.3,2034723,241532,218887,12.21
2026-09-24 14:37:33,23084.1,2026-09-29,23200.0,PE,187.0,187.0,187.35,2968112,102942,7420,13.58
2026-09-24 14:37:33,23084.1,2026-09-29,23250.0,CE,72.15,72.1,72.2,1573555,177030,161785,12.17
2026-09-24 14:37:33,23084.1,2026-09-29,23250.0,PE,220.05,219.5,220.0,1610951,63004,5115,13.69
2026-09-24 14:37:33,23084.1,2026-09-29,23300.0,CE,56.8,56.65,56.8,1793070,212256,148250,12.21
2026-09-24 14:37:33,23084.1,2026-09-29,23300.0,PE,254.55,254.0,254.1,1494138,96644,-45056,13.66
2026-09-24 14:37:33,23084.1,2026-09-29,23350.0,CE,44.2,44.1,44.2,726770,85902,61427,12.23
2026-09-24 14:37:33,23084.1,2026-09-29,23350.0,PE,292.45,290.45,291.15,483790,20672,-40551,14.04
2026-09-24 14:37:33,23084.1,2026-09-29,23400.0,CE,34.25,34.25,34.35,1259523,175409,58594,12.31
2026-09-24 14:37:33,23084.1,2026-09-29,23400.0,PE,330.15,329.25,330.15,643718,70734,-107647,14.07
2026-09-24 14:37:33,23084.1,2026-09-29,23450.0,CE,26.55,26.5,26.6,632287,76407,16996,12.47
2026-09-24 14:37:33,23084.1,2026-09-29,23450.0,PE,376.0,373.95,375.0,177105,20229,-37203,14.49
2026-09-24 14:37:33,23084.1,2026-09-29,23500.0,CE,20.65,20.6,20.65,1048628,206963,48777,12.63
2026-09-24 14:37:33,23084.1,2026-09-29,23500.0,PE,416.15,415.45,416.4,276550,87604,-32709,14.81
2026-09-24 14:37:33,23084.1,2026-09-29,23550.0,CE,15.9,15.8,15.9,484395,60575,-1500,12.79
2026-09-24 14:37:33,23084.1,2026-09-29,23550.0,PE,465.1,461.8,463.1,37486,5684,-5267,16.34
2026-09-24 14:37:33,23084.1,2026-09-29,23600.0,CE,12.45,12.4,12.45,766092,113020,6123,13.0
2026-09-24 14:37:33,23084.1,2026-09-29,23600.0,PE,509.3,508.0,508.85,49964,23038,-5041,16.68
2026-09-24 14:38:34,23093.3,2026-09-29,22600.0,CE,533.0,532.25,533.7,1279,574,459,13.15
2026-09-24 14:38:34,23093.3,2026-09-29,22600.0,PE,20.05,20.05,20.15,540435,50645,-1940,15.94
2026-09-24 14:38:34,23093.3,2026-09-29,22650.0,CE,480.0,486.15,487.95,984,976,275,13.33
2026-09-24 14:38:34,23093.3,2026-09-29,22650.0,PE,24.3,24.15,24.3,345987,34466,2033,15.66
2026-09-24 14:38:34,23093.3,2026-09-29,22700.0,CE,440.0,441.3,442.7,5428,1409,959,13.16
2026-09-24 14:38:34,23093.3,2026-09-29,22700.0,PE,28.75,28.65,28.8,590690,67613,7657,15.25
2026-09-24 14:38:34,23093.3,2026-09-29,22750.0,CE,399.3,397.05,398.15,2543,983,470,13.19
2026-09-24 14:38:34,23093.3,2026-09-29,22750.0,PE,34.85,34.65,34.8,405956,26515,3989,14.96
2026-09-24 14:38:34,23093.3,2026-09-29,22800.0,CE,354.65,355.2,355.7,18963,6469,2323,12.83
2026-09-24 14:38:34,23093.3,2026-09-29,22800.0,PE,42.2,42.05,42.2,860804,106770,8319,14.68
2026-09-24 14:38:34,23093.3,2026-09-29,22850.0,CE,313.4,313.65,314.45,7346,1355,1011,12.71
2026-09-24 14:38:34,23093.3,2026-09-29,22850.0,PE,50.55,50.45,50.6,466083,42071,5015,14.37
2026-09-24 14:38:34,23093.3,2026-09-29,22900.0,CE,274.85,274.55,275.25,39576,8129,5841,12.73
2026-09-24 14:38:34,23093.3,2026-09-29,22900.0,PE,61.4,61.35,61.55,826641,78205,4269,14.15
2026-09-24 14:38:34,23093.3,2026-09-29,22950.0,CE,237.85,237.45,237.85,37021,4643,4026,12.52
2026-09-24 14:38:34,23093.3,2026-09-29,22950.0,PE,74.45,74.25,74.45,593074,33779,3668,14.0
2026-09-24 14:38:34,23093.3,2026-09-29,23000.0,CE,203.1,203.1,203.55,347838,62699,42149,12.52
2026-09-24 14:38:34,23093.3,2026-09-29,23000.0,PE,89.85,89.85,90.0,1946112,189949,-5062,13.83
2026-09-24 14:38:34,23093.3,2026-09-29,23050.0,CE,171.6,171.25,171.6,197437,29694,28457,12.41
2026-09-24 14:38:34,23093.3,2026-09-29,23050.0,PE,107.95,107.5,107.75,914058,48551,21678,13.66
2026-09-24 14:38:34,23093.3,2026-09-29,23100.0,CE,142.35,142.05,142.35,722923,113126,104321,12.33
2026-09-24 14:38:34,23093.3,2026-09-29,23100.0,PE,129.2,129.15,129.45,1704949,99207,38685,13.59
2026-09-24 14:38:34,23093.3,2026-09-29,23150.0,CE,116.3,116.3,116.6,619869,71680,68025,12.27
2026-09-24 14:38:34,23093.3,2026-09-29,23150.0,PE,153.0,153.2,153.6,1340825,43569,11057,13.56
2026-09-24 14:38:34,23093.3,2026-09-29,23200.0,CE,94.2,94.2,94.45,2047724,241545,218900,12.24
2026-09-24 14:38:34,23093.3,2026-09-29,23200.0,PE,180.05,179.8,180.25,2973410,102756,7234,13.5
2026-09-24 14:38:34,23093.3,2026-09-29,23250.0,CE,74.65,74.65,74.8,1581807,177214,161969,12.18
2026-09-24 14:38:34,23093.3,2026-09-29,23250.0,PE,212.05,211.7,212.05,1613184,62933,5044,13.67
2026-09-24 14:38:34,23093.3,2026-09-29,23300.0,CE,58.85,58.85,59.0,1803550,211810,147804,12.21
2026-09-24 14:38:34,23093.3,2026-09-29,23300.0,PE,245.25,244.6,245.2,1496470,96532,-45168,13.67
2026-09-24 14:38:34,23093.3,2026-09-29,23350.0,CE,45.75,45.75,45.9,730819,86136,61661,12.24
2026-09-24 14:38:34,23093.3,2026-09-29,23350.0,PE,282.75,281.35,282.15,484395,20554,-40669,13.92
2026-09-24 14:38:34,23093.3,2026-09-29,23400.0,CE,35.65,35.55,35.65,1265601,174705,57890,12.35
2026-09-24 14:38:34,23093.3,2026-09-29,23400.0,PE,319.85,320.0,320.9,645719,70756,-107625,13.9
2026-09-24 14:38:34,23093.3,2026-09-29,23450.0,CE,27.6,27.55,27.65,634666,76570,17159,12.49
2026-09-24 14:38:34,23093.3,2026-09-29,23450.0,PE,364.45,363.7,364.7,177257,20246,-37186,14.71
2026-09-24 14:38:34,23093.3,2026-09-29,23500.0,CE,21.3,21.3,21.4,1055696,204445,46259,12.67
2026-09-24 14:38:34,23093.3,2026-09-29,23500.0,PE,406.1,405.25,406.55,277174,87626,-32687,14.8
2026-09-24 14:38:34,23093.3,2026-09-29,23550.0,CE,16.45,16.4,16.45,486757,60652,-1423,12.83
2026-09-24 14:38:34,23093.3,2026-09-29,23550.0,PE,450.0,451.3,452.65,37496,5683,-5268,15.43
2026-09-24 14:38:34,23093.3,2026-09-29,23600.0,CE,12.8,12.8,12.85,768593,113677,6780,13.08
2026-09-24 14:38:34,23093.3,2026-09-29,23600.0,PE,498.45,497.35,499.05,50020,23020,-5059,15.72
2026-09-24 14:39:34,23102.0,2026-09-29,22600.0,CE,540.0,540.3,542.0,1304,566,451,12.61
2026-09-24 14:39:34,23102.0,2026-09-29,22600.0,PE,18.25,18.25,18.3,542349,50806,-1779,15.9
2026-09-24 14:39:34,23102.0,2026-09-29,22650.0,CE,488.1,494.65,496.2,988,971,270,13.53
2026-09-24 14:39:34,23102.0,2026-09-29,22650.0,PE,22.0,22.0,22.1,347192,34630,2197,15.57
2026-09-24 14:39:34,23102.0,2026-09-29,22700.0,CE,448.9,449.2,450.0,5514,1383,933,12.85
2026-09-24 14:39:34,23102.0,2026-09-29,22700.0,PE,26.4,26.2,26.3,593349,67613,7657,15.23
2026-09-24 14:39:34,23102.0,2026-09-29,22750.0,CE,405.0,404.7,406.05,2562,982,469,12.01
2026-09-24 14:39:34,23102.0,2026-09-29,22750.0,PE,31.7,31.75,31.9,407257,26196,3670,14.9
2026-09-24 14:39:34,23102.0,2026-09-29,22800.0,CE,361.5,361.0,361.9,19345,6373,2227,12.91
2026-09-24 14:39:34,23102.0,2026-09-29,22800.0,PE,38.7,38.75,38.9,866274,106926,8475,14.64
2026-09-24 14:39:34,23102.0,2026-09-29,22850.0,CE,320.05,320.05,320.9,7416,1348,1004,12.29
2026-09-24 14:39:34,23102.0,2026-09-29,22850.0,PE,46.75,46.6,46.75,468217,41958,4902,14.35
2026-09-24 14:39:34,23102.0,2026-09-29,22900.0,CE,280.3,280.2,280.8,40521,8082,5794,12.61
2026-09-24 14:39:34,23102.0,2026-09-29,22900.0,PE,56.75,56.75,56.9,831199,77805,3869,14.13
2026-09-24 14:39:34,23102.0,2026-09-29,22950.0,CE,242.9,242.95,243.4,37443,4469,3852,12.52
2026-09-24 14:39:34,23102.0,2026-09-29,22950.0,PE,69.0,69.0,69.2,595663,33561,3450,13.98
2026-09-24 14:39:34,23102.0,2026-09-29,23000.0,CE,208.0,207.65,208.0,351169,61613,41063,12.44
2026-09-24 14:39:34,23102.0,2026-09-29,23000.0,PE,84.6,84.55,84.75,1957309,189356,-5655,13.82
2026-09-24 14:39:34,23102.0,2026-09-29,23050.0,CE,175.7,175.2,175.4,200608,28767,27530,12.38
2026-09-24 14:39:34,23102.0,2026-09-29,23050.0,PE,101.75,101.4,101.6,919692,48116,21243,13.69
2026-09-24 14:39:34,23102.0,2026-09-29,23100.0,CE,145.7,145.5,145.9,731414,111861,103056,12.28
2026-09-24 14:39:34,23102.0,2026-09-29,23100.0,PE,121.9,121.95,122.2,1713400,99164,38642,13.6
2026-09-24 14:39:34,23102.0,2026-09-29,23150.0,CE,119.6,119.35,119.6,624540,70577,66922,12.22
2026-09-24 14:39:34,23102.0,2026-09-29,23150.0,PE,145.8,145.6,145.95,1343497,42793,10281,13.58
2026-09-24 14:39:34,23102.0,2026-09-29,23200.0,CE,96.55,96.55,96.8,2055195,239862,217217,12.21
2026-09-24 14:39:34,23102.0,2026-09-29,23200.0,PE,171.7,171.65,172.05,2977108,102015,6493,13.58
2026-09-24 14:39:34,23102.0,2026-09-29,23250.0,CE,76.55,76.55,76.7,1586161,176490,161245,12.17
2026-09-24 14:39:34,23102.0,2026-09-29,23250.0,PE,202.95,202.9,203.3,1614895,62208,4319,13.69
2026-09-24 14:39:34,23102.0,2026-09-29,23300.0,CE,60.25,60.25,60.4,1808826,212064,148058,12.21
2026-09-24 14:39:34,23102.0,2026-09-29,23300.0,PE,236.0,235.3,235.95,1497996,96065,-45635,13.66
2026-09-24 14:39:34,23102.0,2026-09-29,23350.0,CE,46.9,46.75,46.9,733777,85972,61497,12.23
2026-09-24 14:39:34,23102.0,2026-09-29,23350.0,PE,273.7,272.0,272.7,484639,20401,-40822,14.04
2026-09-24 14:39:34,23102.0,2026-09-29,23400.0,CE,36.35,36.25,36.35,1269386,173853,57038,12.31
2026-09-24 14:39:34,23102.0,2026-09-29,23400.0,PE,310.35,310.35,311.05,646925,70977,-107404,14.07
2026-09-24 14:39:34,23102.0,2026-09-29,23450.0,CE,28.1,28.0,28.1,635798,76356,16945,12.47
2026-09-24 14:39:34,23102.0,2026-09-29,23450.0,PE,354.05,353.65,354.55,177342,20242,-37190,14.49
2026-09-24 14:39:34,23102.0,2026-09-29,23500.0,CE,21.65,21.55,21.65,1058925,204168,45982,12.63
2026-09-24 14:39:34,23102.0,2026-09-29,23500.0,PE,396.35,396.3,397.35,277963,87789,-32524,14.81
2026-09-24 14:39:34,23102.0,2026-09-29,23550.0,CE,16.6,16.55,16.65,488260,60646,-1429,12.79
2026-09-24 14:39:34,23102.0,2026-09-29,23550.0,PE,440.85,440.9,442.3,37521,5681,-5270,16.34
2026-09-24 14:39:34,23102.0,2026-09-29,23600.0,CE,12.9,12.9,12.95,770419,114109,7212,13.0
2026-09-24 14:39:34,23102.0,2026-09-29,23600.0,PE,488.95,486.6,488.4,50041,23001,-5078,16.68
2026-09-24 14:40:34,23097.55,2026-09-29,22600.0,CE,539.6,541.45,543.2,1333,559,444,12.61
2026-09-24 14:40:34,23097.55,2026-09-29,22600.0,PE,17.7,17.55,17.65,544963,50764,-1821,15.9
2026-09-24 14:40:34,23097.55,2026-09-29,22650.0,CE,490.3,494.7,496.25,998,974,273,13.53
2026-09-24 14:40:34,23097.55,2026-09-29,22650.0,PE,21.3,21.25,21.3,348932,34778,2345,15.57
2026-09-24 14:40:34,23097.55,2026-09-29,22700.0,CE,449.3,449.5,450.7,5629,1305,855,12.85
2026-09-24 14:40:34,23097.55,2026-09-29,22700.0,PE,25.2,25.15,25.25,595538,67454,7498,15.23
2026-09-24 14:40:34,23097.55,2026-09-29,22750.0,CE,406.1,404.6,405.85,2613,965,452,12.01
2026-09-24 14:40:34,23097.55,2026-09-29,22750.0,PE,30.55,30.5,30.6,409222,26023,3497,14.9
2026-09-24 14:40:34,23097.55,2026-09-29,22800.0,CE,362.35,361.55,362.4,19760,6169,2023,12.91
2026-09-24 14:40:34,23097.55,2026-09-29,22800.0,PE,37.1,37.1,37.25,871038,106318,7867,14.64
2026-09-24 14:40:34,23097.55,2026-09-29,22850.0,CE,320.65,319.65,320.45,7536,1308,964,12.29
2026-09-24 14:40:34,23097.55,2026-09-29,22850.0,PE,45.1,45.0,45.15,470081,41952,4896,14.35
2026-09-24 14:40:34,23097.55,2026-09-29,22900.0,CE,279.35,279.55,280.25,41234,7678,5390,12.61
2026-09-24 14:40:34,23097.55,2026-09-29,22900.0,PE,55.35,55.15,55.3,835493,77868,3932,14.13
2026-09-24 14:40:34,23097.55,2026-09-29,22950.0,CE,242.8,242.2,242.8,37823,4406,3789,12.52
2026-09-24 14:40:34,23097.55,2026-09-29,22950.0,PE,67.45,67.45,67.55,598541,33269,3158,13.98
2026-09-24 14:40:34,23097.55,2026-09-29,23000.0,CE,207.25,207.05,207.3,354196,60737,40187,12.44
2026-09-24 14:40:34,23097.55,2026-09-29,23000.0,PE,82.35,82.35,82.55,1970534,189949,-5062,13.82
2026-09-24 14:40:34,23097.55,2026-09-29,23050.0,CE,174.7,174.4,174.85,204048,28220,26983,12.38
2026-09-24 14:40:34,23097.55,2026-09-29,23050.0,PE,99.35,99.25,99.55,925031,48367,21494,13.69
2026-09-24 14:40:34,23097.55,2026-09-29,23100.0,CE,144.95,144.65,145.0,741524,110364,101559,12.28
2026-09-24 14:40:34,23097.55,2026-09-29,23100.0,PE,120.4,120.05,120.3,1724334,100979,40457,13.6
2026-09-24 14:40:34,23097.55,2026-09-29,23150.0,CE,118.35,118.35,118.65,629611,70570,66915,12.22
2026-09-24 14:40:34,23097.55,2026-09-29,23150.0,PE,143.5,143.3,143.55,1346015,42712,10200,13.58
2026-09-24 14:40:34,23097.55,2026-09-29,23200.0,CE,95.75,95.5,95.8,2065233,238598,215953,12.21
2026-09-24 14:40:34,23097.55,2026-09-29,23200.0,PE,170.0,169.65,169.95,2981055,102170,6648,13.58
2026-09-24 14:40:34,23097.55,2026-09-29,23250.0,CE,75.75,75.7,75.75,1590835,177494,162249,12.17
2026-09-24 14:40:34,23097.55,2026-09-29,23250.0,PE,201.0,200.85,201.35,1615914,61618,3729,13.69
2026-09-24 14:40:34,23097.55,2026-09-29,23300.0,CE,59.5,59.45,59.5,1814920,211461,147455,12.21
2026-09-24 14:40:34,23097.55,2026-09-29,23300.0,PE,233.65,233.7,234.25,1499433,95929,-45771,13.66
2026-09-24 14:40:34,23097.55,2026-09-29,23350.0,CE,46.1,46.0,46.15,736236,85795,61320,12.23
2026-09-24 14:40:34,23097.55,2026-09-29,23350.0,PE,270.95,270.55,271.25,484960,20400,-40823,14.04
2026-09-24 14:40:34,23097.55,2026-09-29,23400.0,CE,35.55,35.55,35.7,1272124,173385,56570,12.31
2026-09-24 14:40:34,23097.55,2026-09-29,23400.0,PE,308.7,308.4,309.25,647963,71497,-106884,14.07
2026-09-24 14:40:34,23097.55,2026-09-29,23450.0,CE,27.55,27.5,27.55,637194,76409,16998,12.47
2026-09-24 14:40:34,23097.55,2026-09-29,23450.0,PE,351.75,352.0,352.85,177510,20223,-37209,14.49
2026-09-24 14:40:34,23097.55,2026-09-29,23500.0,CE,21.3,21.25,21.3,1063462,205180,46994,12.63
2026-09-24 14:40:34,23097.55,2026-09-29,23500.0,PE,394.0,394.0,394.95,278903,88014,-32299,14.81
2026-09-24 14:40:34,23097.55,2026-09-29,23550.0,CE,16.25,16.2,16.3,489633,60923,-1152,12.79
2026-09-24 14:40:34,23097.55,2026-09-29,23550.0,PE,440.05,439.55,440.95,37548,5676,-5275,16.34
2026-09-24 14:40:34,23097.55,2026-09-29,23600.0,CE,12.6,12.6,12.65,771788,114473,7576,13.0
2026-09-24 14:40:34,23097.55,2026-09-29,23600.0,PE,486.8,485.25,486.95,50403,23000,-5079,16.68
2026-09-24 14:41:35,23100.45,2026-09-29,22600.0,CE,547.95,543.75,545.9,1347,560,445,12.94
2026-09-24 14:41:35,23100.45,2026-09-29,22600.0,PE,16.85,16.75,16.85,548434,50515,-2070,14.95
2026-09-24 14:41:35,23100.45,2026-09-29,22650.0,CE,495.05,497.8,499.4,1004,971,270,12.3
2026-09-24 14:41:35,23100.45,2026-09-29,22650.0,PE,20.25,20.25,20.3,352270,34652,2219,14.6
2026-09-24 14:41:35,23100.45,2026-09-29,22700.0,CE,452.35,452.4,453.4,5696,1313,863,12.79
2026-09-24 14:41:35,23100.45,2026-09-29,22700.0,PE,24.15,24.0,24.1,599672,68021,8065,14.22
2026-09-24 14:41:35,23100.45,2026-09-29,22750.0,CE,408.65,407.3,408.65,2653,966,453,12.55
2026-09-24 14:41:35,23100.45,2026-09-29,22750.0,PE,29.25,29.1,29.2,412675,25917,3391,13.9
2026-09-24 14:41:35,23100.45,2026-09-29,22800.0,CE,363.9,363.55,364.4,20085,6163,2017,12.34
2026-09-24 14:41:35,23100.45,2026-09-29,22800.0,PE,35.55,35.55,35.65,878327,105343,6892,13.59
2026-09-24 14:41:35,23100.45,2026-09-29,22850.0,CE,321.5,321.8,322.7,7685,1293,949,12.29
2026-09-24 14:41:35,23100.45,2026-09-29,22850.0,PE,43.3,43.1,43.15,473239,41862,4806,13.3
2026-09-24 14:41:35,23100.45,2026-09-29,22900.0,CE,281.65,281.85,282.3,41835,7587,5299,12.31
2026-09-24 14:41:35,23100.45,2026-09-29,22900.0,PE,52.8,52.7,52.85,841707,77630,3694,13.05
2026-09-24 14:41:35,23100.45,2026-09-29,22950.0,CE,243.95,243.95,244.0,38476,4414,3797,12.13
2026-09-24 14:41:35,23100.45,2026-09-29,22950.0,PE,64.6,64.45,64.6,603903,34271,4160,12.82
2026-09-24 14:41:35,23100.45,2026-09-29,23000.0,CE,207.95,208.0,208.45,359195,60472,39922,11.99
2026-09-24 14:41:35,23100.45,2026-09-29,23000.0,PE,79.5,79.45,79.65,1985546,192395,-2616,12.68
2026-09-24 14:41:35,23100.45,2026-09-29,23050.0,CE,175.4,175.45,175.85,209086,27326,26089,11.85
2026-09-24 14:41:35,23100.45,2026-09-29,23050.0,PE,96.35,96.1,96.35,933680,49267,22394,12.52
2026-09-24 14:41:35,23100.45,2026-09-29,23100.0,CE,145.45,145.45,145.85,753676,110685,101880,11.68
2026-09-24 14:41:35,23100.45,2026-09-29,23100.0,PE,116.75,116.45,116.75,1737579,105885,45363,12.43
2026-09-24 14:41:35,23100.45,2026-09-29,23150.0,CE,118.9,118.95,119.2,636731,71002,67347,11.64
2026-09-24 14:41:35,23100.45,2026-09-29,23150.0,PE,139.8,139.7,140.05,1351455,43062,10550,12.24
2026-09-24 14:41:35,23100.45,2026-09-29,23200.0,CE,95.95,95.95,96.15,2076985,239951,217306,11.53
2026-09-24 14:41:35,23100.45,2026-09-29,23200.0,PE,166.25,165.95,166.25,2987418,102097,6575,12.23
2026-09-24 14:41:35,23100.45,2026-09-29,23250.0,CE,76.0,75.95,76.1,1597597,177925,162680,11.5
2026-09-24 14:41:35,23100.45,2026-09-29,23250.0,PE,197.0,196.8,197.3,1617747,61568,3679,12.18
2026-09-24 14:41:35,23100.45,2026-09-29,23300.0,CE,59.65,59.55,59.65,1823405,211155,147149,11.5
2026-09-24 14:41:35,23100.45,2026-09-29,23300.0,PE,230.0,229.45,230.05,1502164,95372,-46328,12.19
2026-09-24 14:41:35,23100.45,2026-09-29,23350.0,CE,46.35,46.25,46.35,738794,85803,61328,11.52
2026-09-24 14:41:35,23100.45,2026-09-29,23350.0,PE,266.7,266.7,267.35,485238,20356,-40867,12.47
2026-09-24 14:41:35,23100.45,2026-09-29,23400.0,CE,35.85,35.8,35.9,1277667,173226,56411,11.58
2026-09-24 14:41:35,23100.45,2026-09-29,23400.0,PE,305.2,305.0,305.55,649232,71755,-106626,12.36
2026-09-24 14:41:35,23100.45,2026-09-29,23450.0,CE,27.8,27.7,27.75,638845,76380,16969,11.71
2026-09-24 14:41:35,23100.45,2026-09-29,23450.0,PE,349.0,347.95,348.85,177758,20202,-37230,12.87
2026-09-24 14:41:35,23100.45,2026-09-29,23500.0,CE,21.45,21.45,21.55,1068054,206254,48068,11.89
2026-09-24 14:41:35,23100.45,2026-09-29,23500.0,PE,389.95,390.5,391.5,279891,87808,-32505,12.85
2026-09-24 14:41:35,23100.45,2026-09-29,23550.0,CE,16.55,16.5,16.55,491797,60987,-1088,12.02
2026-09-24 14:41:35,23100.45,2026-09-29,23550.0,PE,436.75,435.75,436.85,37566,5681,-5270,13.17
2026-09-24 14:41:35,23100.45,2026-09-29,23600.0,CE,12.95,12.9,13.0,774964,114466,7569,12.27
2026-09-24 14:41:35,23100.45,2026-09-29,23600.0,PE,481.45,481.35,483.15,50492,22985,-5094,13.45
2026-09-24 14:42:35,23097.15,2026-09-29,22600.0,CE,535.05,535.7,537.0,1358,560,445,10.97
2026-09-24 14:42:35,23097.15,2026-09-29,22600.0,PE,18.7,18.65,18.75,550700,50378,-2207,15.22
2026-09-24 14:42:35,23097.15,2026-09-29,22650.0,CE,487.6,490.4,492.15,1011,971,270,11.6
2026-09-24 14:42:35,23097.15,2026-09-29,22650.0,PE,22.5,22.35,22.5,353476,34070,1637,14.9
2026-09-24 14:42:35,23097.15,2026-09-29,22700.0,CE,445.0,444.1,445.3,5711,1313,863,11.81
2026-09-24 14:42:35,23097.15,2026-09-29,22700.0,PE,26.65,26.55,26.65,601023,68408,8452,14.51
2026-09-24 14:42:35,23097.15,2026-09-29,22750.0,CE,405.9,399.6,400.85,2677,962,449,11.83
2026-09-24 14:42:35,23097.15,2026-09-29,22750.0,PE,32.2,32.05,32.2,414258,25804,3278,14.2
2026-09-24 14:42:35,23097.15,2026-09-29,22800.0,CE,357.05,357.05,357.5,20221,6031,1885,11.64
2026-09-24 14:42:35,23097.15,2026-09-29,22800.0,PE,39.0,38.8,38.9,881568,105610,7159,14.64
2026-09-24 14:42:35,23097.15,2026-09-29,22850.0,CE,316.15,316.5,317.25,7730,1304,960,11.85
2026-09-24 14:42:35,23097.15,2026-09-29,22850.0,PE,46.5,46.35,46.5,475211,42062,5006,13.66
2026-09-24 14:42:35,23097.15,2026-09-29,22900.0,CE,275.9,275.4,275.9,42113,7586,5298,11.8
2026-09-24 14:42:35,23097.15,2026-09-29,22900.0,PE,57.3,57.15,57.3,847901,77412,3476,13.42
2026-09-24 14:42:35,23097.15,2026-09-29,22950.0,CE,238.0,238.1,238.6,38672,4285,3668,11.7
2026-09-24 14:42:35,23097.15,2026-09-29,22950.0,PE,69.85,69.65,69.85,606377,35060,4949,13.98
2026-09-24 14:42:35,23097.15,2026-09-29,23000.0,CE,203.1,203.2,203.65,361075,59704,39154,11.66
2026-09-24 14:42:35,23097.15,2026-09-29,23000.0,PE,85.05,85.05,85.3,1995868,192856,-2155,13.13
2026-09-24 14:42:35,23097.15,2026-09-29,23050.0,CE,171.05,171.05,171.45,211390,27750,26513,11.58
2026-09-24 14:42:35,23097.15,2026-09-29,23050.0,PE,102.55,102.55,102.8,937312,48820,21947,13.69
2026-09-24 14:42:35,23097.15,2026-09-29,23100.0,CE,142.65,142.65,142.9,759402,112270,103465,12.28
2026-09-24 14:42:35,23097.15,2026-09-29,23100.0,PE,122.55,122.35,122.55,1747107,108035,47513,12.89
2026-09-24 14:42:35,23097.15,2026-09-29,23150.0,CE,115.9,115.95,116.25,639900,71267,67612,11.45
2026-09-24 14:42:35,23097.15,2026-09-29,23150.0,PE,147.85,147.55,147.85,1354206,42467,9955,12.81
2026-09-24 14:42:35,23097.15,2026-09-29,23200.0,CE,94.0,93.9,94.0,2083559,239274,216629,11.4
2026-09-24 14:42:35,23097.15,2026-09-29,23200.0,PE,173.65,173.25,173.7,2990953,101540,6018,12.75
2026-09-24 14:42:35,23097.15,2026-09-29,23250.0,CE,74.3,74.1,74.3,1600959,178256,163011,12.17
2026-09-24 14:42:35,23097.15,2026-09-29,23250.0,PE,205.8,205.8,206.35,1618518,61332,3443,12.83
2026-09-24 14:42:35,23097.15,2026-09-29,23300.0,CE,58.4,58.2,58.4,1827303,211214,147208,11.37
2026-09-24 14:42:35,23097.15,2026-09-29,23300.0,PE,239.45,238.95,239.45,1503324,95033,-46667,12.83
2026-09-24 14:42:35,23097.15,2026-09-29,23350.0,CE,45.35,45.35,45.5,740256,85848,61373,11.42
2026-09-24 14:42:35,23097.15,2026-09-29,23350.0,PE,276.55,275.8,276.65,485433,20294,-40929,13.04
2026-09-24 14:42:35,23097.15,2026-09-29,23400.0,CE,35.2,35.2,35.35,1281046,173378,56563,11.52
2026-09-24 14:42:35,23097.15,2026-09-29,23400.0,PE,315.7,315.15,315.7,649918,71710,-106671,13.23
2026-09-24 14:42:35,23097.15,2026-09-29,23450.0,CE,27.45,27.35,27.45,640177,76434,17023,11.65
2026-09-24 14:42:35,23097.15,2026-09-29,23450.0,PE,358.25,356.4,357.35,177842,20140,-37292,13.68
2026-09-24 14:42:35,23097.15,2026-09-29,23500.0,CE,21.4,21.35,21.4,1070282,206683,48497,11.82
2026-09-24 14:42:35,23097.15,2026-09-29,23500.0,PE,400.05,400.55,401.15,280264,87522,-32791,13.85
2026-09-24 14:42:35,23097.15,2026-09-29,23550.0,CE,16.5,16.45,16.5,492664,60504,-1571,11.97
2026-09-24 14:42:35,23097.15,2026-09-29,23550.0,PE,441.0,444.55,445.85,37576,5681,-5270,14.76
2026-09-24 14:42:35,23097.15,2026-09-29,23600.0,CE,13.0,12.9,13.0,776810,114725,7828,12.21
2026-09-24 14:42:35,23097.15,2026-09-29,23600.0,PE,494.05,492.0,493.75,50538,22983,-5096,14.3
2026-09-24 14:43:35,23096.8,2026-09-29,22600.0,CE,533.0,532.05,534.0,1372,564,449,12.94
2026-09-24 14:43:35,23096.8,2026-09-29,22600.0,PE,18.9,18.85,18.95,553178,50448,-2137,14.95
2026-09-24 14:43:35,23096.8,2026-09-29,22650.0,CE,485.85,485.05,486.9,1017,984,283,12.3
2026-09-24 14:43:35,23096.8,2026-09-29,22650.0,PE,22.65,22.75,22.85,356385,34302,1869,14.6
2026-09-24 14:43:35,23096.8,2026-09-29,22700.0,CE,438.2,440.4,441.65,5753,1305,855,12.79
2026-09-24 14:43:35,23096.8,2026-09-29,22700.0,PE,26.9,26.9,27.0,605084,68112,8156,14.22
2026-09-24 14:43:35,23096.8,2026-09-29,22750.0,CE,396.5,394.85,396.15,2811,959,446,12.55
2026-09-24 14:43:35,23096.8,2026-09-29,22750.0,PE,32.5,32.45,32.55,416575,25912,3386,13.9
2026-09-24 14:43:35,23096.8,2026-09-29,22800.0,CE,353.95,353.3,354.25,20347,6013,1867,12.34
2026-09-24 14:43:35,23096.8,2026-09-29,22800.0,PE,39.4,39.25,39.35,889096,105891,7440,13.59
2026-09-24 14:43:35,23096.8,2026-09-29,22850.0,CE,312.75,311.75,312.55,7833,1305,961,12.29
2026-09-24 14:43:35,23096.8,2026-09-29,22850.0,PE,47.65,47.6,47.75,478272,42415,5359,13.3
2026-09-24 14:43:35,23096.8,2026-09-29,22900.0,CE,272.85,272.45,273.1,42876,7325,5037,12.31
2026-09-24 14:43:35,23096.8,2026-09-29,22900.0,PE,58.15,57.9,58.1,855819,79725,5789,13.05
2026-09-24 14:43:35,23096.8,2026-09-29,22950.0,CE,235.35,235.1,235.7,39160,4172,3555,12.13
2026-09-24 14:43:35,23096.8,2026-09-29,22950.0,PE,70.65,70.5,70.7,611156,36693,6582,12.82
2026-09-24 14:43:35,23096.8,2026-09-29,23000.0,CE,201.0,200.55,201.0,366272,57890,37340,11.99
2026-09-24 14:43:35,23096.8,2026-09-29,23000.0,PE,86.4,86.2,86.4,2013698,197406,2394,12.68
2026-09-24 14:43:35,23096.8,2026-09-29,23050.0,CE,168.8,168.35,168.8,215991,26165,24928,11.85
2026-09-24 14:43:35,23096.8,2026-09-29,23050.0,PE,104.3,104.0,104.3,947084,50319,23446,12.52
2026-09-24 14:43:35,23096.8,2026-09-29,23100.0,CE,139.6,139.55,139.6,772590,110246,101441,11.68
2026-09-24 14:43:35,23096.8,2026-09-29,23100.0,PE,125.4,125.15,125.45,1768005,108704,48182,12.43
2026-09-24 14:43:35,23096.8,2026-09-29,23150.0,CE,114.3,114.05,114.3,647900,69112,65457,11.64
2026-09-24 14:43:35,23096.8,2026-09-29,23150.0,PE,149.65,149.2,149.45,1360744,42396,9884,12.24
2026-09-24 14:43:35,23096.8,2026-09-29,23200.0,CE,91.7,91.5,91.7,2096930,234707,212062,11.53
2026-09-24 14:43:35,23096.8,2026-09-29,23200.0,PE,176.85,176.5,176.9,2998077,101322,5800,12.23
2026-09-24 14:43:35,23096.8,2026-09-29,23250.0,CE,72.55,72.45,72.65,1608204,177147,161902,11.5
2026-09-24 14:43:35,23096.8,2026-09-29,23250.0,PE,208.3,207.85,208.35,1621279,61496,3607,12.18
2026-09-24 14:43:35,23096.8,2026-09-29,23300.0,CE,57.0,56.85,57.0,1845173,207005,142999,11.5
2026-09-24 14:43:35,23096.8,2026-09-29,23300.0,PE,241.85,241.35,241.9,1505761,95233,-46467,12.19
2026-09-24 14:43:35,23096.8,2026-09-29,23350.0,CE,44.0,43.9,44.0,750016,89244,64769,11.52
2026-09-24 14:43:35,23096.8,2026-09-29,23350.0,PE,279.4,278.55,279.25,485889,20239,-40984,12.47
2026-09-24 14:43:35,23096.8,2026-09-29,23400.0,CE,34.2,34.05,34.2,1288357,171713,54898,11.58
2026-09-24 14:43:35,23096.8,2026-09-29,23400.0,PE,317.7,317.95,318.8,651847,71369,-107012,12.36
2026-09-24 14:43:35,23096.8,2026-09-29,23450.0,CE,26.4,26.4,26.45,642612,76301,16890,11.71
2026-09-24 14:43:35,23096.8,2026-09-29,23450.0,PE,361.1,361.3,362.1,178138,20097,-37335,12.87
2026-09-24 14:43:35,23096.8,2026-09-29,23500.0,CE,20.55,20.5,20.55,1078638,206747,48561,11.89
2026-09-24 14:43:35,23096.8,2026-09-29,23500.0,PE,404.35,404.3,404.8,281062,87411,-32902,12.85
2026-09-24 14:43:35,23096.8,2026-09-29,23550.0,CE,15.75,15.75,15.85,494919,60051,-2024,12.02
2026-09-24 14:43:35,23096.8,2026-09-29,23550.0,PE,451.0,449.7,450.9,37598,5685,-5266,13.17
2026-09-24 14:43:35,23096.8,2026-09-29,23600.0,CE,12.35,12.35,12.4,781019,115625,8728,12.27
2026-09-24 14:43:35,23096.8,2026-09-29,23600.0,PE,496.7,495.6,497.4,50636,22978,-5101,13.45
2026-09-24 14:44:36,23094.5,2026-09-29,22600.0,CE,533.0,536.7,539.3,1372,565,450,10.97
2026-09-24 14:44:36,23094.5,2026-09-29,22600.0,PE,18.3,18.3,18.4,553756,50448,-2137,15.22
2026-09-24 14:44:36,23094.5,2026-09-29,22650.0,CE,485.85,490.15,493.45,1017,984,283,11.6
2026-09-24 14:44:36,23094.5,2026-09-29,22650.0,PE,22.0,21.95,22.1,356715,34302,1869,14.9
2026-09-24 14:44:36,23094.5,2026-09-29,22700.0,CE,446.75,445.6,446.8,5759,1305,855,11.81
2026-09-24 14:44:36,23094.5,2026-09-29,22700.0,PE,26.0,26.0,26.05,606013,68112,8156,14.51
2026-09-24 14:44:36,23094.5,2026-09-29,22750.0,CE,402.4,400.7,401.8,2815,959,446,11.83
2026-09-24 14:44:36,23094.5,2026-09-29,22750.0,PE,31.4,31.4,31.5,417012,25912,3386,14.2
2026-09-24 14:44:36,23094.5,2026-09-29,22800.0,CE,358.8,357.45,358.35,20392,6013,1867,11.64
2026-09-24 14:44:36,23094.5,2026-09-29,22800.0,PE,38.05,38.0,38.15,890844,105891,7440,13.93
2026-09-24 14:44:36,23094.5,2026-09-29,22850.0,CE,316.7,315.85,316.65,7840,1305,961,11.85
2026-09-24 14:44:36,23094.5,2026-09-29,22850.0,PE,46.0,45.95,46.1,478969,42415,5359,13.66
2026-09-24 14:44:36,23094.5,2026-09-29,22900.0,CE,276.5,275.8,276.45,43057,7325,5037,11.8
2026-09-24 14:44:36,23094.5,2026-09-29,22900.0,PE,56.1,56.15,56.3,857109,79725,5789,13.42
2026-09-24 14:44:36,23094.5,2026-09-29,22950.0,CE,238.95,238.4,239.05,39229,4172,3555,11.7
2026-09-24 14:44:36,23094.5,2026-09-29,22950.0,PE,68.2,68.25,68.45,612033,36693,6582,13.25
2026-09-24 14:44:36,23094.5,2026-09-29,23000.0,CE,203.9,203.35,203.85,366798,57890,37340,11.66
2026-09-24 14:44:36,23094.5,2026-09-29,23000.0,PE,83.9,83.6,83.85,2017304,197406,2394,13.13
2026-09-24 14:44:36,23094.5,2026-09-29,23050.0,CE,171.55,171.1,171.55,216716,26165,24928,11.58
2026-09-24 14:44:36,23094.5,2026-09-29,23050.0,PE,100.9,100.8,101.05,948942,50319,23446,12.96
2026-09-24 14:44:36,23094.5,2026-09-29,23100.0,CE,141.9,141.6,141.9,774887,110246,101441,11.47
2026-09-24 14:44:36,23094.5,2026-09-29,23100.0,PE,121.7,121.65,121.95,1771685,108704,48182,12.89
2026-09-24 14:44:36,23094.5,2026-09-29,23150.0,CE,115.6,115.65,115.85,648960,69112,65457,11.45
2026-09-24 14:44:36,23094.5,2026-09-29,23150.0,PE,145.45,145.45,145.6,1362040,42396,9884,12.81
2026-09-24 14:44:36,23094.5,2026-09-29,23200.0,CE,92.95,92.85,93.1,2098520,234707,212062,11.4
2026-09-24 14:44:36,23094.5,2026-09-29,23200.0,PE,172.05,172.05,172.45,2999563,101322,5800,12.75
2026-09-24 14:44:36,23094.5,2026-09-29,23250.0,CE,73.5,73.35,73.5,1609086,177147,161902,11.33
2026-09-24 14:44:36,23094.5,2026-09-29,23250.0,PE,203.5,203.7,204.2,1621668,61496,3607,12.83
2026-09-24 14:44:36,23094.5,2026-09-29,23300.0,CE,57.6,57.5,57.7,1846709,207005,142999,11.37
2026-09-24 14:44:36,23094.5,2026-09-29,23300.0,PE,237.1,236.55,237.05,1506073,95233,-46467,12.83
2026-09-24 14:44:36,23094.5,2026-09-29,23350.0,CE,44.55,44.4,44.55,750903,89244,64769,11.42
2026-09-24 14:44:36,23094.5,2026-09-29,23350.0,PE,273.55,273.3,274.1,485961,20239,-40984,13.04
2026-09-24 14:44:36,23094.5,2026-09-29,23400.0,CE,34.45,34.4,34.45,1289282,171713,54898,11.52
2026-09-24 14:44:36,23094.5,2026-09-29,23400.0,PE,312.25,312.25,313.05,652184,71369,-107012,13.23
2026-09-24 14:44:36,23094.5,2026-09-29,23450.0,CE,26.75,26.65,26.75,642923,76301,16890,11.65
2026-09-24 14:44:36,23094.5,2026-09-29,23450.0,PE,355.95,355.75,356.8,178180,20097,-37335,13.68
2026-09-24 14:44:36,23094.5,2026-09-29,23500.0,CE,20.7,20.6,20.7,1079343,206747,48561,11.82
2026-09-24 14:44:36,23094.5,2026-09-29,23500.0,PE,398.25,398.45,399.5,281235,87411,-32902,13.85
2026-09-24 14:44:36,23094.5,2026-09-29,23550.0,CE,15.8,15.8,15.85,495299,60051,-2024,11.97
2026-09-24 14:44:36,23094.5,2026-09-29,23550.0,PE,444.2,443.8,445.1,37604,5685,-5266,14.76
2026-09-24 14:44:36,23094.5,2026-09-29,23600.0,CE,12.4,12.35,12.4,781353,115625,8728,12.21
2026-09-24 14:44:36,23094.5,2026-09-29,23600.0,PE,490.0,489.95,491.35,50661,22978,-5101,14.3
2026-09-24 14:45:36,23090.85,2026-09-29,22600.0,CE,535.75,530.0,532.2,1373,565,450,10.97
2026-09-24 14:45:36,23090.85,2026-09-29,22600.0,PE,19.15,19.15,19.25,554513,50393,-2192,15.22
2026-09-24 14:45:36,23090.85,2026-09-29,22650.0,CE,485.85,483.5,486.15,1017,984,283,11.6
2026-09-24 14:45:36,23090.85,2026-09-29,22650.0,PE,23.1,23.05,23.1,357241,34363,1930,14.9
2026-09-24 14:45:36,23090.85,2026-09-29,22700.0,CE,442.05,439.7,441.05,5764,1304,854,11.81
2026-09-24 14:45:36,23090.85,2026-09-29,22700.0,PE,27.25,27.1,27.2,607632,68560,8604,14.51
2026-09-24 14:45:36,23090.85,2026-09-29,22750.0,CE,398.55,395.25,396.45,2816,948,435,11.83
2026-09-24 14:45:36,23090.85,2026-09-29,22750.0,PE,32.85,32.7,32.8,417798,26036,3510,14.2
2026-09-24 14:45:36,23090.85,2026-09-29,22800.0,CE,355.25,352.45,353.45,20434,6042,1896,11.64
2026-09-24 14:45:36,23090.85,2026-09-29,22800.0,PE,39.5,39.5,39.6,894225,106360,7909,13.93
2026-09-24 14:45:36,23090.85,2026-09-29,22850.0,CE,311.35,310.25,311.25,7854,1302,958,11.85
2026-09-24 14:45:36,23090.85,2026-09-29,22850.0,PE,48.05,48.05,48.25,479874,42433,5377,13.66
2026-09-24 14:45:36,23090.85,2026-09-29,22900.0,CE,270.95,270.65,271.3,43147,7366,5078,11.8
2026-09-24 14:45:36,23090.85,2026-09-29,22900.0,PE,58.75,58.6,58.75,858882,79239,5303,13.42
2026-09-24 14:45:36,23090.85,2026-09-29,22950.0,CE,234.95,234.0,234.4,39318,4169,3552,11.7
2026-09-24 14:45:36,23090.85,2026-09-29,22950.0,PE,71.1,71.15,71.3,613124,36769,6658,13.25
2026-09-24 14:45:36,23090.85,2026-09-29,23000.0,CE,199.5,199.0,199.5,368008,58091,37541,11.66
2026-09-24 14:45:36,23090.85,2026-09-29,23000.0,PE,87.0,87.0,87.25,2021407,198223,3211,13.13
2026-09-24 14:45:36,23090.85,2026-09-29,23050.0,CE,167.25,167.0,167.35,218008,26493,25256,11.58
2026-09-24 14:45:36,23090.85,2026-09-29,23050.0,PE,105.05,105.05,105.2,951235,50820,23947,12.96
2026-09-24 14:45:36,23090.85,2026-09-29,23100.0,CE,138.2,138.05,138.1,778424,110596,101791,11.47
2026-09-24 14:45:36,23090.85,2026-09-29,23100.0,PE,126.8,126.65,126.8,1775467,109303,48781,12.89
2026-09-24 14:45:36,23090.85,2026-09-29,23150.0,CE,113.25,113.2,113.45,650190,69085,65430,11.45
2026-09-24 14:45:36,23090.85,2026-09-29,23150.0,PE,150.0,149.7,150.05,1362919,41626,9114,12.81
2026-09-24 14:45:36,23090.85,2026-09-29,23200.0,CE,90.7,90.7,90.95,2102028,234834,212189,11.4
2026-09-24 14:45:36,23090.85,2026-09-29,23200.0,PE,177.65,177.7,177.9,3001062,101190,5668,12.75
2026-09-24 14:45:36,23090.85,2026-09-29,23250.0,CE,71.85,71.7,71.85,1610577,177053,161808,11.33
2026-09-24 14:45:36,23090.85,2026-09-29,23250.0,PE,209.4,209.25,209.65,1622126,61633,3744,12.83
2026-09-24 14:45:36,23090.85,2026-09-29,23300.0,CE,56.55,56.45,56.55,1848877,206913,142907,11.37
2026-09-24 14:45:36,23090.85,2026-09-29,23300.0,PE,243.05,242.9,243.5,1506622,95212,-46488,12.83
2026-09-24 14:45:36,23090.85,2026-09-29,23350.0,CE,43.7,43.65,43.7,751900,89474,64999,11.42
2026-09-24 14:45:36,23090.85,2026-09-29,23350.0,PE,280.45,280.55,281.35,486045,20245,-40978,13.04
2026-09-24 14:45:36,23090.85,2026-09-29,23400.0,CE,34.15,34.05,34.15,1292462,170769,53954,11.52
2026-09-24 14:45:36,23090.85,2026-09-29,23400.0,PE,320.65,320.25,321.15,652690,71214,-107167,13.23
2026-09-24 14:45:36,23090.85,2026-09-29,23450.0,CE,26.5,26.4,26.5,644040,76019,16608,11.65
2026-09-24 14:45:36,23090.85,2026-09-29,23450.0,PE,364.0,363.85,364.95,178222,20082,-37350,13.68
2026-09-24 14:45:36,23090.85,2026-09-29,23500.0,CE,20.5,20.5,20.6,1081276,206931,48745,11.82
2026-09-24 14:45:36,23090.85,2026-09-29,23500.0,PE,405.95,405.0,405.95,281523,87374,-32939,13.85
2026-09-24 14:45:36,23090.85,2026-09-29,23550.0,CE,15.85,15.8,15.85,495754,59996,-2079,11.97
2026-09-24 14:45:36,23090.85,2026-09-29,23550.0,PE,448.85,452.15,453.4,37605,5685,-5266,14.76
2026-09-24 14:45:36,23090.85,2026-09-29,23600.0,CE,12.45,12.4,12.45,783048,115785,8888,12.21
2026-09-24 14:45:36,23090.85,2026-09-29,23600.0,PE,498.4,498.45,499.0,50684,22965,-5114,14.3
2026-09-24 14:46:37,23101.15,2026-09-29,22600.0,CE,529.0,529.0,530.75,1393,565,450,10.97
2026-09-24 14:46:37,23101.15,2026-09-29,22600.0,PE,19.2,19.15,19.2,555693,50498,-2087,15.22
2026-09-24 14:46:37,23101.15,2026-09-29,22650.0,CE,485.2,482.35,484.5,1018,984,283,11.6
2026-09-24 14:46:37,23101.15,2026-09-29,22650.0,PE,23.15,23.05,23.15,357866,34436,2003,14.9
2026-09-24 14:46:37,23101.15,2026-09-29,22700.0,CE,437.8,437.55,438.8,5775,1300,850,11.81
2026-09-24 14:46:37,23101.15,2026-09-29,22700.0,PE,27.35,27.3,27.4,609400,68125,8169,14.51
2026-09-24 14:46:37,23101.15,2026-09-29,22750.0,CE,396.3,393.25,394.3,2819,947,434,11.83
2026-09-24 14:46:37,23101.15,2026-09-29,22750.0,PE,32.95,32.9,33.05,419100,26092,3566,14.2
2026-09-24 14:46:37,23101.15,2026-09-29,22800.0,CE,350.4,350.4,351.35,20740,6065,1919,11.64
2026-09-24 14:46:37,23101.15,2026-09-29,22800.0,PE,39.75,39.75,39.85,896817,106772,8321,13.93
2026-09-24 14:46:37,23101.15,2026-09-29,22850.0,CE,309.2,309.2,310.0,7897,1299,955,11.85
2026-09-24 14:46:37,23101.15,2026-09-29,22850.0,PE,48.15,48.05,48.15,482022,42617,5561,13.66
2026-09-24 14:46:37,23101.15,2026-09-29,22900.0,CE,270.05,269.85,270.5,43359,7346,5058,11.8
2026-09-24 14:46:37,23101.15,2026-09-29,22900.0,PE,58.9,58.55,58.7,861728,78963,5027,13.42
2026-09-24 14:46:37,23101.15,2026-09-29,22950.0,CE,232.5,232.65,233.15,39461,4180,3563,11.7
2026-09-24 14:46:37,23101.15,2026-09-29,22950.0,PE,71.7,71.3,71.5,615364,36814,6703,13.25
2026-09-24 14:46:37,23101.15,2026-09-29,23000.0,CE,197.9,198.0,198.3,369649,58151,37601,11.66
2026-09-24 14:46:37,23101.15,2026-09-29,23000.0,PE,87.3,87.35,87.6,2028768,199315,4303,13.13
2026-09-24 14:46:37,23101.15,2026-09-29,23050.0,CE,166.5,166.2,166.6,219796,26703,25466,11.58
2026-09-24 14:46:37,23101.15,2026-09-29,23050.0,PE,105.3,105.05,105.35,955168,51172,24299,12.96
2026-09-24 14:46:37,23101.15,2026-09-29,23100.0,CE,137.25,137.25,137.6,784230,111196,102391,11.47
2026-09-24 14:46:37,23101.15,2026-09-29,23100.0,PE,126.65,126.4,126.7,1781897,109718,49196,12.89
2026-09-24 14:46:37,23101.15,2026-09-29,23150.0,CE,112.25,112.0,112.25,652900,69231,65576,11.45
2026-09-24 14:46:37,23101.15,2026-09-29,23150.0,PE,150.95,150.7,150.95,1365461,41687,9175,12.81
2026-09-24 14:46:37,23101.15,2026-09-29,23200.0,CE,90.05,90.0,90.3,2107288,234561,211916,11.4
2026-09-24 14:46:37,23101.15,2026-09-29,23200.0,PE,178.2,178.0,178.45,3004949,101080,5558,12.75
2026-09-24 14:46:37,23101.15,2026-09-29,23250.0,CE,71.15,71.2,71.3,1613057,177218,161973,11.33
2026-09-24 14:46:37,23101.15,2026-09-29,23250.0,PE,210.2,210.2,210.65,1623218,61668,3779,12.83
2026-09-24 14:46:37,23101.15,2026-09-29,23300.0,CE,55.8,55.85,56.0,1852224,206961,142955,11.37
2026-09-24 14:46:37,23101.15,2026-09-29,23300.0,PE,244.05,243.8,244.15,1508768,95157,-46543,12.83
2026-09-24 14:46:37,23101.15,2026-09-29,23350.0,CE,43.3,43.15,43.3,753597,89580,65105,11.42
2026-09-24 14:46:37,23101.15,2026-09-29,23350.0,PE,281.4,281.4,281.9,486441,20266,-40957,13.04
2026-09-24 14:46:37,23101.15,2026-09-29,23400.0,CE,33.8,33.65,33.75,1294423,171918,55103,11.52
2026-09-24 14:46:37,23101.15,2026-09-29,23400.0,PE,320.4,320.7,321.55,653184,71210,-107171,13.23
2026-09-24 14:46:37,23101.15,2026-09-29,23450.0,CE,26.25,26.15,26.25,646521,75778,16367,11.65
2026-09-24 14:46:37,23101.15,2026-09-29,23450.0,PE,365.0,364.2,365.3,178310,20064,-37368,13.68
2026-09-24 14:46:37,23101.15,2026-09-29,23500.0,CE,20.5,20.4,20.5,1083928,207226,49040,11.82
2026-09-24 14:46:37,23101.15,2026-09-29,23500.0,PE,408.1,406.9,408.05,281849,87405,-32908,13.85
2026-09-24 14:46:37,23101.15,2026-09-29,23550.0,CE,15.8,15.7,15.8,496722,59977,-2098,11.97
2026-09-24 14:46:37,23101.15,2026-09-29,23550.0,PE,453.0,452.8,453.95,37620,5690,-5261,14.76
2026-09-24 14:46:37,23101.15,2026-09-29,23600.0,CE,12.4,12.4,12.45,785255,115529,8632,12.21
2026-09-24 14:46:37,23101.15,2026-09-29,23600.0,PE,502.4,498.85,500.35,50700,22966,-5113,14.3
2026-09-24 14:47:37,23102.35,2026-09-29,22600.0,CE,529.0,529.0,530.75,1393,565,450,10.97
2026-09-24 14:47:37,23102.35,2026-09-29,22600.0,PE,19.2,19.15,19.2,555693,50498,-2087,15.22
2026-09-24 14:47:37,23102.35,2026-09-29,22650.0,CE,485.2,482.35,484.5,1018,984,283,11.6
2026-09-24 14:47:37,23102.35,2026-09-29,22650.0,PE,23.15,23.05,23.15,357866,34436,2003,14.9
2026-09-24 14:47:37,23102.35,2026-09-29,22700.0,CE,437.8,437.55,438.8,5775,1300,850,11.81
2026-09-24 14:47:37,23102.35,2026-09-29,22700.0,PE,27.35,27.3,27.4,609400,68125,8169,14.51
2026-09-24 14:47:37,23102.35,2026-09-29,22750.0,CE,396.3,393.25,394.3,2819,947,434,11.83
2026-09-24 14:47:37,23102.35,2026-09-29,22750.0,PE,32.95,32.9,33.05,419100,26092,3566,14.2
2026-09-24 14:47:37,23102.35,2026-09-29,22800.0,CE,350.4,350.4,351.35,20740,6065,1919,11.64
2026-09-24 14:47:37,23102.35,2026-09-29,22800.0,PE,39.75,39.75,39.85,896817,106772,8321,13.93
2026-09-24 14:47:37,23102.35,2026-09-29,22850.0,CE,309.2,309.2,310.0,7897,1299,955,11.85
2026-09-24 14:47:37,23102.35,2026-09-29,22850.0,PE,48.15,48.05,48.15,482022,42617,5561,13.66
2026-09-24 14:47:37,23102.35,2026-09-29,22900.0,CE,270.05,269.85,270.5,43359,7346,5058,11.8
2026-09-24 14:47:37,23102.35,2026-09-29,22900.0,PE,58.9,58.55,58.7,861728,78963,5027,13.42
2026-09-24 14:47:37,23102.35,2026-09-29,22950.0,CE,232.5,232.65,233.15,39461,4180,3563,11.7
2026-09-24 14:47:37,23102.35,2026-09-29,22950.0,PE,71.7,71.3,71.5,615364,36814,6703,13.25
2026-09-24 14:47:37,23102.35,2026-09-29,23000.0,CE,197.9,198.0,198.3,369649,58151,37601,11.66
2026-09-24 14:47:37,23102.35,2026-09-29,23000.0,PE,87.3,87.35,87.6,2028768,199315,4303,13.13
2026-09-24 14:47:37,23102.35,2026-09-29,23050.0,CE,166.5,166.2,166.6,219796,26703,25466,11.58
2026-09-24 14:47:37,23102.35,2026-09-29,23050.0,PE,105.3,105.05,105.35,955168,51172,24299,12.96
2026-09-24 14:47:37,23102.35,2026-09-29,23100.0,CE,137.25,137.25,137.6,784230,111196,102391,11.47
2026-09-24 14:47:37,23102.35,2026-09-29,23100.0,PE,126.65,126.4,126.7,1781897,109718,49196,12.89
2026-09-24 14:47:37,23102.35,2026-09-29,23150.0,CE,112.25,112.0,112.25,652900,69231,65576,11.45
2026-09-24 14:47:37,23102.35,2026-09-29,23150.0,PE,150.95,150.7,150.95,1365461,41687,9175,12.81
2026-09-24 14:47:37,23102.35,2026-09-29,23200.0,CE,90.05,90.0,90.3,2107288,234561,211916,11.4
2026-09-24 14:47:37,23102.35,2026-09-29,23200.0,PE,178.2,178.0,178.45,3004949,101080,5558,12.75
2026-09-24 14:47:37,23102.35,2026-09-29,23250.0,CE,71.15,71.2,71.3,1613057,177218,161973,11.33
2026-09-24 14:47:37,23102.35,2026-09-29,23250.0,PE,210.2,210.2,210.65,1623218,61668,3779,12.83
2026-09-24 14:47:37,23102.35,2026-09-29,23300.0,CE,55.8,55.85,56.0,1852224,206961,142955,11.37
2026-09-24 14:47:37,23102.35,2026-09-29,23300.0,PE,244.05,243.8,244.15,1508768,95157,-46543,12.83
2026-09-24 14:47:37,23102.35,2026-09-29,23350.0,CE,43.3,43.15,43.3,753597,89580,65105,11.42
2026-09-24 14:47:37,23102.35,2026-09-29,23350.0,PE,281.4,281.4,281.9,486441,20266,-40957,13.04
2026-09-24 14:47:37,23102.35,2026-09-29,23400.0,CE,33.8,33.65,33.75,1294423,171918,55103,11.52
2026-09-24 14:47:37,23102.35,2026-09-29,23400.0,PE,320.4,320.7,321.55,653184,71210,-107171,13.23
2026-09-24 14:47:37,23102.35,2026-09-29,23450.0,CE,26.25,26.15,26.25,646521,75778,16367,11.65
2026-09-24 14:47:37,23102.35,2026-09-29,23450.0,PE,365.0,364.2,365.3,178310,20064,-37368,13.68
2026-09-24 14:47:37,23102.35,2026-09-29,23500.0,CE,20.5,20.4,20.5,1083928,207226,49040,11.82
2026-09-24 14:47:37,23102.35,2026-09-29,23500.0,PE,408.1,406.9,408.05,281849,87405,-32908,13.85
2026-09-24 14:47:37,23102.35,2026-09-29,23550.0,CE,15.8,15.7,15.8,496722,59977,-2098,11.97
2026-09-24 14:47:37,23102.35,2026-09-29,23550.0,PE,453.0,452.8,453.95,37620,5690,-5261,14.76
2026-09-24 14:47:37,23102.35,2026-09-29,23600.0,CE,12.4,12.4,12.45,785255,115529,8632,12.21
2026-09-24 14:47:37,23102.35,2026-09-29,23600.0,PE,502.4,498.85,500.35,50700,22966,-5113,14.3
2026-09-24 14:48:37,23099.5,2026-09-29,22600.0,CE,539.0,540.6,542.65,1396,578,463,12.94
2026-09-24 14:48:37,23099.5,2026-09-29,22600.0,PE,17.75,17.7,17.8,558403,50777,-1808,14.95
2026-09-24 14:48:37,23099.5,2026-09-29,22650.0,CE,494.05,494.6,497.45,1023,984,283,12.3
2026-09-24 14:48:37,23099.5,2026-09-29,22650.0,PE,21.25,21.3,21.35,360797,33824,1391,14.6
2026-09-24 14:48:37,23099.5,2026-09-29,22700.0,CE,447.0,449.4,450.45,5812,1277,827,12.79
2026-09-24 14:48:37,23099.5,2026-09-29,22700.0,PE,25.1,25.1,25.2,612463,68007,8051,14.22
2026-09-24 14:48:37,23099.5,2026-09-29,22750.0,CE,396.3,404.2,405.4,2833,948,435,12.55
2026-09-24 14:48:37,23099.5,2026-09-29,22750.0,PE,30.35,30.4,30.55,421033,25943,3417,13.9
2026-09-24 14:48:37,23099.5,2026-09-29,22800.0,CE,360.4,361.4,362.0,21132,5996,1850,12.34
2026-09-24 14:48:37,23099.5,2026-09-29,22800.0,PE,36.8,36.6,36.75,904989,107821,9370,13.59
2026-09-24 14:48:37,23099.5,2026-09-29,22850.0,CE,319.9,319.8,320.55,7967,1283,939,12.29
2026-09-24 14:48:37,23099.5,2026-09-29,22850.0,PE,44.35,44.35,44.5,484679,42910,5854,13.3
2026-09-24 14:48:37,23099.5,2026-09-29,22900.0,CE,278.65,279.55,280.0,43874,7199,4911,12.31
2026-09-24 14:48:37,23099.5,2026-09-29,22900.0,PE,54.5,54.5,54.65,868194,78092,4156,13.05
2026-09-24 14:48:37,23099.5,2026-09-29,22950.0,CE,241.6,240.95,241.5,39810,4060,3443,12.13
2026-09-24 14:48:37,23099.5,2026-09-29,22950.0,PE,66.65,66.45,66.65,619282,36734,6623,12.82
2026-09-24 14:48:37,23099.5,2026-09-29,23000.0,CE,206.3,205.6,206.1,374689,58154,37604,11.99
2026-09-24 14:48:37,23099.5,2026-09-29,23000.0,PE,81.55,81.5,81.6,2043900,200749,5737,12.68
2026-09-24 14:48:37,23099.5,2026-09-29,23050.0,CE,173.7,173.3,173.7,224089,26903,25666,11.85
2026-09-24 14:48:37,23099.5,2026-09-29,23050.0,PE,98.35,98.1,98.3,962462,51461,24588,12.52
2026-09-24 14:48:37,23099.5,2026-09-29,23100.0,CE,143.8,143.45,143.75,796340,112591,103786,11.68
2026-09-24 14:48:37,23099.5,2026-09-29,23100.0,PE,118.95,118.7,118.95,1794334,110629,50107,12.43
2026-09-24 14:48:37,23099.5,2026-09-29,23150.0,CE,117.5,117.45,117.5,659939,68819,65164,11.64
2026-09-24 14:48:37,23099.5,2026-09-29,23150.0,PE,141.9,141.75,142.05,1370896,41292,8780,12.24
2026-09-24 14:48:37,23099.5,2026-09-29,23200.0,CE,94.35,94.35,94.55,2117713,235430,212785,11.53
2026-09-24 14:48:37,23099.5,2026-09-29,23200.0,PE,168.8,168.2,168.65,3010688,100840,5318,12.23
2026-09-24 14:48:37,23099.5,2026-09-29,23250.0,CE,74.45,74.45,74.6,1618645,176833,161588,11.5
2026-09-24 14:48:37,23099.5,2026-09-29,23250.0,PE,200.25,200.0,200.3,1625296,61691,3802,12.18
2026-09-24 14:48:37,23099.5,2026-09-29,23300.0,CE,58.5,58.3,58.5,1859989,206328,142322,11.5
2026-09-24 14:48:37,23099.5,2026-09-29,23300.0,PE,232.55,232.95,233.55,1510824,94889,-46811,12.19
2026-09-24 14:48:37,23099.5,2026-09-29,23350.0,CE,45.3,45.05,45.2,756291,89428,64953,11.52
2026-09-24 14:48:37,23099.5,2026-09-29,23350.0,PE,269.6,269.9,270.6,486913,20143,-41080,12.47
2026-09-24 14:48:37,23099.5,2026-09-29,23400.0,CE,35.25,35.1,35.25,1300809,171853,55038,11.58
2026-09-24 14:48:37,23099.5,2026-09-29,23400.0,PE,308.95,308.15,308.95,653973,71294,-107087,12.36
2026-09-24 14:48:37,23099.5,2026-09-29,23450.0,CE,27.25,27.2,27.3,649417,76589,17178,11.71
2026-09-24 14:48:37,23099.5,2026-09-29,23450.0,PE,353.15,351.55,352.25,178469,19963,-37469,12.87
2026-09-24 14:48:37,23099.5,2026-09-29,23500.0,CE,21.3,21.2,21.3,1088854,207455,49269,11.89
2026-09-24 14:48:37,23099.5,2026-09-29,23500.0,PE,394.6,393.5,394.55,282568,87401,-32912,12.85
2026-09-24 14:48:37,23099.5,2026-09-29,23550.0,CE,16.3,16.25,16.35,498820,59798,-2277,12.02
2026-09-24 14:48:37,23099.5,2026-09-29,23550.0,PE,442.2,439.2,440.45,37645,5677,-5274,13.17
2026-09-24 14:48:37,23099.5,2026-09-29,23600.0,CE,12.8,12.75,12.8,788062,116340,9443,12.27
2026-09-24 14:48:37,23099.5,2026-09-29,23600.0,PE,486.4,484.5,486.35,50801,22967,-5112,13.45
2026-09-24 14:49:38,23099.9,2026-09-29,22600.0,CE,539.0,535.6,537.45,1396,578,463,10.97
2026-09-24 14:49:38,23099.9,2026-09-29,22600.0,PE,18.4,18.4,18.45,558798,50676,-1909,15.22
2026-09-24 14:49:38,23099.9,2026-09-29,22650.0,CE,495.9,489.35,491.6,1027,984,283,11.6
2026-09-24 14:49:38,23099.9,2026-09-29,22650.0,PE,22.15,22.15,22.25,361219,33842,1409,14.9
2026-09-24 14:49:38,23099.9,2026-09-29,22700.0,CE,443.95,445.25,446.7,5829,1275,825,11.81
2026-09-24 14:49:38,23099.9,2026-09-29,22700.0,PE,26.0,25.95,26.0,612921,68215,8259,14.51
2026-09-24 14:49:38,23099.9,2026-09-29,22750.0,CE,399.35,400.75,401.95,2836,943,430,11.83
2026-09-24 14:49:38,23099.9,2026-09-29,22750.0,PE,31.7,31.5,31.55,421387,25960,3434,14.2
2026-09-24 14:49:38,23099.9,2026-09-29,22800.0,CE,356.3,356.4,357.35,21312,5979,1833,11.64
2026-09-24 14:49:38,23099.9,2026-09-29,22800.0,PE,38.35,38.2,38.35,906532,107992,9541,13.93
2026-09-24 14:49:38,23099.9,2026-09-29,22850.0,CE,315.2,314.85,315.55,8004,1287,943,11.85
2026-09-24 14:49:38,23099.9,2026-09-29,22850.0,PE,46.35,46.2,46.35,485384,43159,6103,13.66
2026-09-24 14:49:38,23099.9,2026-09-29,22900.0,CE,275.0,274.85,275.6,44018,7200,4912,11.8
2026-09-24 14:49:38,23099.9,2026-09-29,22900.0,PE,56.4,56.4,56.55,869913,77905,3969,13.42
2026-09-24 14:49:38,23099.9,2026-09-29,22950.0,CE,237.7,238.5,239.1,39910,4066,3449,11.7
2026-09-24 14:49:38,23099.9,2026-09-29,22950.0,PE,68.35,68.15,68.3,619928,36811,6700,13.25
2026-09-24 14:49:38,23099.9,2026-09-29,23000.0,CE,203.4,203.4,203.75,375842,58873,38323,11.66
2026-09-24 14:49:38,23099.9,2026-09-29,23000.0,PE,83.5,83.5,83.65,2047423,203054,8042,13.13
2026-09-24 14:49:38,23099.9,2026-09-29,23050.0,CE,170.45,170.8,171.25,224791,26977,25740,11.58
2026-09-24 14:49:38,23099.9,2026-09-29,23050.0,PE,100.95,100.7,100.95,963538,51812,24939,12.96
2026-09-24 14:49:38,23099.9,2026-09-29,23100.0,CE,141.35,141.2,141.35,799085,112819,104014,11.47
2026-09-24 14:49:38,23099.9,2026-09-29,23100.0,PE,122.0,121.7,121.95,1796685,111505,50983,12.89
2026-09-24 14:49:38,23099.9,2026-09-29,23150.0,CE,115.05,114.85,115.15,661399,68815,65160,11.45
2026-09-24 14:49:38,23099.9,2026-09-29,23150.0,PE,145.95,146.15,146.35,1372020,41207,8695,12.81
2026-09-24 14:49:38,23099.9,2026-09-29,23200.0,CE,92.5,92.35,92.6,2120033,235808,213163,11.4
2026-09-24 14:49:38,23099.9,2026-09-29,23200.0,PE,172.85,172.85,173.3,3011715,100751,5229,12.75
2026-09-24 14:49:38,23099.9,2026-09-29,23250.0,CE,72.95,72.95,73.15,1619887,176740,161495,11.33
2026-09-24 14:49:38,23099.9,2026-09-29,23250.0,PE,205.5,204.9,205.4,1625732,61895,4006,12.83
2026-09-24 14:49:38,23099.9,2026-09-29,23300.0,CE,57.4,57.2,57.35,1861127,206097,142091,11.37
2026-09-24 14:49:38,23099.9,2026-09-29,23300.0,PE,237.05,236.5,237.1,1511219,94962,-46738,12.83
2026-09-24 14:49:38,23099.9,2026-09-29,23350.0,CE,44.45,44.6,44.75,756705,89481,65006,11.42
2026-09-24 14:49:38,23099.9,2026-09-29,23350.0,PE,274.8,273.55,274.4,487000,20136,-41087,13.04
2026-09-24 14:49:38,23099.9,2026-09-29,23400.0,CE,34.7,34.7,34.75,1301666,170818,54003,11.52
2026-09-24 14:49:38,23099.9,2026-09-29,23400.0,PE,314.1,313.0,313.6,654144,71338,-107043,13.23
2026-09-24 14:49:38,23099.9,2026-09-29,23450.0,CE,27.0,26.95,27.05,649976,76846,17435,11.65
2026-09-24 14:49:38,23099.9,2026-09-29,23450.0,PE,357.15,356.4,357.55,178510,19952,-37480,13.68
2026-09-24 14:49:38,23099.9,2026-09-29,23500.0,CE,21.0,20.95,21.0,1090173,208633,50447,11.82
2026-09-24 14:49:38,23099.9,2026-09-29,23500.0,PE,400.0,399.85,400.95,282788,87440,-32873,13.85
2026-09-24 14:49:38,23099.9,2026-09-29,23550.0,CE,16.1,16.1,16.2,499259,59999,-2076,11.97
2026-09-24 14:49:38,23099.9,2026-09-29,23550.0,PE,443.2,445.85,447.15,37646,5674,-5277,14.76
2026-09-24 14:49:38,23099.9,2026-09-29,23600.0,CE,12.75,12.65,12.7,788797,116689,9792,12.21
2026-09-24 14:49:38,23099.9,2026-09-29,23600.0,PE,492.75,491.25,492.95,50807,22967,-5112,14.3
2026-09-24 14:50:38,23098.45,2026-09-29,22600.0,CE,538.4,539.4,541.4,1397,579,464,10.97
2026-09-24 14:50:38,23098.45,2026-09-29,22600.0,PE,17.75,17.7,17.8,560047,50869,-1716,15.22
2026-09-24 14:50:38,23098.45,2026-09-29,22650.0,CE,495.9,493.0,495.2,1027,984,283,11.6
2026-09-24 14:50:38,23098.45,2026-09-29,22650.0,PE,21.25,21.35,21.45,362039,33859,1426,14.9
2026-09-24 14:50:38,23098.45,2026-09-29,22700.0,CE,446.55,447.45,448.65,5875,1267,817,11.81
2026-09-24 14:50:38,23098.45,2026-09-29,22700.0,PE,25.25,25.3,25.4,614479,68309,8353,14.51
2026-09-24 14:50:38,23098.45,2026-09-29,22750.0,CE,404.9,403.4,404.65,2843,941,428,11.83
2026-09-24 14:50:38,23098.45,2026-09-29,22750.0,PE,30.5,30.45,30.55,422521,25719,3193,14.2
2026-09-24 14:50:38,23098.45,2026-09-29,22800.0,CE,358.8,359.65,360.6,21427,5972,1826,11.64
2026-09-24 14:50:38,23098.45,2026-09-29,22800.0,PE,36.95,36.85,37.0,910052,108464,10013,13.93
2026-09-24 14:50:38,23098.45,2026-09-29,22850.0,CE,318.0,318.2,318.95,8069,1284,940,11.85
2026-09-24 14:50:38,23098.45,2026-09-29,22850.0,PE,44.8,44.7,44.75,486705,43399,6343,13.66
2026-09-24 14:50:38,23098.45,2026-09-29,22900.0,CE,278.0,277.85,278.6,44288,7161,4873,11.8
2026-09-24 14:50:38,23098.45,2026-09-29,22900.0,PE,54.8,54.6,54.8,873161,77950,4014,13.42
2026-09-24 14:50:38,23098.45,2026-09-29,22950.0,CE,239.95,239.95,240.55,40169,4048,3431,11.7
2026-09-24 14:50:38,23098.45,2026-09-29,22950.0,PE,67.05,66.9,67.1,621927,37174,7063,13.25
2026-09-24 14:50:38,23098.45,2026-09-29,23000.0,CE,204.5,204.5,205.0,377588,59175,38625,11.66
2026-09-24 14:50:38,23098.45,2026-09-29,23000.0,PE,82.35,82.1,82.35,2054179,203853,8841,13.13
2026-09-24 14:50:38,23098.45,2026-09-29,23050.0,CE,171.9,172.15,172.55,226477,26960,25723,11.58
2026-09-24 14:50:38,23098.45,2026-09-29,23050.0,PE,99.05,98.85,99.05,967811,52742,25869,12.96
2026-09-24 14:50:38,23098.45,2026-09-29,23100.0,CE,142.6,142.4,142.65,803875,112967,104162,11.47
2026-09-24 14:50:38,23098.45,2026-09-29,23100.0,PE,119.3,119.15,119.5,1801711,112468,51946,12.89
2026-09-24 14:50:38,23098.45,2026-09-29,23150.0,CE,116.3,116.3,116.4,663725,68775,65120,11.45
2026-09-24 14:50:38,23098.45,2026-09-29,23150.0,PE,142.6,142.6,142.9,1374562,41643,9131,12.81
2026-09-24 14:50:38,23098.45,2026-09-29,23200.0,CE,93.4,93.45,93.6,2124860,235324,212679,11.4
2026-09-24 14:50:38,23098.45,2026-09-29,23200.0,PE,169.2,169.15,169.45,3014663,100893,5371,12.75
2026-09-24 14:50:38,23098.45,2026-09-29,23250.0,CE,73.85,73.8,74.0,1622093,176726,161481,11.33
2026-09-24 14:50:38,23098.45,2026-09-29,23250.0,PE,201.35,200.55,201.05,1626452,61878,3989,12.83
2026-09-24 14:50:38,23098.45,2026-09-29,23300.0,CE,57.8,57.8,57.95,1863976,205942,141936,11.37
2026-09-24 14:50:38,23098.45,2026-09-29,23300.0,PE,234.0,234.05,234.6,1512127,94922,-46778,12.83
2026-09-24 14:50:38,23098.45,2026-09-29,23350.0,CE,44.85,44.75,44.9,757810,89402,64927,11.42
2026-09-24 14:50:38,23098.45,2026-09-29,23350.0,PE,271.0,270.85,271.5,487143,20121,-41102,13.04
2026-09-24 14:50:38,23098.45,2026-09-29,23400.0,CE,34.9,34.8,34.95,1303773,170873,54058,11.52
2026-09-24 14:50:38,23098.45,2026-09-29,23400.0,PE,310.3,309.8,310.55,654451,71347,-107034,13.23
2026-09-24 14:50:38,23098.45,2026-09-29,23450.0,CE,27.1,27.05,27.1,650989,76778,17367,11.65
2026-09-24 14:50:38,23098.45,2026-09-29,23450.0,PE,354.05,352.75,353.65,178618,19895,-37537,13.68
2026-09-24 14:50:38,23098.45,2026-09-29,23500.0,CE,21.0,21.0,21.05,1092484,208594,50408,11.82
2026-09-24 14:50:38,23098.45,2026-09-29,23500.0,PE,396.3,396.3,396.85,283166,87459,-32854,13.85
2026-09-24 14:50:38,23098.45,2026-09-29,23550.0,CE,16.2,16.1,16.2,500139,60031,-2044,11.97
2026-09-24 14:50:38,23098.45,2026-09-29,23550.0,PE,441.4,440.5,442.0,37656,5673,-5278,14.76
2026-09-24 14:50:38,23098.45,2026-09-29,23600.0,CE,12.7,12.65,12.75,790002,116703,9806,12.21
2026-09-24 14:50:38,23098.45,2026-09-29,23600.0,PE,489.5,486.5,488.15,50923,22958,-5121,14.3
2026-09-24 14:51:39,23102.3,2026-09-29,22600.0,CE,546.55,545.45,547.4,1403,580,465,12.4
2026-09-24 14:51:39,23102.3,2026-09-29,22600.0,PE,16.35,16.4,16.45,561655,50792,-1793,15.22
2026-09-24 14:51:39,23102.3,2026-09-29,22650.0,CE,500.55,498.0,500.3,1035,989,288,13.43
2026-09-24 14:51:39,23102.3,2026-09-29,22650.0,PE,19.75,19.75,19.85,363064,33949,1516,14.77
2026-09-24 14:51:39,23102.3,2026-09-29,22700.0,CE,453.0,452.45,453.8,5915,1248,798,12.68
2026-09-24 14:51:39,23102.3,2026-09-29,22700.0,PE,23.3,23.4,23.45,615776,68751,8795,14.39
2026-09-24 14:51:39,23102.3,2026-09-29,22750.0,CE,408.65,407.8,409.2,2881,942,429,12.95
2026-09-24 14:51:39,23102.3,2026-09-29,22750.0,PE,28.25,28.2,28.3,423456,25868,3342,14.06
2026-09-24 14:51:39,23102.3,2026-09-29,22800.0,CE,364.15,363.65,364.6,21562,5918,1772,11.64
2026-09-24 14:51:39,23102.3,2026-09-29,22800.0,PE,34.55,34.4,34.55,916132,108613,10162,13.93
2026-09-24 14:51:39,23102.3,2026-09-29,22850.0,CE,322.0,321.9,322.65,8094,1275,931,12.46
2026-09-24 14:51:39,23102.3,2026-09-29,22850.0,PE,42.0,41.9,42.05,488846,43390,6334,13.43
2026-09-24 14:51:39,23102.3,2026-09-29,22900.0,CE,282.0,281.25,281.95,44552,6887,4599,12.24
2026-09-24 14:51:39,23102.3,2026-09-29,22900.0,PE,51.5,51.45,51.6,876856,78341,4405,13.17
2026-09-24 14:51:39,23102.3,2026-09-29,22950.0,CE,243.15,243.15,243.75,40385,3913,3296,12.1
2026-09-24 14:51:39,23102.3,2026-09-29,22950.0,PE,63.3,63.05,63.25,623901,37323,7212,13.25
2026-09-24 14:51:39,23102.3,2026-09-29,23000.0,CE,207.85,207.6,208.2,379281,58868,38318,12.0
2026-09-24 14:51:39,23102.3,2026-09-29,23000.0,PE,77.55,77.55,77.75,2064483,203940,8928,12.85
2026-09-24 14:51:39,23102.3,2026-09-29,23050.0,CE,174.5,174.4,174.8,228514,26531,25294,11.86
2026-09-24 14:51:39,23102.3,2026-09-29,23050.0,PE,94.4,94.4,94.6,971456,52964,26091,12.96
2026-09-24 14:51:39,23102.3,2026-09-29,23100.0,CE,144.15,144.2,144.5,808909,112856,104051,11.47
2026-09-24 14:51:39,23102.3,2026-09-29,23100.0,PE,114.6,114.5,114.8,1809038,113493,52971,12.51
2026-09-24 14:51:39,23102.3,2026-09-29,23150.0,CE,117.7,117.7,118.0,666074,68435,64780,11.63
2026-09-24 14:51:39,23102.3,2026-09-29,23150.0,PE,137.8,137.75,138.15,1376777,41939,9427,12.81
2026-09-24 14:51:39,23102.3,2026-09-29,23200.0,CE,94.85,94.65,94.85,2128762,234244,211599,11.55
2026-09-24 14:51:39,23102.3,2026-09-29,23200.0,PE,163.95,164.05,164.45,3016914,100645,5123,12.3
2026-09-24 14:51:39,23102.3,2026-09-29,23250.0,CE,74.7,74.75,74.95,1623962,176786,161541,11.33
2026-09-24 14:51:39,23102.3,2026-09-29,23250.0,PE,195.15,195.25,195.7,1627201,61904,4015,12.44
2026-09-24 14:51:39,23102.3,2026-09-29,23300.0,CE,58.6,58.7,58.75,1866806,205630,141624,11.48
2026-09-24 14:51:39,23102.3,2026-09-29,23300.0,PE,227.95,227.75,228.35,1513285,94608,-47092,12.31
2026-09-24 14:51:39,23102.3,2026-09-29,23350.0,CE,45.3,45.3,45.45,758837,89339,64864,11.42
2026-09-24 14:51:39,23102.3,2026-09-29,23350.0,PE,263.9,264.1,264.9,487304,20069,-41154,12.47
2026-09-24 14:51:39,23102.3,2026-09-29,23400.0,CE,35.2,35.2,35.3,1305585,170884,54069,11.63
2026-09-24 14:51:39,23102.3,2026-09-29,23400.0,PE,303.25,303.45,303.65,654810,71385,-106996,12.6
2026-09-24 14:51:39,23102.3,2026-09-29,23450.0,CE,27.4,27.3,27.35,651659,76303,16892,11.76
2026-09-24 14:51:39,23102.3,2026-09-29,23450.0,PE,345.85,346.4,347.5,178705,19865,-37567,13.05
2026-09-24 14:51:39,23102.3,2026-09-29,23500.0,CE,21.25,21.15,21.25,1094017,208743,50557,11.96
2026-09-24 14:51:39,23102.3,2026-09-29,23500.0,PE,389.3,389.15,390.0,283767,87489,-32824,13.1
2026-09-24 14:51:39,23102.3,2026-09-29,23550.0,CE,16.25,16.25,16.35,500873,59664,-2411,12.09
2026-09-24 14:51:39,23102.3,2026-09-29,23550.0,PE,436.0,434.35,435.8,37674,5691,-5260,13.48
2026-09-24 14:51:39,23102.3,2026-09-29,23600.0,CE,12.75,12.75,12.8,791110,116859,9962,12.35
2026-09-24 14:51:39,23102.3,2026-09-29,23600.0,PE,480.65,480.1,481.8,50942,22935,-5144,14.11
2026-09-24 14:52:39,23107.0,2026-09-29,22600.0,CE,550.0,550.15,553.15,1405,583,468,12.4
2026-09-24 14:52:39,23107.0,2026-09-29,22600.0,PE,16.05,15.95,16.05,564231,50290,-2295,15.08
2026-09-24 14:52:39,23107.0,2026-09-29,22650.0,CE,500.55,503.2,505.45,1035,989,288,13.43
2026-09-24 14:52:39,23107.0,2026-09-29,22650.0,PE,19.15,19.0,19.1,364651,33925,1492,14.75
2026-09-24 14:52:39,23107.0,2026-09-29,22700.0,CE,460.0,458.8,459.95,5971,1266,816,12.68
2026-09-24 14:52:39,23107.0,2026-09-29,22700.0,PE,22.6,22.55,22.65,617823,68790,8834,14.35
2026-09-24 14:52:39,23107.0,2026-09-29,22750.0,CE,409.65,413.1,414.75,2883,927,414,12.59
2026-09-24 14:52:39,23107.0,2026-09-29,22750.0,PE,27.3,27.2,27.35,425415,25863,3337,14.02
2026-09-24 14:52:39,23107.0,2026-09-29,22800.0,CE,369.35,368.8,369.75,21724,5905,1759,12.58
2026-09-24 14:52:39,23107.0,2026-09-29,22800.0,PE,32.75,32.75,32.85,921063,108904,10453,13.67
2026-09-24 14:52:39,23107.0,2026-09-29,22850.0,CE,327.55,325.95,326.65,8369,1266,922,12.48
2026-09-24 14:52:39,23107.0,2026-09-29,22850.0,PE,40.15,40.05,40.2,491257,43618,6562,13.41
2026-09-24 14:52:39,23107.0,2026-09-29,22900.0,CE,285.1,285.0,285.75,44866,6859,4571,12.24
2026-09-24 14:52:39,23107.0,2026-09-29,22900.0,PE,49.25,49.25,49.4,881182,78453,4517,13.14
2026-09-24 14:52:39,23107.0,2026-09-29,22950.0,CE,247.0,246.2,246.7,40662,3916,3299,12.1
2026-09-24 14:52:39,23107.0,2026-09-29,22950.0,PE,60.75,60.55,60.75,626659,37289,7178,12.93
2026-09-24 14:52:39,23107.0,2026-09-29,23000.0,CE,211.25,210.45,210.95,381934,59188,38638,12.01
2026-09-24 14:52:39,23107.0,2026-09-29,23000.0,PE,74.75,74.75,74.9,2074896,205072,10060,12.79
2026-09-24 14:52:39,23107.0,2026-09-29,23050.0,CE,177.2,176.9,177.3,232056,25988,24751,11.87
2026-09-24 14:52:39,23107.0,2026-09-29,23050.0,PE,90.95,91.05,91.25,976594,52973,26100,12.59
2026-09-24 14:52:39,23107.0,2026-09-29,23100.0,CE,146.6,146.4,146.7,817729,113292,104487,11.68
2026-09-24 14:52:39,23107.0,2026-09-29,23100.0,PE,111.05,110.85,111.1,1817671,113736,53214,12.47
2026-09-24 14:52:39,23107.0,2026-09-29,23150.0,CE,120.2,119.9,120.05,670999,68669,65014,11.64
2026-09-24 14:52:39,23107.0,2026-09-29,23150.0,PE,133.1,133.0,133.15,1380546,42139,9627,12.32
2026-09-24 14:52:39,23107.0,2026-09-29,23200.0,CE,96.2,96.05,96.15,2135779,234089,211444,11.53
2026-09-24 14:52:39,23107.0,2026-09-29,23200.0,PE,159.3,159.45,159.75,3020789,100612,5090,12.24
2026-09-24 14:52:39,23107.0,2026-09-29,23250.0,CE,75.85,75.85,76.05,1626828,176816,161571,11.47
2026-09-24 14:52:39,23107.0,2026-09-29,23250.0,PE,190.1,190.1,190.6,1628375,61889,4000,12.35
2026-09-24 14:52:39,23107.0,2026-09-29,23300.0,CE,59.45,59.25,59.45,1871216,205147,141141,11.5
2026-09-24 14:52:39,23107.0,2026-09-29,23300.0,PE,222.9,222.9,223.2,1514646,94554,-47146,12.3
2026-09-24 14:52:39,23107.0,2026-09-29,23350.0,CE,46.0,45.85,46.0,760456,89401,64926,11.51
2026-09-24 14:52:39,23107.0,2026-09-29,23350.0,PE,258.6,258.95,259.75,487714,20008,-41215,12.46
2026-09-24 14:52:39,23107.0,2026-09-29,23400.0,CE,35.75,35.65,35.75,1308006,170021,53206,11.64
2026-09-24 14:52:39,23107.0,2026-09-29,23400.0,PE,297.9,298.05,298.85,655552,70405,-107976,12.52
2026-09-24 14:52:39,23107.0,2026-09-29,23450.0,CE,27.6,27.6,27.65,652881,76313,16902,11.76
2026-09-24 14:52:39,23107.0,2026-09-29,23450.0,PE,341.95,340.6,341.55,178970,19701,-37731,13.05
2026-09-24 14:52:39,23107.0,2026-09-29,23500.0,CE,21.35,21.3,21.4,1096108,208945,50759,11.96
2026-09-24 14:52:39,23107.0,2026-09-29,23500.0,PE,382.85,382.7,383.5,284150,87449,-32864,12.93
2026-09-24 14:52:39,23107.0,2026-09-29,23550.0,CE,16.45,16.35,16.4,501483,59639,-2436,12.12
2026-09-24 14:52:39,23107.0,2026-09-29,23550.0,PE,433.7,428.45,429.95,37684,5691,-5260,13.41
2026-09-24 14:52:39,23107.0,2026-09-29,23600.0,CE,12.7,12.7,12.8,793405,117213,10316,12.35
2026-09-24 14:52:39,23107.0,2026-09-29,23600.0,PE,475.7,474.0,475.5,51039,22937,-5142,14.03
2026-09-24 14:53:39,23109.1,2026-09-29,22600.0,CE,550.0,550.9,554.95,1405,583,468,12.4
2026-09-24 14:53:39,23109.1,2026-09-29,22600.0,PE,15.5,15.4,15.5,566311,50290,-2295,15.08
2026-09-24 14:53:39,23109.1,2026-09-29,22650.0,CE,505.0,505.1,506.95,1036,990,289,13.43
2026-09-24 14:53:39,23109.1,2026-09-29,22650.0,PE,18.65,18.65,18.7,365601,33925,1492,14.75
2026-09-24 14:53:39,23109.1,2026-09-29,22700.0,CE,462.3,459.75,461.05,5979,1266,816,12.68
2026-09-24 14:53:39,23109.1,2026-09-29,22700.0,PE,21.95,21.95,22.0,618890,68790,8834,14.35
2026-09-24 14:53:39,23109.1,2026-09-29,22750.0,CE,413.0,414.4,416.55,2885,926,413,12.59
2026-09-24 14:53:39,23109.1,2026-09-29,22750.0,PE,26.7,26.5,26.65,426064,25863,3337,14.02
2026-09-24 14:53:39,23109.1,2026-09-29,22800.0,CE,371.2,370.35,371.25,21852,5905,1759,12.58
2026-09-24 14:53:39,23109.1,2026-09-29,22800.0,PE,32.25,32.15,32.25,923312,108904,10453,13.67
2026-09-24 14:53:39,23109.1,2026-09-29,22850.0,CE,328.0,327.65,328.4,8410,1266,922,12.48
2026-09-24 14:53:39,23109.1,2026-09-29,22850.0,PE,39.25,39.15,39.3,492920,43618,6562,13.41
2026-09-24 14:53:39,23109.1,2026-09-29,22900.0,CE,288.0,286.6,287.3,45085,6859,4571,12.24
2026-09-24 14:53:39,23109.1,2026-09-29,22900.0,PE,48.3,48.35,48.45,883344,78453,4517,13.14
2026-09-24 14:53:39,23109.1,2026-09-29,22950.0,CE,249.4,248.9,249.1,41023,3916,3299,12.1
2026-09-24 14:53:39,23109.1,2026-09-29,22950.0,PE,58.7,58.55,58.75,629094,37289,7178,12.93
2026-09-24 14:53:39,23109.1,2026-09-29,23000.0,CE,212.05,211.85,212.3,383759,59188,38638,12.01
2026-09-24 14:53:39,23109.1,2026-09-29,23000.0,PE,73.6,73.55,73.7,2079415,205072,10060,12.79
2026-09-24 14:53:39,23109.1,2026-09-29,23050.0,CE,178.45,178.1,178.5,233430,25988,24751,11.87
2026-09-24 14:53:39,23109.1,2026-09-29,23050.0,PE,89.95,89.55,89.75,978895,52973,26100,12.59
2026-09-24 14:53:39,23109.1,2026-09-29,23100.0,CE,147.4,147.0,147.35,821663,113292,104487,11.68
2026-09-24 14:53:39,23109.1,2026-09-29,23100.0,PE,109.75,109.6,109.7,1821306,113736,53214,12.47
2026-09-24 14:53:39,23109.1,2026-09-29,23150.0,CE,120.75,120.5,120.8,674291,68669,65014,11.64
2026-09-24 14:53:39,23109.1,2026-09-29,23150.0,PE,131.9,131.5,131.85,1382004,42139,9627,12.32
2026-09-24 14:53:39,23109.1,2026-09-29,23200.0,CE,96.95,96.7,97.0,2139993,234089,211444,11.53
2026-09-24 14:53:39,23109.1,2026-09-29,23200.0,PE,157.5,157.8,158.0,3023050,100612,5090,12.24
2026-09-24 14:53:39,23109.1,2026-09-29,23250.0,CE,76.6,76.4,76.55,1628983,176816,161571,11.47
2026-09-24 14:53:39,23109.1,2026-09-29,23250.0,PE,188.35,188.0,188.35,1629745,61889,4000,12.35
2026-09-24 14:53:39,23109.1,2026-09-29,23300.0,CE,59.8,59.8,59.95,1874716,205147,141141,11.5
2026-09-24 14:53:39,23109.1,2026-09-29,23300.0,PE,219.2,218.9,219.3,1515445,94554,-47146,12.3
2026-09-24 14:53:39,23109.1,2026-09-29,23350.0,CE,46.1,46.1,46.25,761280,89401,64926,11.51
2026-09-24 14:53:39,23109.1,2026-09-29,23350.0,PE,255.7,256.6,257.4,487822,20008,-41215,12.46
2026-09-24 14:53:39,23109.1,2026-09-29,23400.0,CE,35.7,35.7,35.8,1309611,170021,53206,11.64
2026-09-24 14:53:39,23109.1,2026-09-29,23400.0,PE,295.95,295.15,296.05,655798,70405,-107976,12.52
2026-09-24 14:53:39,23109.1,2026-09-29,23450.0,CE,27.45,27.55,27.6,653500,76313,16902,11.76
2026-09-24 14:53:39,23109.1,2026-09-29,23450.0,PE,338.0,338.8,339.7,179017,19701,-37731,13.05
2026-09-24 14:53:39,23109.1,2026-09-29,23500.0,CE,21.35,21.25,21.35,1097435,208945,50759,11.96
2026-09-24 14:53:39,23109.1,2026-09-29,23500.0,PE,381.55,380.8,381.65,284869,87449,-32864,12.93
2026-09-24 14:53:39,23109.1,2026-09-29,23550.0,CE,16.3,16.25,16.3,501988,59639,-2436,12.12
2026-09-24 14:53:39,23109.1,2026-09-29,23550.0,PE,430.8,425.8,427.15,37685,5690,-5261,13.41
2026-09-24 14:53:39,23109.1,2026-09-29,23600.0,CE,12.65,12.65,12.7,794202,117213,10316,12.35
2026-09-24 14:53:39,23109.1,2026-09-29,23600.0,PE,471.0,471.5,473.0,51066,22937,-5142,14.03
2026-09-24 14:54:40,23110.8,2026-09-29,22600.0,CE,548.15,550.9,553.8,1410,584,469,12.4
2026-09-24 14:54:40,23110.8,2026-09-29,22600.0,PE,16.5,16.45,16.5,569194,49824,-2761,15.11
2026-09-24 14:54:40,23110.8,2026-09-29,22650.0,CE,500.55,503.5,505.7,1039,991,290,13.43
2026-09-24 14:54:40,23110.8,2026-09-29,22650.0,PE,19.7,19.6,19.7,367170,33921,1488,14.77
2026-09-24 14:54:40,23110.8,2026-09-29,22700.0,CE,458.1,458.3,459.7,6081,1218,768,12.68
2026-09-24 14:54:40,23110.8,2026-09-29,22700.0,PE,23.2,23.1,23.2,620809,69064,9108,14.39
2026-09-24 14:54:40,23110.8,2026-09-29,22750.0,CE,413.3,412.05,414.25,2892,927,414,12.95
2026-09-24 14:54:40,23110.8,2026-09-29,22750.0,PE,28.0,27.95,28.05,427560,25876,3350,14.06
2026-09-24 14:54:40,23110.8,2026-09-29,22800.0,CE,369.0,368.75,369.65,21981,5815,1669,12.53
2026-09-24 14:54:40,23110.8,2026-09-29,22800.0,PE,33.8,33.8,33.9,928346,109371,10920,13.76
2026-09-24 14:54:40,23110.8,2026-09-29,22850.0,CE,327.35,326.3,327.15,8468,1191,847,12.46
2026-09-24 14:54:40,23110.8,2026-09-29,22850.0,PE,41.05,40.95,41.1,494898,44663,7607,13.43
2026-09-24 14:54:40,23110.8,2026-09-29,22900.0,CE,285.8,285.7,286.45,45318,6708,4420,12.24
2026-09-24 14:54:40,23110.8,2026-09-29,22900.0,PE,50.25,50.05,50.2,888488,78118,4182,13.17
2026-09-24 14:54:40,23110.8,2026-09-29,22950.0,CE,248.0,247.55,248.1,41585,3753,3136,12.1
2026-09-24 14:54:40,23110.8,2026-09-29,22950.0,PE,61.6,61.4,61.55,631370,36696,6585,12.98
2026-09-24 14:54:40,23110.8,2026-09-29,23000.0,CE,211.5,211.15,211.7,388111,59093,38543,12.0
2026-09-24 14:54:40,23110.8,2026-09-29,23000.0,PE,75.55,75.55,75.7,2085685,204159,9147,12.85
2026-09-24 14:54:40,23110.8,2026-09-29,23050.0,CE,178.0,178.05,178.4,235054,25475,24238,11.86
2026-09-24 14:54:40,23110.8,2026-09-29,23050.0,PE,91.65,91.65,91.85,982535,52117,25244,12.61
2026-09-24 14:54:40,23110.8,2026-09-29,23100.0,CE,147.3,146.9,147.25,829300,112691,103886,11.69
2026-09-24 14:54:40,23110.8,2026-09-29,23100.0,PE,111.95,111.65,111.95,1827845,112941,52419,12.51
2026-09-24 14:54:40,23110.8,2026-09-29,23150.0,CE,120.1,120.1,120.35,678792,69437,65782,11.63
2026-09-24 14:54:40,23110.8,2026-09-29,23150.0,PE,134.55,134.45,134.75,1384813,42070,9558,12.4
2026-09-24 14:54:40,23110.8,2026-09-29,23200.0,CE,96.5,96.6,96.75,2147141,233340,210695,11.55
2026-09-24 14:54:40,23110.8,2026-09-29,23200.0,PE,160.35,160.05,160.35,3025736,100671,5149,12.3
2026-09-24 14:54:40,23110.8,2026-09-29,23250.0,CE,76.25,76.25,76.45,1632148,176580,161335,11.49
2026-09-24 14:54:40,23110.8,2026-09-29,23250.0,PE,190.6,190.45,190.75,1631003,61621,3732,12.44
2026-09-24 14:54:40,23110.8,2026-09-29,23300.0,CE,59.6,59.7,59.8,1878514,204873,140867,11.48
2026-09-24 14:54:40,23110.8,2026-09-29,23300.0,PE,223.15,223.0,223.45,1516370,94359,-47341,12.31
2026-09-24 14:54:40,23110.8,2026-09-29,23350.0,CE,46.1,46.05,46.15,762976,89467,64992,11.49
2026-09-24 14:54:40,23110.8,2026-09-29,23350.0,PE,260.1,259.4,259.8,488085,20107,-41116,12.47
2026-09-24 14:54:40,23110.8,2026-09-29,23400.0,CE,35.75,35.65,35.75,1313140,169777,52962,11.63
2026-09-24 14:54:40,23110.8,2026-09-29,23400.0,PE,298.6,298.0,298.55,656479,70416,-107965,12.6
2026-09-24 14:54:40,23110.8,2026-09-29,23450.0,CE,27.5,27.45,27.55,655919,76138,16727,11.76
2026-09-24 14:54:40,23110.8,2026-09-29,23450.0,PE,341.0,341.0,341.95,179115,19634,-37798,13.05
2026-09-24 14:54:40,23110.8,2026-09-29,23500.0,CE,21.25,21.25,21.3,1100288,209248,51062,11.96
2026-09-24 14:54:40,23110.8,2026-09-29,23500.0,PE,383.35,383.8,384.95,285237,87572,-32741,13.1
2026-09-24 14:54:40,23110.8,2026-09-29,23550.0,CE,16.3,16.25,16.35,503753,59563,-2512,12.09
2026-09-24 14:54:40,23110.8,2026-09-29,23550.0,PE,429.35,428.95,430.1,37709,5695,-5256,13.48
2026-09-24 14:54:40,23110.8,2026-09-29,23600.0,CE,12.65,12.65,12.7,796131,117666,10769,12.35
2026-09-24 14:54:40,23110.8,2026-09-29,23600.0,PE,476.25,475.0,476.25,51095,22940,-5139,14.11
2026-09-24 14:55:40,23110.6,2026-09-29,22600.0,CE,548.0,545.0,548.2,1420,583,468,12.4
2026-09-24 14:55:40,23110.6,2026-09-29,22600.0,PE,17.0,16.9,17.0,569933,49657,-2928,15.08
2026-09-24 14:55:40,23110.6,2026-09-29,22650.0,CE,509.9,500.5,502.1,1050,989,288,13.43
2026-09-24 14:55:40,23110.6,2026-09-29,22650.0,PE,20.15,20.1,20.15,368280,33727,1294,14.75
2026-09-24 14:55:40,23110.6,2026-09-29,22700.0,CE,460.95,455.7,457.15,6131,1205,755,12.68
2026-09-24 14:55:40,23110.6,2026-09-29,22700.0,PE,23.55,23.45,23.55,622198,68948,8992,14.35
2026-09-24 14:55:40,23110.6,2026-09-29,22750.0,CE,412.85,409.6,410.85,2917,921,408,12.59
2026-09-24 14:55:40,23110.6,2026-09-29,22750.0,PE,28.6,28.5,28.6,428510,25490,2964,14.02
2026-09-24 14:55:40,23110.6,2026-09-29,22800.0,CE,370.35,367.0,368.0,22124,5808,1662,12.58
2026-09-24 14:55:40,23110.6,2026-09-29,22800.0,PE,34.2,34.2,34.3,931698,110284,11833,13.67
2026-09-24 14:55:40,23110.6,2026-09-29,22850.0,CE,325.35,322.5,323.3,8555,1184,840,12.48
2026-09-24 14:55:40,23110.6,2026-09-29,22850.0,PE,42.15,42.1,42.25,495694,44816,7760,13.41
2026-09-24 14:55:40,23110.6,2026-09-29,22900.0,CE,282.0,281.65,282.25,45651,6658,4370,12.24
2026-09-24 14:55:40,23110.6,2026-09-29,22900.0,PE,52.0,51.7,51.85,891028,78577,4641,13.14
2026-09-24 14:55:40,23110.6,2026-09-29,22950.0,CE,245.7,245.0,245.45,41778,3800,3183,12.1
2026-09-24 14:55:40,23110.6,2026-09-29,22950.0,PE,62.35,62.6,62.8,633195,36752,6641,12.93
2026-09-24 14:55:40,23110.6,2026-09-29,23000.0,CE,207.85,208.1,208.45,390328,58322,37772,12.01
2026-09-24 14:55:40,23110.6,2026-09-29,23000.0,PE,77.15,77.25,77.35,2090820,204056,9044,12.79
2026-09-24 14:55:40,23110.6,2026-09-29,23050.0,CE,176.7,176.45,176.75,237216,25228,23991,11.87
2026-09-24 14:55:40,23110.6,2026-09-29,23050.0,PE,92.9,92.65,92.9,984937,51896,25023,12.59
2026-09-24 14:55:40,23110.6,2026-09-29,23100.0,CE,144.7,144.7,145.0,836857,112099,103294,11.68
2026-09-24 14:55:40,23110.6,2026-09-29,23100.0,PE,114.05,114.0,114.25,1832739,113945,53423,12.47
2026-09-24 14:55:40,23110.6,2026-09-29,23150.0,CE,119.0,119.0,119.2,683591,69232,65577,11.64
2026-09-24 14:55:40,23110.6,2026-09-29,23150.0,PE,136.55,136.6,136.95,1387088,42087,9575,12.32
2026-09-24 14:55:40,23110.6,2026-09-29,23200.0,CE,94.85,94.85,94.95,2154362,233715,211070,11.53
2026-09-24 14:55:40,23110.6,2026-09-29,23200.0,PE,163.9,163.55,163.85,3028495,100667,5145,12.24
2026-09-24 14:55:40,23110.6,2026-09-29,23250.0,CE,74.65,74.65,74.85,1636483,175922,160677,11.47
2026-09-24 14:55:40,23110.6,2026-09-29,23250.0,PE,195.2,194.4,194.85,1631968,61602,3713,12.35
2026-09-24 14:55:40,23110.6,2026-09-29,23300.0,CE,58.75,58.7,58.85,1884029,204578,140572,11.5
2026-09-24 14:55:40,23110.6,2026-09-29,23300.0,PE,225.55,224.95,225.5,1517117,94382,-47318,12.3
2026-09-24 14:55:40,23110.6,2026-09-29,23350.0,CE,45.0,45.0,45.1,764648,89433,64958,11.51
2026-09-24 14:55:40,23110.6,2026-09-29,23350.0,PE,265.05,263.6,264.4,488277,20067,-41156,12.46
2026-09-24 14:55:40,23110.6,2026-09-29,23400.0,CE,35.25,35.05,35.15,1319435,169590,52775,11.64
2026-09-24 14:55:40,23110.6,2026-09-29,23400.0,PE,299.7,300.1,300.95,656964,70417,-107964,12.52
2026-09-24 14:55:40,23110.6,2026-09-29,23450.0,CE,26.85,26.85,26.95,656918,76042,16631,11.76
2026-09-24 14:55:40,23110.6,2026-09-29,23450.0,PE,346.0,344.7,345.6,179199,19602,-37830,13.05
2026-09-24 14:55:40,23110.6,2026-09-29,23500.0,CE,20.75,20.75,20.8,1102418,208952,50766,11.96
2026-09-24 14:55:40,23110.6,2026-09-29,23500.0,PE,385.05,385.1,385.9,285477,87496,-32817,12.93
2026-09-24 14:55:40,23110.6,2026-09-29,23550.0,CE,15.8,15.7,15.8,504563,60057,-2018,12.12
2026-09-24 14:55:40,23110.6,2026-09-29,23550.0,PE,431.6,433.35,434.35,37717,5697,-5254,13.41
2026-09-24 14:55:40,23110.6,2026-09-29,23600.0,CE,12.2,12.15,12.2,799128,118795,11898,12.35
2026-09-24 14:55:40,23110.6,2026-09-29,23600.0,PE,480.6,478.75,480.4,51149,22946,-5133,14.03
2026-09-24 14:56:41,23115.05,2026-09-29,22600.0,CE,552.2,551.0,553.15,1427,588,473,12.4
2026-09-24 14:56:41,23115.05,2026-09-29,22600.0,PE,16.3,16.15,16.2,570725,49473,-3112,15.11
2026-09-24 14:56:41,23115.05,2026-09-29,22650.0,CE,506.25,504.1,505.85,1053,1001,300,13.43
2026-09-24 14:56:41,23115.05,2026-09-29,22650.0,PE,19.35,19.2,19.3,369100,33842,1409,14.77
2026-09-24 14:56:41,23115.05,2026-09-29,22700.0,CE,460.0,457.55,458.7,6144,1195,745,12.68
2026-09-24 14:56:41,23115.05,2026-09-29,22700.0,PE,22.8,22.85,22.95,623169,68894,8938,14.39
2026-09-24 14:56:41,23115.05,2026-09-29,22750.0,CE,412.35,413.05,414.2,2933,912,399,12.95
2026-09-24 14:56:41,23115.05,2026-09-29,22750.0,PE,27.35,27.35,27.45,429424,25770,3244,14.06
2026-09-24 14:56:41,23115.05,2026-09-29,22800.0,CE,366.85,368.1,369.0,22159,5748,1602,12.53
2026-09-24 14:56:41,23115.05,2026-09-29,22800.0,PE,33.3,33.25,33.4,933977,110737,12286,13.76
2026-09-24 14:56:41,23115.05,2026-09-29,22850.0,CE,325.4,326.2,326.95,8590,1210,866,12.46
2026-09-24 14:56:41,23115.05,2026-09-29,22850.0,PE,40.25,40.15,40.3,496593,44970,7914,13.43
2026-09-24 14:56:41,23115.05,2026-09-29,22900.0,CE,284.7,284.95,285.55,45832,6583,4295,12.24
2026-09-24 14:56:41,23115.05,2026-09-29,22900.0,PE,49.65,49.65,49.8,892856,77791,3855,13.17
2026-09-24 14:56:41,23115.05,2026-09-29,22950.0,CE,246.15,246.4,247.0,41960,3757,3140,12.1
2026-09-24 14:56:41,23115.05,2026-09-29,22950.0,PE,60.8,60.8,60.95,635015,37886,7775,12.98
2026-09-24 14:56:41,23115.05,2026-09-29,23000.0,CE,210.55,210.2,210.75,391458,58280,37730,12.0
2026-09-24 14:56:41,23115.05,2026-09-29,23000.0,PE,74.85,74.8,74.9,2095902,203073,8061,12.85
2026-09-24 14:56:41,23115.05,2026-09-29,23050.0,CE,176.9,176.6,177.0,238019,24416,23179,11.86
2026-09-24 14:56:41,23115.05,2026-09-29,23050.0,PE,91.05,91.05,91.35,987889,50765,23892,12.61
2026-09-24 14:56:41,23115.05,2026-09-29,23100.0,CE,146.55,146.2,146.55,839558,110721,101916,11.69
2026-09-24 14:56:41,23115.05,2026-09-29,23100.0,PE,110.4,110.4,110.65,1835509,114327,53805,12.51
2026-09-24 14:56:41,23115.05,2026-09-29,23150.0,CE,119.0,119.05,119.3,685947,68425,64770,11.63
2026-09-24 14:56:41,23115.05,2026-09-29,23150.0,PE,133.4,133.1,133.35,1388186,42479,9967,12.4
2026-09-24 14:56:41,23115.05,2026-09-29,23200.0,CE,95.8,95.7,95.8,2157584,233005,210360,11.55
2026-09-24 14:56:41,23115.05,2026-09-29,23200.0,PE,159.25,159.0,159.25,3030286,101058,5536,12.3
2026-09-24 14:56:41,23115.05,2026-09-29,23250.0,CE,75.4,75.3,75.4,1640330,174501,159256,11.49
2026-09-24 14:56:41,23115.05,2026-09-29,23250.0,PE,190.6,190.45,190.55,1632707,61548,3659,12.44
2026-09-24 14:56:41,23115.05,2026-09-29,23300.0,CE,58.8,58.7,58.8,1886786,203686,139680,11.48
2026-09-24 14:56:41,23115.05,2026-09-29,23300.0,PE,222.65,222.65,223.15,1517970,94331,-47369,12.31
2026-09-24 14:56:41,23115.05,2026-09-29,23350.0,CE,45.25,45.25,45.3,765924,89352,64877,11.49
2026-09-24 14:56:41,23115.05,2026-09-29,23350.0,PE,259.05,258.6,259.2,488520,20103,-41120,12.47
2026-09-24 14:56:41,23115.05,2026-09-29,23400.0,CE,34.8,34.75,34.8,1322088,168237,51422,11.63
2026-09-24 14:56:41,23115.05,2026-09-29,23400.0,PE,298.3,297.7,298.3,657403,70321,-108060,12.6
2026-09-24 14:56:41,23115.05,2026-09-29,23450.0,CE,26.7,26.7,26.75,658067,76297,16886,11.76
2026-09-24 14:56:41,23115.05,2026-09-29,23450.0,PE,341.05,339.65,340.55,179351,19562,-37870,13.05
2026-09-24 14:56:41,23115.05,2026-09-29,23500.0,CE,20.45,20.45,20.5,1104695,209677,51491,11.96
2026-09-24 14:56:41,23115.05,2026-09-29,23500.0,PE,383.1,383.1,384.1,285795,87449,-32864,13.1
2026-09-24 14:56:41,23115.05,2026-09-29,23550.0,CE,15.6,15.55,15.6,505510,59932,-2143,12.09
2026-09-24 14:56:41,23115.05,2026-09-29,23550.0,PE,426.85,427.4,428.65,37742,5694,-5257,13.48
2026-09-24 14:56:41,23115.05,2026-09-29,23600.0,CE,12.05,11.95,12.05,802420,120040,13143,12.35
2026-09-24 14:56:41,23115.05,2026-09-29,23600.0,PE,475.0,473.6,475.45,51184,22944,-5135,14.11
2026-09-24 14:57:41,23114.45,2026-09-29,22600.0,CE,555.15,555.5,557.95,1434,588,473,12.4
2026-09-24 14:57:41,23114.45,2026-09-29,22600.0,PE,15.2,15.15,15.25,572808,48995,-3590,15.08
2026-09-24 14:57:41,23114.45,2026-09-29,22650.0,CE,510.0,508.2,511.85,1054,1001,300,13.43
2026-09-24 14:57:41,23114.45,2026-09-29,22650.0,PE,18.2,18.2,18.3,370569,33826,1393,14.75
2026-09-24 14:57:41,23114.45,2026-09-29,22700.0,CE,463.1,464.05,465.6,6170,1185,735,12.68
2026-09-24 14:57:41,23114.45,2026-09-29,22700.0,PE,21.3,21.15,21.25,625458,68815,8859,14.35
2026-09-24 14:57:41,23114.45,2026-09-29,22750.0,CE,418.0,417.65,419.0,2952,900,387,12.59
2026-09-24 14:57:41,23114.45,2026-09-29,22750.0,PE,25.85,25.75,25.85,430887,25634,3108,14.02
2026-09-24 14:57:41,23114.45,2026-09-29,22800.0,CE,373.1,372.4,373.55,22311,5756,1610,12.58
2026-09-24 14:57:41,23114.45,2026-09-29,22800.0,PE,31.5,31.5,31.6,938109,111360,12909,13.67
2026-09-24 14:57:41,23114.45,2026-09-29,22850.0,CE,329.35,329.8,330.55,8750,1112,768,12.48
2026-09-24 14:57:41,23114.45,2026-09-29,22850.0,PE,38.35,38.4,38.5,499030,44881,7825,13.41
2026-09-24 14:57:41,23114.45,2026-09-29,22900.0,CE,289.0,288.15,288.9,46257,6567,4279,12.24
2026-09-24 14:57:41,23114.45,2026-09-29,22900.0,PE,47.3,47.35,47.4,896805,77581,3645,13.14
2026-09-24 14:57:41,23114.45,2026-09-29,22950.0,CE,249.85,249.4,250.05,42431,3620,3003,12.1
2026-09-24 14:57:41,23114.45,2026-09-29,22950.0,PE,58.2,58.1,58.25,637798,37860,7749,12.93
2026-09-24 14:57:41,23114.45,2026-09-29,23000.0,CE,213.05,213.05,213.25,394801,57370,36820,12.01
2026-09-24 14:57:41,23114.45,2026-09-29,23000.0,PE,71.95,71.95,72.0,2107162,200266,5254,12.79
2026-09-24 14:57:41,23114.45,2026-09-29,23050.0,CE,179.6,179.85,180.05,240880,24061,22824,11.87
2026-09-24 14:57:41,23114.45,2026-09-29,23050.0,PE,86.9,86.7,86.95,993988,49445,22572,12.59
2026-09-24 14:57:41,23114.45,2026-09-29,23100.0,CE,148.45,148.4,148.75,850563,108996,100191,11.68
2026-09-24 14:57:41,23114.45,2026-09-29,23100.0,PE,106.6,106.45,106.6,1844141,114363,53841,12.47
2026-09-24 14:57:41,23114.45,2026-09-29,23150.0,CE,120.65,120.65,120.95,691424,67806,64151,11.64
2026-09-24 14:57:41,23114.45,2026-09-29,23150.0,PE,129.25,129.4,129.65,1392115,41950,9438,12.32
2026-09-24 14:57:41,23114.45,2026-09-29,23200.0,CE,96.95,96.7,96.95,2168972,231084,208439,11.53
2026-09-24 14:57:41,23114.45,2026-09-29,23200.0,PE,155.05,155.0,155.25,3034664,100583,5061,12.24
2026-09-24 14:57:41,23114.45,2026-09-29,23250.0,CE,76.2,76.2,76.35,1645377,173335,158090,11.47
2026-09-24 14:57:41,23114.45,2026-09-29,23250.0,PE,185.0,185.45,185.75,1634672,61043,3154,12.35
2026-09-24 14:57:41,23114.45,2026-09-29,23300.0,CE,59.5,59.3,59.5,1891737,201758,137752,11.5
2026-09-24 14:57:41,23114.45,2026-09-29,23300.0,PE,217.5,217.5,218.0,1519442,94030,-47670,12.3
2026-09-24 14:57:41,23114.45,2026-09-29,23350.0,CE,45.6,45.6,45.65,768595,89410,64935,11.51
2026-09-24 14:57:41,23114.45,2026-09-29,23350.0,PE,253.4,253.6,254.3,488939,19979,-41244,12.46
2026-09-24 14:57:41,23114.45,2026-09-29,23400.0,CE,35.4,35.35,35.45,1325262,168063,51248,11.64
2026-09-24 14:57:41,23114.45,2026-09-29,23400.0,PE,290.6,290.2,290.6,658419,70216,-108165,12.52
2026-09-24 14:57:41,23114.45,2026-09-29,23450.0,CE,26.95,26.95,27.0,660280,75862,16451,11.76
2026-09-24 14:57:41,23114.45,2026-09-29,23450.0,PE,334.4,333.65,334.55,179455,19548,-37884,13.05
2026-09-24 14:57:41,23114.45,2026-09-29,23500.0,CE,20.7,20.6,20.7,1108341,210142,51956,11.96
2026-09-24 14:57:41,23114.45,2026-09-29,23500.0,PE,377.3,377.3,378.0,286391,87181,-33132,12.93
2026-09-24 14:57:41,23114.45,2026-09-29,23550.0,CE,15.65,15.6,15.7,506502,59800,-2275,12.12
2026-09-24 14:57:41,23114.45,2026-09-29,23550.0,PE,421.85,422.35,423.7,37760,5695,-5256,13.41
2026-09-24 14:57:41,23114.45,2026-09-29,23600.0,CE,12.05,12.05,12.1,805770,120032,13135,12.35
2026-09-24 14:57:41,23114.45,2026-09-29,23600.0,PE,467.85,468.35,469.85,51207,22950,-5129,14.03
2026-09-24 14:58:41,23106.3,2026-09-29,22600.0,CE,552.95,544.3,546.7,1438,588,473,12.4
2026-09-24 14:58:41,23106.3,2026-09-29,22600.0,PE,16.3,16.25,16.35,574386,48778,-3807,15.11
2026-09-24 14:58:41,23106.3,2026-09-29,22650.0,CE,500.5,496.6,499.15,1055,1001,300,13.43
2026-09-24 14:58:41,23106.3,2026-09-29,22650.0,PE,19.6,19.5,19.6,372219,33970,1537,14.77
2026-09-24 14:58:41,23106.3,2026-09-29,22700.0,CE,454.3,451.65,452.9,6186,1183,733,12.68
2026-09-24 14:58:41,23106.3,2026-09-29,22700.0,PE,23.2,23.15,23.2,627260,68907,8951,14.39
2026-09-24 14:58:41,23106.3,2026-09-29,22750.0,CE,409.0,405.65,407.55,2967,886,373,12.95
2026-09-24 14:58:41,23106.3,2026-09-29,22750.0,PE,28.1,28.0,28.1,431816,25425,2899,14.06
2026-09-24 14:58:41,23106.3,2026-09-29,22800.0,CE,363.1,363.15,363.85,22395,5757,1611,12.53
2026-09-24 14:58:41,23106.3,2026-09-29,22800.0,PE,33.8,33.85,33.95,942724,112278,13827,13.76
2026-09-24 14:58:41,23106.3,2026-09-29,22850.0,CE,320.5,320.2,321.05,8795,1108,764,12.46
2026-09-24 14:58:41,23106.3,2026-09-29,22850.0,PE,41.4,41.3,41.45,500334,44614,7558,13.43
2026-09-24 14:58:41,23106.3,2026-09-29,22900.0,CE,280.45,279.55,280.25,46545,6573,4285,12.24
2026-09-24 14:58:41,23106.3,2026-09-29,22900.0,PE,51.0,50.95,51.1,900573,77451,3515,13.17
2026-09-24 14:58:41,23106.3,2026-09-29,22950.0,CE,241.7,241.85,242.45,42695,3646,3029,12.1
2026-09-24 14:58:41,23106.3,2026-09-29,22950.0,PE,62.3,62.05,62.25,639931,37851,7740,12.98
2026-09-24 14:58:41,23106.3,2026-09-29,23000.0,CE,205.7,205.7,206.2,397348,57025,36475,12.0
2026-09-24 14:58:41,23106.3,2026-09-29,23000.0,PE,77.0,76.8,77.0,2113916,200680,5668,12.85
2026-09-24 14:58:41,23106.3,2026-09-29,23050.0,CE,173.1,172.7,173.15,243102,23670,22433,11.86
2026-09-24 14:58:41,23106.3,2026-09-29,23050.0,PE,93.3,93.25,93.5,998799,49102,22229,12.61
2026-09-24 14:58:41,23106.3,2026-09-29,23100.0,CE,142.35,142.4,142.75,859253,108550,99745,11.69
2026-09-24 14:58:41,23106.3,2026-09-29,23100.0,PE,113.7,113.5,113.65,1853049,115795,55273,12.51
2026-09-24 14:58:41,23106.3,2026-09-29,23150.0,CE,116.0,116.0,116.3,697385,68072,64417,11.63
2026-09-24 14:58:41,23106.3,2026-09-29,23150.0,PE,136.7,136.7,136.9,1395926,42168,9656,12.4
2026-09-24 14:58:41,23106.3,2026-09-29,23200.0,CE,92.85,92.8,93.05,2178923,230620,207975,11.55
2026-09-24 14:58:41,23106.3,2026-09-29,23200.0,PE,163.35,163.1,163.5,3039676,100243,4721,12.3
2026-09-24 14:58:41,23106.3,2026-09-29,23250.0,CE,73.2,73.2,73.4,1649427,173660,158415,11.49
2026-09-24 14:58:41,23106.3,2026-09-29,23250.0,PE,194.3,194.4,194.8,1635752,61012,3123,12.44
2026-09-24 14:58:41,23106.3,2026-09-29,23300.0,CE,57.15,57.15,57.3,1896482,201938,137932,11.48
2026-09-24 14:58:41,23106.3,2026-09-29,23300.0,PE,227.8,227.35,227.85,1521001,94048,-47652,12.31
2026-09-24 14:58:41,23106.3,2026-09-29,23350.0,CE,44.1,43.95,44.1,770527,89666,65191,11.49
2026-09-24 14:58:41,23106.3,2026-09-29,23350.0,PE,263.85,263.8,264.5,489239,19972,-41251,12.47
2026-09-24 14:58:41,23106.3,2026-09-29,23400.0,CE,33.85,33.85,34.0,1330154,168291,51476,11.63
2026-09-24 14:58:41,23106.3,2026-09-29,23400.0,PE,303.45,303.05,303.75,659288,70246,-108135,12.6
2026-09-24 14:58:41,23106.3,2026-09-29,23450.0,CE,26.1,26.1,26.15,661883,76143,16732,11.76
2026-09-24 14:58:41,23106.3,2026-09-29,23450.0,PE,344.0,346.1,347.0,179745,19547,-37885,13.05
2026-09-24 14:58:41,23106.3,2026-09-29,23500.0,CE,20.1,20.1,20.15,1113036,210902,52716,11.96
2026-09-24 14:58:41,23106.3,2026-09-29,23500.0,PE,388.8,388.8,389.8,286814,87217,-33096,13.1
2026-09-24 14:58:41,23106.3,2026-09-29,23550.0,CE,15.4,15.35,15.4,507938,59934,-2141,12.09
2026-09-24 14:58:41,23106.3,2026-09-29,23550.0,PE,431.2,434.5,435.9,37795,5697,-5254,13.48
2026-09-24 14:58:41,23106.3,2026-09-29,23600.0,CE,12.0,11.95,12.0,807955,119272,12375,12.35
2026-09-24 14:58:41,23106.3,2026-09-29,23600.0,PE,481.35,480.7,482.4,51255,22950,-5129,14.11
2026-09-24 14:59:41,23105.6,2026-09-29,22600.0,CE,546.5,546.7,548.6,1445,588,473,12.4
2026-09-24 14:59:41,23105.6,2026-09-29,22600.0,PE,16.75,16.75,16.8,577146,48711,-3874,15.08
2026-09-24 14:59:41,23105.6,2026-09-29,22650.0,CE,499.2,499.8,503.45,1060,1000,299,13.43
2026-09-24 14:59:41,23105.6,2026-09-29,22650.0,PE,20.0,19.95,20.0,374117,33934,1501,14.75
2026-09-24 14:59:41,23105.6,2026-09-29,22700.0,CE,454.55,453.95,455.5,6270,1152,702,12.68
2026-09-24 14:59:41,23105.6,2026-09-29,22700.0,PE,23.65,23.6,23.65,630620,68907,8951,14.35
2026-09-24 14:59:41,23105.6,2026-09-29,22750.0,CE,409.6,408.5,410.35,2997,888,375,12.59
2026-09-24 14:59:41,23105.6,2026-09-29,22750.0,PE,28.45,28.45,28.55,433551,25210,2684,14.02
2026-09-24 14:59:41,23105.6,2026-09-29,22800.0,CE,365.0,365.1,365.7,22650,5759,1613,12.58
2026-09-24 14:59:41,23105.6,2026-09-29,22800.0,PE,34.35,34.25,34.35,948477,113351,14900,13.67
2026-09-24 14:59:41,23105.6,2026-09-29,22850.0,CE,316.95,322.6,323.45,8876,1106,762,12.48
2026-09-24 14:59:41,23105.6,2026-09-29,22850.0,PE,41.9,41.65,41.8,502602,44616,7560,13.41
2026-09-24 14:59:41,23105.6,2026-09-29,22900.0,CE,282.2,281.85,282.5,46993,6529,4241,12.24
2026-09-24 14:59:41,23105.6,2026-09-29,22900.0,PE,51.25,51.2,51.35,907272,77436,3500,13.14
2026-09-24 14:59:41,23105.6,2026-09-29,22950.0,CE,243.7,243.6,244.2,43199,3532,2915,12.1
2026-09-24 14:59:41,23105.6,2026-09-29,22950.0,PE,62.6,62.5,62.6,643566,37750,7639,12.93
2026-09-24 14:59:41,23105.6,2026-09-29,23000.0,CE,208.0,207.75,208.3,400226,56067,35517,12.01
2026-09-24 14:59:41,23105.6,2026-09-29,23000.0,PE,77.2,77.0,77.15,2126074,200585,5573,12.79
2026-09-24 14:59:41,23105.6,2026-09-29,23050.0,CE,174.7,174.5,174.95,245977,23043,21806,11.87
2026-09-24 14:59:41,23105.6,2026-09-29,23050.0,PE,93.85,93.3,93.55,1005659,48453,21580,12.59
2026-09-24 14:59:41,23105.6,2026-09-29,23100.0,CE,144.1,143.8,144.1,868658,106559,97754,11.68
2026-09-24 14:59:41,23105.6,2026-09-29,23100.0,PE,113.65,113.7,113.95,1869300,117194,56672,12.47
2026-09-24 14:59:41,23105.6,2026-09-29,23150.0,CE,117.65,117.4,117.65,703782,67688,64033,11.64
2026-09-24 14:59:41,23105.6,2026-09-29,23150.0,PE,136.55,136.35,136.55,1402740,41497,8985,12.32
2026-09-24 14:59:41,23105.6,2026-09-29,23200.0,CE,94.2,94.05,94.2,2189372,228807,206162,11.53
2026-09-24 14:59:41,23105.6,2026-09-29,23200.0,PE,162.75,162.55,162.95,3046573,100572,5050,12.24
2026-09-24 14:59:41,23105.6,2026-09-29,23250.0,CE,74.35,74.15,74.25,1654454,172423,157178,11.47
2026-09-24 14:59:41,23105.6,2026-09-29,23250.0,PE,193.95,194.0,194.35,1637767,60887,2998,12.35
2026-09-24 14:59:41,23105.6,2026-09-29,23300.0,CE,57.95,57.95,58.0,1902183,200390,136384,11.5
2026-09-24 14:59:41,23105.6,2026-09-29,23300.0,PE,226.25,226.15,226.75,1523506,93827,-47873,12.3
2026-09-24 14:59:41,23105.6,2026-09-29,23350.0,CE,44.85,44.7,44.85,773490,89074,64599,11.51
2026-09-24 14:59:41,23105.6,2026-09-29,23350.0,PE,262.85,262.55,263.3,489778,19959,-41264,12.46
2026-09-24 14:59:41,23105.6,2026-09-29,23400.0,CE,34.4,34.4,34.55,1334977,166268,49453,11.64
2026-09-24 14:59:41,23105.6,2026-09-29,23400.0,PE,302.95,301.5,302.35,660419,70013,-108368,12.52
2026-09-24 14:59:41,23105.6,2026-09-29,23450.0,CE,26.6,26.55,26.6,663718,75310,15899,11.76
2026-09-24 14:59:41,23105.6,2026-09-29,23450.0,PE,344.45,345.05,346.0,180006,19561,-37871,13.05
2026-09-24 14:59:41,23105.6,2026-09-29,23500.0,CE,20.5,20.45,20.5,1118916,209912,51726,11.96
2026-09-24 14:59:41,23105.6,2026-09-29,23500.0,PE,387.2,387.2,388.2,287326,87193,-33120,12.93
2026-09-24 14:59:41,23105.6,2026-09-29,23550.0,CE,15.6,15.6,15.65,510896,59631,-2444,12.12
2026-09-24 14:59:41,23105.6,2026-09-29,23550.0,PE,434.15,432.45,433.75,37812,5696,-5255,13.41
2026-09-24 14:59:41,23105.6,2026-09-29,23600.0,CE,12.05,12.05,12.1,812323,118662,11765,12.35
2026-09-24 14:59:41,23105.6,2026-09-29,23600.0,PE,480.95,479.15,480.85,51324,22935,-5144,14.03
2026-09-24 15:00:41,23100.25,2026-09-29,22600.0,CE,546.5,541.05,543.9,1445,588,473,12.4
2026-09-24 15:00:41,23100.25,2026-09-29,22600.0,PE,17.6,17.65,17.7,578623,48865,-3720,15.08
2026-09-24 15:00:41,23100.25,2026-09-29,22650.0,CE,496.05,495.1,496.8,1062,1003,302,13.43
2026-09-24 15:00:41,23100.25,2026-09-29,22650.0,PE,21.0,21.05,21.1,376168,34184,1751,14.75
2026-09-24 15:00:41,23100.25,2026-09-29,22700.0,CE,450.0,449.35,450.55,6281,1147,697,12.68
2026-09-24 15:00:41,23100.25,2026-09-29,22700.0,PE,24.7,24.7,24.8,633656,68730,8774,14.35
2026-09-24 15:00:41,23100.25,2026-09-29,22750.0,CE,405.05,403.75,405.15,3014,891,378,12.59
2026-09-24 15:00:41,23100.25,2026-09-29,22750.0,PE,29.75,29.75,29.85,434349,25210,2684,14.02
2026-09-24 15:00:41,23100.25,2026-09-29,22800.0,CE,361.05,360.8,361.75,22685,5757,1611,12.58
2026-09-24 15:00:41,23100.25,2026-09-29,22800.0,PE,36.0,36.0,36.15,950421,113057,14606,13.67
2026-09-24 15:00:41,23100.25,2026-09-29,22850.0,CE,319.1,319.2,319.9,8885,1096,752,12.48
2026-09-24 15:00:41,23100.25,2026-09-29,22850.0,PE,43.8,43.65,43.7,503485,44650,7594,13.41
2026-09-24 15:00:41,23100.25,2026-09-29,22900.0,CE,278.7,278.5,279.2,47044,6620,4332,12.24
2026-09-24 15:00:41,23100.25,2026-09-29,22900.0,PE,53.4,53.35,53.5,908620,77041,3105,13.14
2026-09-24 15:00:41,23100.25,2026-09-29,22950.0,CE,240.7,240.2,240.85,43335,3595,2978,12.1
2026-09-24 15:00:41,23100.25,2026-09-29,22950.0,PE,65.55,65.5,65.6,646433,38000,7889,12.93
2026-09-24 15:00:41,23100.25,2026-09-29,23000.0,CE,205.35,204.65,205.2,400992,55964,35414,12.01
2026-09-24 15:00:41,23100.25,2026-09-29,23000.0,PE,80.35,80.35,80.55,2129920,199788,4776,12.79
2026-09-24 15:00:41,23100.25,2026-09-29,23050.0,CE,172.2,172.35,172.8,246843,22787,21550,11.87
2026-09-24 15:00:41,23100.25,2026-09-29,23050.0,PE,96.85,96.85,97.05,1007646,48291,21418,12.59
2026-09-24 15:00:41,23100.25,2026-09-29,23100.0,CE,142.55,142.25,142.6,872318,106559,97754,11.68
2026-09-24 15:00:41,23100.25,2026-09-29,23100.0,PE,117.2,117.2,117.5,1874555,117194,56672,12.47
2026-09-24 15:00:41,23100.25,2026-09-29,23150.0,CE,116.4,115.95,116.2,705788,66705,63050,11.64
2026-09-24 15:00:41,23100.25,2026-09-29,23150.0,PE,141.0,141.0,141.4,1404754,41052,8540,12.32
2026-09-24 15:00:41,23100.25,2026-09-29,23200.0,CE,93.4,93.15,93.4,2192009,228130,205485,11.53
2026-09-24 15:00:41,23100.25,2026-09-29,23200.0,PE,167.75,167.4,167.85,3048282,100421,4899,12.24
2026-09-24 15:00:41,23100.25,2026-09-29,23250.0,CE,73.8,73.8,73.9,1655907,172135,156890,11.47
2026-09-24 15:00:41,23100.25,2026-09-29,23250.0,PE,199.0,198.5,199.0,1638388,60936,3047,12.35
2026-09-24 15:00:41,23100.25,2026-09-29,23300.0,CE,57.8,57.7,57.8,1903953,199852,135846,11.5
2026-09-24 15:00:41,23100.25,2026-09-29,23300.0,PE,232.2,232.15,232.7,1524141,93804,-47896,12.3
2026-09-24 15:00:41,23100.25,2026-09-29,23350.0,CE,44.75,44.65,44.8,774209,88634,64159,11.51
2026-09-24 15:00:41,23100.25,2026-09-29,23350.0,PE,268.45,269.05,269.75,489879,19970,-41253,12.46
2026-09-24 15:00:41,23100.25,2026-09-29,23400.0,CE,34.85,34.7,34.8,1337969,165866,49051,11.64
2026-09-24 15:00:41,23100.25,2026-09-29,23400.0,PE,307.95,307.55,308.4,660681,70076,-108305,12.52
2026-09-24 15:00:41,23100.25,2026-09-29,23450.0,CE,27.0,26.9,27.0,664249,75310,15899,11.76
2026-09-24 15:00:41,23100.25,2026-09-29,23450.0,PE,351.35,350.55,351.4,180042,19546,-37886,13.05
2026-09-24 15:00:41,23100.25,2026-09-29,23500.0,CE,20.9,20.9,21.0,1120199,209446,51260,11.96
2026-09-24 15:00:41,23100.25,2026-09-29,23500.0,PE,394.0,393.45,394.55,287433,87217,-33096,12.93
2026-09-24 15:00:41,23100.25,2026-09-29,23550.0,CE,16.15,16.1,16.15,513054,59209,-2866,12.12
2026-09-24 15:00:41,23100.25,2026-09-29,23550.0,PE,438.9,438.9,439.75,37814,5696,-5255,13.41
2026-09-24 15:00:41,23100.25,2026-09-29,23600.0,CE,12.6,12.6,12.65,816214,118099,11202,12.35
2026-09-24 15:00:41,23100.25,2026-09-29,23600.0,PE,486.8,485.15,486.8,51331,22931,-5148,14.03
2026-09-24 15:01:41,23092.75,2026-09-29,22600.0,CE,535.8,538.25,541.25,1448,590,475,15.12
2026-09-24 15:01:41,23092.75,2026-09-29,22600.0,PE,18.0,18.0,18.1,579911,48577,-4008,15.04
2026-09-24 15:01:41,23092.75,2026-09-29,22650.0,CE,494.3,492.5,497.2,1063,1003,302,14.59
2026-09-24 15:01:41,23092.75,2026-09-29,22650.0,PE,21.6,21.55,21.65,377565,35559,3126,14.67
2026-09-24 15:01:41,23092.75,2026-09-29,22700.0,CE,448.1,446.9,448.1,6295,1143,693,13.62
2026-09-24 15:01:41,23092.75,2026-09-29,22700.0,PE,25.3,25.3,25.4,635693,68358,8402,14.23
2026-09-24 15:01:41,23092.75,2026-09-29,22750.0,CE,403.25,402.1,403.35,3032,888,375,13.26
2026-09-24 15:01:41,23092.75,2026-09-29,22750.0,PE,30.45,30.4,30.55,435435,25167,2641,13.88
2026-09-24 15:01:41,23092.75,2026-09-29,22800.0,CE,359.3,358.8,359.8,22881,5825,1679,13.01
2026-09-24 15:01:41,23092.75,2026-09-29,22800.0,PE,36.8,36.6,36.7,953483,113147,14696,13.55
2026-09-24 15:01:41,23092.75,2026-09-29,22850.0,CE,317.0,316.8,317.65,8925,1093,749,12.78
2026-09-24 15:01:41,23092.75,2026-09-29,22850.0,PE,44.5,44.3,44.45,504962,44704,7648,13.24
2026-09-24 15:01:41,23092.75,2026-09-29,22900.0,CE,277.2,276.25,276.9,47245,6640,4352,12.45
2026-09-24 15:01:41,23092.75,2026-09-29,22900.0,PE,54.2,54.25,54.45,912310,77228,3292,12.96
2026-09-24 15:01:41,23092.75,2026-09-29,22950.0,CE,239.35,238.25,238.8,43641,3573,2956,12.33
2026-09-24 15:01:41,23092.75,2026-09-29,22950.0,PE,66.45,66.45,66.65,648843,36819,6708,12.75
2026-09-24 15:01:41,23092.75,2026-09-29,23000.0,CE,203.6,202.8,203.25,402532,55983,35433,12.13
2026-09-24 15:01:41,23092.75,2026-09-29,23000.0,PE,81.3,81.2,81.4,2137551,199547,4535,12.57
2026-09-24 15:01:41,23092.75,2026-09-29,23050.0,CE,170.9,170.6,170.9,248114,22839,21602,11.94
2026-09-24 15:01:41,23092.75,2026-09-29,23050.0,PE,98.1,97.95,98.15,1011860,48145,21272,12.35
2026-09-24 15:01:41,23092.75,2026-09-29,23100.0,CE,140.65,140.65,140.9,877610,106883,98078,11.75
2026-09-24 15:01:41,23092.75,2026-09-29,23100.0,PE,118.8,118.4,118.7,1884081,116684,56162,12.23
2026-09-24 15:01:41,23092.75,2026-09-29,23150.0,CE,114.6,114.65,114.75,708487,67044,63389,11.66
2026-09-24 15:01:41,23092.75,2026-09-29,23150.0,PE,142.3,142.1,142.2,1407676,40975,8463,12.09
2026-09-24 15:01:41,23092.75,2026-09-29,23200.0,CE,91.55,91.7,91.9,2197255,228385,205740,11.57
2026-09-24 15:01:41,23092.75,2026-09-29,23200.0,PE,168.8,168.6,168.9,3052748,100168,4646,11.99
2026-09-24 15:01:41,23092.75,2026-09-29,23250.0,CE,72.45,72.2,72.35,1658507,172126,156881,11.51
2026-09-24 15:01:41,23092.75,2026-09-29,23250.0,PE,200.5,200.0,200.45,1639734,60910,3021,12.08
2026-09-24 15:01:41,23092.75,2026-09-29,23300.0,CE,56.3,56.35,56.45,1906813,199779,135773,11.49
2026-09-24 15:01:41,23092.75,2026-09-29,23300.0,PE,233.85,233.7,233.9,1526005,93745,-47955,11.93
2026-09-24 15:01:41,23092.75,2026-09-29,23350.0,CE,43.35,43.35,43.5,778640,88595,64120,11.52
2026-09-24 15:01:41,23092.75,2026-09-29,23350.0,PE,270.6,270.8,271.45,490195,19964,-41259,11.91
2026-09-24 15:01:41,23092.75,2026-09-29,23400.0,CE,33.65,33.6,33.7,1340289,167167,50352,11.62
2026-09-24 15:01:41,23092.75,2026-09-29,23400.0,PE,310.0,309.1,309.95,661564,70053,-108328,12.04
2026-09-24 15:01:41,23092.75,2026-09-29,23450.0,CE,25.95,25.9,26.0,665264,75245,15834,11.78
2026-09-24 15:01:41,23092.75,2026-09-29,23450.0,PE,352.75,352.3,353.25,180124,19547,-37885,12.28
2026-09-24 15:01:41,23092.75,2026-09-29,23500.0,CE,20.1,20.05,20.15,1125551,209340,51154,11.93
2026-09-24 15:01:41,23092.75,2026-09-29,23500.0,PE,396.3,395.1,395.9,287836,87284,-33029,12.43
2026-09-24 15:01:41,23092.75,2026-09-29,23550.0,CE,15.3,15.3,15.35,514867,59874,-2201,12.09
2026-09-24 15:01:41,23092.75,2026-09-29,23550.0,PE,441.1,440.6,441.95,37838,5697,-5254,12.64
2026-09-24 15:01:41,23092.75,2026-09-29,23600.0,CE,11.95,11.9,11.95,818156,117164,10267,12.32
2026-09-24 15:01:41,23092.75,2026-09-29,23600.0,PE,487.5,487.1,488.9,51392,22920,-5159,12.76
2026-09-24 15:02:42,23099.95,2026-09-29,22600.0,CE,541.5,534.55,537.95,1452,583,468,15.12
2026-09-24 15:02:42,23099.95,2026-09-29,22600.0,PE,18.35,18.3,18.4,580791,48591,-3994,15.04
2026-09-24 15:02:42,23099.95,2026-09-29,22650.0,CE,496.3,490.4,495.2,1066,1001,300,14.59
2026-09-24 15:02:42,23099.95,2026-09-29,22650.0,PE,21.9,21.9,22.0,378108,35984,3551,14.67
2026-09-24 15:02:42,23099.95,2026-09-29,22700.0,CE,450.05,442.2,442.8,6299,1136,686,13.62
2026-09-24 15:02:42,23099.95,2026-09-29,22700.0,PE,26.25,26.25,26.35,636585,68393,8437,14.23
2026-09-24 15:02:42,23099.95,2026-09-29,22750.0,CE,405.15,396.5,397.9,3037,881,368,13.26
2026-09-24 15:02:42,23099.95,2026-09-29,22750.0,PE,31.55,31.6,31.7,435840,25067,2541,13.88
2026-09-24 15:02:42,23099.95,2026-09-29,22800.0,CE,357.7,355.15,356.0,23075,5990,1844,13.01
2026-09-24 15:02:42,23099.95,2026-09-29,22800.0,PE,37.75,37.65,37.8,955184,112872,14421,13.55
2026-09-24 15:02:42,23099.95,2026-09-29,22850.0,CE,315.15,312.45,313.25,8936,1086,742,12.78
2026-09-24 15:02:42,23099.95,2026-09-29,22850.0,PE,45.7,45.85,46.0,505884,44759,7703,13.24
2026-09-24 15:02:42,23099.95,2026-09-29,22900.0,CE,275.0,274.75,275.45,47362,6754,4466,12.45
2026-09-24 15:02:42,23099.95,2026-09-29,22900.0,PE,55.1,55.0,55.15,915343,80189,6253,12.96
2026-09-24 15:02:42,23099.95,2026-09-29,22950.0,CE,237.6,236.95,237.55,43827,3606,2989,12.33
2026-09-24 15:02:42,23099.95,2026-09-29,22950.0,PE,67.05,67.25,67.45,649595,36738,6627,12.75
2026-09-24 15:02:42,23099.95,2026-09-29,23000.0,CE,201.55,201.8,202.3,403048,56095,35545,12.13
2026-09-24 15:02:42,23099.95,2026-09-29,23000.0,PE,82.45,82.15,82.3,2141083,200516,5504,12.57
2026-09-24 15:02:42,23099.95,2026-09-29,23050.0,CE,167.5,167.25,167.65,248828,22898,21661,11.94
2026-09-24 15:02:42,23099.95,2026-09-29,23050.0,PE,101.45,101.05,101.2,1013784,48827,21954,12.35
2026-09-24 15:02:42,23099.95,2026-09-29,23100.0,CE,138.05,138.0,138.2,880361,108025,99220,11.75
2026-09-24 15:02:42,23099.95,2026-09-29,23100.0,PE,122.25,121.85,122.15,1888517,120695,60173,12.23
2026-09-24 15:02:42,23099.95,2026-09-29,23150.0,CE,112.85,112.85,113.15,709732,65941,62286,11.66
2026-09-24 15:02:42,23099.95,2026-09-29,23150.0,PE,144.65,144.5,144.85,1408986,40420,7908,12.09
2026-09-24 15:02:42,23099.95,2026-09-29,23200.0,CE,90.1,90.05,90.1,2200079,226214,203569,11.57
2026-09-24 15:02:42,23099.95,2026-09-29,23200.0,PE,172.65,172.7,173.0,3054762,99070,3548,11.99
2026-09-24 15:02:42,23099.95,2026-09-29,23250.0,CE,71.65,71.5,71.7,1659706,170082,154837,11.51
2026-09-24 15:02:42,23099.95,2026-09-29,23250.0,PE,202.15,202.1,202.55,1640247,60308,2419,12.08
2026-09-24 15:02:42,23099.95,2026-09-29,23300.0,CE,55.85,55.8,55.95,1909334,198225,134219,11.49
2026-09-24 15:02:42,23099.95,2026-09-29,23300.0,PE,235.25,235.4,235.95,1526735,93420,-48280,11.93
2026-09-24 15:02:42,23099.95,2026-09-29,23350.0,CE,43.15,43.0,43.05,779712,87297,62822,11.52
2026-09-24 15:02:42,23099.95,2026-09-29,23350.0,PE,272.0,272.0,272.75,490476,19855,-41368,11.91
2026-09-24 15:02:42,23099.95,2026-09-29,23400.0,CE,33.0,32.95,33.0,1341976,166813,49998,11.62
2026-09-24 15:02:42,23099.95,2026-09-29,23400.0,PE,315.0,315.25,315.7,662165,70073,-108308,12.04
2026-09-24 15:02:42,23099.95,2026-09-29,23450.0,CE,25.5,25.45,25.5,666267,74485,15074,11.78
2026-09-24 15:02:42,23099.95,2026-09-29,23450.0,PE,358.0,357.9,358.9,180241,19291,-38141,12.28
2026-09-24 15:02:42,23099.95,2026-09-29,23500.0,CE,19.8,19.75,19.85,1127825,211814,53628,11.93
2026-09-24 15:02:42,23099.95,2026-09-29,23500.0,PE,399.05,399.65,400.0,288076,87227,-33086,12.43
2026-09-24 15:02:42,23099.95,2026-09-29,23550.0,CE,15.05,15.05,15.15,515623,59752,-2323,12.09
2026-09-24 15:02:42,23099.95,2026-09-29,23550.0,PE,443.45,446.5,448.05,37863,5696,-5255,12.64
2026-09-24 15:02:42,23099.95,2026-09-29,23600.0,CE,11.9,11.85,11.9,819163,117284,10387,12.32
2026-09-24 15:02:42,23099.95,2026-09-29,23600.0,PE,489.3,489.65,491.25,51487,22911,-5168,12.76
2026-09-24 15:03:42,23106.05,2026-09-29,22600.0,CE,539.9,545.45,547.45,1467,583,468,12.4
2026-09-24 15:03:42,23106.05,2026-09-29,22600.0,PE,16.85,16.85,16.9,584345,48591,-3994,15.08
2026-09-24 15:03:42,23106.05,2026-09-29,22650.0,CE,498.65,498.7,500.4,1087,1001,300,13.43
2026-09-24 15:03:42,23106.05,2026-09-29,22650.0,PE,20.25,20.2,20.25,379770,35984,3551,14.75
2026-09-24 15:03:42,23106.05,2026-09-29,22700.0,CE,453.95,452.85,454.0,6366,1117,667,12.68
2026-09-24 15:03:42,23106.05,2026-09-29,22700.0,PE,23.7,23.65,23.75,639733,67968,8012,14.35
2026-09-24 15:03:42,23106.05,2026-09-29,22750.0,CE,407.1,407.95,409.2,3070,881,368,12.59
2026-09-24 15:03:42,23106.05,2026-09-29,22750.0,PE,28.6,28.5,28.6,437951,25067,2541,14.02
2026-09-24 15:03:42,23106.05,2026-09-29,22800.0,CE,363.0,363.85,364.85,23529,5990,1844,12.58
2026-09-24 15:03:42,23106.05,2026-09-29,22800.0,PE,34.65,34.6,34.75,960981,112872,14421,13.67
2026-09-24 15:03:42,23106.05,2026-09-29,22850.0,CE,322.0,321.5,322.3,8985,1086,742,12.48
2026-09-24 15:03:42,23106.05,2026-09-29,22850.0,PE,41.85,41.9,41.95,509057,44759,7703,13.41
2026-09-24 15:03:42,23106.05,2026-09-29,22900.0,CE,280.8,280.95,281.65,47856,6754,4466,12.24
2026-09-24 15:03:42,23106.05,2026-09-29,22900.0,PE,51.4,51.3,51.4,924593,80189,6253,13.14
2026-09-24 15:03:42,23106.05,2026-09-29,22950.0,CE,242.8,242.7,243.0,44300,3606,2989,12.1
2026-09-24 15:03:42,23106.05,2026-09-29,22950.0,PE,63.15,63.05,63.25,653238,36738,6627,12.93
2026-09-24 15:03:42,23106.05,2026-09-29,23000.0,CE,207.0,206.7,207.0,406200,54670,34120,12.01
2026-09-24 15:03:42,23106.05,2026-09-29,23000.0,PE,77.65,77.5,77.75,2157070,201903,6891,12.79
2026-09-24 15:03:42,23106.05,2026-09-29,23050.0,CE,173.6,173.7,174.0,251272,22665,21428,11.87
2026-09-24 15:03:42,23106.05,2026-09-29,23050.0,PE,93.9,93.7,93.75,1021728,49277,22404,12.59
2026-09-24 15:03:42,23106.05,2026-09-29,23100.0,CE,143.35,143.1,143.45,890643,108025,99220,11.68
2026-09-24 15:03:42,23106.05,2026-09-29,23100.0,PE,113.5,113.45,113.75,1904213,120695,60173,12.47
2026-09-24 15:03:42,23106.05,2026-09-29,23150.0,CE,116.55,116.55,116.8,714863,65941,62286,11.64
2026-09-24 15:03:42,23106.05,2026-09-29,23150.0,PE,136.5,136.55,136.8,1413804,40420,7908,12.32
2026-09-24 15:03:42,23106.05,2026-09-29,23200.0,CE,93.2,93.05,93.2,2210240,226214,203569,11.53
2026-09-24 15:03:42,23106.05,2026-09-29,23200.0,PE,162.6,162.45,162.8,3062525,99070,3548,12.24
2026-09-24 15:03:42,23106.05,2026-09-29,23250.0,CE,73.2,73.2,73.35,1665987,170082,154837,11.47
2026-09-24 15:03:42,23106.05,2026-09-29,23250.0,PE,193.8,193.35,193.85,1642236,60308,2419,12.35
2026-09-24 15:03:42,23106.05,2026-09-29,23300.0,CE,57.0,56.95,57.05,1917108,198225,134219,11.5
2026-09-24 15:03:42,23106.05,2026-09-29,23300.0,PE,226.4,226.55,227.05,1529876,93420,-48280,12.3
2026-09-24 15:03:42,23106.05,2026-09-29,23350.0,CE,43.75,43.75,43.9,782740,87081,62606,11.51
2026-09-24 15:03:42,23106.05,2026-09-29,23350.0,PE,263.3,263.1,263.8,491379,19635,-41588,12.46
2026-09-24 15:03:42,23106.05,2026-09-29,23400.0,CE,33.85,33.75,33.85,1348174,164894,48079,11.64
2026-09-24 15:03:42,23106.05,2026-09-29,23400.0,PE,302.25,302.0,302.65,664035,70075,-108306,12.52
2026-09-24 15:03:42,23106.05,2026-09-29,23450.0,CE,25.95,25.95,26.05,668365,74485,15074,11.76
2026-09-24 15:03:42,23106.05,2026-09-29,23450.0,PE,345.05,344.8,345.7,180568,19291,-38141,13.05
2026-09-24 15:03:42,23106.05,2026-09-29,23500.0,CE,20.15,20.1,20.2,1134432,211814,53628,11.96
2026-09-24 15:03:42,23106.05,2026-09-29,23500.0,PE,389.25,388.1,389.4,288757,87227,-33086,12.93
2026-09-24 15:03:42,23106.05,2026-09-29,23550.0,CE,15.35,15.3,15.35,517764,59752,-2323,12.12
2026-09-24 15:03:42,23106.05,2026-09-29,23550.0,PE,436.15,433.5,434.8,37946,5679,-5272,13.41
2026-09-24 15:03:42,23106.05,2026-09-29,23600.0,CE,11.95,11.9,11.95,822313,117284,10387,12.35
2026-09-24 15:03:42,23106.05,2026-09-29,23600.0,PE,480.05,479.95,481.8,51695,22888,-5191,14.03
2026-09-24 15:04:42,23100.8,2026-09-29,22600.0,CE,549.9,546.75,548.95,1473,582,467,15.12
2026-09-24 15:04:42,23100.8,2026-09-29,22600.0,PE,16.95,16.85,16.95,585419,48985,-3600,15.04
2026-09-24 15:04:42,23100.8,2026-09-29,22650.0,CE,502.1,500.25,502.05,1100,1002,301,14.59
2026-09-24 15:04:42,23100.8,2026-09-29,22650.0,PE,20.35,20.15,20.25,380614,36045,3612,14.67
2026-09-24 15:04:42,23100.8,2026-09-29,22700.0,CE,454.5,454.0,455.1,6401,1114,664,13.62
2026-09-24 15:04:42,23100.8,2026-09-29,22700.0,PE,23.9,23.8,23.9,641435,67877,7921,14.23
2026-09-24 15:04:42,23100.8,2026-09-29,22750.0,CE,410.4,409.85,411.05,3088,882,369,13.26
2026-09-24 15:04:42,23100.8,2026-09-29,22750.0,PE,28.55,28.65,28.8,439041,24952,2426,13.88
2026-09-24 15:04:42,23100.8,2026-09-29,22800.0,CE,364.85,366.25,367.2,23812,5677,1531,13.01
2026-09-24 15:04:42,23100.8,2026-09-29,22800.0,PE,34.4,34.35,34.45,963598,112534,14083,13.55
2026-09-24 15:04:42,23100.8,2026-09-29,22850.0,CE,323.65,323.75,324.35,9037,1085,741,12.78
2026-09-24 15:04:42,23100.8,2026-09-29,22850.0,PE,41.9,41.8,41.85,510567,45023,7967,13.24
2026-09-24 15:04:42,23100.8,2026-09-29,22900.0,CE,283.75,283.0,283.85,48119,6725,4437,12.45
2026-09-24 15:04:42,23100.8,2026-09-29,22900.0,PE,51.15,51.1,51.2,930367,84573,10637,12.96
2026-09-24 15:04:42,23100.8,2026-09-29,22950.0,CE,245.25,244.2,244.7,44573,3659,3042,12.33
2026-09-24 15:04:42,23100.8,2026-09-29,22950.0,PE,62.85,62.9,63.05,654980,36913,6802,12.75
2026-09-24 15:04:42,23100.8,2026-09-29,23000.0,CE,208.9,208.5,208.75,407836,54545,33995,12.13
2026-09-24 15:04:42,23100.8,2026-09-29,23000.0,PE,76.95,76.95,77.1,2165983,202520,7508,12.57
2026-09-24 15:04:42,23100.8,2026-09-29,23050.0,CE,175.5,175.0,175.15,252803,22473,21236,11.94
2026-09-24 15:04:42,23100.8,2026-09-29,23050.0,PE,93.85,93.95,94.0,1025117,49442,22569,12.35
2026-09-24 15:04:42,23100.8,2026-09-29,23100.0,CE,144.45,144.3,144.5,897089,108025,99220,11.75
2026-09-24 15:04:42,23100.8,2026-09-29,23100.0,PE,114.0,114.05,114.15,1911532,122586,62064,12.23
2026-09-24 15:04:42,23100.8,2026-09-29,23150.0,CE,118.55,118.25,118.55,718463,65564,61909,11.66
2026-09-24 15:04:42,23100.8,2026-09-29,23150.0,PE,135.95,135.7,136.05,1416907,40387,7875,12.09
2026-09-24 15:04:42,23100.8,2026-09-29,23200.0,CE,94.6,94.65,94.75,2216474,224115,201470,11.57
2026-09-24 15:04:42,23100.8,2026-09-29,23200.0,PE,162.15,162.1,162.5,3065945,98097,2575,11.99
2026-09-24 15:04:42,23100.8,2026-09-29,23250.0,CE,74.55,74.55,74.65,1668439,169410,154165,11.51
2026-09-24 15:04:42,23100.8,2026-09-29,23250.0,PE,193.25,192.7,193.15,1643605,60578,2689,12.08
2026-09-24 15:04:42,23100.8,2026-09-29,23300.0,CE,57.85,57.8,57.95,1920305,198328,134322,11.49
2026-09-24 15:04:42,23100.8,2026-09-29,23300.0,PE,226.1,226.0,226.45,1531336,93529,-48171,11.93
2026-09-24 15:04:42,23100.8,2026-09-29,23350.0,CE,44.6,44.45,44.6,784625,87192,62717,11.52
2026-09-24 15:04:42,23100.8,2026-09-29,23350.0,PE,262.05,262.25,262.9,491753,19466,-41757,11.91
2026-09-24 15:04:42,23100.8,2026-09-29,23400.0,CE,34.25,34.25,34.35,1350974,163995,47180,11.62
2026-09-24 15:04:42,23100.8,2026-09-29,23400.0,PE,301.7,301.95,302.65,664950,70065,-108316,12.04
2026-09-24 15:04:42,23100.8,2026-09-29,23450.0,CE,26.6,26.55,26.6,669412,74493,15082,11.78
2026-09-24 15:04:42,23100.8,2026-09-29,23450.0,PE,345.25,344.65,345.65,180672,19302,-38130,12.28
2026-09-24 15:04:42,23100.8,2026-09-29,23500.0,CE,20.55,20.5,20.6,1138111,212818,54632,11.93
2026-09-24 15:04:42,23100.8,2026-09-29,23500.0,PE,387.35,385.95,386.85,289404,87313,-33000,12.43
2026-09-24 15:04:42,23100.8,2026-09-29,23550.0,CE,15.65,15.65,15.7,518528,59670,-2405,12.09
2026-09-24 15:04:42,23100.8,2026-09-29,23550.0,PE,433.7,431.4,432.75,37974,5688,-5263,12.64
2026-09-24 15:04:42,23100.8,2026-09-29,23600.0,CE,12.25,12.15,12.25,824658,116599,9702,12.32
2026-09-24 15:04:42,23100.8,2026-09-29,23600.0,PE,480.35,477.45,479.4,51729,22893,-5186,12.76
2026-09-24 15:05:43,23100.2,2026-09-29,22600.0,CE,549.9,543.4,545.05,1473,582,467,12.4
2026-09-24 15:05:43,23100.2,2026-09-29,22600.0,PE,17.0,16.95,17.05,586768,48605,-3980,15.08
2026-09-24 15:05:43,23100.2,2026-09-29,22650.0,CE,498.6,496.45,498.2,1125,1006,305,13.43
2026-09-24 15:05:43,23100.2,2026-09-29,22650.0,PE,20.35,20.3,20.4,382182,36284,3851,14.75
2026-09-24 15:05:43,23100.2,2026-09-29,22700.0,CE,451.25,450.45,451.7,6459,1093,643,12.68
2026-09-24 15:05:43,23100.2,2026-09-29,22700.0,PE,24.0,23.95,24.05,643715,67217,7261,14.35
2026-09-24 15:05:43,23100.2,2026-09-29,22750.0,CE,407.65,405.5,406.7,3124,877,364,12.59
2026-09-24 15:05:43,23100.2,2026-09-29,22750.0,PE,29.0,28.9,29.0,441084,24792,2266,14.02
2026-09-24 15:05:43,23100.2,2026-09-29,22800.0,CE,363.15,361.7,362.75,23932,5661,1515,12.58
2026-09-24 15:05:43,23100.2,2026-09-29,22800.0,PE,35.15,35.05,35.1,968317,112401,13950,13.67
2026-09-24 15:05:43,23100.2,2026-09-29,22850.0,CE,320.7,319.75,320.35,9077,1070,726,12.48
2026-09-24 15:05:43,23100.2,2026-09-29,22850.0,PE,42.6,42.55,42.6,512269,45059,8003,13.41
2026-09-24 15:05:43,23100.2,2026-09-29,22900.0,CE,280.1,279.2,279.9,48394,6635,4347,12.24
2026-09-24 15:05:43,23100.2,2026-09-29,22900.0,PE,52.05,52.0,52.15,936912,87306,13370,13.14
2026-09-24 15:05:43,23100.2,2026-09-29,22950.0,CE,241.6,241.1,241.65,44741,3668,3051,12.1
2026-09-24 15:05:43,23100.2,2026-09-29,22950.0,PE,64.25,64.2,64.35,657765,36964,6853,12.93
2026-09-24 15:05:43,23100.2,2026-09-29,23000.0,CE,205.7,205.4,205.9,410136,54275,33725,12.01
2026-09-24 15:05:43,23100.2,2026-09-29,23000.0,PE,78.75,78.75,79.0,2177379,201766,6754,12.79
2026-09-24 15:05:43,23100.2,2026-09-29,23050.0,CE,172.9,172.75,173.0,254652,22181,20944,11.87
2026-09-24 15:05:43,23100.2,2026-09-29,23050.0,PE,95.5,95.35,95.55,1029545,49927,23054,12.59
2026-09-24 15:05:43,23100.2,2026-09-29,23100.0,CE,142.4,142.45,142.7,903192,107044,98239,11.68
2026-09-24 15:05:43,23100.2,2026-09-29,23100.0,PE,116.1,115.9,116.15,1921653,123847,63325,12.47
2026-09-24 15:05:43,23100.2,2026-09-29,23150.0,CE,116.1,116.1,116.35,721668,65163,61508,11.64
2026-09-24 15:05:43,23100.2,2026-09-29,23150.0,PE,138.7,138.75,139.0,1420224,40557,8045,12.32
2026-09-24 15:05:43,23100.2,2026-09-29,23200.0,CE,92.8,92.95,93.0,2222754,223567,200922,11.53
2026-09-24 15:05:43,23100.2,2026-09-29,23200.0,PE,164.95,165.25,165.6,3069645,98384,2862,12.24
2026-09-24 15:05:43,23100.2,2026-09-29,23250.0,CE,73.2,73.05,73.2,1672349,169228,153983,11.47
2026-09-24 15:05:43,23100.2,2026-09-29,23250.0,PE,196.35,196.1,196.55,1644803,60773,2884,12.35
2026-09-24 15:05:43,23100.2,2026-09-29,23300.0,CE,57.1,57.05,57.2,1925083,198261,134255,11.5
2026-09-24 15:05:43,23100.2,2026-09-29,23300.0,PE,229.0,228.85,229.45,1532885,93921,-47779,12.3
2026-09-24 15:05:43,23100.2,2026-09-29,23350.0,CE,43.75,43.8,43.95,787080,87033,62558,11.51
2026-09-24 15:05:43,23100.2,2026-09-29,23350.0,PE,265.65,265.65,266.25,492031,19416,-41807,12.46
2026-09-24 15:05:43,23100.2,2026-09-29,23400.0,CE,33.95,33.85,33.95,1355823,162870,46055,11.64
2026-09-24 15:05:43,23100.2,2026-09-29,23400.0,PE,305.0,304.85,305.65,665715,68912,-109469,12.52
2026-09-24 15:05:43,23100.2,2026-09-29,23450.0,CE,26.2,26.1,26.2,670810,74453,15042,11.76
2026-09-24 15:05:43,23100.2,2026-09-29,23450.0,PE,348.0,347.95,348.8,180773,19273,-38159,13.05
2026-09-24 15:05:43,23100.2,2026-09-29,23500.0,CE,20.2,20.15,20.2,1142230,212461,54275,11.96
2026-09-24 15:05:43,23100.2,2026-09-29,23500.0,PE,390.6,390.6,391.5,289877,87348,-32965,12.93
2026-09-24 15:05:43,23100.2,2026-09-29,23550.0,CE,15.45,15.45,15.5,520029,59558,-2517,12.12
2026-09-24 15:05:43,23100.2,2026-09-29,23550.0,PE,436.75,436.45,437.95,38024,5671,-5280,13.41
2026-09-24 15:05:43,23100.2,2026-09-29,23600.0,CE,12.1,12.0,12.05,827461,116296,9399,12.35
2026-09-24 15:05:43,23100.2,2026-09-29,23600.0,PE,480.0,482.55,484.1,51747,22889,-5190,14.03
2026-09-24 15:06:43,23100.2,2026-09-29,22600.0,CE,549.9,542.0,543.85,1473,582,467,15.12
2026-09-24 15:06:43,23100.2,2026-09-29,22600.0,PE,17.25,17.2,17.3,587101,48605,-3980,15.04
2026-09-24 15:06:43,23100.2,2026-09-29,22650.0,CE,496.7,494.9,496.75,1132,1006,305,14.59
2026-09-24 15:06:43,23100.2,2026-09-29,22650.0,PE,20.5,20.55,20.65,382608,36284,3851,14.67
2026-09-24 15:06:43,23100.2,2026-09-29,22700.0,CE,450.5,449.3,450.45,6469,1093,643,13.62
2026-09-24 15:06:43,23100.2,2026-09-29,22700.0,PE,24.2,24.15,24.3,644225,67217,7261,14.23
2026-09-24 15:06:43,23100.2,2026-09-29,22750.0,CE,405.55,404.05,405.45,3132,877,364,13.26
2026-09-24 15:06:43,23100.2,2026-09-29,22750.0,PE,29.15,29.05,29.2,441450,24792,2266,13.88
2026-09-24 15:06:43,23100.2,2026-09-29,22800.0,CE,361.65,360.45,361.5,23958,5661,1515,13.01
2026-09-24 15:06:43,23100.2,2026-09-29,22800.0,PE,35.45,35.35,35.45,969120,112401,13950,13.55
2026-09-24 15:06:43,23100.2,2026-09-29,22850.0,CE,319.3,318.55,319.35,9088,1070,726,12.78
2026-09-24 15:06:43,23100.2,2026-09-29,22850.0,PE,42.9,42.8,42.95,512505,45059,8003,13.24
2026-09-24 15:06:43,23100.2,2026-09-29,22900.0,CE,278.35,278.1,278.8,48440,6635,4347,12.45
2026-09-24 15:06:43,23100.2,2026-09-29,22900.0,PE,52.4,52.35,52.5,937914,87306,13370,12.96
2026-09-24 15:06:43,23100.2,2026-09-29,22950.0,CE,240.0,240.0,240.1,44789,3668,3051,12.33
2026-09-24 15:06:43,23100.2,2026-09-29,22950.0,PE,65.0,65.0,65.2,658243,36964,6853,12.75
2026-09-24 15:06:43,23100.2,2026-09-29,23000.0,CE,204.6,204.55,205.0,410597,54275,33725,12.13
2026-09-24 15:06:43,23100.2,2026-09-29,23000.0,PE,79.55,79.6,79.65,2179345,201766,6754,12.57
2026-09-24 15:06:43,23100.2,2026-09-29,23050.0,CE,172.15,171.9,172.35,255133,22181,20944,11.94
2026-09-24 15:06:43,23100.2,2026-09-29,23050.0,PE,96.2,96.2,96.5,1030611,49927,23054,12.35
2026-09-24 15:06:43,23100.2,2026-09-29,23100.0,CE,142.0,142.0,142.3,904127,107044,98239,11.75
2026-09-24 15:06:43,23100.2,2026-09-29,23100.0,PE,116.25,116.35,116.6,1925363,123847,63325,12.23
2026-09-24 15:06:43,23100.2,2026-09-29,23150.0,CE,115.85,115.65,115.9,722521,65163,61508,11.66
2026-09-24 15:06:43,23100.2,2026-09-29,23150.0,PE,140.1,139.85,140.15,1421515,40557,8045,12.09
2026-09-24 15:06:43,23100.2,2026-09-29,23200.0,CE,92.7,92.5,92.7,2224190,223567,200922,11.57
2026-09-24 15:06:43,23100.2,2026-09-29,23200.0,PE,166.15,166.2,166.65,3070480,98384,2862,11.99
2026-09-24 15:06:43,23100.2,2026-09-29,23250.0,CE,72.95,72.95,73.1,1675363,169228,153983,11.51
2026-09-24 15:06:43,23100.2,2026-09-29,23250.0,PE,197.25,197.4,197.85,1645224,60773,2884,12.08
2026-09-24 15:06:43,23100.2,2026-09-29,23300.0,CE,56.9,56.85,57.05,1928380,198261,134255,11.49
2026-09-24 15:06:43,23100.2,2026-09-29,23300.0,PE,230.65,230.5,231.1,1533247,93921,-47779,11.93
2026-09-24 15:06:43,23100.2,2026-09-29,23350.0,CE,44.1,43.95,44.1,787468,87033,62558,11.52
2026-09-24 15:06:43,23100.2,2026-09-29,23350.0,PE,267.45,267.45,268.2,492226,19416,-41807,11.91
2026-09-24 15:06:43,23100.2,2026-09-29,23400.0,CE,34.15,34.15,34.25,1365529,162870,46055,11.62
2026-09-24 15:06:43,23100.2,2026-09-29,23400.0,PE,306.65,306.65,307.0,665911,68912,-109469,12.04
2026-09-24 15:06:43,23100.2,2026-09-29,23450.0,CE,26.35,26.3,26.35,671133,74453,15042,11.78
2026-09-24 15:06:43,23100.2,2026-09-29,23450.0,PE,349.85,349.3,350.35,180835,19273,-38159,12.28
2026-09-24 15:06:43,23100.2,2026-09-29,23500.0,CE,20.4,20.4,20.45,1144994,212461,54275,11.93
2026-09-24 15:06:43,23100.2,2026-09-29,23500.0,PE,392.95,392.5,392.95,290028,87348,-32965,12.43
2026-09-24 15:06:43,23100.2,2026-09-29,23550.0,CE,15.7,15.65,15.7,520427,59558,-2517,12.09
2026-09-24 15:06:43,23100.2,2026-09-29,23550.0,PE,438.5,437.85,439.35,38066,5671,-5280,12.64
2026-09-24 15:06:43,23100.2,2026-09-29,23600.0,CE,12.25,12.25,12.3,827997,116296,9399,12.32
2026-09-24 15:06:43,23100.2,2026-09-29,23600.0,PE,484.0,484.35,485.8,51763,22889,-5190,12.76
2026-09-24 15:07:43,23092.8,2026-09-29,22600.0,CE,541.6,539.85,543.0,1475,582,467,15.12
2026-09-24 15:07:43,23092.8,2026-09-29,22600.0,PE,17.0,17.0,17.1,588107,48559,-4026,15.04
2026-09-24 15:07:43,23092.8,2026-09-29,22650.0,CE,495.7,493.55,495.45,1139,1004,303,14.59
2026-09-24 15:07:43,23092.8,2026-09-29,22650.0,PE,20.55,20.45,20.5,383343,36167,3734,14.67
2026-09-24 15:07:43,23092.8,2026-09-29,22700.0,CE,447.45,447.55,448.9,6499,1080,630,13.62
2026-09-24 15:07:43,23092.8,2026-09-29,22700.0,PE,24.15,24.1,24.2,645545,66984,7028,14.23
2026-09-24 15:07:43,23092.8,2026-09-29,22750.0,CE,403.15,402.8,404.15,3149,876,363,13.26
2026-09-24 15:07:43,23092.8,2026-09-29,22750.0,PE,29.1,29.05,29.2,442512,24607,2081,13.88
2026-09-24 15:07:43,23092.8,2026-09-29,22800.0,CE,359.9,359.1,360.0,24056,5651,1505,13.01
2026-09-24 15:07:43,23092.8,2026-09-29,22800.0,PE,35.5,35.35,35.5,970963,112141,13690,13.55
2026-09-24 15:07:43,23092.8,2026-09-29,22850.0,CE,318.4,317.25,317.95,9112,1072,728,12.78
2026-09-24 15:07:43,23092.8,2026-09-29,22850.0,PE,43.1,42.95,43.1,513165,44933,7877,13.24
2026-09-24 15:07:43,23092.8,2026-09-29,22900.0,CE,277.5,276.25,277.0,48518,6589,4301,12.45
2026-09-24 15:07:43,23092.8,2026-09-29,22900.0,PE,53.05,52.9,53.05,940011,87362,13426,12.96
2026-09-24 15:07:43,23092.8,2026-09-29,22950.0,CE,239.05,238.85,239.45,44927,3639,3022,12.33
2026-09-24 15:07:43,23092.8,2026-09-29,22950.0,PE,64.6,64.75,64.95,659188,36962,6851,12.75
2026-09-24 15:07:43,23092.8,2026-09-29,23000.0,CE,204.45,203.25,203.8,411430,54007,33457,12.13
2026-09-24 15:07:43,23092.8,2026-09-29,23000.0,PE,79.85,79.9,80.0,2183468,201568,6556,12.57
2026-09-24 15:07:43,23092.8,2026-09-29,23050.0,CE,171.1,170.65,171.05,255820,22088,20851,11.94
2026-09-24 15:07:43,23092.8,2026-09-29,23050.0,PE,96.55,96.6,96.9,1032446,49545,22672,12.35
2026-09-24 15:07:43,23092.8,2026-09-29,23100.0,CE,141.25,141.15,141.5,906658,107257,98452,11.75
2026-09-24 15:07:43,23092.8,2026-09-29,23100.0,PE,117.95,117.55,117.85,1930728,125992,65470,12.23
2026-09-24 15:07:43,23092.8,2026-09-29,23150.0,CE,114.7,114.75,115.05,723882,65228,61573,11.66
2026-09-24 15:07:43,23092.8,2026-09-29,23150.0,PE,140.45,140.45,140.75,1422936,40218,7706,12.09
2026-09-24 15:07:43,23092.8,2026-09-29,23200.0,CE,91.85,91.85,92.05,2227363,223489,200844,11.57
2026-09-24 15:07:43,23092.8,2026-09-29,23200.0,PE,166.65,166.65,167.1,3072888,98132,2610,11.99
2026-09-24 15:07:43,23092.8,2026-09-29,23250.0,CE,72.05,72.05,72.2,1682954,170941,155696,11.51
2026-09-24 15:07:43,23092.8,2026-09-29,23250.0,PE,198.45,198.3,198.8,1645814,60546,2657,12.08
2026-09-24 15:07:43,23092.8,2026-09-29,23300.0,CE,56.65,56.5,56.7,1930366,198236,134230,11.49
2026-09-24 15:07:43,23092.8,2026-09-29,23300.0,PE,231.7,231.7,232.15,1534138,93416,-48284,11.93
2026-09-24 15:07:43,23092.8,2026-09-29,23350.0,CE,43.65,43.65,43.8,788265,87213,62738,11.52
2026-09-24 15:07:43,23092.8,2026-09-29,23350.0,PE,268.85,267.9,268.65,492632,19156,-42067,11.91
2026-09-24 15:07:43,23092.8,2026-09-29,23400.0,CE,33.95,33.85,33.95,1367252,161859,45044,11.62
2026-09-24 15:07:43,23092.8,2026-09-29,23400.0,PE,307.9,307.9,308.7,666527,68422,-109959,12.04
2026-09-24 15:07:43,23092.8,2026-09-29,23450.0,CE,26.15,26.15,26.25,671586,74199,14788,11.78
2026-09-24 15:07:43,23092.8,2026-09-29,23450.0,PE,351.15,350.2,351.15,180912,19208,-38224,12.28
2026-09-24 15:07:43,23092.8,2026-09-29,23500.0,CE,20.4,20.3,20.4,1153067,210288,52102,11.93
2026-09-24 15:07:43,23092.8,2026-09-29,23500.0,PE,392.85,393.8,394.65,290435,87010,-33303,12.43
2026-09-24 15:07:43,23092.8,2026-09-29,23550.0,CE,15.7,15.6,15.7,521325,59511,-2564,12.09
2026-09-24 15:07:43,23092.8,2026-09-29,23550.0,PE,438.0,439.45,440.8,38090,5650,-5301,12.64
2026-09-24 15:07:43,23092.8,2026-09-29,23600.0,CE,12.3,12.25,12.3,829736,116373,9476,12.32
2026-09-24 15:07:43,23092.8,2026-09-29,23600.0,PE,485.95,486.4,487.8,51778,22886,-5193,12.76
2026-09-24 15:08:44,23090.75,2026-09-29,22600.0,CE,541.6,539.85,543.0,1475,582,467,15.12
2026-09-24 15:08:44,23090.75,2026-09-29,22600.0,PE,17.0,17.0,17.1,588107,48559,-4026,15.04
2026-09-24 15:08:44,23090.75,2026-09-29,22650.0,CE,495.7,493.55,495.45,1139,1004,303,14.59
2026-09-24 15:08:44,23090.75,2026-09-29,22650.0,PE,20.55,20.45,20.5,383343,36167,3734,14.67
2026-09-24 15:08:44,23090.75,2026-09-29,22700.0,CE,447.45,447.55,448.9,6499,1080,630,13.62
2026-09-24 15:08:44,23090.75,2026-09-29,22700.0,PE,24.15,24.1,24.2,645545,66984,7028,14.23
2026-09-24 15:08:44,23090.75,2026-09-29,22750.0,CE,403.15,402.8,404.15,3149,876,363,13.26
2026-09-24 15:08:44,23090.75,2026-09-29,22750.0,PE,29.1,29.05,29.2,442512,24607,2081,13.88
2026-09-24 15:08:44,23090.75,2026-09-29,22800.0,CE,359.9,359.1,360.0,24056,5651,1505,13.01
2026-09-24 15:08:44,23090.75,2026-09-29,22800.0,PE,35.5,35.35,35.5,970963,112141,13690,13.55
2026-09-24 15:08:44,23090.75,2026-09-29,22850.0,CE,318.4,317.25,317.95,9112,1072,728,12.78
2026-09-24 15:08:44,23090.75,2026-09-29,22850.0,PE,43.1,42.95,43.1,513165,44933,7877,13.24
2026-09-24 15:08:44,23090.75,2026-09-29,22900.0,CE,277.5,276.25,277.0,48518,6589,4301,12.45
2026-09-24 15:08:44,23090.75,2026-09-29,22900.0,PE,53.05,52.9,53.05,940011,87362,13426,12.96
2026-09-24 15:08:44,23090.75,2026-09-29,22950.0,CE,239.05,238.85,239.45,44927,3639,3022,12.33
2026-09-24 15:08:44,23090.75,2026-09-29,22950.0,PE,64.6,64.75,64.95,659188,36962,6851,12.75
2026-09-24 15:08:44,23090.75,2026-09-29,23000.0,CE,204.45,203.25,203.8,411430,54007,33457,12.13
2026-09-24 15:08:44,23090.75,2026-09-29,23000.0,PE,79.85,79.9,80.0,2183468,201568,6556,12.57
2026-09-24 15:08:44,23090.75,2026-09-29,23050.0,CE,171.1,170.65,171.05,255820,22088,20851,11.94
2026-09-24 15:08:44,23090.75,2026-09-29,23050.0,PE,96.55,96.6,96.9,1032446,49545,22672,12.35
2026-09-24 15:08:44,23090.75,2026-09-29,23100.0,CE,141.25,141.15,141.5,906658,107257,98452,11.75
2026-09-24 15:08:44,23090.75,2026-09-29,23100.0,PE,117.95,117.55,117.85,1930728,125992,65470,12.23
2026-09-24 15:08:44,23090.75,2026-09-29,23150.0,CE,114.7,114.75,115.05,723882,65228,61573,11.66
2026-09-24 15:08:44,23090.75,2026-09-29,23150.0,PE,140.45,140.45,140.75,1422936,40218,7706,12.09
2026-09-24 15:08:44,23090.75,2026-09-29,23200.0,CE,91.85,91.85,92.05,2227363,223489,200844,11.57
2026-09-24 15:08:44,23090.75,2026-09-29,23200.0,PE,166.65,166.65,167.1,3072888,98132,2610,11.99
2026-09-24 15:08:44,23090.75,2026-09-29,23250.0,CE,72.05,72.05,72.2,1682954,170941,155696,11.51
2026-09-24 15:08:44,23090.75,2026-09-29,23250.0,PE,198.45,198.3,198.8,1645814,60546,2657,12.08
2026-09-24 15:08:44,23090.75,2026-09-29,23300.0,CE,56.65,56.5,56.7,1930366,198236,134230,11.49
2026-09-24 15:08:44,23090.75,2026-09-29,23300.0,PE,231.7,231.7,232.15,1534138,93416,-48284,11.93
2026-09-24 15:08:44,23090.75,2026-09-29,23350.0,CE,43.65,43.65,43.8,788265,87213,62738,11.52
2026-09-24 15:08:44,23090.75,2026-09-29,23350.0,PE,268.85,267.9,268.65,492632,19156,-42067,11.91
2026-09-24 15:08:44,23090.75,2026-09-29,23400.0,CE,33.95,33.85,33.95,1367252,161859,45044,11.62
2026-09-24 15:08:44,23090.75,2026-09-29,23400.0,PE,307.9,307.9,308.7,666527,68422,-109959,12.04
2026-09-24 15:08:44,23090.75,2026-09-29,23450.0,CE,26.15,26.15,26.25,671586,74199,14788,11.78
2026-09-24 15:08:44,23090.75,2026-09-29,23450.0,PE,351.15,350.2,351.15,180912,19208,-38224,12.28
2026-09-24 15:08:44,23090.75,2026-09-29,23500.0,CE,20.4,20.3,20.4,1153067,210288,52102,11.93
2026-09-24 15:08:44,23090.75,2026-09-29,23500.0,PE,392.85,393.8,394.65,290435,87010,-33303,12.43
2026-09-24 15:08:44,23090.75,2026-09-29,23550.0,CE,15.7,15.6,15.7,521325,59511,-2564,12.09
2026-09-24 15:08:44,23090.75,2026-09-29,23550.0,PE,438.0,439.45,440.8,38090,5650,-5301,12.64
2026-09-24 15:08:44,23090.75,2026-09-29,23600.0,CE,12.3,12.25,12.3,829736,116373,9476,12.32
2026-09-24 15:08:44,23090.75,2026-09-29,23600.0,PE,485.95,486.4,487.8,51778,22886,-5193,12.76
2026-09-24 15:09:44,23086.2,2026-09-29,22600.0,CE,529.2,527.95,530.0,1510,553,438,15.12
2026-09-24 15:09:44,23086.2,2026-09-29,22600.0,PE,17.95,17.9,18.0,591812,48305,-4280,15.04
2026-09-24 15:09:44,23086.2,2026-09-29,22650.0,CE,483.65,481.95,483.7,1213,1007,306,14.59
2026-09-24 15:09:44,23086.2,2026-09-29,22650.0,PE,21.65,21.65,21.75,385005,36422,3989,14.67
2026-09-24 15:09:44,23086.2,2026-09-29,22700.0,CE,437.0,436.4,437.65,6618,1041,591,13.62
2026-09-24 15:09:44,23086.2,2026-09-29,22700.0,PE,25.65,25.55,25.65,647644,66967,7011,14.23
2026-09-24 15:09:44,23086.2,2026-09-29,22750.0,CE,393.1,391.45,392.85,3262,847,334,13.26
2026-09-24 15:09:44,23086.2,2026-09-29,22750.0,PE,31.0,30.9,31.05,445431,24575,2049,13.88
2026-09-24 15:09:44,23086.2,2026-09-29,22800.0,CE,348.85,348.45,349.35,24768,5924,1778,13.01
2026-09-24 15:09:44,23086.2,2026-09-29,22800.0,PE,37.7,37.5,37.65,975759,110421,11970,13.55
2026-09-24 15:09:44,23086.2,2026-09-29,22850.0,CE,307.3,306.7,307.35,9219,1060,716,12.78
2026-09-24 15:09:44,23086.2,2026-09-29,22850.0,PE,45.95,45.7,45.85,515926,44500,7444,13.24
2026-09-24 15:09:44,23086.2,2026-09-29,22900.0,CE,267.7,267.25,267.95,48980,6666,4378,12.45
2026-09-24 15:09:44,23086.2,2026-09-29,22900.0,PE,55.85,55.85,56.0,944472,87159,13223,12.96
2026-09-24 15:09:44,23086.2,2026-09-29,22950.0,CE,229.65,229.6,230.25,45446,3590,2973,12.33
2026-09-24 15:09:44,23086.2,2026-09-29,22950.0,PE,68.85,68.8,69.0,662559,36817,6706,12.75
2026-09-24 15:09:44,23086.2,2026-09-29,23000.0,CE,194.9,195.15,195.55,417669,52997,32447,12.13
2026-09-24 15:09:44,23086.2,2026-09-29,23000.0,PE,84.5,84.5,84.65,2197070,202354,7342,12.57
2026-09-24 15:09:44,23086.2,2026-09-29,23050.0,CE,163.1,163.35,163.75,258935,22199,20962,11.94
2026-09-24 15:09:44,23086.2,2026-09-29,23050.0,PE,101.85,101.7,101.95,1039626,49638,22765,12.35
2026-09-24 15:09:44,23086.2,2026-09-29,23100.0,CE,134.05,133.9,134.25,919936,108494,99689,11.75
2026-09-24 15:09:44,23086.2,2026-09-29,23100.0,PE,123.25,123.2,123.35,1950110,128150,67628,12.23
2026-09-24 15:09:44,23086.2,2026-09-29,23150.0,CE,108.95,109.1,109.3,730966,64025,60370,11.66
2026-09-24 15:09:44,23086.2,2026-09-29,23150.0,PE,148.05,147.6,147.75,1428555,39069,6557,12.09
2026-09-24 15:09:44,23086.2,2026-09-29,23200.0,CE,86.8,86.8,87.05,2242606,218050,195405,11.57
2026-09-24 15:09:44,23086.2,2026-09-29,23200.0,PE,176.0,175.5,175.9,3083287,94116,-1406,11.99
2026-09-24 15:09:44,23086.2,2026-09-29,23250.0,CE,68.3,68.3,68.5,1692380,172074,156829,11.51
2026-09-24 15:09:44,23086.2,2026-09-29,23250.0,PE,207.65,207.35,207.55,1648513,60071,2182,12.08
2026-09-24 15:09:44,23086.2,2026-09-29,23300.0,CE,53.3,53.2,53.3,1942430,197853,133847,11.49
2026-09-24 15:09:44,23086.2,2026-09-29,23300.0,PE,241.2,241.45,242.0,1537216,93267,-48433,11.93
2026-09-24 15:09:44,23086.2,2026-09-29,23350.0,CE,41.25,41.15,41.25,795311,86665,62190,11.52
2026-09-24 15:09:44,23086.2,2026-09-29,23350.0,PE,279.45,278.65,279.45,493075,18972,-42251,11.91
2026-09-24 15:09:44,23086.2,2026-09-29,23400.0,CE,32.05,32.05,32.1,1377742,160698,43883,11.62
2026-09-24 15:09:44,23086.2,2026-09-29,23400.0,PE,318.7,318.75,319.65,668087,68305,-110076,12.04
2026-09-24 15:09:44,23086.2,2026-09-29,23450.0,CE,24.7,24.65,24.75,674522,73956,14545,11.78
2026-09-24 15:09:44,23086.2,2026-09-29,23450.0,PE,362.8,362.4,363.35,181254,19021,-38411,12.28
2026-09-24 15:09:44,23086.2,2026-09-29,23500.0,CE,19.2,19.2,19.3,1160171,204375,46189,11.93
2026-09-24 15:09:44,23086.2,2026-09-29,23500.0,PE,405.25,405.45,406.55,291226,87157,-33156,12.43
2026-09-24 15:09:44,23086.2,2026-09-29,23550.0,CE,14.8,14.85,14.9,523804,59003,-3072,12.09
2026-09-24 15:09:44,23086.2,2026-09-29,23550.0,PE,451.55,450.65,452.25,38212,5628,-5323,12.64
2026-09-24 15:09:44,23086.2,2026-09-29,23600.0,CE,11.7,11.6,11.7,836402,117994,11097,12.32
2026-09-24 15:09:44,23086.2,2026-09-29,23600.0,PE,498.75,498.35,499.85,51847,22884,-5195,12.76
2026-09-24 15:10:44,23085.85,2026-09-29,22600.0,CE,530.75,529.05,531.05,1512,547,432,15.12
2026-09-24 15:10:44,23085.85,2026-09-29,22600.0,PE,17.7,17.7,17.8,592134,48356,-4229,15.04
2026-09-24 15:10:44,23085.85,2026-09-29,22650.0,CE,482.45,482.85,484.35,1218,1001,300,14.59
2026-09-24 15:10:44,23085.85,2026-09-29,22650.0,PE,21.4,21.35,21.4,385485,36516,4083,14.67
2026-09-24 15:10:44,23085.85,2026-09-29,22700.0,CE,438.1,437.7,438.95,6627,1036,586,13.62
2026-09-24 15:10:44,23085.85,2026-09-29,22700.0,PE,25.3,25.25,25.35,648045,66877,6921,14.23
2026-09-24 15:10:44,23085.85,2026-09-29,22750.0,CE,393.1,393.3,394.5,3270,840,327,13.26
2026-09-24 15:10:44,23085.85,2026-09-29,22750.0,PE,30.45,30.45,30.55,446247,24575,2049,13.88
2026-09-24 15:10:44,23085.85,2026-09-29,22800.0,CE,349.9,349.95,350.8,24806,5924,1778,13.01
2026-09-24 15:10:44,23085.85,2026-09-29,22800.0,PE,37.2,37.05,37.15,977140,110421,11970,13.55
2026-09-24 15:10:44,23085.85,2026-09-29,22850.0,CE,308.45,308.25,309.0,9259,1073,729,12.78
2026-09-24 15:10:44,23085.85,2026-09-29,22850.0,PE,45.15,45.1,45.25,516336,44500,7444,13.24
2026-09-24 15:10:44,23085.85,2026-09-29,22900.0,CE,268.95,268.45,268.95,49088,6618,4330,12.45
2026-09-24 15:10:44,23085.85,2026-09-29,22900.0,PE,55.1,55.15,55.35,945456,87127,13191,12.96
2026-09-24 15:10:44,23085.85,2026-09-29,22950.0,CE,231.0,231.1,231.7,45502,3510,2893,12.33
2026-09-24 15:10:44,23085.85,2026-09-29,22950.0,PE,67.75,67.75,67.95,663349,36674,6563,12.75
2026-09-24 15:10:44,23085.85,2026-09-29,23000.0,CE,196.4,196.1,196.4,419568,52143,31593,12.13
2026-09-24 15:10:44,23085.85,2026-09-29,23000.0,PE,83.5,83.3,83.55,2200051,201961,6949,12.57
2026-09-24 15:10:44,23085.85,2026-09-29,23050.0,CE,163.95,164.15,164.4,259299,22106,20869,11.94
2026-09-24 15:10:44,23085.85,2026-09-29,23050.0,PE,101.1,101.1,101.2,1041273,49353,22480,12.35
2026-09-24 15:10:44,23085.85,2026-09-29,23100.0,CE,134.9,134.9,135.2,921787,108494,99689,11.75
2026-09-24 15:10:44,23085.85,2026-09-29,23100.0,PE,122.3,122.05,122.35,1954651,128150,67628,12.23
2026-09-24 15:10:44,23085.85,2026-09-29,23150.0,CE,109.8,109.7,109.95,731888,64025,60370,11.66
2026-09-24 15:10:44,23085.85,2026-09-29,23150.0,PE,146.15,145.9,146.25,1429723,39069,6557,12.09
2026-09-24 15:10:44,23085.85,2026-09-29,23200.0,CE,87.5,87.35,87.5,2245048,218050,195405,11.57
2026-09-24 15:10:44,23085.85,2026-09-29,23200.0,PE,174.0,173.75,174.2,3084940,94116,-1406,11.99
2026-09-24 15:10:44,23085.85,2026-09-29,23250.0,CE,68.65,68.65,68.8,1693601,171535,156290,11.51
2026-09-24 15:10:44,23085.85,2026-09-29,23250.0,PE,206.0,205.65,206.1,1649274,59866,1977,12.08
2026-09-24 15:10:44,23085.85,2026-09-29,23300.0,CE,53.45,53.4,53.5,1945639,198654,134648,11.49
2026-09-24 15:10:44,23085.85,2026-09-29,23300.0,PE,239.55,239.25,239.9,1537970,93099,-48601,11.93
2026-09-24 15:10:44,23085.85,2026-09-29,23350.0,CE,41.35,41.35,41.45,797899,83437,58962,11.52
2026-09-24 15:10:44,23085.85,2026-09-29,23350.0,PE,277.65,276.7,277.45,493201,18913,-42310,11.91
2026-09-24 15:10:44,23085.85,2026-09-29,23400.0,CE,32.05,31.95,32.05,1379975,161120,44305,11.62
2026-09-24 15:10:44,23085.85,2026-09-29,23400.0,PE,317.55,317.15,318.05,668411,68071,-110310,12.04
2026-09-24 15:10:44,23085.85,2026-09-29,23450.0,CE,24.65,24.65,24.75,675008,73956,14545,11.78
2026-09-24 15:10:44,23085.85,2026-09-29,23450.0,PE,362.65,360.1,361.05,181262,19020,-38412,12.28
2026-09-24 15:10:44,23085.85,2026-09-29,23500.0,CE,19.2,19.15,19.25,1161685,204375,46189,11.93
2026-09-24 15:10:44,23085.85,2026-09-29,23500.0,PE,404.1,403.25,404.15,291387,87157,-33156,12.43
2026-09-24 15:10:44,23085.85,2026-09-29,23550.0,CE,14.75,14.75,14.8,524267,59003,-3072,12.09
2026-09-24 15:10:44,23085.85,2026-09-29,23550.0,PE,449.95,449.35,450.75,38233,5632,-5319,12.64
2026-09-24 15:10:44,23085.85,2026-09-29,23600.0,CE,11.55,11.55,11.65,837199,118150,11253,12.32
2026-09-24 15:10:44,23085.85,2026-09-29,23600.0,PE,498.0,496.7,498.4,51866,22878,-5201,12.76
2026-09-24 15:11:45,23088.15,2026-09-29,22600.0,CE,536.05,533.35,535.8,1518,547,432,15.35
2026-09-24 15:11:45,23088.15,2026-09-29,22600.0,PE,16.9,16.9,16.95,594162,48345,-4240,14.61
2026-09-24 15:11:45,23088.15,2026-09-29,22650.0,CE,493.45,487.7,489.45,1237,1001,300,14.8
2026-09-24 15:11:45,23088.15,2026-09-29,22650.0,PE,20.55,20.5,20.55,388016,36482,4049,14.29
2026-09-24 15:11:45,23088.15,2026-09-29,22700.0,CE,445.4,441.5,442.75,6663,1036,586,14.26
2026-09-24 15:11:45,23088.15,2026-09-29,22700.0,PE,24.25,24.25,24.3,650965,66913,6957,13.84
2026-09-24 15:11:45,23088.15,2026-09-29,22750.0,CE,400.2,396.45,397.8,3297,834,321,13.89
2026-09-24 15:11:45,23088.15,2026-09-29,22750.0,PE,29.4,29.35,29.45,449873,24296,1770,13.5
2026-09-24 15:11:45,23088.15,2026-09-29,22800.0,CE,354.25,353.4,353.95,24999,5956,1810,13.48
2026-09-24 15:11:45,23088.15,2026-09-29,22800.0,PE,35.85,35.8,35.9,984569,110208,11757,13.15
2026-09-24 15:11:45,23088.15,2026-09-29,22850.0,CE,313.4,311.8,312.45,9396,1097,753,13.17
2026-09-24 15:11:45,23088.15,2026-09-29,22850.0,PE,43.8,43.6,43.8,518754,44515,7459,12.86
2026-09-24 15:11:45,23088.15,2026-09-29,22900.0,CE,273.55,271.3,271.95,49471,6596,4308,12.9
2026-09-24 15:11:45,23088.15,2026-09-29,22900.0,PE,53.65,53.65,53.8,951034,86913,12977,12.59
2026-09-24 15:11:45,23088.15,2026-09-29,22950.0,CE,234.8,233.85,234.4,45875,3570,2953,12.57
2026-09-24 15:11:45,23088.15,2026-09-29,22950.0,PE,66.1,66.15,66.35,667266,36354,6243,12.38
2026-09-24 15:11:45,23088.15,2026-09-29,23000.0,CE,198.7,198.65,199.1,423228,51510,30960,12.39
2026-09-24 15:11:45,23088.15,2026-09-29,23000.0,PE,81.6,81.6,81.8,2213281,202100,7088,12.21
2026-09-24 15:11:45,23088.15,2026-09-29,23050.0,CE,166.95,166.7,166.9,261818,22166,20929,12.15
2026-09-24 15:11:45,23088.15,2026-09-29,23050.0,PE,98.85,98.65,98.9,1049560,49946,23073,11.96
2026-09-24 15:11:45,23088.15,2026-09-29,23100.0,CE,137.1,137.0,137.1,930880,108567,99762,11.95
2026-09-24 15:11:45,23088.15,2026-09-29,23100.0,PE,120.0,119.8,120.0,1968478,129412,68890,11.82
2026-09-24 15:11:45,23088.15,2026-09-29,23150.0,CE,111.5,111.5,111.6,735987,63829,60174,11.82
2026-09-24 15:11:45,23088.15,2026-09-29,23150.0,PE,143.35,143.4,143.75,1434292,38761,6249,11.65
2026-09-24 15:11:45,23088.15,2026-09-29,23200.0,CE,89.0,89.0,89.2,2255539,216974,194329,11.69
2026-09-24 15:11:45,23088.15,2026-09-29,23200.0,PE,171.2,170.45,170.85,3090359,93870,-1652,11.49
2026-09-24 15:11:45,23088.15,2026-09-29,23250.0,CE,69.9,69.75,69.8,1699650,171230,155985,11.59
2026-09-24 15:11:45,23088.15,2026-09-29,23250.0,PE,202.5,202.5,202.85,1651579,59947,2058,11.44
2026-09-24 15:11:45,23088.15,2026-09-29,23300.0,CE,54.25,54.25,54.4,1955704,200566,136560,11.55
2026-09-24 15:11:45,23088.15,2026-09-29,23300.0,PE,236.0,235.7,236.1,1540423,93084,-48616,11.26
2026-09-24 15:11:45,23088.15,2026-09-29,23350.0,CE,42.0,41.9,42.0,803846,80927,56452,11.57
2026-09-24 15:11:45,23088.15,2026-09-29,23350.0,PE,273.3,273.15,273.75,493691,18852,-42371,11.32
2026-09-24 15:11:45,23088.15,2026-09-29,23400.0,CE,32.6,32.55,32.65,1384296,161159,44344,11.68
2026-09-24 15:11:45,23088.15,2026-09-29,23400.0,PE,312.45,312.65,313.35,669494,68172,-110209,11.29
2026-09-24 15:11:45,23088.15,2026-09-29,23450.0,CE,25.15,25.1,25.2,677269,73821,14410,11.79
2026-09-24 15:11:45,23088.15,2026-09-29,23450.0,PE,356.2,356.45,357.2,181611,19004,-38428,11.35
2026-09-24 15:11:45,23088.15,2026-09-29,23500.0,CE,19.45,19.45,19.5,1165678,203969,45783,11.97
2026-09-24 15:11:45,23088.15,2026-09-29,23500.0,PE,400.0,399.45,400.0,292226,87153,-33160,11.38
2026-09-24 15:11:45,23088.15,2026-09-29,23550.0,CE,15.0,15.0,15.05,526525,58897,-3178,12.14
2026-09-24 15:11:45,23088.15,2026-09-29,23550.0,PE,442.0,444.6,445.95,38366,5627,-5324,10.99
2026-09-24 15:11:45,23088.15,2026-09-29,23600.0,CE,11.7,11.7,11.75,841261,118559,11662,12.38
2026-09-24 15:11:45,23088.15,2026-09-29,23600.0,PE,492.7,491.65,492.75,51927,22876,-5203,11.17
2026-09-24 15:12:45,23089.8,2026-09-29,22600.0,CE,532.5,527.6,531.3,1538,541,426,15.36
2026-09-24 15:12:45,23089.8,2026-09-29,22600.0,PE,17.5,17.45,17.5,595292,48155,-4430,14.56
2026-09-24 15:12:45,23089.8,2026-09-29,22650.0,CE,485.6,482.7,485.25,1287,1007,306,14.89
2026-09-24 15:12:45,23089.8,2026-09-29,22650.0,PE,20.9,20.9,21.0,389048,36735,4302,14.18
2026-09-24 15:12:45,23089.8,2026-09-29,22700.0,CE,437.8,435.9,437.4,6716,1024,574,15.05
2026-09-24 15:12:45,23089.8,2026-09-29,22700.0,PE,24.7,24.85,24.9,652998,66779,6823,13.73
2026-09-24 15:12:45,23089.8,2026-09-29,22750.0,CE,391.55,391.45,392.7,3358,817,304,14.64
2026-09-24 15:12:45,23089.8,2026-09-29,22750.0,PE,30.1,30.0,30.1,453775,25322,2796,13.38
2026-09-24 15:12:45,23089.8,2026-09-29,22800.0,CE,348.6,348.4,349.35,25114,5921,1775,14.02
2026-09-24 15:12:45,23089.8,2026-09-29,22800.0,PE,36.95,36.65,36.8,990607,109343,10892,13.05
2026-09-24 15:12:45,23089.8,2026-09-29,22850.0,CE,307.95,306.7,307.55,9466,1078,734,13.61
2026-09-24 15:12:45,23089.8,2026-09-29,22850.0,PE,44.8,44.85,45.0,520152,44182,7126,12.72
2026-09-24 15:12:45,23089.8,2026-09-29,22900.0,CE,267.15,267.1,267.7,49794,6615,4327,13.25
2026-09-24 15:12:45,23089.8,2026-09-29,22900.0,PE,55.15,54.95,55.15,953911,86552,12616,12.49
2026-09-24 15:12:45,23089.8,2026-09-29,22950.0,CE,230.6,229.1,229.65,46044,3604,2987,12.95
2026-09-24 15:12:45,23089.8,2026-09-29,22950.0,PE,68.3,68.2,68.4,669153,35994,5883,12.25
2026-09-24 15:12:45,23089.8,2026-09-29,23000.0,CE,195.5,195.0,195.45,425133,52047,31497,12.66
2026-09-24 15:12:45,23089.8,2026-09-29,23000.0,PE,83.65,83.6,83.75,2221163,200838,5826,12.08
2026-09-24 15:12:45,23089.8,2026-09-29,23050.0,CE,163.45,163.45,163.5,263096,22141,20904,12.43
2026-09-24 15:12:45,23089.8,2026-09-29,23050.0,PE,101.35,101.15,101.35,1053575,49118,22245,11.8
2026-09-24 15:12:45,23089.8,2026-09-29,23100.0,CE,133.4,133.35,133.5,936298,109453,100648,12.18
2026-09-24 15:12:45,23089.8,2026-09-29,23100.0,PE,123.5,123.45,123.5,1978361,129309,68787,11.62
2026-09-24 15:12:45,23089.8,2026-09-29,23150.0,CE,109.1,109.2,109.45,738834,63431,59776,12.02
2026-09-24 15:12:45,23089.8,2026-09-29,23150.0,PE,147.5,147.15,147.55,1436978,38310,5798,11.43
2026-09-24 15:12:45,23089.8,2026-09-29,23200.0,CE,87.15,87.05,87.15,2267798,212522,189877,11.87
2026-09-24 15:12:45,23089.8,2026-09-29,23200.0,PE,174.9,174.9,175.3,3100401,89979,-5543,11.16
2026-09-24 15:12:45,23089.8,2026-09-29,23250.0,CE,68.6,68.55,68.6,1702807,169768,154523,11.73
2026-09-24 15:12:45,23089.8,2026-09-29,23250.0,PE,207.2,206.6,207.05,1653306,59444,1555,11.17
2026-09-24 15:12:45,23089.8,2026-09-29,23300.0,CE,53.4,53.25,53.4,1960277,200659,136653,11.68
2026-09-24 15:12:45,23089.8,2026-09-29,23300.0,PE,241.05,241.15,241.65,1541755,92869,-48831,10.94
2026-09-24 15:12:45,23089.8,2026-09-29,23350.0,CE,41.65,41.5,41.6,806036,80057,55582,11.68
2026-09-24 15:12:45,23089.8,2026-09-29,23350.0,PE,279.5,278.2,278.9,493950,18785,-42438,10.94
2026-09-24 15:12:45,23089.8,2026-09-29,23400.0,CE,32.35,32.25,32.35,1388044,159935,43120,11.77
2026-09-24 15:12:45,23089.8,2026-09-29,23400.0,PE,318.55,318.3,319.0,670336,68020,-110361,10.59
2026-09-24 15:12:45,23089.8,2026-09-29,23450.0,CE,24.85,24.85,24.9,679150,73582,14171,11.89
2026-09-24 15:12:45,23089.8,2026-09-29,23450.0,PE,362.85,363.05,364.0,181984,18889,-38543,10.74
2026-09-24 15:12:45,23089.8,2026-09-29,23500.0,CE,19.55,19.45,19.55,1171712,202860,44674,12.06
2026-09-24 15:12:45,23089.8,2026-09-29,23500.0,PE,405.7,405.0,405.95,292924,87143,-33170,10.58
2026-09-24 15:12:45,23089.8,2026-09-29,23550.0,CE,15.05,15.0,15.05,527806,58486,-3589,12.19
2026-09-24 15:12:45,23089.8,2026-09-29,23550.0,PE,449.9,451.5,453.35,38426,5653,-5298,10.17
2026-09-24 15:12:45,23089.8,2026-09-29,23600.0,CE,11.8,11.8,11.85,842784,118455,11558,12.41
2026-09-24 15:12:45,23089.8,2026-09-29,23600.0,PE,495.95,496.65,498.25,52030,22846,-5233,10.39
2026-09-24 15:13:46,23086.5,2026-09-29,22600.0,CE,527.4,527.25,530.0,1542,527,412,15.35
2026-09-24 15:13:46,23086.5,2026-09-29,22600.0,PE,17.15,17.15,17.2,596426,48155,-4430,14.61
2026-09-24 15:13:46,23086.5,2026-09-29,22650.0,CE,482.0,480.65,482.05,2042,1007,306,14.8
2026-09-24 15:13:46,23086.5,2026-09-29,22650.0,PE,20.85,20.8,20.9,390698,36735,4302,14.29
2026-09-24 15:13:46,23086.5,2026-09-29,22700.0,CE,436.8,435.65,436.8,6754,1024,574,14.26
2026-09-24 15:13:46,23086.5,2026-09-29,22700.0,PE,24.55,24.5,24.6,654470,66779,6823,13.84
2026-09-24 15:13:46,23086.5,2026-09-29,22750.0,CE,392.0,390.8,392.0,3409,817,304,13.89
2026-09-24 15:13:46,23086.5,2026-09-29,22750.0,PE,29.6,29.55,29.7,457513,25322,2796,13.5
2026-09-24 15:13:46,23086.5,2026-09-29,22800.0,CE,346.95,347.05,348.1,26034,5921,1775,13.48
2026-09-24 15:13:46,23086.5,2026-09-29,22800.0,PE,36.3,36.35,36.5,996644,109343,10892,13.15
2026-09-24 15:13:46,23086.5,2026-09-29,22850.0,CE,306.25,306.05,306.8,9556,1078,734,13.17
2026-09-24 15:13:46,23086.5,2026-09-29,22850.0,PE,44.45,44.35,44.45,522143,44182,7126,12.86
2026-09-24 15:13:46,23086.5,2026-09-29,22900.0,CE,266.95,266.15,266.85,50112,6615,4327,12.9
2026-09-24 15:13:46,23086.5,2026-09-29,22900.0,PE,54.55,54.5,54.55,956564,86552,12616,12.59
2026-09-24 15:13:46,23086.5,2026-09-29,22950.0,CE,229.1,228.9,229.5,46388,3604,2987,12.57
2026-09-24 15:13:46,23086.5,2026-09-29,22950.0,PE,67.1,67.1,67.3,670596,35994,5883,12.38
2026-09-24 15:13:46,23086.5,2026-09-29,23000.0,CE,194.3,193.85,194.25,426673,52047,31497,12.39
2026-09-24 15:13:46,23086.5,2026-09-29,23000.0,PE,83.05,83.1,83.35,2229181,200838,5826,12.21
2026-09-24 15:13:46,23086.5,2026-09-29,23050.0,CE,162.3,162.25,162.6,265153,22141,20904,12.15
2026-09-24 15:13:46,23086.5,2026-09-29,23050.0,PE,100.6,100.4,100.55,1058245,49118,22245,11.96
2026-09-24 15:13:46,23086.5,2026-09-29,23100.0,CE,133.5,133.25,133.5,941906,109453,100648,11.95
2026-09-24 15:13:46,23086.5,2026-09-29,23100.0,PE,121.95,121.9,122.2,1988847,129309,68787,11.82
2026-09-24 15:13:46,23086.5,2026-09-29,23150.0,CE,108.3,108.3,108.55,741761,63431,59776,11.82
2026-09-24 15:13:46,23086.5,2026-09-29,23150.0,PE,146.65,146.35,146.7,1439486,38310,5798,11.65
2026-09-24 15:13:46,23086.5,2026-09-29,23200.0,CE,86.5,86.3,86.45,2276455,212522,189877,11.69
2026-09-24 15:13:46,23086.5,2026-09-29,23200.0,PE,174.55,174.55,174.75,3107045,89979,-5543,11.49
2026-09-24 15:13:46,23086.5,2026-09-29,23250.0,CE,68.0,67.95,68.05,1706542,169768,154523,11.59
2026-09-24 15:13:46,23086.5,2026-09-29,23250.0,PE,206.7,206.1,206.4,1654666,59444,1555,11.44
2026-09-24 15:13:46,23086.5,2026-09-29,23300.0,CE,52.95,52.85,53.0,1963612,200659,136653,11.55
2026-09-24 15:13:46,23086.5,2026-09-29,23300.0,PE,240.5,240.0,240.55,1543393,92869,-48831,11.26
2026-09-24 15:13:46,23086.5,2026-09-29,23350.0,CE,41.0,40.9,41.05,807383,80057,55582,11.57
2026-09-24 15:13:46,23086.5,2026-09-29,23350.0,PE,278.35,278.3,279.1,494314,18785,-42438,11.32
2026-09-24 15:13:46,23086.5,2026-09-29,23400.0,CE,32.05,31.9,32.05,1391439,159935,43120,11.68
2026-09-24 15:13:46,23086.5,2026-09-29,23400.0,PE,319.45,318.15,319.0,671264,68020,-110361,11.29
2026-09-24 15:13:46,23086.5,2026-09-29,23450.0,CE,24.8,24.8,24.9,680569,73582,14171,11.79
2026-09-24 15:13:46,23086.5,2026-09-29,23450.0,PE,362.85,361.75,362.85,182140,18889,-38543,11.35
2026-09-24 15:13:46,23086.5,2026-09-29,23500.0,CE,19.5,19.35,19.45,1174322,202860,44674,11.97
2026-09-24 15:13:46,23086.5,2026-09-29,23500.0,PE,405.65,405.55,406.45,293522,87143,-33170,11.38
2026-09-24 15:13:46,23086.5,2026-09-29,23550.0,CE,15.05,15.0,15.1,529298,58486,-3589,12.14
2026-09-24 15:13:46,23086.5,2026-09-29,23550.0,PE,450.1,450.9,452.5,38563,5648,-5303,10.99
2026-09-24 15:13:46,23086.5,2026-09-29,23600.0,CE,11.9,11.9,11.95,845693,118455,11558,12.38
2026-09-24 15:13:46,23086.5,2026-09-29,23600.0,PE,497.95,497.4,499.05,52151,22846,-5233,11.17
2026-09-24 15:14:46,23075.45,2026-09-29,22600.0,CE,522.55,521.9,524.45,1558,522,407,15.35
2026-09-24 15:14:46,23075.45,2026-09-29,22600.0,PE,17.5,17.55,17.65,598253,48157,-4428,14.61
2026-09-24 15:14:46,23075.45,2026-09-29,22650.0,CE,477.45,476.4,478.1,2133,998,297,14.8
2026-09-24 15:14:46,23075.45,2026-09-29,22650.0,PE,21.25,21.15,21.3,392117,36405,3972,14.29
2026-09-24 15:14:46,23075.45,2026-09-29,22700.0,CE,431.45,430.65,431.85,6816,1024,574,14.26
2026-09-24 15:14:46,23075.45,2026-09-29,22700.0,PE,25.1,25.05,25.15,656393,66739,6783,13.84
2026-09-24 15:14:46,23075.45,2026-09-29,22750.0,CE,386.25,386.0,387.3,3468,822,309,13.89
2026-09-24 15:14:46,23075.45,2026-09-29,22750.0,PE,30.3,30.3,30.4,460527,27462,4936,13.5
2026-09-24 15:14:46,23075.45,2026-09-29,22800.0,CE,343.75,343.0,343.75,26400,5930,1784,13.48
2026-09-24 15:14:46,23075.45,2026-09-29,22800.0,PE,37.2,37.15,37.25,1002534,108545,10094,13.15
2026-09-24 15:14:46,23075.45,2026-09-29,22850.0,CE,301.75,301.45,302.15,9684,1092,748,13.17
2026-09-24 15:14:46,23075.45,2026-09-29,22850.0,PE,45.4,45.2,45.35,524175,44202,7146,12.86
2026-09-24 15:14:46,23075.45,2026-09-29,22900.0,CE,261.35,261.5,262.2,51172,6611,4323,12.9
2026-09-24 15:14:46,23075.45,2026-09-29,22900.0,PE,56.0,55.9,56.0,960591,86169,12233,12.59
2026-09-24 15:14:46,23075.45,2026-09-29,22950.0,CE,225.2,225.2,225.7,46830,3569,2952,12.57
2026-09-24 15:14:46,23075.45,2026-09-29,22950.0,PE,68.6,68.6,68.8,673347,35860,5749,12.38
2026-09-24 15:14:46,23075.45,2026-09-29,23000.0,CE,190.7,190.2,190.65,430406,51887,31337,12.39
2026-09-24 15:14:46,23075.45,2026-09-29,23000.0,PE,85.25,85.15,85.3,2236844,200002,4990,12.21
2026-09-24 15:14:46,23075.45,2026-09-29,23050.0,CE,159.6,159.2,159.5,267085,21548,20311,12.15
2026-09-24 15:14:46,23075.45,2026-09-29,23050.0,PE,103.2,102.95,103.1,1063212,48714,21841,11.96
2026-09-24 15:14:46,23075.45,2026-09-29,23100.0,CE,130.65,130.45,130.65,949959,110084,101279,11.95
2026-09-24 15:14:46,23075.45,2026-09-29,23100.0,PE,124.75,124.65,125.0,1998536,127931,67409,11.82
2026-09-24 15:14:46,23075.45,2026-09-29,23150.0,CE,106.25,106.0,106.15,744830,63040,59385,11.82
2026-09-24 15:14:46,23075.45,2026-09-29,23150.0,PE,149.6,149.3,149.7,1442434,37893,5381,11.65
2026-09-24 15:14:46,23075.45,2026-09-29,23200.0,CE,84.55,84.45,84.65,2283669,209833,187188,11.69
2026-09-24 15:14:46,23075.45,2026-09-29,23200.0,PE,177.4,177.45,177.9,3111287,87434,-8088,11.49
2026-09-24 15:14:46,23075.45,2026-09-29,23250.0,CE,66.45,66.35,66.45,1711583,169517,154272,11.59
2026-09-24 15:14:46,23075.45,2026-09-29,23250.0,PE,210.7,210.6,210.7,1656204,59192,1303,11.44
2026-09-24 15:14:46,23075.45,2026-09-29,23300.0,CE,51.8,51.75,51.85,1971524,200571,136565,11.55
2026-09-24 15:14:46,23075.45,2026-09-29,23300.0,PE,245.35,244.05,244.35,1545250,92804,-48896,11.26
2026-09-24 15:14:46,23075.45,2026-09-29,23350.0,CE,40.05,40.05,40.15,811296,79864,55389,11.57
2026-09-24 15:14:46,23075.45,2026-09-29,23350.0,PE,283.55,282.95,283.6,494691,18732,-42491,11.32
2026-09-24 15:14:46,23075.45,2026-09-29,23400.0,CE,31.15,31.15,31.25,1396154,159533,42718,11.68
2026-09-24 15:14:46,23075.45,2026-09-29,23400.0,PE,324.1,322.8,323.6,672324,67753,-110628,11.29
2026-09-24 15:14:46,23075.45,2026-09-29,23450.0,CE,24.1,24.15,24.2,683727,73379,13968,11.79
2026-09-24 15:14:46,23075.45,2026-09-29,23450.0,PE,366.65,366.6,367.5,182383,18808,-38624,11.35
2026-09-24 15:14:46,23075.45,2026-09-29,23500.0,CE,18.8,18.8,18.9,1180836,202431,44245,11.97
2026-09-24 15:14:46,23075.45,2026-09-29,23500.0,PE,410.3,410.05,411.0,294091,87107,-33206,11.38
2026-09-24 15:14:46,23075.45,2026-09-29,23550.0,CE,14.6,14.6,14.65,534555,58511,-3564,12.14
2026-09-24 15:14:46,23075.45,2026-09-29,23550.0,PE,456.75,455.85,457.3,38647,5642,-5309,10.99
2026-09-24 15:14:46,23075.45,2026-09-29,23600.0,CE,11.65,11.6,11.65,848962,118574,11677,12.38
2026-09-24 15:14:46,23075.45,2026-09-29,23600.0,PE,504.65,503.2,504.75,52265,22830,-5249,11.17
2026-09-24 15:15:47,23085.6,2026-09-29,22600.0,CE,532.5,530.3,532.65,1570,515,400,15.35
2026-09-24 15:15:47,23085.6,2026-09-29,22600.0,PE,16.8,16.75,16.8,598568,48188,-4397,14.61
2026-09-24 15:15:47,23085.6,2026-09-29,22650.0,CE,485.15,484.3,485.75,2159,684,-17,14.8
2026-09-24 15:15:47,23085.6,2026-09-29,22650.0,PE,20.15,20.15,20.25,392619,36186,3753,14.29
2026-09-24 15:15:47,23085.6,2026-09-29,22700.0,CE,438.95,438.35,439.5,6841,1008,558,14.26
2026-09-24 15:15:47,23085.6,2026-09-29,22700.0,PE,23.85,23.85,23.9,657497,66996,7040,13.84
2026-09-24 15:15:47,23085.6,2026-09-29,22750.0,CE,394.4,393.25,394.4,3494,827,314,13.89
2026-09-24 15:15:47,23085.6,2026-09-29,22750.0,PE,29.0,28.8,28.95,461900,28788,6262,13.5
2026-09-24 15:15:47,23085.6,2026-09-29,22800.0,CE,349.45,349.45,350.4,26438,5527,1381,13.48
2026-09-24 15:15:47,23085.6,2026-09-29,22800.0,PE,35.65,35.5,35.65,1005238,108983,10532,13.15
2026-09-24 15:15:47,23085.6,2026-09-29,22850.0,CE,308.6,308.3,308.95,9712,1106,762,13.17
2026-09-24 15:15:47,23085.6,2026-09-29,22850.0,PE,43.25,43.1,43.2,525065,43899,6843,12.86
2026-09-24 15:15:47,23085.6,2026-09-29,22900.0,CE,268.8,268.45,269.0,51418,6419,4131,12.9
2026-09-24 15:15:47,23085.6,2026-09-29,22900.0,PE,53.05,53.0,53.15,962306,86802,12866,12.59
2026-09-24 15:15:47,23085.6,2026-09-29,22950.0,CE,230.8,230.55,230.8,47013,3649,3032,12.57
2026-09-24 15:15:47,23085.6,2026-09-29,22950.0,PE,65.7,65.7,65.9,674622,35663,5552,12.38
2026-09-24 15:15:47,23085.6,2026-09-29,23000.0,CE,195.5,195.4,195.8,431479,50870,30320,12.39
2026-09-24 15:15:47,23085.6,2026-09-29,23000.0,PE,81.3,81.1,81.35,2240866,198991,3979,12.21
2026-09-24 15:15:47,23085.6,2026-09-29,23050.0,CE,163.6,163.45,163.6,268442,21449,20212,12.15
2026-09-24 15:15:47,23085.6,2026-09-29,23050.0,PE,98.65,98.5,98.75,1065910,47921,21048,11.96
2026-09-24 15:15:47,23085.6,2026-09-29,23100.0,CE,134.2,134.15,134.45,953308,110077,101272,11.95
2026-09-24 15:15:47,23085.6,2026-09-29,23100.0,PE,120.1,119.8,120.05,2003129,127184,66662,11.82
2026-09-24 15:15:47,23085.6,2026-09-29,23150.0,CE,109.3,109.05,109.25,746524,62564,58909,11.82
2026-09-24 15:15:47,23085.6,2026-09-29,23150.0,PE,144.5,144.05,144.45,1443769,37194,4682,11.65
2026-09-24 15:15:47,23085.6,2026-09-29,23200.0,CE,86.9,86.9,87.0,2288039,209567,186922,11.69
2026-09-24 15:15:47,23085.6,2026-09-29,23200.0,PE,172.15,171.8,172.15,3113092,87783,-7739,11.49
2026-09-24 15:15:47,23085.6,2026-09-29,23250.0,CE,68.5,68.45,68.65,1715548,168142,152897,11.59
2026-09-24 15:15:47,23085.6,2026-09-29,23250.0,PE,203.9,203.5,203.9,1656902,59016,1127,11.44
2026-09-24 15:15:47,23085.6,2026-09-29,23300.0,CE,53.35,53.2,53.35,1975679,199725,135719,11.55
2026-09-24 15:15:47,23085.6,2026-09-29,23300.0,PE,237.55,237.55,238.15,1546241,92348,-49352,11.26
2026-09-24 15:15:47,23085.6,2026-09-29,23350.0,CE,41.3,41.25,41.35,812352,78996,54521,11.57
2026-09-24 15:15:47,23085.6,2026-09-29,23350.0,PE,274.8,274.95,275.6,494937,18664,-42559,11.32
2026-09-24 15:15:47,23085.6,2026-09-29,23400.0,CE,32.2,32.05,32.2,1397908,159608,42793,11.68
2026-09-24 15:15:47,23085.6,2026-09-29,23400.0,PE,315.6,315.15,315.95,672584,67764,-110617,11.29
2026-09-24 15:15:47,23085.6,2026-09-29,23450.0,CE,24.85,24.75,24.85,687099,73162,13751,11.79
2026-09-24 15:15:47,23085.6,2026-09-29,23450.0,PE,358.85,358.55,359.45,182515,18671,-38761,11.35
2026-09-24 15:15:47,23085.6,2026-09-29,23500.0,CE,19.35,19.35,19.4,1182136,202349,44163,11.97
2026-09-24 15:15:47,23085.6,2026-09-29,23500.0,PE,403.25,402.05,403.1,294194,87126,-33187,11.38
2026-09-24 15:15:47,23085.6,2026-09-29,23550.0,CE,15.05,14.95,15.05,535306,57120,-4955,12.14
2026-09-24 15:15:47,23085.6,2026-09-29,23550.0,PE,450.0,447.5,449.0,38665,5657,-5294,10.99
2026-09-24 15:15:47,23085.6,2026-09-29,23600.0,CE,11.8,11.75,11.85,850747,118875,11978,12.38
2026-09-24 15:15:47,23085.6,2026-09-29,23600.0,PE,496.3,493.95,495.25,52302,22799,-5280,11.17
2026-09-24 15:16:48,23085.6,2026-09-29,22600.0,CE,526.7,523.7,526.45,1588,506,391,15.35
2026-09-24 15:16:48,23085.6,2026-09-29,22600.0,PE,17.65,17.6,17.7,599442,48116,-4469,14.61
2026-09-24 15:16:48,23085.6,2026-09-29,22650.0,CE,479.7,478.05,480.15,2176,668,-33,14.8
2026-09-24 15:16:48,23085.6,2026-09-29,22650.0,PE,21.2,21.15,21.25,393645,36249,3816,14.29
2026-09-24 15:16:48,23085.6,2026-09-29,22700.0,CE,433.7,432.55,433.7,6891,1021,571,14.26
2026-09-24 15:16:48,23085.6,2026-09-29,22700.0,PE,25.1,25.0,25.1,659010,66816,6860,13.84
2026-09-24 15:16:48,23085.6,2026-09-29,22750.0,CE,388.9,388.05,389.05,3526,792,279,13.89
2026-09-24 15:16:48,23085.6,2026-09-29,22750.0,PE,30.1,30.05,30.15,463595,29221,6695,13.5
2026-09-24 15:16:48,23085.6,2026-09-29,22800.0,CE,345.45,344.15,345.15,26518,5504,1358,13.48
2026-09-24 15:16:48,23085.6,2026-09-29,22800.0,PE,37.1,36.95,37.1,1008635,108997,10546,13.15
2026-09-24 15:16:48,23085.6,2026-09-29,22850.0,CE,304.05,303.4,304.05,9748,1128,784,13.17
2026-09-24 15:16:48,23085.6,2026-09-29,22850.0,PE,45.0,44.8,44.9,526146,43983,6927,12.86
2026-09-24 15:16:48,23085.6,2026-09-29,22900.0,CE,263.6,263.25,263.95,51719,6342,4054,12.9
2026-09-24 15:16:48,23085.6,2026-09-29,22900.0,PE,55.5,55.35,55.45,964654,86947,13011,12.59
2026-09-24 15:16:48,23085.6,2026-09-29,22950.0,CE,226.7,226.0,226.55,47280,3594,2977,12.57
2026-09-24 15:16:48,23085.6,2026-09-29,22950.0,PE,68.05,68.05,68.25,676233,35704,5593,12.38
2026-09-24 15:16:48,23085.6,2026-09-29,23000.0,CE,191.85,191.7,191.85,433289,51023,30473,12.39
2026-09-24 15:16:48,23085.6,2026-09-29,23000.0,PE,84.35,84.1,84.3,2249050,200012,5000,12.21
2026-09-24 15:16:48,23085.6,2026-09-29,23050.0,CE,159.55,159.8,160.15,269918,21847,20610,12.15
2026-09-24 15:16:48,23085.6,2026-09-29,23050.0,PE,101.75,101.75,102.1,1069318,47930,21057,11.96
2026-09-24 15:16:48,23085.6,2026-09-29,23100.0,CE,131.2,131.05,131.35,958603,110500,101695,11.95
2026-09-24 15:16:48,23085.6,2026-09-29,23100.0,PE,123.8,123.6,123.9,2009903,127952,67430,11.82
2026-09-24 15:16:48,23085.6,2026-09-29,23150.0,CE,106.5,106.5,106.75,749703,62431,58776,11.82
2026-09-24 15:16:48,23085.6,2026-09-29,23150.0,PE,148.9,148.2,148.6,1445679,36800,4288,11.65
2026-09-24 15:16:48,23085.6,2026-09-29,23200.0,CE,84.9,84.9,85.1,2293836,208300,185655,11.69
2026-09-24 15:16:48,23085.6,2026-09-29,23200.0,PE,176.65,176.5,176.95,3115609,87519,-8003,11.49
2026-09-24 15:16:48,23085.6,2026-09-29,23250.0,CE,66.95,66.8,66.95,1718811,166146,150901,11.59
2026-09-24 15:16:48,23085.6,2026-09-29,23250.0,PE,209.2,208.9,209.45,1658105,59082,1193,11.44
2026-09-24 15:16:48,23085.6,2026-09-29,23300.0,CE,52.2,52.1,52.25,1979030,198989,134983,11.55
2026-09-24 15:16:48,23085.6,2026-09-29,23300.0,PE,243.45,243.0,243.75,1547721,92405,-49295,11.26
2026-09-24 15:16:48,23085.6,2026-09-29,23350.0,CE,40.6,40.5,40.6,814320,78522,54047,11.57
2026-09-24 15:16:48,23085.6,2026-09-29,23350.0,PE,281.45,280.7,281.15,495363,18638,-42585,11.32
2026-09-24 15:16:48,23085.6,2026-09-29,23400.0,CE,31.65,31.6,31.65,1401886,159076,42261,11.68
2026-09-24 15:16:48,23085.6,2026-09-29,23400.0,PE,321.6,321.45,322.15,673093,67745,-110636,11.29
2026-09-24 15:16:48,23085.6,2026-09-29,23450.0,CE,24.55,24.45,24.5,688337,74236,14825,11.79
2026-09-24 15:16:48,23085.6,2026-09-29,23450.0,PE,365.9,365.55,366.1,182892,18681,-38751,11.35
2026-09-24 15:16:48,23085.6,2026-09-29,23500.0,CE,19.2,19.15,19.2,1186652,202613,44427,11.97
2026-09-24 15:16:48,23085.6,2026-09-29,23500.0,PE,409.0,408.9,409.55,294524,87187,-33126,11.38
2026-09-24 15:16:48,23085.6,2026-09-29,23550.0,CE,14.95,14.9,14.95,537083,56935,-5140,12.14
2026-09-24 15:16:48,23085.6,2026-09-29,23550.0,PE,454.45,454.45,455.8,38706,5669,-5282,10.99
2026-09-24 15:16:48,23085.6,2026-09-29,23600.0,CE,11.8,11.8,11.85,853826,118583,11686,12.38
2026-09-24 15:16:48,23085.6,2026-09-29,23600.0,PE,501.2,501.3,502.85,52436,22775,-5304,11.17
2026-09-24 15:17:48,23085.6,2026-09-29,22600.0,CE,530.1,528.55,530.8,1594,496,381,15.36
2026-09-24 15:17:48,23085.6,2026-09-29,22600.0,PE,17.3,17.2,17.3,600631,48044,-4541,14.56
2026-09-24 15:17:48,23085.6,2026-09-29,22650.0,CE,481.5,482.15,483.65,2196,679,-22,14.89
2026-09-24 15:17:48,23085.6,2026-09-29,22650.0,PE,20.7,20.7,20.75,394787,35994,3561,14.18
2026-09-24 15:17:48,23085.6,2026-09-29,22700.0,CE,436.4,436.25,437.6,6929,1059,609,15.05
2026-09-24 15:17:48,23085.6,2026-09-29,22700.0,PE,24.3,24.3,24.4,660656,66747,6791,13.73
2026-09-24 15:17:48,23085.6,2026-09-29,22750.0,CE,392.5,391.1,392.4,3551,800,287,14.64
2026-09-24 15:17:48,23085.6,2026-09-29,22750.0,PE,29.45,29.3,29.4,465118,29860,7334,13.38
2026-09-24 15:17:48,23085.6,2026-09-29,22800.0,CE,346.6,346.95,347.95,26599,5517,1371,14.02
2026-09-24 15:17:48,23085.6,2026-09-29,22800.0,PE,36.05,35.9,36.05,1012006,108940,10489,13.05
2026-09-24 15:17:48,23085.6,2026-09-29,22850.0,CE,306.1,305.1,305.95,9868,1178,834,13.61
2026-09-24 15:17:48,23085.6,2026-09-29,22850.0,PE,43.9,43.85,43.95,527300,43956,6900,12.72
2026-09-24 15:17:48,23085.6,2026-09-29,22900.0,CE,266.4,265.3,266.0,51860,6316,4028,13.25
2026-09-24 15:17:48,23085.6,2026-09-29,22900.0,PE,53.8,53.8,53.95,967083,87087,13151,12.49
2026-09-24 15:17:48,23085.6,2026-09-29,22950.0,CE,228.15,228.35,229.0,47370,3561,2944,12.95
2026-09-24 15:17:48,23085.6,2026-09-29,22950.0,PE,66.2,66.0,66.15,678804,35668,5557,12.25
2026-09-24 15:17:48,23085.6,2026-09-29,23000.0,CE,193.1,193.3,193.8,435630,50858,30308,12.66
2026-09-24 15:17:48,23085.6,2026-09-29,23000.0,PE,82.0,81.75,82.0,2258484,202613,7601,12.08
2026-09-24 15:17:48,23085.6,2026-09-29,23050.0,CE,161.3,161.3,161.7,271500,21814,20577,12.43
2026-09-24 15:17:48,23085.6,2026-09-29,23050.0,PE,99.4,99.1,99.4,1072088,47182,20309,11.8
2026-09-24 15:17:48,23085.6,2026-09-29,23100.0,CE,132.4,132.25,132.55,962634,111197,102392,12.18
2026-09-24 15:17:48,23085.6,2026-09-29,23100.0,PE,120.95,120.9,121.2,2016087,126816,66294,11.62
2026-09-24 15:17:48,23085.6,2026-09-29,23150.0,CE,107.6,107.1,107.3,752188,61850,58195,12.02
2026-09-24 15:17:48,23085.6,2026-09-29,23150.0,PE,145.85,145.05,145.35,1447544,35882,3370,11.43
2026-09-24 15:17:48,23085.6,2026-09-29,23200.0,CE,85.2,85.2,85.4,2298473,208040,185395,11.87
2026-09-24 15:17:48,23085.6,2026-09-29,23200.0,PE,173.5,173.55,174.0,3118079,87004,-8518,11.16
2026-09-24 15:17:48,23085.6,2026-09-29,23250.0,CE,67.1,67.05,67.25,1721664,165261,150016,11.73
2026-09-24 15:17:48,23085.6,2026-09-29,23250.0,PE,206.3,205.75,206.2,1660228,58878,989,11.17
2026-09-24 15:17:48,23085.6,2026-09-29,23300.0,CE,52.6,52.5,52.65,1982721,198125,134119,11.68
2026-09-24 15:17:48,23085.6,2026-09-29,23300.0,PE,239.7,239.45,239.75,1549340,92010,-49690,10.94
2026-09-24 15:17:48,23085.6,2026-09-29,23350.0,CE,40.8,40.7,40.8,816117,78032,53557,11.68
2026-09-24 15:17:48,23085.6,2026-09-29,23350.0,PE,278.45,277.1,277.9,495752,18341,-42882,10.94
2026-09-24 15:17:48,23085.6,2026-09-29,23400.0,CE,31.85,31.75,31.85,1404571,161100,44285,11.77
2026-09-24 15:17:48,23085.6,2026-09-29,23400.0,PE,318.35,317.45,318.35,673629,67643,-110738,10.59
2026-09-24 15:17:48,23085.6,2026-09-29,23450.0,CE,24.7,24.6,24.7,689800,73988,14577,11.89
2026-09-24 15:17:48,23085.6,2026-09-29,23450.0,PE,361.95,360.9,362.05,182987,18464,-38968,10.74
2026-09-24 15:17:48,23085.6,2026-09-29,23500.0,CE,19.2,19.2,19.25,1191435,203457,45271,12.06
2026-09-24 15:17:48,23085.6,2026-09-29,23500.0,PE,405.65,405.15,406.3,294872,87215,-33098,10.58
2026-09-24 15:17:48,23085.6,2026-09-29,23550.0,CE,15.05,14.95,15.05,539017,57795,-4280,12.19
2026-09-24 15:17:48,23085.6,2026-09-29,23550.0,PE,453.5,451.05,452.7,38748,5644,-5307,10.17
2026-09-24 15:17:48,23085.6,2026-09-29,23600.0,CE,11.8,11.8,11.85,856540,118352,11455,12.41
2026-09-24 15:17:48,23085.6,2026-09-29,23600.0,PE,498.05,497.4,499.0,52512,22723,-5356,10.39
2026-09-24 15:18:48,23085.6,2026-09-29,22600.0,CE,530.8,531.45,533.6,1599,495,380,15.36
2026-09-24 15:18:48,23085.6,2026-09-29,22600.0,PE,17.05,17.0,17.1,601533,48312,-4273,14.56
2026-09-24 15:18:48,23085.6,2026-09-29,22650.0,CE,485.0,484.05,485.35,2222,683,-18,14.89
2026-09-24 15:18:48,23085.6,2026-09-29,22650.0,PE,20.45,20.45,20.5,395619,35864,3431,14.18
2026-09-24 15:18:48,23085.6,2026-09-29,22700.0,CE,439.2,438.7,439.95,6953,1071,621,15.05
2026-09-24 15:18:48,23085.6,2026-09-29,22700.0,PE,23.9,23.9,24.0,661640,67054,7098,13.73
2026-09-24 15:18:48,23085.6,2026-09-29,22750.0,CE,393.8,393.75,395.05,3573,811,298,14.64
2026-09-24 15:18:48,23085.6,2026-09-29,22750.0,PE,28.85,28.85,29.0,466282,29818,7292,13.38
2026-09-24 15:18:48,23085.6,2026-09-29,22800.0,CE,349.45,349.5,350.5,26675,5533,1387,14.02
2026-09-24 15:18:48,23085.6,2026-09-29,22800.0,PE,35.7,35.6,35.7,1013858,108867,10416,13.05
2026-09-24 15:18:48,23085.6,2026-09-29,22850.0,CE,308.0,307.85,308.7,9903,1212,868,13.61
2026-09-24 15:18:48,23085.6,2026-09-29,22850.0,PE,43.4,43.25,43.35,528015,44202,7146,12.72
2026-09-24 15:18:48,23085.6,2026-09-29,22900.0,CE,268.0,267.6,268.3,52128,6320,4032,13.25
2026-09-24 15:18:48,23085.6,2026-09-29,22900.0,PE,53.4,53.25,53.45,968485,86781,12845,12.49
2026-09-24 15:18:48,23085.6,2026-09-29,22950.0,CE,230.8,230.2,230.8,47418,3586,2969,12.95
2026-09-24 15:18:48,23085.6,2026-09-29,22950.0,PE,65.9,65.65,65.85,680095,36267,6156,12.25
2026-09-24 15:18:48,23085.6,2026-09-29,23000.0,CE,196.0,195.55,196.0,436624,50446,29896,12.66
2026-09-24 15:18:48,23085.6,2026-09-29,23000.0,PE,81.2,81.0,81.2,2262206,203302,8290,12.08
2026-09-24 15:18:48,23085.6,2026-09-29,23050.0,CE,163.25,163.2,163.65,272112,21695,20458,12.43
2026-09-24 15:18:48,23085.6,2026-09-29,23050.0,PE,98.5,98.25,98.55,1074183,47233,20360,11.8
2026-09-24 15:18:48,23085.6,2026-09-29,23100.0,CE,134.1,134.05,134.35,964655,111672,102867,12.18
2026-09-24 15:18:48,23085.6,2026-09-29,23100.0,PE,119.5,119.35,119.65,2019434,125922,65400,11.62
2026-09-24 15:18:48,23085.6,2026-09-29,23150.0,CE,108.8,108.8,109.05,753406,61229,57574,12.02
2026-09-24 15:18:48,23085.6,2026-09-29,23150.0,PE,144.15,144.1,144.25,1448455,35475,2963,11.43
2026-09-24 15:18:48,23085.6,2026-09-29,23200.0,CE,86.8,86.8,86.95,2301438,207385,184740,11.87
2026-09-24 15:18:48,23085.6,2026-09-29,23200.0,PE,171.85,171.25,171.65,3119536,86703,-8819,11.16
2026-09-24 15:18:48,23085.6,2026-09-29,23250.0,CE,68.35,68.4,68.45,1723096,164847,149602,11.73
2026-09-24 15:18:48,23085.6,2026-09-29,23250.0,PE,205.15,204.2,204.4,1660505,58845,956,11.17
2026-09-24 15:18:48,23085.6,2026-09-29,23300.0,CE,53.5,53.45,53.5,1984674,197938,133932,11.68
2026-09-24 15:18:48,23085.6,2026-09-29,23300.0,PE,238.35,237.7,238.4,1549858,91654,-50046,10.94
2026-09-24 15:18:48,23085.6,2026-09-29,23350.0,CE,41.4,41.35,41.5,816794,77691,53216,11.68
2026-09-24 15:18:48,23085.6,2026-09-29,23350.0,PE,276.5,274.85,275.5,495923,18269,-42954,10.94
2026-09-24 15:18:48,23085.6,2026-09-29,23400.0,CE,32.35,32.25,32.4,1406480,161128,44313,11.77
2026-09-24 15:18:48,23085.6,2026-09-29,23400.0,PE,316.5,315.15,316.05,673871,67612,-110769,10.59
2026-09-24 15:18:48,23085.6,2026-09-29,23450.0,CE,25.15,25.1,25.15,690483,73720,14309,11.89
2026-09-24 15:18:48,23085.6,2026-09-29,23450.0,PE,359.45,358.5,359.5,183056,18442,-38990,10.74
2026-09-24 15:18:48,23085.6,2026-09-29,23500.0,CE,19.7,19.65,19.7,1194374,203889,45703,12.06
2026-09-24 15:18:48,23085.6,2026-09-29,23500.0,PE,402.8,402.8,403.95,295018,87234,-33079,10.58
2026-09-24 15:18:48,23085.6,2026-09-29,23550.0,CE,15.45,15.4,15.45,540059,57969,-4106,12.19
2026-09-24 15:18:48,23085.6,2026-09-29,23550.0,PE,449.1,448.4,449.8,38787,5641,-5310,10.17
2026-09-24 15:18:48,23085.6,2026-09-29,23600.0,CE,12.25,12.2,12.25,859395,117981,11084,12.41
2026-09-24 15:18:48,23085.6,2026-09-29,23600.0,PE,496.0,495.4,496.55,52542,22704,-5375,10.39
2026-09-24 15:19:49,23085.6,2026-09-29,22600.0,CE,535.95,535.9,537.85,1608,493,378,15.35
2026-09-24 15:19:49,23085.6,2026-09-29,22600.0,PE,16.2,16.1,16.2,604654,48768,-3817,14.61
2026-09-24 15:19:49,23085.6,2026-09-29,22650.0,CE,490.25,487.1,489.95,2242,703,2,14.8
2026-09-24 15:19:49,23085.6,2026-09-29,22650.0,PE,19.4,19.35,19.4,396597,35856,3423,14.29
2026-09-24 15:19:49,23085.6,2026-09-29,22700.0,CE,442.9,442.6,443.95,6986,1096,646,14.26
2026-09-24 15:19:49,23085.6,2026-09-29,22700.0,PE,22.8,22.7,22.85,663550,67468,7512,13.84
2026-09-24 15:19:49,23085.6,2026-09-29,22750.0,CE,397.9,397.15,398.35,3612,836,323,13.89
2026-09-24 15:19:49,23085.6,2026-09-29,22750.0,PE,27.55,27.5,27.6,467713,30117,7591,13.5
2026-09-24 15:19:49,23085.6,2026-09-29,22800.0,CE,354.0,353.8,354.55,26812,5523,1377,13.48
2026-09-24 15:19:49,23085.6,2026-09-29,22800.0,PE,33.85,33.75,33.85,1016457,108905,10454,13.15
2026-09-24 15:19:49,23085.6,2026-09-29,22850.0,CE,312.45,311.55,312.15,9966,1245,901,13.17
2026-09-24 15:19:49,23085.6,2026-09-29,22850.0,PE,41.35,41.2,41.35,529139,44311,7255,12.86
2026-09-24 15:19:49,23085.6,2026-09-29,22900.0,CE,271.75,270.95,271.75,52410,6351,4063,12.9
2026-09-24 15:19:49,23085.6,2026-09-29,22900.0,PE,51.05,51.0,51.05,971219,87007,13071,12.59
2026-09-24 15:19:49,23085.6,2026-09-29,22950.0,CE,232.3,233.2,233.8,47561,3595,2978,12.57
2026-09-24 15:19:49,23085.6,2026-09-29,22950.0,PE,63.0,62.9,63.05,681340,36734,6623,12.38
2026-09-24 15:19:49,23085.6,2026-09-29,23000.0,CE,198.5,198.1,198.5,437913,50200,29650,12.39
2026-09-24 15:19:49,23085.6,2026-09-29,23000.0,PE,78.35,78.15,78.35,2267953,203934,8922,12.21
2026-09-24 15:19:49,23085.6,2026-09-29,23050.0,CE,165.8,165.55,165.8,273526,21567,20330,12.15
2026-09-24 15:19:49,23085.6,2026-09-29,23050.0,PE,95.2,95.15,95.25,1076815,46872,19999,11.96
2026-09-24 15:19:49,23085.6,2026-09-29,23100.0,CE,135.55,135.65,135.95,969007,111371,102566,11.95
2026-09-24 15:19:49,23085.6,2026-09-29,23100.0,PE,116.65,116.25,116.45,2023840,125757,65235,11.82
2026-09-24 15:19:49,23085.6,2026-09-29,23150.0,CE,110.8,110.8,110.95,756204,60865,57210,11.82
2026-09-24 15:19:49,23085.6,2026-09-29,23150.0,PE,140.0,140.0,140.1,1450583,35299,2787,11.65
2026-09-24 15:19:49,23085.6,2026-09-29,23200.0,CE,88.15,88.15,88.25,2307196,207124,184479,11.69
2026-09-24 15:19:49,23085.6,2026-09-29,23200.0,PE,168.3,167.7,168.0,3121128,86866,-8656,11.49
2026-09-24 15:19:49,23085.6,2026-09-29,23250.0,CE,69.55,69.6,69.75,1725912,164605,149360,11.59
2026-09-24 15:19:49,23085.6,2026-09-29,23250.0,PE,199.7,199.6,200.05,1661163,58880,991,11.44
2026-09-24 15:19:49,23085.6,2026-09-29,23300.0,CE,54.3,54.45,54.55,1988976,197405,133399,11.55
2026-09-24 15:19:49,23085.6,2026-09-29,23300.0,PE,233.6,233.1,233.75,1550831,91572,-50128,11.26
2026-09-24 15:19:49,23085.6,2026-09-29,23350.0,CE,42.55,42.45,42.55,818915,77565,53090,11.57
2026-09-24 15:19:49,23085.6,2026-09-29,23350.0,PE,270.65,270.55,271.15,496129,18254,-42969,11.32
2026-09-24 15:19:49,23085.6,2026-09-29,23400.0,CE,33.3,33.15,33.3,1410958,161103,44288,11.68
2026-09-24 15:19:49,23085.6,2026-09-29,23400.0,PE,311.35,310.55,311.45,674351,67613,-110768,11.29
2026-09-24 15:19:49,23085.6,2026-09-29,23450.0,CE,25.8,25.7,25.8,692104,73810,14399,11.79
2026-09-24 15:19:49,23085.6,2026-09-29,23450.0,PE,355.3,354.4,355.3,183121,18433,-38999,11.35
2026-09-24 15:19:49,23085.6,2026-09-29,23500.0,CE,20.3,20.25,20.3,1197722,203245,45059,11.97
2026-09-24 15:19:49,23085.6,2026-09-29,23500.0,PE,400.5,397.3,398.35,295270,87210,-33103,11.38
2026-09-24 15:19:49,23085.6,2026-09-29,23550.0,CE,15.8,15.85,15.9,542241,58296,-3779,12.14
2026-09-24 15:19:49,23085.6,2026-09-29,23550.0,PE,445.4,443.25,444.85,38816,5651,-5300,10.99
2026-09-24 15:19:49,23085.6,2026-09-29,23600.0,CE,12.6,12.6,12.65,864040,119010,12113,12.38
2026-09-24 15:19:49,23085.6,2026-09-29,23600.0,PE,490.8,490.15,491.35,52581,22701,-5378,11.17
2026-09-24 15:20:49,23085.6,2026-09-29,22600.0,CE,544.4,540.1,542.4,1633,486,371,15.36
2026-09-24 15:20:49,23085.6,2026-09-29,22600.0,PE,15.85,15.85,15.9,606228,48804,-3781,14.56
2026-09-24 15:20:49,23085.6,2026-09-29,22650.0,CE,495.6,493.2,494.9,2276,708,7,14.89
2026-09-24 15:20:49,23085.6,2026-09-29,22650.0,PE,19.0,18.95,19.0,397858,35723,3290,14.18
2026-09-24 15:20:49,23085.6,2026-09-29,22700.0,CE,449.5,448.0,449.05,7028,1109,659,15.05
2026-09-24 15:20:49,23085.6,2026-09-29,22700.0,PE,22.2,22.1,22.2,665877,67378,7422,13.73
2026-09-24 15:20:49,23085.6,2026-09-29,22750.0,CE,403.9,401.7,402.9,3649,865,352,14.64
2026-09-24 15:20:49,23085.6,2026-09-29,22750.0,PE,26.9,26.75,26.85,469073,30124,7598,13.38
2026-09-24 15:20:49,23085.6,2026-09-29,22800.0,CE,358.55,357.65,358.6,27287,5256,1110,14.02
2026-09-24 15:20:49,23085.6,2026-09-29,22800.0,PE,32.9,32.75,32.9,1021526,108204,9753,13.05
2026-09-24 15:20:49,23085.6,2026-09-29,22850.0,CE,317.0,316.1,316.95,10136,1280,936,13.61
2026-09-24 15:20:49,23085.6,2026-09-29,22850.0,PE,39.65,39.6,39.75,531342,44487,7431,12.72
2026-09-24 15:20:49,23085.6,2026-09-29,22900.0,CE,275.0,274.5,274.95,52716,6341,4053,13.25
2026-09-24 15:20:49,23085.6,2026-09-29,22900.0,PE,49.35,49.2,49.35,974868,86907,12971,12.49
2026-09-24 15:20:49,23085.6,2026-09-29,22950.0,CE,236.85,236.85,237.4,47757,3549,2932,12.95
2026-09-24 15:20:49,23085.6,2026-09-29,22950.0,PE,61.2,61.0,61.2,683111,36802,6691,12.25
2026-09-24 15:20:49,23085.6,2026-09-29,23000.0,CE,200.85,200.3,200.8,440110,49567,29017,12.66
2026-09-24 15:20:49,23085.6,2026-09-29,23000.0,PE,76.25,76.1,76.2,2278492,202479,7467,12.08
2026-09-24 15:20:49,23085.6,2026-09-29,23050.0,CE,168.3,168.1,168.3,275338,21359,20122,12.43
2026-09-24 15:20:49,23085.6,2026-09-29,23050.0,PE,91.9,92.0,92.25,1081512,46649,19776,11.8
2026-09-24 15:20:49,23085.6,2026-09-29,23100.0,CE,137.65,137.55,137.8,977109,111538,102733,12.18
2026-09-24 15:20:49,23085.6,2026-09-29,23100.0,PE,113.25,113.25,113.5,2035963,127398,66876,11.62
2026-09-24 15:20:49,23085.6,2026-09-29,23150.0,CE,112.5,112.45,112.55,760098,59577,55922,12.02
2026-09-24 15:20:49,23085.6,2026-09-29,23150.0,PE,136.3,136.5,136.65,1454669,34694,2182,11.43
2026-09-24 15:20:49,23085.6,2026-09-29,23200.0,CE,89.8,89.8,90.0,2315386,204615,181970,11.87
2026-09-24 15:20:49,23085.6,2026-09-29,23200.0,PE,163.1,163.2,163.5,3124729,86461,-9061,11.16
2026-09-24 15:20:49,23085.6,2026-09-29,23250.0,CE,70.6,70.65,70.8,1730568,163155,147910,11.73
2026-09-24 15:20:49,23085.6,2026-09-29,23250.0,PE,194.8,195.1,195.6,1662808,58471,582,11.17
2026-09-24 15:20:49,23085.6,2026-09-29,23300.0,CE,55.25,55.1,55.25,1993562,195941,131935,11.68
2026-09-24 15:20:49,23085.6,2026-09-29,23300.0,PE,228.6,228.35,228.95,1552498,91181,-50519,10.94
2026-09-24 15:20:49,23085.6,2026-09-29,23350.0,CE,42.85,42.85,42.95,821499,76962,52487,11.68
2026-09-24 15:20:49,23085.6,2026-09-29,23350.0,PE,265.65,266.2,267.0,496820,17976,-43247,10.94
2026-09-24 15:20:49,23085.6,2026-09-29,23400.0,CE,33.55,33.55,33.6,1414872,160997,44182,11.77
2026-09-24 15:20:49,23085.6,2026-09-29,23400.0,PE,306.2,305.3,306.0,675042,67633,-110748,10.59
2026-09-24 15:20:49,23085.6,2026-09-29,23450.0,CE,25.95,25.95,26.05,693726,73771,14360,11.89
2026-09-24 15:20:49,23085.6,2026-09-29,23450.0,PE,349.45,349.55,350.35,183437,18371,-39061,10.74
2026-09-24 15:20:49,23085.6,2026-09-29,23500.0,CE,20.35,20.3,20.4,1201627,201857,43671,12.06
2026-09-24 15:20:49,23085.6,2026-09-29,23500.0,PE,391.2,392.45,393.0,295822,87295,-33018,10.58
2026-09-24 15:20:49,23085.6,2026-09-29,23550.0,CE,16.0,15.9,15.95,543872,58842,-3233,12.19
2026-09-24 15:20:49,23085.6,2026-09-29,23550.0,PE,438.0,437.15,438.4,38847,5652,-5299,10.17
2026-09-24 15:20:49,23085.6,2026-09-29,23600.0,CE,12.6,12.55,12.6,866346,119683,12786,12.41
2026-09-24 15:20:49,23085.6,2026-09-29,23600.0,PE,486.25,484.85,486.3,52684,22685,-5394,10.39
2026-09-24 15:21:49,23085.6,2026-09-29,22600.0,CE,542.7,542.15,544.2,1631,486,371,15.35
2026-09-24 15:21:49,23085.6,2026-09-29,22600.0,PE,15.7,15.65,15.7,606037,48804,-3781,14.61
2026-09-24 15:21:49,23085.6,2026-09-29,22650.0,CE,495.4,495.35,497.15,2275,719,18,14.8
2026-09-24 15:21:49,23085.6,2026-09-29,22650.0,PE,18.75,18.7,18.75,397785,35723,3290,14.29
2026-09-24 15:21:49,23085.6,2026-09-29,22700.0,CE,449.5,449.7,450.5,7028,1128,678,14.26
2026-09-24 15:21:49,23085.6,2026-09-29,22700.0,PE,21.9,21.75,21.85,665789,67477,7521,13.84
2026-09-24 15:21:49,23085.6,2026-09-29,22750.0,CE,402.85,403.45,404.9,3647,865,352,13.89
2026-09-24 15:21:49,23085.6,2026-09-29,22750.0,PE,26.5,26.5,26.55,469001,30124,7598,13.5
2026-09-24 15:21:49,23085.6,2026-09-29,22800.0,CE,358.4,358.8,359.65,27283,5256,1110,13.48
2026-09-24 15:21:49,23085.6,2026-09-29,22800.0,PE,32.55,32.5,32.55,1021140,108204,9753,13.15
2026-09-24 15:21:49,23085.6,2026-09-29,22850.0,CE,317.0,317.15,317.95,10136,1264,920,13.17
2026-09-24 15:21:49,23085.6,2026-09-29,22850.0,PE,39.4,39.15,39.25,531198,44487,7431,12.86
2026-09-24 15:21:49,23085.6,2026-09-29,22900.0,CE,276.0,275.7,276.4,52705,6341,4053,12.9
2026-09-24 15:21:49,23085.6,2026-09-29,22900.0,PE,48.75,48.75,48.9,974660,86907,12971,12.59
2026-09-24 15:21:49,23085.6,2026-09-29,22950.0,CE,237.8,237.45,237.85,47745,3505,2888,12.57
2026-09-24 15:21:49,23085.6,2026-09-29,22950.0,PE,60.35,60.35,60.55,682915,36802,6691,12.38
2026-09-24 15:21:49,23085.6,2026-09-29,23000.0,CE,201.4,201.35,201.85,439881,49567,29017,12.39
2026-09-24 15:21:49,23085.6,2026-09-29,23000.0,PE,75.2,75.2,75.4,2277162,202479,7467,12.21
2026-09-24 15:21:49,23085.6,2026-09-29,23050.0,CE,169.55,169.3,169.55,275122,21010,19773,12.15
2026-09-24 15:21:49,23085.6,2026-09-29,23050.0,PE,91.0,90.6,90.85,1081269,46500,19627,11.96
2026-09-24 15:21:49,23085.6,2026-09-29,23100.0,CE,138.65,138.4,138.65,976501,111538,102733,11.95
2026-09-24 15:21:49,23085.6,2026-09-29,23100.0,PE,112.4,112.2,112.4,2035368,127398,66876,11.82
2026-09-24 15:21:49,23085.6,2026-09-29,23150.0,CE,113.0,112.8,113.0,759739,59577,55922,11.82
2026-09-24 15:21:49,23085.6,2026-09-29,23150.0,PE,135.65,135.5,135.7,1454232,34694,2182,11.65
2026-09-24 15:21:49,23085.6,2026-09-29,23200.0,CE,90.05,90.05,90.25,2314592,204615,181970,11.69
2026-09-24 15:21:49,23085.6,2026-09-29,23200.0,PE,162.0,162.1,162.4,3124226,86461,-9061,11.49
2026-09-24 15:21:49,23085.6,2026-09-29,23250.0,CE,70.95,71.05,71.1,1730286,163155,147910,11.59
2026-09-24 15:21:49,23085.6,2026-09-29,23250.0,PE,194.15,194.15,194.2,1662542,58471,582,11.44
2026-09-24 15:21:49,23085.6,2026-09-29,23300.0,CE,55.5,55.45,55.5,1993118,195941,131935,11.55
2026-09-24 15:21:49,23085.6,2026-09-29,23300.0,PE,227.7,227.45,227.75,1552417,91181,-50519,11.26
2026-09-24 15:21:49,23085.6,2026-09-29,23350.0,CE,43.1,43.1,43.15,821301,76962,52487,11.57
2026-09-24 15:21:49,23085.6,2026-09-29,23350.0,PE,265.45,264.7,265.45,496695,17976,-43247,11.32
2026-09-24 15:21:49,23085.6,2026-09-29,23400.0,CE,33.6,33.6,33.7,1414785,160557,43742,11.68
2026-09-24 15:21:49,23085.6,2026-09-29,23400.0,PE,303.7,303.3,304.05,675031,67615,-110766,11.29
2026-09-24 15:21:49,23085.6,2026-09-29,23450.0,CE,26.15,26.1,26.2,693662,73771,14360,11.79
2026-09-24 15:21:49,23085.6,2026-09-29,23450.0,PE,348.3,347.7,348.6,183417,18371,-39061,11.35
2026-09-24 15:21:49,23085.6,2026-09-29,23500.0,CE,20.4,20.35,20.4,1201267,201857,43671,11.97
2026-09-24 15:21:49,23085.6,2026-09-29,23500.0,PE,391.1,391.1,392.1,295631,87295,-33018,11.38
2026-09-24 15:21:49,23085.6,2026-09-29,23550.0,CE,15.95,15.9,15.95,543820,58842,-3233,12.14
2026-09-24 15:21:49,23085.6,2026-09-29,23550.0,PE,437.0,435.4,436.7,38846,5652,-5299,10.99
2026-09-24 15:21:49,23085.6,2026-09-29,23600.0,CE,12.65,12.6,12.65,866235,119683,12786,12.38
2026-09-24 15:21:49,23085.6,2026-09-29,23600.0,PE,485.0,483.15,484.5,52678,22685,-5394,11.17
2026-09-24 15:22:50,23085.6,2026-09-29,22600.0,CE,536.3,532.8,536.0,1636,486,371,16.25
2026-09-24 15:22:50,23085.6,2026-09-29,22600.0,PE,16.45,16.45,16.55,608411,48822,-3763,14.37
2026-09-24 15:22:50,23085.6,2026-09-29,22650.0,CE,489.55,486.85,488.5,2286,719,18,15.55
2026-09-24 15:22:50,23085.6,2026-09-29,22650.0,PE,19.7,19.8,19.9,399682,35708,3275,13.99
2026-09-24 15:22:50,23085.6,2026-09-29,22700.0,CE,441.3,441.4,442.5,7048,1129,679,15.13
2026-09-24 15:22:50,23085.6,2026-09-29,22700.0,PE,23.05,23.1,23.2,670980,67107,7151,13.5
2026-09-24 15:22:50,23085.6,2026-09-29,22750.0,CE,397.3,396.2,397.15,3664,869,356,14.35
2026-09-24 15:22:50,23085.6,2026-09-29,22750.0,PE,27.95,27.8,27.9,471589,29954,7428,13.11
2026-09-24 15:22:50,23085.6,2026-09-29,22800.0,CE,352.95,351.95,352.65,27426,5269,1123,13.82
2026-09-24 15:22:50,23085.6,2026-09-29,22800.0,PE,34.1,34.0,34.1,1029559,108508,10057,12.79
2026-09-24 15:22:50,23085.6,2026-09-29,22850.0,CE,309.95,310.15,311.05,10230,1298,954,13.49
2026-09-24 15:22:50,23085.6,2026-09-29,22850.0,PE,41.45,41.25,41.4,533711,44348,7292,12.43
2026-09-24 15:22:50,23085.6,2026-09-29,22900.0,CE,270.4,268.95,269.7,53170,6394,4106,13.16
2026-09-24 15:22:50,23085.6,2026-09-29,22900.0,PE,51.2,51.2,51.35,979346,86853,12917,12.14
2026-09-24 15:22:50,23085.6,2026-09-29,22950.0,CE,231.55,231.75,232.25,48422,3552,2935,12.76
2026-09-24 15:22:50,23085.6,2026-09-29,22950.0,PE,63.05,62.85,63.0,687514,36275,6164,11.89
2026-09-24 15:22:50,23085.6,2026-09-29,23000.0,CE,196.6,196.55,196.75,442810,49712,29162,12.48
2026-09-24 15:22:50,23085.6,2026-09-29,23000.0,PE,78.25,78.2,78.35,2291441,202091,7079,11.77
2026-09-24 15:22:50,23085.6,2026-09-29,23050.0,CE,164.0,163.65,164.0,277841,20986,19749,12.26
2026-09-24 15:22:50,23085.6,2026-09-29,23050.0,PE,95.25,95.1,95.3,1087911,46188,19315,11.48
2026-09-24 15:22:50,23085.6,2026-09-29,23100.0,CE,133.9,133.95,134.2,986518,112622,103817,11.99
2026-09-24 15:22:50,23085.6,2026-09-29,23100.0,PE,116.3,116.1,116.3,2048286,126795,66273,11.3
2026-09-24 15:22:50,23085.6,2026-09-29,23150.0,CE,109.05,109.05,109.1,764668,58946,55291,11.86
2026-09-24 15:22:50,23085.6,2026-09-29,23150.0,PE,140.0,140.1,140.45,1458606,34035,1523,11.12
2026-09-24 15:22:50,23085.6,2026-09-29,23200.0,CE,86.4,86.6,86.8,2324700,203501,180856,11.77
2026-09-24 15:22:50,23085.6,2026-09-29,23200.0,PE,167.8,167.65,168.1,3128973,86451,-9071,10.99
2026-09-24 15:22:50,23085.6,2026-09-29,23250.0,CE,68.1,67.95,68.15,1736866,161989,146744,11.68
2026-09-24 15:22:50,23085.6,2026-09-29,23250.0,PE,200.35,200.2,200.7,1664480,58259,370,10.88
2026-09-24 15:22:50,23085.6,2026-09-29,23300.0,CE,53.1,53.1,53.3,2000596,194851,130845,11.66
2026-09-24 15:22:50,23085.6,2026-09-29,23300.0,PE,233.0,233.35,234.0,1554210,90916,-50784,10.72
2026-09-24 15:22:50,23085.6,2026-09-29,23350.0,CE,41.25,41.1,41.25,826012,75882,51407,11.72
2026-09-24 15:22:50,23085.6,2026-09-29,23350.0,PE,271.15,271.05,271.85,497431,17849,-43374,10.58
2026-09-24 15:22:50,23085.6,2026-09-29,23400.0,CE,32.2,32.05,32.2,1420870,160259,43444,11.83
2026-09-24 15:22:50,23085.6,2026-09-29,23400.0,PE,312.35,311.25,312.05,676060,67408,-110973,10.74
2026-09-24 15:22:50,23085.6,2026-09-29,23450.0,CE,24.9,24.85,24.9,703971,69207,9796,11.98
2026-09-24 15:22:50,23085.6,2026-09-29,23450.0,PE,355.0,355.0,355.85,183759,18245,-39187,10.72
2026-09-24 15:22:50,23085.6,2026-09-29,23500.0,CE,19.5,19.5,19.55,1207146,201216,43030,12.17
2026-09-24 15:22:50,23085.6,2026-09-29,23500.0,PE,398.25,398.35,399.55,296356,87251,-33062,10.59
2026-09-24 15:22:50,23085.6,2026-09-29,23550.0,CE,15.25,15.2,15.3,545846,58600,-3475,12.38
2026-09-24 15:22:50,23085.6,2026-09-29,23550.0,PE,444.65,443.75,445.3,38915,5654,-5297,10.39
2026-09-24 15:22:50,23085.6,2026-09-29,23600.0,CE,12.15,12.15,12.2,869754,119455,12558,12.62
2026-09-24 15:22:50,23085.6,2026-09-29,23600.0,PE,491.0,491.75,493.6,52787,22658,-5421,9.98
2026-09-24 15:23:51,23085.6,2026-09-29,22600.0,CE,529.7,534.25,536.15,1652,482,367,16.25
2026-09-24 15:23:51,23085.6,2026-09-29,22600.0,PE,16.2,16.05,16.15,610090,48904,-3681,14.37
2026-09-24 15:23:51,23085.6,2026-09-29,22650.0,CE,485.85,487.05,489.35,2296,716,15,15.55
2026-09-24 15:23:51,23085.6,2026-09-29,22650.0,PE,19.35,19.3,19.4,400858,35661,3228,13.99
2026-09-24 15:23:51,23085.6,2026-09-29,22700.0,CE,441.1,441.6,442.8,7095,1142,692,15.13
2026-09-24 15:23:51,23085.6,2026-09-29,22700.0,PE,22.7,22.65,22.75,673852,67365,7409,13.5
2026-09-24 15:23:51,23085.6,2026-09-29,22750.0,CE,395.05,396.2,397.3,3727,872,359,14.35
2026-09-24 15:23:51,23085.6,2026-09-29,22750.0,PE,27.35,27.3,27.4,473214,30010,7484,13.11
2026-09-24 15:23:51,23085.6,2026-09-29,22800.0,CE,353.0,352.2,353.0,27527,5276,1130,13.82
2026-09-24 15:23:51,23085.6,2026-09-29,22800.0,PE,33.55,33.4,33.5,1035531,109595,11144,12.79
2026-09-24 15:23:51,23085.6,2026-09-29,22850.0,CE,308.55,309.35,310.1,10296,1267,923,13.49
2026-09-24 15:23:51,23085.6,2026-09-29,22850.0,PE,40.95,40.8,40.95,535455,44433,7377,12.43
2026-09-24 15:23:51,23085.6,2026-09-29,22900.0,CE,269.35,269.6,270.25,53455,6389,4101,13.16
2026-09-24 15:23:51,23085.6,2026-09-29,22900.0,PE,50.1,50.3,50.5,983224,86778,12842,12.14
2026-09-24 15:23:51,23085.6,2026-09-29,22950.0,CE,231.85,231.5,232.05,48801,3750,3133,12.76
2026-09-24 15:23:51,23085.6,2026-09-29,22950.0,PE,62.45,62.45,62.65,689828,36373,6262,11.89
2026-09-24 15:23:51,23085.6,2026-09-29,23000.0,CE,196.5,196.0,196.45,445130,49881,29331,12.48
2026-09-24 15:23:51,23085.6,2026-09-29,23000.0,PE,77.75,77.75,77.9,2300060,201891,6879,11.77
2026-09-24 15:23:51,23085.6,2026-09-29,23050.0,CE,163.45,163.5,163.9,279500,21017,19780,12.26
2026-09-24 15:23:51,23085.6,2026-09-29,23050.0,PE,95.15,94.7,94.95,1092089,46013,19140,11.48
2026-09-24 15:23:51,23085.6,2026-09-29,23100.0,CE,134.35,133.95,134.3,994171,112825,104020,11.99
2026-09-24 15:23:51,23085.6,2026-09-29,23100.0,PE,115.7,115.45,115.75,2056458,126996,66474,11.3
2026-09-24 15:23:51,23085.6,2026-09-29,23150.0,CE,108.9,108.85,109.15,768664,58816,55161,11.86
2026-09-24 15:23:51,23085.6,2026-09-29,23150.0,PE,139.75,139.55,139.9,1460365,34118,1606,11.12
2026-09-24 15:23:51,23085.6,2026-09-29,23200.0,CE,86.35,86.35,86.6,2333423,203325,180680,11.77
2026-09-24 15:23:51,23085.6,2026-09-29,23200.0,PE,167.3,167.4,167.6,3131004,86540,-8982,10.99
2026-09-24 15:23:51,23085.6,2026-09-29,23250.0,CE,68.15,68.2,68.35,1747706,161584,146339,11.68
2026-09-24 15:23:51,23085.6,2026-09-29,23250.0,PE,199.0,198.9,199.35,1666294,58019,130,10.88
2026-09-24 15:23:51,23085.6,2026-09-29,23300.0,CE,53.0,53.0,53.2,2006684,194755,130749,11.66
2026-09-24 15:23:51,23085.6,2026-09-29,23300.0,PE,233.55,232.85,233.55,1554956,90846,-50854,10.72
2026-09-24 15:23:51,23085.6,2026-09-29,23350.0,CE,41.15,41.0,41.1,830241,75626,51151,11.72
2026-09-24 15:23:51,23085.6,2026-09-29,23350.0,PE,271.05,270.7,271.55,497878,17832,-43391,10.58
2026-09-24 15:23:51,23085.6,2026-09-29,23400.0,CE,32.2,32.15,32.3,1431449,160893,44078,11.83
2026-09-24 15:23:51,23085.6,2026-09-29,23400.0,PE,310.05,310.9,311.75,676392,67449,-110932,10.74
2026-09-24 15:23:51,23085.6,2026-09-29,23450.0,CE,24.9,24.9,25.0,706854,69100,9689,11.98
2026-09-24 15:23:51,23085.6,2026-09-29,23450.0,PE,355.2,354.3,355.0,183824,18219,-39213,10.72
2026-09-24 15:23:51,23085.6,2026-09-29,23500.0,CE,19.65,19.6,19.7,1211611,201287,43101,12.17
2026-09-24 15:23:51,23085.6,2026-09-29,23500.0,PE,397.45,397.75,398.9,296635,87257,-33056,10.59
2026-09-24 15:23:51,23085.6,2026-09-29,23550.0,CE,15.35,15.25,15.35,548195,58576,-3499,12.38
2026-09-24 15:23:51,23085.6,2026-09-29,23550.0,PE,444.4,444.2,445.5,38938,5656,-5295,10.39
2026-09-24 15:23:51,23085.6,2026-09-29,23600.0,CE,12.1,12.1,12.15,874481,119233,12336,12.62
2026-09-24 15:23:51,23085.6,2026-09-29,23600.0,PE,489.6,490.15,491.65,52834,22660,-5419,9.98
2026-09-24 15:24:51,23085.6,2026-09-29,22600.0,CE,535.45,533.2,536.35,1654,482,367,16.25
2026-09-24 15:24:51,23085.6,2026-09-29,22600.0,PE,16.15,16.1,16.2,610699,49042,-3543,14.37
2026-09-24 15:24:51,23085.6,2026-09-29,22650.0,CE,485.85,487.4,490.3,2296,716,15,15.55
2026-09-24 15:24:51,23085.6,2026-09-29,22650.0,PE,19.25,19.25,19.3,401260,35781,3348,13.99
2026-09-24 15:24:51,23085.6,2026-09-29,22700.0,CE,441.75,440.6,442.25,7097,1139,689,15.13
2026-09-24 15:24:51,23085.6,2026-09-29,22700.0,PE,22.7,22.7,22.8,675097,67694,7738,13.5
2026-09-24 15:24:51,23085.6,2026-09-29,22750.0,CE,397.5,395.2,396.75,3738,873,360,14.35
2026-09-24 15:24:51,23085.6,2026-09-29,22750.0,PE,27.3,27.3,27.4,473835,30277,7751,13.11
2026-09-24 15:24:51,23085.6,2026-09-29,22800.0,CE,353.2,353.25,354.0,27557,5279,1133,13.82
2026-09-24 15:24:51,23085.6,2026-09-29,22800.0,PE,33.0,33.0,33.05,1036768,108654,10203,12.79
2026-09-24 15:24:51,23085.6,2026-09-29,22850.0,CE,310.75,310.1,310.95,10310,1257,913,13.49
2026-09-24 15:24:51,23085.6,2026-09-29,22850.0,PE,40.15,40.6,40.75,535992,44414,7358,12.43
2026-09-24 15:24:51,23085.6,2026-09-29,22900.0,CE,270.1,268.2,268.85,53612,6396,4108,13.16
2026-09-24 15:24:51,23085.6,2026-09-29,22900.0,PE,49.75,49.65,49.8,984236,87072,13136,12.14
2026-09-24 15:24:51,23085.6,2026-09-29,22950.0,CE,233.1,231.75,232.3,48855,3735,3118,12.76
2026-09-24 15:24:51,23085.6,2026-09-29,22950.0,PE,61.7,61.95,62.15,690519,36444,6333,11.89
2026-09-24 15:24:51,23085.6,2026-09-29,23000.0,CE,196.8,196.2,196.75,445756,49861,29311,12.48
2026-09-24 15:24:51,23085.6,2026-09-29,23000.0,PE,77.3,77.1,77.3,2303342,201626,6614,11.77
2026-09-24 15:24:51,23085.6,2026-09-29,23050.0,CE,163.9,163.45,163.85,280100,20871,19634,12.26
2026-09-24 15:24:51,23085.6,2026-09-29,23050.0,PE,94.1,94.25,94.5,1094077,45706,18833,11.48
2026-09-24 15:24:51,23085.6,2026-09-29,23100.0,CE,133.35,133.3,133.35,996060,113060,104255,11.99
2026-09-24 15:24:51,23085.6,2026-09-29,23100.0,PE,115.8,115.4,115.65,2058958,126206,65684,11.3
2026-09-24 15:24:51,23085.6,2026-09-29,23150.0,CE,109.05,109.1,109.25,770221,57866,54211,11.86
2026-09-24 15:24:51,23085.6,2026-09-29,23150.0,PE,138.45,138.15,138.5,1461039,33925,1413,11.12
2026-09-24 15:24:51,23085.6,2026-09-29,23200.0,CE,86.6,86.5,86.7,2335756,202028,179383,11.77
2026-09-24 15:24:51,23085.6,2026-09-29,23200.0,PE,166.85,166.45,166.85,3131707,86487,-9035,10.99
2026-09-24 15:24:51,23085.6,2026-09-29,23250.0,CE,67.75,67.4,67.6,1750459,159166,143921,11.68
2026-09-24 15:24:51,23085.6,2026-09-29,23250.0,PE,200.0,199.7,200.25,1666814,57842,-47,10.88
2026-09-24 15:24:51,23085.6,2026-09-29,23300.0,CE,53.15,53.0,53.15,2008361,193126,129120,11.66
2026-09-24 15:24:51,23085.6,2026-09-29,23300.0,PE,232.85,232.35,233.0,1556307,90822,-50878,10.72
2026-09-24 15:24:51,23085.6,2026-09-29,23350.0,CE,41.2,41.0,41.1,831167,74813,50338,11.72
2026-09-24 15:24:51,23085.6,2026-09-29,23350.0,PE,269.5,269.6,270.45,497963,17782,-43441,10.58
2026-09-24 15:24:51,23085.6,2026-09-29,23400.0,CE,31.95,31.95,32.05,1434724,165638,48823,11.83
2026-09-24 15:24:51,23085.6,2026-09-29,23400.0,PE,309.95,310.5,311.25,676630,67408,-110973,10.74
2026-09-24 15:24:51,23085.6,2026-09-29,23450.0,CE,24.65,24.65,24.7,707563,68728,9317,11.98
2026-09-24 15:24:51,23085.6,2026-09-29,23450.0,PE,353.8,354.75,355.95,183898,18211,-39221,10.72
2026-09-24 15:24:51,23085.6,2026-09-29,23500.0,CE,19.45,19.45,19.55,1212993,200801,42615,12.17
2026-09-24 15:24:51,23085.6,2026-09-29,23500.0,PE,397.0,396.05,397.05,296789,87279,-33034,10.59
2026-09-24 15:24:51,23085.6,2026-09-29,23550.0,CE,15.2,15.1,15.2,549187,58600,-3475,12.38
2026-09-24 15:24:51,23085.6,2026-09-29,23550.0,PE,443.55,443.95,445.35,38942,5649,-5302,10.39
2026-09-24 15:24:51,23085.6,2026-09-29,23600.0,CE,12.0,12.0,12.05,879914,120775,13878,12.62
2026-09-24 15:24:51,23085.6,2026-09-29,23600.0,PE,490.0,488.65,490.25,52848,22663,-5416,9.98
2026-09-24 15:25:51,23085.6,2026-09-29,22600.0,CE,532.0,527.9,529.8,1667,490,375,16.25
2026-09-24 15:25:51,23085.6,2026-09-29,22600.0,PE,17.1,17.1,17.2,611987,49055,-3530,14.37
2026-09-24 15:25:51,23085.6,2026-09-29,22650.0,CE,485.85,480.85,482.9,2296,716,15,15.55
2026-09-24 15:25:51,23085.6,2026-09-29,22650.0,PE,20.55,20.45,20.55,402524,35673,3240,13.99
2026-09-24 15:25:51,23085.6,2026-09-29,22700.0,CE,435.0,435.75,437.2,7103,1139,689,15.13
2026-09-24 15:25:51,23085.6,2026-09-29,22700.0,PE,24.15,24.05,24.15,677845,67724,7768,13.5
2026-09-24 15:25:51,23085.6,2026-09-29,22750.0,CE,390.0,390.65,392.3,3750,865,352,14.35
2026-09-24 15:25:51,23085.6,2026-09-29,22750.0,PE,29.05,28.75,28.9,475183,30456,7930,13.11
2026-09-24 15:25:51,23085.6,2026-09-29,22800.0,CE,347.55,347.2,348.1,27702,5283,1137,13.82
2026-09-24 15:25:51,23085.6,2026-09-29,22800.0,PE,35.35,35.2,35.35,1041529,108980,10529,12.79
2026-09-24 15:25:51,23085.6,2026-09-29,22850.0,CE,303.45,305.3,306.05,10346,1257,913,13.49
2026-09-24 15:25:51,23085.6,2026-09-29,22850.0,PE,43.1,43.1,43.2,537465,44392,7336,12.43
2026-09-24 15:25:51,23085.6,2026-09-29,22900.0,CE,264.55,265.35,266.1,53814,6391,4103,13.16
2026-09-24 15:25:51,23085.6,2026-09-29,22900.0,PE,52.9,52.75,52.85,987400,87022,13086,12.14
2026-09-24 15:25:51,23085.6,2026-09-29,22950.0,CE,228.0,227.35,227.85,49424,3700,3083,12.76
2026-09-24 15:25:51,23085.6,2026-09-29,22950.0,PE,65.5,65.45,65.6,693366,36390,6279,11.89
2026-09-24 15:25:51,23085.6,2026-09-29,23000.0,CE,192.0,192.35,192.5,449953,49763,29213,12.48
2026-09-24 15:25:51,23085.6,2026-09-29,23000.0,PE,81.5,81.35,81.45,2313474,200838,5826,11.77
2026-09-24 15:25:51,23085.6,2026-09-29,23050.0,CE,161.25,160.75,161.25,282286,20982,19745,12.26
2026-09-24 15:25:51,23085.6,2026-09-29,23050.0,PE,98.75,98.55,98.8,1097850,45458,18585,11.48
2026-09-24 15:25:51,23085.6,2026-09-29,23100.0,CE,130.95,130.95,131.3,1003987,113366,104561,11.99
2026-09-24 15:25:51,23085.6,2026-09-29,23100.0,PE,119.6,119.6,119.9,2071047,127449,66927,11.3
2026-09-24 15:25:51,23085.6,2026-09-29,23150.0,CE,106.9,106.65,106.9,773196,57224,53569,11.86
2026-09-24 15:25:51,23085.6,2026-09-29,23150.0,PE,144.0,143.8,144.15,1463571,33737,1225,11.12
2026-09-24 15:25:51,23085.6,2026-09-29,23200.0,CE,84.7,84.75,84.95,2341455,201856,179211,11.77
2026-09-24 15:25:51,23085.6,2026-09-29,23200.0,PE,172.2,172.3,172.7,3134117,86423,-9099,10.99
2026-09-24 15:25:51,23085.6,2026-09-29,23250.0,CE,66.6,66.65,66.85,1754890,159069,143824,11.68
2026-09-24 15:25:51,23085.6,2026-09-29,23250.0,PE,204.5,204.05,204.6,1667994,57529,-360,10.88
2026-09-24 15:25:51,23085.6,2026-09-29,23300.0,CE,51.95,51.9,51.95,2014843,193062,129056,11.66
2026-09-24 15:25:51,23085.6,2026-09-29,23300.0,PE,239.15,238.95,239.45,1557520,91352,-50348,10.72
2026-09-24 15:25:51,23085.6,2026-09-29,23350.0,CE,40.25,40.15,40.25,834794,75016,50541,11.72
2026-09-24 15:25:51,23085.6,2026-09-29,23350.0,PE,277.65,277.05,277.9,498363,17735,-43488,10.58
2026-09-24 15:25:51,23085.6,2026-09-29,23400.0,CE,31.4,31.4,31.45,1439769,164930,48115,11.83
2026-09-24 15:25:51,23085.6,2026-09-29,23400.0,PE,317.65,316.85,317.35,677535,67339,-111042,10.74
2026-09-24 15:25:51,23085.6,2026-09-29,23450.0,CE,24.3,24.25,24.35,709653,68576,9165,11.98
2026-09-24 15:25:51,23085.6,2026-09-29,23450.0,PE,363.95,360.3,361.35,184077,18180,-39252,10.72
2026-09-24 15:25:51,23085.6,2026-09-29,23500.0,CE,19.0,18.95,19.0,1218416,201161,42975,12.17
2026-09-24 15:25:51,23085.6,2026-09-29,23500.0,PE,404.8,403.7,404.85,297230,87251,-33062,10.59
2026-09-24 15:25:51,23085.6,2026-09-29,23550.0,CE,14.8,14.8,14.85,550919,58660,-3415,12.38
2026-09-24 15:25:51,23085.6,2026-09-29,23550.0,PE,453.6,450.0,451.4,38974,5645,-5306,10.39
2026-09-24 15:25:51,23085.6,2026-09-29,23600.0,CE,11.6,11.6,11.65,890112,124955,18058,12.62
2026-09-24 15:25:51,23085.6,2026-09-29,23600.0,PE,497.15,496.15,497.8,52891,22662,-5417,9.98
2026-09-24 15:26:52,23085.6,2026-09-29,22600.0,CE,535.4,535.15,538.45,1669,490,375,16.25
2026-09-24 15:26:52,23085.6,2026-09-29,22600.0,PE,16.15,16.0,16.1,612703,49049,-3536,14.37
2026-09-24 15:26:52,23085.6,2026-09-29,22650.0,CE,485.85,488.35,490.35,2296,716,15,15.55
2026-09-24 15:26:52,23085.6,2026-09-29,22650.0,PE,19.3,19.2,19.3,403338,35808,3375,13.99
2026-09-24 15:26:52,23085.6,2026-09-29,22700.0,CE,438.45,442.6,443.9,7158,1134,684,15.13
2026-09-24 15:26:52,23085.6,2026-09-29,22700.0,PE,22.55,22.45,22.6,680636,67684,7728,13.5
2026-09-24 15:26:52,23085.6,2026-09-29,22750.0,CE,396.55,397.35,398.35,3751,867,354,14.35
2026-09-24 15:26:52,23085.6,2026-09-29,22750.0,PE,27.2,27.1,27.15,476039,30290,7764,13.11
2026-09-24 15:26:52,23085.6,2026-09-29,22800.0,CE,353.5,353.25,353.9,27775,5308,1162,13.82
2026-09-24 15:26:52,23085.6,2026-09-29,22800.0,PE,33.25,33.2,33.35,1043784,109122,10671,12.79
2026-09-24 15:26:52,23085.6,2026-09-29,22850.0,CE,311.8,310.95,311.8,10520,1264,920,13.49
2026-09-24 15:26:52,23085.6,2026-09-29,22850.0,PE,40.6,40.45,40.6,538715,44357,7301,12.43
2026-09-24 15:26:52,23085.6,2026-09-29,22900.0,CE,271.15,270.45,271.15,53943,6402,4114,13.16
2026-09-24 15:26:52,23085.6,2026-09-29,22900.0,PE,50.0,50.0,50.1,989306,86749,12813,12.14
2026-09-24 15:26:52,23085.6,2026-09-29,22950.0,CE,232.5,232.5,233.05,49602,3560,2943,12.76
2026-09-24 15:26:52,23085.6,2026-09-29,22950.0,PE,61.8,61.7,61.8,695009,36335,6224,11.89
2026-09-24 15:26:52,23085.6,2026-09-29,23000.0,CE,197.15,196.7,197.1,451296,50315,29765,12.48
2026-09-24 15:26:52,23085.6,2026-09-29,23000.0,PE,76.95,76.95,77.1,2320384,201041,6029,11.77
2026-09-24 15:26:52,23085.6,2026-09-29,23050.0,CE,164.65,164.4,164.85,283411,21139,19902,12.26
2026-09-24 15:26:52,23085.6,2026-09-29,23050.0,PE,93.8,93.8,94.0,1099943,45290,18417,11.48
2026-09-24 15:26:52,23085.6,2026-09-29,23100.0,CE,134.6,134.3,134.6,1007588,114284,105479,11.99
2026-09-24 15:26:52,23085.6,2026-09-29,23100.0,PE,114.85,114.6,114.8,2075280,128923,68401,11.3
2026-09-24 15:26:52,23085.6,2026-09-29,23150.0,CE,109.55,109.3,109.6,776412,56845,53190,11.86
2026-09-24 15:26:52,23085.6,2026-09-29,23150.0,PE,138.6,138.55,138.85,1465948,33702,1190,11.12
2026-09-24 15:26:52,23085.6,2026-09-29,23200.0,CE,86.6,86.65,86.9,2345889,201611,178966,11.77
2026-09-24 15:26:52,23085.6,2026-09-29,23200.0,PE,165.9,165.85,166.15,3135818,86307,-9215,10.99
2026-09-24 15:26:52,23085.6,2026-09-29,23250.0,CE,68.2,68.1,68.25,1758335,158620,143375,11.68
2026-09-24 15:26:52,23085.6,2026-09-29,23250.0,PE,197.6,197.7,198.2,1668460,57334,-555,10.88
2026-09-24 15:26:52,23085.6,2026-09-29,23300.0,CE,53.05,53.1,53.2,2018718,193212,129206,11.66
2026-09-24 15:26:52,23085.6,2026-09-29,23300.0,PE,231.1,231.15,231.7,1558181,91265,-50435,10.72
2026-09-24 15:26:52,23085.6,2026-09-29,23350.0,CE,40.95,40.85,40.9,836148,74898,50423,11.72
2026-09-24 15:26:52,23085.6,2026-09-29,23350.0,PE,269.8,268.85,269.75,498506,17702,-43521,10.58
2026-09-24 15:26:52,23085.6,2026-09-29,23400.0,CE,31.85,31.85,31.9,1442796,165614,48799,11.83
2026-09-24 15:26:52,23085.6,2026-09-29,23400.0,PE,308.75,308.8,309.65,677902,67016,-111365,10.74
2026-09-24 15:26:52,23085.6,2026-09-29,23450.0,CE,24.45,24.35,24.45,711703,68469,9058,11.98
2026-09-24 15:26:52,23085.6,2026-09-29,23450.0,PE,354.6,352.7,353.7,184319,18131,-39301,10.72
2026-09-24 15:26:52,23085.6,2026-09-29,23500.0,CE,19.0,19.0,19.1,1221585,200992,42806,12.17
2026-09-24 15:26:52,23085.6,2026-09-29,23500.0,PE,396.9,396.15,396.9,297668,87218,-33095,10.59
2026-09-24 15:26:52,23085.6,2026-09-29,23550.0,CE,14.8,14.7,14.8,551678,58616,-3459,12.38
2026-09-24 15:26:52,23085.6,2026-09-29,23550.0,PE,443.9,442.35,443.2,38992,5645,-5306,10.39
2026-09-24 15:26:52,23085.6,2026-09-29,23600.0,CE,11.55,11.5,11.55,891866,127881,20984,12.62
2026-09-24 15:26:52,23085.6,2026-09-29,23600.0,PE,488.7,488.7,489.7,52914,22671,-5408,9.98
2026-09-24 15:27:52,23085.6,2026-09-29,22600.0,CE,536.75,532.95,535.85,1676,490,375,17.25
2026-09-24 15:27:52,23085.6,2026-09-29,22600.0,PE,15.35,15.3,15.35,615997,48810,-3775,14.31
2026-09-24 15:27:52,23085.6,2026-09-29,22650.0,CE,490.85,486.3,487.9,2309,716,15,16.26
2026-09-24 15:27:52,23085.6,2026-09-29,22650.0,PE,18.4,18.45,18.55,405289,35766,3333,13.92
2026-09-24 15:27:52,23085.6,2026-09-29,22700.0,CE,443.75,439.95,441.45,7223,1103,653,15.64
2026-09-24 15:27:52,23085.6,2026-09-29,22700.0,PE,22.1,22.05,22.1,683791,67887,7931,13.41
2026-09-24 15:27:52,23085.6,2026-09-29,22750.0,CE,396.15,394.7,396.05,3806,877,364,15.0
2026-09-24 15:27:52,23085.6,2026-09-29,22750.0,PE,26.65,26.6,26.75,477690,30211,7685,13.04
2026-09-24 15:27:52,23085.6,2026-09-29,22800.0,CE,351.25,350.8,351.7,28008,5334,1188,14.29
2026-09-24 15:27:52,23085.6,2026-09-29,22800.0,PE,32.95,32.85,32.95,1047844,110225,11774,12.7
2026-09-24 15:27:52,23085.6,2026-09-29,22850.0,CE,309.8,308.55,309.45,10575,1322,978,13.93
2026-09-24 15:27:52,23085.6,2026-09-29,22850.0,PE,40.5,40.3,40.45,540840,44223,7167,12.28
2026-09-24 15:27:52,23085.6,2026-09-29,22900.0,CE,269.15,268.4,269.1,54271,6331,4043,13.35
2026-09-24 15:27:52,23085.6,2026-09-29,22900.0,PE,49.85,49.85,50.0,994135,85555,11619,12.04
2026-09-24 15:27:52,23085.6,2026-09-29,22950.0,CE,231.15,230.7,231.25,49927,3502,2885,13.01
2026-09-24 15:27:52,23085.6,2026-09-29,22950.0,PE,62.05,62.0,62.2,697226,36508,6397,11.8
2026-09-24 15:27:52,23085.6,2026-09-29,23000.0,CE,194.7,195.15,195.65,456590,50465,29915,12.67
2026-09-24 15:27:52,23085.6,2026-09-29,23000.0,PE,77.2,77.2,77.45,2331139,200969,5957,11.64
2026-09-24 15:27:52,23085.6,2026-09-29,23050.0,CE,163.4,163.05,163.55,285447,20818,19581,12.42
2026-09-24 15:27:52,23085.6,2026-09-29,23050.0,PE,94.35,94.4,94.6,1103625,45150,18277,11.27
2026-09-24 15:27:52,23085.6,2026-09-29,23100.0,CE,133.35,133.35,133.55,1016171,113216,104411,12.1
2026-09-24 15:27:52,23085.6,2026-09-29,23100.0,PE,115.45,115.4,115.6,2082821,129427,68905,11.17
2026-09-24 15:27:52,23085.6,2026-09-29,23150.0,CE,108.85,108.75,108.9,780800,55489,51834,12.01
2026-09-24 15:27:52,23085.6,2026-09-29,23150.0,PE,139.65,139.65,139.9,1469053,33227,715,10.91
2026-09-24 15:27:52,23085.6,2026-09-29,23200.0,CE,86.35,86.05,86.3,2355105,198264,175619,11.86
2026-09-24 15:27:52,23085.6,2026-09-29,23200.0,PE,167.3,167.35,167.6,3139094,86283,-9239,10.68
2026-09-24 15:27:52,23085.6,2026-09-29,23250.0,CE,67.95,67.75,67.9,1764292,156647,141402,11.75
2026-09-24 15:27:52,23085.6,2026-09-29,23250.0,PE,198.95,199.2,199.8,1669493,57069,-820,10.6
2026-09-24 15:27:52,23085.6,2026-09-29,23300.0,CE,52.95,52.8,53.0,2024752,190544,126538,11.74
2026-09-24 15:27:52,23085.6,2026-09-29,23300.0,PE,233.15,232.6,233.3,1559603,90520,-51180,10.39
2026-09-24 15:27:52,23085.6,2026-09-29,23350.0,CE,40.85,40.75,40.85,840003,74009,49534,11.76
2026-09-24 15:27:52,23085.6,2026-09-29,23350.0,PE,270.65,270.65,271.35,498687,17679,-43544,10.18
2026-09-24 15:27:52,23085.6,2026-09-29,23400.0,CE,31.85,31.75,31.85,1449214,164268,47453,11.89
2026-09-24 15:27:52,23085.6,2026-09-29,23400.0,PE,311.2,310.5,311.3,678599,66322,-112059,10.06
2026-09-24 15:27:52,23085.6,2026-09-29,23450.0,CE,24.5,24.4,24.45,714816,68193,8782,12.01
2026-09-24 15:27:52,23085.6,2026-09-29,23450.0,PE,354.4,354.35,355.45,184488,17973,-39459,10.0
2026-09-24 15:27:52,23085.6,2026-09-29,23500.0,CE,19.15,19.1,19.2,1228116,199811,41625,12.21
2026-09-24 15:27:52,23085.6,2026-09-29,23500.0,PE,397.7,397.75,398.9,298413,86270,-34043,9.0
2026-09-24 15:27:52,23085.6,2026-09-29,23550.0,CE,14.85,14.8,14.9,553630,58443,-3632,12.43
2026-09-24 15:27:52,23085.6,2026-09-29,23550.0,PE,445.45,444.35,445.75,39044,5636,-5315,8.64
2026-09-24 15:27:52,23085.6,2026-09-29,23600.0,CE,11.7,11.7,11.75,896847,126595,19698,12.66
2026-09-24 15:27:52,23085.6,2026-09-29,23600.0,PE,489.95,490.2,491.75,53012,22656,-5423,8.3
2026-09-24 15:28:52,23063.1,2026-09-29,22550.0,CE,581.55,579.25,582.35,220,104,91,16.71
2026-09-24 15:28:52,23063.1,2026-09-29,22550.0,PE,13.0,12.95,13.05,344841,18334,3106,14.85
2026-09-24 15:28:52,23063.1,2026-09-29,22600.0,CE,534.6,531.95,533.8,1677,490,375,16.25
2026-09-24 15:28:52,23063.1,2026-09-29,22600.0,PE,15.35,15.3,15.4,617002,48810,-3775,14.37
2026-09-24 15:28:52,23063.1,2026-09-29,22650.0,CE,485.65,485.0,486.6,2312,716,15,15.55
2026-09-24 15:28:52,23063.1,2026-09-29,22650.0,PE,18.4,18.45,18.5,407151,35766,3333,13.99
2026-09-24 15:28:52,23063.1,2026-09-29,22700.0,CE,440.5,438.9,440.0,7229,1134,684,15.13
2026-09-24 15:28:52,23063.1,2026-09-29,22700.0,PE,22.0,21.95,22.05,684670,67887,7931,13.5
2026-09-24 15:28:52,23063.1,2026-09-29,22750.0,CE,395.25,393.95,395.15,3811,877,364,14.35
2026-09-24 15:28:52,23063.1,2026-09-29,22750.0,PE,26.6,26.6,26.7,478329,30211,7685,13.11
2026-09-24 15:28:52,23063.1,2026-09-29,22800.0,CE,350.95,350.2,351.1,28052,5362,1216,13.82
2026-09-24 15:28:52,23063.1,2026-09-29,22800.0,PE,32.95,32.95,33.0,1049840,110225,11774,12.79
2026-09-24 15:28:52,23063.1,2026-09-29,22850.0,CE,308.95,307.6,308.25,10589,1322,978,13.49
2026-09-24 15:28:52,23063.1,2026-09-29,22850.0,PE,40.45,40.3,40.45,541892,44223,7167,12.43
2026-09-24 15:28:52,23063.1,2026-09-29,22900.0,CE,269.4,267.85,268.5,54331,6331,4043,13.16
2026-09-24 15:28:52,23063.1,2026-09-29,22900.0,PE,50.0,50.05,50.2,995349,85555,11619,12.14
2026-09-24 15:28:52,23063.1,2026-09-29,22950.0,CE,230.2,229.45,230.05,49972,3502,2885,12.76
2026-09-24 15:28:52,23063.1,2026-09-29,22950.0,PE,62.1,62.05,62.3,697825,36508,6397,11.89
2026-09-24 15:28:52,23063.1,2026-09-29,23000.0,CE,194.15,194.1,194.6,458322,50465,29915,12.48
2026-09-24 15:28:52,23063.1,2026-09-29,23000.0,PE,77.25,77.2,77.45,2333727,200969,5957,11.77
2026-09-24 15:28:52,23063.1,2026-09-29,23050.0,CE,162.0,162.0,162.4,285948,20818,19581,12.26
2026-09-24 15:28:52,23063.1,2026-09-29,23050.0,PE,95.0,94.75,95.0,1104804,45150,18277,11.48
2026-09-24 15:28:52,23063.1,2026-09-29,23100.0,CE,133.05,132.8,133.1,1018360,113216,104411,11.99
2026-09-24 15:28:52,23063.1,2026-09-29,23100.0,PE,115.8,115.6,115.8,2085419,129427,68905,11.3
2026-09-24 15:28:52,23063.1,2026-09-29,23150.0,CE,108.25,108.1,108.35,781893,55489,51834,11.86
2026-09-24 15:28:52,23063.1,2026-09-29,23150.0,PE,139.75,139.7,140.05,1470000,33227,715,11.12
2026-09-24 15:28:52,23063.1,2026-09-29,23200.0,CE,85.75,85.55,85.75,2357149,198264,175619,11.77
2026-09-24 15:28:52,23063.1,2026-09-29,23200.0,PE,167.8,167.75,168.0,3139690,86283,-9239,10.99
2026-09-24 15:28:52,23063.1,2026-09-29,23250.0,CE,67.4,67.2,67.4,1765743,156647,141402,11.68
2026-09-24 15:28:52,23063.1,2026-09-29,23250.0,PE,199.4,199.3,199.8,1669755,57069,-820,10.88
2026-09-24 15:28:52,23063.1,2026-09-29,23300.0,CE,52.4,52.4,52.55,2027580,190544,126538,11.66
2026-09-24 15:28:52,23063.1,2026-09-29,23300.0,PE,233.5,233.65,234.25,1560169,90520,-51180,10.72
2026-09-24 15:28:52,23063.1,2026-09-29,23350.0,CE,40.6,40.65,40.75,841805,74009,49534,11.72
2026-09-24 15:28:52,23063.1,2026-09-29,23350.0,PE,271.75,271.3,271.85,498760,17679,-43544,10.58
2026-09-24 15:28:52,23063.1,2026-09-29,23400.0,CE,31.7,31.7,31.75,1451804,164268,47453,11.83
2026-09-24 15:28:52,23063.1,2026-09-29,23400.0,PE,312.2,312.1,312.6,678888,66322,-112059,10.74
2026-09-24 15:28:52,23063.1,2026-09-29,23450.0,CE,24.5,24.4,24.5,716449,68193,8782,11.98
2026-09-24 15:28:52,23063.1,2026-09-29,23450.0,PE,355.75,355.1,356.15,184571,17973,-39459,10.72
2026-09-24 15:28:52,23063.1,2026-09-29,23500.0,CE,19.1,19.1,19.2,1230312,199811,41625,12.17
2026-09-24 15:28:52,23063.1,2026-09-29,23500.0,PE,399.25,398.6,399.1,298678,86270,-34043,10.59
2026-09-24 15:28:52,23063.1,2026-09-29,23550.0,CE,14.9,14.95,15.05,554478,58443,-3632,12.38
2026-09-24 15:28:52,23063.1,2026-09-29,23550.0,PE,445.5,445.15,446.3,39054,5636,-5315,10.39
2026-09-24 15:29:52,23063.1,2026-09-29,22550.0,CE,581.55,577.6,580.9,220,104,91,16.71
2026-09-24 15:29:52,23063.1,2026-09-29,22550.0,PE,13.1,13.1,13.2,345725,17943,2715,14.85
2026-09-24 15:29:52,23063.1,2026-09-29,22600.0,CE,534.6,531.25,533.0,1677,491,376,16.25
2026-09-24 15:29:52,23063.1,2026-09-29,22600.0,PE,15.3,15.3,15.35,618491,48218,-4367,14.37
2026-09-24 15:29:52,23063.1,2026-09-29,22650.0,CE,485.0,484.3,485.85,2313,717,16,15.55
2026-09-24 15:29:52,23063.1,2026-09-29,22650.0,PE,18.65,18.55,18.65,407917,35805,3372,13.99
2026-09-24 15:29:52,23063.1,2026-09-29,22700.0,CE,439.15,438.2,439.15,7240,1137,687,15.13
2026-09-24 15:29:52,23063.1,2026-09-29,22700.0,PE,22.0,22.0,22.1,687017,67887,7931,13.5
2026-09-24 15:29:52,23063.1,2026-09-29,22750.0,CE,394.7,393.0,394.15,3814,880,367,14.35
2026-09-24 15:29:52,23063.1,2026-09-29,22750.0,PE,26.9,26.8,26.9,479833,30124,7598,13.11
2026-09-24 15:29:52,23063.1,2026-09-29,22800.0,CE,348.95,349.15,349.95,28143,5359,1213,13.82
2026-09-24 15:29:52,23063.1,2026-09-29,22800.0,PE,33.3,33.15,33.3,1052652,110493,12042,12.79
2026-09-24 15:29:52,23063.1,2026-09-29,22850.0,CE,307.45,307.3,308.05,10606,1337,993,13.49
2026-09-24 15:29:52,23063.1,2026-09-29,22850.0,PE,40.55,40.6,40.7,543471,43422,6366,12.43
2026-09-24 15:29:52,23063.1,2026-09-29,22900.0,CE,267.05,267.0,267.7,54489,6326,4038,13.16
2026-09-24 15:29:52,23063.1,2026-09-29,22900.0,PE,50.5,50.4,50.6,997329,85318,11382,12.14
2026-09-24 15:29:52,23063.1,2026-09-29,22950.0,CE,229.1,229.25,229.85,50092,3508,2891,12.76
2026-09-24 15:29:52,23063.1,2026-09-29,22950.0,PE,62.65,62.55,62.75,699159,36449,6338,11.89
2026-09-24 15:29:52,23063.1,2026-09-29,23000.0,CE,194.0,193.9,194.3,462498,51281,30731,12.48
2026-09-24 15:29:52,23063.1,2026-09-29,23000.0,PE,78.2,78.05,78.25,2341346,201328,6316,11.77
2026-09-24 15:29:52,23063.1,2026-09-29,23050.0,CE,161.95,162.05,162.5,286821,20746,19509,12.26
2026-09-24 15:29:52,23063.1,2026-09-29,23050.0,PE,95.7,95.6,95.85,1107755,44969,18096,11.48
2026-09-24 15:29:52,23063.1,2026-09-29,23100.0,CE,132.7,132.75,133.0,1022959,113581,104776,11.99
2026-09-24 15:29:52,23063.1,2026-09-29,23100.0,PE,116.75,116.7,117.05,2090034,129746,69224,11.3
2026-09-24 15:29:52,23063.1,2026-09-29,23150.0,CE,107.95,108.05,108.35,784054,54863,51208,11.86
2026-09-24 15:29:52,23063.1,2026-09-29,23150.0,PE,141.25,141.25,141.5,1471690,33179,667,11.12
2026-09-24 15:29:52,23063.1,2026-09-29,23200.0,CE,85.8,85.8,86.0,2363485,197735,175090,11.77
2026-09-24 15:29:52,23063.1,2026-09-29,23200.0,PE,168.8,168.8,169.05,3140958,86168,-9354,10.99
2026-09-24 15:29:52,23063.1,2026-09-29,23250.0,CE,67.8,67.65,67.85,1769673,155822,140577,11.68
2026-09-24 15:29:52,23063.1,2026-09-29,23250.0,PE,201.25,201.25,201.7,1671373,57074,-815,10.88
2026-09-24 15:29:52,23063.1,2026-09-29,23300.0,CE,52.9,52.8,52.95,2033748,189672,125666,11.66
2026-09-24 15:29:52,23063.1,2026-09-29,23300.0,PE,234.5,234.45,234.95,1561001,90590,-51110,10.72
2026-09-24 15:29:52,23063.1,2026-09-29,23350.0,CE,40.7,40.7,40.8,844014,73161,48686,11.72
2026-09-24 15:29:52,23063.1,2026-09-29,23350.0,PE,272.6,272.7,273.5,498804,17621,-43602,10.58
2026-09-24 15:29:52,23063.1,2026-09-29,23400.0,CE,31.85,31.8,31.85,1454886,163822,47007,11.83
2026-09-24 15:29:52,23063.1,2026-09-29,23400.0,PE,312.7,312.5,313.45,679458,66185,-112196,10.74
2026-09-24 15:29:52,23063.1,2026-09-29,23450.0,CE,24.35,24.35,24.45,718279,68107,8696,11.98
2026-09-24 15:29:52,23063.1,2026-09-29,23450.0,PE,356.65,356.5,357.4,184720,17932,-39500,10.72
2026-09-24 15:29:52,23063.1,2026-09-29,23500.0,CE,19.15,19.1,19.15,1235230,199739,41553,12.17
2026-09-24 15:29:52,23063.1,2026-09-29,23500.0,PE,399.85,399.95,400.8,299403,86167,-34146,10.59
2026-09-24 15:29:52,23063.1,2026-09-29,23550.0,CE,14.95,14.8,14.9,555718,58671,-3404,12.38
2026-09-24 15:29:52,23063.1,2026-09-29,23550.0,PE,445.8,445.9,447.15,39068,5638,-5313,10.39
