timestamp,nifty_spot,expiry,strike,option_type,ltp,bid,ask,volume,oi,oi_change,iv
2026-09-04 13:34:47,23934.65,2026-09-08,23450.0,CE,525.25,523.5,525.25,1277,717,55,15.33
2026-09-04 13:34:47,23934.65,2026-09-08,23450.0,PE,4.7,4.7,4.75,291502,48026,16964,11.78
2026-09-04 13:34:47,23934.65,2026-09-08,23500.0,CE,475.1,475.2,475.9,18729,4598,-392,15.23
2026-09-04 13:34:47,23934.65,2026-09-08,23500.0,PE,5.8,5.8,5.85,749852,178447,16217,11.28
2026-09-04 13:34:47,23934.65,2026-09-08,23550.0,CE,427.75,426.35,427.9,3256,1069,137,14.29
2026-09-04 13:34:47,23934.65,2026-09-08,23550.0,PE,7.45,7.45,7.5,431399,56591,23706,10.87
2026-09-04 13:34:47,23934.65,2026-09-08,23600.0,CE,380.0,379.7,379.9,20509,4524,331,13.4
2026-09-04 13:34:47,23934.65,2026-09-08,23600.0,PE,9.75,9.75,9.8,906219,157965,31105,10.44
2026-09-04 13:34:47,23934.65,2026-09-08,23650.0,CE,333.0,332.4,333.0,13521,2531,565,12.7
2026-09-04 13:34:47,23934.65,2026-09-08,23650.0,PE,13.55,13.5,13.55,731926,64903,23087,10.16
2026-09-04 13:34:47,23934.65,2026-09-08,23700.0,CE,288.2,287.6,288.35,89620,9296,-122,11.89
2026-09-04 13:34:47,23934.65,2026-09-08,23700.0,PE,18.5,18.4,18.5,1334359,153295,61042,9.85
2026-09-04 13:34:47,23934.65,2026-09-08,23750.0,CE,245.0,244.3,244.9,99823,9533,2993,11.25
2026-09-04 13:34:47,23934.65,2026-09-08,23750.0,PE,25.45,25.45,25.55,1148375,96469,55054,9.61
2026-09-04 13:34:47,23934.65,2026-09-08,23800.0,CE,204.8,204.4,204.85,635050,47336,4106,10.91
2026-09-04 13:34:47,23934.65,2026-09-08,23800.0,PE,35.1,35.05,35.2,2315818,248702,138607,9.4
2026-09-04 13:34:47,23934.65,2026-09-08,23850.0,CE,167.0,166.85,167.05,630761,32234,4578,10.47
2026-09-04 13:34:47,23934.65,2026-09-08,23850.0,PE,47.15,47.25,47.4,1938350,150858,94036,9.13
2026-09-04 13:34:47,23934.65,2026-09-08,23900.0,CE,132.95,132.7,132.95,2742510,138179,18594,10.17
2026-09-04 13:34:47,23934.65,2026-09-08,23900.0,PE,63.4,63.5,63.55,4780196,375302,268570,8.95
2026-09-04 13:34:47,23934.65,2026-09-08,23950.0,CE,102.65,102.65,102.85,3241788,188669,97714,9.89
2026-09-04 13:34:47,23934.65,2026-09-08,23950.0,PE,83.5,83.3,83.5,4146784,249046,206737,8.7
2026-09-04 13:34:47,23934.65,2026-09-08,24000.0,CE,77.35,77.35,77.5,5219790,379415,96442,9.7
2026-09-04 13:34:47,23934.65,2026-09-08,24000.0,PE,108.1,108.1,108.35,3884548,215815,102091,8.53
2026-09-04 13:34:47,23934.65,2026-09-08,24050.0,CE,56.7,56.7,56.85,2241579,164568,44689,9.53
2026-09-04 13:34:47,23934.65,2026-09-08,24050.0,PE,137.65,137.35,137.65,1008926,52806,35678,8.27
2026-09-04 13:34:47,23934.65,2026-09-08,24100.0,CE,40.6,40.5,40.6,2683731,238427,51690,9.47
2026-09-04 13:34:47,23934.65,2026-09-08,24100.0,PE,171.05,171.05,171.45,906815,68958,17805,8.09
2026-09-04 13:34:47,23934.65,2026-09-08,24150.0,CE,28.3,28.25,28.3,1386791,123103,43006,9.41
2026-09-04 13:34:47,23934.65,2026-09-08,24150.0,PE,209.05,208.35,208.9,203769,17967,7032,7.76
2026-09-04 13:34:47,23934.65,2026-09-08,24200.0,CE,19.6,19.55,19.6,1976292,238424,57084,9.45
2026-09-04 13:34:47,23934.65,2026-09-08,24200.0,PE,249.45,249.45,250.0,261386,43069,2755,7.23
2026-09-04 13:34:47,23934.65,2026-09-08,24250.0,CE,13.35,13.35,13.4,929237,98321,30433,9.51
2026-09-04 13:34:47,23934.65,2026-09-08,24250.0,PE,293.15,293.15,294.05,35331,7634,1022,6.42
2026-09-04 13:34:47,23934.65,2026-09-08,24300.0,CE,9.0,9.0,9.05,1227153,193857,36745,9.61
2026-09-04 13:34:47,23934.65,2026-09-08,24300.0,PE,339.6,338.75,339.6,58349,19779,2193,
2026-09-04 13:34:47,23934.65,2026-09-08,24350.0,CE,6.55,6.5,6.55,578983,88421,21964,9.89
2026-09-04 13:34:47,23934.65,2026-09-08,24350.0,PE,384.55,386.2,387.35,7965,2955,44,
2026-09-04 13:34:47,23934.65,2026-09-08,24400.0,CE,4.8,4.8,4.85,705366,164879,43164,10.18
2026-09-04 13:34:47,23934.65,2026-09-08,24400.0,PE,434.65,434.1,435.65,9385,8182,-219,
2026-09-04 13:34:47,23934.65,2026-09-08,24450.0,CE,3.8,3.75,3.8,281804,64226,11949,10.61
2026-09-04 13:34:47,23934.65,2026-09-08,24450.0,PE,483.05,483.0,485.3,1644,1242,-42,
2026-09-04 13:35:47,23934.3,2026-09-08,23450.0,CE,527.65,525.95,527.85,1276,717,55,15.47
2026-09-04 13:35:47,23934.3,2026-09-08,23450.0,PE,4.65,4.65,4.7,291403,48026,16964,11.8
2026-09-04 13:35:47,23934.3,2026-09-08,23500.0,CE,478.3,476.65,478.3,18728,4598,-392,14.59
2026-09-04 13:35:47,23934.3,2026-09-08,23500.0,PE,5.75,5.75,5.8,749589,178447,16217,11.31
2026-09-04 13:35:47,23934.3,2026-09-08,23550.0,CE,427.75,428.85,430.2,3256,1069,137,14.39
2026-09-04 13:35:47,23934.3,2026-09-08,23550.0,PE,7.35,7.35,7.4,430930,56591,23706,10.86
2026-09-04 13:35:47,23934.3,2026-09-08,23600.0,CE,382.0,381.2,382.4,20506,4524,331,13.0
2026-09-04 13:35:47,23934.3,2026-09-08,23600.0,PE,9.55,9.55,9.6,905614,157965,31105,10.49
2026-09-04 13:35:47,23934.3,2026-09-08,23650.0,CE,335.3,334.75,335.6,13516,2531,565,12.33
2026-09-04 13:35:47,23934.3,2026-09-08,23650.0,PE,13.2,13.2,13.25,731096,64903,23087,10.2
2026-09-04 13:35:47,23934.3,2026-09-08,23700.0,CE,289.9,289.7,290.5,89554,9296,-122,11.8
2026-09-04 13:35:47,23934.3,2026-09-08,23700.0,PE,18.05,18.05,18.1,1333570,153295,61042,9.87
2026-09-04 13:35:47,23934.3,2026-09-08,23750.0,CE,247.2,246.25,246.85,99753,9533,2993,11.07
2026-09-04 13:35:47,23934.3,2026-09-08,23750.0,PE,25.0,24.95,25.05,1147098,96469,55054,9.64
2026-09-04 13:35:47,23934.3,2026-09-08,23800.0,CE,206.35,205.9,206.35,634628,47336,4106,10.8
2026-09-04 13:35:47,23934.3,2026-09-08,23800.0,PE,34.55,34.45,34.55,2314025,248702,138607,9.43
2026-09-04 13:35:47,23934.3,2026-09-08,23850.0,CE,168.5,168.15,168.45,630341,32234,4578,10.38
2026-09-04 13:35:47,23934.3,2026-09-08,23850.0,PE,46.35,46.4,46.5,1936667,150858,94036,9.18
2026-09-04 13:35:47,23934.3,2026-09-08,23900.0,CE,134.0,134.0,134.05,2740451,138179,18594,10.13
2026-09-04 13:35:47,23934.3,2026-09-08,23900.0,PE,62.4,62.25,62.4,4776457,375302,268570,8.99
2026-09-04 13:35:47,23934.3,2026-09-08,23950.0,CE,104.1,103.85,104.05,3239007,188669,97714,9.8
2026-09-04 13:35:47,23934.3,2026-09-08,23950.0,PE,82.0,81.85,82.0,4142504,249046,206737,8.8
2026-09-04 13:35:47,23934.3,2026-09-08,24000.0,CE,78.45,78.4,78.55,5215260,379415,96442,9.66
2026-09-04 13:35:47,23934.3,2026-09-08,24000.0,PE,106.45,106.2,106.45,3879930,215815,102091,8.61
2026-09-04 13:35:47,23934.3,2026-09-08,24050.0,CE,57.55,57.4,57.55,2239836,164568,44689,9.53
2026-09-04 13:35:47,23934.3,2026-09-08,24050.0,PE,135.7,135.35,135.65,1008171,52806,35678,8.34
2026-09-04 13:35:47,23934.3,2026-09-08,24100.0,CE,40.9,40.95,41.05,2681875,238427,51690,9.43
2026-09-04 13:35:47,23934.3,2026-09-08,24100.0,PE,169.35,169.0,169.4,905758,68958,17805,8.23
2026-09-04 13:35:47,23934.3,2026-09-08,24150.0,CE,28.5,28.45,28.55,1385517,123103,43006,9.4
2026-09-04 13:35:47,23934.3,2026-09-08,24150.0,PE,206.75,206.4,206.75,203657,17967,7032,7.9
2026-09-04 13:35:47,23934.3,2026-09-08,24200.0,CE,19.7,19.7,19.75,1975425,238424,57084,9.44
2026-09-04 13:35:47,23934.3,2026-09-08,24200.0,PE,246.95,247.1,247.7,261225,43069,2755,7.27
2026-09-04 13:35:47,23934.3,2026-09-08,24250.0,CE,13.4,13.4,13.5,928952,98321,30433,9.52
2026-09-04 13:35:47,23934.3,2026-09-08,24250.0,PE,291.15,290.65,291.4,35312,7634,1022,6.74
2026-09-04 13:35:47,23934.3,2026-09-08,24300.0,CE,9.05,9.05,9.1,1225806,193857,36745,9.61
2026-09-04 13:35:47,23934.3,2026-09-08,24300.0,PE,336.15,336.25,337.0,58322,19779,2193,
2026-09-04 13:35:47,23934.3,2026-09-08,24350.0,CE,6.55,6.5,6.55,578793,88421,21964,9.92
2026-09-04 13:35:47,23934.3,2026-09-08,24350.0,PE,384.55,383.4,384.55,7965,2955,44,
2026-09-04 13:35:47,23934.3,2026-09-08,24400.0,CE,4.85,4.8,4.85,705116,164879,43164,10.19
2026-09-04 13:35:47,23934.3,2026-09-08,24400.0,PE,431.5,431.5,433.25,9384,8182,-219,
2026-09-04 13:35:47,23934.3,2026-09-08,24450.0,CE,3.8,3.75,3.8,281774,64226,11949,10.62
2026-09-04 13:35:47,23934.3,2026-09-08,24450.0,PE,483.05,480.15,482.35,1644,1242,-42,
2026-09-04 13:36:48,23936.65,2026-09-08,23450.0,CE,522.1,522.55,524.6,1280,718,56,15.47
2026-09-04 13:36:48,23936.65,2026-09-08,23450.0,PE,4.7,4.7,4.75,292415,48050,16988,11.8
2026-09-04 13:36:48,23936.65,2026-09-08,23500.0,CE,475.35,473.6,475.0,19501,4599,-391,14.59
2026-09-04 13:36:48,23936.65,2026-09-08,23500.0,PE,5.8,5.8,5.85,752439,178468,16238,11.31
2026-09-04 13:36:48,23936.65,2026-09-08,23550.0,CE,427.5,425.6,427.05,3263,1071,139,14.39
2026-09-04 13:36:48,23936.65,2026-09-08,23550.0,PE,7.45,7.45,7.5,434062,56002,23117,10.86
2026-09-04 13:36:48,23936.65,2026-09-08,23600.0,CE,379.45,378.15,379.45,20569,4513,320,13.0
2026-09-04 13:36:48,23936.65,2026-09-08,23600.0,PE,9.75,9.75,9.8,911850,157738,30878,10.49
2026-09-04 13:36:48,23936.65,2026-09-08,23650.0,CE,332.9,331.9,332.65,13584,2531,565,12.33
2026-09-04 13:36:48,23936.65,2026-09-08,23650.0,PE,13.5,13.5,13.55,736131,64772,22956,10.2
2026-09-04 13:36:48,23936.65,2026-09-08,23700.0,CE,288.05,287.1,287.75,89842,9312,-106,11.8
2026-09-04 13:36:48,23936.65,2026-09-08,23700.0,PE,18.5,18.5,18.6,1341218,152832,60579,9.87
2026-09-04 13:36:48,23936.65,2026-09-08,23750.0,CE,243.9,243.95,244.55,100183,9572,3032,11.07
2026-09-04 13:36:48,23936.65,2026-09-08,23750.0,PE,25.75,25.6,25.7,1154172,96570,55155,9.64
2026-09-04 13:36:48,23936.65,2026-09-08,23800.0,CE,204.35,204.05,204.35,637211,47464,4234,10.8
2026-09-04 13:36:48,23936.65,2026-09-08,23800.0,PE,35.45,35.3,35.4,2330126,247881,137786,9.43
2026-09-04 13:36:48,23936.65,2026-09-08,23850.0,CE,166.8,166.55,166.9,633250,32300,4644,10.38
2026-09-04 13:36:48,23936.65,2026-09-08,23850.0,PE,47.6,47.5,47.6,1947912,150376,93554,9.18
2026-09-04 13:36:48,23936.65,2026-09-08,23900.0,CE,132.9,132.65,132.9,2752006,139823,20238,10.13
2026-09-04 13:36:48,23936.65,2026-09-08,23900.0,PE,64.05,63.9,64.05,4805946,372485,265753,8.99
2026-09-04 13:36:48,23936.65,2026-09-08,23950.0,CE,102.9,102.85,103.0,3254416,190038,99083,9.8
2026-09-04 13:36:48,23936.65,2026-09-08,23950.0,PE,83.95,83.95,84.0,4175158,246634,204325,8.8
2026-09-04 13:36:48,23936.65,2026-09-08,24000.0,CE,77.7,77.5,77.7,5240587,381583,98610,9.66
2026-09-04 13:36:48,23936.65,2026-09-08,24000.0,PE,108.75,108.8,109.0,3905291,214237,100513,8.61
2026-09-04 13:36:48,23936.65,2026-09-08,24050.0,CE,56.85,56.85,56.95,2251339,165794,45915,9.53
2026-09-04 13:36:48,23936.65,2026-09-08,24050.0,PE,138.5,138.3,138.55,1015239,52246,35118,8.34
2026-09-04 13:36:48,23936.65,2026-09-08,24100.0,CE,40.75,40.7,40.8,2694012,238852,52115,9.43
2026-09-04 13:36:48,23936.65,2026-09-08,24100.0,PE,172.2,171.75,172.2,911197,68811,17658,8.23
2026-09-04 13:36:48,23936.65,2026-09-08,24150.0,CE,28.3,28.25,28.3,1391568,124245,44148,9.4
2026-09-04 13:36:48,23936.65,2026-09-08,24150.0,PE,209.85,209.45,210.0,204784,17920,6985,7.9
2026-09-04 13:36:48,23936.65,2026-09-08,24200.0,CE,19.6,19.6,19.65,1982818,238368,57028,9.44
2026-09-04 13:36:48,23936.65,2026-09-08,24200.0,PE,250.0,250.05,250.5,262252,42787,2473,7.27
2026-09-04 13:36:48,23936.65,2026-09-08,24250.0,CE,13.35,13.35,13.4,933694,98299,30411,9.52
2026-09-04 13:36:48,23936.65,2026-09-08,24250.0,PE,293.8,293.75,294.25,35533,7599,987,6.74
2026-09-04 13:36:48,23936.65,2026-09-08,24300.0,CE,9.0,9.0,9.05,1230605,194020,36908,9.61
2026-09-04 13:36:48,23936.65,2026-09-08,24300.0,PE,339.0,339.15,339.95,58548,20654,3068,
2026-09-04 13:36:48,23936.65,2026-09-08,24350.0,CE,6.5,6.5,6.55,581842,88523,22066,9.92
2026-09-04 13:36:48,23936.65,2026-09-08,24350.0,PE,385.4,386.55,387.75,7973,2962,51,
2026-09-04 13:36:48,23936.65,2026-09-08,24400.0,CE,4.85,4.8,4.85,706175,165008,43293,10.19
2026-09-04 13:36:48,23936.65,2026-09-08,24400.0,PE,435.55,434.55,436.3,9406,8173,-228,
2026-09-04 13:36:48,23936.65,2026-09-08,24450.0,CE,3.8,3.75,3.8,282335,64183,11906,10.62
2026-09-04 13:36:48,23936.65,2026-09-08,24450.0,PE,486.0,483.35,485.8,1645,1242,-42,
2026-09-04 13:37:48,23939.05,2026-09-08,23450.0,CE,522.1,524.75,526.8,1280,718,56,15.47
2026-09-04 13:37:48,23939.05,2026-09-08,23450.0,PE,4.65,4.6,4.65,292638,47968,16906,11.8
2026-09-04 13:37:48,23939.05,2026-09-08,23500.0,CE,477.35,475.85,477.35,19613,4697,-293,14.59
2026-09-04 13:37:48,23939.05,2026-09-08,23500.0,PE,5.75,5.7,5.75,753274,178227,15997,11.31
2026-09-04 13:37:48,23939.05,2026-09-08,23550.0,CE,427.5,427.7,429.15,3263,1071,139,14.39
2026-09-04 13:37:48,23939.05,2026-09-08,23550.0,PE,7.3,7.3,7.35,434952,55650,22765,10.86
2026-09-04 13:37:48,23939.05,2026-09-08,23600.0,CE,381.4,380.15,381.35,20579,4514,321,13.0
2026-09-04 13:37:48,23939.05,2026-09-08,23600.0,PE,9.6,9.55,9.65,913305,158027,31167,10.49
2026-09-04 13:37:48,23939.05,2026-09-08,23650.0,CE,334.95,333.9,334.8,13591,2533,567,12.33
2026-09-04 13:37:48,23939.05,2026-09-08,23650.0,PE,13.25,13.25,13.3,737484,64447,22631,10.2
2026-09-04 13:37:48,23939.05,2026-09-08,23700.0,CE,289.95,289.1,289.85,89968,9330,-88,11.8
2026-09-04 13:37:48,23939.05,2026-09-08,23700.0,PE,18.15,18.1,18.15,1343396,153064,60811,9.87
2026-09-04 13:37:48,23939.05,2026-09-08,23750.0,CE,246.4,245.75,246.3,100277,9657,3117,11.07
2026-09-04 13:37:48,23939.05,2026-09-08,23750.0,PE,25.15,25.15,25.2,1155865,96134,54719,9.64
2026-09-04 13:37:48,23939.05,2026-09-08,23800.0,CE,205.85,205.6,205.75,637758,47242,4012,10.8
2026-09-04 13:37:48,23939.05,2026-09-08,23800.0,PE,34.65,34.65,34.75,2333363,250018,139923,9.43
2026-09-04 13:37:48,23939.05,2026-09-08,23850.0,CE,167.85,167.8,168.0,633656,32274,4618,10.38
2026-09-04 13:37:48,23939.05,2026-09-08,23850.0,PE,46.7,46.75,46.85,1951467,150645,93823,9.18
2026-09-04 13:37:48,23939.05,2026-09-08,23900.0,CE,134.0,134.0,134.15,2754807,138866,19281,10.13
2026-09-04 13:37:48,23939.05,2026-09-08,23900.0,PE,62.9,62.95,63.0,4814827,371582,264850,8.99
2026-09-04 13:37:48,23939.05,2026-09-08,23950.0,CE,103.65,103.65,103.8,3258793,190253,99298,9.8
2026-09-04 13:37:48,23939.05,2026-09-08,23950.0,PE,82.8,82.8,82.9,4182562,247654,205345,8.8
2026-09-04 13:37:48,23939.05,2026-09-08,24000.0,CE,78.4,78.2,78.4,5246714,381329,98356,9.66
2026-09-04 13:37:48,23939.05,2026-09-08,24000.0,PE,107.5,107.4,107.5,3910656,214190,100466,8.61
2026-09-04 13:37:48,23939.05,2026-09-08,24050.0,CE,57.5,57.4,57.5,2253588,165291,45412,9.53
2026-09-04 13:37:48,23939.05,2026-09-08,24050.0,PE,136.65,136.4,136.65,1016571,51926,34798,8.34
2026-09-04 13:37:48,23939.05,2026-09-08,24100.0,CE,41.05,41.05,41.2,2697759,240620,53883,9.43
2026-09-04 13:37:48,23939.05,2026-09-08,24100.0,PE,170.4,170.05,170.45,912243,68682,17529,8.23
2026-09-04 13:37:48,23939.05,2026-09-08,24150.0,CE,28.5,28.5,28.6,1393296,123765,43668,9.4
2026-09-04 13:37:48,23939.05,2026-09-08,24150.0,PE,207.4,207.4,207.95,205097,18060,7125,7.9
2026-09-04 13:37:48,23939.05,2026-09-08,24200.0,CE,19.8,19.7,19.8,1984599,237954,56614,9.44
2026-09-04 13:37:48,23939.05,2026-09-08,24200.0,PE,248.2,248.05,248.5,262600,42743,2429,7.27
2026-09-04 13:37:48,23939.05,2026-09-08,24250.0,CE,13.5,13.4,13.5,934426,97693,29805,9.52
2026-09-04 13:37:48,23939.05,2026-09-08,24250.0,PE,292.2,291.6,292.4,35573,7573,961,6.74
2026-09-04 13:37:48,23939.05,2026-09-08,24300.0,CE,9.05,9.05,9.1,1231816,193637,36525,9.61
2026-09-04 13:37:48,23939.05,2026-09-08,24300.0,PE,338.05,337.2,338.0,58571,20570,2984,
2026-09-04 13:37:48,23939.05,2026-09-08,24350.0,CE,6.5,6.5,6.55,582024,87852,21395,9.92
2026-09-04 13:37:48,23939.05,2026-09-08,24350.0,PE,385.4,384.25,385.45,7973,2962,51,
2026-09-04 13:37:48,23939.05,2026-09-08,24400.0,CE,4.8,4.8,4.85,706963,164873,43158,10.19
2026-09-04 13:37:48,23939.05,2026-09-08,24400.0,PE,432.55,432.2,433.85,9409,8173,-228,
2026-09-04 13:37:48,23939.05,2026-09-08,24450.0,CE,3.75,3.75,3.8,282403,64194,11917,10.62
2026-09-04 13:37:48,23939.05,2026-09-08,24450.0,PE,480.25,481.0,483.15,1646,1242,-42,
2026-09-04 13:38:48,23942.1,2026-09-08,23450.0,CE,525.9,525.9,527.55,1281,719,57,15.47
2026-09-04 13:38:48,23942.1,2026-09-08,23450.0,PE,4.6,4.6,4.65,292647,47905,16843,11.8
2026-09-04 13:38:48,23942.1,2026-09-08,23500.0,CE,476.65,476.7,478.15,19615,4696,-294,14.59
2026-09-04 13:38:48,23942.1,2026-09-08,23500.0,PE,5.7,5.65,5.7,753426,178205,15975,11.31
2026-09-04 13:38:48,23942.1,2026-09-08,23550.0,CE,427.5,428.35,430.1,3263,1069,137,14.39
2026-09-04 13:38:48,23942.1,2026-09-08,23550.0,PE,7.25,7.2,7.25,435207,55376,22491,10.86
2026-09-04 13:38:48,23942.1,2026-09-08,23600.0,CE,380.9,381.0,381.8,20588,4516,323,13.0
2026-09-04 13:38:48,23942.1,2026-09-08,23600.0,PE,9.55,9.45,9.5,914004,157865,31005,10.49
2026-09-04 13:38:48,23942.1,2026-09-08,23650.0,CE,334.8,334.4,335.3,13594,2538,572,12.33
2026-09-04 13:38:48,23942.1,2026-09-08,23650.0,PE,13.15,13.15,13.2,737997,63762,21946,10.2
2026-09-04 13:38:48,23942.1,2026-09-08,23700.0,CE,289.5,289.45,290.25,89993,9332,-86,11.8
2026-09-04 13:38:48,23942.1,2026-09-08,23700.0,PE,18.0,18.0,18.05,1344031,153054,60801,9.87
2026-09-04 13:38:48,23942.1,2026-09-08,23750.0,CE,246.5,246.35,246.95,100293,9659,3119,11.07
2026-09-04 13:38:48,23942.1,2026-09-08,23750.0,PE,24.9,24.95,25.0,1156257,96169,54754,9.64
2026-09-04 13:38:48,23942.1,2026-09-08,23800.0,CE,206.6,206.35,206.6,637888,47401,4171,10.8
2026-09-04 13:38:48,23942.1,2026-09-08,23800.0,PE,34.6,34.45,34.6,2334296,249359,139264,9.43
2026-09-04 13:38:48,23942.1,2026-09-08,23850.0,CE,168.45,168.45,168.85,633798,32398,4742,10.38
2026-09-04 13:38:48,23942.1,2026-09-08,23850.0,PE,46.5,46.4,46.5,1952308,150367,93545,9.18
2026-09-04 13:38:48,23942.1,2026-09-08,23900.0,CE,134.45,134.2,134.45,2755638,139816,20231,10.13
2026-09-04 13:38:48,23942.1,2026-09-08,23900.0,PE,62.7,62.55,62.7,4817044,369999,263267,8.99
2026-09-04 13:38:48,23942.1,2026-09-08,23950.0,CE,104.35,104.2,104.35,3259697,190943,99988,9.8
2026-09-04 13:38:48,23942.1,2026-09-08,23950.0,PE,82.15,82.3,82.35,4184221,247103,204794,8.8
2026-09-04 13:38:48,23942.1,2026-09-08,24000.0,CE,78.6,78.4,78.6,5248031,382125,99152,9.66
2026-09-04 13:38:48,23942.1,2026-09-08,24000.0,PE,106.95,106.95,107.1,3911932,214242,100518,8.61
2026-09-04 13:38:48,23942.1,2026-09-08,24050.0,CE,57.7,57.55,57.7,2254436,165250,45371,9.53
2026-09-04 13:38:48,23942.1,2026-09-08,24050.0,PE,136.0,135.9,136.25,1016812,52012,34884,8.34
2026-09-04 13:38:48,23942.1,2026-09-08,24100.0,CE,41.25,41.25,41.35,2698707,241342,54605,9.43
2026-09-04 13:38:48,23942.1,2026-09-08,24100.0,PE,169.2,169.2,169.6,912509,68757,17604,8.23
2026-09-04 13:38:48,23942.1,2026-09-08,24150.0,CE,28.7,28.7,28.75,1393960,124606,44509,9.4
2026-09-04 13:38:48,23942.1,2026-09-08,24150.0,PE,207.1,206.7,207.1,205179,18020,7085,7.9
2026-09-04 13:38:48,23942.1,2026-09-08,24200.0,CE,19.85,19.8,19.85,1985038,237780,56440,9.44
2026-09-04 13:38:48,23942.1,2026-09-08,24200.0,PE,247.65,247.05,247.7,262656,42777,2463,7.27
2026-09-04 13:38:48,23942.1,2026-09-08,24250.0,CE,13.55,13.45,13.55,934874,97677,29789,9.52
2026-09-04 13:38:48,23942.1,2026-09-08,24250.0,PE,291.55,291.0,291.8,35577,7562,950,6.74
2026-09-04 13:38:48,23942.1,2026-09-08,24300.0,CE,9.1,9.1,9.15,1232333,193974,36862,9.61
2026-09-04 13:38:48,23942.1,2026-09-08,24300.0,PE,337.0,336.15,337.1,58574,20570,2984,
2026-09-04 13:38:48,23942.1,2026-09-08,24350.0,CE,6.5,6.5,6.55,582088,88048,21591,9.92
2026-09-04 13:38:48,23942.1,2026-09-08,24350.0,PE,384.5,383.5,384.75,7975,2961,50,
2026-09-04 13:38:48,23942.1,2026-09-08,24400.0,CE,4.8,4.8,4.85,707015,164868,43153,10.19
2026-09-04 13:38:48,23942.1,2026-09-08,24400.0,PE,432.95,431.55,433.05,9413,8173,-228,
2026-09-04 13:38:48,23942.1,2026-09-08,24450.0,CE,3.75,3.75,3.8,282408,64213,11936,10.62
2026-09-04 13:38:48,23942.1,2026-09-08,24450.0,PE,481.0,480.4,482.35,1647,1242,-42,
2026-09-04 13:39:49,23938.5,2026-09-08,23450.0,CE,529.5,527.9,529.85,1288,720,58,15.47
2026-09-04 13:39:49,23938.5,2026-09-08,23450.0,PE,4.65,4.6,4.65,293145,47927,16865,11.8
2026-09-04 13:39:49,23938.5,2026-09-08,23500.0,CE,481.15,479.0,479.25,19647,4700,-290,14.59
2026-09-04 13:39:49,23938.5,2026-09-08,23500.0,PE,5.65,5.6,5.65,755832,177819,15589,11.31
2026-09-04 13:39:49,23938.5,2026-09-08,23550.0,CE,432.45,430.45,432.3,3271,1075,143,14.39
2026-09-04 13:39:49,23938.5,2026-09-08,23550.0,PE,7.15,7.15,7.2,438056,55310,22425,10.86
2026-09-04 13:39:49,23938.5,2026-09-08,23600.0,CE,383.5,383.5,384.15,20638,4483,290,13.0
2026-09-04 13:39:49,23938.5,2026-09-08,23600.0,PE,9.4,9.4,9.45,918969,157598,30738,10.49
2026-09-04 13:39:49,23938.5,2026-09-08,23650.0,CE,337.2,335.95,336.75,13615,2543,577,12.33
2026-09-04 13:39:49,23938.5,2026-09-08,23650.0,PE,13.0,13.0,13.05,741715,63352,21536,10.2
2026-09-04 13:39:49,23938.5,2026-09-08,23700.0,CE,291.0,291.35,292.2,90243,9277,-141,11.8
2026-09-04 13:39:49,23938.5,2026-09-08,23700.0,PE,17.65,17.65,17.7,1349417,152630,60377,9.87
2026-09-04 13:39:49,23938.5,2026-09-08,23750.0,CE,247.55,248.25,248.85,100686,9725,3185,11.07
2026-09-04 13:39:49,23938.5,2026-09-08,23750.0,PE,24.4,24.35,24.45,1162067,96142,54727,9.64
2026-09-04 13:39:49,23938.5,2026-09-08,23800.0,CE,207.55,207.6,208.0,640043,47278,4048,10.8
2026-09-04 13:39:49,23938.5,2026-09-08,23800.0,PE,33.8,33.65,33.75,2346094,248937,138842,9.43
2026-09-04 13:39:49,23938.5,2026-09-08,23850.0,CE,169.55,169.1,169.5,636743,33280,5624,10.38
2026-09-04 13:39:49,23938.5,2026-09-08,23850.0,PE,45.9,45.85,45.9,1963391,149879,93057,9.18
2026-09-04 13:39:49,23938.5,2026-09-08,23900.0,CE,135.4,135.4,135.75,2764607,140467,20882,10.13
2026-09-04 13:39:49,23938.5,2026-09-08,23900.0,PE,61.3,61.25,61.4,4843420,367492,260760,8.99
2026-09-04 13:39:49,23938.5,2026-09-08,23950.0,CE,105.1,104.85,105.05,3273441,191423,100468,9.8
2026-09-04 13:39:49,23938.5,2026-09-08,23950.0,PE,80.8,80.65,80.8,4208032,243090,200781,8.8
2026-09-04 13:39:49,23938.5,2026-09-08,24000.0,CE,78.95,78.75,78.95,5267084,382135,99162,9.66
2026-09-04 13:39:49,23938.5,2026-09-08,24000.0,PE,105.7,105.45,105.65,3932945,210704,96980,8.61
2026-09-04 13:39:49,23938.5,2026-09-08,24050.0,CE,57.9,57.8,57.9,2261803,166054,46175,9.53
2026-09-04 13:39:49,23938.5,2026-09-08,24050.0,PE,134.55,134.3,134.4,1021222,51336,34208,8.34
2026-09-04 13:39:49,23938.5,2026-09-08,24100.0,CE,41.35,41.35,41.5,2707655,241576,54839,9.43
2026-09-04 13:39:49,23938.5,2026-09-08,24100.0,PE,167.4,167.05,167.4,915582,68231,17078,8.23
2026-09-04 13:39:49,23938.5,2026-09-08,24150.0,CE,28.75,28.65,28.75,1397938,124790,44693,9.4
2026-09-04 13:39:49,23938.5,2026-09-08,24150.0,PE,204.95,204.2,204.7,205994,18063,7128,7.9
2026-09-04 13:39:49,23938.5,2026-09-08,24200.0,CE,19.7,19.65,19.7,1990299,237519,56179,9.44
2026-09-04 13:39:49,23938.5,2026-09-08,24200.0,PE,245.75,245.7,246.0,263733,42642,2328,7.27
2026-09-04 13:39:49,23938.5,2026-09-08,24250.0,CE,13.4,13.4,13.45,937066,97614,29726,9.52
2026-09-04 13:39:49,23938.5,2026-09-08,24250.0,PE,287.6,288.5,289.35,35726,7550,938,6.74
2026-09-04 13:39:49,23938.5,2026-09-08,24300.0,CE,9.05,9.05,9.1,1234515,194121,37009,9.61
2026-09-04 13:39:49,23938.5,2026-09-08,24300.0,PE,335.0,334.05,334.8,58689,20571,2985,
2026-09-04 13:39:49,23938.5,2026-09-08,24350.0,CE,6.5,6.45,6.5,582742,87875,21418,9.92
2026-09-04 13:39:49,23938.5,2026-09-08,24350.0,PE,381.35,381.95,383.05,7981,2960,49,
2026-09-04 13:39:49,23938.5,2026-09-08,24400.0,CE,4.8,4.8,4.85,707620,164919,43204,10.19
2026-09-04 13:39:49,23938.5,2026-09-08,24400.0,PE,431.15,429.7,431.35,9420,8175,-226,
2026-09-04 13:39:49,23938.5,2026-09-08,24450.0,CE,3.8,3.75,3.8,282740,64232,11955,10.62
2026-09-04 13:39:49,23938.5,2026-09-08,24450.0,PE,475.4,478.7,480.65,1649,1242,-42,
2026-09-04 13:40:49,23941.8,2026-09-08,23450.0,CE,528.5,528.55,530.35,1290,720,58,15.47
2026-09-04 13:40:49,23941.8,2026-09-08,23450.0,PE,4.55,4.5,4.55,293759,48034,16972,11.8
2026-09-04 13:40:49,23941.8,2026-09-08,23500.0,CE,480.9,479.4,480.85,19657,4694,-296,14.59
2026-09-04 13:40:49,23941.8,2026-09-08,23500.0,PE,5.5,5.5,5.55,758321,177342,15112,11.31
2026-09-04 13:40:49,23941.8,2026-09-08,23550.0,CE,431.0,431.15,432.85,3275,1072,140,14.39
2026-09-04 13:40:49,23941.8,2026-09-08,23550.0,PE,7.05,7.05,7.1,440651,54616,21731,10.86
2026-09-04 13:40:49,23941.8,2026-09-08,23600.0,CE,383.3,383.6,384.7,20654,4484,291,13.0
2026-09-04 13:40:49,23941.8,2026-09-08,23600.0,PE,9.25,9.25,9.3,922859,156919,30059,10.49
2026-09-04 13:40:49,23941.8,2026-09-08,23650.0,CE,338.5,337.3,338.25,13646,2540,574,12.33
2026-09-04 13:40:49,23941.8,2026-09-08,23650.0,PE,12.8,12.75,12.8,744994,62630,20814,10.2
2026-09-04 13:40:49,23941.8,2026-09-08,23700.0,CE,293.0,292.2,293.0,90317,9321,-97,11.8
2026-09-04 13:40:49,23941.8,2026-09-08,23700.0,PE,17.45,17.45,17.5,1353615,152747,60494,9.87
2026-09-04 13:40:49,23941.8,2026-09-08,23750.0,CE,249.5,248.85,249.45,100821,9746,3206,11.07
2026-09-04 13:40:49,23941.8,2026-09-08,23750.0,PE,24.2,24.2,24.25,1164786,95913,54498,9.64
2026-09-04 13:40:49,23941.8,2026-09-08,23800.0,CE,208.05,208.25,208.65,641585,47889,4659,10.8
2026-09-04 13:40:49,23941.8,2026-09-08,23800.0,PE,33.65,33.55,33.65,2352072,248551,138456,9.43
2026-09-04 13:40:49,23941.8,2026-09-08,23850.0,CE,170.25,170.4,170.75,637892,33826,6170,10.38
2026-09-04 13:40:49,23941.8,2026-09-08,23850.0,PE,45.3,45.3,45.4,1969745,149194,92372,9.18
2026-09-04 13:40:49,23941.8,2026-09-08,23900.0,CE,136.25,135.9,136.15,2770493,142625,23040,10.13
2026-09-04 13:40:49,23941.8,2026-09-08,23900.0,PE,61.2,61.1,61.2,4859756,370349,263617,8.99
2026-09-04 13:40:49,23941.8,2026-09-08,23950.0,CE,105.6,105.4,105.5,3283849,193807,102852,9.8
2026-09-04 13:40:49,23941.8,2026-09-08,23950.0,PE,80.5,80.5,80.65,4222722,244759,202450,8.8
2026-09-04 13:40:49,23941.8,2026-09-08,24000.0,CE,79.65,79.5,79.65,5280182,385744,102771,9.66
2026-09-04 13:40:49,23941.8,2026-09-08,24000.0,PE,104.85,104.65,104.85,3945310,213310,99586,8.61
2026-09-04 13:40:49,23941.8,2026-09-08,24050.0,CE,58.35,58.4,58.5,2267433,167419,47540,9.53
2026-09-04 13:40:49,23941.8,2026-09-08,24050.0,PE,133.55,133.35,133.65,1024162,51605,34477,8.34
2026-09-04 13:40:49,23941.8,2026-09-08,24100.0,CE,41.7,41.65,41.7,2712649,242925,56188,9.43
2026-09-04 13:40:49,23941.8,2026-09-08,24100.0,PE,166.9,166.6,166.9,918010,68358,17205,8.23
2026-09-04 13:40:49,23941.8,2026-09-08,24150.0,CE,28.9,28.8,28.9,1401081,126023,45926,9.4
2026-09-04 13:40:49,23941.8,2026-09-08,24150.0,PE,204.3,203.85,204.4,206780,18325,7390,7.9
2026-09-04 13:40:49,23941.8,2026-09-08,24200.0,CE,19.85,19.85,19.95,1993488,238117,56777,9.44
2026-09-04 13:40:49,23941.8,2026-09-08,24200.0,PE,245.15,244.3,244.95,264646,42815,2501,7.27
2026-09-04 13:40:49,23941.8,2026-09-08,24250.0,CE,13.5,13.45,13.5,939034,97875,29987,9.52
2026-09-04 13:40:49,23941.8,2026-09-08,24250.0,PE,288.8,287.95,288.75,35829,7519,907,6.74
2026-09-04 13:40:49,23941.8,2026-09-08,24300.0,CE,9.05,9.05,9.1,1236148,194568,37456,9.61
2026-09-04 13:40:49,23941.8,2026-09-08,24300.0,PE,334.45,333.6,334.55,58863,20577,2991,
2026-09-04 13:40:49,23941.8,2026-09-08,24350.0,CE,6.5,6.45,6.5,583582,87996,21539,9.92
2026-09-04 13:40:49,23941.8,2026-09-08,24350.0,PE,381.15,380.45,381.65,8001,2962,51,
2026-09-04 13:40:49,23941.8,2026-09-08,24400.0,CE,4.75,4.75,4.8,708712,164920,43205,10.19
2026-09-04 13:40:49,23941.8,2026-09-08,24400.0,PE,430.4,428.7,430.4,9436,8178,-223,
2026-09-04 13:40:49,23941.8,2026-09-08,24450.0,CE,3.75,3.75,3.8,282978,64067,11790,10.62
2026-09-04 13:40:49,23941.8,2026-09-08,24450.0,PE,479.25,477.5,479.4,1653,1242,-42,
2026-09-04 13:41:50,23941.95,2026-09-08,23450.0,CE,532.75,532.9,535.0,1297,714,52,15.97
2026-09-04 13:41:50,23941.95,2026-09-08,23450.0,PE,4.45,4.45,4.5,294214,47981,16919,11.74
2026-09-04 13:41:50,23941.95,2026-09-08,23500.0,CE,483.2,483.9,485.0,19691,4681,-309,15.07
2026-09-04 13:41:50,23941.95,2026-09-08,23500.0,PE,5.4,5.35,5.4,760286,177153,14923,11.18
2026-09-04 13:41:50,23941.95,2026-09-08,23550.0,CE,434.7,435.45,436.75,3282,1070,138,14.14
2026-09-04 13:41:50,23941.95,2026-09-08,23550.0,PE,6.8,6.8,6.85,442710,54285,21400,10.74
2026-09-04 13:41:50,23941.95,2026-09-08,23600.0,CE,388.1,387.75,388.0,20714,4471,278,13.51
2026-09-04 13:41:50,23941.95,2026-09-08,23600.0,PE,8.9,8.9,8.95,928514,155039,28179,10.36
2026-09-04 13:41:50,23941.95,2026-09-08,23650.0,CE,340.65,341.3,341.95,13724,2550,584,12.65
2026-09-04 13:41:50,23941.95,2026-09-08,23650.0,PE,12.25,12.25,12.3,747815,62540,20724,10.06
2026-09-04 13:41:50,23941.95,2026-09-08,23700.0,CE,296.0,295.95,296.05,90592,9332,-86,11.93
2026-09-04 13:41:50,23941.95,2026-09-08,23700.0,PE,16.75,16.75,16.8,1358609,153181,60928,9.75
2026-09-04 13:41:50,23941.95,2026-09-08,23750.0,CE,252.0,252.3,252.8,101106,9743,3203,11.41
2026-09-04 13:41:50,23941.95,2026-09-08,23750.0,PE,23.25,23.15,23.25,1169160,96173,54758,9.53
2026-09-04 13:41:50,23941.95,2026-09-08,23800.0,CE,211.5,211.25,211.8,643591,47866,4636,10.91
2026-09-04 13:41:50,23941.95,2026-09-08,23800.0,PE,32.2,32.1,32.25,2362115,248726,138631,9.3
2026-09-04 13:41:50,23941.95,2026-09-08,23850.0,CE,173.45,173.0,173.45,641630,34464,6808,10.56
2026-09-04 13:41:50,23941.95,2026-09-08,23850.0,PE,43.5,43.45,43.5,1977152,148997,92175,9.04
2026-09-04 13:41:50,23941.95,2026-09-08,23900.0,CE,138.5,138.15,138.5,2779088,141866,22281,10.18
2026-09-04 13:41:50,23941.95,2026-09-08,23900.0,PE,58.85,58.7,58.85,4878829,369689,262957,8.85
2026-09-04 13:41:50,23941.95,2026-09-08,23950.0,CE,107.0,107.0,107.3,3295011,193631,102676,9.89
2026-09-04 13:41:50,23941.95,2026-09-08,23950.0,PE,77.55,77.6,77.7,4240948,243045,200736,8.58
2026-09-04 13:41:50,23941.95,2026-09-08,24000.0,CE,80.85,80.85,80.95,5296219,386457,103484,9.68
2026-09-04 13:41:50,23941.95,2026-09-08,24000.0,PE,101.25,101.25,101.5,3959794,211597,97873,8.37
2026-09-04 13:41:50,23941.95,2026-09-08,24050.0,CE,59.3,59.25,59.3,2274039,167591,47712,9.54
2026-09-04 13:41:50,23941.95,2026-09-08,24050.0,PE,129.8,129.8,129.9,1028872,51489,34361,8.17
2026-09-04 13:41:50,23941.95,2026-09-08,24100.0,CE,42.3,42.2,42.3,2721099,244878,58141,9.43
2026-09-04 13:41:50,23941.95,2026-09-08,24100.0,PE,162.8,162.45,162.8,925380,67222,16069,7.83
2026-09-04 13:41:50,23941.95,2026-09-08,24150.0,CE,29.25,29.2,29.25,1405136,126586,46489,9.36
2026-09-04 13:41:50,23941.95,2026-09-08,24150.0,PE,199.55,199.55,200.0,207869,18679,7744,7.53
2026-09-04 13:41:50,23941.95,2026-09-08,24200.0,CE,20.15,20.1,20.15,1997728,238166,56826,9.39
2026-09-04 13:41:50,23941.95,2026-09-08,24200.0,PE,240.6,240.1,240.55,265736,43177,2863,6.97
2026-09-04 13:41:50,23941.95,2026-09-08,24250.0,CE,13.6,13.55,13.6,940707,98036,30148,9.44
2026-09-04 13:41:50,23941.95,2026-09-08,24250.0,PE,284.85,283.35,284.15,36417,7711,1099,4.77
2026-09-04 13:41:50,23941.95,2026-09-08,24300.0,CE,9.15,9.1,9.15,1238688,195196,38084,9.54
2026-09-04 13:41:50,23941.95,2026-09-08,24300.0,PE,330.0,329.0,329.85,59121,20728,3142,
2026-09-04 13:41:50,23941.95,2026-09-08,24350.0,CE,6.55,6.5,6.55,584611,87832,21375,9.81
2026-09-04 13:41:50,23941.95,2026-09-08,24350.0,PE,378.1,375.8,377.05,8045,2961,50,
2026-09-04 13:41:50,23941.95,2026-09-08,24400.0,CE,4.8,4.75,4.8,709185,165039,43324,10.15
2026-09-04 13:41:50,23941.95,2026-09-08,24400.0,PE,424.75,423.75,425.3,9458,8176,-225,
2026-09-04 13:41:50,23941.95,2026-09-08,24450.0,CE,3.75,3.7,3.75,283132,64081,11804,10.61
2026-09-04 13:41:50,23941.95,2026-09-08,24450.0,PE,475.8,472.8,474.75,1658,1242,-42,
2026-09-04 13:42:50,23942.3,2026-09-08,23450.0,CE,532.75,526.4,528.0,1297,714,52,15.97
2026-09-04 13:42:50,23942.3,2026-09-08,23450.0,PE,4.55,4.55,4.6,295225,47979,16917,11.74
2026-09-04 13:42:50,23942.3,2026-09-08,23500.0,CE,480.25,477.35,478.7,19734,4652,-338,15.07
2026-09-04 13:42:50,23942.3,2026-09-08,23500.0,PE,5.55,5.55,5.6,761012,177148,14918,11.18
2026-09-04 13:42:50,23942.3,2026-09-08,23550.0,CE,433.55,429.0,430.35,3283,1070,138,14.14
2026-09-04 13:42:50,23942.3,2026-09-08,23550.0,PE,7.15,7.1,7.15,445119,53933,21048,10.74
2026-09-04 13:42:50,23942.3,2026-09-08,23600.0,CE,383.0,382.0,382.55,20736,4469,276,13.51
2026-09-04 13:42:50,23942.3,2026-09-08,23600.0,PE,9.35,9.35,9.4,931258,154722,27862,10.36
2026-09-04 13:42:50,23942.3,2026-09-08,23650.0,CE,336.55,335.4,336.0,13778,2552,586,12.65
2026-09-04 13:42:50,23942.3,2026-09-08,23650.0,PE,12.85,12.85,12.9,750788,62186,20370,10.06
2026-09-04 13:42:50,23942.3,2026-09-08,23700.0,CE,291.0,290.0,290.7,90769,9399,-19,11.93
2026-09-04 13:42:50,23942.3,2026-09-08,23700.0,PE,17.65,17.65,17.7,1365036,152784,60531,9.75
2026-09-04 13:42:50,23942.3,2026-09-08,23750.0,CE,247.35,247.0,247.65,101389,9815,3275,11.41
2026-09-04 13:42:50,23942.3,2026-09-08,23750.0,PE,24.4,24.4,24.45,1174307,96171,54756,9.53
2026-09-04 13:42:50,23942.3,2026-09-08,23800.0,CE,206.35,206.4,206.8,645124,47996,4766,10.91
2026-09-04 13:42:50,23942.3,2026-09-08,23800.0,PE,33.75,33.75,33.8,2373474,247189,137094,9.3
2026-09-04 13:42:50,23942.3,2026-09-08,23850.0,CE,168.5,168.5,168.75,643686,35129,7473,10.56
2026-09-04 13:42:50,23942.3,2026-09-08,23850.0,PE,45.7,45.7,45.85,1985675,147778,90956,9.04
2026-09-04 13:42:50,23942.3,2026-09-08,23900.0,CE,134.4,134.4,134.7,2786720,141572,21987,10.18
2026-09-04 13:42:50,23942.3,2026-09-08,23900.0,PE,61.4,61.4,61.55,4895503,368779,262047,8.85
2026-09-04 13:42:50,23942.3,2026-09-08,23950.0,CE,103.85,103.85,104.05,3306906,193826,102871,9.89
2026-09-04 13:42:50,23942.3,2026-09-08,23950.0,PE,81.05,81.05,81.2,4257253,241334,199025,8.58
2026-09-04 13:42:50,23942.3,2026-09-08,24000.0,CE,78.2,78.2,78.3,5313325,387715,104742,9.68
2026-09-04 13:42:50,23942.3,2026-09-08,24000.0,PE,105.3,105.3,105.6,3972806,210076,96352,8.37
2026-09-04 13:42:50,23942.3,2026-09-08,24050.0,CE,57.3,57.1,57.25,2282684,168124,48245,9.54
2026-09-04 13:42:50,23942.3,2026-09-08,24050.0,PE,134.4,134.4,134.75,1032743,50814,33686,8.17
2026-09-04 13:42:50,23942.3,2026-09-08,24100.0,CE,40.85,40.8,40.9,2728876,245615,58878,9.43
2026-09-04 13:42:50,23942.3,2026-09-08,24100.0,PE,167.95,167.6,167.85,929214,66264,15111,7.83
2026-09-04 13:42:50,23942.3,2026-09-08,24150.0,CE,28.2,28.2,28.3,1408981,126628,46531,9.36
2026-09-04 13:42:50,23942.3,2026-09-08,24150.0,PE,205.55,205.05,205.55,209049,18232,7297,7.53
2026-09-04 13:42:50,23942.3,2026-09-08,24200.0,CE,19.55,19.5,19.55,2003419,239717,58377,9.39
2026-09-04 13:42:50,23942.3,2026-09-08,24200.0,PE,246.15,246.15,246.3,267027,42832,2518,6.97
2026-09-04 13:42:50,23942.3,2026-09-08,24250.0,CE,13.25,13.2,13.25,943557,97981,30093,9.44
2026-09-04 13:42:50,23942.3,2026-09-08,24250.0,PE,289.8,289.45,290.2,37011,7554,942,4.77
2026-09-04 13:42:50,23942.3,2026-09-08,24300.0,CE,8.9,8.9,8.95,1241394,194665,37553,9.54
2026-09-04 13:42:50,23942.3,2026-09-08,24300.0,PE,335.7,335.4,336.2,59217,20709,3123,
2026-09-04 13:42:50,23942.3,2026-09-08,24350.0,CE,6.4,6.4,6.45,585655,87938,21481,9.81
2026-09-04 13:42:50,23942.3,2026-09-08,24350.0,PE,379.2,382.65,383.7,8049,2950,39,
2026-09-04 13:42:50,23942.3,2026-09-08,24400.0,CE,4.75,4.7,4.75,710285,165097,43382,10.15
2026-09-04 13:42:50,23942.3,2026-09-08,24400.0,PE,431.15,430.95,432.15,9461,8182,-219,
2026-09-04 13:42:50,23942.3,2026-09-08,24450.0,CE,3.75,3.7,3.75,283396,63951,11674,10.61
2026-09-04 13:42:50,23942.3,2026-09-08,24450.0,PE,476.6,480.0,481.5,1670,1244,-40,
2026-09-04 13:43:50,23945.2,2026-09-08,23450.0,CE,532.75,532.45,534.1,1297,714,52,15.97
2026-09-04 13:43:50,23945.2,2026-09-08,23450.0,PE,4.45,4.4,4.45,295502,47918,16856,11.74
2026-09-04 13:43:50,23945.2,2026-09-08,23500.0,CE,483.55,483.35,484.8,19748,4652,-338,15.07
2026-09-04 13:43:50,23945.2,2026-09-08,23500.0,PE,5.4,5.35,5.4,761799,177148,14918,11.18
2026-09-04 13:43:50,23945.2,2026-09-08,23550.0,CE,433.4,434.75,436.4,3284,1070,138,14.14
2026-09-04 13:43:50,23945.2,2026-09-08,23550.0,PE,6.8,6.8,6.85,446402,53345,20460,10.74
2026-09-04 13:43:50,23945.2,2026-09-08,23600.0,CE,388.45,387.1,388.4,20759,4469,276,13.51
2026-09-04 13:43:50,23945.2,2026-09-08,23600.0,PE,8.9,8.9,8.95,934175,154191,27331,10.36
2026-09-04 13:43:50,23945.2,2026-09-08,23650.0,CE,340.85,340.75,341.55,13788,2552,586,12.65
2026-09-04 13:43:50,23945.2,2026-09-08,23650.0,PE,12.3,12.25,12.3,753044,62186,20370,10.06
2026-09-04 13:43:50,23945.2,2026-09-08,23700.0,CE,295.25,295.5,296.3,90890,9399,-19,11.93
2026-09-04 13:43:50,23945.2,2026-09-08,23700.0,PE,16.85,16.75,16.85,1368603,152784,60531,9.75
2026-09-04 13:43:50,23945.2,2026-09-08,23750.0,CE,251.2,251.95,252.3,101563,9815,3275,11.41
2026-09-04 13:43:50,23945.2,2026-09-08,23750.0,PE,23.3,23.25,23.3,1177235,96171,54756,9.53
2026-09-04 13:43:50,23945.2,2026-09-08,23800.0,CE,211.45,211.0,211.1,646130,48112,4882,10.91
2026-09-04 13:43:50,23945.2,2026-09-08,23800.0,PE,32.25,32.25,32.35,2380870,248303,138208,9.3
2026-09-04 13:43:50,23945.2,2026-09-08,23850.0,CE,172.4,172.5,172.85,644514,35390,7734,10.56
2026-09-04 13:43:50,23945.2,2026-09-08,23850.0,PE,43.95,43.85,43.95,1991494,147942,91120,9.04
2026-09-04 13:43:50,23945.2,2026-09-08,23900.0,CE,138.0,137.95,138.25,2790766,142453,22868,10.18
2026-09-04 13:43:50,23945.2,2026-09-08,23900.0,PE,58.9,58.95,59.05,4908931,372760,266028,8.85
2026-09-04 13:43:50,23945.2,2026-09-08,23950.0,CE,106.9,106.7,106.9,3312832,194512,103557,9.89
2026-09-04 13:43:50,23945.2,2026-09-08,23950.0,PE,78.15,78.15,78.25,4268630,243490,201181,8.58
2026-09-04 13:43:50,23945.2,2026-09-08,24000.0,CE,80.6,80.45,80.65,5323477,387715,104742,9.68
2026-09-04 13:43:50,23945.2,2026-09-08,24000.0,PE,101.9,101.9,102.0,3981932,210076,96352,8.37
2026-09-04 13:43:50,23945.2,2026-09-08,24050.0,CE,59.0,59.0,59.05,2286715,168124,48245,9.54
2026-09-04 13:43:50,23945.2,2026-09-08,24050.0,PE,130.15,130.15,130.45,1035007,50814,33686,8.17
2026-09-04 13:43:50,23945.2,2026-09-08,24100.0,CE,42.2,42.1,42.2,2734060,245615,58878,9.43
2026-09-04 13:43:50,23945.2,2026-09-08,24100.0,PE,162.95,162.85,163.25,931248,66264,15111,7.83
2026-09-04 13:43:50,23945.2,2026-09-08,24150.0,CE,29.25,29.1,29.2,1411260,126661,46564,9.36
2026-09-04 13:43:50,23945.2,2026-09-08,24150.0,PE,200.2,200.05,200.55,209403,18006,7071,7.53
2026-09-04 13:43:50,23945.2,2026-09-08,24200.0,CE,20.15,20.05,20.15,2006265,240194,58854,9.39
2026-09-04 13:43:50,23945.2,2026-09-08,24200.0,PE,240.3,240.7,241.4,267559,42721,2407,6.97
2026-09-04 13:43:50,23945.2,2026-09-08,24250.0,CE,13.6,13.55,13.6,944962,97846,29958,9.44
2026-09-04 13:43:50,23945.2,2026-09-08,24250.0,PE,284.95,284.0,284.75,37188,7508,896,4.77
2026-09-04 13:43:50,23945.2,2026-09-08,24300.0,CE,9.15,9.1,9.15,1242713,194456,37344,9.54
2026-09-04 13:43:50,23945.2,2026-09-08,24300.0,PE,330.75,330.35,330.6,59286,20707,3121,
2026-09-04 13:43:50,23945.2,2026-09-08,24350.0,CE,6.55,6.5,6.55,586383,87938,21481,9.81
2026-09-04 13:43:50,23945.2,2026-09-08,24350.0,PE,380.55,376.7,377.8,8054,2950,39,
2026-09-04 13:43:50,23945.2,2026-09-08,24400.0,CE,4.8,4.75,4.8,711000,165097,43382,10.15
2026-09-04 13:43:50,23945.2,2026-09-08,24400.0,PE,427.65,425.0,426.2,9469,8182,-219,
2026-09-04 13:43:50,23945.2,2026-09-08,24450.0,CE,3.75,3.7,3.75,283554,63951,11674,10.61
2026-09-04 13:43:50,23945.2,2026-09-08,24450.0,PE,477.95,473.5,475.05,1672,1251,-33,
2026-09-04 13:44:51,23944.55,2026-09-08,23450.0,CE,531.8,528.3,530.1,1303,715,53,15.33
2026-09-04 13:44:51,23944.55,2026-09-08,23450.0,PE,4.45,4.4,4.45,296375,47963,16901,11.76
2026-09-04 13:44:51,23944.55,2026-09-08,23500.0,CE,478.45,479.45,480.95,19763,4656,-334,14.24
2026-09-04 13:44:51,23944.55,2026-09-08,23500.0,PE,5.4,5.35,5.4,764923,177142,14912,11.21
2026-09-04 13:44:51,23944.55,2026-09-08,23550.0,CE,432.2,431.1,432.4,3290,1069,137,13.57
2026-09-04 13:44:51,23944.55,2026-09-08,23550.0,PE,6.85,6.85,6.9,448201,53083,20198,10.77
2026-09-04 13:44:51,23944.55,2026-09-08,23600.0,CE,384.5,383.45,384.75,20794,4461,268,12.81
2026-09-04 13:44:51,23944.55,2026-09-08,23600.0,PE,9.1,9.0,9.1,938217,153875,27015,10.36
2026-09-04 13:44:51,23944.55,2026-09-08,23650.0,CE,336.15,337.25,338.15,13860,2546,580,12.46
2026-09-04 13:44:51,23944.55,2026-09-08,23650.0,PE,12.45,12.45,12.5,755751,62058,20242,10.1
2026-09-04 13:44:51,23944.55,2026-09-08,23700.0,CE,292.05,291.9,292.65,91258,9461,43,11.65
2026-09-04 13:44:51,23944.55,2026-09-08,23700.0,PE,17.1,17.1,17.2,1374160,152473,60220,9.81
2026-09-04 13:44:51,23944.55,2026-09-08,23750.0,CE,248.65,248.55,249.2,101852,9727,3187,11.05
2026-09-04 13:44:51,23944.55,2026-09-08,23750.0,PE,23.85,23.8,23.85,1181894,96069,54654,9.6
2026-09-04 13:44:51,23944.55,2026-09-08,23800.0,CE,208.4,207.95,208.35,649043,48692,5462,10.77
2026-09-04 13:44:51,23944.55,2026-09-08,23800.0,PE,33.1,32.95,33.05,2389906,248394,138299,9.36
2026-09-04 13:44:51,23944.55,2026-09-08,23850.0,CE,170.25,169.9,170.25,646411,35714,8058,10.41
2026-09-04 13:44:51,23944.55,2026-09-08,23850.0,PE,44.9,44.75,44.9,1997871,147623,90801,9.13
2026-09-04 13:44:51,23944.55,2026-09-08,23900.0,CE,135.5,135.45,135.7,2801575,143227,23642,10.13
2026-09-04 13:44:51,23944.55,2026-09-08,23900.0,PE,60.45,60.35,60.45,4929216,370567,263835,8.98
2026-09-04 13:44:51,23944.55,2026-09-08,23950.0,CE,104.95,104.95,105.15,3327100,195351,104396,9.86
2026-09-04 13:44:51,23944.55,2026-09-08,23950.0,PE,79.9,79.75,79.9,4284883,241918,199609,8.72
2026-09-04 13:44:51,23944.55,2026-09-08,24000.0,CE,79.15,79.15,79.2,5344847,390158,107185,9.64
2026-09-04 13:44:51,23944.55,2026-09-08,24000.0,PE,104.15,104.0,104.15,3995568,210202,96478,8.58
2026-09-04 13:44:51,23944.55,2026-09-08,24050.0,CE,58.05,57.9,58.0,2295251,168701,48822,9.52
2026-09-04 13:44:51,23944.55,2026-09-08,24050.0,PE,133.05,132.8,133.1,1039447,50838,33710,8.36
2026-09-04 13:44:51,23944.55,2026-09-08,24100.0,CE,41.5,41.35,41.45,2743297,248041,61304,9.42
2026-09-04 13:44:51,23944.55,2026-09-08,24100.0,PE,166.05,166.0,166.3,934709,66577,15424,8.06
2026-09-04 13:44:51,23944.55,2026-09-08,24150.0,CE,28.65,28.65,28.75,1415560,127221,47124,9.37
2026-09-04 13:44:51,23944.55,2026-09-08,24150.0,PE,203.45,203.4,203.85,210161,18063,7128,7.85
2026-09-04 13:44:51,23944.55,2026-09-08,24200.0,CE,19.75,19.75,19.8,2012874,240289,58949,9.43
2026-09-04 13:44:51,23944.55,2026-09-08,24200.0,PE,244.1,244.15,244.6,268356,42688,2374,7.39
2026-09-04 13:44:51,23944.55,2026-09-08,24250.0,CE,13.45,13.4,13.45,947439,98020,30132,9.47
2026-09-04 13:44:51,23944.55,2026-09-08,24250.0,PE,289.3,288.1,288.65,39212,7880,1268,6.93
2026-09-04 13:44:51,23944.55,2026-09-08,24300.0,CE,9.0,9.0,9.05,1244751,194517,37405,9.58
2026-09-04 13:44:51,23944.55,2026-09-08,24300.0,PE,334.95,333.25,334.2,59440,20717,3131,5.52
2026-09-04 13:44:51,23944.55,2026-09-08,24350.0,CE,6.5,6.45,6.5,587647,87798,21341,9.84
2026-09-04 13:44:51,23944.55,2026-09-08,24350.0,PE,382.75,380.4,381.6,8074,2948,37,
2026-09-04 13:44:51,23944.55,2026-09-08,24400.0,CE,4.75,4.7,4.75,712459,165226,43511,10.17
2026-09-04 13:44:51,23944.55,2026-09-08,24400.0,PE,430.2,428.55,430.1,9478,8181,-220,
2026-09-04 13:44:51,23944.55,2026-09-08,24450.0,CE,3.75,3.7,3.75,283980,63838,11561,10.61
2026-09-04 13:44:51,23944.55,2026-09-08,24450.0,PE,475.65,477.4,479.35,1673,1251,-33,
2026-09-04 13:45:51,23946.5,2026-09-08,23450.0,CE,528.25,527.35,529.35,1305,715,53,15.33
2026-09-04 13:45:51,23946.5,2026-09-08,23450.0,PE,4.45,4.45,4.5,296535,47753,16691,11.76
2026-09-04 13:45:51,23946.5,2026-09-08,23500.0,CE,479.0,478.6,480.0,19774,4653,-337,14.24
2026-09-04 13:45:51,23946.5,2026-09-08,23500.0,PE,5.5,5.4,5.5,766074,176716,14486,11.21
2026-09-04 13:45:51,23946.5,2026-09-08,23550.0,CE,431.05,429.9,431.0,3292,1069,137,13.57
2026-09-04 13:45:51,23946.5,2026-09-08,23550.0,PE,6.9,6.9,6.95,448498,52886,20001,10.77
2026-09-04 13:45:51,23946.5,2026-09-08,23600.0,CE,383.2,382.6,383.8,20813,4467,274,12.81
2026-09-04 13:45:51,23946.5,2026-09-08,23600.0,PE,9.1,9.15,9.2,939384,153547,26687,10.36
2026-09-04 13:45:51,23946.5,2026-09-08,23650.0,CE,336.5,336.25,336.95,13888,2519,553,12.46
2026-09-04 13:45:51,23946.5,2026-09-08,23650.0,PE,12.6,12.55,12.6,756401,61815,19999,10.1
2026-09-04 13:45:51,23946.5,2026-09-08,23700.0,CE,291.0,291.1,291.85,91321,9534,116,11.65
2026-09-04 13:45:51,23946.5,2026-09-08,23700.0,PE,17.3,17.3,17.35,1374793,152709,60456,9.81
2026-09-04 13:45:51,23946.5,2026-09-08,23750.0,CE,247.85,247.8,248.35,101913,9752,3212,11.05
2026-09-04 13:45:51,23946.5,2026-09-08,23750.0,PE,24.1,23.95,24.05,1182771,96383,54968,9.6
2026-09-04 13:45:51,23946.5,2026-09-08,23800.0,CE,207.6,207.15,207.65,649431,48873,5643,10.77
2026-09-04 13:45:51,23946.5,2026-09-08,23800.0,PE,33.2,33.2,33.3,2392644,247873,137778,9.36
2026-09-04 13:45:51,23946.5,2026-09-08,23850.0,CE,169.15,169.15,169.55,646766,35518,7862,10.41
2026-09-04 13:45:51,23946.5,2026-09-08,23850.0,PE,45.15,45.05,45.2,1999212,147669,90847,9.13
2026-09-04 13:45:51,23946.5,2026-09-08,23900.0,CE,135.1,134.8,135.05,2803967,143406,23821,10.13
2026-09-04 13:45:51,23946.5,2026-09-08,23900.0,PE,60.75,60.75,60.9,4933405,371529,264797,8.98
2026-09-04 13:45:51,23946.5,2026-09-08,23950.0,CE,104.25,104.3,104.55,3329851,196274,105319,9.86
2026-09-04 13:45:51,23946.5,2026-09-08,23950.0,PE,80.4,80.3,80.4,4289232,241335,199026,8.72
2026-09-04 13:45:51,23946.5,2026-09-08,24000.0,CE,78.6,78.6,78.85,5348970,393044,110071,9.64
2026-09-04 13:45:51,23946.5,2026-09-08,24000.0,PE,104.7,104.55,104.7,3999285,209822,96098,8.58
2026-09-04 13:45:51,23946.5,2026-09-08,24050.0,CE,57.7,57.55,57.7,2296622,168763,48884,9.52
2026-09-04 13:45:51,23946.5,2026-09-08,24050.0,PE,133.75,133.4,133.55,1040435,50533,33405,8.36
2026-09-04 13:45:51,23946.5,2026-09-08,24100.0,CE,41.0,41.05,41.15,2745535,248469,61732,9.42
2026-09-04 13:45:51,23946.5,2026-09-08,24100.0,PE,167.2,166.7,167.05,935224,66564,15411,8.06
2026-09-04 13:45:51,23946.5,2026-09-08,24150.0,CE,28.45,28.4,28.5,1416398,127874,47777,9.37
2026-09-04 13:45:51,23946.5,2026-09-08,24150.0,PE,204.5,204.05,204.5,210266,18164,7229,7.85
2026-09-04 13:45:51,23946.5,2026-09-08,24200.0,CE,19.55,19.55,19.6,2014094,240575,59235,9.43
2026-09-04 13:45:51,23946.5,2026-09-08,24200.0,PE,245.45,245.0,245.55,268565,42799,2485,7.39
2026-09-04 13:45:51,23946.5,2026-09-08,24250.0,CE,13.2,13.25,13.3,948177,98331,30443,9.47
2026-09-04 13:45:51,23946.5,2026-09-08,24250.0,PE,289.3,288.95,289.55,39257,8804,2192,6.93
2026-09-04 13:45:51,23946.5,2026-09-08,24300.0,CE,8.85,8.85,8.9,1246007,194876,37764,9.58
2026-09-04 13:45:51,23946.5,2026-09-08,24300.0,PE,334.8,334.05,334.95,59476,20704,3118,5.52
2026-09-04 13:45:51,23946.5,2026-09-08,24350.0,CE,6.4,6.35,6.4,587993,87761,21304,9.84
2026-09-04 13:45:51,23946.5,2026-09-08,24350.0,PE,381.65,381.2,382.5,8078,2948,37,
2026-09-04 13:45:51,23946.5,2026-09-08,24400.0,CE,4.7,4.65,4.7,713916,165298,43583,10.17
2026-09-04 13:45:51,23946.5,2026-09-08,24400.0,PE,428.95,429.4,430.95,9486,8181,-220,
2026-09-04 13:45:51,23946.5,2026-09-08,24450.0,CE,3.75,3.7,3.75,284109,63844,11567,10.61
2026-09-04 13:45:51,23946.5,2026-09-08,24450.0,PE,479.25,478.35,480.15,1675,1251,-33,
2026-09-04 13:46:51,23948.7,2026-09-08,23450.0,CE,532.7,534.25,536.35,1306,713,51,15.97
2026-09-04 13:46:51,23948.7,2026-09-08,23450.0,PE,4.35,4.35,4.4,296868,47764,16702,11.74
2026-09-04 13:46:51,23948.7,2026-09-08,23500.0,CE,486.8,485.4,486.9,19816,4657,-333,15.07
2026-09-04 13:46:51,23948.7,2026-09-08,23500.0,PE,5.3,5.25,5.3,767840,176204,13974,11.18
2026-09-04 13:46:51,23948.7,2026-09-08,23550.0,CE,437.6,436.7,438.2,3307,1078,146,14.14
2026-09-04 13:46:51,23948.7,2026-09-08,23550.0,PE,6.65,6.65,6.7,449366,52767,19882,10.74
2026-09-04 13:46:51,23948.7,2026-09-08,23600.0,CE,390.95,389.15,390.0,20854,4466,273,13.51
2026-09-04 13:46:51,23948.7,2026-09-08,23600.0,PE,8.7,8.7,8.75,942908,153086,26226,10.36
2026-09-04 13:46:51,23948.7,2026-09-08,23650.0,CE,343.45,342.6,343.45,13911,2539,573,12.65
2026-09-04 13:46:51,23948.7,2026-09-08,23650.0,PE,11.95,11.95,12.0,758054,61913,20097,10.06
2026-09-04 13:46:51,23948.7,2026-09-08,23700.0,CE,297.7,297.0,297.7,91579,9489,71,11.93
2026-09-04 13:46:51,23948.7,2026-09-08,23700.0,PE,16.4,16.4,16.45,1379880,152822,60569,9.75
2026-09-04 13:46:51,23948.7,2026-09-08,23750.0,CE,253.95,253.4,254.0,102044,9744,3204,11.41
2026-09-04 13:46:51,23948.7,2026-09-08,23750.0,PE,22.7,22.7,22.75,1186991,96187,54772,9.53
2026-09-04 13:46:51,23948.7,2026-09-08,23800.0,CE,212.2,212.35,212.8,650897,48861,5631,10.91
2026-09-04 13:46:51,23948.7,2026-09-08,23800.0,PE,31.45,31.45,31.5,2400971,248584,138489,9.3
2026-09-04 13:46:51,23948.7,2026-09-08,23850.0,CE,174.4,173.85,174.3,648300,35797,8141,10.56
2026-09-04 13:46:51,23948.7,2026-09-08,23850.0,PE,42.8,42.7,42.75,2005107,147504,90682,9.04
2026-09-04 13:46:51,23948.7,2026-09-08,23900.0,CE,138.9,138.85,138.9,2811002,143999,24414,10.18
2026-09-04 13:46:51,23948.7,2026-09-08,23900.0,PE,57.75,57.8,57.9,4951001,371959,265227,8.85
2026-09-04 13:46:51,23948.7,2026-09-08,23950.0,CE,107.6,107.6,107.85,3339222,196823,105868,9.89
2026-09-04 13:46:51,23948.7,2026-09-08,23950.0,PE,76.4,76.45,76.6,4305092,241372,199063,8.58
2026-09-04 13:46:51,23948.7,2026-09-08,24000.0,CE,81.15,81.15,81.3,5365212,392819,109846,9.68
2026-09-04 13:46:51,23948.7,2026-09-08,24000.0,PE,100.1,100.15,100.3,4012030,210767,97043,8.37
2026-09-04 13:46:51,23948.7,2026-09-08,24050.0,CE,59.55,59.35,59.5,2301317,168748,48869,9.54
2026-09-04 13:46:51,23948.7,2026-09-08,24050.0,PE,128.15,128.25,128.45,1043176,50713,33585,8.17
2026-09-04 13:46:51,23948.7,2026-09-08,24100.0,CE,42.45,42.35,42.45,2751066,249224,62487,9.43
2026-09-04 13:46:51,23948.7,2026-09-08,24100.0,PE,161.65,160.95,161.35,937513,66701,15548,7.83
2026-09-04 13:46:51,23948.7,2026-09-08,24150.0,CE,29.35,29.25,29.35,1419339,127923,47826,9.36
2026-09-04 13:46:51,23948.7,2026-09-08,24150.0,PE,198.0,198.0,198.45,210722,18175,7240,7.53
2026-09-04 13:46:51,23948.7,2026-09-08,24200.0,CE,20.15,20.1,20.2,2017964,240186,58846,9.39
2026-09-04 13:46:51,23948.7,2026-09-08,24200.0,PE,238.45,238.4,238.95,268943,42800,2486,6.97
2026-09-04 13:46:51,23948.7,2026-09-08,24250.0,CE,13.6,13.55,13.6,949632,98204,30316,9.44
2026-09-04 13:46:51,23948.7,2026-09-08,24250.0,PE,282.1,282.15,282.85,39421,8787,2175,4.77
2026-09-04 13:46:51,23948.7,2026-09-08,24300.0,CE,9.05,9.05,9.1,1247602,194353,37241,9.54
2026-09-04 13:46:51,23948.7,2026-09-08,24300.0,PE,327.35,327.2,328.2,59569,20696,3110,
2026-09-04 13:46:51,23948.7,2026-09-08,24350.0,CE,6.45,6.45,6.5,588888,87732,21275,9.81
2026-09-04 13:46:51,23948.7,2026-09-08,24350.0,PE,381.65,374.4,375.6,8078,2948,37,
2026-09-04 13:46:51,23948.7,2026-09-08,24400.0,CE,4.75,4.7,4.75,715397,165265,43550,10.15
2026-09-04 13:46:51,23948.7,2026-09-08,24400.0,PE,423.35,422.2,423.7,9491,8179,-222,
2026-09-04 13:46:51,23948.7,2026-09-08,24450.0,CE,3.75,3.7,3.75,284162,63874,11597,10.61
2026-09-04 13:46:51,23948.7,2026-09-08,24450.0,PE,474.0,471.25,473.35,1680,1258,-26,
2026-09-04 13:47:52,23952.1,2026-09-08,23450.0,CE,536.05,538.15,540.2,1308,712,50,15.97
2026-09-04 13:47:52,23952.1,2026-09-08,23450.0,PE,4.25,4.25,4.3,297170,47801,16739,11.74
2026-09-04 13:47:52,23952.1,2026-09-08,23500.0,CE,488.9,489.2,489.9,19828,4657,-333,15.07
2026-09-04 13:47:52,23952.1,2026-09-08,23500.0,PE,5.1,5.1,5.2,769724,176059,13829,11.18
2026-09-04 13:47:52,23952.1,2026-09-08,23550.0,CE,438.15,440.7,442.0,3320,1078,146,14.14
2026-09-04 13:47:52,23952.1,2026-09-08,23550.0,PE,6.5,6.45,6.5,450848,52767,19882,10.74
2026-09-04 13:47:52,23952.1,2026-09-08,23600.0,CE,392.45,392.9,394.0,20900,4466,273,13.51
2026-09-04 13:47:52,23952.1,2026-09-08,23600.0,PE,8.45,8.45,8.5,945319,153086,26226,10.36
2026-09-04 13:47:52,23952.1,2026-09-08,23650.0,CE,343.9,346.0,347.0,13928,2539,573,12.65
2026-09-04 13:47:52,23952.1,2026-09-08,23650.0,PE,11.6,11.6,11.65,760523,61913,20097,10.06
2026-09-04 13:47:52,23952.1,2026-09-08,23700.0,CE,300.4,300.45,301.0,91923,9489,71,11.93
2026-09-04 13:47:52,23952.1,2026-09-08,23700.0,PE,15.85,15.8,15.9,1384058,152822,60569,9.75
2026-09-04 13:47:52,23952.1,2026-09-08,23750.0,CE,256.9,256.65,256.9,102332,9744,3204,11.41
2026-09-04 13:47:52,23952.1,2026-09-08,23750.0,PE,21.95,21.95,22.05,1190610,96187,54772,9.53
2026-09-04 13:47:52,23952.1,2026-09-08,23800.0,CE,215.15,215.1,215.6,653197,48774,5544,10.91
2026-09-04 13:47:52,23952.1,2026-09-08,23800.0,PE,30.65,30.6,30.75,2409025,247188,137093,9.3
2026-09-04 13:47:52,23952.1,2026-09-08,23850.0,CE,177.0,176.6,176.95,650209,35500,7844,10.56
2026-09-04 13:47:52,23952.1,2026-09-08,23850.0,PE,41.45,41.45,41.55,2012108,147928,91106,9.04
2026-09-04 13:47:52,23952.1,2026-09-08,23900.0,CE,141.7,141.35,141.7,2820207,143999,24414,10.18
2026-09-04 13:47:52,23952.1,2026-09-08,23900.0,PE,56.2,56.2,56.25,4968470,371959,265227,8.85
2026-09-04 13:47:52,23952.1,2026-09-08,23950.0,CE,109.65,109.45,109.7,3351040,196823,105868,9.89
2026-09-04 13:47:52,23952.1,2026-09-08,23950.0,PE,74.9,74.75,74.9,4320919,241372,199063,8.58
2026-09-04 13:47:52,23952.1,2026-09-08,24000.0,CE,82.85,82.7,82.85,5383020,392819,109846,9.68
2026-09-04 13:47:52,23952.1,2026-09-08,24000.0,PE,97.95,98.0,98.2,4024494,210767,97043,8.37
2026-09-04 13:47:52,23952.1,2026-09-08,24050.0,CE,60.95,60.8,60.95,2308780,168748,48869,9.54
2026-09-04 13:47:52,23952.1,2026-09-08,24050.0,PE,125.85,125.55,125.8,1047046,50713,33585,8.17
2026-09-04 13:47:52,23952.1,2026-09-08,24100.0,CE,43.45,43.4,43.5,2759794,249224,62487,9.43
2026-09-04 13:47:52,23952.1,2026-09-08,24100.0,PE,157.95,158.0,158.4,939958,66701,15548,7.83
2026-09-04 13:47:52,23952.1,2026-09-08,24150.0,CE,30.1,30.0,30.1,1422728,127629,47532,9.36
2026-09-04 13:47:52,23952.1,2026-09-08,24150.0,PE,195.5,195.15,195.6,211399,18232,7297,7.53
2026-09-04 13:47:52,23952.1,2026-09-08,24200.0,CE,20.7,20.6,20.7,2022242,239794,58454,9.39
2026-09-04 13:47:52,23952.1,2026-09-08,24200.0,PE,235.2,234.8,235.45,269779,42636,2322,6.97
2026-09-04 13:47:52,23952.1,2026-09-08,24250.0,CE,13.95,13.9,13.95,951311,98204,30316,9.44
2026-09-04 13:47:52,23952.1,2026-09-08,24250.0,PE,278.35,278.3,278.85,39590,8787,2175,4.77
2026-09-04 13:47:52,23952.1,2026-09-08,24300.0,CE,9.25,9.25,9.3,1249906,194353,37241,9.54
2026-09-04 13:47:52,23952.1,2026-09-08,24300.0,PE,323.7,323.45,324.5,59655,20696,3110,
2026-09-04 13:47:52,23952.1,2026-09-08,24350.0,CE,6.6,6.55,6.6,589809,87732,21275,9.81
2026-09-04 13:47:52,23952.1,2026-09-08,24350.0,PE,374.3,370.75,371.95,8099,2935,24,
2026-09-04 13:47:52,23952.1,2026-09-08,24400.0,CE,4.8,4.75,4.8,716148,165265,43550,10.15
2026-09-04 13:47:52,23952.1,2026-09-08,24400.0,PE,419.95,419.05,420.3,9507,8179,-222,
2026-09-04 13:47:52,23952.1,2026-09-08,24450.0,CE,3.75,3.7,3.75,284502,63874,11597,10.61
2026-09-04 13:47:52,23952.1,2026-09-08,24450.0,PE,471.5,467.35,469.4,1685,1258,-26,
2026-09-04 13:48:52,23951.75,2026-09-08,23450.0,CE,538.15,539.9,541.25,1309,712,50,15.33
2026-09-04 13:48:52,23951.75,2026-09-08,23450.0,PE,4.25,4.2,4.25,297716,47854,16792,11.76
2026-09-04 13:48:52,23951.75,2026-09-08,23500.0,CE,491.4,490.35,491.6,19844,4627,-363,14.24
2026-09-04 13:48:52,23951.75,2026-09-08,23500.0,PE,5.15,5.1,5.15,770988,175870,13640,11.21
2026-09-04 13:48:52,23951.75,2026-09-08,23550.0,CE,442.85,441.85,443.25,3325,1086,154,13.57
2026-09-04 13:48:52,23951.75,2026-09-08,23550.0,PE,6.45,6.4,6.45,451832,52122,19237,10.77
2026-09-04 13:48:52,23951.75,2026-09-08,23600.0,CE,395.25,394.0,395.25,20969,4426,233,12.81
2026-09-04 13:48:52,23951.75,2026-09-08,23600.0,PE,8.4,8.35,8.4,948118,152845,25985,10.36
2026-09-04 13:48:52,23951.75,2026-09-08,23650.0,CE,347.1,347.3,348.25,13966,2535,569,12.46
2026-09-04 13:48:52,23951.75,2026-09-08,23650.0,PE,11.5,11.45,11.5,762523,61540,19724,10.1
2026-09-04 13:48:52,23951.75,2026-09-08,23700.0,CE,301.95,301.55,302.3,92389,9270,-148,11.65
2026-09-04 13:48:52,23951.75,2026-09-08,23700.0,PE,15.6,15.65,15.7,1388669,152605,60352,9.81
2026-09-04 13:48:52,23951.75,2026-09-08,23750.0,CE,257.1,257.85,258.0,102522,9581,3041,11.05
2026-09-04 13:48:52,23951.75,2026-09-08,23750.0,PE,21.9,21.85,21.9,1194546,95907,54492,9.6
2026-09-04 13:48:52,23951.75,2026-09-08,23800.0,CE,216.7,216.25,216.7,655895,48483,5253,10.77
2026-09-04 13:48:52,23951.75,2026-09-08,23800.0,PE,30.2,30.2,30.25,2419367,246812,136717,9.36
2026-09-04 13:48:52,23951.75,2026-09-08,23850.0,CE,177.75,177.3,177.75,653419,34012,6356,10.41
2026-09-04 13:48:52,23951.75,2026-09-08,23850.0,PE,41.05,40.95,41.1,2019103,147287,90465,9.13
2026-09-04 13:48:52,23951.75,2026-09-08,23900.0,CE,142.25,142.1,142.25,2832043,143063,23478,10.13
2026-09-04 13:48:52,23951.75,2026-09-08,23900.0,PE,55.5,55.5,55.65,4989216,365478,258746,8.98
2026-09-04 13:48:52,23951.75,2026-09-08,23950.0,CE,110.45,110.25,110.45,3366115,195367,104412,9.86
2026-09-04 13:48:52,23951.75,2026-09-08,23950.0,PE,74.0,74.05,74.15,4340308,238057,195748,8.72
2026-09-04 13:48:52,23951.75,2026-09-08,24000.0,CE,83.65,83.5,83.65,5406412,392059,109086,9.64
2026-09-04 13:48:52,23951.75,2026-09-08,24000.0,PE,97.3,97.15,97.35,4038207,206348,92624,8.58
2026-09-04 13:48:52,23951.75,2026-09-08,24050.0,CE,61.4,61.2,61.4,2317589,170634,50755,9.52
2026-09-04 13:48:52,23951.75,2026-09-08,24050.0,PE,124.75,124.8,125.05,1050055,50299,33171,8.36
2026-09-04 13:48:52,23951.75,2026-09-08,24100.0,CE,43.75,43.75,43.85,2772271,249522,62785,9.42
2026-09-04 13:48:52,23951.75,2026-09-08,24100.0,PE,157.85,157.55,157.8,943972,65818,14665,8.06
2026-09-04 13:48:52,23951.75,2026-09-08,24150.0,CE,30.35,30.35,30.45,1427087,127867,47770,9.37
2026-09-04 13:48:52,23951.75,2026-09-08,24150.0,PE,194.2,193.95,194.2,212236,18324,7389,7.85
2026-09-04 13:48:52,23951.75,2026-09-08,24200.0,CE,20.85,20.85,20.95,2027637,240285,58945,9.43
2026-09-04 13:48:52,23951.75,2026-09-08,24200.0,PE,234.0,234.0,234.3,270615,42567,2253,7.39
2026-09-04 13:48:52,23951.75,2026-09-08,24250.0,CE,14.05,14.05,14.1,953430,98211,30323,9.47
2026-09-04 13:48:52,23951.75,2026-09-08,24250.0,PE,278.3,277.3,277.75,39756,8697,2085,6.93
2026-09-04 13:48:52,23951.75,2026-09-08,24300.0,CE,9.4,9.35,9.4,1251477,194439,37327,9.58
2026-09-04 13:48:52,23951.75,2026-09-08,24300.0,PE,323.75,322.25,323.15,59762,20688,3102,5.52
2026-09-04 13:48:52,23951.75,2026-09-08,24350.0,CE,6.65,6.65,6.7,590490,87998,21541,9.84
2026-09-04 13:48:52,23951.75,2026-09-08,24350.0,PE,371.65,369.3,370.5,8136,2913,2,
2026-09-04 13:48:52,23951.75,2026-09-08,24400.0,CE,4.8,4.8,4.85,716933,165159,43444,10.17
2026-09-04 13:48:52,23951.75,2026-09-08,24400.0,PE,418.9,417.45,418.8,9518,8190,-211,
2026-09-04 13:48:52,23951.75,2026-09-08,24450.0,CE,3.75,3.75,3.8,284929,63790,11513,10.61
2026-09-04 13:48:52,23951.75,2026-09-08,24450.0,PE,466.0,466.3,467.75,1691,1260,-24,
2026-09-04 13:49:52,23947.0,2026-09-08,23450.0,CE,540.85,536.2,538.05,1310,709,47,15.33
2026-09-04 13:49:52,23947.0,2026-09-08,23450.0,PE,4.3,4.25,4.3,298205,47913,16851,11.76
2026-09-04 13:49:52,23947.0,2026-09-08,23500.0,CE,491.9,487.35,488.75,19859,4627,-363,14.24
2026-09-04 13:49:52,23947.0,2026-09-08,23500.0,PE,5.2,5.15,5.2,773222,175903,13673,11.21
2026-09-04 13:49:52,23947.0,2026-09-08,23550.0,CE,441.15,438.6,440.25,3331,1077,145,13.57
2026-09-04 13:49:52,23947.0,2026-09-08,23550.0,PE,6.6,6.55,6.6,453041,52011,19126,10.77
2026-09-04 13:49:52,23947.0,2026-09-08,23600.0,CE,391.3,390.85,392.15,20984,4420,227,12.81
2026-09-04 13:49:52,23947.0,2026-09-08,23600.0,PE,8.65,8.6,8.65,950874,152879,26019,10.36
2026-09-04 13:49:52,23947.0,2026-09-08,23650.0,CE,345.85,344.3,345.2,13990,2525,559,12.46
2026-09-04 13:49:52,23947.0,2026-09-08,23650.0,PE,11.8,11.75,11.8,764509,61627,19811,10.1
2026-09-04 13:49:52,23947.0,2026-09-08,23700.0,CE,300.15,299.0,299.55,92628,9251,-167,11.65
2026-09-04 13:49:52,23947.0,2026-09-08,23700.0,PE,16.1,16.1,16.15,1392671,152256,60003,9.81
2026-09-04 13:49:52,23947.0,2026-09-08,23750.0,CE,255.6,255.0,255.45,102741,9598,3058,11.05
2026-09-04 13:49:52,23947.0,2026-09-08,23750.0,PE,22.35,22.3,22.35,1198346,95946,54531,9.6
2026-09-04 13:49:52,23947.0,2026-09-08,23800.0,CE,214.2,213.85,214.4,657797,48302,5072,10.77
2026-09-04 13:49:52,23947.0,2026-09-08,23800.0,PE,31.0,30.95,31.0,2426960,247043,136948,9.36
2026-09-04 13:49:52,23947.0,2026-09-08,23850.0,CE,175.1,175.15,175.5,655536,33682,6026,10.41
2026-09-04 13:49:52,23947.0,2026-09-08,23850.0,PE,42.1,42.05,42.1,2023764,146845,90023,9.13
2026-09-04 13:49:52,23947.0,2026-09-08,23900.0,CE,140.0,140.0,140.3,2841812,143034,23449,10.13
2026-09-04 13:49:52,23947.0,2026-09-08,23900.0,PE,57.15,57.0,57.15,5000644,365460,258728,8.98
2026-09-04 13:49:52,23947.0,2026-09-08,23950.0,CE,108.6,108.75,108.95,3378596,195267,104312,9.86
2026-09-04 13:49:52,23947.0,2026-09-08,23950.0,PE,75.6,75.6,75.75,4353785,238973,196664,8.72
2026-09-04 13:49:52,23947.0,2026-09-08,24000.0,CE,82.2,82.2,82.35,5429212,394274,111301,9.64
2026-09-04 13:49:52,23947.0,2026-09-08,24000.0,PE,99.1,99.1,99.25,4046882,207352,93628,8.58
2026-09-04 13:49:52,23947.0,2026-09-08,24050.0,CE,60.35,60.35,60.5,2326777,170447,50568,9.52
2026-09-04 13:49:52,23947.0,2026-09-08,24050.0,PE,127.1,127.15,127.35,1052454,50401,33273,8.36
2026-09-04 13:49:52,23947.0,2026-09-08,24100.0,CE,43.0,43.0,43.05,2782289,248990,62253,9.42
2026-09-04 13:49:52,23947.0,2026-09-08,24100.0,PE,159.85,160.0,160.1,945693,65979,14826,8.06
2026-09-04 13:49:52,23947.0,2026-09-08,24150.0,CE,29.85,29.85,29.95,1431580,128279,48182,9.37
2026-09-04 13:49:52,23947.0,2026-09-08,24150.0,PE,196.65,196.2,196.75,212687,18434,7499,7.85
2026-09-04 13:49:52,23947.0,2026-09-08,24200.0,CE,20.55,20.55,20.6,2035068,242255,60915,9.43
2026-09-04 13:49:52,23947.0,2026-09-08,24200.0,PE,237.5,236.6,237.25,271271,42663,2349,7.39
2026-09-04 13:49:52,23947.0,2026-09-08,24250.0,CE,13.9,13.85,13.9,955771,98155,30267,9.47
2026-09-04 13:49:52,23947.0,2026-09-08,24250.0,PE,280.25,280.35,281.15,40221,8744,2132,6.93
2026-09-04 13:49:52,23947.0,2026-09-08,24300.0,CE,9.3,9.3,9.35,1255117,194616,37504,9.58
2026-09-04 13:49:52,23947.0,2026-09-08,24300.0,PE,324.9,325.6,326.5,59950,20705,3119,5.52
2026-09-04 13:49:52,23947.0,2026-09-08,24350.0,CE,6.65,6.65,6.7,592037,88028,21571,9.84
2026-09-04 13:49:52,23947.0,2026-09-08,24350.0,PE,373.6,372.65,373.8,8151,2908,-3,
2026-09-04 13:49:52,23947.0,2026-09-08,24400.0,CE,4.9,4.85,4.9,718428,165092,43377,10.17
2026-09-04 13:49:52,23947.0,2026-09-08,24400.0,PE,421.65,420.85,422.25,9533,8192,-209,
2026-09-04 13:49:52,23947.0,2026-09-08,24450.0,CE,3.85,3.8,3.85,285575,63715,11438,10.61
2026-09-04 13:49:52,23947.0,2026-09-08,24450.0,PE,466.95,469.7,471.2,1693,1257,-27,
2026-09-04 13:50:53,23948.25,2026-09-08,23450.0,CE,540.85,534.4,536.1,1310,709,47,15.97
2026-09-04 13:50:53,23948.25,2026-09-08,23450.0,PE,4.35,4.3,4.35,298332,47913,16851,11.74
2026-09-04 13:50:53,23948.25,2026-09-08,23500.0,CE,487.05,485.0,486.7,19864,4627,-363,15.07
2026-09-04 13:50:53,23948.25,2026-09-08,23500.0,PE,5.25,5.25,5.3,773709,175903,13673,11.18
2026-09-04 13:50:53,23948.25,2026-09-08,23550.0,CE,441.15,436.75,438.3,3331,1077,145,14.14
2026-09-04 13:50:53,23948.25,2026-09-08,23550.0,PE,6.65,6.65,6.7,453438,52011,19126,10.74
2026-09-04 13:50:53,23948.25,2026-09-08,23600.0,CE,390.55,389.4,390.25,20985,4420,227,13.51
2026-09-04 13:50:53,23948.25,2026-09-08,23600.0,PE,8.75,8.7,8.75,952584,152879,26019,10.36
2026-09-04 13:50:53,23948.25,2026-09-08,23650.0,CE,342.9,342.1,342.95,14011,2525,559,12.65
2026-09-04 13:50:53,23948.25,2026-09-08,23650.0,PE,12.05,12.0,12.05,765871,61627,19811,10.06
2026-09-04 13:50:53,23948.25,2026-09-08,23700.0,CE,297.7,296.55,297.4,92765,9251,-167,11.93
2026-09-04 13:50:53,23948.25,2026-09-08,23700.0,PE,16.4,16.45,16.5,1394952,152256,60003,9.75
2026-09-04 13:50:53,23948.25,2026-09-08,23750.0,CE,253.3,253.0,253.45,102820,9598,3058,11.41
2026-09-04 13:50:53,23948.25,2026-09-08,23750.0,PE,22.8,22.8,22.85,1200301,95946,54531,9.53
2026-09-04 13:50:53,23948.25,2026-09-08,23800.0,CE,212.05,211.6,212.05,658403,48302,5072,10.91
2026-09-04 13:50:53,23948.25,2026-09-08,23800.0,PE,31.65,31.65,31.7,2431146,247043,136948,9.3
2026-09-04 13:50:53,23948.25,2026-09-08,23850.0,CE,173.3,173.35,173.75,656249,33682,6026,10.56
2026-09-04 13:50:53,23948.25,2026-09-08,23850.0,PE,42.95,42.8,42.95,2026543,146845,90023,9.04
2026-09-04 13:50:53,23948.25,2026-09-08,23900.0,CE,139.1,139.05,139.1,2845831,143034,23449,10.18
2026-09-04 13:50:53,23948.25,2026-09-08,23900.0,PE,57.85,57.75,57.9,5008881,365460,258728,8.85
2026-09-04 13:50:53,23948.25,2026-09-08,23950.0,CE,107.5,107.25,107.5,3384156,195267,104312,9.89
2026-09-04 13:50:53,23948.25,2026-09-08,23950.0,PE,76.8,76.6,76.8,4361445,238973,196664,8.58
2026-09-04 13:50:53,23948.25,2026-09-08,24000.0,CE,81.05,81.05,81.15,5438397,394274,111301,9.68
2026-09-04 13:50:53,23948.25,2026-09-08,24000.0,PE,100.7,100.65,100.9,4053421,207352,93628,8.37
2026-09-04 13:50:53,23948.25,2026-09-08,24050.0,CE,59.4,59.4,59.55,2329884,170447,50568,9.54
2026-09-04 13:50:53,23948.25,2026-09-08,24050.0,PE,128.85,128.75,128.9,1054145,50401,33273,8.17
2026-09-04 13:50:53,23948.25,2026-09-08,24100.0,CE,42.4,42.3,42.4,2785978,248990,62253,9.43
2026-09-04 13:50:53,23948.25,2026-09-08,24100.0,PE,161.45,161.4,161.8,946972,65979,14826,7.83
2026-09-04 13:50:53,23948.25,2026-09-08,24150.0,CE,29.3,29.2,29.3,1433691,128279,48182,9.36
2026-09-04 13:50:53,23948.25,2026-09-08,24150.0,PE,199.0,198.55,199.0,213038,18434,7499,7.53
2026-09-04 13:50:53,23948.25,2026-09-08,24200.0,CE,20.2,20.15,20.2,2037777,242255,60915,9.39
2026-09-04 13:50:53,23948.25,2026-09-08,24200.0,PE,239.0,238.9,239.5,271859,42663,2349,6.97
2026-09-04 13:50:53,23948.25,2026-09-08,24250.0,CE,13.6,13.6,13.65,956991,98155,30267,9.44
2026-09-04 13:50:53,23948.25,2026-09-08,24250.0,PE,282.55,281.75,282.5,41016,8744,2132,4.77
2026-09-04 13:50:53,23948.25,2026-09-08,24300.0,CE,9.1,9.1,9.15,1256308,194616,37504,9.54
2026-09-04 13:50:53,23948.25,2026-09-08,24300.0,PE,325.75,327.3,328.3,60080,20705,3119,
2026-09-04 13:50:53,23948.25,2026-09-08,24350.0,CE,6.5,6.5,6.55,592500,88028,21571,9.81
2026-09-04 13:50:53,23948.25,2026-09-08,24350.0,PE,374.6,375.0,376.15,8160,2908,-3,
2026-09-04 13:50:53,23948.25,2026-09-08,24400.0,CE,4.75,4.75,4.8,719357,165092,43377,10.15
2026-09-04 13:50:53,23948.25,2026-09-08,24400.0,PE,421.65,423.3,424.65,9533,8192,-209,
2026-09-04 13:50:53,23948.25,2026-09-08,24450.0,CE,3.75,3.75,3.8,285759,63715,11438,10.61
2026-09-04 13:50:53,23948.25,2026-09-08,24450.0,PE,466.95,472.0,473.65,1693,1257,-27,
2026-09-04 13:51:53,23942.75,2026-09-08,23450.0,CE,539.0,536.2,537.7,1311,706,44,15.18
2026-09-04 13:51:53,23942.75,2026-09-08,23450.0,PE,4.3,4.3,4.35,298705,47884,16822,11.89
2026-09-04 13:51:53,23942.75,2026-09-08,23500.0,CE,489.7,486.65,488.0,19867,4642,-348,13.01
2026-09-04 13:51:53,23942.75,2026-09-08,23500.0,PE,5.25,5.25,5.3,775183,175679,13449,11.38
2026-09-04 13:51:53,23942.75,2026-09-08,23550.0,CE,441.1,438.25,439.95,3333,1075,143,13.0
2026-09-04 13:51:53,23942.75,2026-09-08,23550.0,PE,6.65,6.65,6.7,454230,51895,19010,10.92
2026-09-04 13:51:53,23942.75,2026-09-08,23600.0,CE,391.95,390.8,392.05,21018,4418,225,11.77
2026-09-04 13:51:53,23942.75,2026-09-08,23600.0,PE,8.7,8.65,8.7,955114,153432,26572,10.5
2026-09-04 13:51:53,23942.75,2026-09-08,23650.0,CE,345.1,344.1,345.0,14044,2524,558,11.44
2026-09-04 13:51:53,23942.75,2026-09-08,23650.0,PE,11.85,11.85,11.95,768045,61893,20077,10.22
2026-09-04 13:51:53,23942.75,2026-09-08,23700.0,CE,298.6,298.4,299.15,92909,9235,-183,10.82
2026-09-04 13:51:53,23942.75,2026-09-08,23700.0,PE,16.3,16.25,16.3,1399430,152502,60249,9.94
2026-09-04 13:51:53,23942.75,2026-09-08,23750.0,CE,255.5,254.7,255.3,102942,9562,3022,10.48
2026-09-04 13:51:53,23942.75,2026-09-08,23750.0,PE,22.6,22.5,22.6,1203379,95748,54333,9.7
2026-09-04 13:51:53,23942.75,2026-09-08,23800.0,CE,213.5,213.6,214.05,659547,47758,4528,10.19
2026-09-04 13:51:53,23942.75,2026-09-08,23800.0,PE,31.35,31.25,31.35,2438635,247291,137196,9.53
2026-09-04 13:51:53,23942.75,2026-09-08,23850.0,CE,175.0,175.0,175.15,657347,33608,5952,9.93
2026-09-04 13:51:53,23942.75,2026-09-08,23850.0,PE,42.5,42.5,42.6,2032618,147381,90559,9.29
2026-09-04 13:51:53,23942.75,2026-09-08,23900.0,CE,140.2,140.2,140.25,2851717,142644,23059,9.67
2026-09-04 13:51:53,23942.75,2026-09-08,23900.0,PE,57.6,57.45,57.6,5023697,367600,260868,9.12
2026-09-04 13:51:53,23942.75,2026-09-08,23950.0,CE,108.85,108.6,108.85,3392526,194037,103082,9.43
2026-09-04 13:51:53,23942.75,2026-09-08,23950.0,PE,75.95,75.95,76.1,4376365,241937,199628,8.95
2026-09-04 13:51:53,23942.75,2026-09-08,24000.0,CE,82.0,82.0,82.05,5452411,392535,109562,9.3
2026-09-04 13:51:53,23942.75,2026-09-08,24000.0,PE,99.15,99.35,99.5,4063130,209951,96227,8.79
2026-09-04 13:51:53,23942.75,2026-09-08,24050.0,CE,60.05,60.05,60.15,2335339,169437,49558,9.17
2026-09-04 13:51:53,23942.75,2026-09-08,24050.0,PE,127.4,127.2,127.45,1056619,50478,33350,8.63
2026-09-04 13:51:53,23942.75,2026-09-08,24100.0,CE,42.8,42.7,42.8,2791560,247159,60422,9.1
2026-09-04 13:51:53,23942.75,2026-09-08,24100.0,PE,160.25,159.9,160.25,949009,66495,15342,8.55
2026-09-04 13:51:53,23942.75,2026-09-08,24150.0,CE,29.55,29.5,29.55,1436904,128308,48211,9.06
2026-09-04 13:51:53,23942.75,2026-09-08,24150.0,PE,196.85,196.6,197.1,213550,18274,7339,8.47
2026-09-04 13:51:53,23942.75,2026-09-08,24200.0,CE,20.2,20.15,20.2,2043884,239330,57990,9.12
2026-09-04 13:51:53,23942.75,2026-09-08,24200.0,PE,237.0,237.15,237.8,272406,42987,2673,8.3
2026-09-04 13:51:53,23942.75,2026-09-08,24250.0,CE,13.55,13.55,13.6,959780,98321,30433,9.18
2026-09-04 13:51:53,23942.75,2026-09-08,24250.0,PE,280.75,280.45,281.25,42187,7850,1238,8.21
2026-09-04 13:51:53,23942.75,2026-09-08,24300.0,CE,9.05,9.05,9.1,1259467,195025,37913,9.29
2026-09-04 13:51:53,23942.75,2026-09-08,24300.0,PE,326.35,325.4,326.35,60264,20722,3136,7.73
2026-09-04 13:51:53,23942.75,2026-09-08,24350.0,CE,6.45,6.45,6.5,593925,87987,21530,9.56
2026-09-04 13:51:53,23942.75,2026-09-08,24350.0,PE,371.95,372.5,373.6,8165,2906,-5,7.93
2026-09-04 13:51:53,23942.75,2026-09-08,24400.0,CE,4.7,4.7,4.75,720677,165590,43875,9.9
2026-09-04 13:51:53,23942.75,2026-09-08,24400.0,PE,419.95,421.05,422.3,9538,8190,-211,
2026-09-04 13:51:53,23942.75,2026-09-08,24450.0,CE,3.7,3.7,3.75,286117,63910,11633,10.36
2026-09-04 13:51:53,23942.75,2026-09-08,24450.0,PE,468.75,469.85,471.7,1696,1259,-25,
2026-09-04 13:52:54,23938.35,2026-09-08,23450.0,CE,533.75,531.85,533.5,1312,706,44,15.18
2026-09-04 13:52:54,23938.35,2026-09-08,23450.0,PE,4.4,4.35,4.4,298967,47884,16822,11.89
2026-09-04 13:52:54,23938.35,2026-09-08,23500.0,CE,482.5,482.3,483.75,19876,4642,-348,13.01
2026-09-04 13:52:54,23938.35,2026-09-08,23500.0,PE,5.35,5.35,5.4,775554,175679,13449,11.38
2026-09-04 13:52:54,23938.35,2026-09-08,23550.0,CE,435.6,434.25,435.85,3334,1075,143,13.0
2026-09-04 13:52:54,23938.35,2026-09-08,23550.0,PE,6.85,6.8,6.85,454770,51895,19010,10.92
2026-09-04 13:52:54,23938.35,2026-09-08,23600.0,CE,386.4,386.5,387.65,21067,4418,225,11.77
2026-09-04 13:52:54,23938.35,2026-09-08,23600.0,PE,8.95,8.95,9.0,956183,153432,26572,10.5
2026-09-04 13:52:54,23938.35,2026-09-08,23650.0,CE,341.35,340.0,340.9,14050,2524,558,11.44
2026-09-04 13:52:54,23938.35,2026-09-08,23650.0,PE,12.3,12.25,12.3,768610,61893,20077,10.22
2026-09-04 13:52:54,23938.35,2026-09-08,23700.0,CE,295.45,294.6,295.25,93034,9235,-183,10.82
2026-09-04 13:52:54,23938.35,2026-09-08,23700.0,PE,16.85,16.8,16.85,1400846,152502,60249,9.94
2026-09-04 13:52:54,23938.35,2026-09-08,23750.0,CE,251.4,250.65,251.35,102989,9562,3022,10.48
2026-09-04 13:52:54,23938.35,2026-09-08,23750.0,PE,23.35,23.3,23.35,1205138,95748,54333,9.7
2026-09-04 13:52:54,23938.35,2026-09-08,23800.0,CE,210.1,210.1,210.7,660197,47758,4528,10.19
2026-09-04 13:52:54,23938.35,2026-09-08,23800.0,PE,32.3,32.2,32.3,2441164,247291,137196,9.53
2026-09-04 13:52:54,23938.35,2026-09-08,23850.0,CE,172.2,172.2,172.35,657952,33608,5952,9.93
2026-09-04 13:52:54,23938.35,2026-09-08,23850.0,PE,43.8,43.65,43.8,2035205,147381,90559,9.29
2026-09-04 13:52:54,23938.35,2026-09-08,23900.0,CE,137.3,137.0,137.3,2855221,142644,23059,9.67
2026-09-04 13:52:54,23938.35,2026-09-08,23900.0,PE,59.15,59.0,59.15,5030265,367600,260868,9.12
2026-09-04 13:52:54,23938.35,2026-09-08,23950.0,CE,106.0,106.0,106.2,3396994,194037,103082,9.43
2026-09-04 13:52:54,23938.35,2026-09-08,23950.0,PE,78.05,78.05,78.25,4382629,241937,199628,8.95
2026-09-04 13:52:54,23938.35,2026-09-08,24000.0,CE,80.0,80.05,80.1,5458972,392535,109562,9.3
2026-09-04 13:52:54,23938.35,2026-09-08,24000.0,PE,101.75,101.8,101.95,4067293,209951,96227,8.79
2026-09-04 13:52:54,23938.35,2026-09-08,24050.0,CE,58.3,58.3,58.45,2339163,169437,49558,9.17
2026-09-04 13:52:54,23938.35,2026-09-08,24050.0,PE,130.4,130.25,130.4,1057697,50478,33350,8.63
2026-09-04 13:52:54,23938.35,2026-09-08,24100.0,CE,41.5,41.5,41.6,2794707,247159,60422,9.1
2026-09-04 13:52:54,23938.35,2026-09-08,24100.0,PE,163.55,163.6,163.85,950083,66495,15342,8.55
2026-09-04 13:52:54,23938.35,2026-09-08,24150.0,CE,28.7,28.65,28.7,1438895,128308,48211,9.06
2026-09-04 13:52:54,23938.35,2026-09-08,24150.0,PE,200.7,200.2,200.75,213747,18274,7339,8.47
2026-09-04 13:52:54,23938.35,2026-09-08,24200.0,CE,19.6,19.65,19.7,2046671,239330,57990,9.12
2026-09-04 13:52:54,23938.35,2026-09-08,24200.0,PE,241.0,240.95,241.3,272756,42987,2673,8.3
2026-09-04 13:52:54,23938.35,2026-09-08,24250.0,CE,13.2,13.2,13.25,960786,98321,30433,9.18
2026-09-04 13:52:54,23938.35,2026-09-08,24250.0,PE,284.3,284.55,285.25,42207,7850,1238,8.21
2026-09-04 13:52:54,23938.35,2026-09-08,24300.0,CE,8.85,8.85,8.9,1260613,195025,37913,9.29
2026-09-04 13:52:54,23938.35,2026-09-08,24300.0,PE,330.0,330.0,330.85,60287,20722,3136,7.73
2026-09-04 13:52:54,23938.35,2026-09-08,24350.0,CE,6.3,6.3,6.35,594264,87987,21530,9.56
2026-09-04 13:52:54,23938.35,2026-09-08,24350.0,PE,377.2,377.0,378.1,8169,2906,-5,7.93
2026-09-04 13:52:54,23938.35,2026-09-08,24400.0,CE,4.65,4.65,4.7,720966,165590,43875,9.9
2026-09-04 13:52:54,23938.35,2026-09-08,24400.0,PE,425.4,425.75,427.3,9541,8190,-211,
2026-09-04 13:52:54,23938.35,2026-09-08,24450.0,CE,3.65,3.65,3.7,286448,63910,11633,10.36
2026-09-04 13:52:54,23938.35,2026-09-08,24450.0,PE,468.75,474.45,476.4,1696,1259,-25,
2026-09-04 13:53:54,23940.5,2026-09-08,23450.0,CE,530.1,528.05,530.1,1317,705,43,15.97
2026-09-04 13:53:54,23940.5,2026-09-08,23450.0,PE,4.5,4.45,4.5,299783,48013,16951,11.74
2026-09-04 13:53:54,23940.5,2026-09-08,23500.0,CE,480.65,478.95,480.3,19910,4635,-355,15.07
2026-09-04 13:53:54,23940.5,2026-09-08,23500.0,PE,5.5,5.45,5.5,778018,175359,13129,11.18
2026-09-04 13:53:54,23940.5,2026-09-08,23550.0,CE,432.65,430.5,431.9,3344,1074,142,14.14
2026-09-04 13:53:54,23940.5,2026-09-08,23550.0,PE,7.05,7.0,7.05,455887,51865,18980,10.74
2026-09-04 13:53:54,23940.5,2026-09-08,23600.0,CE,384.6,382.9,384.05,21100,4428,235,13.51
2026-09-04 13:53:54,23940.5,2026-09-08,23600.0,PE,9.2,9.2,9.25,959285,154017,27157,10.36
2026-09-04 13:53:54,23940.5,2026-09-08,23650.0,CE,337.7,336.55,337.4,14080,2513,547,12.65
2026-09-04 13:53:54,23940.5,2026-09-08,23650.0,PE,12.7,12.65,12.7,771245,61396,19580,10.06
2026-09-04 13:53:54,23940.5,2026-09-08,23700.0,CE,292.0,291.8,292.55,93389,9280,-138,11.93
2026-09-04 13:53:54,23940.5,2026-09-08,23700.0,PE,17.3,17.3,17.35,1406925,151716,59463,9.75
2026-09-04 13:53:54,23940.5,2026-09-08,23750.0,CE,248.7,248.3,248.95,103311,9518,2978,11.41
2026-09-04 13:53:54,23940.5,2026-09-08,23750.0,PE,23.95,23.9,24.0,1210408,95531,54116,9.53
2026-09-04 13:53:54,23940.5,2026-09-08,23800.0,CE,208.2,207.8,208.2,662761,47630,4400,10.91
2026-09-04 13:53:54,23940.5,2026-09-08,23800.0,PE,33.25,33.2,33.3,2454841,247899,137804,9.3
2026-09-04 13:53:54,23940.5,2026-09-08,23850.0,CE,169.75,169.5,169.7,660462,33167,5511,10.56
2026-09-04 13:53:54,23940.5,2026-09-08,23850.0,PE,45.1,44.95,45.1,2047215,147094,90272,9.04
2026-09-04 13:53:54,23940.5,2026-09-08,23900.0,CE,135.3,135.0,135.2,2867429,141656,22071,10.18
2026-09-04 13:53:54,23940.5,2026-09-08,23900.0,PE,60.8,60.7,60.8,5060561,368900,262168,8.85
2026-09-04 13:53:54,23940.5,2026-09-08,23950.0,CE,104.55,104.45,104.55,3414399,191141,100186,9.89
2026-09-04 13:53:54,23940.5,2026-09-08,23950.0,PE,80.0,79.95,80.0,4412836,244504,202195,8.58
2026-09-04 13:53:54,23940.5,2026-09-08,24000.0,CE,78.6,78.6,78.65,5485007,388572,105599,9.68
2026-09-04 13:53:54,23940.5,2026-09-08,24000.0,PE,104.25,104.25,104.35,4087067,211063,97339,8.37
2026-09-04 13:53:54,23940.5,2026-09-08,24050.0,CE,57.4,57.4,57.6,2351705,167538,47659,9.54
2026-09-04 13:53:54,23940.5,2026-09-08,24050.0,PE,132.75,132.4,132.7,1062219,50534,33406,8.17
2026-09-04 13:53:54,23940.5,2026-09-08,24100.0,CE,40.8,40.8,40.9,2807682,245306,58569,9.43
2026-09-04 13:53:54,23940.5,2026-09-08,24100.0,PE,165.85,165.8,166.15,954523,66285,15132,7.83
2026-09-04 13:53:54,23940.5,2026-09-08,24150.0,CE,28.25,28.2,28.25,1447280,128343,48246,9.36
2026-09-04 13:53:54,23940.5,2026-09-08,24150.0,PE,203.05,203.35,203.65,214938,18120,7185,7.53
2026-09-04 13:53:54,23940.5,2026-09-08,24200.0,CE,19.35,19.3,19.35,2055181,238094,56754,9.39
2026-09-04 13:53:54,23940.5,2026-09-08,24200.0,PE,244.35,244.25,244.8,274071,42921,2607,6.97
2026-09-04 13:53:54,23940.5,2026-09-08,24250.0,CE,13.1,13.05,13.1,964859,98327,30439,9.44
2026-09-04 13:53:54,23940.5,2026-09-08,24250.0,PE,287.45,288.1,288.55,42401,7774,1162,4.77
2026-09-04 13:53:54,23940.5,2026-09-08,24300.0,CE,8.75,8.75,8.8,1266196,195334,38222,9.54
2026-09-04 13:53:54,23940.5,2026-09-08,24300.0,PE,333.05,333.35,334.3,60547,20706,3120,
2026-09-04 13:53:54,23940.5,2026-09-08,24350.0,CE,6.35,6.3,6.35,595865,87388,20931,9.81
2026-09-04 13:53:54,23940.5,2026-09-08,24350.0,PE,380.4,380.95,382.2,8196,2904,-7,
2026-09-04 13:53:54,23940.5,2026-09-08,24400.0,CE,4.65,4.65,4.7,722114,165388,43673,10.15
2026-09-04 13:53:54,23940.5,2026-09-08,24400.0,PE,430.85,428.85,430.2,9566,8185,-216,
2026-09-04 13:53:54,23940.5,2026-09-08,24450.0,CE,3.65,3.65,3.7,286596,63770,11493,10.61
2026-09-04 13:53:54,23940.5,2026-09-08,24450.0,PE,477.55,477.6,479.25,1699,1256,-28,
2026-09-04 13:54:54,23941.35,2026-09-08,23450.0,CE,530.7,530.35,532.2,1318,707,45,15.18
2026-09-04 13:54:54,23941.35,2026-09-08,23450.0,PE,4.4,4.4,4.45,300141,48072,17010,11.89
2026-09-04 13:54:54,23941.35,2026-09-08,23500.0,CE,481.1,481.2,482.0,19930,4639,-351,13.01
2026-09-04 13:54:54,23941.35,2026-09-08,23500.0,PE,5.45,5.4,5.45,778813,175386,13156,11.38
2026-09-04 13:54:54,23941.35,2026-09-08,23550.0,CE,433.4,432.8,434.15,3346,1077,145,13.0
2026-09-04 13:54:54,23941.35,2026-09-08,23550.0,PE,6.95,6.9,6.95,456628,51840,18955,10.92
2026-09-04 13:54:54,23941.35,2026-09-08,23600.0,CE,384.35,385.25,386.45,21120,4410,217,11.77
2026-09-04 13:54:54,23941.35,2026-09-08,23600.0,PE,9.05,9.0,9.1,960879,154194,27334,10.5
2026-09-04 13:54:54,23941.35,2026-09-08,23650.0,CE,338.7,338.75,339.6,14086,2513,547,11.44
2026-09-04 13:54:54,23941.35,2026-09-08,23650.0,PE,12.4,12.4,12.45,772744,61388,19572,10.22
2026-09-04 13:54:54,23941.35,2026-09-08,23700.0,CE,294.25,293.5,294.25,93454,9280,-138,10.82
2026-09-04 13:54:54,23941.35,2026-09-08,23700.0,PE,17.1,17.0,17.05,1409324,151877,59624,9.94
2026-09-04 13:54:54,23941.35,2026-09-08,23750.0,CE,250.45,250.0,250.6,103387,9518,2978,10.48
2026-09-04 13:54:54,23941.35,2026-09-08,23750.0,PE,23.45,23.5,23.55,1212376,95531,54116,9.7
2026-09-04 13:54:54,23941.35,2026-09-08,23800.0,CE,209.15,209.1,209.65,663342,47757,4527,10.19
2026-09-04 13:54:54,23941.35,2026-09-08,23800.0,PE,32.55,32.45,32.55,2460820,248959,138864,9.53
2026-09-04 13:54:54,23941.35,2026-09-08,23850.0,CE,171.0,171.0,171.35,661222,33584,5928,9.93
2026-09-04 13:54:54,23941.35,2026-09-08,23850.0,PE,44.05,44.1,44.2,2050812,148444,91622,9.29
2026-09-04 13:54:54,23941.35,2026-09-08,23900.0,CE,136.65,136.45,136.65,2870572,142487,22902,9.67
2026-09-04 13:54:54,23941.35,2026-09-08,23900.0,PE,59.4,59.35,59.55,5069389,369776,263044,9.12
2026-09-04 13:54:54,23941.35,2026-09-08,23950.0,CE,105.6,105.4,105.5,3419328,191874,100919,9.43
2026-09-04 13:54:54,23941.35,2026-09-08,23950.0,PE,78.55,78.55,78.75,4419865,244840,202531,8.95
2026-09-04 13:54:54,23941.35,2026-09-08,24000.0,CE,79.45,79.35,79.5,5492527,389530,106557,9.3
2026-09-04 13:54:54,23941.35,2026-09-08,24000.0,PE,102.8,102.65,102.8,4092645,211161,97437,8.79
2026-09-04 13:54:54,23941.35,2026-09-08,24050.0,CE,58.1,58.05,58.1,2354253,167575,47696,9.17
2026-09-04 13:54:54,23941.35,2026-09-08,24050.0,PE,131.1,130.9,131.2,1063610,50388,33260,8.63
2026-09-04 13:54:54,23941.35,2026-09-08,24100.0,CE,41.15,41.15,41.25,2810648,245306,58569,9.1
2026-09-04 13:54:54,23941.35,2026-09-08,24100.0,PE,164.15,164.1,164.45,955683,66285,15132,8.55
2026-09-04 13:54:54,23941.35,2026-09-08,24150.0,CE,28.35,28.35,28.45,1449183,127801,47704,9.06
2026-09-04 13:54:54,23941.35,2026-09-08,24150.0,PE,201.75,201.2,201.65,215275,18055,7120,8.47
2026-09-04 13:54:54,23941.35,2026-09-08,24200.0,CE,19.45,19.45,19.5,2058500,237942,56602,9.12
2026-09-04 13:54:54,23941.35,2026-09-08,24200.0,PE,242.7,242.0,242.7,275184,42645,2331,8.3
2026-09-04 13:54:54,23941.35,2026-09-08,24250.0,CE,13.2,13.1,13.2,966186,98084,30196,9.18
2026-09-04 13:54:54,23941.35,2026-09-08,24250.0,PE,286.55,285.6,286.35,42492,7727,1115,8.21
2026-09-04 13:54:54,23941.35,2026-09-08,24300.0,CE,8.85,8.8,8.85,1267813,194563,37451,9.29
2026-09-04 13:54:54,23941.35,2026-09-08,24300.0,PE,331.45,331.05,332.1,60640,20559,2973,7.73
2026-09-04 13:54:54,23941.35,2026-09-08,24350.0,CE,6.3,6.3,6.35,596413,87388,20931,9.56
2026-09-04 13:54:54,23941.35,2026-09-08,24350.0,PE,379.55,378.6,379.75,8207,2898,-13,7.93
2026-09-04 13:54:54,23941.35,2026-09-08,24400.0,CE,4.7,4.65,4.7,722794,165131,43416,9.9
2026-09-04 13:54:54,23941.35,2026-09-08,24400.0,PE,428.7,426.8,428.15,9572,8185,-216,
2026-09-04 13:54:54,23941.35,2026-09-08,24450.0,CE,3.7,3.65,3.7,286698,63795,11518,10.36
2026-09-04 13:54:54,23941.35,2026-09-08,24450.0,PE,479.1,475.35,477.25,1703,1253,-31,
2026-09-04 13:55:55,23941.8,2026-09-08,23450.0,CE,524.8,526.3,527.9,1321,708,46,15.18
2026-09-04 13:55:55,23941.8,2026-09-08,23450.0,PE,4.5,4.5,4.55,300830,48040,16978,11.89
2026-09-04 13:55:55,23941.8,2026-09-08,23500.0,CE,476.9,476.85,478.4,19938,4647,-343,13.01
2026-09-04 13:55:55,23941.8,2026-09-08,23500.0,PE,5.6,5.55,5.6,780162,175408,13178,11.38
2026-09-04 13:55:55,23941.8,2026-09-08,23550.0,CE,428.95,428.5,429.9,3361,1078,146,13.0
2026-09-04 13:55:55,23941.8,2026-09-08,23550.0,PE,7.15,7.15,7.2,458879,51546,18661,10.92
2026-09-04 13:55:55,23941.8,2026-09-08,23600.0,CE,382.0,381.55,382.1,21174,4443,250,11.77
2026-09-04 13:55:55,23941.8,2026-09-08,23600.0,PE,9.35,9.35,9.4,964445,153975,27115,10.5
2026-09-04 13:55:55,23941.8,2026-09-08,23650.0,CE,336.05,334.75,335.55,14149,2516,550,11.44
2026-09-04 13:55:55,23941.8,2026-09-08,23650.0,PE,12.8,12.75,12.8,775952,61995,20179,10.22
2026-09-04 13:55:55,23941.8,2026-09-08,23700.0,CE,290.35,289.85,290.3,93801,9362,-56,10.82
2026-09-04 13:55:55,23941.8,2026-09-08,23700.0,PE,17.55,17.55,17.6,1414803,151912,59659,9.94
2026-09-04 13:55:55,23941.8,2026-09-08,23750.0,CE,246.15,246.3,246.95,103618,9560,3020,10.48
2026-09-04 13:55:55,23941.8,2026-09-08,23750.0,PE,24.2,24.25,24.35,1216414,96075,54660,9.7
2026-09-04 13:55:55,23941.8,2026-09-08,23800.0,CE,206.35,206.0,206.4,665361,47838,4608,10.19
2026-09-04 13:55:55,23941.8,2026-09-08,23800.0,PE,33.5,33.5,33.6,2469222,247601,137506,9.53
2026-09-04 13:55:55,23941.8,2026-09-08,23850.0,CE,167.55,167.6,167.95,666227,32708,5052,9.93
2026-09-04 13:55:55,23941.8,2026-09-08,23850.0,PE,45.35,45.35,45.5,2057745,147991,91169,9.29
2026-09-04 13:55:55,23941.8,2026-09-08,23900.0,CE,134.0,133.7,134.0,2878195,143342,23757,9.67
2026-09-04 13:55:55,23941.8,2026-09-08,23900.0,PE,61.2,61.0,61.2,5085275,369444,262712,9.12
2026-09-04 13:55:55,23941.8,2026-09-08,23950.0,CE,103.4,103.15,103.35,3430201,192108,101153,9.43
2026-09-04 13:55:55,23941.8,2026-09-08,23950.0,PE,80.85,80.65,80.8,4434799,243646,201337,8.95
2026-09-04 13:55:55,23941.8,2026-09-08,24000.0,CE,77.85,77.7,77.8,5511403,392733,109760,9.3
2026-09-04 13:55:55,23941.8,2026-09-08,24000.0,PE,104.95,104.85,104.95,4104336,209310,95586,8.79
2026-09-04 13:55:55,23941.8,2026-09-08,24050.0,CE,56.55,56.55,56.6,2362849,169211,49332,9.17
2026-09-04 13:55:55,23941.8,2026-09-08,24050.0,PE,134.35,134.05,134.3,1066854,50365,33237,8.63
2026-09-04 13:55:55,23941.8,2026-09-08,24100.0,CE,40.15,40.0,40.15,2822319,246401,59664,9.1
2026-09-04 13:55:55,23941.8,2026-09-08,24100.0,PE,167.3,167.3,167.55,958010,66108,14955,8.55
2026-09-04 13:55:55,23941.8,2026-09-08,24150.0,CE,27.55,27.6,27.65,1454464,127097,47000,9.06
2026-09-04 13:55:55,23941.8,2026-09-08,24150.0,PE,204.75,204.8,204.9,215827,17998,7063,8.47
2026-09-04 13:55:55,23941.8,2026-09-08,24200.0,CE,18.9,18.85,18.9,2068531,235737,54397,9.12
2026-09-04 13:55:55,23941.8,2026-09-08,24200.0,PE,246.85,246.1,246.75,277415,41985,1671,8.3
2026-09-04 13:55:55,23941.8,2026-09-08,24250.0,CE,12.8,12.75,12.8,971181,97803,29915,9.18
2026-09-04 13:55:55,23941.8,2026-09-08,24250.0,PE,289.75,290.1,290.65,42617,7759,1147,8.21
2026-09-04 13:55:55,23941.8,2026-09-08,24300.0,CE,8.55,8.55,8.6,1272978,194687,37575,9.29
2026-09-04 13:55:55,23941.8,2026-09-08,24300.0,PE,336.05,335.35,336.2,60872,20360,2774,7.73
2026-09-04 13:55:55,23941.8,2026-09-08,24350.0,CE,6.15,6.15,6.2,598657,87446,20989,9.56
2026-09-04 13:55:55,23941.8,2026-09-08,24350.0,PE,384.85,382.65,383.85,8209,2899,-12,7.93
2026-09-04 13:55:55,23941.8,2026-09-08,24400.0,CE,4.55,4.55,4.6,724610,165455,43740,9.9
2026-09-04 13:55:55,23941.8,2026-09-08,24400.0,PE,431.5,431.3,432.6,9596,8175,-226,
2026-09-04 13:55:55,23941.8,2026-09-08,24450.0,CE,3.6,3.6,3.65,287216,63836,11559,10.36
2026-09-04 13:55:55,23941.8,2026-09-08,24450.0,PE,481.75,479.7,481.45,1705,1251,-33,
2026-09-04 13:56:55,23942.55,2026-09-08,23450.0,CE,527.8,527.55,529.15,1326,711,49,15.97
2026-09-04 13:56:55,23942.55,2026-09-08,23450.0,PE,4.55,4.5,4.55,302571,48071,17009,11.74
2026-09-04 13:56:55,23942.55,2026-09-08,23500.0,CE,478.45,478.4,479.85,19961,4649,-341,15.07
2026-09-04 13:56:55,23942.55,2026-09-08,23500.0,PE,5.55,5.5,5.55,781639,175248,13018,11.18
2026-09-04 13:56:55,23942.55,2026-09-08,23550.0,CE,430.2,430.25,431.25,3368,1078,146,14.14
2026-09-04 13:56:55,23942.55,2026-09-08,23550.0,PE,7.1,7.05,7.1,460606,51330,18445,10.74
2026-09-04 13:56:55,23942.55,2026-09-08,23600.0,CE,382.5,382.6,383.7,21217,4463,270,13.51
2026-09-04 13:56:55,23942.55,2026-09-08,23600.0,PE,9.25,9.25,9.3,970026,153097,26237,10.36
2026-09-04 13:56:55,23942.55,2026-09-08,23650.0,CE,336.0,335.85,336.7,14182,2527,561,12.65
2026-09-04 13:56:55,23942.55,2026-09-08,23650.0,PE,12.65,12.65,12.7,779121,61497,19681,10.06
2026-09-04 13:56:55,23942.55,2026-09-08,23700.0,CE,291.75,291.0,291.75,93977,9392,-26,11.93
2026-09-04 13:56:55,23942.55,2026-09-08,23700.0,PE,17.3,17.3,17.35,1422263,151071,58818,9.75
2026-09-04 13:56:55,23942.55,2026-09-08,23750.0,CE,247.6,247.55,248.0,104156,9474,2934,11.41
2026-09-04 13:56:55,23942.55,2026-09-08,23750.0,PE,23.9,23.9,24.0,1220746,96095,54680,9.53
2026-09-04 13:56:55,23942.55,2026-09-08,23800.0,CE,207.3,207.0,207.3,667230,47984,4754,10.91
2026-09-04 13:56:55,23942.55,2026-09-08,23800.0,PE,33.05,33.1,33.2,2480654,245906,135811,9.3
2026-09-04 13:56:55,23942.55,2026-09-08,23850.0,CE,169.0,168.75,169.0,668049,32617,4961,10.56
2026-09-04 13:56:55,23942.55,2026-09-08,23850.0,PE,44.9,44.9,45.0,2067709,147924,91102,9.04
2026-09-04 13:56:55,23942.55,2026-09-08,23900.0,CE,134.9,134.5,134.8,2888889,143470,23885,10.18
2026-09-04 13:56:55,23942.55,2026-09-08,23900.0,PE,60.65,60.55,60.7,5112036,367900,261168,8.85
2026-09-04 13:56:55,23942.55,2026-09-08,23950.0,CE,104.0,104.0,104.2,3444617,194630,103675,9.89
2026-09-04 13:56:55,23942.55,2026-09-08,23950.0,PE,80.0,80.0,80.2,4455735,241402,199093,8.58
2026-09-04 13:56:55,23942.55,2026-09-08,24000.0,CE,78.45,78.25,78.45,5527169,394856,111883,9.68
2026-09-04 13:56:55,23942.55,2026-09-08,24000.0,PE,104.55,104.3,104.5,4121434,207269,93545,8.37
2026-09-04 13:56:55,23942.55,2026-09-08,24050.0,CE,57.2,57.1,57.2,2371339,169995,50116,9.54
2026-09-04 13:56:55,23942.55,2026-09-08,24050.0,PE,133.6,133.25,133.45,1072149,50708,33580,8.17
2026-09-04 13:56:55,23942.55,2026-09-08,24100.0,CE,40.7,40.6,40.7,2830001,246666,59929,9.43
2026-09-04 13:56:55,23942.55,2026-09-08,24100.0,PE,166.8,166.5,166.9,961840,65519,14366,7.83
2026-09-04 13:56:55,23942.55,2026-09-08,24150.0,CE,28.15,28.05,28.15,1458165,127310,47213,9.36
2026-09-04 13:56:55,23942.55,2026-09-08,24150.0,PE,204.3,203.85,204.2,216846,18083,7148,7.53
2026-09-04 13:56:55,23942.55,2026-09-08,24200.0,CE,19.25,19.25,19.35,2073888,235755,54415,9.39
2026-09-04 13:56:55,23942.55,2026-09-08,24200.0,PE,245.4,245.0,245.3,278905,41878,1564,6.97
2026-09-04 13:56:55,23942.55,2026-09-08,24250.0,CE,13.1,13.05,13.1,974311,97762,29874,9.44
2026-09-04 13:56:55,23942.55,2026-09-08,24250.0,PE,288.25,288.35,289.05,42826,7779,1167,4.77
2026-09-04 13:56:55,23942.55,2026-09-08,24300.0,CE,8.8,8.75,8.8,1275218,194823,37711,9.54
2026-09-04 13:56:55,23942.55,2026-09-08,24300.0,PE,333.6,333.85,334.8,61095,20292,2706,
2026-09-04 13:56:55,23942.55,2026-09-08,24350.0,CE,6.35,6.3,6.35,599450,87348,20891,9.81
2026-09-04 13:56:55,23942.55,2026-09-08,24350.0,PE,382.8,381.45,382.6,8243,2887,-24,
2026-09-04 13:56:55,23942.55,2026-09-08,24400.0,CE,4.65,4.65,4.7,726900,165377,43662,10.15
2026-09-04 13:56:55,23942.55,2026-09-08,24400.0,PE,429.85,430.0,431.2,9641,8159,-242,
2026-09-04 13:56:55,23942.55,2026-09-08,24450.0,CE,3.65,3.65,3.7,287800,63836,11559,10.61
2026-09-04 13:56:55,23942.55,2026-09-08,24450.0,PE,483.85,478.55,480.35,1707,1251,-33,
2026-09-04 13:57:55,23944.45,2026-09-08,23450.0,CE,527.8,528.25,529.65,1326,711,49,15.97
2026-09-04 13:57:55,23944.45,2026-09-08,23450.0,PE,4.5,4.5,4.55,302655,48071,17009,11.74
2026-09-04 13:57:55,23944.45,2026-09-08,23500.0,CE,478.45,479.1,480.55,19961,4649,-341,15.07
2026-09-04 13:57:55,23944.45,2026-09-08,23500.0,PE,5.55,5.5,5.55,781811,175248,13018,11.18
2026-09-04 13:57:55,23944.45,2026-09-08,23550.0,CE,430.2,430.7,431.9,3368,1077,145,14.14
2026-09-04 13:57:55,23944.45,2026-09-08,23550.0,PE,7.1,7.05,7.1,460947,51330,18445,10.74
2026-09-04 13:57:55,23944.45,2026-09-08,23600.0,CE,383.45,383.45,384.0,21234,4463,270,13.51
2026-09-04 13:57:55,23944.45,2026-09-08,23600.0,PE,9.3,9.2,9.25,971068,153097,26237,10.36
2026-09-04 13:57:55,23944.45,2026-09-08,23650.0,CE,337.95,336.9,337.55,14185,2527,561,12.65
2026-09-04 13:57:55,23944.45,2026-09-08,23650.0,PE,12.65,12.6,12.65,779723,61497,19681,10.06
2026-09-04 13:57:55,23944.45,2026-09-08,23700.0,CE,292.5,291.6,292.35,94112,9392,-26,11.93
2026-09-04 13:57:55,23944.45,2026-09-08,23700.0,PE,17.3,17.25,17.3,1423384,151071,58818,9.75
2026-09-04 13:57:55,23944.45,2026-09-08,23750.0,CE,248.0,248.15,248.7,104242,9474,2934,11.41
2026-09-04 13:57:55,23944.45,2026-09-08,23750.0,PE,23.9,23.85,23.95,1221215,96095,54680,9.53
2026-09-04 13:57:55,23944.45,2026-09-08,23800.0,CE,207.95,207.5,207.8,667542,47984,4754,10.91
2026-09-04 13:57:55,23944.45,2026-09-08,23800.0,PE,33.05,33.05,33.15,2483323,245906,135811,9.3
2026-09-04 13:57:55,23944.45,2026-09-08,23850.0,CE,169.65,169.25,169.7,668492,32617,4961,10.56
2026-09-04 13:57:55,23944.45,2026-09-08,23850.0,PE,44.8,44.8,44.95,2069720,147924,91102,9.04
2026-09-04 13:57:55,23944.45,2026-09-08,23900.0,CE,135.05,135.05,135.35,2890721,143470,23885,10.18
2026-09-04 13:57:55,23944.45,2026-09-08,23900.0,PE,60.55,60.45,60.55,5116413,367900,261168,8.85
2026-09-04 13:57:55,23944.45,2026-09-08,23950.0,CE,104.65,104.6,104.7,3448063,194630,103675,9.89
2026-09-04 13:57:55,23944.45,2026-09-08,23950.0,PE,80.0,79.8,80.0,4459759,241402,199093,8.58
2026-09-04 13:57:55,23944.45,2026-09-08,24000.0,CE,78.9,78.7,78.9,5530917,394856,111883,9.68
2026-09-04 13:57:55,23944.45,2026-09-08,24000.0,PE,103.9,103.95,104.1,4124405,207269,93545,8.37
2026-09-04 13:57:55,23944.45,2026-09-08,24050.0,CE,57.45,57.45,57.5,2372875,169995,50116,9.54
2026-09-04 13:57:55,23944.45,2026-09-08,24050.0,PE,133.15,132.85,133.15,1072677,50708,33580,8.17
2026-09-04 13:57:55,23944.45,2026-09-08,24100.0,CE,40.95,40.85,40.95,2832158,246666,59929,9.43
2026-09-04 13:57:55,23944.45,2026-09-08,24100.0,PE,166.25,166.2,166.3,962365,65519,14366,7.83
2026-09-04 13:57:55,23944.45,2026-09-08,24150.0,CE,28.3,28.2,28.3,1459160,127310,47213,9.36
2026-09-04 13:57:55,23944.45,2026-09-08,24150.0,PE,203.55,203.35,203.8,217057,18083,7148,7.53
2026-09-04 13:57:55,23944.45,2026-09-08,24200.0,CE,19.45,19.4,19.45,2075012,235755,54415,9.39
2026-09-04 13:57:55,23944.45,2026-09-08,24200.0,PE,244.9,244.15,244.7,279046,41878,1564,6.97
2026-09-04 13:57:55,23944.45,2026-09-08,24250.0,CE,13.2,13.15,13.2,974802,97762,29874,9.44
2026-09-04 13:57:55,23944.45,2026-09-08,24250.0,PE,288.0,287.65,288.0,42830,7779,1167,4.77
2026-09-04 13:57:55,23944.45,2026-09-08,24300.0,CE,8.8,8.8,8.85,1275936,194823,37711,9.54
2026-09-04 13:57:55,23944.45,2026-09-08,24300.0,PE,334.1,333.2,334.2,61116,20292,2706,
2026-09-04 13:57:55,23944.45,2026-09-08,24350.0,CE,6.35,6.3,6.35,599508,87348,20891,9.81
2026-09-04 13:57:55,23944.45,2026-09-08,24350.0,PE,381.95,380.55,381.85,8247,2887,-24,
2026-09-04 13:57:55,23944.45,2026-09-08,24400.0,CE,4.7,4.65,4.7,727011,165377,43662,10.15
2026-09-04 13:57:55,23944.45,2026-09-08,24400.0,PE,428.7,428.85,430.1,9644,8159,-242,
2026-09-04 13:57:55,23944.45,2026-09-08,24450.0,CE,3.7,3.65,3.7,287831,63810,11533,10.61
2026-09-04 13:57:55,23944.45,2026-09-08,24450.0,PE,476.9,477.85,479.4,1708,1251,-33,
2026-09-04 13:58:56,23945.65,2026-09-08,23450.0,CE,530.7,529.6,531.0,1328,709,47,15.18
2026-09-04 13:58:56,23945.65,2026-09-08,23450.0,PE,4.5,4.45,4.5,303021,48278,17216,11.89
2026-09-04 13:58:56,23945.65,2026-09-08,23500.0,CE,482.95,480.3,481.85,19965,4649,-341,13.01
2026-09-04 13:58:56,23945.65,2026-09-08,23500.0,PE,5.5,5.45,5.5,782949,175473,13243,11.38
2026-09-04 13:58:56,23945.65,2026-09-08,23550.0,CE,430.2,432.0,433.25,3368,1077,145,13.0
2026-09-04 13:58:56,23945.65,2026-09-08,23550.0,PE,7.0,6.95,7.0,461511,51186,18301,10.92
2026-09-04 13:58:56,23945.65,2026-09-08,23600.0,CE,384.75,384.25,385.45,21267,4450,257,11.77
2026-09-04 13:58:56,23945.65,2026-09-08,23600.0,PE,9.05,9.05,9.1,974758,153413,26553,10.5
2026-09-04 13:58:56,23945.65,2026-09-08,23650.0,CE,339.0,337.7,338.6,14200,2520,554,11.44
2026-09-04 13:58:56,23945.65,2026-09-08,23650.0,PE,12.5,12.4,12.5,781582,61466,19650,10.22
2026-09-04 13:58:56,23945.65,2026-09-08,23700.0,CE,293.0,293.0,293.35,94283,9420,2,10.82
2026-09-04 13:58:56,23945.65,2026-09-08,23700.0,PE,17.0,17.0,17.05,1427982,151811,59558,9.94
2026-09-04 13:58:56,23945.65,2026-09-08,23750.0,CE,249.05,248.95,249.6,104534,9477,2937,10.48
2026-09-04 13:58:56,23945.65,2026-09-08,23750.0,PE,23.65,23.6,23.7,1224186,95889,54474,9.7
2026-09-04 13:58:56,23945.65,2026-09-08,23800.0,CE,208.05,208.05,208.6,671438,46743,3513,10.19
2026-09-04 13:58:56,23945.65,2026-09-08,23800.0,PE,32.9,32.75,32.9,2492287,246010,135915,9.53
2026-09-04 13:58:56,23945.65,2026-09-08,23850.0,CE,170.5,170.1,170.55,669894,32626,4970,9.93
2026-09-04 13:58:56,23945.65,2026-09-08,23850.0,PE,44.4,44.35,44.45,2076240,146562,89740,9.29
2026-09-04 13:58:56,23945.65,2026-09-08,23900.0,CE,136.0,135.65,136.0,2897169,143603,24018,9.67
2026-09-04 13:58:56,23945.65,2026-09-08,23900.0,PE,59.95,59.8,59.95,5133226,365344,258612,9.12
2026-09-04 13:58:56,23945.65,2026-09-08,23950.0,CE,105.3,105.0,105.25,3457681,195879,104924,9.43
2026-09-04 13:58:56,23945.65,2026-09-08,23950.0,PE,79.2,79.2,79.4,4473588,239418,197109,8.95
2026-09-04 13:58:56,23945.65,2026-09-08,24000.0,CE,79.2,79.0,79.2,5546427,395090,112117,9.3
2026-09-04 13:58:56,23945.65,2026-09-08,24000.0,PE,103.35,103.25,103.35,4134939,207153,93429,8.79
2026-09-04 13:58:56,23945.65,2026-09-08,24050.0,CE,57.75,57.8,57.9,2377878,169168,49289,9.17
2026-09-04 13:58:56,23945.65,2026-09-08,24050.0,PE,132.25,132.0,132.2,1075256,50812,33684,8.63
2026-09-04 13:58:56,23945.65,2026-09-08,24100.0,CE,41.15,41.1,41.2,2839843,246220,59483,9.1
2026-09-04 13:58:56,23945.65,2026-09-08,24100.0,PE,165.45,165.3,165.65,964274,65552,14399,8.55
2026-09-04 13:58:56,23945.65,2026-09-08,24150.0,CE,28.5,28.45,28.5,1463171,128065,47968,9.06
2026-09-04 13:58:56,23945.65,2026-09-08,24150.0,PE,202.75,202.5,203.0,217442,17660,6725,8.47
2026-09-04 13:58:56,23945.65,2026-09-08,24200.0,CE,19.55,19.55,19.65,2079075,235738,54398,9.12
2026-09-04 13:58:56,23945.65,2026-09-08,24200.0,PE,243.15,243.45,243.85,279540,41770,1456,8.3
2026-09-04 13:58:56,23945.65,2026-09-08,24250.0,CE,13.3,13.25,13.3,976395,98131,30243,9.18
2026-09-04 13:58:56,23945.65,2026-09-08,24250.0,PE,287.1,287.2,287.6,42894,7769,1157,8.21
2026-09-04 13:58:56,23945.65,2026-09-08,24300.0,CE,8.9,8.85,8.9,1276781,194399,37287,9.29
2026-09-04 13:58:56,23945.65,2026-09-08,24300.0,PE,332.15,332.25,333.0,61414,20274,2688,7.73
2026-09-04 13:58:56,23945.65,2026-09-08,24350.0,CE,6.35,6.35,6.4,600058,87448,20991,9.56
2026-09-04 13:58:56,23945.65,2026-09-08,24350.0,PE,378.85,379.4,380.6,8254,2899,-12,7.93
2026-09-04 13:58:56,23945.65,2026-09-08,24400.0,CE,4.65,4.65,4.7,727141,165293,43578,9.9
2026-09-04 13:58:56,23945.65,2026-09-08,24400.0,PE,426.2,427.75,429.05,9677,8170,-231,
2026-09-04 13:58:56,23945.65,2026-09-08,24450.0,CE,3.7,3.65,3.7,287906,63752,11475,10.36
2026-09-04 13:58:56,23945.65,2026-09-08,24450.0,PE,476.9,476.65,478.25,1708,1251,-33,
2026-09-04 13:59:56,23940.7,2026-09-08,23450.0,CE,530.35,530.1,531.8,1331,708,46,15.18
2026-09-04 13:59:56,23940.7,2026-09-08,23450.0,PE,4.45,4.45,4.5,303251,48278,17216,11.89
2026-09-04 13:59:56,23940.7,2026-09-08,23500.0,CE,482.25,480.6,482.2,19970,4648,-342,13.01
2026-09-04 13:59:56,23940.7,2026-09-08,23500.0,PE,5.45,5.4,5.45,783692,175473,13243,11.38
2026-09-04 13:59:56,23940.7,2026-09-08,23550.0,CE,432.4,432.15,433.65,3371,1076,144,13.0
2026-09-04 13:59:56,23940.7,2026-09-08,23550.0,PE,6.9,6.9,6.95,461796,51186,18301,10.92
2026-09-04 13:59:56,23940.7,2026-09-08,23600.0,CE,385.55,384.6,385.8,21277,4439,246,11.77
2026-09-04 13:59:56,23940.7,2026-09-08,23600.0,PE,9.0,9.0,9.05,975806,153413,26553,10.5
2026-09-04 13:59:56,23940.7,2026-09-08,23650.0,CE,338.75,337.95,338.9,14206,2524,558,11.44
2026-09-04 13:59:56,23940.7,2026-09-08,23650.0,PE,12.35,12.3,12.4,782269,61167,19351,10.22
2026-09-04 13:59:56,23940.7,2026-09-08,23700.0,CE,293.35,293.2,293.9,94343,9399,-19,10.82
2026-09-04 13:59:56,23940.7,2026-09-08,23700.0,PE,16.85,16.85,16.9,1430098,151479,59226,9.94
2026-09-04 13:59:56,23940.7,2026-09-08,23750.0,CE,249.7,249.7,250.35,104596,9507,2967,10.48
2026-09-04 13:59:56,23940.7,2026-09-08,23750.0,PE,23.45,23.45,23.5,1225166,95799,54384,9.7
2026-09-04 13:59:56,23940.7,2026-09-08,23800.0,CE,209.0,208.35,208.8,672578,46743,3513,10.19
2026-09-04 13:59:56,23940.7,2026-09-08,23800.0,PE,32.6,32.6,32.7,2496771,246010,135915,9.53
2026-09-04 13:59:56,23940.7,2026-09-08,23850.0,CE,170.6,170.25,170.6,670341,32626,4970,9.93
2026-09-04 13:59:56,23940.7,2026-09-08,23850.0,PE,44.1,44.05,44.1,2079135,146562,89740,9.29
2026-09-04 13:59:56,23940.7,2026-09-08,23900.0,CE,136.05,136.0,136.05,2899548,143603,24018,9.67
2026-09-04 13:59:56,23940.7,2026-09-08,23900.0,PE,59.7,59.6,59.7,5138675,365344,258612,9.12
2026-09-04 13:59:56,23940.7,2026-09-08,23950.0,CE,105.25,105.0,105.25,3462477,195879,104924,9.43
2026-09-04 13:59:56,23940.7,2026-09-08,23950.0,PE,78.9,78.9,79.0,4478753,239418,197109,8.95
2026-09-04 13:59:56,23940.7,2026-09-08,24000.0,CE,79.25,79.0,79.2,5553161,395209,112236,9.3
2026-09-04 13:59:56,23940.7,2026-09-08,24000.0,PE,103.1,102.9,103.1,4138148,205053,91329,8.79
2026-09-04 13:59:56,23940.7,2026-09-08,24050.0,CE,57.9,57.8,58.0,2380036,169152,49273,9.17
2026-09-04 13:59:56,23940.7,2026-09-08,24050.0,PE,131.05,131.4,131.6,1076019,50307,33179,8.63
2026-09-04 13:59:56,23940.7,2026-09-08,24100.0,CE,41.2,41.1,41.2,2843819,246581,59844,9.1
2026-09-04 13:59:56,23940.7,2026-09-08,24100.0,PE,165.0,164.7,165.0,964892,65287,14134,8.55
2026-09-04 13:59:56,23940.7,2026-09-08,24150.0,CE,28.45,28.35,28.45,1465232,128065,47968,9.06
2026-09-04 13:59:56,23940.7,2026-09-08,24150.0,PE,202.05,202.0,202.5,217659,17660,6725,8.47
2026-09-04 13:59:56,23940.7,2026-09-08,24200.0,CE,19.6,19.55,19.6,2081906,235738,54398,9.12
2026-09-04 13:59:56,23940.7,2026-09-08,24200.0,PE,242.4,242.8,243.35,279666,41770,1456,8.3
2026-09-04 13:59:56,23940.7,2026-09-08,24250.0,CE,13.3,13.25,13.3,977352,98131,30243,9.18
2026-09-04 13:59:56,23940.7,2026-09-08,24250.0,PE,286.3,286.15,286.95,42931,7747,1135,8.21
2026-09-04 13:59:56,23940.7,2026-09-08,24300.0,CE,8.85,8.8,8.85,1277696,194399,37287,9.29
2026-09-04 13:59:56,23940.7,2026-09-08,24300.0,PE,332.15,331.75,332.65,61424,20424,2838,7.73
2026-09-04 13:59:56,23940.7,2026-09-08,24350.0,CE,6.4,6.35,6.4,600536,87456,20999,9.56
2026-09-04 13:59:56,23940.7,2026-09-08,24350.0,PE,379.5,379.2,380.4,8258,2898,-13,7.93
2026-09-04 13:59:56,23940.7,2026-09-08,24400.0,CE,4.7,4.65,4.7,727556,165285,43570,9.9
2026-09-04 13:59:56,23940.7,2026-09-08,24400.0,PE,428.05,427.35,428.6,9684,8169,-232,
2026-09-04 13:59:56,23940.7,2026-09-08,24450.0,CE,3.65,3.65,3.7,287958,63758,11481,10.36
2026-09-04 13:59:56,23940.7,2026-09-08,24450.0,PE,478.2,475.5,477.35,1711,1252,-32,
2026-09-04 14:00:57,23940.75,2026-09-08,23450.0,CE,530.35,528.25,530.0,1331,708,46,15.97
2026-09-04 14:00:57,23940.75,2026-09-08,23450.0,PE,4.5,4.45,4.5,303523,48290,17228,11.74
2026-09-04 14:00:57,23940.75,2026-09-08,23500.0,CE,478.8,479.05,480.3,19975,4646,-344,15.07
2026-09-04 14:00:57,23940.75,2026-09-08,23500.0,PE,5.45,5.4,5.45,784467,175685,13455,11.18
2026-09-04 14:00:57,23940.75,2026-09-08,23550.0,CE,432.4,430.7,432.25,3371,1076,144,14.14
2026-09-04 14:00:57,23940.75,2026-09-08,23550.0,PE,6.95,6.9,6.95,462145,51253,18368,10.74
2026-09-04 14:00:57,23940.75,2026-09-08,23600.0,CE,384.1,383.3,384.4,21287,4439,246,13.51
2026-09-04 14:00:57,23940.75,2026-09-08,23600.0,PE,9.0,8.95,9.0,977589,154222,27362,10.36
2026-09-04 14:00:57,23940.75,2026-09-08,23650.0,CE,335.25,336.7,337.55,14212,2524,558,12.65
2026-09-04 14:00:57,23940.75,2026-09-08,23650.0,PE,12.35,12.35,12.4,783064,61287,19471,10.06
2026-09-04 14:00:57,23940.75,2026-09-08,23700.0,CE,292.25,291.6,292.0,94427,9397,-21,11.93
2026-09-04 14:00:57,23940.75,2026-09-08,23700.0,PE,16.9,16.9,17.0,1432254,151493,59240,9.75
2026-09-04 14:00:57,23940.75,2026-09-08,23750.0,CE,248.3,247.95,248.45,104704,9566,3026,11.41
2026-09-04 14:00:57,23940.75,2026-09-08,23750.0,PE,23.65,23.55,23.65,1227114,96604,55189,9.53
2026-09-04 14:00:57,23940.75,2026-09-08,23800.0,CE,207.1,207.05,207.55,673355,45677,2447,10.91
2026-09-04 14:00:57,23940.75,2026-09-08,23800.0,PE,32.75,32.75,32.8,2501750,245989,135894,9.3
2026-09-04 14:00:57,23940.75,2026-09-08,23850.0,CE,169.25,169.2,169.6,671186,32492,4836,10.56
2026-09-04 14:00:57,23940.75,2026-09-08,23850.0,PE,44.4,44.35,44.5,2083684,148305,91483,9.04
2026-09-04 14:00:57,23940.75,2026-09-08,23900.0,CE,135.05,135.0,135.15,2903868,143630,24045,10.18
2026-09-04 14:00:57,23940.75,2026-09-08,23900.0,PE,60.0,59.9,60.0,5149967,365694,258962,8.85
2026-09-04 14:00:57,23940.75,2026-09-08,23950.0,CE,104.25,104.25,104.5,3468060,195375,104420,9.89
2026-09-04 14:00:57,23940.75,2026-09-08,23950.0,PE,79.6,79.45,79.65,4486941,240880,198571,8.58
2026-09-04 14:00:57,23940.75,2026-09-08,24000.0,CE,78.45,78.45,78.55,5562753,397660,114687,9.68
2026-09-04 14:00:57,23940.75,2026-09-08,24000.0,PE,103.85,103.65,103.75,4143789,206232,92508,8.37
2026-09-04 14:00:57,23940.75,2026-09-08,24050.0,CE,57.35,57.35,57.4,2383201,168803,48924,9.54
2026-09-04 14:00:57,23940.75,2026-09-08,24050.0,PE,132.5,132.5,132.75,1077414,50318,33190,8.17
2026-09-04 14:00:57,23940.75,2026-09-08,24100.0,CE,40.9,40.8,40.9,2848689,246753,60016,9.43
2026-09-04 14:00:57,23940.75,2026-09-08,24100.0,PE,166.25,165.75,166.15,965924,65603,14450,7.83
2026-09-04 14:00:57,23940.75,2026-09-08,24150.0,CE,28.25,28.15,28.2,1467561,128689,48592,9.36
2026-09-04 14:00:57,23940.75,2026-09-08,24150.0,PE,203.5,203.05,203.55,218092,17909,6974,7.53
2026-09-04 14:00:57,23940.75,2026-09-08,24200.0,CE,19.4,19.4,19.5,2084274,236091,54751,9.39
2026-09-04 14:00:57,23940.75,2026-09-08,24200.0,PE,244.55,243.9,244.5,279969,41751,1437,6.97
2026-09-04 14:00:57,23940.75,2026-09-08,24250.0,CE,13.15,13.1,13.2,978501,98039,30151,9.44
2026-09-04 14:00:57,23940.75,2026-09-08,24250.0,PE,288.45,287.35,288.2,42966,7733,1121,4.77
2026-09-04 14:00:57,23940.75,2026-09-08,24300.0,CE,8.75,8.75,8.8,1278712,194349,37237,9.54
2026-09-04 14:00:57,23940.75,2026-09-08,24300.0,PE,334.45,333.2,334.05,61442,20426,2840,
2026-09-04 14:00:57,23940.75,2026-09-08,24350.0,CE,6.35,6.3,6.35,600942,87331,20874,9.81
2026-09-04 14:00:57,23940.75,2026-09-08,24350.0,PE,382.15,380.45,381.65,8259,2898,-13,
2026-09-04 14:00:57,23940.75,2026-09-08,24400.0,CE,4.65,4.65,4.7,727971,165267,43552,10.15
2026-09-04 14:00:57,23940.75,2026-09-08,24400.0,PE,430.25,428.95,430.4,9694,8147,-254,
2026-09-04 14:00:57,23940.75,2026-09-08,24450.0,CE,3.65,3.65,3.7,288192,63731,11454,10.61
2026-09-04 14:00:57,23940.75,2026-09-08,24450.0,PE,478.2,477.7,479.4,1711,1252,-32,
2026-09-04 14:01:57,23939.65,2026-09-08,23450.0,CE,530.35,529.1,530.4,1331,708,46,15.09
2026-09-04 14:01:57,23939.65,2026-09-08,23450.0,PE,4.4,4.4,4.45,303938,48230,17168,11.77
2026-09-04 14:01:57,23939.65,2026-09-08,23500.0,CE,481.5,479.55,481.1,19978,4646,-344,13.56
2026-09-04 14:01:57,23939.65,2026-09-08,23500.0,PE,5.45,5.4,5.45,786046,175369,13139,11.25
2026-09-04 14:01:57,23939.65,2026-09-08,23550.0,CE,432.4,431.2,432.65,3371,1076,144,13.28
2026-09-04 14:01:57,23939.65,2026-09-08,23550.0,PE,6.95,6.9,6.95,462599,51193,18308,10.78
2026-09-04 14:01:57,23939.65,2026-09-08,23600.0,CE,383.95,383.9,384.85,21295,4433,240,12.44
2026-09-04 14:01:57,23939.65,2026-09-08,23600.0,PE,9.05,9.0,9.05,979418,154663,27803,10.37
2026-09-04 14:01:57,23939.65,2026-09-08,23650.0,CE,338.05,337.05,337.9,14220,2521,555,11.42
2026-09-04 14:01:57,23939.65,2026-09-08,23650.0,PE,12.5,12.4,12.5,784117,61327,19511,10.1
2026-09-04 14:01:57,23939.65,2026-09-08,23700.0,CE,293.3,291.95,292.7,94454,9397,-21,11.26
2026-09-04 14:01:57,23939.65,2026-09-08,23700.0,PE,17.0,16.95,17.05,1434465,151881,59628,9.8
2026-09-04 14:01:57,23939.65,2026-09-08,23750.0,CE,249.0,248.5,249.05,104732,9567,3027,10.77
2026-09-04 14:01:57,23939.65,2026-09-08,23750.0,PE,23.75,23.7,23.75,1228285,96663,55248,9.55
2026-09-04 14:01:57,23939.65,2026-09-08,23800.0,CE,208.2,207.65,208.15,673868,45605,2375,10.32
2026-09-04 14:01:57,23939.65,2026-09-08,23800.0,PE,32.95,32.85,32.95,2505047,247349,137254,9.4
2026-09-04 14:01:57,23939.65,2026-09-08,23850.0,CE,170.0,169.7,170.0,671596,32526,4870,10.01
2026-09-04 14:01:57,23939.65,2026-09-08,23850.0,PE,44.65,44.55,44.65,2086080,148690,91868,9.16
2026-09-04 14:01:57,23939.65,2026-09-08,23900.0,CE,135.5,135.5,135.7,2906583,143584,23999,9.77
2026-09-04 14:01:57,23939.65,2026-09-08,23900.0,PE,60.2,60.05,60.2,5156854,367105,260373,8.97
2026-09-04 14:01:57,23939.65,2026-09-08,23950.0,CE,104.75,104.75,104.95,3472982,196099,105144,9.56
2026-09-04 14:01:57,23939.65,2026-09-08,23950.0,PE,79.5,79.5,79.6,4492314,242030,199721,8.81
2026-09-04 14:01:57,23939.65,2026-09-08,24000.0,CE,78.9,78.9,79.05,5568170,397220,114247,9.38
2026-09-04 14:01:57,23939.65,2026-09-08,24000.0,PE,103.75,103.7,103.8,4147899,206897,93173,8.64
2026-09-04 14:01:57,23939.65,2026-09-08,24050.0,CE,57.8,57.65,57.8,2386457,169167,49288,9.26
2026-09-04 14:01:57,23939.65,2026-09-08,24050.0,PE,132.7,132.5,132.55,1078475,50364,33236,8.5
2026-09-04 14:01:57,23939.65,2026-09-08,24100.0,CE,41.15,41.05,41.15,2852815,246683,59946,9.22
2026-09-04 14:01:57,23939.65,2026-09-08,24100.0,PE,166.0,165.7,166.0,966505,65597,14444,8.31
2026-09-04 14:01:57,23939.65,2026-09-08,24150.0,CE,28.4,28.35,28.45,1469160,128501,48404,9.17
2026-09-04 14:01:57,23939.65,2026-09-08,24150.0,PE,203.6,202.95,203.4,218313,17917,6982,8.09
2026-09-04 14:01:57,23939.65,2026-09-08,24200.0,CE,19.65,19.55,19.65,2087056,235481,54141,9.26
2026-09-04 14:01:57,23939.65,2026-09-08,24200.0,PE,243.8,243.8,244.35,280105,41798,1484,7.9
2026-09-04 14:01:57,23939.65,2026-09-08,24250.0,CE,13.25,13.2,13.25,979466,97778,29890,9.33
2026-09-04 14:01:57,23939.65,2026-09-08,24250.0,PE,287.0,287.15,288.0,42991,7734,1122,7.29
2026-09-04 14:01:57,23939.65,2026-09-08,24300.0,CE,8.85,8.8,8.9,1279227,194420,37308,9.43
2026-09-04 14:01:57,23939.65,2026-09-08,24300.0,PE,333.2,333.0,333.2,61460,20426,2840,6.32
2026-09-04 14:01:57,23939.65,2026-09-08,24350.0,CE,6.4,6.35,6.4,601214,87329,20872,9.73
2026-09-04 14:01:57,23939.65,2026-09-08,24350.0,PE,382.15,380.0,381.25,8272,2898,-13,
2026-09-04 14:01:57,23939.65,2026-09-08,24400.0,CE,4.65,4.65,4.7,728626,165349,43634,10.07
2026-09-04 14:01:57,23939.65,2026-09-08,24400.0,PE,430.55,428.4,429.7,9702,8147,-254,
2026-09-04 14:01:57,23939.65,2026-09-08,24450.0,CE,3.7,3.65,3.7,288314,63758,11481,10.51
2026-09-04 14:01:57,23939.65,2026-09-08,24450.0,PE,478.2,477.35,478.95,1711,1252,-32,
2026-09-04 14:02:57,23941.35,2026-09-08,23450.0,CE,530.35,528.6,530.4,1331,708,46,14.71
2026-09-04 14:02:57,23941.35,2026-09-08,23450.0,PE,4.5,4.5,4.55,304471,47983,16921,11.77
2026-09-04 14:02:57,23941.35,2026-09-08,23500.0,CE,478.5,479.4,480.95,19981,4647,-343,13.71
2026-09-04 14:02:57,23941.35,2026-09-08,23500.0,PE,5.5,5.45,5.55,787586,175369,13139,11.26
2026-09-04 14:02:57,23941.35,2026-09-08,23550.0,CE,432.4,430.85,432.4,3371,1076,144,12.96
2026-09-04 14:02:57,23941.35,2026-09-08,23550.0,PE,7.05,7.05,7.1,463074,51295,18410,10.8
2026-09-04 14:02:57,23941.35,2026-09-08,23600.0,CE,383.9,383.6,384.7,21299,4433,240,12.04
2026-09-04 14:02:57,23941.35,2026-09-08,23600.0,PE,9.2,9.15,9.2,981409,154663,27803,10.39
2026-09-04 14:02:57,23941.35,2026-09-08,23650.0,CE,337.55,336.95,337.85,14223,2521,555,11.16
2026-09-04 14:02:57,23941.35,2026-09-08,23650.0,PE,12.65,12.55,12.65,784866,61327,19511,10.11
2026-09-04 14:02:57,23941.35,2026-09-08,23700.0,CE,292.15,292.0,292.7,94512,9389,-29,10.91
2026-09-04 14:02:57,23941.35,2026-09-08,23700.0,PE,17.3,17.2,17.25,1436209,151881,59628,9.82
2026-09-04 14:02:57,23941.35,2026-09-08,23750.0,CE,249.0,248.5,249.05,104770,9567,3027,10.59
2026-09-04 14:02:57,23941.35,2026-09-08,23750.0,PE,24.0,23.9,24.0,1229416,96663,55248,9.59
2026-09-04 14:02:57,23941.35,2026-09-08,23800.0,CE,207.85,207.8,208.0,674114,45646,2416,10.3
2026-09-04 14:02:57,23941.35,2026-09-08,23800.0,PE,33.25,33.15,33.25,2507862,246723,136628,9.41
2026-09-04 14:02:57,23941.35,2026-09-08,23850.0,CE,169.95,169.95,170.15,672222,32449,4793,9.95
2026-09-04 14:02:57,23941.35,2026-09-08,23850.0,PE,44.85,44.85,44.95,2088400,148555,91733,9.18
2026-09-04 14:02:57,23941.35,2026-09-08,23900.0,CE,135.45,135.45,135.7,2908466,143728,24143,9.72
2026-09-04 14:02:57,23941.35,2026-09-08,23900.0,PE,60.55,60.4,60.55,5163614,366433,259701,9.02
2026-09-04 14:02:57,23941.35,2026-09-08,23950.0,CE,104.85,104.85,104.95,3475494,196099,105144,9.51
2026-09-04 14:02:57,23941.35,2026-09-08,23950.0,PE,80.0,79.8,79.95,4497995,242030,199721,8.84
2026-09-04 14:02:57,23941.35,2026-09-08,24000.0,CE,78.95,78.95,79.1,5572235,397220,114247,9.31
2026-09-04 14:02:57,23941.35,2026-09-08,24000.0,PE,104.2,104.1,104.25,4151444,206897,93173,8.71
2026-09-04 14:02:57,23941.35,2026-09-08,24050.0,CE,57.85,57.7,57.85,2388972,169167,49288,9.24
2026-09-04 14:02:57,23941.35,2026-09-08,24050.0,PE,132.85,132.65,132.85,1079195,50364,33236,8.58
2026-09-04 14:02:57,23941.35,2026-09-08,24100.0,CE,41.05,41.05,41.2,2855122,246683,59946,9.18
2026-09-04 14:02:57,23941.35,2026-09-08,24100.0,PE,165.85,165.9,166.25,967086,65597,14444,8.4
2026-09-04 14:02:57,23941.35,2026-09-08,24150.0,CE,28.45,28.4,28.5,1470387,128303,48206,9.16
2026-09-04 14:02:57,23941.35,2026-09-08,24150.0,PE,203.75,203.25,203.75,218663,17939,7004,8.19
2026-09-04 14:02:57,23941.35,2026-09-08,24200.0,CE,19.6,19.6,19.65,2088250,235612,54272,9.22
2026-09-04 14:02:57,23941.35,2026-09-08,24200.0,PE,244.7,243.95,244.6,280250,41810,1496,8.06
2026-09-04 14:02:57,23941.35,2026-09-08,24250.0,CE,13.2,13.2,13.25,980023,97597,29709,9.29
2026-09-04 14:02:57,23941.35,2026-09-08,24250.0,PE,288.25,287.45,288.3,43006,7734,1122,7.71
2026-09-04 14:02:57,23941.35,2026-09-08,24300.0,CE,8.9,8.85,8.9,1279954,194420,37308,9.4
2026-09-04 14:02:57,23941.35,2026-09-08,24300.0,PE,333.1,333.25,334.1,61497,20420,2834,7.16
2026-09-04 14:02:57,23941.35,2026-09-08,24350.0,CE,6.45,6.4,6.45,602407,87329,20872,9.73
2026-09-04 14:02:57,23941.35,2026-09-08,24350.0,PE,382.15,380.4,381.65,8272,2898,-13,
2026-09-04 14:02:57,23941.35,2026-09-08,24400.0,CE,4.75,4.7,4.75,729424,165349,43634,10.04
2026-09-04 14:02:57,23941.35,2026-09-08,24400.0,PE,430.55,428.7,430.2,9702,8147,-254,
2026-09-04 14:02:57,23941.35,2026-09-08,24450.0,CE,3.7,3.7,3.75,289164,63758,11481,10.5
2026-09-04 14:02:57,23941.35,2026-09-08,24450.0,PE,477.95,477.75,479.5,1712,1255,-29,
2026-09-04 14:03:58,23941.85,2026-09-08,23450.0,CE,530.35,529.85,531.1,1331,708,46,15.09
2026-09-04 14:03:58,23941.85,2026-09-08,23450.0,PE,4.55,4.5,4.6,305358,47567,16505,11.77
2026-09-04 14:03:58,23941.85,2026-09-08,23500.0,CE,480.95,480.2,481.0,19985,4644,-346,13.56
2026-09-04 14:03:58,23941.85,2026-09-08,23500.0,PE,5.55,5.55,5.6,788795,175312,13082,11.25
2026-09-04 14:03:58,23941.85,2026-09-08,23550.0,CE,431.6,432.0,433.35,3372,1073,141,13.28
2026-09-04 14:03:58,23941.85,2026-09-08,23550.0,PE,7.05,7.05,7.1,463550,51334,18449,10.78
2026-09-04 14:03:58,23941.85,2026-09-08,23600.0,CE,384.15,384.4,385.6,21320,4434,241,12.44
2026-09-04 14:03:58,23941.85,2026-09-08,23600.0,PE,9.2,9.15,9.2,984447,155666,28806,10.37
2026-09-04 14:03:58,23941.85,2026-09-08,23650.0,CE,338.45,337.9,338.75,14274,2543,577,11.42
2026-09-04 14:03:58,23941.85,2026-09-08,23650.0,PE,12.5,12.5,12.55,785969,61167,19351,10.1
2026-09-04 14:03:58,23941.85,2026-09-08,23700.0,CE,292.45,292.85,293.0,94577,9394,-24,11.26
2026-09-04 14:03:58,23941.85,2026-09-08,23700.0,PE,17.1,17.1,17.15,1438387,151549,59296,9.8
2026-09-04 14:03:58,23941.85,2026-09-08,23750.0,CE,249.7,249.25,249.85,104849,9538,2998,10.77
2026-09-04 14:03:58,23941.85,2026-09-08,23750.0,PE,23.7,23.7,23.75,1232326,96140,54725,9.55
2026-09-04 14:03:58,23941.85,2026-09-08,23800.0,CE,208.45,208.4,208.7,674591,45626,2396,10.32
2026-09-04 14:03:58,23941.85,2026-09-08,23800.0,PE,32.9,32.9,33.0,2513385,246042,135947,9.4
2026-09-04 14:03:58,23941.85,2026-09-08,23850.0,CE,170.75,170.5,170.75,672826,32430,4774,10.01
2026-09-04 14:03:58,23941.85,2026-09-08,23850.0,PE,44.6,44.5,44.55,2093424,148312,91490,9.16
2026-09-04 14:03:58,23941.85,2026-09-08,23900.0,CE,136.0,136.0,136.15,2911661,143626,24041,9.77
2026-09-04 14:03:58,23941.85,2026-09-08,23900.0,PE,59.9,59.9,60.0,5172980,367029,260297,8.97
2026-09-04 14:03:58,23941.85,2026-09-08,23950.0,CE,105.25,105.05,105.3,3479647,194802,103847,9.56
2026-09-04 14:03:58,23941.85,2026-09-08,23950.0,PE,79.4,79.25,79.35,4504545,240867,198558,8.81
2026-09-04 14:03:58,23941.85,2026-09-08,24000.0,CE,79.3,79.15,79.3,5579289,396987,114014,9.38
2026-09-04 14:03:58,23941.85,2026-09-08,24000.0,PE,103.25,103.25,103.45,4155677,207043,93319,8.64
2026-09-04 14:03:58,23941.85,2026-09-08,24050.0,CE,57.85,57.85,57.95,2392775,168264,48385,9.26
2026-09-04 14:03:58,23941.85,2026-09-08,24050.0,PE,132.2,132.05,132.2,1080394,50350,33222,8.5
2026-09-04 14:03:58,23941.85,2026-09-08,24100.0,CE,41.15,41.2,41.3,2858390,245663,58926,9.22
2026-09-04 14:03:58,23941.85,2026-09-08,24100.0,PE,165.35,165.0,165.35,967901,65558,14405,8.31
2026-09-04 14:03:58,23941.85,2026-09-08,24150.0,CE,28.55,28.5,28.55,1472821,127636,47539,9.17
2026-09-04 14:03:58,23941.85,2026-09-08,24150.0,PE,202.5,202.4,202.9,218907,17921,6986,8.09
2026-09-04 14:03:58,23941.85,2026-09-08,24200.0,CE,19.6,19.6,19.65,2090966,235158,53818,9.26
2026-09-04 14:03:58,23941.85,2026-09-08,24200.0,PE,243.2,243.25,243.85,280441,41653,1339,7.9
2026-09-04 14:03:58,23941.85,2026-09-08,24250.0,CE,13.25,13.25,13.3,981223,97483,29595,9.33
2026-09-04 14:03:58,23941.85,2026-09-08,24250.0,PE,287.75,286.5,287.4,43033,7729,1117,7.29
2026-09-04 14:03:58,23941.85,2026-09-08,24300.0,CE,8.9,8.85,8.9,1280809,194037,36925,9.43
2026-09-04 14:03:58,23941.85,2026-09-08,24300.0,PE,333.3,333.0,333.3,61529,20429,2843,6.32
2026-09-04 14:03:58,23941.85,2026-09-08,24350.0,CE,6.45,6.4,6.45,603522,87710,21253,9.73
2026-09-04 14:03:58,23941.85,2026-09-08,24350.0,PE,382.15,379.55,380.75,8286,2898,-13,
2026-09-04 14:03:58,23941.85,2026-09-08,24400.0,CE,4.7,4.7,4.75,730379,164598,42883,10.07
2026-09-04 14:03:58,23941.85,2026-09-08,24400.0,PE,428.8,428.05,429.45,9724,8137,-264,
2026-09-04 14:03:58,23941.85,2026-09-08,24450.0,CE,3.7,3.7,3.75,289774,63083,10806,10.51
2026-09-04 14:03:58,23941.85,2026-09-08,24450.0,PE,477.95,476.65,478.35,1712,1255,-29,
2026-09-04 14:04:58,23944.3,2026-09-08,23450.0,CE,530.35,529.5,530.7,1331,708,46,15.09
2026-09-04 14:04:58,23944.3,2026-09-08,23450.0,PE,4.55,4.5,4.55,305392,47687,16625,11.77
2026-09-04 14:04:58,23944.3,2026-09-08,23500.0,CE,481.0,480.0,481.5,19987,4644,-346,13.56
2026-09-04 14:04:58,23944.3,2026-09-08,23500.0,PE,5.55,5.55,5.6,789239,175391,13161,11.25
2026-09-04 14:04:58,23944.3,2026-09-08,23550.0,CE,431.6,431.65,433.05,3372,1073,141,13.28
2026-09-04 14:04:58,23944.3,2026-09-08,23550.0,PE,7.05,7.05,7.1,463661,51281,18396,10.78
2026-09-04 14:04:58,23944.3,2026-09-08,23600.0,CE,385.2,384.05,385.15,21330,4423,230,12.44
2026-09-04 14:04:58,23944.3,2026-09-08,23600.0,PE,9.15,9.15,9.2,985025,155777,28917,10.37
2026-09-04 14:04:58,23944.3,2026-09-08,23650.0,CE,339.75,337.6,338.5,14278,2542,576,11.42
2026-09-04 14:04:58,23944.3,2026-09-08,23650.0,PE,12.55,12.55,12.6,786550,61262,19446,10.1
2026-09-04 14:04:58,23944.3,2026-09-08,23700.0,CE,293.0,292.85,293.2,94622,9394,-24,11.26
2026-09-04 14:04:58,23944.3,2026-09-08,23700.0,PE,17.15,17.15,17.2,1439367,151534,59281,9.8
2026-09-04 14:04:58,23944.3,2026-09-08,23750.0,CE,249.9,248.9,249.5,104917,9538,2998,10.77
2026-09-04 14:04:58,23944.3,2026-09-08,23750.0,PE,23.85,23.8,23.85,1233229,95556,54141,9.55
2026-09-04 14:04:58,23944.3,2026-09-08,23800.0,CE,208.45,208.0,208.4,674991,45581,2351,10.32
2026-09-04 14:04:58,23944.3,2026-09-08,23800.0,PE,32.9,32.9,32.95,2517121,244113,134018,9.4
2026-09-04 14:04:58,23944.3,2026-09-08,23850.0,CE,170.4,170.1,170.4,673050,32393,4737,10.01
2026-09-04 14:04:58,23944.3,2026-09-08,23850.0,PE,44.6,44.55,44.6,2096275,146725,89903,9.16
2026-09-04 14:04:58,23944.3,2026-09-08,23900.0,CE,135.95,135.6,135.85,2913194,142838,23253,9.77
2026-09-04 14:04:58,23944.3,2026-09-08,23900.0,PE,60.0,60.0,60.1,5178615,366583,259851,8.97
2026-09-04 14:04:58,23944.3,2026-09-08,23950.0,CE,105.0,104.75,105.0,3481735,194327,103372,9.56
2026-09-04 14:04:58,23944.3,2026-09-08,23950.0,PE,79.25,79.25,79.4,4509117,239922,197613,8.81
2026-09-04 14:04:58,23944.3,2026-09-08,24000.0,CE,78.9,78.8,78.9,5582670,395977,113004,9.38
2026-09-04 14:04:58,23944.3,2026-09-08,24000.0,PE,103.45,103.45,103.55,4160143,206298,92574,8.64
2026-09-04 14:04:58,23944.3,2026-09-08,24050.0,CE,57.75,57.7,57.75,2396494,168212,48333,9.26
2026-09-04 14:04:58,23944.3,2026-09-08,24050.0,PE,132.35,132.05,132.35,1081231,50298,33170,8.5
2026-09-04 14:04:58,23944.3,2026-09-08,24100.0,CE,41.0,41.0,41.05,2859717,245399,58662,9.22
2026-09-04 14:04:58,23944.3,2026-09-08,24100.0,PE,165.8,165.3,165.7,968539,65487,14334,8.31
2026-09-04 14:04:58,23944.3,2026-09-08,24150.0,CE,28.35,28.25,28.35,1473899,127617,47520,9.17
2026-09-04 14:04:58,23944.3,2026-09-08,24150.0,PE,203.2,202.7,203.2,219006,17941,7006,8.09
2026-09-04 14:04:58,23944.3,2026-09-08,24200.0,CE,19.55,19.5,19.55,2092027,234791,53451,9.26
2026-09-04 14:04:58,23944.3,2026-09-08,24200.0,PE,244.1,243.45,244.05,280560,41646,1332,7.9
2026-09-04 14:04:58,23944.3,2026-09-08,24250.0,CE,13.25,13.2,13.25,981591,97448,29560,9.33
2026-09-04 14:04:58,23944.3,2026-09-08,24250.0,PE,286.1,286.95,287.85,43048,7722,1110,7.29
2026-09-04 14:04:58,23944.3,2026-09-08,24300.0,CE,8.8,8.8,8.85,1281297,194166,37054,9.43
2026-09-04 14:04:58,23944.3,2026-09-08,24300.0,PE,330.95,332.5,333.0,61549,20433,2847,6.32
2026-09-04 14:04:58,23944.3,2026-09-08,24350.0,CE,6.4,6.4,6.45,603646,87670,21213,9.73
2026-09-04 14:04:58,23944.3,2026-09-08,24350.0,PE,379.25,379.85,381.05,8301,2898,-13,
2026-09-04 14:04:58,23944.3,2026-09-08,24400.0,CE,4.7,4.7,4.75,730511,164676,42961,10.07
2026-09-04 14:04:58,23944.3,2026-09-08,24400.0,PE,427.15,428.2,429.35,9736,8136,-265,
2026-09-04 14:04:58,23944.3,2026-09-08,24450.0,CE,3.7,3.7,3.75,289804,63085,10808,10.51
2026-09-04 14:04:58,23944.3,2026-09-08,24450.0,PE,476.15,477.0,478.7,1713,1254,-30,
2026-09-04 14:05:59,23945.7,2026-09-08,23450.0,CE,535.0,535.3,537.05,1338,704,42,14.71
2026-09-04 14:05:59,23945.7,2026-09-08,23450.0,PE,4.45,4.4,4.45,306113,47785,16723,11.77
2026-09-04 14:05:59,23945.7,2026-09-08,23500.0,CE,485.15,485.85,487.1,20005,4644,-346,13.71
2026-09-04 14:05:59,23945.7,2026-09-08,23500.0,PE,5.4,5.3,5.35,791239,175537,13307,11.26
2026-09-04 14:05:59,23945.7,2026-09-08,23550.0,CE,436.75,437.5,438.95,3374,1072,140,12.96
2026-09-04 14:05:59,23945.7,2026-09-08,23550.0,PE,6.75,6.75,6.8,465062,50981,18096,10.8
2026-09-04 14:05:59,23945.7,2026-09-08,23600.0,CE,390.4,389.75,390.95,21356,4420,227,12.04
2026-09-04 14:05:59,23945.7,2026-09-08,23600.0,PE,8.7,8.7,8.75,988359,155433,28573,10.39
2026-09-04 14:05:59,23945.7,2026-09-08,23650.0,CE,344.0,343.25,344.1,14323,2545,579,11.16
2026-09-04 14:05:59,23945.7,2026-09-08,23650.0,PE,12.0,11.95,12.0,789666,60825,19009,10.11
2026-09-04 14:05:59,23945.7,2026-09-08,23700.0,CE,298.0,297.5,298.0,94815,9367,-51,10.91
2026-09-04 14:05:59,23945.7,2026-09-08,23700.0,PE,16.25,16.2,16.25,1446795,150865,58612,9.82
2026-09-04 14:05:59,23945.7,2026-09-08,23750.0,CE,253.9,253.8,254.45,105203,9459,2919,10.59
2026-09-04 14:05:59,23945.7,2026-09-08,23750.0,PE,22.5,22.5,22.6,1239449,95258,53843,9.59
2026-09-04 14:05:59,23945.7,2026-09-08,23800.0,CE,212.85,212.4,212.95,677457,45471,2241,10.3
2026-09-04 14:05:59,23945.7,2026-09-08,23800.0,PE,31.25,31.3,31.35,2531043,243089,132994,9.41
2026-09-04 14:05:59,23945.7,2026-09-08,23850.0,CE,174.05,174.25,174.55,675222,32533,4877,9.95
2026-09-04 14:05:59,23945.7,2026-09-08,23850.0,PE,42.5,42.35,42.5,2106978,145981,89159,9.18
2026-09-04 14:05:59,23945.7,2026-09-08,23900.0,CE,139.15,139.1,139.3,2923441,141935,22350,9.72
2026-09-04 14:05:59,23945.7,2026-09-08,23900.0,PE,57.4,57.4,57.5,5203248,364410,257678,9.02
2026-09-04 14:05:59,23945.7,2026-09-08,23950.0,CE,107.9,107.65,107.95,3494230,194178,103223,9.51
2026-09-04 14:05:59,23945.7,2026-09-08,23950.0,PE,76.3,76.15,76.3,4531525,237982,195673,8.84
2026-09-04 14:05:59,23945.7,2026-09-08,24000.0,CE,81.25,81.25,81.45,5605690,395568,112595,9.31
2026-09-04 14:05:59,23945.7,2026-09-08,24000.0,PE,99.95,99.7,99.9,4178258,202756,89032,8.71
2026-09-04 14:05:59,23945.7,2026-09-08,24050.0,CE,59.6,59.6,59.7,2406935,166244,46365,9.24
2026-09-04 14:05:59,23945.7,2026-09-08,24050.0,PE,127.5,127.55,127.9,1084717,50284,33156,8.58
2026-09-04 14:05:59,23945.7,2026-09-08,24100.0,CE,42.55,42.45,42.55,2869862,244886,58149,9.18
2026-09-04 14:05:59,23945.7,2026-09-08,24100.0,PE,161.05,160.55,160.85,971871,65139,13986,8.4
2026-09-04 14:05:59,23945.7,2026-09-08,24150.0,CE,29.4,29.3,29.4,1479672,127295,47198,9.16
2026-09-04 14:05:59,23945.7,2026-09-08,24150.0,PE,198.0,197.45,198.0,219761,17822,6887,8.19
2026-09-04 14:05:59,23945.7,2026-09-08,24200.0,CE,20.2,20.2,20.25,2099183,235256,53916,9.22
2026-09-04 14:05:59,23945.7,2026-09-08,24200.0,PE,238.4,237.75,238.4,281218,41668,1354,8.06
2026-09-04 14:05:59,23945.7,2026-09-08,24250.0,CE,13.65,13.6,13.65,984926,97023,29135,9.29
2026-09-04 14:05:59,23945.7,2026-09-08,24250.0,PE,281.65,281.25,282.0,43167,7718,1106,7.71
2026-09-04 14:05:59,23945.7,2026-09-08,24300.0,CE,9.15,9.1,9.15,1284289,193845,36733,9.4
2026-09-04 14:05:59,23945.7,2026-09-08,24300.0,PE,327.4,326.85,327.75,61612,20427,2841,7.16
2026-09-04 14:05:59,23945.7,2026-09-08,24350.0,CE,6.6,6.55,6.6,605107,87468,21011,9.73
2026-09-04 14:05:59,23945.7,2026-09-08,24350.0,PE,373.0,373.95,375.15,8315,2895,-16,
2026-09-04 14:05:59,23945.7,2026-09-08,24400.0,CE,4.85,4.8,4.85,732368,164373,42658,10.04
2026-09-04 14:05:59,23945.7,2026-09-08,24400.0,PE,422.25,422.1,423.55,9765,8131,-270,
2026-09-04 14:05:59,23945.7,2026-09-08,24450.0,CE,3.8,3.75,3.8,290605,62962,10685,10.5
2026-09-04 14:05:59,23945.7,2026-09-08,24450.0,PE,475.0,470.85,472.65,1715,1254,-30,
2026-09-04 14:06:59,23946.05,2026-09-08,23450.0,CE,535.0,535.7,537.05,1338,704,42,15.09
2026-09-04 14:06:59,23946.05,2026-09-08,23450.0,PE,4.45,4.4,4.45,306115,47785,16723,11.77
2026-09-04 14:06:59,23946.05,2026-09-08,23500.0,CE,485.15,486.25,487.25,20005,4644,-346,13.56
2026-09-04 14:06:59,23946.05,2026-09-08,23500.0,PE,5.4,5.35,5.4,791298,175537,13307,11.25
2026-09-04 14:06:59,23946.05,2026-09-08,23550.0,CE,436.75,437.8,439.2,3374,1072,140,13.28
2026-09-04 14:06:59,23946.05,2026-09-08,23550.0,PE,6.8,6.75,6.8,465063,50981,18096,10.78
2026-09-04 14:06:59,23946.05,2026-09-08,23600.0,CE,390.4,389.9,391.0,21356,4420,227,12.44
2026-09-04 14:06:59,23946.05,2026-09-08,23600.0,PE,8.75,8.7,8.75,988364,155433,28573,10.37
2026-09-04 14:06:59,23946.05,2026-09-08,23650.0,CE,344.0,343.4,344.3,14323,2545,579,11.42
2026-09-04 14:06:59,23946.05,2026-09-08,23650.0,PE,11.9,11.9,11.95,789679,60825,19009,10.1
2026-09-04 14:06:59,23946.05,2026-09-08,23700.0,CE,298.0,297.7,298.0,94815,9367,-51,11.26
2026-09-04 14:06:59,23946.05,2026-09-08,23700.0,PE,16.2,16.2,16.25,1446852,150865,58612,9.8
2026-09-04 14:06:59,23946.05,2026-09-08,23750.0,CE,253.95,253.9,254.55,105210,9459,2919,10.77
2026-09-04 14:06:59,23946.05,2026-09-08,23750.0,PE,22.55,22.5,22.55,1239489,95258,53843,9.55
2026-09-04 14:06:59,23946.05,2026-09-08,23800.0,CE,213.05,212.75,213.05,677536,45471,2241,10.32
2026-09-04 14:06:59,23946.05,2026-09-08,23800.0,PE,31.25,31.25,31.35,2531209,243089,132994,9.4
2026-09-04 14:06:59,23946.05,2026-09-08,23850.0,CE,174.55,174.2,174.55,675273,32533,4877,10.01
2026-09-04 14:06:59,23946.05,2026-09-08,23850.0,PE,42.4,42.4,42.55,2107088,145981,89159,9.16
2026-09-04 14:06:59,23946.05,2026-09-08,23900.0,CE,139.35,139.35,139.6,2923757,141935,22350,9.77
2026-09-04 14:06:59,23946.05,2026-09-08,23900.0,PE,57.35,57.35,57.5,5203801,364410,257678,8.97
2026-09-04 14:06:59,23946.05,2026-09-08,23950.0,CE,108.15,107.85,108.15,3494644,194178,103223,9.56
2026-09-04 14:06:59,23946.05,2026-09-08,23950.0,PE,76.25,76.1,76.25,4531970,237982,195673,8.81
2026-09-04 14:06:59,23946.05,2026-09-08,24000.0,CE,81.55,81.5,81.6,5606371,395568,112595,9.38
2026-09-04 14:06:59,23946.05,2026-09-08,24000.0,PE,99.85,99.6,99.85,4178729,202756,89032,8.64
2026-09-04 14:06:59,23946.05,2026-09-08,24050.0,CE,59.65,59.65,59.8,2407067,166244,46365,9.26
2026-09-04 14:06:59,23946.05,2026-09-08,24050.0,PE,127.9,127.55,127.9,1084744,50284,33156,8.5
2026-09-04 14:06:59,23946.05,2026-09-08,24100.0,CE,42.6,42.6,42.65,2870771,244886,58149,9.22
2026-09-04 14:06:59,23946.05,2026-09-08,24100.0,PE,160.85,160.45,160.85,971942,65139,13986,8.31
2026-09-04 14:06:59,23946.05,2026-09-08,24150.0,CE,29.4,29.4,29.45,1479726,127295,47198,9.17
2026-09-04 14:06:59,23946.05,2026-09-08,24150.0,PE,197.65,197.35,197.8,219771,17822,6887,8.09
2026-09-04 14:06:59,23946.05,2026-09-08,24200.0,CE,20.25,20.25,20.3,2099278,235256,53916,9.26
2026-09-04 14:06:59,23946.05,2026-09-08,24200.0,PE,238.25,237.7,238.25,281261,41668,1354,7.9
2026-09-04 14:06:59,23946.05,2026-09-08,24250.0,CE,13.65,13.65,13.7,984955,97023,29135,9.33
2026-09-04 14:06:59,23946.05,2026-09-08,24250.0,PE,281.65,280.8,281.55,43167,7718,1106,7.29
2026-09-04 14:06:59,23946.05,2026-09-08,24300.0,CE,9.1,9.1,9.15,1284354,193845,36733,9.43
2026-09-04 14:06:59,23946.05,2026-09-08,24300.0,PE,327.6,326.55,327.5,61614,20427,2841,6.32
2026-09-04 14:06:59,23946.05,2026-09-08,24350.0,CE,6.6,6.55,6.6,605148,87468,21011,9.73
2026-09-04 14:06:59,23946.05,2026-09-08,24350.0,PE,373.0,373.5,374.65,8315,2895,-16,
2026-09-04 14:06:59,23946.05,2026-09-08,24400.0,CE,4.85,4.8,4.85,732385,164373,42658,10.07
2026-09-04 14:06:59,23946.05,2026-09-08,24400.0,PE,423.25,421.85,423.25,9775,8131,-270,
2026-09-04 14:06:59,23946.05,2026-09-08,24450.0,CE,3.8,3.75,3.8,290617,62962,10685,10.51
2026-09-04 14:06:59,23946.05,2026-09-08,24450.0,PE,475.0,470.75,472.35,1715,1254,-30,
2026-09-04 14:07:59,23947.55,2026-09-08,23450.0,CE,535.0,535.15,536.8,1338,704,42,15.09
2026-09-04 14:07:59,23947.55,2026-09-08,23450.0,PE,4.45,4.4,4.45,306641,47607,16545,11.77
2026-09-04 14:07:59,23947.55,2026-09-08,23500.0,CE,484.6,485.0,486.15,20012,4640,-350,13.56
2026-09-04 14:07:59,23947.55,2026-09-08,23500.0,PE,5.4,5.35,5.4,792257,175224,12994,11.25
2026-09-04 14:07:59,23947.55,2026-09-08,23550.0,CE,436.15,436.5,437.95,3377,1071,139,13.28
2026-09-04 14:07:59,23947.55,2026-09-08,23550.0,PE,6.8,6.75,6.8,466029,50802,17917,10.78
2026-09-04 14:07:59,23947.55,2026-09-08,23600.0,CE,389.75,388.95,390.0,21392,4415,222,12.44
2026-09-04 14:07:59,23947.55,2026-09-08,23600.0,PE,8.75,8.75,8.8,990109,155324,28464,10.37
2026-09-04 14:07:59,23947.55,2026-09-08,23650.0,CE,341.7,342.65,343.6,14343,2511,545,11.42
2026-09-04 14:07:59,23947.55,2026-09-08,23650.0,PE,12.0,11.95,12.05,790969,60895,19079,10.1
2026-09-04 14:07:59,23947.55,2026-09-08,23700.0,CE,296.85,296.65,297.0,94921,9344,-74,11.26
2026-09-04 14:07:59,23947.55,2026-09-08,23700.0,PE,16.4,16.35,16.4,1450503,150548,58295,9.8
2026-09-04 14:07:59,23947.55,2026-09-08,23750.0,CE,252.85,253.1,253.75,105389,9339,2799,10.77
2026-09-04 14:07:59,23947.55,2026-09-08,23750.0,PE,22.65,22.65,22.75,1242234,94765,53350,9.55
2026-09-04 14:07:59,23947.55,2026-09-08,23800.0,CE,212.6,212.25,212.7,678514,45129,1899,10.32
2026-09-04 14:07:59,23947.55,2026-09-08,23800.0,PE,31.45,31.35,31.45,2537760,244912,134817,9.4
2026-09-04 14:07:59,23947.55,2026-09-08,23850.0,CE,174.15,174.1,174.5,676550,32400,4744,10.01
2026-09-04 14:07:59,23947.55,2026-09-08,23850.0,PE,42.55,42.5,42.6,2110708,145757,88935,9.16
2026-09-04 14:07:59,23947.55,2026-09-08,23900.0,CE,139.15,139.15,139.5,2929662,141916,22331,9.77
2026-09-04 14:07:59,23947.55,2026-09-08,23900.0,PE,57.65,57.5,57.65,5214808,363234,256502,8.97
2026-09-04 14:07:59,23947.55,2026-09-08,23950.0,CE,107.45,107.45,107.65,3503878,194434,103479,9.56
2026-09-04 14:07:59,23947.55,2026-09-08,23950.0,PE,76.45,76.5,76.65,4540270,237401,195092,8.81
2026-09-04 14:07:59,23947.55,2026-09-08,24000.0,CE,81.25,81.25,81.3,5619498,398887,115914,9.38
2026-09-04 14:07:59,23947.55,2026-09-08,24000.0,PE,100.15,100.0,100.2,4185411,202917,89193,8.64
2026-09-04 14:07:59,23947.55,2026-09-08,24050.0,CE,59.8,59.65,59.8,2413684,167329,47450,9.26
2026-09-04 14:07:59,23947.55,2026-09-08,24050.0,PE,128.75,128.5,128.7,1086348,50150,33022,8.5
2026-09-04 14:07:59,23947.55,2026-09-08,24100.0,CE,42.4,42.3,42.4,2876912,246746,60009,9.22
2026-09-04 14:07:59,23947.55,2026-09-08,24100.0,PE,161.75,161.35,161.75,974876,65005,13852,8.31
2026-09-04 14:07:59,23947.55,2026-09-08,24150.0,CE,29.3,29.3,29.4,1483166,127563,47466,9.17
2026-09-04 14:07:59,23947.55,2026-09-08,24150.0,PE,198.75,197.8,198.3,220384,17918,6983,8.09
2026-09-04 14:07:59,23947.55,2026-09-08,24200.0,CE,20.25,20.15,20.25,2103518,234398,53058,9.26
2026-09-04 14:07:59,23947.55,2026-09-08,24200.0,PE,239.3,238.75,239.4,281653,41748,1434,7.9
2026-09-04 14:07:59,23947.55,2026-09-08,24250.0,CE,13.7,13.65,13.7,986767,97316,29428,9.33
2026-09-04 14:07:59,23947.55,2026-09-08,24250.0,PE,283.6,282.05,282.85,43234,7688,1076,7.29
2026-09-04 14:07:59,23947.55,2026-09-08,24300.0,CE,9.1,9.1,9.15,1285929,194162,37050,9.43
2026-09-04 14:07:59,23947.55,2026-09-08,24300.0,PE,326.7,327.35,328.5,61634,20421,2835,6.32
2026-09-04 14:07:59,23947.55,2026-09-08,24350.0,CE,6.65,6.6,6.65,605536,87509,21052,9.73
2026-09-04 14:07:59,23947.55,2026-09-08,24350.0,PE,375.0,374.35,375.45,8319,2895,-16,
2026-09-04 14:07:59,23947.55,2026-09-08,24400.0,CE,4.85,4.8,4.85,733303,164096,42381,10.07
2026-09-04 14:07:59,23947.55,2026-09-08,24400.0,PE,425.0,422.8,424.45,9796,8125,-276,
2026-09-04 14:07:59,23947.55,2026-09-08,24450.0,CE,3.8,3.75,3.8,290869,62859,10582,10.51
2026-09-04 14:07:59,23947.55,2026-09-08,24450.0,PE,475.0,471.7,473.4,1715,1254,-30,
2026-09-04 14:09:00,23942.0,2026-09-08,23450.0,CE,535.0,532.0,533.5,1338,704,42,15.09
2026-09-04 14:09:00,23942.0,2026-09-08,23450.0,PE,4.5,4.45,4.5,307392,47808,16746,11.77
2026-09-04 14:09:00,23942.0,2026-09-08,23500.0,CE,485.4,483.35,484.1,20015,4638,-352,13.56
2026-09-04 14:09:00,23942.0,2026-09-08,23500.0,PE,5.45,5.4,5.45,794214,175161,12931,11.25
2026-09-04 14:09:00,23942.0,2026-09-08,23550.0,CE,436.15,434.2,435.55,3377,1071,139,13.28
2026-09-04 14:09:00,23942.0,2026-09-08,23550.0,PE,6.9,6.85,6.9,467059,51011,18126,10.78
2026-09-04 14:09:00,23942.0,2026-09-08,23600.0,CE,386.45,386.55,387.7,21493,4441,248,12.44
2026-09-04 14:09:00,23942.0,2026-09-08,23600.0,PE,8.9,8.85,8.95,992598,155655,28795,10.37
2026-09-04 14:09:00,23942.0,2026-09-08,23650.0,CE,338.25,339.85,340.75,14358,2500,534,11.42
2026-09-04 14:09:00,23942.0,2026-09-08,23650.0,PE,12.25,12.2,12.25,792858,60794,18978,10.1
2026-09-04 14:09:00,23942.0,2026-09-08,23700.0,CE,294.95,295.05,295.85,95146,9349,-69,11.26
2026-09-04 14:09:00,23942.0,2026-09-08,23700.0,PE,16.55,16.5,16.55,1453797,150541,58288,9.8
2026-09-04 14:09:00,23942.0,2026-09-08,23750.0,CE,251.7,251.5,252.2,105594,9399,2859,10.77
2026-09-04 14:09:00,23942.0,2026-09-08,23750.0,PE,22.95,22.9,23.0,1245553,95245,53830,9.55
2026-09-04 14:09:00,23942.0,2026-09-08,23800.0,CE,210.0,209.85,210.0,679714,45011,1781,10.32
2026-09-04 14:09:00,23942.0,2026-09-08,23800.0,PE,32.05,32.0,32.05,2544063,243897,133802,9.4
2026-09-04 14:09:00,23942.0,2026-09-08,23850.0,CE,172.15,171.85,172.15,677735,32284,4628,10.01
2026-09-04 14:09:00,23942.0,2026-09-08,23850.0,PE,43.4,43.3,43.35,2116295,145782,88960,9.16
2026-09-04 14:09:00,23942.0,2026-09-08,23900.0,CE,136.85,136.9,137.25,2936324,142027,22442,9.77
2026-09-04 14:09:00,23942.0,2026-09-08,23900.0,PE,58.75,58.6,58.75,5226234,362940,256208,8.97
2026-09-04 14:09:00,23942.0,2026-09-08,23950.0,CE,105.85,105.85,106.1,3513153,195148,104193,9.56
2026-09-04 14:09:00,23942.0,2026-09-08,23950.0,PE,77.9,77.7,77.85,4550293,238326,196017,8.81
2026-09-04 14:09:00,23942.0,2026-09-08,24000.0,CE,80.0,79.9,80.0,5637176,400362,117389,9.38
2026-09-04 14:09:00,23942.0,2026-09-08,24000.0,PE,101.55,101.55,101.75,4193528,204612,90888,8.64
2026-09-04 14:09:00,23942.0,2026-09-08,24050.0,CE,58.85,58.65,58.8,2420464,167831,47952,9.26
2026-09-04 14:09:00,23942.0,2026-09-08,24050.0,PE,129.85,129.45,129.75,1088287,50428,33300,8.5
2026-09-04 14:09:00,23942.0,2026-09-08,24100.0,CE,41.8,41.8,41.95,2884756,247333,60596,9.22
2026-09-04 14:09:00,23942.0,2026-09-08,24100.0,PE,162.85,162.5,162.95,977028,65663,14510,8.31
2026-09-04 14:09:00,23942.0,2026-09-08,24150.0,CE,28.8,28.8,28.9,1486833,127498,47401,9.17
2026-09-04 14:09:00,23942.0,2026-09-08,24150.0,PE,200.6,200.15,200.7,220895,17915,6980,8.09
2026-09-04 14:09:00,23942.0,2026-09-08,24200.0,CE,19.9,19.9,20.0,2111261,235134,53794,9.26
2026-09-04 14:09:00,23942.0,2026-09-08,24200.0,PE,240.6,240.25,240.85,281993,41597,1283,7.9
2026-09-04 14:09:00,23942.0,2026-09-08,24250.0,CE,13.55,13.5,13.55,990903,96886,28998,9.33
2026-09-04 14:09:00,23942.0,2026-09-08,24250.0,PE,284.4,284.4,285.2,43270,7696,1084,7.29
2026-09-04 14:09:00,23942.0,2026-09-08,24300.0,CE,9.0,9.0,9.05,1289047,194422,37310,9.43
2026-09-04 14:09:00,23942.0,2026-09-08,24300.0,PE,332.85,330.15,331.1,61667,20424,2838,6.32
2026-09-04 14:09:00,23942.0,2026-09-08,24350.0,CE,6.55,6.5,6.55,606739,87684,21227,9.73
2026-09-04 14:09:00,23942.0,2026-09-08,24350.0,PE,375.1,377.15,378.35,8335,2892,-19,
2026-09-04 14:09:00,23942.0,2026-09-08,24400.0,CE,4.8,4.8,4.85,734683,164151,42436,10.07
2026-09-04 14:09:00,23942.0,2026-09-08,24400.0,PE,423.75,424.65,426.25,9799,8124,-277,
2026-09-04 14:09:00,23942.0,2026-09-08,24450.0,CE,3.8,3.75,3.8,291441,62931,10654,10.51
2026-09-04 14:09:00,23942.0,2026-09-08,24450.0,PE,475.0,474.15,475.95,1715,1254,-30,
2026-09-04 14:10:00,23942.5,2026-09-08,23450.0,CE,535.0,531.7,533.1,1338,704,42,14.71
2026-09-04 14:10:00,23942.5,2026-09-08,23450.0,PE,4.45,4.45,4.5,307474,47755,16693,11.77
2026-09-04 14:10:00,23942.5,2026-09-08,23500.0,CE,481.55,482.15,483.35,20018,4640,-350,13.71
2026-09-04 14:10:00,23942.5,2026-09-08,23500.0,PE,5.4,5.4,5.45,794664,175112,12882,11.26
2026-09-04 14:10:00,23942.5,2026-09-08,23550.0,CE,433.65,433.7,435.1,3378,1070,138,12.96
2026-09-04 14:10:00,23942.5,2026-09-08,23550.0,PE,6.85,6.85,6.9,467221,50700,17815,10.8
2026-09-04 14:10:00,23942.5,2026-09-08,23600.0,CE,388.6,386.1,387.3,21507,4398,205,12.04
2026-09-04 14:10:00,23942.5,2026-09-08,23600.0,PE,8.9,8.9,8.95,993655,155400,28540,10.39
2026-09-04 14:10:00,23942.5,2026-09-08,23650.0,CE,340.9,339.5,340.45,14364,2500,534,11.16
2026-09-04 14:10:00,23942.5,2026-09-08,23650.0,PE,12.25,12.25,12.3,793900,60832,19016,10.11
2026-09-04 14:10:00,23942.5,2026-09-08,23700.0,CE,296.05,294.15,294.95,95168,9335,-83,10.91
2026-09-04 14:10:00,23942.5,2026-09-08,23700.0,PE,16.65,16.65,16.7,1455981,150621,58368,9.82
2026-09-04 14:10:00,23942.5,2026-09-08,23750.0,CE,251.8,250.5,251.1,105669,9362,2822,10.59
2026-09-04 14:10:00,23942.5,2026-09-08,23750.0,PE,23.2,23.1,23.2,1246813,95111,53696,9.59
2026-09-04 14:10:00,23942.5,2026-09-08,23800.0,CE,210.15,209.5,210.1,680397,44930,1700,10.3
2026-09-04 14:10:00,23942.5,2026-09-08,23800.0,PE,32.15,32.05,32.15,2548408,243192,133097,9.41
2026-09-04 14:10:00,23942.5,2026-09-08,23850.0,CE,171.7,171.4,171.8,678352,32104,4448,9.95
2026-09-04 14:10:00,23942.5,2026-09-08,23850.0,PE,43.6,43.45,43.6,2119058,145546,88724,9.18
2026-09-04 14:10:00,23942.5,2026-09-08,23900.0,CE,136.65,136.6,136.95,2938896,141230,21645,9.72
2026-09-04 14:10:00,23942.5,2026-09-08,23900.0,PE,58.9,58.9,59.0,5235053,364127,257395,9.02
2026-09-04 14:10:00,23942.5,2026-09-08,23950.0,CE,105.9,105.7,105.95,3517011,194537,103582,9.51
2026-09-04 14:10:00,23942.5,2026-09-08,23950.0,PE,77.8,77.8,78.0,4555760,239311,197002,8.84
2026-09-04 14:10:00,23942.5,2026-09-08,24000.0,CE,79.85,79.8,79.85,5642630,400606,117633,9.31
2026-09-04 14:10:00,23942.5,2026-09-08,24000.0,PE,101.8,101.75,102.0,4199060,204902,91178,8.71
2026-09-04 14:10:00,23942.5,2026-09-08,24050.0,CE,58.25,58.2,58.35,2422437,167543,47664,9.24
2026-09-04 14:10:00,23942.5,2026-09-08,24050.0,PE,130.6,130.25,130.5,1089205,50617,33489,8.58
2026-09-04 14:10:00,23942.5,2026-09-08,24100.0,CE,41.55,41.5,41.6,2888205,246357,59620,9.18
2026-09-04 14:10:00,23942.5,2026-09-08,24100.0,PE,163.6,163.5,163.7,977857,65442,14289,8.4
2026-09-04 14:10:00,23942.5,2026-09-08,24150.0,CE,28.7,28.7,28.8,1488330,127618,47521,9.16
2026-09-04 14:10:00,23942.5,2026-09-08,24150.0,PE,200.9,200.65,201.0,221042,17820,6885,8.19
2026-09-04 14:10:00,23942.5,2026-09-08,24200.0,CE,19.95,19.85,19.95,2115265,234411,53071,9.22
2026-09-04 14:10:00,23942.5,2026-09-08,24200.0,PE,241.65,241.5,242.0,282168,41532,1218,8.06
2026-09-04 14:10:00,23942.5,2026-09-08,24250.0,CE,13.5,13.5,13.55,992270,96748,28860,9.29
2026-09-04 14:10:00,23942.5,2026-09-08,24250.0,PE,284.35,284.85,285.65,43309,7693,1081,7.71
2026-09-04 14:10:00,23942.5,2026-09-08,24300.0,CE,9.05,9.0,9.05,1290521,194493,37381,9.4
2026-09-04 14:10:00,23942.5,2026-09-08,24300.0,PE,329.95,330.5,331.45,61720,20415,2829,7.16
2026-09-04 14:10:00,23942.5,2026-09-08,24350.0,CE,6.55,6.5,6.55,607275,87745,21288,9.73
2026-09-04 14:10:00,23942.5,2026-09-08,24350.0,PE,375.1,377.55,378.75,8335,2892,-19,
2026-09-04 14:10:00,23942.5,2026-09-08,24400.0,CE,4.8,4.75,4.8,735486,164296,42581,10.04
2026-09-04 14:10:00,23942.5,2026-09-08,24400.0,PE,427.0,425.75,427.4,9802,8120,-281,
2026-09-04 14:10:00,23942.5,2026-09-08,24450.0,CE,3.75,3.7,3.75,292199,62683,10406,10.5
2026-09-04 14:10:00,23942.5,2026-09-08,24450.0,PE,475.0,474.7,476.45,1715,1254,-30,
2026-09-04 14:11:01,23945.1,2026-09-08,23450.0,CE,535.0,533.65,535.1,1345,699,37,14.71
2026-09-04 14:11:01,23945.1,2026-09-08,23450.0,PE,4.4,4.4,4.45,308062,47778,16716,11.77
2026-09-04 14:11:01,23945.1,2026-09-08,23500.0,CE,484.3,484.5,485.95,20039,4640,-350,13.71
2026-09-04 14:11:01,23945.1,2026-09-08,23500.0,PE,5.35,5.35,5.4,795219,175175,12945,11.26
2026-09-04 14:11:01,23945.1,2026-09-08,23550.0,CE,437.55,436.2,437.5,3392,1070,138,12.96
2026-09-04 14:11:01,23945.1,2026-09-08,23550.0,PE,6.8,6.75,6.8,467798,50697,17812,10.8
2026-09-04 14:11:01,23945.1,2026-09-08,23600.0,CE,389.1,388.35,389.45,21546,4406,213,12.04
2026-09-04 14:11:01,23945.1,2026-09-08,23600.0,PE,8.8,8.75,8.8,995736,155681,28821,10.39
2026-09-04 14:11:01,23945.1,2026-09-08,23650.0,CE,342.2,341.6,342.6,14412,2504,538,11.16
2026-09-04 14:11:01,23945.1,2026-09-08,23650.0,PE,12.05,12.05,12.1,795443,61135,19319,10.11
2026-09-04 14:11:01,23945.1,2026-09-08,23700.0,CE,296.1,296.1,296.85,95285,9335,-83,10.91
2026-09-04 14:11:01,23945.1,2026-09-08,23700.0,PE,16.45,16.4,16.5,1458557,150662,58409,9.82
2026-09-04 14:11:01,23945.1,2026-09-08,23750.0,CE,252.45,252.3,252.95,105870,9341,2801,10.59
2026-09-04 14:11:01,23945.1,2026-09-08,23750.0,PE,22.9,22.8,22.85,1249333,95297,53882,9.59
2026-09-04 14:11:01,23945.1,2026-09-08,23800.0,CE,211.65,211.55,211.8,680923,44886,1656,10.3
2026-09-04 14:11:01,23945.1,2026-09-08,23800.0,PE,31.7,31.6,31.7,2552297,244218,134123,9.41
2026-09-04 14:11:01,23945.1,2026-09-08,23850.0,CE,172.95,172.95,173.35,678879,32096,4440,9.95
2026-09-04 14:11:01,23945.1,2026-09-08,23850.0,PE,43.0,42.9,43.05,2122533,145982,89160,9.18
2026-09-04 14:11:01,23945.1,2026-09-08,23900.0,CE,138.3,138.15,138.3,2942011,141018,21433,9.72
2026-09-04 14:11:01,23945.1,2026-09-08,23900.0,PE,58.25,58.1,58.2,5242345,365528,258796,9.02
2026-09-04 14:11:01,23945.1,2026-09-08,23950.0,CE,106.8,106.8,107.0,3522137,194434,103479,9.51
2026-09-04 14:11:01,23945.1,2026-09-08,23950.0,PE,77.2,77.0,77.2,4563318,240460,198151,8.84
2026-09-04 14:11:01,23945.1,2026-09-08,24000.0,CE,80.45,80.4,80.65,5655581,400251,117278,9.31
2026-09-04 14:11:01,23945.1,2026-09-08,24000.0,PE,100.9,100.8,100.85,4204377,206422,92698,8.71
2026-09-04 14:11:01,23945.1,2026-09-08,24050.0,CE,59.05,59.05,59.2,2425982,167294,47415,9.24
2026-09-04 14:11:01,23945.1,2026-09-08,24050.0,PE,129.2,128.9,129.2,1090806,50672,33544,8.58
2026-09-04 14:11:01,23945.1,2026-09-08,24100.0,CE,42.15,42.1,42.15,2894631,246068,59331,9.18
2026-09-04 14:11:01,23945.1,2026-09-08,24100.0,PE,162.4,162.0,162.45,979295,65451,14298,8.4
2026-09-04 14:11:01,23945.1,2026-09-08,24150.0,CE,29.2,29.2,29.3,1490656,127572,47475,9.16
2026-09-04 14:11:01,23945.1,2026-09-08,24150.0,PE,199.4,199.0,199.35,221325,17840,6905,8.19
2026-09-04 14:11:01,23945.1,2026-09-08,24200.0,CE,20.25,20.2,20.25,2118369,234969,53629,9.22
2026-09-04 14:11:01,23945.1,2026-09-08,24200.0,PE,239.55,239.6,240.2,282539,41548,1234,8.06
2026-09-04 14:11:01,23945.1,2026-09-08,24250.0,CE,13.75,13.75,13.8,994331,96745,28857,9.29
2026-09-04 14:11:01,23945.1,2026-09-08,24250.0,PE,284.25,282.9,283.7,43386,7700,1088,7.71
2026-09-04 14:11:01,23945.1,2026-09-08,24300.0,CE,9.15,9.15,9.2,1293137,194479,37367,9.4
2026-09-04 14:11:01,23945.1,2026-09-08,24300.0,PE,329.3,329.0,329.35,61824,20438,2852,7.16
2026-09-04 14:11:01,23945.1,2026-09-08,24350.0,CE,6.7,6.65,6.7,608621,87851,21394,9.73
2026-09-04 14:11:01,23945.1,2026-09-08,24350.0,PE,377.9,375.55,376.7,8365,2888,-23,
2026-09-04 14:11:01,23945.1,2026-09-08,24400.0,CE,4.85,4.85,4.9,737782,164527,42812,10.04
2026-09-04 14:11:01,23945.1,2026-09-08,24400.0,PE,426.35,423.7,424.95,9824,8120,-281,
2026-09-04 14:11:01,23945.1,2026-09-08,24450.0,CE,3.85,3.8,3.85,292660,62722,10445,10.5
2026-09-04 14:11:01,23945.1,2026-09-08,24450.0,PE,475.2,472.45,474.05,1722,1254,-30,
2026-09-04 14:12:01,23946.7,2026-09-08,23450.0,CE,536.8,536.15,537.85,1348,699,37,15.8
2026-09-04 14:12:01,23946.7,2026-09-08,23450.0,PE,4.45,4.4,4.45,308295,47655,16593,11.78
2026-09-04 14:12:01,23946.7,2026-09-08,23500.0,CE,487.95,487.2,488.4,20045,4654,-336,14.43
2026-09-04 14:12:01,23946.7,2026-09-08,23500.0,PE,5.3,5.3,5.35,796404,175228,12998,11.23
2026-09-04 14:12:01,23946.7,2026-09-08,23550.0,CE,438.6,438.7,440.25,3395,1069,137,14.01
2026-09-04 14:12:01,23946.7,2026-09-08,23550.0,PE,6.7,6.7,6.75,468500,50648,17763,10.77
2026-09-04 14:12:01,23946.7,2026-09-08,23600.0,CE,392.2,391.0,392.25,21575,4389,196,13.08
2026-09-04 14:12:01,23946.7,2026-09-08,23600.0,PE,8.6,8.6,8.65,997033,155897,29037,10.34
2026-09-04 14:12:01,23946.7,2026-09-08,23650.0,CE,344.0,344.2,345.15,14428,2472,506,12.25
2026-09-04 14:12:01,23946.7,2026-09-08,23650.0,PE,11.85,11.8,11.85,796770,61338,19522,10.04
2026-09-04 14:12:01,23946.7,2026-09-08,23700.0,CE,298.4,298.55,299.0,95423,9358,-60,11.82
2026-09-04 14:12:01,23946.7,2026-09-08,23700.0,PE,16.05,16.05,16.15,1461329,150581,58328,9.73
2026-09-04 14:12:01,23946.7,2026-09-08,23750.0,CE,255.45,254.85,255.5,106086,9336,2796,11.06
2026-09-04 14:12:01,23946.7,2026-09-08,23750.0,PE,22.35,22.3,22.4,1251883,95669,54254,9.48
2026-09-04 14:12:01,23946.7,2026-09-08,23800.0,CE,212.9,213.0,213.5,682363,44837,1607,10.71
2026-09-04 14:12:01,23946.7,2026-09-08,23800.0,PE,31.15,31.15,31.2,2557666,244162,134067,9.27
2026-09-04 14:12:01,23946.7,2026-09-08,23850.0,CE,175.5,174.95,175.4,679983,32101,4445,10.41
2026-09-04 14:12:01,23946.7,2026-09-08,23850.0,PE,42.0,41.95,42.05,2127392,146350,89528,9.02
2026-09-04 14:12:01,23946.7,2026-09-08,23900.0,CE,140.0,140.0,140.1,2948257,140672,21087,10.04
2026-09-04 14:12:01,23946.7,2026-09-08,23900.0,PE,57.0,56.85,57.0,5254389,366156,259424,8.82
2026-09-04 14:12:01,23946.7,2026-09-08,23950.0,CE,108.4,108.4,108.55,3529928,193764,102809,9.77
2026-09-04 14:12:01,23946.7,2026-09-08,23950.0,PE,75.55,75.35,75.5,4573008,241448,199139,8.58
2026-09-04 14:12:01,23946.7,2026-09-08,24000.0,CE,81.8,81.8,81.9,5669902,397141,114168,9.57
2026-09-04 14:12:01,23946.7,2026-09-08,24000.0,PE,98.9,98.75,98.9,4213319,205805,92081,8.38
2026-09-04 14:12:01,23946.7,2026-09-08,24050.0,CE,60.0,59.95,60.0,2431010,167278,47399,9.39
2026-09-04 14:12:01,23946.7,2026-09-08,24050.0,PE,127.05,126.85,127.05,1092783,50880,33752,8.2
2026-09-04 14:12:01,23946.7,2026-09-08,24100.0,CE,42.65,42.65,42.8,2899371,245700,58963,9.32
2026-09-04 14:12:01,23946.7,2026-09-08,24100.0,PE,159.9,159.5,159.9,981329,65666,14513,8.0
2026-09-04 14:12:01,23946.7,2026-09-08,24150.0,CE,29.45,29.35,29.45,1494525,127401,47304,9.27
2026-09-04 14:12:01,23946.7,2026-09-08,24150.0,PE,197.2,196.8,197.25,221859,17854,6919,7.68
2026-09-04 14:12:01,23946.7,2026-09-08,24200.0,CE,20.45,20.4,20.45,2122651,234810,53470,9.35
2026-09-04 14:12:01,23946.7,2026-09-08,24200.0,PE,237.65,237.0,237.4,282880,41628,1314,7.22
2026-09-04 14:12:01,23946.7,2026-09-08,24250.0,CE,13.85,13.8,13.9,996662,96148,28260,9.42
2026-09-04 14:12:01,23946.7,2026-09-08,24250.0,PE,280.25,280.15,280.85,43463,7753,1141,6.6
2026-09-04 14:12:01,23946.7,2026-09-08,24300.0,CE,9.25,9.2,9.25,1295661,194182,37070,9.5
2026-09-04 14:12:01,23946.7,2026-09-08,24300.0,PE,327.35,326.0,326.55,61860,20473,2887,
2026-09-04 14:12:01,23946.7,2026-09-08,24350.0,CE,6.65,6.65,6.7,609285,87877,21420,9.82
2026-09-04 14:12:01,23946.7,2026-09-08,24350.0,PE,374.0,372.45,373.65,8369,2903,-8,
2026-09-04 14:12:01,23946.7,2026-09-08,24400.0,CE,4.85,4.8,4.85,738568,164589,42874,10.13
2026-09-04 14:12:01,23946.7,2026-09-08,24400.0,PE,422.4,420.7,422.0,9831,8118,-283,
2026-09-04 14:12:01,23946.7,2026-09-08,24450.0,CE,3.8,3.8,3.85,292861,62642,10365,10.57
2026-09-04 14:12:01,23946.7,2026-09-08,24450.0,PE,471.4,470.2,471.95,1726,1258,-26,
2026-09-04 14:13:02,23947.65,2026-09-08,23450.0,CE,536.15,536.9,538.9,1353,699,37,16.0
2026-09-04 14:13:02,23947.65,2026-09-08,23450.0,PE,4.4,4.4,4.45,308375,47534,16472,11.76
2026-09-04 14:13:02,23947.65,2026-09-08,23500.0,CE,489.0,487.85,489.4,20067,4654,-336,14.01
2026-09-04 14:13:02,23947.65,2026-09-08,23500.0,PE,5.35,5.3,5.35,797123,175140,12910,11.25
2026-09-04 14:13:02,23947.65,2026-09-08,23550.0,CE,438.7,439.45,441.1,3413,1069,137,13.34
2026-09-04 14:13:02,23947.65,2026-09-08,23550.0,PE,6.7,6.7,6.75,468941,50606,17721,10.77
2026-09-04 14:13:02,23947.65,2026-09-08,23600.0,CE,391.6,391.65,392.9,21601,4386,193,13.13
2026-09-04 14:13:02,23947.65,2026-09-08,23600.0,PE,8.65,8.65,8.7,998264,155759,28899,10.36
2026-09-04 14:13:02,23947.65,2026-09-08,23650.0,CE,344.95,345.05,345.9,14473,2473,507,12.26
2026-09-04 14:13:02,23947.65,2026-09-08,23650.0,PE,11.9,11.8,11.9,797413,61143,19327,10.05
2026-09-04 14:13:02,23947.65,2026-09-08,23700.0,CE,299.95,299.3,299.95,95504,9351,-67,11.75
2026-09-04 14:13:02,23947.65,2026-09-08,23700.0,PE,16.1,16.05,16.15,1464076,150409,58156,9.74
2026-09-04 14:13:02,23947.65,2026-09-08,23750.0,CE,256.2,255.45,256.15,106150,9279,2739,11.13
2026-09-04 14:13:02,23947.65,2026-09-08,23750.0,PE,22.4,22.3,22.4,1253409,95794,54379,9.51
2026-09-04 14:13:02,23947.65,2026-09-08,23800.0,CE,214.0,214.0,214.55,683108,44942,1712,10.61
2026-09-04 14:13:02,23947.65,2026-09-08,23800.0,PE,30.9,30.95,31.0,2561301,244893,134798,9.29
2026-09-04 14:13:02,23947.65,2026-09-08,23850.0,CE,175.75,175.4,175.75,680620,32051,4395,10.3
2026-09-04 14:13:02,23947.65,2026-09-08,23850.0,PE,41.8,41.85,41.95,2130533,146386,89564,9.05
2026-09-04 14:13:02,23947.65,2026-09-08,23900.0,CE,140.6,140.25,140.6,2951693,141059,21474,9.99
2026-09-04 14:13:02,23947.65,2026-09-08,23900.0,PE,56.75,56.75,56.9,5260963,366544,259812,8.85
2026-09-04 14:13:02,23947.65,2026-09-08,23950.0,CE,108.85,108.65,108.85,3533779,193284,102329,9.71
2026-09-04 14:13:02,23947.65,2026-09-08,23950.0,PE,75.2,75.2,75.35,4580738,242578,200269,8.63
2026-09-04 14:13:02,23947.65,2026-09-08,24000.0,CE,82.3,82.1,82.3,5676294,395157,112184,9.51
2026-09-04 14:13:02,23947.65,2026-09-08,24000.0,PE,98.5,98.5,98.75,4217790,205434,91710,8.47
2026-09-04 14:13:02,23947.65,2026-09-08,24050.0,CE,60.3,60.15,60.3,2435101,167100,47221,9.35
2026-09-04 14:13:02,23947.65,2026-09-08,24050.0,PE,126.45,126.45,126.65,1099584,51172,34044,8.28
2026-09-04 14:13:02,23947.65,2026-09-08,24100.0,CE,42.85,42.85,42.95,2903566,245299,58562,9.28
2026-09-04 14:13:02,23947.65,2026-09-08,24100.0,PE,159.6,159.3,159.6,982366,65545,14392,8.02
2026-09-04 14:13:02,23947.65,2026-09-08,24150.0,CE,29.75,29.65,29.75,1496581,126892,46795,9.25
2026-09-04 14:13:02,23947.65,2026-09-08,24150.0,PE,195.95,196.05,196.5,222020,17783,6848,7.81
2026-09-04 14:13:02,23947.65,2026-09-08,24200.0,CE,20.5,20.5,20.55,2124782,234444,53104,9.32
2026-09-04 14:13:02,23947.65,2026-09-08,24200.0,PE,236.15,236.35,237.0,283359,41627,1313,7.41
2026-09-04 14:13:02,23947.65,2026-09-08,24250.0,CE,13.9,13.9,13.95,997561,96032,28144,9.4
2026-09-04 14:13:02,23947.65,2026-09-08,24250.0,PE,279.05,279.5,280.3,43522,7728,1116,6.25
2026-09-04 14:13:02,23947.65,2026-09-08,24300.0,CE,9.3,9.25,9.3,1296431,194238,37126,9.5
2026-09-04 14:13:02,23947.65,2026-09-08,24300.0,PE,325.5,325.05,326.05,61938,20464,2878,
2026-09-04 14:13:02,23947.65,2026-09-08,24350.0,CE,6.7,6.7,6.75,609799,87826,21369,9.77
2026-09-04 14:13:02,23947.65,2026-09-08,24350.0,PE,371.7,371.95,373.1,8395,2903,-8,
2026-09-04 14:13:02,23947.65,2026-09-08,24400.0,CE,4.85,4.85,4.9,738969,164550,42835,10.11
2026-09-04 14:13:02,23947.65,2026-09-08,24400.0,PE,419.7,419.75,421.0,9855,8115,-286,
2026-09-04 14:13:02,23947.65,2026-09-08,24450.0,CE,3.8,3.8,3.85,292973,62606,10329,10.54
2026-09-04 14:13:02,23947.65,2026-09-08,24450.0,PE,468.25,468.65,470.75,1728,1258,-26,
2026-09-04 14:14:02,23948.45,2026-09-08,23450.0,CE,536.15,537.6,539.3,1353,698,36,15.8
2026-09-04 14:14:02,23948.45,2026-09-08,23450.0,PE,4.45,4.4,4.45,308391,47534,16472,11.78
2026-09-04 14:14:02,23948.45,2026-09-08,23500.0,CE,489.0,488.45,488.95,20067,4654,-336,14.43
2026-09-04 14:14:02,23948.45,2026-09-08,23500.0,PE,5.3,5.25,5.35,797362,175140,12910,11.23
2026-09-04 14:14:02,23948.45,2026-09-08,23550.0,CE,438.7,439.6,441.0,3413,1070,138,14.01
2026-09-04 14:14:02,23948.45,2026-09-08,23550.0,PE,6.7,6.65,6.7,469051,50606,17721,10.77
2026-09-04 14:14:02,23948.45,2026-09-08,23600.0,CE,391.6,391.75,392.9,21601,4386,193,13.08
2026-09-04 14:14:02,23948.45,2026-09-08,23600.0,PE,8.6,8.6,8.65,998736,155759,28899,10.34
2026-09-04 14:14:02,23948.45,2026-09-08,23650.0,CE,344.9,344.95,345.9,14480,2473,507,12.25
2026-09-04 14:14:02,23948.45,2026-09-08,23650.0,PE,11.85,11.75,11.85,797679,61143,19327,10.04
2026-09-04 14:14:02,23948.45,2026-09-08,23700.0,CE,300.1,299.35,300.2,95550,9351,-67,11.82
2026-09-04 14:14:02,23948.45,2026-09-08,23700.0,PE,16.0,16.0,16.05,1464692,150409,58156,9.73
2026-09-04 14:14:02,23948.45,2026-09-08,23750.0,CE,256.25,255.6,256.2,106221,9279,2739,11.06
2026-09-04 14:14:02,23948.45,2026-09-08,23750.0,PE,22.3,22.2,22.3,1253921,95794,54379,9.48
2026-09-04 14:14:02,23948.45,2026-09-08,23800.0,CE,213.95,214.05,214.4,683467,44952,1722,10.71
2026-09-04 14:14:02,23948.45,2026-09-08,23800.0,PE,30.85,30.8,30.9,2562382,244867,134772,9.27
2026-09-04 14:14:02,23948.45,2026-09-08,23850.0,CE,176.0,175.55,175.95,680873,32051,4395,10.41
2026-09-04 14:14:02,23948.45,2026-09-08,23850.0,PE,41.7,41.7,41.8,2131892,146386,89564,9.02
2026-09-04 14:14:02,23948.45,2026-09-08,23900.0,CE,140.9,140.5,140.7,2955004,141059,21474,10.04
2026-09-04 14:14:02,23948.45,2026-09-08,23900.0,PE,56.6,56.6,56.75,5263722,366544,259812,8.82
2026-09-04 14:14:02,23948.45,2026-09-08,23950.0,CE,108.9,108.8,108.9,3536145,193284,102329,9.77
2026-09-04 14:14:02,23948.45,2026-09-08,23950.0,PE,75.15,75.05,75.2,4583231,242578,200269,8.58
2026-09-04 14:14:02,23948.45,2026-09-08,24000.0,CE,82.3,82.05,82.25,5679887,395157,112184,9.57
2026-09-04 14:14:02,23948.45,2026-09-08,24000.0,PE,98.55,98.45,98.55,4220490,205434,91710,8.38
2026-09-04 14:14:02,23948.45,2026-09-08,24050.0,CE,60.3,60.2,60.3,2436794,167100,47221,9.39
2026-09-04 14:14:02,23948.45,2026-09-08,24050.0,PE,126.15,126.15,126.5,1101070,51172,34044,8.2
2026-09-04 14:14:02,23948.45,2026-09-08,24100.0,CE,42.9,42.9,43.0,2905700,245299,58562,9.32
2026-09-04 14:14:02,23948.45,2026-09-08,24100.0,PE,158.8,159.0,159.35,983043,65545,14392,8.0
2026-09-04 14:14:02,23948.45,2026-09-08,24150.0,CE,29.75,29.75,29.8,1497770,127284,47187,9.27
2026-09-04 14:14:02,23948.45,2026-09-08,24150.0,PE,196.25,196.0,196.3,222119,17813,6878,7.68
2026-09-04 14:14:02,23948.45,2026-09-08,24200.0,CE,20.6,20.5,20.6,2125429,234444,53104,9.35
2026-09-04 14:14:02,23948.45,2026-09-08,24200.0,PE,236.7,236.15,236.8,283465,41627,1313,7.22
2026-09-04 14:14:02,23948.45,2026-09-08,24250.0,CE,14.0,13.95,14.0,998438,96032,28144,9.42
2026-09-04 14:14:02,23948.45,2026-09-08,24250.0,PE,280.2,279.2,280.05,43557,7728,1116,6.6
2026-09-04 14:14:02,23948.45,2026-09-08,24300.0,CE,9.35,9.25,9.35,1296645,194238,37126,9.5
2026-09-04 14:14:02,23948.45,2026-09-08,24300.0,PE,325.0,324.95,325.85,61989,20464,2878,
2026-09-04 14:14:02,23948.45,2026-09-08,24350.0,CE,6.7,6.7,6.75,609873,87826,21369,9.82
2026-09-04 14:14:02,23948.45,2026-09-08,24350.0,PE,371.7,371.8,373.05,8395,2901,-10,
2026-09-04 14:14:02,23948.45,2026-09-08,24400.0,CE,4.85,4.85,4.9,739180,164550,42835,10.13
2026-09-04 14:14:02,23948.45,2026-09-08,24400.0,PE,421.15,420.05,421.4,9859,8115,-286,
2026-09-04 14:14:02,23948.45,2026-09-08,24450.0,CE,3.8,3.8,3.85,293140,62606,10329,10.57
2026-09-04 14:14:02,23948.45,2026-09-08,24450.0,PE,468.25,468.3,470.5,1728,1257,-27,
2026-09-04 14:15:02,23947.95,2026-09-08,23450.0,CE,539.7,540.6,542.8,1358,697,35,16.0
2026-09-04 14:15:02,23947.95,2026-09-08,23450.0,PE,4.35,4.35,4.4,308693,47425,16363,11.76
2026-09-04 14:15:02,23947.95,2026-09-08,23500.0,CE,491.0,491.55,492.0,20095,4640,-350,14.01
2026-09-04 14:15:02,23947.95,2026-09-08,23500.0,PE,5.3,5.25,5.3,798350,175262,13032,11.25
2026-09-04 14:15:02,23947.95,2026-09-08,23550.0,CE,443.9,443.0,444.35,3417,1069,137,13.34
2026-09-04 14:15:02,23947.95,2026-09-08,23550.0,PE,6.6,6.55,6.6,469786,50600,17715,10.77
2026-09-04 14:15:02,23947.95,2026-09-08,23600.0,CE,396.0,395.05,396.3,21653,4372,179,13.13
2026-09-04 14:15:02,23947.95,2026-09-08,23600.0,PE,8.4,8.4,8.45,1001584,155910,29050,10.36
2026-09-04 14:15:02,23947.95,2026-09-08,23650.0,CE,348.0,348.2,349.0,14492,2458,492,12.26
2026-09-04 14:15:02,23947.95,2026-09-08,23650.0,PE,11.45,11.45,11.5,800167,61025,19209,10.05
2026-09-04 14:15:02,23947.95,2026-09-08,23700.0,CE,302.4,302.35,303.0,95698,9320,-98,11.75
2026-09-04 14:15:02,23947.95,2026-09-08,23700.0,PE,15.55,15.55,15.6,1469142,150053,57800,9.74
2026-09-04 14:15:02,23947.95,2026-09-08,23750.0,CE,259.2,258.55,259.2,106504,9189,2649,11.13
2026-09-04 14:15:02,23947.95,2026-09-08,23750.0,PE,21.6,21.6,21.7,1257502,95883,54468,9.51
2026-09-04 14:15:02,23947.95,2026-09-08,23800.0,CE,217.0,216.95,217.0,686025,44390,1160,10.61
2026-09-04 14:15:02,23947.95,2026-09-08,23800.0,PE,30.05,30.0,30.05,2572130,245155,135060,9.29
2026-09-04 14:15:02,23947.95,2026-09-08,23850.0,CE,178.5,178.2,178.4,682661,32241,4585,10.3
2026-09-04 14:15:02,23947.95,2026-09-08,23850.0,PE,40.6,40.65,40.75,2138800,146412,89590,9.05
2026-09-04 14:15:02,23947.95,2026-09-08,23900.0,CE,143.0,142.6,142.95,2966184,142985,23400,9.99
2026-09-04 14:15:02,23947.95,2026-09-08,23900.0,PE,55.35,55.25,55.35,5283119,367430,260698,8.85
2026-09-04 14:15:02,23947.95,2026-09-08,23950.0,CE,110.6,110.65,110.9,3549115,193424,102469,9.71
2026-09-04 14:15:02,23947.95,2026-09-08,23950.0,PE,73.4,73.4,73.55,4601059,243221,200912,8.63
2026-09-04 14:15:02,23947.95,2026-09-08,24000.0,CE,83.9,83.7,83.9,5696232,394377,111404,9.51
2026-09-04 14:15:02,23947.95,2026-09-08,24000.0,PE,96.35,96.35,96.55,4233755,207322,93598,8.47
2026-09-04 14:15:02,23947.95,2026-09-08,24050.0,CE,61.5,61.45,61.55,2444545,166941,47062,9.35
2026-09-04 14:15:02,23947.95,2026-09-08,24050.0,PE,124.2,123.95,124.15,1104450,49231,32103,8.28
2026-09-04 14:15:02,23947.95,2026-09-08,24100.0,CE,43.95,43.85,43.95,2915805,245693,58956,9.28
2026-09-04 14:15:02,23947.95,2026-09-08,24100.0,PE,156.35,156.4,156.7,985827,65501,14348,8.02
2026-09-04 14:15:02,23947.95,2026-09-08,24150.0,CE,30.5,30.4,30.5,1501347,127306,47209,9.25
2026-09-04 14:15:02,23947.95,2026-09-08,24150.0,PE,193.0,193.0,193.2,222853,17862,6927,7.81
2026-09-04 14:15:02,23947.95,2026-09-08,24200.0,CE,20.95,20.95,21.0,2133151,235049,53709,9.32
2026-09-04 14:15:02,23947.95,2026-09-08,24200.0,PE,233.0,233.0,233.4,284186,41631,1317,7.41
2026-09-04 14:15:02,23947.95,2026-09-08,24250.0,CE,14.25,14.2,14.25,1001498,95784,27896,9.4
2026-09-04 14:15:02,23947.95,2026-09-08,24250.0,PE,277.05,276.0,276.8,43668,7735,1123,6.25
2026-09-04 14:15:02,23947.95,2026-09-08,24300.0,CE,9.45,9.4,9.45,1299424,194014,36902,9.5
2026-09-04 14:15:02,23947.95,2026-09-08,24300.0,PE,322.5,321.55,322.5,62123,20465,2879,
2026-09-04 14:15:02,23947.95,2026-09-08,24350.0,CE,6.8,6.75,6.8,611016,87869,21412,9.77
2026-09-04 14:15:02,23947.95,2026-09-08,24350.0,PE,368.0,368.3,369.45,8431,2901,-10,
2026-09-04 14:15:02,23947.95,2026-09-08,24400.0,CE,4.9,4.85,4.9,741040,164681,42966,10.11
2026-09-04 14:15:02,23947.95,2026-09-08,24400.0,PE,418.55,416.25,417.55,9871,8106,-295,
2026-09-04 14:15:02,23947.95,2026-09-08,24450.0,CE,3.8,3.75,3.8,293684,62579,10302,10.54
2026-09-04 14:15:02,23947.95,2026-09-08,24450.0,PE,468.4,465.0,466.85,1729,1256,-28,
2026-09-04 14:16:03,23947.15,2026-09-08,23450.0,CE,539.7,538.5,540.5,1358,697,35,15.8
2026-09-04 14:16:03,23947.15,2026-09-08,23450.0,PE,4.35,4.35,4.4,308802,47425,16363,11.78
2026-09-04 14:16:03,23947.15,2026-09-08,23500.0,CE,490.3,489.2,490.75,20106,4640,-350,14.43
2026-09-04 14:16:03,23947.15,2026-09-08,23500.0,PE,5.25,5.25,5.3,798768,175262,13032,11.23
2026-09-04 14:16:03,23947.15,2026-09-08,23550.0,CE,442.05,441.0,442.65,3680,1069,137,14.01
2026-09-04 14:16:03,23947.15,2026-09-08,23550.0,PE,6.65,6.65,6.7,470132,50600,17715,10.77
2026-09-04 14:16:03,23947.15,2026-09-08,23600.0,CE,394.2,392.9,394.2,21675,4372,179,13.08
2026-09-04 14:16:03,23947.15,2026-09-08,23600.0,PE,8.55,8.55,8.6,1002621,155910,29050,10.34
2026-09-04 14:16:03,23947.15,2026-09-08,23650.0,CE,347.0,346.2,347.1,14513,2458,492,12.25
2026-09-04 14:16:03,23947.15,2026-09-08,23650.0,PE,11.7,11.65,11.75,800896,61025,19209,10.04
2026-09-04 14:16:03,23947.15,2026-09-08,23700.0,CE,299.25,300.45,301.25,95827,9320,-98,11.82
2026-09-04 14:16:03,23947.15,2026-09-08,23700.0,PE,15.95,15.9,15.95,1471257,150053,57800,9.73
2026-09-04 14:16:03,23947.15,2026-09-08,23750.0,CE,257.2,256.6,257.25,106555,9189,2649,11.06
2026-09-04 14:16:03,23947.15,2026-09-08,23750.0,PE,22.1,22.05,22.15,1259129,95883,54468,9.48
2026-09-04 14:16:03,23947.15,2026-09-08,23800.0,CE,215.25,215.2,215.7,686804,44390,1160,10.71
2026-09-04 14:16:03,23947.15,2026-09-08,23800.0,PE,30.65,30.65,30.7,2576697,245155,135060,9.27
2026-09-04 14:16:03,23947.15,2026-09-08,23850.0,CE,176.8,176.35,176.85,683634,32241,4585,10.41
2026-09-04 14:16:03,23947.15,2026-09-08,23850.0,PE,41.5,41.5,41.65,2141613,146412,89590,9.02
2026-09-04 14:16:03,23947.15,2026-09-08,23900.0,CE,141.7,141.35,141.65,2970989,142985,23400,10.04
2026-09-04 14:16:03,23947.15,2026-09-08,23900.0,PE,56.3,56.2,56.3,5292877,367430,260698,8.82
2026-09-04 14:16:03,23947.15,2026-09-08,23950.0,CE,109.7,109.4,109.5,3555012,193424,102469,9.77
2026-09-04 14:16:03,23947.15,2026-09-08,23950.0,PE,74.75,74.6,74.75,4609601,243221,200912,8.58
2026-09-04 14:16:03,23947.15,2026-09-08,24000.0,CE,82.9,82.7,82.9,5705940,394377,111404,9.57
2026-09-04 14:16:03,23947.15,2026-09-08,24000.0,PE,98.05,97.85,98.0,4238615,207322,93598,8.38
2026-09-04 14:16:03,23947.15,2026-09-08,24050.0,CE,60.75,60.6,60.8,2449845,166941,47062,9.39
2026-09-04 14:16:03,23947.15,2026-09-08,24050.0,PE,125.9,125.55,125.85,1106004,49231,32103,8.2
2026-09-04 14:16:03,23947.15,2026-09-08,24100.0,CE,43.35,43.2,43.35,2920941,245693,58956,9.32
2026-09-04 14:16:03,23947.15,2026-09-08,24100.0,PE,158.5,158.15,158.5,986769,65501,14348,8.0
2026-09-04 14:16:03,23947.15,2026-09-08,24150.0,CE,30.0,29.95,30.0,1503660,127306,47209,9.27
2026-09-04 14:16:03,23947.15,2026-09-08,24150.0,PE,194.85,194.75,195.1,223105,17862,6927,7.68
2026-09-04 14:16:03,23947.15,2026-09-08,24200.0,CE,20.6,20.6,20.65,2136725,235049,53709,9.35
2026-09-04 14:16:03,23947.15,2026-09-08,24200.0,PE,235.65,235.1,235.75,284786,41631,1317,7.22
2026-09-04 14:16:03,23947.15,2026-09-08,24250.0,CE,13.95,13.95,14.0,1002273,95784,27896,9.42
2026-09-04 14:16:03,23947.15,2026-09-08,24250.0,PE,279.4,278.15,278.9,43676,7735,1123,6.6
2026-09-04 14:16:03,23947.15,2026-09-08,24300.0,CE,9.3,9.25,9.3,1300745,194014,36902,9.5
2026-09-04 14:16:03,23947.15,2026-09-08,24300.0,PE,325.0,323.9,324.6,62140,20465,2879,
2026-09-04 14:16:03,23947.15,2026-09-08,24350.0,CE,6.65,6.65,6.7,611319,87869,21412,9.82
2026-09-04 14:16:03,23947.15,2026-09-08,24350.0,PE,371.55,370.65,371.85,8438,2901,-10,
2026-09-04 14:16:03,23947.15,2026-09-08,24400.0,CE,4.9,4.85,4.9,741766,164681,42966,10.13
2026-09-04 14:16:03,23947.15,2026-09-08,24400.0,PE,419.05,418.5,419.8,9873,8106,-295,
2026-09-04 14:16:03,23947.15,2026-09-08,24450.0,CE,3.8,3.75,3.8,293884,62579,10302,10.57
2026-09-04 14:16:03,23947.15,2026-09-08,24450.0,PE,468.4,467.1,469.1,1729,1256,-28,
2026-09-04 14:17:03,23944.6,2026-09-08,23450.0,CE,537.95,536.8,538.2,1359,694,32,15.8
2026-09-04 14:17:03,23944.6,2026-09-08,23450.0,PE,4.4,4.4,4.45,309050,47523,16461,11.78
2026-09-04 14:17:03,23944.6,2026-09-08,23500.0,CE,490.0,488.0,489.4,20110,4635,-355,14.43
2026-09-04 14:17:03,23944.6,2026-09-08,23500.0,PE,5.35,5.3,5.35,799895,174966,12736,11.23
2026-09-04 14:17:03,23944.6,2026-09-08,23550.0,CE,442.05,439.45,440.85,3680,1072,140,14.01
2026-09-04 14:17:03,23944.6,2026-09-08,23550.0,PE,6.7,6.7,6.75,470543,50872,17987,10.77
2026-09-04 14:17:03,23944.6,2026-09-08,23600.0,CE,391.0,390.95,392.15,21680,4378,185,13.08
2026-09-04 14:17:03,23944.6,2026-09-08,23600.0,PE,8.7,8.65,8.75,1004167,156202,29342,10.34
2026-09-04 14:17:03,23944.6,2026-09-08,23650.0,CE,345.5,344.4,345.35,14519,2462,496,12.25
2026-09-04 14:17:03,23944.6,2026-09-08,23650.0,PE,11.9,11.85,11.9,802105,60648,18832,10.04
2026-09-04 14:17:03,23944.6,2026-09-08,23700.0,CE,299.9,298.75,299.55,95990,9348,-70,11.82
2026-09-04 14:17:03,23944.6,2026-09-08,23700.0,PE,16.15,16.1,16.15,1473051,149949,57696,9.73
2026-09-04 14:17:03,23944.6,2026-09-08,23750.0,CE,255.0,254.8,255.3,106679,9242,2702,11.06
2026-09-04 14:17:03,23944.6,2026-09-08,23750.0,PE,22.5,22.45,22.5,1260821,96164,54749,9.48
2026-09-04 14:17:03,23944.6,2026-09-08,23800.0,CE,214.25,213.65,214.1,687387,44379,1149,10.71
2026-09-04 14:17:03,23944.6,2026-09-08,23800.0,PE,31.15,31.1,31.2,2582213,244376,134281,9.27
2026-09-04 14:17:03,23944.6,2026-09-08,23850.0,CE,175.3,175.15,175.55,684493,32008,4352,10.41
2026-09-04 14:17:03,23944.6,2026-09-08,23850.0,PE,42.15,42.05,42.15,2145756,146872,90050,9.02
2026-09-04 14:17:03,23944.6,2026-09-08,23900.0,CE,140.25,140.05,140.2,2975027,142532,22947,10.04
2026-09-04 14:17:03,23944.6,2026-09-08,23900.0,PE,57.2,57.1,57.2,5301578,365787,259055,8.82
2026-09-04 14:17:03,23944.6,2026-09-08,23950.0,CE,108.7,108.4,108.65,3561469,193397,102442,9.77
2026-09-04 14:17:03,23944.6,2026-09-08,23950.0,PE,75.65,75.65,75.8,4618313,244953,202644,8.58
2026-09-04 14:17:03,23944.6,2026-09-08,24000.0,CE,82.0,82.0,82.15,5717112,393922,110949,9.57
2026-09-04 14:17:03,23944.6,2026-09-08,24000.0,PE,99.25,99.0,99.25,4244499,208530,94806,8.38
2026-09-04 14:17:03,23944.6,2026-09-08,24050.0,CE,60.1,60.1,60.2,2455336,167310,47431,9.39
2026-09-04 14:17:03,23944.6,2026-09-08,24050.0,PE,127.2,126.9,127.0,1107595,49050,31922,8.2
2026-09-04 14:17:03,23944.6,2026-09-08,24100.0,CE,42.75,42.7,42.85,2926164,246912,60175,9.32
2026-09-04 14:17:03,23944.6,2026-09-08,24100.0,PE,159.7,159.9,160.2,988373,65526,14373,8.0
2026-09-04 14:17:03,23944.6,2026-09-08,24150.0,CE,29.7,29.65,29.7,1506016,127138,47041,9.27
2026-09-04 14:17:03,23944.6,2026-09-08,24150.0,PE,196.85,196.45,196.95,223416,17856,6921,7.68
2026-09-04 14:17:03,23944.6,2026-09-08,24200.0,CE,20.45,20.45,20.5,2140113,234111,52771,9.35
2026-09-04 14:17:03,23944.6,2026-09-08,24200.0,PE,237.0,236.75,237.3,285042,41567,1253,7.22
2026-09-04 14:17:03,23944.6,2026-09-08,24250.0,CE,13.8,13.8,13.85,1003852,95761,27873,9.42
2026-09-04 14:17:03,23944.6,2026-09-08,24250.0,PE,280.15,280.2,280.7,43729,7753,1141,6.6
2026-09-04 14:17:03,23944.6,2026-09-08,24300.0,CE,9.25,9.2,9.25,1301788,194426,37314,9.5
2026-09-04 14:17:03,23944.6,2026-09-08,24300.0,PE,325.0,325.7,326.8,62145,20451,2865,
2026-09-04 14:17:03,23944.6,2026-09-08,24350.0,CE,6.65,6.65,6.7,611799,87992,21535,9.82
2026-09-04 14:17:03,23944.6,2026-09-08,24350.0,PE,372.85,372.65,373.85,8469,2886,-25,
2026-09-04 14:17:03,23944.6,2026-09-08,24400.0,CE,4.85,4.8,4.85,742986,164759,43044,10.13
2026-09-04 14:17:03,23944.6,2026-09-08,24400.0,PE,420.0,420.35,421.8,9877,8106,-295,
2026-09-04 14:17:03,23944.6,2026-09-08,24450.0,CE,3.75,3.75,3.8,293922,62475,10198,10.57
2026-09-04 14:17:03,23944.6,2026-09-08,24450.0,PE,469.25,469.3,471.25,1731,1257,-27,
2026-09-04 14:18:03,23944.8,2026-09-08,23450.0,CE,537.95,533.8,535.35,1359,694,32,15.8
2026-09-04 14:18:03,23944.8,2026-09-08,23450.0,PE,4.45,4.45,4.5,309151,47523,16461,11.78
2026-09-04 14:18:03,23944.8,2026-09-08,23500.0,CE,486.85,484.55,486.15,20125,4635,-355,14.43
2026-09-04 14:18:03,23944.8,2026-09-08,23500.0,PE,5.35,5.35,5.4,800477,174966,12736,11.23
2026-09-04 14:18:03,23944.8,2026-09-08,23550.0,CE,438.45,436.4,437.7,3692,1305,373,14.01
2026-09-04 14:18:03,23944.8,2026-09-08,23550.0,PE,6.85,6.8,6.85,471157,50872,17987,10.77
2026-09-04 14:18:03,23944.8,2026-09-08,23600.0,CE,390.0,388.4,389.6,21715,4376,183,13.08
2026-09-04 14:18:03,23944.8,2026-09-08,23600.0,PE,8.85,8.8,8.85,1005577,156202,29342,10.34
2026-09-04 14:18:03,23944.8,2026-09-08,23650.0,CE,343.5,341.7,342.65,14551,2462,496,12.25
2026-09-04 14:18:03,23944.8,2026-09-08,23650.0,PE,12.05,12.05,12.1,802662,60648,18832,10.04
2026-09-04 14:18:03,23944.8,2026-09-08,23700.0,CE,297.95,296.6,297.0,96139,9348,-70,11.82
2026-09-04 14:18:03,23944.8,2026-09-08,23700.0,PE,16.4,16.4,16.45,1475334,149949,57696,9.73
2026-09-04 14:18:03,23944.8,2026-09-08,23750.0,CE,252.55,252.6,253.25,106788,9242,2702,11.06
2026-09-04 14:18:03,23944.8,2026-09-08,23750.0,PE,22.85,22.8,22.85,1262813,96164,54749,9.48
2026-09-04 14:18:03,23944.8,2026-09-08,23800.0,CE,211.5,211.4,211.85,688242,44379,1149,10.71
2026-09-04 14:18:03,23944.8,2026-09-08,23800.0,PE,31.75,31.65,31.75,2587062,244376,134281,9.27
2026-09-04 14:18:03,23944.8,2026-09-08,23850.0,CE,173.35,173.0,173.4,685492,32008,4352,10.41
2026-09-04 14:18:03,23944.8,2026-09-08,23850.0,PE,42.9,42.75,42.85,2149282,146872,90050,9.02
2026-09-04 14:18:03,23944.8,2026-09-08,23900.0,CE,138.2,138.2,138.35,2979653,142532,22947,10.04
2026-09-04 14:18:03,23944.8,2026-09-08,23900.0,PE,58.0,57.9,58.05,5312101,365787,259055,8.82
2026-09-04 14:18:03,23944.8,2026-09-08,23950.0,CE,106.95,106.65,106.95,3568537,193397,102442,9.77
2026-09-04 14:18:03,23944.8,2026-09-08,23950.0,PE,76.7,76.6,76.7,4627553,244953,202644,8.58
2026-09-04 14:18:03,23944.8,2026-09-08,24000.0,CE,80.45,80.4,80.6,5727043,393922,110949,9.57
2026-09-04 14:18:03,23944.8,2026-09-08,24000.0,PE,100.5,100.25,100.5,4250924,208530,94806,8.38
2026-09-04 14:18:03,23944.8,2026-09-08,24050.0,CE,58.8,58.8,58.95,2459231,167310,47431,9.39
2026-09-04 14:18:03,23944.8,2026-09-08,24050.0,PE,128.45,128.45,128.75,1109150,49050,31922,8.2
2026-09-04 14:18:03,23944.8,2026-09-08,24100.0,CE,41.8,41.85,41.9,2932468,246912,60175,9.32
2026-09-04 14:18:03,23944.8,2026-09-08,24100.0,PE,161.3,161.45,161.8,989488,65526,14373,8.0
2026-09-04 14:18:03,23944.8,2026-09-08,24150.0,CE,29.0,28.9,29.0,1508873,127138,47041,9.27
2026-09-04 14:18:03,23944.8,2026-09-08,24150.0,PE,198.05,198.3,198.8,223678,17856,6921,7.68
2026-09-04 14:18:03,23944.8,2026-09-08,24200.0,CE,20.0,19.9,20.0,2142470,234111,52771,9.35
2026-09-04 14:18:03,23944.8,2026-09-08,24200.0,PE,239.05,239.05,239.65,285418,41567,1253,7.22
2026-09-04 14:18:03,23944.8,2026-09-08,24250.0,CE,13.5,13.45,13.5,1004888,95761,27873,9.42
2026-09-04 14:18:03,23944.8,2026-09-08,24250.0,PE,281.95,282.5,283.0,43746,7753,1141,6.6
2026-09-04 14:18:03,23944.8,2026-09-08,24300.0,CE,9.0,9.0,9.05,1303120,194426,37314,9.5
2026-09-04 14:18:03,23944.8,2026-09-08,24300.0,PE,328.4,328.2,329.0,62195,20453,2867,
2026-09-04 14:18:03,23944.8,2026-09-08,24350.0,CE,6.5,6.5,6.55,612330,87992,21535,9.82
2026-09-04 14:18:03,23944.8,2026-09-08,24350.0,PE,376.45,375.4,376.55,8488,2886,-25,
2026-09-04 14:18:03,23944.8,2026-09-08,24400.0,CE,4.8,4.8,4.85,743484,164759,43044,10.13
2026-09-04 14:18:03,23944.8,2026-09-08,24400.0,PE,424.0,423.45,424.75,9899,8108,-293,
2026-09-04 14:18:03,23944.8,2026-09-08,24450.0,CE,3.75,3.75,3.8,294026,62475,10198,10.57
2026-09-04 14:18:03,23944.8,2026-09-08,24450.0,PE,469.25,472.35,473.95,1731,1257,-27,
2026-09-04 14:19:04,23942.8,2026-09-08,23450.0,CE,537.1,532.5,534.0,1361,694,32,16.0
2026-09-04 14:19:04,23942.8,2026-09-08,23450.0,PE,4.5,4.45,4.5,309702,47592,16530,11.76
2026-09-04 14:19:04,23942.8,2026-09-08,23500.0,CE,487.65,484.0,485.0,20133,4633,-357,14.01
2026-09-04 14:19:04,23942.8,2026-09-08,23500.0,PE,5.45,5.4,5.45,800976,174993,12763,11.25
2026-09-04 14:19:04,23942.8,2026-09-08,23550.0,CE,438.35,434.85,436.15,3697,1311,379,13.34
2026-09-04 14:19:04,23942.8,2026-09-08,23550.0,PE,6.9,6.85,6.9,471765,50945,18060,10.77
2026-09-04 14:19:04,23942.8,2026-09-08,23600.0,CE,389.5,387.0,388.3,21733,4361,168,13.13
2026-09-04 14:19:04,23942.8,2026-09-08,23600.0,PE,8.85,8.85,8.9,1006807,155978,29118,10.36
2026-09-04 14:19:04,23942.8,2026-09-08,23650.0,CE,341.6,340.25,341.25,14606,2466,500,12.26
2026-09-04 14:19:04,23942.8,2026-09-08,23650.0,PE,12.15,12.1,12.2,804531,60661,18845,10.05
2026-09-04 14:19:04,23942.8,2026-09-08,23700.0,CE,296.0,295.15,295.65,96279,9417,-1,11.75
2026-09-04 14:19:04,23942.8,2026-09-08,23700.0,PE,16.45,16.45,16.5,1481378,149932,57679,9.74
2026-09-04 14:19:04,23942.8,2026-09-08,23750.0,CE,252.9,251.15,251.8,106866,9251,2711,11.13
2026-09-04 14:19:04,23942.8,2026-09-08,23750.0,PE,23.0,22.95,23.0,1265959,96220,54805,9.51
2026-09-04 14:19:04,23942.8,2026-09-08,23800.0,CE,210.85,210.5,210.7,689419,44226,996,10.61
2026-09-04 14:19:04,23942.8,2026-09-08,23800.0,PE,31.95,31.85,31.95,2593640,246186,136091,9.29
2026-09-04 14:19:04,23942.8,2026-09-08,23850.0,CE,171.7,171.7,172.15,686449,32041,4385,10.3
2026-09-04 14:19:04,23942.8,2026-09-08,23850.0,PE,43.15,43.15,43.3,2153886,147509,90687,9.05
2026-09-04 14:19:04,23942.8,2026-09-08,23900.0,CE,137.35,137.05,137.35,2985144,141602,22017,9.99
2026-09-04 14:19:04,23942.8,2026-09-08,23900.0,PE,58.5,58.35,58.5,5322843,366659,259927,8.85
2026-09-04 14:19:04,23942.8,2026-09-08,23950.0,CE,105.85,105.85,106.1,3574686,192577,101622,9.71
2026-09-04 14:19:04,23942.8,2026-09-08,23950.0,PE,77.25,77.25,77.4,4638447,246399,204090,8.63
2026-09-04 14:19:04,23942.8,2026-09-08,24000.0,CE,79.6,79.6,79.8,5740116,392532,109559,9.51
2026-09-04 14:19:04,23942.8,2026-09-08,24000.0,PE,101.2,101.05,101.2,4257701,208843,95119,8.47
2026-09-04 14:19:04,23942.8,2026-09-08,24050.0,CE,58.15,58.15,58.3,2464356,167213,47334,9.35
2026-09-04 14:19:04,23942.8,2026-09-08,24050.0,PE,129.4,129.4,129.5,1110920,49262,32134,8.28
2026-09-04 14:19:04,23942.8,2026-09-08,24100.0,CE,41.35,41.35,41.5,2937996,245583,58846,9.28
2026-09-04 14:19:04,23942.8,2026-09-08,24100.0,PE,162.55,162.55,162.9,990734,65544,14391,8.02
2026-09-04 14:19:04,23942.8,2026-09-08,24150.0,CE,28.65,28.55,28.65,1512996,126997,46900,9.25
2026-09-04 14:19:04,23942.8,2026-09-08,24150.0,PE,199.5,199.5,199.8,223988,17792,6857,7.81
2026-09-04 14:19:04,23942.8,2026-09-08,24200.0,CE,19.75,19.7,19.75,2149105,234391,53051,9.32
2026-09-04 14:19:04,23942.8,2026-09-08,24200.0,PE,241.0,240.3,240.95,285684,41535,1221,7.41
2026-09-04 14:19:04,23942.8,2026-09-08,24250.0,CE,13.4,13.35,13.4,1007005,95116,27228,9.4
2026-09-04 14:19:04,23942.8,2026-09-08,24250.0,PE,283.8,283.8,284.55,43813,7766,1154,6.25
2026-09-04 14:19:04,23942.8,2026-09-08,24300.0,CE,8.9,8.9,8.95,1304962,193989,36877,9.5
2026-09-04 14:19:04,23942.8,2026-09-08,24300.0,PE,329.05,329.2,329.75,62272,20447,2861,
2026-09-04 14:19:04,23942.8,2026-09-08,24350.0,CE,6.45,6.45,6.5,613102,87977,21520,9.77
2026-09-04 14:19:04,23942.8,2026-09-08,24350.0,PE,374.75,376.8,377.95,8503,2900,-11,
2026-09-04 14:19:04,23942.8,2026-09-08,24400.0,CE,4.7,4.7,4.75,744348,164575,42860,10.11
2026-09-04 14:19:04,23942.8,2026-09-08,24400.0,PE,421.65,424.7,426.0,9902,8104,-297,
2026-09-04 14:19:04,23942.8,2026-09-08,24450.0,CE,3.75,3.7,3.75,294411,62474,10197,10.54
2026-09-04 14:19:04,23942.8,2026-09-08,24450.0,PE,469.25,473.6,475.75,1731,1257,-27,
2026-09-04 14:20:05,23945.75,2026-09-08,23450.0,CE,537.1,532.05,533.95,1361,694,32,16.0
2026-09-04 14:20:05,23945.75,2026-09-08,23450.0,PE,4.4,4.4,4.45,309828,47592,16530,11.76
2026-09-04 14:20:05,23945.75,2026-09-08,23500.0,CE,485.1,482.95,484.5,20142,4634,-356,14.01
2026-09-04 14:20:05,23945.75,2026-09-08,23500.0,PE,5.35,5.35,5.4,801264,175265,13035,11.25
2026-09-04 14:20:05,23945.75,2026-09-08,23550.0,CE,438.35,434.8,436.1,3697,1311,379,13.34
2026-09-04 14:20:05,23945.75,2026-09-08,23550.0,PE,6.8,6.75,6.8,472069,50945,18060,10.77
2026-09-04 14:20:05,23945.75,2026-09-08,23600.0,CE,388.55,386.75,388.0,21741,4355,162,13.13
2026-09-04 14:20:05,23945.75,2026-09-08,23600.0,PE,8.8,8.75,8.8,1007828,156072,29212,10.36
2026-09-04 14:20:05,23945.75,2026-09-08,23650.0,CE,341.5,340.2,341.1,14624,2452,486,12.26
2026-09-04 14:20:05,23945.75,2026-09-08,23650.0,PE,12.0,12.0,12.1,805361,60944,19128,10.05
2026-09-04 14:20:05,23945.75,2026-09-08,23700.0,CE,295.25,294.7,295.5,96424,9408,-10,11.75
2026-09-04 14:20:05,23945.75,2026-09-08,23700.0,PE,16.4,16.35,16.4,1483040,152546,60293,9.74
2026-09-04 14:20:05,23945.75,2026-09-08,23750.0,CE,251.7,251.1,251.7,106961,9241,2701,11.13
2026-09-04 14:20:05,23945.75,2026-09-08,23750.0,PE,22.8,22.8,22.9,1267934,96123,54708,9.51
2026-09-04 14:20:05,23945.75,2026-09-08,23800.0,CE,210.65,210.05,210.6,690161,44226,996,10.61
2026-09-04 14:20:05,23945.75,2026-09-08,23800.0,PE,31.7,31.7,31.8,2597315,246186,136091,9.29
2026-09-04 14:20:05,23945.75,2026-09-08,23850.0,CE,172.05,171.8,172.05,687163,32041,4385,10.3
2026-09-04 14:20:05,23945.75,2026-09-08,23850.0,PE,43.1,43.0,43.1,2156258,147509,90687,9.05
2026-09-04 14:20:05,23945.75,2026-09-08,23900.0,CE,136.85,136.85,137.15,2988693,141602,22017,9.99
2026-09-04 14:20:05,23945.75,2026-09-08,23900.0,PE,58.3,58.15,58.3,5329874,366659,259927,8.85
2026-09-04 14:20:05,23945.75,2026-09-08,23950.0,CE,106.0,105.75,106.05,3580457,192016,101061,9.71
2026-09-04 14:20:05,23945.75,2026-09-08,23950.0,PE,77.15,77.15,77.35,4645106,246525,204216,8.63
2026-09-04 14:20:05,23945.75,2026-09-08,24000.0,CE,79.6,79.65,79.85,5748087,392475,109502,9.51
2026-09-04 14:20:05,23945.75,2026-09-08,24000.0,PE,101.15,101.0,101.1,4263156,209038,95314,8.47
2026-09-04 14:20:05,23945.75,2026-09-08,24050.0,CE,58.3,58.15,58.3,2469335,166441,46562,9.35
2026-09-04 14:20:05,23945.75,2026-09-08,24050.0,PE,129.2,129.15,129.5,1112234,49372,32244,8.28
2026-09-04 14:20:05,23945.75,2026-09-08,24100.0,CE,41.25,41.25,41.4,2943090,245726,58989,9.28
2026-09-04 14:20:05,23945.75,2026-09-08,24100.0,PE,162.95,162.5,162.85,991583,65373,14220,8.02
2026-09-04 14:20:05,23945.75,2026-09-08,24150.0,CE,28.5,28.5,28.6,1515699,126997,46900,9.25
2026-09-04 14:20:05,23945.75,2026-09-08,24150.0,PE,199.7,199.45,199.95,224318,17786,6851,7.81
2026-09-04 14:20:05,23945.75,2026-09-08,24200.0,CE,19.7,19.65,19.7,2152385,234391,53051,9.32
2026-09-04 14:20:05,23945.75,2026-09-08,24200.0,PE,240.0,240.25,240.9,285912,41543,1229,7.41
2026-09-04 14:20:05,23945.75,2026-09-08,24250.0,CE,13.3,13.25,13.3,1008610,95116,27228,9.4
2026-09-04 14:20:05,23945.75,2026-09-08,24250.0,PE,283.75,284.0,284.75,43845,7787,1175,6.25
2026-09-04 14:20:05,23945.75,2026-09-08,24300.0,CE,8.9,8.85,8.9,1306725,193784,36672,9.5
2026-09-04 14:20:05,23945.75,2026-09-08,24300.0,PE,330.75,330.15,330.65,62344,20433,2847,
2026-09-04 14:20:05,23945.75,2026-09-08,24350.0,CE,6.45,6.4,6.45,614006,87930,21473,9.77
2026-09-04 14:20:05,23945.75,2026-09-08,24350.0,PE,376.35,376.95,378.0,8507,2900,-11,
2026-09-04 14:20:05,23945.75,2026-09-08,24400.0,CE,4.7,4.7,4.75,744557,164503,42788,10.11
2026-09-04 14:20:05,23945.75,2026-09-08,24400.0,PE,426.0,424.8,426.05,10029,8101,-300,
2026-09-04 14:20:05,23945.75,2026-09-08,24450.0,CE,3.7,3.7,3.75,294482,62416,10139,10.54
2026-09-04 14:20:05,23945.75,2026-09-08,24450.0,PE,474.55,473.75,475.55,1734,1257,-27,
2026-09-04 14:21:05,23948.4,2026-09-08,23450.0,CE,537.1,532.15,533.7,1361,690,28,16.0
2026-09-04 14:21:05,23948.4,2026-09-08,23450.0,PE,4.4,4.4,4.45,309887,47430,16368,11.76
2026-09-04 14:21:05,23948.4,2026-09-08,23500.0,CE,484.7,483.0,484.45,20146,4629,-361,14.01
2026-09-04 14:21:05,23948.4,2026-09-08,23500.0,PE,5.35,5.35,5.4,801699,175145,12915,11.25
2026-09-04 14:21:05,23948.4,2026-09-08,23550.0,CE,438.35,434.55,435.9,3697,1311,379,13.34
2026-09-04 14:21:05,23948.4,2026-09-08,23550.0,PE,6.75,6.75,6.8,472127,50929,18044,10.77
2026-09-04 14:21:05,23948.4,2026-09-08,23600.0,CE,388.45,386.55,387.8,21744,4354,161,13.13
2026-09-04 14:21:05,23948.4,2026-09-08,23600.0,PE,8.7,8.7,8.75,1008963,156172,29312,10.36
2026-09-04 14:21:05,23948.4,2026-09-08,23650.0,CE,341.5,339.9,340.5,14624,2484,518,12.26
2026-09-04 14:21:05,23948.4,2026-09-08,23650.0,PE,11.95,11.95,12.0,805773,60878,19062,10.05
2026-09-04 14:21:05,23948.4,2026-09-08,23700.0,CE,295.25,294.55,295.3,96455,9395,-23,11.75
2026-09-04 14:21:05,23948.4,2026-09-08,23700.0,PE,16.3,16.3,16.35,1484879,152368,60115,9.74
2026-09-04 14:21:05,23948.4,2026-09-08,23750.0,CE,251.0,251.0,251.4,106980,9248,2708,11.13
2026-09-04 14:21:05,23948.4,2026-09-08,23750.0,PE,22.8,22.7,22.8,1268872,96281,54866,9.51
2026-09-04 14:21:05,23948.4,2026-09-08,23800.0,CE,210.05,210.0,210.1,690381,44259,1029,10.61
2026-09-04 14:21:05,23948.4,2026-09-08,23800.0,PE,31.65,31.6,31.65,2599784,246488,136393,9.29
2026-09-04 14:21:05,23948.4,2026-09-08,23850.0,CE,171.7,171.5,171.75,687362,32110,4454,10.3
2026-09-04 14:21:05,23948.4,2026-09-08,23850.0,PE,42.8,42.8,42.9,2159946,147560,90738,9.05
2026-09-04 14:21:05,23948.4,2026-09-08,23900.0,CE,137.0,136.5,136.85,2990297,141988,22403,9.99
2026-09-04 14:21:05,23948.4,2026-09-08,23900.0,PE,58.2,58.1,58.2,5333668,366529,259797,8.85
2026-09-04 14:21:05,23948.4,2026-09-08,23950.0,CE,105.65,105.5,105.65,3583008,193310,102355,9.71
2026-09-04 14:21:05,23948.4,2026-09-08,23950.0,PE,77.0,76.85,77.0,4649118,244959,202650,8.63
2026-09-04 14:21:05,23948.4,2026-09-08,24000.0,CE,79.3,79.1,79.3,5752526,393528,110555,9.51
2026-09-04 14:21:05,23948.4,2026-09-08,24000.0,PE,101.1,100.9,101.1,4267182,208836,95112,8.47
2026-09-04 14:21:05,23948.4,2026-09-08,24050.0,CE,58.0,57.85,58.0,2471643,166203,46324,9.35
2026-09-04 14:21:05,23948.4,2026-09-08,24050.0,PE,129.1,129.15,129.45,1112746,49193,32065,8.28
2026-09-04 14:21:05,23948.4,2026-09-08,24100.0,CE,41.0,41.0,41.15,2945290,245269,58532,9.28
2026-09-04 14:21:05,23948.4,2026-09-08,24100.0,PE,162.3,162.3,162.75,992132,65345,14192,8.02
2026-09-04 14:21:05,23948.4,2026-09-08,24150.0,CE,28.2,28.25,28.3,1517079,127147,47050,9.25
2026-09-04 14:21:05,23948.4,2026-09-08,24150.0,PE,199.6,199.6,200.0,224371,17862,6927,7.81
2026-09-04 14:21:05,23948.4,2026-09-08,24200.0,CE,19.45,19.45,19.5,2154255,235112,53772,9.32
2026-09-04 14:21:05,23948.4,2026-09-08,24200.0,PE,240.0,240.3,241.0,285985,41443,1129,7.41
2026-09-04 14:21:05,23948.4,2026-09-08,24250.0,CE,13.15,13.15,13.2,1009466,95340,27452,9.4
2026-09-04 14:21:05,23948.4,2026-09-08,24250.0,PE,283.85,284.05,284.8,43874,7776,1164,6.25
2026-09-04 14:21:05,23948.4,2026-09-08,24300.0,CE,8.85,8.8,8.85,1307290,193885,36773,9.5
2026-09-04 14:21:05,23948.4,2026-09-08,24300.0,PE,330.4,329.8,330.6,62382,20440,2854,
2026-09-04 14:21:05,23948.4,2026-09-08,24350.0,CE,6.4,6.35,6.4,614375,88103,21646,9.77
2026-09-04 14:21:05,23948.4,2026-09-08,24350.0,PE,377.2,377.1,378.25,8509,2895,-16,
2026-09-04 14:21:05,23948.4,2026-09-08,24400.0,CE,4.7,4.7,4.75,744746,164413,42698,10.11
2026-09-04 14:21:05,23948.4,2026-09-08,24400.0,PE,426.0,425.15,426.5,10029,8016,-385,
2026-09-04 14:21:05,23948.4,2026-09-08,24450.0,CE,3.75,3.7,3.75,294498,62409,10132,10.54
2026-09-04 14:21:05,23948.4,2026-09-08,24450.0,PE,474.55,474.05,475.75,1734,1257,-27,
2026-09-04 14:22:06,23949.35,2026-09-08,23450.0,CE,535.7,536.1,538.0,1363,690,28,15.64
2026-09-04 14:22:06,23949.35,2026-09-08,23450.0,PE,4.4,4.4,4.45,310290,47430,16368,11.76
2026-09-04 14:22:06,23949.35,2026-09-08,23500.0,CE,486.8,486.85,488.35,20158,4629,-361,14.77
2026-09-04 14:22:06,23949.35,2026-09-08,23500.0,PE,5.35,5.3,5.35,802887,175145,12915,11.23
2026-09-04 14:22:06,23949.35,2026-09-08,23550.0,CE,439.95,438.7,439.95,3699,1311,379,13.89
2026-09-04 14:22:06,23949.35,2026-09-08,23550.0,PE,6.65,6.65,6.7,472973,50929,18044,10.75
2026-09-04 14:22:06,23949.35,2026-09-08,23600.0,CE,391.85,390.5,391.8,21760,4354,161,13.12
2026-09-04 14:22:06,23949.35,2026-09-08,23600.0,PE,8.55,8.55,8.6,1011509,156172,29312,10.3
2026-09-04 14:22:06,23949.35,2026-09-08,23650.0,CE,345.65,343.9,344.9,14679,2484,518,12.09
2026-09-04 14:22:06,23949.35,2026-09-08,23650.0,PE,11.75,11.7,11.8,807146,60878,19062,10.01
2026-09-04 14:22:06,23949.35,2026-09-08,23700.0,CE,299.1,298.5,298.95,96619,9395,-23,11.73
2026-09-04 14:22:06,23949.35,2026-09-08,23700.0,PE,15.95,15.95,16.05,1489706,152368,60115,9.69
2026-09-04 14:22:06,23949.35,2026-09-08,23750.0,CE,255.0,254.5,255.1,107119,9248,2708,11.06
2026-09-04 14:22:06,23949.35,2026-09-08,23750.0,PE,22.2,22.15,22.25,1271569,96281,54866,9.46
2026-09-04 14:22:06,23949.35,2026-09-08,23800.0,CE,213.35,212.9,213.35,691380,44259,1029,10.72
2026-09-04 14:22:06,23949.35,2026-09-08,23800.0,PE,30.85,30.8,30.9,2605490,246488,136393,9.24
2026-09-04 14:22:06,23949.35,2026-09-08,23850.0,CE,174.6,174.4,174.55,688576,32110,4454,10.33
2026-09-04 14:22:06,23949.35,2026-09-08,23850.0,PE,41.8,41.7,41.8,2165168,147560,90738,8.98
2026-09-04 14:22:06,23949.35,2026-09-08,23900.0,CE,139.55,139.3,139.6,2998093,141988,22403,9.98
2026-09-04 14:22:06,23949.35,2026-09-08,23900.0,PE,56.75,56.65,56.75,5346464,366529,259797,8.78
2026-09-04 14:22:06,23949.35,2026-09-08,23950.0,CE,107.85,107.75,107.85,3592508,193310,102355,9.67
2026-09-04 14:22:06,23949.35,2026-09-08,23950.0,PE,75.1,75.1,75.3,4661533,244959,202650,8.53
2026-09-04 14:22:06,23949.35,2026-09-08,24000.0,CE,81.0,81.0,81.1,5766043,393528,110555,9.49
2026-09-04 14:22:06,23949.35,2026-09-08,24000.0,PE,98.6,98.55,98.8,4276228,208836,95112,8.34
2026-09-04 14:22:06,23949.35,2026-09-08,24050.0,CE,59.25,59.1,59.25,2477728,166203,46324,9.32
2026-09-04 14:22:06,23949.35,2026-09-08,24050.0,PE,126.6,126.55,126.8,1114757,49193,32065,8.13
2026-09-04 14:22:06,23949.35,2026-09-08,24100.0,CE,42.1,42.1,42.15,2952928,245269,58532,9.23
2026-09-04 14:22:06,23949.35,2026-09-08,24100.0,PE,159.6,159.25,159.65,993487,65345,14192,7.9
2026-09-04 14:22:06,23949.35,2026-09-08,24150.0,CE,29.05,28.95,29.05,1520335,127147,47050,9.18
2026-09-04 14:22:06,23949.35,2026-09-08,24150.0,PE,196.2,196.2,196.7,224794,17862,6927,7.56
2026-09-04 14:22:06,23949.35,2026-09-08,24200.0,CE,20.0,19.9,20.0,2158206,235112,53772,9.23
2026-09-04 14:22:06,23949.35,2026-09-08,24200.0,PE,237.0,236.8,237.0,286304,41443,1129,7.08
2026-09-04 14:22:06,23949.35,2026-09-08,24250.0,CE,13.5,13.45,13.55,1010967,95340,27452,9.32
2026-09-04 14:22:06,23949.35,2026-09-08,24250.0,PE,279.45,280.15,280.8,43890,7776,1164,6.28
2026-09-04 14:22:06,23949.35,2026-09-08,24300.0,CE,8.95,8.95,9.0,1310356,193885,36773,9.41
2026-09-04 14:22:06,23949.35,2026-09-08,24300.0,PE,326.75,325.75,326.7,62424,20440,2854,
2026-09-04 14:22:06,23949.35,2026-09-08,24350.0,CE,6.55,6.5,6.55,615160,88103,21646,9.73
2026-09-04 14:22:06,23949.35,2026-09-08,24350.0,PE,373.35,372.9,374.05,8518,2895,-16,
2026-09-04 14:22:06,23949.35,2026-09-08,24400.0,CE,4.75,4.75,4.8,745215,164413,42698,10.04
2026-09-04 14:22:06,23949.35,2026-09-08,24400.0,PE,421.65,421.05,422.6,10038,8016,-385,
2026-09-04 14:22:06,23949.35,2026-09-08,24450.0,CE,3.75,3.7,3.75,294598,62409,10132,10.49
2026-09-04 14:22:06,23949.35,2026-09-08,24450.0,PE,474.55,469.85,471.65,1734,1257,-27,
2026-09-04 14:23:06,23950.9,2026-09-08,23450.0,CE,535.7,537.4,539.15,1363,691,29,15.64
2026-09-04 14:23:06,23950.9,2026-09-08,23450.0,PE,4.35,4.35,4.4,310423,47507,16445,11.76
2026-09-04 14:23:06,23950.9,2026-09-08,23500.0,CE,488.3,488.0,489.5,20176,4627,-363,14.77
2026-09-04 14:23:06,23950.9,2026-09-08,23500.0,PE,5.3,5.25,5.3,803409,175185,12955,11.23
2026-09-04 14:23:06,23950.9,2026-09-08,23550.0,CE,442.0,440.15,441.45,3700,1313,381,13.89
2026-09-04 14:23:06,23950.9,2026-09-08,23550.0,PE,6.6,6.6,6.65,473304,50583,17698,10.75
2026-09-04 14:23:06,23950.9,2026-09-08,23600.0,CE,393.0,391.55,392.8,21769,4355,162,13.12
2026-09-04 14:23:06,23950.9,2026-09-08,23600.0,PE,8.5,8.55,8.6,1012786,155908,29048,10.3
2026-09-04 14:23:06,23950.9,2026-09-08,23650.0,CE,344.55,345.1,346.15,14680,2484,518,12.09
2026-09-04 14:23:06,23950.9,2026-09-08,23650.0,PE,11.7,11.65,11.7,808217,60728,18912,10.01
2026-09-04 14:23:06,23950.9,2026-09-08,23700.0,CE,300.0,299.45,300.0,96691,9425,7,11.73
2026-09-04 14:23:06,23950.9,2026-09-08,23700.0,PE,15.9,15.85,15.9,1491493,152385,60132,9.69
2026-09-04 14:23:06,23950.9,2026-09-08,23750.0,CE,256.35,255.75,256.35,107238,9275,2735,11.06
2026-09-04 14:23:06,23950.9,2026-09-08,23750.0,PE,22.1,22.0,22.1,1274182,95876,54461,9.46
2026-09-04 14:23:06,23950.9,2026-09-08,23800.0,CE,214.8,214.15,214.55,692025,44301,1071,10.72
2026-09-04 14:23:06,23950.9,2026-09-08,23800.0,PE,30.65,30.6,30.7,2609165,246048,135953,9.24
2026-09-04 14:23:06,23950.9,2026-09-08,23850.0,CE,175.75,175.15,175.4,689310,32105,4449,10.33
2026-09-04 14:23:06,23950.9,2026-09-08,23850.0,PE,41.6,41.5,41.65,2169012,147444,90622,8.98
2026-09-04 14:23:06,23950.9,2026-09-08,23900.0,CE,140.35,140.4,140.7,3001207,143017,23432,9.98
2026-09-04 14:23:06,23950.9,2026-09-08,23900.0,PE,56.3,56.3,56.35,5356696,366022,259290,8.78
2026-09-04 14:23:06,23950.9,2026-09-08,23950.0,CE,108.45,108.45,108.65,3597775,194213,103258,9.67
2026-09-04 14:23:06,23950.9,2026-09-08,23950.0,PE,75.05,75.05,75.15,4667700,244601,202292,8.53
2026-09-04 14:23:06,23950.9,2026-09-08,24000.0,CE,81.95,81.9,82.0,5775563,395241,112268,9.49
2026-09-04 14:23:06,23950.9,2026-09-08,24000.0,PE,98.4,98.2,98.4,4280583,207771,94047,8.34
2026-09-04 14:23:06,23950.9,2026-09-08,24050.0,CE,60.15,60.05,60.15,2482618,166999,47120,9.32
2026-09-04 14:23:06,23950.9,2026-09-08,24050.0,PE,126.0,125.75,126.05,1115718,48970,31842,8.13
2026-09-04 14:23:06,23950.9,2026-09-08,24100.0,CE,42.8,42.75,42.8,2956553,246503,59766,9.23
2026-09-04 14:23:06,23950.9,2026-09-08,24100.0,PE,158.85,158.45,158.8,994165,65196,14043,7.9
2026-09-04 14:23:06,23950.9,2026-09-08,24150.0,CE,29.5,29.45,29.55,1522064,127368,47271,9.18
2026-09-04 14:23:06,23950.9,2026-09-08,24150.0,PE,195.75,195.25,195.75,225083,17843,6908,7.56
2026-09-04 14:23:06,23950.9,2026-09-08,24200.0,CE,20.35,20.25,20.35,2161917,234733,53393,9.23
2026-09-04 14:23:06,23950.9,2026-09-08,24200.0,PE,236.75,235.95,236.65,286571,41400,1086,7.08
2026-09-04 14:23:06,23950.9,2026-09-08,24250.0,CE,13.8,13.75,13.8,1011807,95294,27406,9.32
2026-09-04 14:23:06,23950.9,2026-09-08,24250.0,PE,278.0,278.8,279.6,43932,7778,1166,6.28
2026-09-04 14:23:06,23950.9,2026-09-08,24300.0,CE,9.15,9.15,9.2,1311116,193875,36763,9.41
2026-09-04 14:23:06,23950.9,2026-09-08,24300.0,PE,324.35,324.65,325.6,62461,20455,2869,
2026-09-04 14:23:06,23950.9,2026-09-08,24350.0,CE,6.65,6.6,6.65,616013,88100,21643,9.73
2026-09-04 14:23:06,23950.9,2026-09-08,24350.0,PE,370.75,371.8,372.9,8521,2894,-17,
2026-09-04 14:23:06,23950.9,2026-09-08,24400.0,CE,4.85,4.8,4.85,745345,164272,42557,10.04
2026-09-04 14:23:06,23950.9,2026-09-08,24400.0,PE,420.25,419.75,421.15,10042,8023,-378,
2026-09-04 14:23:06,23950.9,2026-09-08,24450.0,CE,3.75,3.75,3.8,294755,62418,10141,10.49
2026-09-04 14:23:06,23950.9,2026-09-08,24450.0,PE,474.55,468.6,470.35,1734,1257,-27,
2026-09-04 14:24:06,23947.7,2026-09-08,23450.0,CE,539.75,536.25,538.25,1367,691,29,15.87
2026-09-04 14:24:06,23947.7,2026-09-08,23450.0,PE,4.35,4.35,4.4,311015,47508,16446,11.79
2026-09-04 14:24:06,23947.7,2026-09-08,23500.0,CE,491.55,488.1,489.2,20222,4611,-379,14.13
2026-09-04 14:24:06,23947.7,2026-09-08,23500.0,PE,5.3,5.25,5.3,804783,174860,12630,11.26
2026-09-04 14:24:06,23947.7,2026-09-08,23550.0,CE,440.95,439.1,440.3,3712,1310,378,13.8
2026-09-04 14:24:06,23947.7,2026-09-08,23550.0,PE,6.55,6.55,6.6,474776,50175,17290,10.8
2026-09-04 14:24:06,23947.7,2026-09-08,23600.0,CE,392.5,391.05,392.3,21817,4341,148,12.61
2026-09-04 14:24:06,23947.7,2026-09-08,23600.0,PE,8.55,8.5,8.55,1019029,155348,28488,10.36
2026-09-04 14:24:06,23947.7,2026-09-08,23650.0,CE,348.15,344.35,345.25,14743,2481,515,11.93
2026-09-04 14:24:06,23947.7,2026-09-08,23650.0,PE,11.65,11.6,11.65,811461,59996,18180,10.06
2026-09-04 14:24:06,23947.7,2026-09-08,23700.0,CE,299.35,298.5,299.3,97202,9338,-80,11.25
2026-09-04 14:24:06,23947.7,2026-09-08,23700.0,PE,15.85,15.8,15.85,1500675,150308,58055,9.76
2026-09-04 14:24:06,23947.7,2026-09-08,23750.0,CE,255.0,254.5,255.15,107529,9231,2691,10.83
2026-09-04 14:24:06,23947.7,2026-09-08,23750.0,PE,22.05,22.0,22.05,1280362,95261,53846,9.54
2026-09-04 14:24:06,23947.7,2026-09-08,23800.0,CE,213.2,213.15,213.75,694059,44349,1119,10.41
2026-09-04 14:24:06,23947.7,2026-09-08,23800.0,PE,30.65,30.55,30.65,2624268,245981,135886,9.35
2026-09-04 14:24:06,23947.7,2026-09-08,23850.0,CE,174.6,174.6,175.05,691611,32191,4535,10.09
2026-09-04 14:24:06,23947.7,2026-09-08,23850.0,PE,41.5,41.45,41.5,2179288,146979,90157,9.08
2026-09-04 14:24:06,23947.7,2026-09-08,23900.0,CE,139.8,139.35,139.8,3014939,143813,24228,9.83
2026-09-04 14:24:06,23947.7,2026-09-08,23900.0,PE,56.25,56.25,56.4,5379922,362482,255750,8.9
2026-09-04 14:24:06,23947.7,2026-09-08,23950.0,CE,107.9,107.9,108.2,3615931,195143,104188,9.52
2026-09-04 14:24:06,23947.7,2026-09-08,23950.0,PE,75.0,74.8,74.95,4689965,243737,201428,8.68
2026-09-04 14:24:06,23947.7,2026-09-08,24000.0,CE,81.3,81.3,81.4,5807144,401565,118592,9.37
2026-09-04 14:24:06,23947.7,2026-09-08,24000.0,PE,98.55,98.35,98.55,4297306,206667,92943,8.51
2026-09-04 14:24:06,23947.7,2026-09-08,24050.0,CE,59.45,59.5,59.6,2495248,167834,47955,9.23
2026-09-04 14:24:06,23947.7,2026-09-08,24050.0,PE,126.4,126.2,126.5,1120211,48981,31853,8.35
2026-09-04 14:24:06,23947.7,2026-09-08,24100.0,CE,42.35,42.25,42.35,2973393,247695,60958,9.16
2026-09-04 14:24:06,23947.7,2026-09-08,24100.0,PE,159.55,159.2,159.6,998352,64889,13736,8.15
2026-09-04 14:24:06,23947.7,2026-09-08,24150.0,CE,29.25,29.25,29.35,1529239,128001,47904,9.12
2026-09-04 14:24:06,23947.7,2026-09-08,24150.0,PE,196.35,195.9,196.4,226181,17697,6762,7.95
2026-09-04 14:24:06,23947.7,2026-09-08,24200.0,CE,20.25,20.2,20.25,2170755,237137,55797,9.18
2026-09-04 14:24:06,23947.7,2026-09-08,24200.0,PE,236.9,236.4,236.9,287303,41271,957,7.66
2026-09-04 14:24:06,23947.7,2026-09-08,24250.0,CE,13.6,13.6,13.65,1016600,95600,27712,9.27
2026-09-04 14:24:06,23947.7,2026-09-08,24250.0,PE,279.3,279.65,280.5,44114,7786,1174,7.15
2026-09-04 14:24:06,23947.7,2026-09-08,24300.0,CE,9.15,9.1,9.15,1315191,193880,36768,9.39
2026-09-04 14:24:06,23947.7,2026-09-08,24300.0,PE,325.15,326.0,326.2,62585,20422,2836,6.46
2026-09-04 14:24:06,23947.7,2026-09-08,24350.0,CE,6.6,6.55,6.6,617792,87860,21403,9.68
2026-09-04 14:24:06,23947.7,2026-09-08,24350.0,PE,370.8,372.65,373.85,8604,2898,-13,
2026-09-04 14:24:06,23947.7,2026-09-08,24400.0,CE,4.85,4.8,4.85,747166,164040,42325,10.03
2026-09-04 14:24:06,23947.7,2026-09-08,24400.0,PE,418.95,420.6,422.15,10055,8024,-377,
2026-09-04 14:24:06,23947.7,2026-09-08,24450.0,CE,3.8,3.75,3.8,295258,62180,9903,10.49
2026-09-04 14:24:06,23947.7,2026-09-08,24450.0,PE,467.85,469.15,470.9,1736,1257,-27,
2026-09-04 14:25:07,23948.05,2026-09-08,23450.0,CE,539.75,536.2,537.85,1367,691,29,15.64
2026-09-04 14:25:07,23948.05,2026-09-08,23450.0,PE,4.35,4.35,4.4,311083,47348,16286,11.76
2026-09-04 14:25:07,23948.05,2026-09-08,23500.0,CE,488.0,487.05,488.65,20234,4612,-378,14.77
2026-09-04 14:25:07,23948.05,2026-09-08,23500.0,PE,5.3,5.25,5.3,805077,174735,12505,11.23
2026-09-04 14:25:07,23948.05,2026-09-08,23550.0,CE,438.7,438.7,439.95,3714,1302,370,13.89
2026-09-04 14:25:07,23948.05,2026-09-08,23550.0,PE,6.6,6.55,6.6,474885,50177,17292,10.75
2026-09-04 14:25:07,23948.05,2026-09-08,23600.0,CE,392.35,391.2,392.25,21825,4338,145,13.12
2026-09-04 14:25:07,23948.05,2026-09-08,23600.0,PE,8.55,8.55,8.6,1019552,155219,28359,10.3
2026-09-04 14:25:07,23948.05,2026-09-08,23650.0,CE,345.05,344.0,344.95,14750,2493,527,12.09
2026-09-04 14:25:07,23948.05,2026-09-08,23650.0,PE,11.6,11.65,11.7,811797,60045,18229,10.01
2026-09-04 14:25:07,23948.05,2026-09-08,23700.0,CE,298.8,298.5,298.9,97287,9425,7,11.73
2026-09-04 14:25:07,23948.05,2026-09-08,23700.0,PE,15.9,15.9,15.95,1502487,150422,58169,9.69
2026-09-04 14:25:07,23948.05,2026-09-08,23750.0,CE,254.75,254.1,254.7,107566,9222,2682,11.06
2026-09-04 14:25:07,23948.05,2026-09-08,23750.0,PE,22.15,22.05,22.15,1281211,94978,53563,9.46
2026-09-04 14:25:07,23948.05,2026-09-08,23800.0,CE,212.7,212.75,213.3,694798,44181,951,10.72
2026-09-04 14:25:07,23948.05,2026-09-08,23800.0,PE,30.8,30.7,30.8,2627308,246499,136404,9.24
2026-09-04 14:25:07,23948.05,2026-09-08,23850.0,CE,174.65,174.25,174.6,692036,32087,4431,10.33
2026-09-04 14:25:07,23948.05,2026-09-08,23850.0,PE,41.65,41.55,41.65,2182473,146835,90013,8.98
2026-09-04 14:25:07,23948.05,2026-09-08,23900.0,CE,139.2,139.25,139.5,3018514,142911,23326,9.98
2026-09-04 14:25:07,23948.05,2026-09-08,23900.0,PE,56.5,56.5,56.65,5387811,363915,257183,8.78
2026-09-04 14:25:07,23948.05,2026-09-08,23950.0,CE,108.1,107.85,108.1,3620870,194999,104044,9.67
2026-09-04 14:25:07,23948.05,2026-09-08,23950.0,PE,75.0,74.95,75.1,4696669,245032,202723,8.53
2026-09-04 14:25:07,23948.05,2026-09-08,24000.0,CE,81.1,81.1,81.3,5815212,399700,116727,9.49
2026-09-04 14:25:07,23948.05,2026-09-08,24000.0,PE,98.5,98.5,98.75,4303099,207973,94249,8.34
2026-09-04 14:25:07,23948.05,2026-09-08,24050.0,CE,59.25,59.25,59.4,2498594,167319,47440,9.32
2026-09-04 14:25:07,23948.05,2026-09-08,24050.0,PE,126.6,126.6,126.85,1121546,49206,32078,8.13
2026-09-04 14:25:07,23948.05,2026-09-08,24100.0,CE,42.15,42.15,42.3,2977842,250074,63337,9.23
2026-09-04 14:25:07,23948.05,2026-09-08,24100.0,PE,159.6,159.45,159.75,999466,65261,14108,7.9
2026-09-04 14:25:07,23948.05,2026-09-08,24150.0,CE,29.2,29.15,29.2,1530850,128645,48548,9.18
2026-09-04 14:25:07,23948.05,2026-09-08,24150.0,PE,195.55,196.35,196.9,226363,17734,6799,7.56
2026-09-04 14:25:07,23948.05,2026-09-08,24200.0,CE,20.2,20.1,20.2,2173375,237164,55824,9.23
2026-09-04 14:25:07,23948.05,2026-09-08,24200.0,PE,236.35,236.9,237.0,287503,41296,982,7.08
2026-09-04 14:25:07,23948.05,2026-09-08,24250.0,CE,13.6,13.55,13.65,1017375,95961,28073,9.32
2026-09-04 14:25:07,23948.05,2026-09-08,24250.0,PE,280.0,280.25,281.05,44139,7796,1184,6.28
2026-09-04 14:25:07,23948.05,2026-09-08,24300.0,CE,9.15,9.1,9.15,1316138,194241,37129,9.41
2026-09-04 14:25:07,23948.05,2026-09-08,24300.0,PE,326.65,325.3,326.25,62619,20424,2838,
2026-09-04 14:25:07,23948.05,2026-09-08,24350.0,CE,6.6,6.55,6.6,618794,87932,21475,9.73
2026-09-04 14:25:07,23948.05,2026-09-08,24350.0,PE,374.0,373.05,374.2,8612,2911,0,
2026-09-04 14:25:07,23948.05,2026-09-08,24400.0,CE,4.8,4.8,4.85,747681,163867,42152,10.04
2026-09-04 14:25:07,23948.05,2026-09-08,24400.0,PE,421.45,420.45,421.95,10064,8020,-381,
2026-09-04 14:25:07,23948.05,2026-09-08,24450.0,CE,3.8,3.75,3.8,295576,62194,9917,10.49
2026-09-04 14:25:07,23948.05,2026-09-08,24450.0,PE,467.85,469.65,471.65,1736,1257,-27,
2026-09-04 14:26:07,23948.35,2026-09-08,23450.0,CE,539.75,538.9,540.6,1367,691,29,15.87
2026-09-04 14:26:07,23948.35,2026-09-08,23450.0,PE,4.35,4.35,4.4,311103,47348,16286,11.79
2026-09-04 14:26:07,23948.35,2026-09-08,23500.0,CE,488.6,489.35,490.9,20239,4612,-378,14.13
2026-09-04 14:26:07,23948.35,2026-09-08,23500.0,PE,5.2,5.2,5.25,805376,174735,12505,11.26
2026-09-04 14:26:07,23948.35,2026-09-08,23550.0,CE,438.7,441.1,442.7,3714,1302,370,13.8
2026-09-04 14:26:07,23948.35,2026-09-08,23550.0,PE,6.55,6.55,6.6,475159,50177,17292,10.8
2026-09-04 14:26:07,23948.35,2026-09-08,23600.0,CE,392.5,392.95,394.15,21831,4338,145,12.61
2026-09-04 14:26:07,23948.35,2026-09-08,23600.0,PE,8.45,8.45,8.5,1020215,155219,28359,10.36
2026-09-04 14:26:07,23948.35,2026-09-08,23650.0,CE,345.5,346.3,347.25,14752,2489,523,11.93
2026-09-04 14:26:07,23948.35,2026-09-08,23650.0,PE,11.45,11.45,11.5,812185,60045,18229,10.06
2026-09-04 14:26:07,23948.35,2026-09-08,23700.0,CE,300.0,300.35,301.2,97294,9425,7,11.25
2026-09-04 14:26:07,23948.35,2026-09-08,23700.0,PE,15.65,15.65,15.7,1503817,150422,58169,9.76
2026-09-04 14:26:07,23948.35,2026-09-08,23750.0,CE,256.75,256.35,256.85,107598,9222,2682,10.83
2026-09-04 14:26:07,23948.35,2026-09-08,23750.0,PE,21.65,21.65,21.75,1281779,94978,53563,9.54
2026-09-04 14:26:07,23948.35,2026-09-08,23800.0,CE,215.25,214.75,215.25,695086,44181,951,10.41
2026-09-04 14:26:07,23948.35,2026-09-08,23800.0,PE,30.2,30.15,30.25,2629467,246499,136404,9.35
2026-09-04 14:26:07,23948.35,2026-09-08,23850.0,CE,176.8,176.05,176.4,692384,32087,4431,10.09
2026-09-04 14:26:07,23948.35,2026-09-08,23850.0,PE,41.0,40.9,40.95,2183702,146835,90013,9.08
2026-09-04 14:26:07,23948.35,2026-09-08,23900.0,CE,141.45,141.1,141.4,3020245,142911,23326,9.83
2026-09-04 14:26:07,23948.35,2026-09-08,23900.0,PE,55.7,55.55,55.7,5392427,363915,257183,8.9
2026-09-04 14:26:07,23948.35,2026-09-08,23950.0,CE,109.3,109.0,109.3,3623808,194999,104044,9.52
2026-09-04 14:26:07,23948.35,2026-09-08,23950.0,PE,73.9,73.9,74.05,4700784,245032,202723,8.68
2026-09-04 14:26:07,23948.35,2026-09-08,24000.0,CE,82.25,82.2,82.4,5818416,399700,116727,9.37
2026-09-04 14:26:07,23948.35,2026-09-08,24000.0,PE,97.15,97.15,97.35,4306303,207973,94249,8.51
2026-09-04 14:26:07,23948.35,2026-09-08,24050.0,CE,60.25,60.2,60.3,2500511,167319,47440,9.23
2026-09-04 14:26:07,23948.35,2026-09-08,24050.0,PE,125.0,125.0,125.15,1122440,49206,32078,8.35
2026-09-04 14:26:07,23948.35,2026-09-08,24100.0,CE,42.95,42.8,42.95,2979906,250074,63337,9.16
2026-09-04 14:26:07,23948.35,2026-09-08,24100.0,PE,157.6,157.5,157.8,1000234,65261,14108,8.15
2026-09-04 14:26:07,23948.35,2026-09-08,24150.0,CE,29.65,29.6,29.65,1531624,128645,48548,9.12
2026-09-04 14:26:07,23948.35,2026-09-08,24150.0,PE,194.45,194.1,194.6,226451,17734,6799,7.95
2026-09-04 14:26:07,23948.35,2026-09-08,24200.0,CE,20.5,20.45,20.55,2174575,237164,55824,9.18
2026-09-04 14:26:07,23948.35,2026-09-08,24200.0,PE,234.4,234.75,235.15,287583,41296,982,7.66
2026-09-04 14:26:07,23948.35,2026-09-08,24250.0,CE,13.85,13.85,13.9,1017750,95961,28073,9.27
2026-09-04 14:26:07,23948.35,2026-09-08,24250.0,PE,278.5,278.0,278.5,44141,7796,1184,7.15
2026-09-04 14:26:07,23948.35,2026-09-08,24300.0,CE,9.2,9.2,9.25,1316557,194241,37129,9.39
2026-09-04 14:26:07,23948.35,2026-09-08,24300.0,PE,324.5,323.5,324.4,62631,20424,2838,6.46
2026-09-04 14:26:07,23948.35,2026-09-08,24350.0,CE,6.7,6.65,6.7,619141,87932,21475,9.68
2026-09-04 14:26:07,23948.35,2026-09-08,24350.0,PE,374.0,370.65,371.75,8612,2911,0,
2026-09-04 14:26:07,23948.35,2026-09-08,24400.0,CE,4.85,4.85,4.9,748259,163867,42152,10.03
2026-09-04 14:26:07,23948.35,2026-09-08,24400.0,PE,419.25,418.95,419.75,10071,8020,-381,
2026-09-04 14:26:07,23948.35,2026-09-08,24450.0,CE,3.75,3.75,3.8,295655,62194,9917,10.49
2026-09-04 14:26:07,23948.35,2026-09-08,24450.0,PE,467.85,467.05,468.9,1736,1257,-27,
2026-09-04 14:27:08,23955.45,2026-09-08,23450.0,CE,539.75,545.05,546.9,1367,691,29,15.87
2026-09-04 14:27:08,23955.45,2026-09-08,23450.0,PE,4.25,4.2,4.25,311669,47324,16262,11.79
2026-09-04 14:27:08,23955.45,2026-09-08,23500.0,CE,497.55,495.6,497.15,20277,4611,-379,14.13
2026-09-04 14:27:08,23955.45,2026-09-08,23500.0,PE,5.1,5.05,5.1,806905,174788,12558,11.26
2026-09-04 14:27:08,23955.45,2026-09-08,23550.0,CE,447.0,447.55,448.85,3716,1300,368,13.8
2026-09-04 14:27:08,23955.45,2026-09-08,23550.0,PE,6.3,6.3,6.35,476267,50080,17195,10.8
2026-09-04 14:27:08,23955.45,2026-09-08,23600.0,CE,400.65,400.0,400.5,21865,4334,141,12.61
2026-09-04 14:27:08,23955.45,2026-09-08,23600.0,PE,8.1,8.1,8.15,1023899,155149,28289,10.36
2026-09-04 14:27:08,23955.45,2026-09-08,23650.0,CE,353.8,352.4,353.25,14799,2492,526,11.93
2026-09-04 14:27:08,23955.45,2026-09-08,23650.0,PE,11.0,11.0,11.1,815589,60071,18255,10.06
2026-09-04 14:27:08,23955.45,2026-09-08,23700.0,CE,307.1,306.25,307.05,97679,9415,-3,11.25
2026-09-04 14:27:08,23955.45,2026-09-08,23700.0,PE,14.95,14.95,15.05,1510253,150444,58191,9.76
2026-09-04 14:27:08,23955.45,2026-09-08,23750.0,CE,262.6,262.0,262.6,107875,9208,2668,10.83
2026-09-04 14:27:08,23955.45,2026-09-08,23750.0,PE,20.85,20.8,20.85,1286712,95514,54099,9.54
2026-09-04 14:27:08,23955.45,2026-09-08,23800.0,CE,220.05,220.0,220.55,698030,43462,232,10.41
2026-09-04 14:27:08,23955.45,2026-09-08,23800.0,PE,28.95,28.9,28.95,2641617,247533,137438,9.35
2026-09-04 14:27:08,23955.45,2026-09-08,23850.0,CE,181.25,180.85,181.25,694322,31957,4301,10.09
2026-09-04 14:27:08,23955.45,2026-09-08,23850.0,PE,39.3,39.3,39.4,2191257,147263,90441,9.08
2026-09-04 14:27:08,23955.45,2026-09-08,23900.0,CE,145.6,145.25,145.6,3032043,142601,23016,9.83
2026-09-04 14:27:08,23955.45,2026-09-08,23900.0,PE,53.35,53.35,53.5,5413877,365713,258981,8.9
2026-09-04 14:27:08,23955.45,2026-09-08,23950.0,CE,113.05,112.85,113.1,3636990,194619,103664,9.52
2026-09-04 14:27:08,23955.45,2026-09-08,23950.0,PE,71.05,71.05,71.2,4720009,246247,203938,8.68
2026-09-04 14:27:08,23955.45,2026-09-08,24000.0,CE,85.55,85.35,85.55,5840233,399286,116313,9.37
2026-09-04 14:27:08,23955.45,2026-09-08,24000.0,PE,93.7,93.7,93.9,4323025,209406,95682,8.51
2026-09-04 14:27:08,23955.45,2026-09-08,24050.0,CE,62.7,62.65,62.8,2509033,167022,47143,9.23
2026-09-04 14:27:08,23955.45,2026-09-08,24050.0,PE,120.8,120.8,121.05,1127249,50158,33030,8.35
2026-09-04 14:27:08,23955.45,2026-09-08,24100.0,CE,44.65,44.65,44.75,2989982,249342,62605,9.16
2026-09-04 14:27:08,23955.45,2026-09-08,24100.0,PE,153.0,153.0,153.35,1003758,65369,14216,8.15
2026-09-04 14:27:08,23955.45,2026-09-08,24150.0,CE,30.9,30.85,30.9,1536011,128476,48379,9.12
2026-09-04 14:27:08,23955.45,2026-09-08,24150.0,PE,189.3,189.1,189.6,227322,17633,6698,7.95
2026-09-04 14:27:08,23955.45,2026-09-08,24200.0,CE,21.25,21.25,21.3,2180823,237167,55827,9.18
2026-09-04 14:27:08,23955.45,2026-09-08,24200.0,PE,228.4,229.2,229.75,288448,41288,974,7.66
2026-09-04 14:27:08,23955.45,2026-09-08,24250.0,CE,14.4,14.35,14.4,1021350,95924,28036,9.27
2026-09-04 14:27:08,23955.45,2026-09-08,24250.0,PE,271.65,271.8,272.6,44268,7795,1183,7.15
2026-09-04 14:27:08,23955.45,2026-09-08,24300.0,CE,9.6,9.55,9.6,1320161,193929,36817,9.39
2026-09-04 14:27:08,23955.45,2026-09-08,24300.0,PE,317.4,317.35,318.15,63066,20408,2822,6.46
2026-09-04 14:27:08,23955.45,2026-09-08,24350.0,CE,6.9,6.85,6.9,620449,87850,21393,9.68
2026-09-04 14:27:08,23955.45,2026-09-08,24350.0,PE,369.15,364.5,365.55,8641,2917,6,
2026-09-04 14:27:08,23955.45,2026-09-08,24400.0,CE,5.0,4.95,5.0,749282,163797,42082,10.03
2026-09-04 14:27:08,23955.45,2026-09-08,24400.0,PE,414.7,412.35,413.5,10115,8017,-384,
2026-09-04 14:27:08,23955.45,2026-09-08,24450.0,CE,3.85,3.85,3.9,296120,62141,9864,10.49
2026-09-04 14:27:08,23955.45,2026-09-08,24450.0,PE,466.0,460.7,462.65,1737,1258,-26,
2026-09-04 14:28:08,23957.1,2026-09-08,23450.0,CE,539.75,547.05,549.25,1367,691,29,15.87
2026-09-04 14:28:08,23957.1,2026-09-08,23450.0,PE,4.2,4.15,4.2,312568,47314,16252,11.79
2026-09-04 14:28:08,23957.1,2026-09-08,23500.0,CE,497.55,497.8,499.2,20338,4606,-384,14.13
2026-09-04 14:28:08,23957.1,2026-09-08,23500.0,PE,5.05,5.0,5.05,811176,173881,11651,11.26
2026-09-04 14:28:08,23957.1,2026-09-08,23550.0,CE,451.0,449.5,450.9,3824,1197,265,13.8
2026-09-04 14:28:08,23957.1,2026-09-08,23550.0,PE,6.2,6.15,6.2,477528,50413,17528,10.8
2026-09-04 14:28:08,23957.1,2026-09-08,23600.0,CE,401.2,401.05,402.35,21964,4354,161,12.61
2026-09-04 14:28:08,23957.1,2026-09-08,23600.0,PE,7.9,7.9,7.95,1030835,153264,26404,10.36
2026-09-04 14:28:08,23957.1,2026-09-08,23650.0,CE,355.35,354.35,355.2,14923,2501,535,11.93
2026-09-04 14:28:08,23957.1,2026-09-08,23650.0,PE,10.7,10.7,10.8,818723,59689,17873,10.06
2026-09-04 14:28:08,23957.1,2026-09-08,23700.0,CE,307.6,307.75,308.15,98142,9208,-210,11.25
2026-09-04 14:28:08,23957.1,2026-09-08,23700.0,PE,14.55,14.55,14.6,1518641,149768,57515,9.76
2026-09-04 14:28:08,23957.1,2026-09-08,23750.0,CE,264.35,263.85,264.45,108308,9098,2558,10.83
2026-09-04 14:28:08,23957.1,2026-09-08,23750.0,PE,20.3,20.25,20.3,1293226,95502,54087,9.54
2026-09-04 14:28:08,23957.1,2026-09-08,23800.0,CE,221.35,221.5,221.75,701554,43696,466,10.41
2026-09-04 14:28:08,23957.1,2026-09-08,23800.0,PE,28.2,28.1,28.2,2660901,247346,137251,9.35
2026-09-04 14:28:08,23957.1,2026-09-08,23850.0,CE,182.65,182.25,182.7,698212,31577,3921,10.09
2026-09-04 14:28:08,23957.1,2026-09-08,23850.0,PE,38.35,38.35,38.45,2204164,146248,89426,9.08
2026-09-04 14:28:08,23957.1,2026-09-08,23900.0,CE,146.3,146.3,146.65,3049681,138247,18662,9.83
2026-09-04 14:28:08,23957.1,2026-09-08,23900.0,PE,52.4,52.25,52.4,5443830,362848,256116,8.9
2026-09-04 14:28:08,23957.1,2026-09-08,23950.0,CE,114.1,113.85,114.1,3662090,193146,102191,9.52
2026-09-04 14:28:08,23957.1,2026-09-08,23950.0,PE,69.8,69.8,70.0,4749194,247442,205133,8.68
2026-09-04 14:28:08,23957.1,2026-09-08,24000.0,CE,86.5,86.3,86.5,5881992,396296,113323,9.37
2026-09-04 14:28:08,23957.1,2026-09-08,24000.0,PE,92.3,92.3,92.55,4342756,207395,93671,8.51
2026-09-04 14:28:08,23957.1,2026-09-08,24050.0,CE,63.5,63.4,63.6,2525482,166554,46675,9.23
2026-09-04 14:28:08,23957.1,2026-09-08,24050.0,PE,119.9,119.4,119.65,1131886,50019,32891,8.35
2026-09-04 14:28:08,23957.1,2026-09-08,24100.0,CE,45.4,45.35,45.4,3010961,248692,61955,9.16
2026-09-04 14:28:08,23957.1,2026-09-08,24100.0,PE,151.55,151.15,151.55,1009096,64893,13740,8.15
2026-09-04 14:28:08,23957.1,2026-09-08,24150.0,CE,31.45,31.4,31.5,1545560,128690,48593,9.12
2026-09-04 14:28:08,23957.1,2026-09-08,24150.0,PE,187.55,187.35,187.9,228582,17567,6632,7.95
2026-09-04 14:28:08,23957.1,2026-09-08,24200.0,CE,21.8,21.7,21.8,2196929,237270,55930,9.18
2026-09-04 14:28:08,23957.1,2026-09-08,24200.0,PE,227.2,227.15,227.75,289627,41165,851,7.66
2026-09-04 14:28:08,23957.1,2026-09-08,24250.0,CE,14.75,14.7,14.75,1027502,96516,28628,9.27
2026-09-04 14:28:08,23957.1,2026-09-08,24250.0,PE,270.0,270.0,270.7,44448,7830,1218,7.15
2026-09-04 14:28:08,23957.1,2026-09-08,24300.0,CE,9.8,9.75,9.8,1325187,193173,36061,9.39
2026-09-04 14:28:08,23957.1,2026-09-08,24300.0,PE,315.55,315.35,316.05,63517,20725,3139,6.46
2026-09-04 14:28:08,23957.1,2026-09-08,24350.0,CE,6.95,6.95,7.0,622575,87783,21326,9.68
2026-09-04 14:28:08,23957.1,2026-09-08,24350.0,PE,360.55,362.0,363.2,8679,2890,-21,
2026-09-04 14:28:08,23957.1,2026-09-08,24400.0,CE,5.0,4.95,5.0,751709,163694,41979,10.03
2026-09-04 14:28:08,23957.1,2026-09-08,24400.0,PE,410.3,410.1,411.45,10146,8026,-375,
2026-09-04 14:28:08,23957.1,2026-09-08,24450.0,CE,3.9,3.85,3.9,296414,62086,9809,10.49
2026-09-04 14:28:08,23957.1,2026-09-08,24450.0,PE,459.9,458.6,460.55,1742,1253,-31,
2026-09-04 14:29:08,23957.2,2026-09-08,23450.0,CE,539.75,547.5,549.4,1367,691,29,15.87
2026-09-04 14:29:08,23957.2,2026-09-08,23450.0,PE,4.1,4.1,4.15,313427,47279,16217,11.79
2026-09-04 14:29:08,23957.2,2026-09-08,23500.0,CE,499.1,498.8,500.0,20421,4623,-367,14.13
2026-09-04 14:29:08,23957.2,2026-09-08,23500.0,PE,4.95,4.9,4.95,815658,173085,10855,11.26
2026-09-04 14:29:08,23957.2,2026-09-08,23550.0,CE,450.0,449.9,451.15,3838,1207,275,13.8
2026-09-04 14:29:08,23957.2,2026-09-08,23550.0,PE,6.05,6.05,6.1,479016,50466,17581,10.8
2026-09-04 14:29:08,23957.2,2026-09-08,23600.0,CE,402.05,401.45,402.85,22078,4350,157,12.61
2026-09-04 14:29:08,23957.2,2026-09-08,23600.0,PE,7.75,7.75,7.8,1036709,152054,25194,10.36
2026-09-04 14:29:08,23957.2,2026-09-08,23650.0,CE,353.35,354.4,355.45,15027,2453,487,11.93
2026-09-04 14:29:08,23957.2,2026-09-08,23650.0,PE,10.5,10.5,10.55,823845,58566,16750,10.06
2026-09-04 14:29:08,23957.2,2026-09-08,23700.0,CE,308.6,308.2,309.0,98804,9161,-257,11.25
2026-09-04 14:29:08,23957.2,2026-09-08,23700.0,PE,14.15,14.15,14.2,1537228,148167,55914,9.76
2026-09-04 14:29:08,23957.2,2026-09-08,23750.0,CE,264.25,263.9,264.55,108836,8990,2450,10.83
2026-09-04 14:29:08,23957.2,2026-09-08,23750.0,PE,19.9,19.8,19.9,1302663,94721,53306,9.54
2026-09-04 14:29:08,23957.2,2026-09-08,23800.0,CE,222.3,222.0,222.2,705412,43398,168,10.41
2026-09-04 14:29:08,23957.2,2026-09-08,23800.0,PE,27.7,27.7,27.75,2679270,244036,133941,9.35
2026-09-04 14:29:08,23957.2,2026-09-08,23850.0,CE,182.2,182.2,182.65,702022,31139,3483,10.09
2026-09-04 14:29:08,23957.2,2026-09-08,23850.0,PE,37.85,37.85,37.95,2216871,145461,88639,9.08
2026-09-04 14:29:08,23957.2,2026-09-08,23900.0,CE,146.45,146.3,146.65,3070570,136251,16666,9.83
2026-09-04 14:29:08,23957.2,2026-09-08,23900.0,PE,51.85,51.85,51.95,5479397,358597,251865,8.9
2026-09-04 14:29:08,23957.2,2026-09-08,23950.0,CE,113.95,113.95,114.1,3690357,191586,100631,9.52
2026-09-04 14:29:08,23957.2,2026-09-08,23950.0,PE,69.55,69.4,69.5,4779584,246261,203952,8.68
2026-09-04 14:29:08,23957.2,2026-09-08,24000.0,CE,86.55,86.3,86.4,5927983,397225,114252,9.37
2026-09-04 14:29:08,23957.2,2026-09-08,24000.0,PE,92.05,91.95,92.05,4371589,206477,92753,8.51
2026-09-04 14:29:08,23957.2,2026-09-08,24050.0,CE,63.6,63.5,63.65,2546667,166549,46670,9.23
2026-09-04 14:29:08,23957.2,2026-09-08,24050.0,PE,118.9,118.95,119.05,1137746,49748,32620,8.35
2026-09-04 14:29:08,23957.2,2026-09-08,24100.0,CE,45.55,45.45,45.55,3035241,246349,59612,9.16
2026-09-04 14:29:08,23957.2,2026-09-08,24100.0,PE,151.0,150.85,151.0,1013940,64773,13620,8.15
2026-09-04 14:29:08,23957.2,2026-09-08,24150.0,CE,31.5,31.5,31.55,1556359,129780,49683,9.12
2026-09-04 14:29:08,23957.2,2026-09-08,24150.0,PE,186.6,186.7,187.15,230094,17759,6824,7.95
2026-09-04 14:29:08,23957.2,2026-09-08,24200.0,CE,21.8,21.75,21.85,2210075,238000,56660,9.18
2026-09-04 14:29:08,23957.2,2026-09-08,24200.0,PE,226.75,226.8,227.0,290745,41060,746,7.66
2026-09-04 14:29:08,23957.2,2026-09-08,24250.0,CE,14.75,14.7,14.8,1034222,95846,27958,9.27
2026-09-04 14:29:08,23957.2,2026-09-08,24250.0,PE,268.85,269.5,270.15,44729,7816,1204,7.15
2026-09-04 14:29:08,23957.2,2026-09-08,24300.0,CE,9.8,9.8,9.85,1331616,193425,36313,9.39
2026-09-04 14:29:08,23957.2,2026-09-08,24300.0,PE,315.0,314.75,315.6,63710,20716,3130,6.46
2026-09-04 14:29:08,23957.2,2026-09-08,24350.0,CE,7.0,7.0,7.05,624505,88155,21698,9.68
2026-09-04 14:29:08,23957.2,2026-09-08,24350.0,PE,362.1,361.5,362.55,8697,2889,-22,
2026-09-04 14:29:08,23957.2,2026-09-08,24400.0,CE,5.05,5.0,5.05,753204,163375,41660,10.03
2026-09-04 14:29:08,23957.2,2026-09-08,24400.0,PE,408.75,409.5,410.8,10228,7988,-413,
2026-09-04 14:29:08,23957.2,2026-09-08,24450.0,CE,3.9,3.85,3.9,297550,61945,9668,10.49
2026-09-04 14:29:08,23957.2,2026-09-08,24450.0,PE,459.8,458.2,459.65,1758,1248,-36,
2026-09-04 14:30:09,23957.0,2026-09-08,23450.0,CE,553.15,554.9,557.2,1380,690,28,15.87
2026-09-04 14:30:09,23957.0,2026-09-08,23450.0,PE,4.1,4.1,4.15,315315,46973,15911,11.79
2026-09-04 14:30:09,23957.0,2026-09-08,23500.0,CE,506.0,506.4,507.85,20500,4594,-396,14.13
2026-09-04 14:30:09,23957.0,2026-09-08,23500.0,PE,4.8,4.8,4.85,818547,172926,10696,11.26
2026-09-04 14:30:09,23957.0,2026-09-08,23550.0,CE,456.0,456.65,458.15,4002,1207,275,13.8
2026-09-04 14:30:09,23957.0,2026-09-08,23550.0,PE,5.95,5.9,5.95,479611,50564,17679,10.8
2026-09-04 14:30:09,23957.0,2026-09-08,23600.0,CE,408.9,408.25,409.9,22168,4338,145,12.61
2026-09-04 14:30:09,23957.0,2026-09-08,23600.0,PE,7.55,7.5,7.55,1041500,151759,24899,10.36
2026-09-04 14:30:09,23957.0,2026-09-08,23650.0,CE,361.5,362.2,362.95,15130,2452,486,11.93
2026-09-04 14:30:09,23957.0,2026-09-08,23650.0,PE,10.05,10.05,10.1,827147,58736,16920,10.06
2026-09-04 14:30:09,23957.0,2026-09-08,23700.0,CE,315.0,314.85,315.0,99308,9151,-267,11.25
2026-09-04 14:30:09,23957.0,2026-09-08,23700.0,PE,13.6,13.55,13.6,1544791,152213,59960,9.76
2026-09-04 14:30:09,23957.0,2026-09-08,23750.0,CE,270.75,270.85,271.25,109204,8963,2423,10.83
2026-09-04 14:30:09,23957.0,2026-09-08,23750.0,PE,18.8,18.75,18.8,1308353,95501,54086,9.54
2026-09-04 14:30:09,23957.0,2026-09-08,23800.0,CE,228.5,228.15,228.65,708468,43288,58,10.41
2026-09-04 14:30:09,23957.0,2026-09-08,23800.0,PE,26.2,26.15,26.2,2692414,246292,136197,9.35
2026-09-04 14:30:09,23957.0,2026-09-08,23850.0,CE,188.15,188.15,188.6,704920,30848,3192,10.09
2026-09-04 14:30:09,23957.0,2026-09-08,23850.0,PE,35.8,35.7,35.8,2226060,146143,89321,9.08
2026-09-04 14:30:09,23957.0,2026-09-08,23900.0,CE,151.2,150.85,151.2,3083995,136505,16920,9.83
2026-09-04 14:30:09,23957.0,2026-09-08,23900.0,PE,49.1,49.1,49.35,5504303,361704,254972,8.9
2026-09-04 14:30:09,23957.0,2026-09-08,23950.0,CE,118.1,118.1,118.3,3708479,191414,100459,9.52
2026-09-04 14:30:09,23957.0,2026-09-08,23950.0,PE,65.85,65.85,66.0,4803447,249498,207189,8.68
2026-09-04 14:30:09,23957.0,2026-09-08,24000.0,CE,89.9,89.8,89.9,5959098,398148,115175,9.37
2026-09-04 14:30:09,23957.0,2026-09-08,24000.0,PE,87.4,87.3,87.4,4392324,210796,97072,8.51
2026-09-04 14:30:09,23957.0,2026-09-08,24050.0,CE,66.0,65.95,66.0,2558967,167371,47492,9.23
2026-09-04 14:30:09,23957.0,2026-09-08,24050.0,PE,114.25,114.0,114.2,1143362,50514,33386,8.35
2026-09-04 14:30:09,23957.0,2026-09-08,24100.0,CE,47.35,47.35,47.4,3050845,243746,57009,9.16
2026-09-04 14:30:09,23957.0,2026-09-08,24100.0,PE,144.9,144.75,144.9,1019419,65076,13923,8.15
2026-09-04 14:30:09,23957.0,2026-09-08,24150.0,CE,32.85,32.85,32.9,1563191,130084,49987,9.12
2026-09-04 14:30:09,23957.0,2026-09-08,24150.0,PE,180.0,180.0,180.5,231408,17783,6848,7.95
2026-09-04 14:30:09,23957.0,2026-09-08,24200.0,CE,22.6,22.6,22.65,2223352,238624,57284,9.18
2026-09-04 14:30:09,23957.0,2026-09-08,24200.0,PE,219.95,219.7,219.95,293321,41231,917,7.66
2026-09-04 14:30:09,23957.0,2026-09-08,24250.0,CE,15.2,15.2,15.25,1039059,95947,28059,9.27
2026-09-04 14:30:09,23957.0,2026-09-08,24250.0,PE,263.0,262.9,263.75,44954,7818,1206,7.15
2026-09-04 14:30:09,23957.0,2026-09-08,24300.0,CE,10.05,10.05,10.1,1339092,193540,36428,9.39
2026-09-04 14:30:09,23957.0,2026-09-08,24300.0,PE,307.45,307.45,308.25,64007,20733,3147,6.46
2026-09-04 14:30:09,23957.0,2026-09-08,24350.0,CE,7.15,7.1,7.15,626640,88136,21679,9.68
2026-09-04 14:30:09,23957.0,2026-09-08,24350.0,PE,353.6,353.65,354.6,8787,2898,-13,
2026-09-04 14:30:09,23957.0,2026-09-08,24400.0,CE,5.05,5.0,5.05,755628,163187,41472,10.03
2026-09-04 14:30:09,23957.0,2026-09-08,24400.0,PE,403.0,402.1,403.5,10254,7988,-413,
2026-09-04 14:30:09,23957.0,2026-09-08,24450.0,CE,3.9,3.85,3.9,298789,61863,9586,10.49
2026-09-04 14:30:09,23957.0,2026-09-08,24450.0,PE,453.5,450.45,452.4,1769,1248,-36,
2026-09-04 14:31:09,23959.75,2026-09-08,23450.0,CE,553.15,554.2,555.9,1380,688,26,15.87
2026-09-04 14:31:09,23959.75,2026-09-08,23450.0,PE,4.15,4.1,4.15,315376,47332,16270,11.79
2026-09-04 14:31:09,23959.75,2026-09-08,23500.0,CE,506.0,504.5,506.3,20500,4613,-377,14.13
2026-09-04 14:31:09,23959.75,2026-09-08,23500.0,PE,4.9,4.85,4.9,818859,172474,10244,11.26
2026-09-04 14:31:09,23959.75,2026-09-08,23550.0,CE,457.65,456.2,457.5,4005,1206,274,13.8
2026-09-04 14:31:09,23959.75,2026-09-08,23550.0,PE,6.0,5.95,6.0,480187,50495,17610,10.8
2026-09-04 14:31:09,23959.75,2026-09-08,23600.0,CE,408.1,408.0,409.2,22170,4346,153,12.61
2026-09-04 14:31:09,23959.75,2026-09-08,23600.0,PE,7.6,7.55,7.6,1041775,151216,24356,10.36
2026-09-04 14:31:09,23959.75,2026-09-08,23650.0,CE,361.35,360.4,361.3,15134,2424,458,11.93
2026-09-04 14:31:09,23959.75,2026-09-08,23650.0,PE,10.2,10.2,10.25,827647,58770,16954,10.06
2026-09-04 14:31:09,23959.75,2026-09-08,23700.0,CE,314.15,314.05,314.75,99357,9160,-258,11.25
2026-09-04 14:31:09,23959.75,2026-09-08,23700.0,PE,13.75,13.75,13.8,1545812,152579,60326,9.76
2026-09-04 14:31:09,23959.75,2026-09-08,23750.0,CE,269.5,269.45,270.2,109249,8987,2447,10.83
2026-09-04 14:31:09,23959.75,2026-09-08,23750.0,PE,19.1,19.0,19.1,1309158,96241,54826,9.54
2026-09-04 14:31:09,23959.75,2026-09-08,23800.0,CE,227.25,227.05,227.25,708762,43188,-42,10.41
2026-09-04 14:31:09,23959.75,2026-09-08,23800.0,PE,26.65,26.6,26.7,2694184,245153,135058,9.35
2026-09-04 14:31:09,23959.75,2026-09-08,23850.0,CE,187.0,186.95,187.4,705306,30853,3197,10.09
2026-09-04 14:31:09,23959.75,2026-09-08,23850.0,PE,36.3,36.35,36.45,2227502,146795,89973,9.08
2026-09-04 14:31:09,23959.75,2026-09-08,23900.0,CE,150.45,150.5,150.85,3085475,134032,14447,9.83
2026-09-04 14:31:09,23959.75,2026-09-08,23900.0,PE,49.55,49.55,49.7,5510087,358755,252023,8.9
2026-09-04 14:31:09,23959.75,2026-09-08,23950.0,CE,117.7,117.35,117.6,3710491,189402,98447,9.52
2026-09-04 14:31:09,23959.75,2026-09-08,23950.0,PE,66.75,66.75,66.9,4807133,250223,207914,8.68
2026-09-04 14:31:09,23959.75,2026-09-08,24000.0,CE,89.0,89.0,89.2,5962866,395619,112646,9.37
2026-09-04 14:31:09,23959.75,2026-09-08,24000.0,PE,88.3,88.3,88.7,4395155,212032,98308,8.51
2026-09-04 14:31:09,23959.75,2026-09-08,24050.0,CE,65.55,65.55,65.7,2561372,166003,46124,9.23
2026-09-04 14:31:09,23959.75,2026-09-08,24050.0,PE,114.9,114.95,115.15,1144434,50187,33059,8.35
2026-09-04 14:31:09,23959.75,2026-09-08,24100.0,CE,47.05,47.0,47.05,3052061,242782,56045,9.16
2026-09-04 14:31:09,23959.75,2026-09-08,24100.0,PE,146.2,146.2,146.3,1019801,65672,14519,8.15
2026-09-04 14:31:09,23959.75,2026-09-08,24150.0,CE,32.6,32.5,32.6,1564133,129376,49279,9.12
2026-09-04 14:31:09,23959.75,2026-09-08,24150.0,PE,181.85,181.65,182.0,231468,17913,6978,7.95
2026-09-04 14:31:09,23959.75,2026-09-08,24200.0,CE,22.4,22.4,22.45,2223823,236850,55510,9.18
2026-09-04 14:31:09,23959.75,2026-09-08,24200.0,PE,221.9,221.3,221.8,293636,41100,786,7.66
2026-09-04 14:31:09,23959.75,2026-09-08,24250.0,CE,15.1,15.1,15.15,1039469,95477,27589,9.27
2026-09-04 14:31:09,23959.75,2026-09-08,24250.0,PE,263.6,263.6,264.35,44994,7932,1320,7.15
2026-09-04 14:31:09,23959.75,2026-09-08,24300.0,CE,10.0,9.95,10.0,1339372,191452,34340,9.39
2026-09-04 14:31:09,23959.75,2026-09-08,24300.0,PE,309.55,309.1,309.75,64019,20798,3212,6.46
2026-09-04 14:31:09,23959.75,2026-09-08,24350.0,CE,7.05,7.05,7.1,626841,88102,21645,9.68
2026-09-04 14:31:09,23959.75,2026-09-08,24350.0,PE,357.1,355.5,356.65,8802,2962,51,
2026-09-04 14:31:09,23959.75,2026-09-08,24400.0,CE,5.0,5.0,5.05,755659,163219,41504,10.03
2026-09-04 14:31:09,23959.75,2026-09-08,24400.0,PE,403.0,403.3,404.45,10254,7987,-414,
2026-09-04 14:31:09,23959.75,2026-09-08,24450.0,CE,3.9,3.85,3.9,298790,61695,9418,10.49
2026-09-04 14:31:09,23959.75,2026-09-08,24450.0,PE,453.5,451.65,453.4,1769,1248,-36,
2026-09-04 14:32:10,23961.5,2026-09-08,23450.0,CE,555.15,553.55,555.2,1382,689,27,16.94
2026-09-04 14:32:10,23961.5,2026-09-08,23450.0,PE,4.1,4.1,4.15,316377,47187,16125,11.87
2026-09-04 14:32:10,23961.5,2026-09-08,23500.0,CE,505.55,504.05,505.45,20638,4592,-398,16.0
2026-09-04 14:32:10,23961.5,2026-09-08,23500.0,PE,4.9,4.85,4.9,823029,172345,10115,11.31
2026-09-04 14:32:10,23961.5,2026-09-08,23550.0,CE,456.85,455.7,456.95,4015,1064,132,15.17
2026-09-04 14:32:10,23961.5,2026-09-08,23550.0,PE,6.05,6.0,6.05,482601,50071,17186,10.8
2026-09-04 14:32:10,23961.5,2026-09-08,23600.0,CE,407.3,406.95,408.35,22297,4338,145,13.72
2026-09-04 14:32:10,23961.5,2026-09-08,23600.0,PE,7.65,7.65,7.7,1047779,150404,23544,10.31
2026-09-04 14:32:10,23961.5,2026-09-08,23650.0,CE,360.2,360.0,361.05,15210,2407,441,12.97
2026-09-04 14:32:10,23961.5,2026-09-08,23650.0,PE,10.3,10.35,10.4,831936,58492,16676,9.96
2026-09-04 14:32:10,23961.5,2026-09-08,23700.0,CE,314.0,313.6,314.2,100217,9113,-305,12.31
2026-09-04 14:32:10,23961.5,2026-09-08,23700.0,PE,13.95,13.95,14.0,1555192,151715,59462,9.6
2026-09-04 14:32:10,23961.5,2026-09-08,23750.0,CE,269.9,269.1,269.7,109892,8902,2362,11.62
2026-09-04 14:32:10,23961.5,2026-09-08,23750.0,PE,19.4,19.3,19.4,1316645,95812,54397,9.31
2026-09-04 14:32:10,23961.5,2026-09-08,23800.0,CE,227.05,226.5,227.05,714573,43257,27,11.09
2026-09-04 14:32:10,23961.5,2026-09-08,23800.0,PE,27.0,26.9,27.0,2712338,243738,133643,9.08
2026-09-04 14:32:10,23961.5,2026-09-08,23850.0,CE,186.65,186.65,187.0,710640,30637,2981,10.66
2026-09-04 14:32:10,23961.5,2026-09-08,23850.0,PE,36.6,36.55,36.6,2240665,147556,90734,8.8
2026-09-04 14:32:10,23961.5,2026-09-08,23900.0,CE,150.6,150.2,150.55,3109764,133533,13948,10.28
2026-09-04 14:32:10,23961.5,2026-09-08,23900.0,PE,50.15,50.05,50.15,5540876,359451,252719,8.56
2026-09-04 14:32:10,23961.5,2026-09-08,23950.0,CE,117.3,117.0,117.25,3746113,186554,95599,9.88
2026-09-04 14:32:10,23961.5,2026-09-08,23950.0,PE,67.2,67.05,67.2,4842813,251831,209522,8.3
2026-09-04 14:32:10,23961.5,2026-09-08,24000.0,CE,88.85,88.9,89.1,6031132,391126,108153,9.62
2026-09-04 14:32:10,23961.5,2026-09-08,24000.0,PE,88.85,88.65,88.85,4423173,214801,101077,8.07
2026-09-04 14:32:10,23961.5,2026-09-08,24050.0,CE,65.4,65.3,65.45,2584793,165548,45669,9.43
2026-09-04 14:32:10,23961.5,2026-09-08,24050.0,PE,115.05,115.05,115.3,1151716,50715,33587,7.83
2026-09-04 14:32:10,23961.5,2026-09-08,24100.0,CE,46.85,46.7,46.85,3073572,242057,55320,9.3
2026-09-04 14:32:10,23961.5,2026-09-08,24100.0,PE,146.7,146.35,146.65,1027945,64365,13212,7.52
2026-09-04 14:32:10,23961.5,2026-09-08,24150.0,CE,32.45,32.4,32.45,1575761,129794,49697,9.23
2026-09-04 14:32:10,23961.5,2026-09-08,24150.0,PE,181.8,182.05,182.3,232873,18046,7111,6.99
2026-09-04 14:32:10,23961.5,2026-09-08,24200.0,CE,22.3,22.3,22.35,2241191,236675,55335,9.24
2026-09-04 14:32:10,23961.5,2026-09-08,24200.0,PE,221.9,221.7,221.9,295812,41088,774,6.43
2026-09-04 14:32:10,23961.5,2026-09-08,24250.0,CE,15.1,15.05,15.1,1048039,95315,27427,9.3
2026-09-04 14:32:10,23961.5,2026-09-08,24250.0,PE,264.75,264.25,264.95,45187,7918,1306,4.09
2026-09-04 14:32:10,23961.5,2026-09-08,24300.0,CE,10.0,10.0,10.05,1350231,190313,33201,9.35
2026-09-04 14:32:10,23961.5,2026-09-08,24300.0,PE,309.25,309.5,310.3,64361,20780,3194,
2026-09-04 14:32:10,23961.5,2026-09-08,24350.0,CE,7.15,7.1,7.15,630354,88196,21739,9.63
2026-09-04 14:32:10,23961.5,2026-09-08,24350.0,PE,355.1,355.75,356.95,8838,2963,52,
2026-09-04 14:32:10,23961.5,2026-09-08,24400.0,CE,5.0,5.0,5.05,757541,163108,41393,9.89
2026-09-04 14:32:10,23961.5,2026-09-08,24400.0,PE,404.1,403.65,405.0,10292,7998,-403,
2026-09-04 14:32:10,23961.5,2026-09-08,24450.0,CE,3.9,3.85,3.9,299672,61567,9290,10.3
2026-09-04 14:32:10,23961.5,2026-09-08,24450.0,PE,452.5,452.4,453.9,1784,1257,-27,
2026-09-04 14:33:11,23963.35,2026-09-08,23450.0,CE,556.0,556.55,558.75,1386,690,28,16.94
2026-09-04 14:33:11,23963.35,2026-09-08,23450.0,PE,4.05,4.05,4.1,317074,47082,16020,11.87
2026-09-04 14:33:11,23963.35,2026-09-08,23500.0,CE,507.15,507.0,508.0,20694,4637,-353,16.0
2026-09-04 14:33:11,23963.35,2026-09-08,23500.0,PE,4.8,4.75,4.8,826006,172186,9956,11.31
2026-09-04 14:33:11,23963.35,2026-09-08,23550.0,CE,460.4,458.95,460.45,4018,1065,133,15.17
2026-09-04 14:33:11,23963.35,2026-09-08,23550.0,PE,5.8,5.8,5.85,483286,50035,17150,10.8
2026-09-04 14:33:11,23963.35,2026-09-08,23600.0,CE,411.8,410.05,411.4,22316,4330,137,13.72
2026-09-04 14:33:11,23963.35,2026-09-08,23600.0,PE,7.4,7.35,7.4,1051814,150165,23305,10.31
2026-09-04 14:33:11,23963.35,2026-09-08,23650.0,CE,364.1,363.1,364.0,15249,2410,444,12.97
2026-09-04 14:33:11,23963.35,2026-09-08,23650.0,PE,9.95,9.95,10.0,834777,58584,16768,9.96
2026-09-04 14:33:11,23963.35,2026-09-08,23700.0,CE,316.8,316.45,317.3,100542,9212,-206,12.31
2026-09-04 14:33:11,23963.35,2026-09-08,23700.0,PE,13.4,13.4,13.45,1560045,151286,59033,9.6
2026-09-04 14:33:11,23963.35,2026-09-08,23750.0,CE,272.4,271.6,272.25,110142,8882,2342,11.62
2026-09-04 14:33:11,23963.35,2026-09-08,23750.0,PE,18.65,18.6,18.65,1319480,95565,54150,9.31
2026-09-04 14:33:11,23963.35,2026-09-08,23800.0,CE,228.8,228.95,229.5,716514,43200,-30,11.09
2026-09-04 14:33:11,23963.35,2026-09-08,23800.0,PE,25.95,25.95,26.05,2720441,243190,133095,9.08
2026-09-04 14:33:11,23963.35,2026-09-08,23850.0,CE,189.3,189.0,189.3,712667,30738,3082,10.66
2026-09-04 14:33:11,23963.35,2026-09-08,23850.0,PE,35.4,35.25,35.4,2246534,147481,90659,8.8
2026-09-04 14:33:11,23963.35,2026-09-08,23900.0,CE,152.05,152.05,152.45,3118992,135335,15750,10.28
2026-09-04 14:33:11,23963.35,2026-09-08,23900.0,PE,48.55,48.45,48.55,5555916,359176,252444,8.56
2026-09-04 14:33:11,23963.35,2026-09-08,23950.0,CE,118.45,118.5,118.7,3760307,187250,96295,9.88
2026-09-04 14:33:11,23963.35,2026-09-08,23950.0,PE,65.35,65.15,65.35,4859642,252487,210178,8.3
2026-09-04 14:33:11,23963.35,2026-09-08,24000.0,CE,90.15,90.0,90.15,6056750,391380,108407,9.62
2026-09-04 14:33:11,23963.35,2026-09-08,24000.0,PE,86.75,86.6,86.75,4435052,216946,103222,8.07
2026-09-04 14:33:11,23963.35,2026-09-08,24050.0,CE,66.4,66.25,66.45,2596684,168122,48243,9.43
2026-09-04 14:33:11,23963.35,2026-09-08,24050.0,PE,112.8,112.5,112.7,1154626,50598,33470,7.83
2026-09-04 14:33:11,23963.35,2026-09-08,24100.0,CE,47.5,47.4,47.5,3085294,243084,56347,9.3
2026-09-04 14:33:11,23963.35,2026-09-08,24100.0,PE,143.8,143.4,143.8,1030813,64384,13231,7.52
2026-09-04 14:33:11,23963.35,2026-09-08,24150.0,CE,32.8,32.8,32.9,1581701,129921,49824,9.23
2026-09-04 14:33:11,23963.35,2026-09-08,24150.0,PE,179.75,179.05,179.5,233409,18158,7223,6.99
2026-09-04 14:33:11,23963.35,2026-09-08,24200.0,CE,22.7,22.65,22.75,2247914,238272,56932,9.24
2026-09-04 14:33:11,23963.35,2026-09-08,24200.0,PE,218.65,218.55,219.15,296497,41314,1000,6.43
2026-09-04 14:33:11,23963.35,2026-09-08,24250.0,CE,15.35,15.3,15.35,1050932,95634,27746,9.3
2026-09-04 14:33:11,23963.35,2026-09-08,24250.0,PE,261.0,260.95,261.65,45338,7942,1330,4.09
2026-09-04 14:33:11,23963.35,2026-09-08,24300.0,CE,10.2,10.15,10.2,1355286,190833,33721,9.35
2026-09-04 14:33:11,23963.35,2026-09-08,24300.0,PE,306.9,306.1,307.05,64522,20753,3167,
2026-09-04 14:33:11,23963.35,2026-09-08,24350.0,CE,7.15,7.15,7.2,631995,88267,21810,9.63
2026-09-04 14:33:11,23963.35,2026-09-08,24350.0,PE,352.6,352.6,353.7,8842,2963,52,
2026-09-04 14:33:11,23963.35,2026-09-08,24400.0,CE,5.1,5.05,5.1,758814,163149,41434,9.89
2026-09-04 14:33:11,23963.35,2026-09-08,24400.0,PE,400.5,400.25,401.75,10315,7994,-407,
2026-09-04 14:33:11,23963.35,2026-09-08,24450.0,CE,3.9,3.85,3.9,299861,61450,9173,10.3
2026-09-04 14:33:11,23963.35,2026-09-08,24450.0,PE,449.45,448.85,450.65,1787,1254,-30,
2026-09-04 14:34:11,23960.6,2026-09-08,23450.0,CE,558.75,555.4,557.55,1387,690,28,16.7
2026-09-04 14:34:11,23960.6,2026-09-08,23450.0,PE,4.15,4.15,4.2,317986,46976,15914,11.92
2026-09-04 14:34:11,23960.6,2026-09-08,23500.0,CE,507.0,506.1,507.0,20744,4605,-385,15.43
2026-09-04 14:34:11,23960.6,2026-09-08,23500.0,PE,4.95,4.9,4.95,828918,172431,10201,11.35
2026-09-04 14:34:11,23960.6,2026-09-08,23550.0,CE,458.3,457.9,459.25,4030,1062,130,14.97
2026-09-04 14:34:11,23960.6,2026-09-08,23550.0,PE,5.95,5.95,6.05,485076,50195,17310,10.82
2026-09-04 14:34:11,23960.6,2026-09-08,23600.0,CE,409.95,409.25,410.7,22350,4320,127,13.62
2026-09-04 14:34:11,23960.6,2026-09-08,23600.0,PE,7.55,7.55,7.6,1055177,149954,23094,10.35
2026-09-04 14:34:11,23960.6,2026-09-08,23650.0,CE,362.0,362.2,363.2,15313,2436,470,13.1
2026-09-04 14:34:11,23960.6,2026-09-08,23650.0,PE,10.15,10.15,10.2,837694,58240,16424,9.99
2026-09-04 14:34:11,23960.6,2026-09-08,23700.0,CE,315.5,315.9,316.5,100992,9098,-320,12.28
2026-09-04 14:34:11,23960.6,2026-09-08,23700.0,PE,13.75,13.7,13.8,1573193,149454,57201,9.63
2026-09-04 14:34:11,23960.6,2026-09-08,23750.0,CE,270.95,270.9,271.55,110398,8872,2332,11.61
2026-09-04 14:34:11,23960.6,2026-09-08,23750.0,PE,18.95,18.85,18.95,1329552,97075,55660,9.36
2026-09-04 14:34:11,23960.6,2026-09-08,23800.0,CE,228.15,228.3,228.9,719160,42903,-327,11.13
2026-09-04 14:34:11,23960.6,2026-09-08,23800.0,PE,26.3,26.3,26.35,2728548,242010,131915,9.09
2026-09-04 14:34:11,23960.6,2026-09-08,23850.0,CE,188.55,188.25,188.6,715271,30383,2727,10.65
2026-09-04 14:34:11,23960.6,2026-09-08,23850.0,PE,35.75,35.75,35.85,2251920,146325,89503,8.8
2026-09-04 14:34:11,23960.6,2026-09-08,23900.0,CE,151.7,151.55,151.7,3131007,134046,14461,10.24
2026-09-04 14:34:11,23960.6,2026-09-08,23900.0,PE,49.2,49.1,49.2,5577383,358878,252146,8.59
2026-09-04 14:34:11,23960.6,2026-09-08,23950.0,CE,118.25,118.0,118.3,3778673,183596,92641,9.87
2026-09-04 14:34:11,23960.6,2026-09-08,23950.0,PE,65.65,65.5,65.65,4880271,254885,212576,8.34
2026-09-04 14:34:11,23960.6,2026-09-08,24000.0,CE,89.7,89.6,89.7,6087841,385923,102950,9.62
2026-09-04 14:34:11,23960.6,2026-09-08,24000.0,PE,87.2,87.1,87.2,4448643,218027,104303,8.05
2026-09-04 14:34:11,23960.6,2026-09-08,24050.0,CE,65.7,65.7,65.9,2609051,167195,47316,9.45
2026-09-04 14:34:11,23960.6,2026-09-08,24050.0,PE,113.5,113.2,113.4,1158067,50645,33517,7.79
2026-09-04 14:34:11,23960.6,2026-09-08,24100.0,CE,46.95,46.95,47.0,3097455,242057,55320,9.29
2026-09-04 14:34:11,23960.6,2026-09-08,24100.0,PE,144.75,144.45,144.7,1033594,63913,12760,7.6
2026-09-04 14:34:11,23960.6,2026-09-08,24150.0,CE,32.6,32.5,32.6,1588828,129051,48954,9.23
2026-09-04 14:34:11,23960.6,2026-09-08,24150.0,PE,180.5,179.75,180.15,234133,18210,7275,6.98
2026-09-04 14:34:11,23960.6,2026-09-08,24200.0,CE,22.45,22.4,22.45,2257358,237252,55912,9.25
2026-09-04 14:34:11,23960.6,2026-09-08,24200.0,PE,220.0,219.4,219.95,297040,41344,1030,6.36
2026-09-04 14:34:11,23960.6,2026-09-08,24250.0,CE,15.15,15.05,15.1,1055054,95486,27598,9.3
2026-09-04 14:34:11,23960.6,2026-09-08,24250.0,PE,263.4,262.0,262.7,45515,7932,1320,4.63
2026-09-04 14:34:11,23960.6,2026-09-08,24300.0,CE,10.05,10.0,10.05,1358919,190509,33397,9.36
2026-09-04 14:34:11,23960.6,2026-09-08,24300.0,PE,307.25,307.1,307.9,64781,20786,3200,
2026-09-04 14:34:11,23960.6,2026-09-08,24350.0,CE,7.05,7.05,7.1,633230,88119,21662,9.62
2026-09-04 14:34:11,23960.6,2026-09-08,24350.0,PE,353.8,353.5,354.65,8865,2952,41,
2026-09-04 14:34:11,23960.6,2026-09-08,24400.0,CE,5.05,5.0,5.05,760264,162748,41033,9.87
2026-09-04 14:34:11,23960.6,2026-09-08,24400.0,PE,401.85,401.55,402.8,10352,8003,-398,
2026-09-04 14:34:11,23960.6,2026-09-08,24450.0,CE,3.9,3.85,3.9,300146,61353,9076,10.31
2026-09-04 14:34:11,23960.6,2026-09-08,24450.0,PE,450.6,450.35,452.05,1795,1251,-33,
2026-09-04 14:35:12,23958.45,2026-09-08,23450.0,CE,555.0,553.3,554.75,1388,687,25,16.94
2026-09-04 14:35:12,23958.45,2026-09-08,23450.0,PE,4.15,4.15,4.2,318596,46976,15914,11.87
2026-09-04 14:35:12,23958.45,2026-09-08,23500.0,CE,504.0,503.5,505.05,20779,4605,-385,16.0
2026-09-04 14:35:12,23958.45,2026-09-08,23500.0,PE,4.9,4.9,4.95,829302,172431,10201,11.31
2026-09-04 14:35:12,23958.45,2026-09-08,23550.0,CE,456.4,455.35,456.8,4031,1062,130,15.17
2026-09-04 14:35:12,23958.45,2026-09-08,23550.0,PE,6.05,6.05,6.1,485244,50195,17310,10.8
2026-09-04 14:35:12,23958.45,2026-09-08,23600.0,CE,406.25,406.6,407.9,22371,4320,127,13.72
2026-09-04 14:35:12,23958.45,2026-09-08,23600.0,PE,7.7,7.65,7.7,1055722,149954,23094,10.31
2026-09-04 14:35:12,23958.45,2026-09-08,23650.0,CE,359.65,359.45,360.45,15321,2436,470,12.97
2026-09-04 14:35:12,23958.45,2026-09-08,23650.0,PE,10.35,10.35,10.4,838297,58240,16424,9.96
2026-09-04 14:35:12,23958.45,2026-09-08,23700.0,CE,313.6,313.2,314.0,101079,9098,-320,12.31
2026-09-04 14:35:12,23958.45,2026-09-08,23700.0,PE,14.0,14.0,14.05,1574731,149454,57201,9.6
2026-09-04 14:35:12,23958.45,2026-09-08,23750.0,CE,268.7,268.65,269.25,110507,8872,2332,11.62
2026-09-04 14:35:12,23958.45,2026-09-08,23750.0,PE,19.2,19.25,19.3,1331197,97075,55660,9.31
2026-09-04 14:35:12,23958.45,2026-09-08,23800.0,CE,226.7,226.05,226.6,720346,42903,-327,11.09
2026-09-04 14:35:12,23958.45,2026-09-08,23800.0,PE,26.85,26.85,26.9,2731349,242010,131915,9.08
2026-09-04 14:35:12,23958.45,2026-09-08,23850.0,CE,186.0,186.15,186.55,716178,30383,2727,10.66
2026-09-04 14:35:12,23958.45,2026-09-08,23850.0,PE,36.4,36.4,36.5,2253585,146325,89503,8.8
2026-09-04 14:35:12,23958.45,2026-09-08,23900.0,CE,149.8,149.8,150.0,3136517,134046,14461,10.28
2026-09-04 14:35:12,23958.45,2026-09-08,23900.0,PE,49.8,49.8,49.95,5584740,358878,252146,8.56
2026-09-04 14:35:12,23958.45,2026-09-08,23950.0,CE,116.55,116.4,116.55,3786491,183596,92641,9.88
2026-09-04 14:35:12,23958.45,2026-09-08,23950.0,PE,66.65,66.6,66.7,4887751,254885,212576,8.3
2026-09-04 14:35:12,23958.45,2026-09-08,24000.0,CE,88.0,88.0,88.15,6101605,385923,102950,9.62
2026-09-04 14:35:12,23958.45,2026-09-08,24000.0,PE,88.55,88.5,88.65,4455926,218027,104303,8.07
2026-09-04 14:35:12,23958.45,2026-09-08,24050.0,CE,64.65,64.6,64.65,2615621,167195,47316,9.43
2026-09-04 14:35:12,23958.45,2026-09-08,24050.0,PE,114.75,114.7,114.75,1159842,50645,33517,7.83
2026-09-04 14:35:12,23958.45,2026-09-08,24100.0,CE,46.15,46.05,46.15,3104637,242057,55320,9.3
2026-09-04 14:35:12,23958.45,2026-09-08,24100.0,PE,146.6,146.35,146.55,1034716,63913,12760,7.52
2026-09-04 14:35:12,23958.45,2026-09-08,24150.0,CE,31.95,31.85,31.9,1591928,129051,48954,9.23
2026-09-04 14:35:12,23958.45,2026-09-08,24150.0,PE,182.0,181.8,182.2,234497,18210,7275,6.99
2026-09-04 14:35:12,23958.45,2026-09-08,24200.0,CE,21.9,21.85,21.9,2263611,237252,55912,9.24
2026-09-04 14:35:12,23958.45,2026-09-08,24200.0,PE,221.85,221.8,222.05,297312,41344,1030,6.43
2026-09-04 14:35:12,23958.45,2026-09-08,24250.0,CE,14.8,14.75,14.8,1057209,95486,27598,9.3
2026-09-04 14:35:12,23958.45,2026-09-08,24250.0,PE,264.0,264.05,264.75,45555,7932,1320,4.09
2026-09-04 14:35:12,23958.45,2026-09-08,24300.0,CE,9.8,9.75,9.8,1360327,190509,33397,9.35
2026-09-04 14:35:12,23958.45,2026-09-08,24300.0,PE,310.0,309.5,310.35,64827,20786,3200,
2026-09-04 14:35:12,23958.45,2026-09-08,24350.0,CE,6.9,6.9,6.95,634601,88119,21662,9.63
2026-09-04 14:35:12,23958.45,2026-09-08,24350.0,PE,356.2,356.35,357.45,8866,2952,41,
2026-09-04 14:35:12,23958.45,2026-09-08,24400.0,CE,5.0,4.95,5.0,760784,162748,41033,9.89
2026-09-04 14:35:12,23958.45,2026-09-08,24400.0,PE,404.8,404.0,405.35,10355,8003,-398,
2026-09-04 14:35:12,23958.45,2026-09-08,24450.0,CE,3.85,3.8,3.85,300314,61353,9076,10.3
2026-09-04 14:35:12,23958.45,2026-09-08,24450.0,PE,450.6,452.7,454.35,1795,1251,-33,
2026-09-04 14:36:12,23957.9,2026-09-08,23450.0,CE,550.6,549.0,551.3,1390,688,26,16.7
2026-09-04 14:36:12,23957.9,2026-09-08,23450.0,PE,4.15,4.15,4.2,318922,46495,15433,11.92
2026-09-04 14:36:12,23957.9,2026-09-08,23500.0,CE,500.0,500.0,501.1,20824,4601,-389,15.43
2026-09-04 14:36:12,23957.9,2026-09-08,23500.0,PE,4.9,4.9,4.95,832660,171646,9416,11.35
2026-09-04 14:36:12,23957.9,2026-09-08,23550.0,CE,453.25,451.2,452.25,4036,1065,133,14.97
2026-09-04 14:36:12,23957.9,2026-09-08,23550.0,PE,6.1,6.1,6.15,486554,50306,17421,10.82
2026-09-04 14:36:12,23957.9,2026-09-08,23600.0,CE,403.9,403.05,403.9,22486,4314,121,13.62
2026-09-04 14:36:12,23957.9,2026-09-08,23600.0,PE,7.8,7.75,7.8,1057794,149792,22932,10.35
2026-09-04 14:36:12,23957.9,2026-09-08,23650.0,CE,356.65,355.25,356.25,15367,2422,456,13.1
2026-09-04 14:36:12,23957.9,2026-09-08,23650.0,PE,10.55,10.5,10.55,840921,57415,15599,9.99
2026-09-04 14:36:12,23957.9,2026-09-08,23700.0,CE,310.15,309.5,310.0,101498,9088,-330,12.28
2026-09-04 14:36:12,23957.9,2026-09-08,23700.0,PE,14.3,14.3,14.35,1580508,146105,53852,9.63
2026-09-04 14:36:12,23957.9,2026-09-08,23750.0,CE,265.75,264.4,265.1,110936,8847,2307,11.61
2026-09-04 14:36:12,23957.9,2026-09-08,23750.0,PE,19.7,19.7,19.75,1335532,98898,57483,9.36
2026-09-04 14:36:12,23957.9,2026-09-08,23800.0,CE,223.0,222.6,223.0,724063,42162,-1068,11.13
2026-09-04 14:36:12,23957.9,2026-09-08,23800.0,PE,27.6,27.55,27.65,2741759,242020,131925,9.09
2026-09-04 14:36:12,23957.9,2026-09-08,23850.0,CE,182.75,182.9,183.3,718577,29354,1698,10.65
2026-09-04 14:36:12,23957.9,2026-09-08,23850.0,PE,37.4,37.3,37.4,2260477,146376,89554,8.8
2026-09-04 14:36:12,23957.9,2026-09-08,23900.0,CE,146.7,146.35,146.7,3150534,131190,11605,10.24
2026-09-04 14:36:12,23957.9,2026-09-08,23900.0,PE,51.3,51.2,51.4,5607395,361552,254820,8.59
2026-09-04 14:36:12,23957.9,2026-09-08,23950.0,CE,114.2,114.0,114.2,3809954,176862,85907,9.87
2026-09-04 14:36:12,23957.9,2026-09-08,23950.0,PE,68.25,68.1,68.25,4913040,259063,216754,8.34
2026-09-04 14:36:12,23957.9,2026-09-08,24000.0,CE,85.6,85.6,85.75,6138118,383126,100153,9.62
2026-09-04 14:36:12,23957.9,2026-09-08,24000.0,PE,90.55,90.55,90.6,4481052,224514,110790,8.05
2026-09-04 14:36:12,23957.9,2026-09-08,24050.0,CE,62.8,62.7,62.8,2635752,163190,43311,9.45
2026-09-04 14:36:12,23957.9,2026-09-08,24050.0,PE,117.25,117.3,117.5,1165122,51214,34086,7.79
2026-09-04 14:36:12,23957.9,2026-09-08,24100.0,CE,44.5,44.5,44.55,3121499,238620,51883,9.29
2026-09-04 14:36:12,23957.9,2026-09-08,24100.0,PE,149.4,149.15,149.4,1038892,64572,13419,7.6
2026-09-04 14:36:12,23957.9,2026-09-08,24150.0,CE,30.75,30.8,30.85,1602580,127213,47116,9.23
2026-09-04 14:36:12,23957.9,2026-09-08,24150.0,PE,185.5,185.0,185.4,235653,18347,7412,6.98
2026-09-04 14:36:12,23957.9,2026-09-08,24200.0,CE,21.25,21.15,21.25,2276861,236124,54784,9.25
2026-09-04 14:36:12,23957.9,2026-09-08,24200.0,PE,225.4,225.1,225.7,298450,41390,1076,6.36
2026-09-04 14:36:12,23957.9,2026-09-08,24250.0,CE,14.2,14.15,14.2,1064141,94544,26656,9.3
2026-09-04 14:36:12,23957.9,2026-09-08,24250.0,PE,268.9,268.1,268.9,45707,7932,1320,4.63
2026-09-04 14:36:12,23957.9,2026-09-08,24300.0,CE,9.5,9.5,9.55,1367171,188395,31283,9.36
2026-09-04 14:36:12,23957.9,2026-09-08,24300.0,PE,313.45,313.45,314.15,65160,20790,3204,
2026-09-04 14:36:12,23957.9,2026-09-08,24350.0,CE,6.75,6.7,6.75,635973,87833,21376,9.62
2026-09-04 14:36:12,23957.9,2026-09-08,24350.0,PE,361.35,360.5,361.65,8908,2951,40,
2026-09-04 14:36:12,23957.9,2026-09-08,24400.0,CE,4.85,4.85,4.9,763602,162623,40908,9.87
2026-09-04 14:36:12,23957.9,2026-09-08,24400.0,PE,407.8,408.0,409.0,10382,7989,-412,
2026-09-04 14:36:12,23957.9,2026-09-08,24450.0,CE,3.75,3.75,3.8,300688,61146,8869,10.31
2026-09-04 14:36:12,23957.9,2026-09-08,24450.0,PE,456.9,456.95,458.65,1805,1248,-36,
2026-09-04 14:37:12,23957.25,2026-09-08,23450.0,CE,548.0,546.15,548.05,1392,687,25,16.7
2026-09-04 14:37:12,23957.25,2026-09-08,23450.0,PE,4.25,4.2,4.25,319359,46495,15433,11.92
2026-09-04 14:37:12,23957.25,2026-09-08,23500.0,CE,496.8,496.5,498.1,20833,4601,-389,15.43
2026-09-04 14:37:12,23957.25,2026-09-08,23500.0,PE,5.0,4.95,5.0,834300,171646,9416,11.35
2026-09-04 14:37:12,23957.25,2026-09-08,23550.0,CE,447.95,448.2,449.7,4039,1065,133,14.97
2026-09-04 14:37:12,23957.25,2026-09-08,23550.0,PE,6.2,6.2,6.25,487404,50306,17421,10.82
2026-09-04 14:37:12,23957.25,2026-09-08,23600.0,CE,400.05,399.85,401.05,22518,4314,121,13.62
2026-09-04 14:37:12,23957.25,2026-09-08,23600.0,PE,7.9,7.9,7.95,1059598,149792,22932,10.35
2026-09-04 14:37:12,23957.25,2026-09-08,23650.0,CE,352.7,352.65,353.0,15410,2431,465,13.1
2026-09-04 14:37:12,23957.25,2026-09-08,23650.0,PE,10.8,10.75,10.8,843142,57415,15599,9.99
2026-09-04 14:37:12,23957.25,2026-09-08,23700.0,CE,307.55,307.0,307.8,101802,9088,-330,12.28
2026-09-04 14:37:12,23957.25,2026-09-08,23700.0,PE,14.65,14.6,14.7,1584778,146105,53852,9.63
2026-09-04 14:37:12,23957.25,2026-09-08,23750.0,CE,262.9,262.35,263.05,111175,8847,2307,11.61
2026-09-04 14:37:12,23957.25,2026-09-08,23750.0,PE,20.15,20.15,20.2,1339440,98898,57483,9.36
2026-09-04 14:37:12,23957.25,2026-09-08,23800.0,CE,220.3,220.35,220.95,726375,42162,-1068,11.13
2026-09-04 14:37:12,23957.25,2026-09-08,23800.0,PE,28.25,28.15,28.25,2749488,242020,131925,9.09
2026-09-04 14:37:12,23957.25,2026-09-08,23850.0,CE,180.85,181.1,181.35,720209,29354,1698,10.65
2026-09-04 14:37:12,23957.25,2026-09-08,23850.0,PE,38.2,38.1,38.2,2266650,146376,89554,8.8
2026-09-04 14:37:12,23957.25,2026-09-08,23900.0,CE,144.95,145.0,145.3,3160433,131190,11605,10.24
2026-09-04 14:37:12,23957.25,2026-09-08,23900.0,PE,52.2,52.2,52.25,5624014,361552,254820,8.59
2026-09-04 14:37:12,23957.25,2026-09-08,23950.0,CE,112.45,112.4,112.45,3821597,176862,85907,9.87
2026-09-04 14:37:12,23957.25,2026-09-08,23950.0,PE,69.45,69.45,69.65,4929308,259063,216754,8.34
2026-09-04 14:37:12,23957.25,2026-09-08,24000.0,CE,84.55,84.35,84.55,6163065,383126,100153,9.62
2026-09-04 14:37:12,23957.25,2026-09-08,24000.0,PE,92.1,92.05,92.1,4499054,224514,110790,8.05
2026-09-04 14:37:12,23957.25,2026-09-08,24050.0,CE,61.95,61.75,61.95,2645556,163190,43311,9.45
2026-09-04 14:37:12,23957.25,2026-09-08,24050.0,PE,119.1,118.9,119.15,1168789,51214,34086,7.79
2026-09-04 14:37:12,23957.25,2026-09-08,24100.0,CE,43.9,43.8,43.9,3131005,238620,51883,9.29
2026-09-04 14:37:12,23957.25,2026-09-08,24100.0,PE,151.15,150.9,151.15,1041939,64572,13419,7.6
2026-09-04 14:37:12,23957.25,2026-09-08,24150.0,CE,30.1,30.1,30.15,1608420,127213,47116,9.23
2026-09-04 14:37:12,23957.25,2026-09-08,24150.0,PE,187.55,187.1,187.6,236427,18347,7412,6.98
2026-09-04 14:37:12,23957.25,2026-09-08,24200.0,CE,20.8,20.75,20.8,2286166,236124,54784,9.25
2026-09-04 14:37:12,23957.25,2026-09-08,24200.0,PE,227.4,227.7,228.0,299291,41390,1076,6.36
2026-09-04 14:37:12,23957.25,2026-09-08,24250.0,CE,13.9,13.9,13.95,1068281,94544,26656,9.3
2026-09-04 14:37:12,23957.25,2026-09-08,24250.0,PE,270.65,270.55,271.25,45779,7932,1320,4.63
2026-09-04 14:37:12,23957.25,2026-09-08,24300.0,CE,9.25,9.25,9.3,1370562,188395,31283,9.36
2026-09-04 14:37:12,23957.25,2026-09-08,24300.0,PE,316.2,316.1,316.95,65315,20790,3204,
2026-09-04 14:37:12,23957.25,2026-09-08,24350.0,CE,6.65,6.65,6.7,636900,87833,21376,9.62
2026-09-04 14:37:12,23957.25,2026-09-08,24350.0,PE,363.0,363.05,364.15,8919,2948,37,
2026-09-04 14:37:12,23957.25,2026-09-08,24400.0,CE,4.85,4.8,4.85,765245,162623,40908,9.87
2026-09-04 14:37:12,23957.25,2026-09-08,24400.0,PE,412.25,410.9,411.95,10443,7989,-412,
2026-09-04 14:37:12,23957.25,2026-09-08,24450.0,CE,3.75,3.7,3.75,301450,61146,8869,10.31
2026-09-04 14:37:12,23957.25,2026-09-08,24450.0,PE,460.2,459.75,461.25,1819,1248,-36,
2026-09-04 14:38:13,23948.95,2026-09-08,23450.0,CE,548.0,540.6,542.4,1392,688,26,16.94
2026-09-04 14:38:13,23948.95,2026-09-08,23450.0,PE,4.25,4.25,4.3,320132,46347,15285,11.87
2026-09-04 14:38:13,23948.95,2026-09-08,23500.0,CE,492.0,492.05,493.7,20851,4602,-388,16.0
2026-09-04 14:38:13,23948.95,2026-09-08,23500.0,PE,5.1,5.05,5.1,837563,170793,8563,11.31
2026-09-04 14:38:13,23948.95,2026-09-08,23550.0,CE,451.85,443.95,445.4,4040,1066,134,15.17
2026-09-04 14:38:13,23948.95,2026-09-08,23550.0,PE,6.3,6.3,6.35,488775,50036,17151,10.8
2026-09-04 14:38:13,23948.95,2026-09-08,23600.0,CE,395.45,395.1,396.35,22572,4312,119,13.72
2026-09-04 14:38:13,23948.95,2026-09-08,23600.0,PE,8.05,8.05,8.1,1063330,149979,23119,10.31
2026-09-04 14:38:13,23948.95,2026-09-08,23650.0,CE,348.55,348.35,349.4,15445,2428,462,12.97
2026-09-04 14:38:13,23948.95,2026-09-08,23650.0,PE,11.0,11.0,11.05,845225,57556,15740,9.96
2026-09-04 14:38:13,23948.95,2026-09-08,23700.0,CE,303.35,302.55,303.25,102079,9153,-265,12.31
2026-09-04 14:38:13,23948.95,2026-09-08,23700.0,PE,15.0,14.9,14.95,1589439,145559,53306,9.6
2026-09-04 14:38:13,23948.95,2026-09-08,23750.0,CE,258.35,257.95,258.55,111483,8819,2279,11.62
2026-09-04 14:38:13,23948.95,2026-09-08,23750.0,PE,20.7,20.65,20.7,1343502,98050,56635,9.31
2026-09-04 14:38:13,23948.95,2026-09-08,23800.0,CE,216.35,216.4,216.85,729200,42395,-835,11.09
2026-09-04 14:38:13,23948.95,2026-09-08,23800.0,PE,28.85,28.85,28.9,2760192,243815,133720,9.08
2026-09-04 14:38:13,23948.95,2026-09-08,23850.0,CE,177.2,177.2,177.45,722400,29170,1514,10.66
2026-09-04 14:38:13,23948.95,2026-09-08,23850.0,PE,39.05,39.0,39.05,2274441,147657,90835,8.8
2026-09-04 14:38:13,23948.95,2026-09-08,23900.0,CE,141.3,141.35,141.65,3170208,129365,9780,10.28
2026-09-04 14:38:13,23948.95,2026-09-08,23900.0,PE,53.65,53.5,53.65,5643541,365617,258885,8.56
2026-09-04 14:38:13,23948.95,2026-09-08,23950.0,CE,108.95,108.95,109.2,3837543,175384,84429,9.88
2026-09-04 14:38:13,23948.95,2026-09-08,23950.0,PE,71.4,71.3,71.4,4953864,263429,221120,8.3
2026-09-04 14:38:13,23948.95,2026-09-08,24000.0,CE,81.75,81.75,81.9,6191156,380569,97596,9.62
2026-09-04 14:38:13,23948.95,2026-09-08,24000.0,PE,94.45,94.15,94.45,4522176,231780,118056,8.07
2026-09-04 14:38:13,23948.95,2026-09-08,24050.0,CE,59.55,59.55,59.65,2657479,163116,43237,9.43
2026-09-04 14:38:13,23948.95,2026-09-08,24050.0,PE,121.7,121.7,121.95,1173525,52139,35011,7.83
2026-09-04 14:38:13,23948.95,2026-09-08,24100.0,CE,42.15,42.15,42.25,3146138,238597,51860,9.3
2026-09-04 14:38:13,23948.95,2026-09-08,24100.0,PE,154.45,154.15,154.45,1045955,65308,14155,7.52
2026-09-04 14:38:13,23948.95,2026-09-08,24150.0,CE,28.95,28.95,29.0,1615745,127544,47447,9.23
2026-09-04 14:38:13,23948.95,2026-09-08,24150.0,PE,190.7,190.65,191.1,237697,18355,7420,6.99
2026-09-04 14:38:13,23948.95,2026-09-08,24200.0,CE,19.9,19.9,19.95,2294980,236277,54937,9.24
2026-09-04 14:38:13,23948.95,2026-09-08,24200.0,PE,231.55,231.2,231.75,300266,41628,1314,6.43
2026-09-04 14:38:13,23948.95,2026-09-08,24250.0,CE,13.4,13.35,13.4,1071891,93178,25290,9.3
2026-09-04 14:38:13,23948.95,2026-09-08,24250.0,PE,275.4,274.6,275.35,45868,7915,1303,4.09
2026-09-04 14:38:13,23948.95,2026-09-08,24300.0,CE,8.9,8.85,8.95,1375791,187134,30022,9.35
2026-09-04 14:38:13,23948.95,2026-09-08,24300.0,PE,321.0,320.6,321.6,65456,20739,3153,
2026-09-04 14:38:13,23948.95,2026-09-08,24350.0,CE,6.45,6.4,6.45,638791,87796,21339,9.63
2026-09-04 14:38:13,23948.95,2026-09-08,24350.0,PE,363.75,367.6,368.75,8955,2947,36,
2026-09-04 14:38:13,23948.95,2026-09-08,24400.0,CE,4.75,4.7,4.75,766953,161856,40141,9.89
2026-09-04 14:38:13,23948.95,2026-09-08,24400.0,PE,416.0,415.85,417.15,10458,7979,-422,
2026-09-04 14:38:13,23948.95,2026-09-08,24450.0,CE,3.7,3.65,3.7,302213,61022,8745,10.3
2026-09-04 14:38:13,23948.95,2026-09-08,24450.0,PE,457.7,464.1,465.55,1822,1242,-42,
2026-09-04 14:39:13,23945.25,2026-09-08,23450.0,CE,533.7,532.5,533.7,1396,691,29,16.7
2026-09-04 14:39:13,23945.25,2026-09-08,23450.0,PE,4.2,4.2,4.25,321110,46108,15046,11.92
2026-09-04 14:39:13,23945.25,2026-09-08,23500.0,CE,484.0,482.9,484.5,20905,4611,-379,15.43
2026-09-04 14:39:13,23945.25,2026-09-08,23500.0,PE,5.05,5.05,5.1,842180,170952,8722,11.35
2026-09-04 14:39:13,23945.25,2026-09-08,23550.0,CE,436.4,434.95,436.35,4060,1065,133,14.97
2026-09-04 14:39:13,23945.25,2026-09-08,23550.0,PE,6.4,6.3,6.4,491331,49794,16909,10.82
2026-09-04 14:39:13,23945.25,2026-09-08,23600.0,CE,387.8,386.4,387.55,22747,4294,101,13.62
2026-09-04 14:39:13,23945.25,2026-09-08,23600.0,PE,8.25,8.25,8.3,1071690,149812,22952,10.35
2026-09-04 14:39:13,23945.25,2026-09-08,23650.0,CE,341.3,339.65,340.65,15619,2437,471,13.1
2026-09-04 14:39:13,23945.25,2026-09-08,23650.0,PE,11.4,11.35,11.4,851447,57515,15699,9.99
2026-09-04 14:39:13,23945.25,2026-09-08,23700.0,CE,294.8,294.35,294.65,103733,9229,-189,12.28
2026-09-04 14:39:13,23945.25,2026-09-08,23700.0,PE,15.5,15.45,15.5,1604347,143830,51577,9.63
2026-09-04 14:39:13,23945.25,2026-09-08,23750.0,CE,250.65,250.2,250.8,112570,8754,2214,11.61
2026-09-04 14:39:13,23945.25,2026-09-08,23750.0,PE,21.6,21.6,21.65,1354983,97825,56410,9.36
2026-09-04 14:39:13,23945.25,2026-09-08,23800.0,CE,208.7,208.75,209.2,737497,40169,-3061,11.13
2026-09-04 14:39:13,23945.25,2026-09-08,23800.0,PE,30.1,30.15,30.2,2793985,245766,135671,9.09
2026-09-04 14:39:13,23945.25,2026-09-08,23850.0,CE,170.0,170.0,170.3,728626,28163,507,10.65
2026-09-04 14:39:13,23945.25,2026-09-08,23850.0,PE,41.25,41.15,41.25,2301418,147952,91130,8.8
2026-09-04 14:39:13,23945.25,2026-09-08,23900.0,CE,135.6,135.2,135.55,3207285,126527,6942,10.24
2026-09-04 14:39:13,23945.25,2026-09-08,23900.0,PE,56.15,56.0,56.15,5704655,363761,257029,8.59
2026-09-04 14:39:13,23945.25,2026-09-08,23950.0,CE,103.85,103.7,103.75,3879908,171780,80825,9.87
2026-09-04 14:39:13,23945.25,2026-09-08,23950.0,PE,75.0,74.95,75.0,5012417,261507,219198,8.34
2026-09-04 14:39:13,23945.25,2026-09-08,24000.0,CE,77.55,77.45,77.6,6268951,375428,92455,9.62
2026-09-04 14:39:13,23945.25,2026-09-08,24000.0,PE,99.0,98.7,99.0,4581087,225620,111896,8.05
2026-09-04 14:39:13,23945.25,2026-09-08,24050.0,CE,56.1,56.1,56.25,2693849,161341,41462,9.45
2026-09-04 14:39:13,23945.25,2026-09-08,24050.0,PE,127.25,127.25,127.5,1187435,51447,34319,7.79
2026-09-04 14:39:13,23945.25,2026-09-08,24100.0,CE,39.7,39.6,39.75,3186771,235932,49195,9.29
2026-09-04 14:39:13,23945.25,2026-09-08,24100.0,PE,160.15,159.9,160.35,1058790,64936,13783,7.6
2026-09-04 14:39:13,23945.25,2026-09-08,24150.0,CE,27.15,27.1,27.15,1639454,126547,46450,9.23
2026-09-04 14:39:13,23945.25,2026-09-08,24150.0,PE,197.65,197.6,198.1,240631,18473,7538,6.98
2026-09-04 14:39:13,23945.25,2026-09-08,24200.0,CE,18.7,18.65,18.7,2326577,235364,54024,9.25
2026-09-04 14:39:13,23945.25,2026-09-08,24200.0,PE,239.75,239.15,239.7,303350,41191,877,6.36
2026-09-04 14:39:13,23945.25,2026-09-08,24250.0,CE,12.6,12.6,12.65,1086606,93018,25130,9.3
2026-09-04 14:39:13,23945.25,2026-09-08,24250.0,PE,283.75,282.55,283.3,46470,7887,1275,4.63
2026-09-04 14:39:13,23945.25,2026-09-08,24300.0,CE,8.45,8.45,8.5,1388273,186430,29318,9.36
2026-09-04 14:39:13,23945.25,2026-09-08,24300.0,PE,328.85,329.0,329.9,66397,20600,3014,
2026-09-04 14:39:13,23945.25,2026-09-08,24350.0,CE,6.2,6.15,6.2,644817,88352,21895,9.62
2026-09-04 14:39:13,23945.25,2026-09-08,24350.0,PE,375.3,376.3,377.3,9166,2932,21,
2026-09-04 14:39:13,23945.25,2026-09-08,24400.0,CE,4.55,4.55,4.6,772488,161254,39539,9.87
2026-09-04 14:39:13,23945.25,2026-09-08,24400.0,PE,424.95,424.5,425.65,10504,7964,-437,
2026-09-04 14:39:13,23945.25,2026-09-08,24450.0,CE,3.6,3.6,3.65,304931,60491,8214,10.31
2026-09-04 14:39:13,23945.25,2026-09-08,24450.0,PE,471.45,473.15,474.5,1824,1239,-45,
2026-09-04 14:40:14,23940.0,2026-09-08,23450.0,CE,533.7,525.35,527.5,1399,692,30,16.7
2026-09-04 14:40:14,23940.0,2026-09-08,23450.0,PE,4.3,4.3,4.35,321550,46010,14948,11.92
2026-09-04 14:40:14,23940.0,2026-09-08,23500.0,CE,477.45,476.9,478.55,20964,4610,-380,15.43
2026-09-04 14:40:14,23940.0,2026-09-08,23500.0,PE,5.2,5.15,5.2,845611,171018,8788,11.35
2026-09-04 14:40:14,23940.0,2026-09-08,23550.0,CE,428.15,427.6,428.85,4078,1069,137,14.97
2026-09-04 14:40:14,23940.0,2026-09-08,23550.0,PE,6.65,6.6,6.65,492727,49861,16976,10.82
2026-09-04 14:40:14,23940.0,2026-09-08,23600.0,CE,381.1,380.0,380.55,22786,4275,82,13.62
2026-09-04 14:40:14,23940.0,2026-09-08,23600.0,PE,8.6,8.55,8.65,1075599,149268,22408,10.35
2026-09-04 14:40:14,23940.0,2026-09-08,23650.0,CE,333.6,332.95,333.65,15749,2438,472,13.1
2026-09-04 14:40:14,23940.0,2026-09-08,23650.0,PE,11.85,11.8,11.85,855014,57460,15644,9.99
2026-09-04 14:40:14,23940.0,2026-09-08,23700.0,CE,287.05,287.1,287.85,103992,8972,-446,12.28
2026-09-04 14:40:14,23940.0,2026-09-08,23700.0,PE,16.25,16.2,16.25,1612444,143459,51206,9.63
2026-09-04 14:40:14,23940.0,2026-09-08,23750.0,CE,244.1,244.5,245.1,113003,8629,2089,11.61
2026-09-04 14:40:14,23940.0,2026-09-08,23750.0,PE,22.45,22.45,22.5,1363257,97337,55922,9.36
2026-09-04 14:40:14,23940.0,2026-09-08,23800.0,CE,203.5,203.55,204.0,740842,39901,-3329,11.13
2026-09-04 14:40:14,23940.0,2026-09-08,23800.0,PE,31.4,31.35,31.4,2811974,243146,133051,9.09
2026-09-04 14:40:14,23940.0,2026-09-08,23850.0,CE,165.3,165.35,165.75,732361,27670,14,10.65
2026-09-04 14:40:14,23940.0,2026-09-08,23850.0,PE,42.8,42.65,42.75,2315478,147888,91066,8.8
2026-09-04 14:40:14,23940.0,2026-09-08,23900.0,CE,130.05,130.05,130.35,3222004,124133,4548,10.24
2026-09-04 14:40:14,23940.0,2026-09-08,23900.0,PE,58.7,58.6,58.75,5738637,362749,256017,8.59
2026-09-04 14:40:14,23940.0,2026-09-08,23950.0,CE,99.45,99.35,99.5,3904129,170865,79910,9.87
2026-09-04 14:40:14,23940.0,2026-09-08,23950.0,PE,77.95,77.9,77.95,5044550,258240,215931,8.34
2026-09-04 14:40:14,23940.0,2026-09-08,24000.0,CE,73.95,73.85,74.0,6308612,375429,92456,9.62
2026-09-04 14:40:14,23940.0,2026-09-08,24000.0,PE,102.25,102.25,102.45,4611724,223488,109764,8.05
2026-09-04 14:40:14,23940.0,2026-09-08,24050.0,CE,52.95,53.0,53.15,2719608,159967,40088,9.45
2026-09-04 14:40:14,23940.0,2026-09-08,24050.0,PE,131.8,131.6,131.8,1194917,50034,32906,7.79
2026-09-04 14:40:14,23940.0,2026-09-08,24100.0,CE,37.6,37.6,37.7,3208985,236198,49461,9.29
2026-09-04 14:40:14,23940.0,2026-09-08,24100.0,PE,164.9,164.85,164.9,1066174,64826,13673,7.6
2026-09-04 14:40:14,23940.0,2026-09-08,24150.0,CE,25.7,25.7,25.8,1654083,125549,45452,9.23
2026-09-04 14:40:14,23940.0,2026-09-08,24150.0,PE,202.5,202.45,203.0,242179,17955,7020,6.98
2026-09-04 14:40:14,23940.0,2026-09-08,24200.0,CE,17.65,17.65,17.7,2343681,234556,53216,9.25
2026-09-04 14:40:14,23940.0,2026-09-08,24200.0,PE,244.0,244.0,244.5,305609,40773,459,6.36
2026-09-04 14:40:14,23940.0,2026-09-08,24250.0,CE,11.75,11.75,11.8,1096756,92789,24901,9.3
2026-09-04 14:40:14,23940.0,2026-09-08,24250.0,PE,288.9,289.4,290.0,46583,7719,1107,4.63
2026-09-04 14:40:14,23940.0,2026-09-08,24300.0,CE,7.95,7.95,8.0,1398664,186109,28997,9.36
2026-09-04 14:40:14,23940.0,2026-09-08,24300.0,PE,335.55,335.5,336.0,66875,20270,2684,
2026-09-04 14:40:14,23940.0,2026-09-08,24350.0,CE,5.85,5.85,5.9,650601,88134,21677,9.62
2026-09-04 14:40:14,23940.0,2026-09-08,24350.0,PE,380.0,383.2,384.35,9186,2844,-67,
2026-09-04 14:40:14,23940.0,2026-09-08,24400.0,CE,4.35,4.3,4.35,776353,161193,39478,9.87
2026-09-04 14:40:14,23940.0,2026-09-08,24400.0,PE,430.0,431.35,432.65,10533,7957,-444,
2026-09-04 14:40:14,23940.0,2026-09-08,24450.0,CE,3.5,3.45,3.5,306511,60975,8698,10.31
2026-09-04 14:40:14,23940.0,2026-09-08,24450.0,PE,480.0,479.25,481.15,1826,1238,-46,
2026-09-04 14:41:14,23944.1,2026-09-08,23450.0,CE,533.7,530.0,531.4,1399,692,30,14.94
2026-09-04 14:41:14,23944.1,2026-09-08,23450.0,PE,4.35,4.35,4.4,322128,45950,14888,11.75
2026-09-04 14:41:14,23944.1,2026-09-08,23500.0,CE,482.5,480.65,482.1,21007,4609,-381,13.48
2026-09-04 14:41:14,23944.1,2026-09-08,23500.0,PE,5.25,5.25,5.3,848271,170798,8568,11.21
2026-09-04 14:41:14,23944.1,2026-09-08,23550.0,CE,433.65,432.35,433.75,4086,1081,149,11.31
2026-09-04 14:41:14,23944.1,2026-09-08,23550.0,PE,6.7,6.65,6.7,494702,49666,16781,10.73
2026-09-04 14:41:14,23944.1,2026-09-08,23600.0,CE,385.55,384.2,385.3,22833,4278,85,11.69
2026-09-04 14:41:14,23944.1,2026-09-08,23600.0,PE,8.6,8.6,8.65,1082239,149534,22674,10.29
2026-09-04 14:41:14,23944.1,2026-09-08,23650.0,CE,338.85,338.0,338.4,15795,2450,484,10.91
2026-09-04 14:41:14,23944.1,2026-09-08,23650.0,PE,11.85,11.85,11.9,858157,57738,15922,10.01
2026-09-04 14:41:14,23944.1,2026-09-08,23700.0,CE,292.5,292.5,292.85,104457,8937,-481,10.59
2026-09-04 14:41:14,23944.1,2026-09-08,23700.0,PE,16.2,16.15,16.2,1623137,143307,51054,9.69
2026-09-04 14:41:14,23944.1,2026-09-08,23750.0,CE,248.85,248.2,248.8,113395,8636,2096,10.24
2026-09-04 14:41:14,23944.1,2026-09-08,23750.0,PE,22.45,22.45,22.55,1370879,97304,55889,9.45
2026-09-04 14:41:14,23944.1,2026-09-08,23800.0,CE,207.0,207.0,207.25,743105,39895,-3335,9.92
2026-09-04 14:41:14,23944.1,2026-09-08,23800.0,PE,31.2,31.25,31.3,2831083,241315,131220,9.26
2026-09-04 14:41:14,23944.1,2026-09-08,23850.0,CE,168.5,168.7,169.05,734847,27460,-196,9.66
2026-09-04 14:41:14,23944.1,2026-09-08,23850.0,PE,42.55,42.4,42.5,2329892,148272,91450,9.0
2026-09-04 14:41:14,23944.1,2026-09-08,23900.0,CE,134.0,134.0,134.2,3235196,123224,3639,9.43
2026-09-04 14:41:14,23944.1,2026-09-08,23900.0,PE,57.85,57.75,57.85,5779505,365310,258578,8.86
2026-09-04 14:41:14,23944.1,2026-09-08,23950.0,CE,102.7,102.7,102.9,3925595,168975,78020,9.17
2026-09-04 14:41:14,23944.1,2026-09-08,23950.0,PE,76.65,76.5,76.65,5080096,256656,214347,8.64
2026-09-04 14:41:14,23944.1,2026-09-08,24000.0,CE,76.65,76.5,76.65,6344213,372548,89575,9.03
2026-09-04 14:41:14,23944.1,2026-09-08,24000.0,PE,100.65,100.4,100.6,4644169,222511,108787,8.45
2026-09-04 14:41:14,23944.1,2026-09-08,24050.0,CE,55.35,55.25,55.35,2736216,155990,36111,8.92
2026-09-04 14:41:14,23944.1,2026-09-08,24050.0,PE,129.3,129.05,129.3,1202918,50010,32882,8.3
2026-09-04 14:41:14,23944.1,2026-09-08,24100.0,CE,38.75,38.75,38.85,3222281,234177,47440,8.86
2026-09-04 14:41:14,23944.1,2026-09-08,24100.0,PE,162.55,162.65,162.8,1071456,65319,14166,8.23
2026-09-04 14:41:14,23944.1,2026-09-08,24150.0,CE,26.55,26.55,26.65,1661625,125265,45168,8.85
2026-09-04 14:41:14,23944.1,2026-09-08,24150.0,PE,200.0,200.0,200.55,243281,17787,6852,8.06
2026-09-04 14:41:14,23944.1,2026-09-08,24200.0,CE,18.15,18.1,18.15,2353997,234423,53083,8.95
2026-09-04 14:41:14,23944.1,2026-09-08,24200.0,PE,241.65,241.65,241.85,307382,40660,346,8.08
2026-09-04 14:41:14,23944.1,2026-09-08,24250.0,CE,12.2,12.15,12.2,1103550,92658,24770,9.05
2026-09-04 14:41:14,23944.1,2026-09-08,24250.0,PE,284.75,285.25,286.1,46793,7703,1091,8.03
2026-09-04 14:41:14,23944.1,2026-09-08,24300.0,CE,8.15,8.2,8.25,1405508,186532,29420,9.22
2026-09-04 14:41:14,23944.1,2026-09-08,24300.0,PE,330.85,331.15,332.05,67136,20008,2422,7.27
2026-09-04 14:41:14,23944.1,2026-09-08,24350.0,CE,6.0,6.0,6.05,653246,87764,21307,9.53
2026-09-04 14:41:14,23944.1,2026-09-08,24350.0,PE,378.45,378.8,380.0,9211,2835,-76,
2026-09-04 14:41:14,23944.1,2026-09-08,24400.0,CE,4.45,4.45,4.5,782740,161042,39327,9.92
2026-09-04 14:41:14,23944.1,2026-09-08,24400.0,PE,426.75,427.05,428.15,10602,7949,-452,8.03
2026-09-04 14:41:14,23944.1,2026-09-08,24450.0,CE,3.5,3.45,3.5,307871,61040,8763,10.35
2026-09-04 14:41:14,23944.1,2026-09-08,24450.0,PE,475.55,475.35,477.4,1829,1236,-48,
2026-09-04 14:42:15,23944.2,2026-09-08,23450.0,CE,529.65,529.65,531.45,1404,692,30,14.92
2026-09-04 14:42:15,23944.2,2026-09-08,23450.0,PE,4.4,4.35,4.4,322993,45883,14821,11.75
2026-09-04 14:42:15,23944.2,2026-09-08,23500.0,CE,482.1,480.75,482.45,21043,4635,-355,13.45
2026-09-04 14:42:15,23944.2,2026-09-08,23500.0,PE,5.25,5.2,5.25,851523,170643,8413,11.21
2026-09-04 14:42:15,23944.2,2026-09-08,23550.0,CE,435.15,432.1,433.55,4091,1087,155,12.64
2026-09-04 14:42:15,23944.2,2026-09-08,23550.0,PE,6.6,6.6,6.65,497362,49714,16829,10.73
2026-09-04 14:42:15,23944.2,2026-09-08,23600.0,CE,386.1,384.3,385.5,22864,4293,100,11.67
2026-09-04 14:42:15,23944.2,2026-09-08,23600.0,PE,8.55,8.5,8.55,1087475,150061,23201,10.31
2026-09-04 14:42:15,23944.2,2026-09-08,23650.0,CE,340.0,337.45,338.45,15835,2450,484,10.89
2026-09-04 14:42:15,23944.2,2026-09-08,23650.0,PE,11.75,11.75,11.8,862636,57567,15751,10.04
2026-09-04 14:42:15,23944.2,2026-09-08,23700.0,CE,293.05,292.1,292.8,104752,9063,-355,10.71
2026-09-04 14:42:15,23944.2,2026-09-08,23700.0,PE,15.95,15.9,16.0,1633241,143205,50952,9.71
2026-09-04 14:42:15,23944.2,2026-09-08,23750.0,CE,248.4,248.0,248.2,113678,8662,2122,10.21
2026-09-04 14:42:15,23944.2,2026-09-08,23750.0,PE,22.25,22.25,22.3,1379269,97612,56197,9.46
2026-09-04 14:42:15,23944.2,2026-09-08,23800.0,CE,207.1,206.55,207.1,745435,39988,-3242,9.89
2026-09-04 14:42:15,23944.2,2026-09-08,23800.0,PE,31.0,31.0,31.1,2845228,243675,133580,9.28
2026-09-04 14:42:15,23944.2,2026-09-08,23850.0,CE,168.5,168.45,168.8,737902,27920,264,9.66
2026-09-04 14:42:15,23944.2,2026-09-08,23850.0,PE,42.25,42.1,42.2,2343037,149475,92653,9.03
2026-09-04 14:42:15,23944.2,2026-09-08,23900.0,CE,133.9,133.5,133.85,3249778,125000,5415,9.42
2026-09-04 14:42:15,23944.2,2026-09-08,23900.0,PE,57.55,57.6,57.75,5810208,371315,264583,8.87
2026-09-04 14:42:15,23944.2,2026-09-08,23950.0,CE,102.85,102.55,102.75,3942684,170477,79522,9.13
2026-09-04 14:42:15,23944.2,2026-09-08,23950.0,PE,76.4,76.25,76.4,5107187,257246,214937,8.7
2026-09-04 14:42:15,23944.2,2026-09-08,24000.0,CE,76.45,76.35,76.45,6375800,374503,91530,8.95
2026-09-04 14:42:15,23944.2,2026-09-08,24000.0,PE,100.5,100.35,100.5,4667700,222910,109186,8.55
2026-09-04 14:42:15,23944.2,2026-09-08,24050.0,CE,55.5,55.35,55.5,2750577,156395,36516,8.91
2026-09-04 14:42:15,23944.2,2026-09-08,24050.0,PE,128.85,128.85,129.0,1208404,50494,33366,8.41
2026-09-04 14:42:15,23944.2,2026-09-08,24100.0,CE,38.85,38.85,38.9,3236117,234937,48200,8.85
2026-09-04 14:42:15,23944.2,2026-09-08,24100.0,PE,162.75,162.4,162.8,1076609,65309,14156,8.27
2026-09-04 14:42:15,23944.2,2026-09-08,24150.0,CE,26.6,26.5,26.6,1670323,125146,45049,8.83
2026-09-04 14:42:15,23944.2,2026-09-08,24150.0,PE,199.95,200.15,200.65,244287,17806,6871,8.1
2026-09-04 14:42:15,23944.2,2026-09-08,24200.0,CE,18.2,18.15,18.2,2362698,233116,51776,8.94
2026-09-04 14:42:15,23944.2,2026-09-08,24200.0,PE,241.3,241.3,241.75,308375,40819,505,7.95
2026-09-04 14:42:15,23944.2,2026-09-08,24250.0,CE,12.2,12.15,12.2,1110218,92109,24221,9.05
2026-09-04 14:42:15,23944.2,2026-09-08,24250.0,PE,285.25,285.3,286.0,46978,7712,1100,7.86
2026-09-04 14:42:15,23944.2,2026-09-08,24300.0,CE,8.25,8.2,8.25,1410053,186488,29376,9.21
2026-09-04 14:42:15,23944.2,2026-09-08,24300.0,PE,329.9,331.0,331.9,67736,20032,2446,7.65
2026-09-04 14:42:15,23944.2,2026-09-08,24350.0,CE,6.0,5.95,6.0,654663,87610,21153,9.54
2026-09-04 14:42:15,23944.2,2026-09-08,24350.0,PE,377.15,378.6,379.9,9226,2833,-78,
2026-09-04 14:42:15,23944.2,2026-09-08,24400.0,CE,4.4,4.4,4.45,785059,161642,39927,9.9
2026-09-04 14:42:15,23944.2,2026-09-08,24400.0,PE,426.55,426.45,427.9,10614,7935,-466,
2026-09-04 14:42:15,23944.2,2026-09-08,24450.0,CE,3.45,3.45,3.5,308442,60963,8686,10.38
2026-09-04 14:42:15,23944.2,2026-09-08,24450.0,PE,475.55,475.45,477.55,1830,1235,-49,
2026-09-04 14:43:15,23944.85,2026-09-08,23450.0,CE,529.65,531.8,533.25,1404,691,29,14.94
2026-09-04 14:43:15,23944.85,2026-09-08,23450.0,PE,4.35,4.3,4.35,323179,45901,14839,11.75
2026-09-04 14:43:15,23944.85,2026-09-08,23500.0,CE,483.45,482.35,483.85,21044,4626,-364,13.48
2026-09-04 14:43:15,23944.85,2026-09-08,23500.0,PE,5.2,5.15,5.2,852069,171172,8942,11.21
2026-09-04 14:43:15,23944.85,2026-09-08,23550.0,CE,433.1,433.75,435.35,4093,1092,160,11.31
2026-09-04 14:43:15,23944.85,2026-09-08,23550.0,PE,6.55,6.5,6.55,497702,49793,16908,10.73
2026-09-04 14:43:15,23944.85,2026-09-08,23600.0,CE,384.0,385.75,387.0,22867,4293,100,11.69
2026-09-04 14:43:15,23944.85,2026-09-08,23600.0,PE,8.4,8.35,8.45,1087861,149831,22971,10.29
2026-09-04 14:43:15,23944.85,2026-09-08,23650.0,CE,338.65,338.9,339.95,15840,2450,484,10.91
2026-09-04 14:43:15,23944.85,2026-09-08,23650.0,PE,11.6,11.55,11.65,863290,57164,15348,10.01
2026-09-04 14:43:15,23944.85,2026-09-08,23700.0,CE,293.8,293.2,293.95,104832,9075,-343,10.59
2026-09-04 14:43:15,23944.85,2026-09-08,23700.0,PE,15.75,15.7,15.75,1634095,142645,50392,9.69
2026-09-04 14:43:15,23944.85,2026-09-08,23750.0,CE,249.25,249.1,249.75,113788,8662,2122,10.24
2026-09-04 14:43:15,23944.85,2026-09-08,23750.0,PE,21.95,21.9,22.0,1380105,97612,56197,9.45
2026-09-04 14:43:15,23944.85,2026-09-08,23800.0,CE,208.6,208.1,208.6,745662,40367,-2863,9.92
2026-09-04 14:43:15,23944.85,2026-09-08,23800.0,PE,30.7,30.55,30.65,2846544,240107,130012,9.26
2026-09-04 14:43:15,23944.85,2026-09-08,23850.0,CE,169.6,169.5,169.9,738186,28121,465,9.66
2026-09-04 14:43:15,23944.85,2026-09-08,23850.0,PE,41.5,41.55,41.7,2345024,148353,91531,9.0
2026-09-04 14:43:15,23944.85,2026-09-08,23900.0,CE,135.0,134.6,135.0,3251288,126956,7371,9.43
2026-09-04 14:43:15,23944.85,2026-09-08,23900.0,PE,56.75,56.75,56.9,5813474,367121,260389,8.86
2026-09-04 14:43:15,23944.85,2026-09-08,23950.0,CE,103.6,103.35,103.5,3945068,172345,81390,9.17
2026-09-04 14:43:15,23944.85,2026-09-08,23950.0,PE,75.5,75.3,75.5,5111190,253833,211524,8.64
2026-09-04 14:43:15,23944.85,2026-09-08,24000.0,CE,77.05,77.0,77.15,6379237,379083,96110,9.03
2026-09-04 14:43:15,23944.85,2026-09-08,24000.0,PE,99.45,99.25,99.45,4671054,219518,105794,8.45
2026-09-04 14:43:15,23944.85,2026-09-08,24050.0,CE,55.95,55.85,55.95,2752551,155891,36012,8.92
2026-09-04 14:43:15,23944.85,2026-09-08,24050.0,PE,127.7,127.7,128.0,1209425,50008,32880,8.3
2026-09-04 14:43:15,23944.85,2026-09-08,24100.0,CE,39.3,39.2,39.3,3237537,234937,48200,8.86
2026-09-04 14:43:15,23944.85,2026-09-08,24100.0,PE,161.9,161.45,161.6,1077145,65309,14156,8.23
2026-09-04 14:43:15,23944.85,2026-09-08,24150.0,CE,26.95,26.9,26.95,1671561,125663,45566,8.85
2026-09-04 14:43:15,23944.85,2026-09-08,24150.0,PE,198.9,198.4,198.8,244418,17738,6803,8.06
2026-09-04 14:43:15,23944.85,2026-09-08,24200.0,CE,18.35,18.35,18.4,2364187,232229,50889,8.95
2026-09-04 14:43:15,23944.85,2026-09-08,24200.0,PE,240.0,240.0,240.45,308492,40715,401,8.08
2026-09-04 14:43:15,23944.85,2026-09-08,24250.0,CE,12.35,12.3,12.35,1111161,91387,23499,9.05
2026-09-04 14:43:15,23944.85,2026-09-08,24250.0,PE,284.15,283.75,284.5,46992,7671,1059,8.03
2026-09-04 14:43:15,23944.85,2026-09-08,24300.0,CE,8.25,8.3,8.35,1411239,187047,29935,9.22
2026-09-04 14:43:15,23944.85,2026-09-08,24300.0,PE,330.1,329.5,330.4,67759,20316,2730,7.27
2026-09-04 14:43:15,23944.85,2026-09-08,24350.0,CE,6.05,6.0,6.05,654957,87426,20969,9.53
2026-09-04 14:43:15,23944.85,2026-09-08,24350.0,PE,377.35,377.05,378.3,9232,2833,-78,
2026-09-04 14:43:15,23944.85,2026-09-08,24400.0,CE,4.45,4.45,4.5,785498,160997,39282,9.92
2026-09-04 14:43:15,23944.85,2026-09-08,24400.0,PE,427.35,425.1,426.5,10622,7935,-466,8.03
2026-09-04 14:43:15,23944.85,2026-09-08,24450.0,CE,3.45,3.45,3.5,308485,60963,8686,10.35
2026-09-04 14:43:15,23944.85,2026-09-08,24450.0,PE,475.55,473.85,475.9,1830,1235,-49,
2026-09-04 14:44:15,23937.15,2026-09-08,23450.0,CE,531.35,529.3,531.0,1406,693,31,14.94
2026-09-04 14:44:15,23937.15,2026-09-08,23450.0,PE,4.4,4.4,4.45,324818,45452,14390,11.75
2026-09-04 14:44:15,23937.15,2026-09-08,23500.0,CE,481.0,479.8,481.65,21112,4621,-369,13.48
2026-09-04 14:44:15,23937.15,2026-09-08,23500.0,PE,5.3,5.3,5.35,855835,170982,8752,11.21
2026-09-04 14:44:15,23937.15,2026-09-08,23550.0,CE,430.05,431.45,432.95,4100,1089,157,11.31
2026-09-04 14:44:15,23937.15,2026-09-08,23550.0,PE,6.75,6.7,6.75,500020,49580,16695,10.73
2026-09-04 14:44:15,23937.15,2026-09-08,23600.0,CE,384.25,383.3,384.45,22934,4294,101,11.69
2026-09-04 14:44:15,23937.15,2026-09-08,23600.0,PE,8.7,8.65,8.7,1095282,149146,22286,10.29
2026-09-04 14:44:15,23937.15,2026-09-08,23650.0,CE,336.5,336.75,337.7,15892,2468,502,10.91
2026-09-04 14:44:15,23937.15,2026-09-08,23650.0,PE,11.9,11.8,11.9,868456,57371,15555,10.01
2026-09-04 14:44:15,23937.15,2026-09-08,23700.0,CE,291.3,291.05,291.9,105139,9097,-321,10.59
2026-09-04 14:44:15,23937.15,2026-09-08,23700.0,PE,16.0,16.0,16.05,1649888,142761,50508,9.69
2026-09-04 14:44:15,23937.15,2026-09-08,23750.0,CE,247.7,247.45,248.1,114081,8714,2174,10.24
2026-09-04 14:44:15,23937.15,2026-09-08,23750.0,PE,22.4,22.3,22.4,1386973,96955,55540,9.45
2026-09-04 14:44:15,23937.15,2026-09-08,23800.0,CE,206.4,206.25,206.75,748239,40595,-2635,9.92
2026-09-04 14:44:15,23937.15,2026-09-08,23800.0,PE,31.15,31.1,31.15,2860910,241625,131530,9.26
2026-09-04 14:44:15,23937.15,2026-09-08,23850.0,CE,168.0,167.95,168.35,740039,28127,471,9.66
2026-09-04 14:44:15,23937.15,2026-09-08,23850.0,PE,42.25,42.25,42.35,2357736,148839,92017,9.0
2026-09-04 14:44:15,23937.15,2026-09-08,23900.0,CE,133.45,133.1,133.45,3262483,127542,7957,9.43
2026-09-04 14:44:15,23937.15,2026-09-08,23900.0,PE,57.8,57.75,57.8,5847554,369293,262561,8.86
2026-09-04 14:44:15,23937.15,2026-09-08,23950.0,CE,101.9,101.9,102.1,3965160,173539,82584,9.17
2026-09-04 14:44:15,23937.15,2026-09-08,23950.0,PE,76.8,76.65,76.75,5143344,254105,211796,8.64
2026-09-04 14:44:15,23937.15,2026-09-08,24000.0,CE,76.0,76.0,76.15,6408193,381197,98224,9.03
2026-09-04 14:44:15,23937.15,2026-09-08,24000.0,PE,100.8,100.65,100.8,4693196,220240,106516,8.45
2026-09-04 14:44:15,23937.15,2026-09-08,24050.0,CE,55.0,54.95,55.05,2765851,156879,37000,8.92
2026-09-04 14:44:15,23937.15,2026-09-08,24050.0,PE,129.1,129.2,129.5,1214961,50181,33053,8.3
2026-09-04 14:44:15,23937.15,2026-09-08,24100.0,CE,38.7,38.6,38.7,3253518,236549,49812,8.86
2026-09-04 14:44:15,23937.15,2026-09-08,24100.0,PE,162.75,162.65,163.1,1081447,66200,15047,8.23
2026-09-04 14:44:15,23937.15,2026-09-08,24150.0,CE,26.35,26.35,26.45,1680350,126097,46000,8.85
2026-09-04 14:44:15,23937.15,2026-09-08,24150.0,PE,201.2,200.6,200.9,245394,17777,6842,8.06
2026-09-04 14:44:15,23937.15,2026-09-08,24200.0,CE,18.0,18.0,18.05,2375667,232010,50670,8.95
2026-09-04 14:44:15,23937.15,2026-09-08,24200.0,PE,242.4,241.7,242.35,309526,40767,453,8.08
2026-09-04 14:44:15,23937.15,2026-09-08,24250.0,CE,12.1,12.0,12.05,1118218,90726,22838,9.05
2026-09-04 14:44:15,23937.15,2026-09-08,24250.0,PE,285.9,285.8,286.65,47214,7624,1012,8.03
2026-09-04 14:44:15,23937.15,2026-09-08,24300.0,CE,8.05,8.05,8.1,1418177,186928,29816,9.22
2026-09-04 14:44:15,23937.15,2026-09-08,24300.0,PE,332.1,331.9,332.85,68137,20186,2600,7.27
2026-09-04 14:44:15,23937.15,2026-09-08,24350.0,CE,5.85,5.85,5.9,657207,87191,20734,9.53
2026-09-04 14:44:15,23937.15,2026-09-08,24350.0,PE,380.75,379.25,380.4,9251,2832,-79,
2026-09-04 14:44:15,23937.15,2026-09-08,24400.0,CE,4.4,4.35,4.4,789228,160638,38923,9.92
2026-09-04 14:44:15,23937.15,2026-09-08,24400.0,PE,427.85,427.7,428.9,10644,7934,-467,8.03
2026-09-04 14:44:15,23937.15,2026-09-08,24450.0,CE,3.45,3.45,3.5,309020,60755,8478,10.35
2026-09-04 14:44:15,23937.15,2026-09-08,24450.0,PE,480.8,476.4,478.2,1837,1235,-49,
2026-09-04 14:45:17,23941.1,2026-09-08,23450.0,CE,531.35,526.8,528.55,1406,693,31,14.92
2026-09-04 14:45:17,23941.1,2026-09-08,23450.0,PE,4.5,4.45,4.5,325337,45293,14231,11.75
2026-09-04 14:45:17,23941.1,2026-09-08,23500.0,CE,476.05,477.55,479.05,21139,4621,-369,13.45
2026-09-04 14:45:17,23941.1,2026-09-08,23500.0,PE,5.4,5.35,5.4,857028,171019,8789,11.21
2026-09-04 14:45:17,23941.1,2026-09-08,23550.0,CE,427.45,427.9,429.5,4109,1091,159,12.64
2026-09-04 14:45:17,23941.1,2026-09-08,23550.0,PE,6.85,6.85,6.9,501373,49746,16861,10.73
2026-09-04 14:45:17,23941.1,2026-09-08,23600.0,CE,380.4,381.05,382.1,22953,4293,100,11.67
2026-09-04 14:45:17,23941.1,2026-09-08,23600.0,PE,8.8,8.8,8.85,1097781,149060,22200,10.31
2026-09-04 14:45:17,23941.1,2026-09-08,23650.0,CE,333.05,334.4,335.25,15920,2458,492,10.89
2026-09-04 14:45:17,23941.1,2026-09-08,23650.0,PE,12.1,12.05,12.15,870135,57300,15484,10.04
2026-09-04 14:45:17,23941.1,2026-09-08,23700.0,CE,289.15,288.5,289.15,105234,9120,-298,10.71
2026-09-04 14:45:17,23941.1,2026-09-08,23700.0,PE,16.5,16.45,16.5,1653862,144883,52630,9.71
2026-09-04 14:45:17,23941.1,2026-09-08,23750.0,CE,244.7,244.6,245.1,114221,8713,2173,10.21
2026-09-04 14:45:17,23941.1,2026-09-08,23750.0,PE,23.0,23.0,23.1,1390056,96792,55377,9.46
2026-09-04 14:45:17,23941.1,2026-09-08,23800.0,CE,204.1,204.2,204.6,749042,40486,-2744,9.89
2026-09-04 14:45:17,23941.1,2026-09-08,23800.0,PE,31.65,31.65,31.7,2867372,241963,131868,9.28
2026-09-04 14:45:17,23941.1,2026-09-08,23850.0,CE,165.8,166.0,166.4,740871,27986,330,9.66
2026-09-04 14:45:17,23941.1,2026-09-08,23850.0,PE,43.0,42.9,43.05,2362654,148535,91713,9.03
2026-09-04 14:45:17,23941.1,2026-09-08,23900.0,CE,131.1,131.15,131.45,3267195,127352,7767,9.42
2026-09-04 14:45:17,23941.1,2026-09-08,23900.0,PE,59.0,58.85,59.0,5858828,371130,264398,8.87
2026-09-04 14:45:17,23941.1,2026-09-08,23950.0,CE,100.8,100.75,100.8,3973583,172827,81872,9.13
2026-09-04 14:45:17,23941.1,2026-09-08,23950.0,PE,77.7,77.7,77.8,5152319,253975,211666,8.7
2026-09-04 14:45:17,23941.1,2026-09-08,24000.0,CE,74.8,74.8,74.95,6417794,381391,98418,8.95
2026-09-04 14:45:17,23941.1,2026-09-08,24000.0,PE,102.25,102.0,102.25,4702349,219607,105883,8.55
2026-09-04 14:45:17,23941.1,2026-09-08,24050.0,CE,53.8,53.8,53.95,2770471,157155,37276,8.91
2026-09-04 14:45:17,23941.1,2026-09-08,24050.0,PE,131.75,131.4,131.75,1216722,50399,33271,8.41
2026-09-04 14:45:17,23941.1,2026-09-08,24100.0,CE,37.8,37.7,37.8,3261173,238349,51612,8.85
2026-09-04 14:45:17,23941.1,2026-09-08,24100.0,PE,165.2,164.85,165.2,1083439,66222,15069,8.27
2026-09-04 14:45:17,23941.1,2026-09-08,24150.0,CE,25.9,25.9,26.0,1683257,125450,45353,8.83
2026-09-04 14:45:17,23941.1,2026-09-08,24150.0,PE,203.15,202.6,203.1,245725,17766,6831,8.1
2026-09-04 14:45:17,23941.1,2026-09-08,24200.0,CE,17.7,17.7,17.75,2379431,231442,50102,8.94
2026-09-04 14:45:17,23941.1,2026-09-08,24200.0,PE,244.85,244.2,244.8,310065,40810,496,7.95
2026-09-04 14:45:17,23941.1,2026-09-08,24250.0,CE,11.8,11.8,11.85,1120417,90029,22141,9.05
2026-09-04 14:45:17,23941.1,2026-09-08,24250.0,PE,289.95,288.95,289.85,47251,7625,1013,7.86
2026-09-04 14:45:17,23941.1,2026-09-08,24300.0,CE,8.0,7.95,8.0,1419141,186967,29855,9.21
2026-09-04 14:45:17,23941.1,2026-09-08,24300.0,PE,334.5,334.35,335.25,68461,20051,2465,7.65
2026-09-04 14:45:17,23941.1,2026-09-08,24350.0,CE,5.8,5.8,5.85,657398,86964,20507,9.54
2026-09-04 14:45:17,23941.1,2026-09-08,24350.0,PE,380.75,381.85,383.0,9251,2832,-79,
2026-09-04 14:45:17,23941.1,2026-09-08,24400.0,CE,4.3,4.3,4.35,790067,160447,38732,9.9
2026-09-04 14:45:17,23941.1,2026-09-08,24400.0,PE,431.9,430.8,432.4,10662,7928,-473,
2026-09-04 14:45:17,23941.1,2026-09-08,24450.0,CE,3.4,3.4,3.45,309243,60642,8365,10.38
2026-09-04 14:45:17,23941.1,2026-09-08,24450.0,PE,480.8,479.85,481.85,1837,1235,-49,
2026-09-04 14:46:17,23936.4,2026-09-08,23450.0,CE,524.15,522.25,523.85,1407,690,28,14.92
2026-09-04 14:46:17,23936.4,2026-09-08,23450.0,PE,4.55,4.55,4.6,327078,45300,14238,11.75
2026-09-04 14:46:17,23936.4,2026-09-08,23500.0,CE,475.0,474.0,474.5,21170,4638,-352,13.45
2026-09-04 14:46:17,23936.4,2026-09-08,23500.0,PE,5.5,5.5,5.55,859897,171143,8913,11.21
2026-09-04 14:46:17,23936.4,2026-09-08,23550.0,CE,426.9,424.85,426.35,4114,1092,160,12.64
2026-09-04 14:46:17,23936.4,2026-09-08,23550.0,PE,7.05,7.0,7.05,503458,50056,17171,10.73
2026-09-04 14:46:17,23936.4,2026-09-08,23600.0,CE,378.0,377.35,378.45,23031,4294,101,11.67
2026-09-04 14:46:17,23936.4,2026-09-08,23600.0,PE,9.2,9.15,9.2,1102054,149255,22395,10.31
2026-09-04 14:46:17,23936.4,2026-09-08,23650.0,CE,328.1,330.55,331.35,16033,2484,518,10.89
2026-09-04 14:46:17,23936.4,2026-09-08,23650.0,PE,12.5,12.5,12.55,874810,57801,15985,10.04
2026-09-04 14:46:17,23936.4,2026-09-08,23700.0,CE,286.0,285.3,285.85,105573,9108,-310,10.71
2026-09-04 14:46:17,23936.4,2026-09-08,23700.0,PE,17.05,17.05,17.1,1663838,146174,53921,9.71
2026-09-04 14:46:17,23936.4,2026-09-08,23750.0,CE,242.1,241.75,242.25,114583,8710,2170,10.21
2026-09-04 14:46:17,23936.4,2026-09-08,23750.0,PE,23.65,23.65,23.75,1399218,96549,55134,9.46
2026-09-04 14:46:17,23936.4,2026-09-08,23800.0,CE,200.75,200.85,201.25,752029,40350,-2880,9.89
2026-09-04 14:46:17,23936.4,2026-09-08,23800.0,PE,32.85,32.75,32.85,2884658,243298,133203,9.28
2026-09-04 14:46:17,23936.4,2026-09-08,23850.0,CE,163.15,163.1,163.3,743048,28029,373,9.66
2026-09-04 14:46:17,23936.4,2026-09-08,23850.0,PE,44.7,44.6,44.7,2376160,148274,91452,9.03
2026-09-04 14:46:17,23936.4,2026-09-08,23900.0,CE,129.3,129.0,129.25,3283971,128182,8597,9.42
2026-09-04 14:46:17,23936.4,2026-09-08,23900.0,PE,60.7,60.55,60.65,5901288,371737,265005,8.87
2026-09-04 14:46:17,23936.4,2026-09-08,23950.0,CE,98.6,98.5,98.65,3995590,175170,84215,9.13
2026-09-04 14:46:17,23936.4,2026-09-08,23950.0,PE,80.0,79.95,80.1,5189403,253195,210886,8.7
2026-09-04 14:46:17,23936.4,2026-09-08,24000.0,CE,73.3,73.15,73.3,6447530,382690,99717,8.95
2026-09-04 14:46:17,23936.4,2026-09-08,24000.0,PE,104.8,104.8,105.0,4732201,218975,105251,8.55
2026-09-04 14:46:17,23936.4,2026-09-08,24050.0,CE,52.8,52.75,52.85,2782909,156631,36752,8.91
2026-09-04 14:46:17,23936.4,2026-09-08,24050.0,PE,134.5,134.3,134.5,1223070,50507,33379,8.41
2026-09-04 14:46:17,23936.4,2026-09-08,24100.0,CE,37.05,37.0,37.05,3275292,238483,51746,8.85
2026-09-04 14:46:17,23936.4,2026-09-08,24100.0,PE,168.75,168.4,168.75,1091898,66223,15070,8.27
2026-09-04 14:46:17,23936.4,2026-09-08,24150.0,CE,25.3,25.25,25.3,1691815,125320,45223,8.83
2026-09-04 14:46:17,23936.4,2026-09-08,24150.0,PE,207.0,206.6,207.0,246835,17600,6665,8.1
2026-09-04 14:46:17,23936.4,2026-09-08,24200.0,CE,17.3,17.3,17.35,2391118,231285,49945,8.94
2026-09-04 14:46:17,23936.4,2026-09-08,24200.0,PE,248.3,248.35,248.8,311251,40460,146,7.95
2026-09-04 14:46:17,23936.4,2026-09-08,24250.0,CE,11.75,11.7,11.75,1127249,88815,20927,9.05
2026-09-04 14:46:17,23936.4,2026-09-08,24250.0,PE,290.8,292.3,293.1,47475,7579,967,7.86
2026-09-04 14:46:17,23936.4,2026-09-08,24300.0,CE,7.95,7.95,8.0,1427590,187423,30311,9.21
2026-09-04 14:46:17,23936.4,2026-09-08,24300.0,PE,339.35,338.15,338.95,68847,19904,2318,7.65
2026-09-04 14:46:17,23936.4,2026-09-08,24350.0,CE,5.8,5.75,5.8,658805,86959,20502,9.54
2026-09-04 14:46:17,23936.4,2026-09-08,24350.0,PE,385.7,386.3,387.45,9281,2834,-77,
2026-09-04 14:46:17,23936.4,2026-09-08,24400.0,CE,4.4,4.35,4.4,792196,159912,38197,9.9
2026-09-04 14:46:17,23936.4,2026-09-08,24400.0,PE,434.9,434.35,435.0,10700,7924,-477,
2026-09-04 14:46:17,23936.4,2026-09-08,24450.0,CE,3.45,3.45,3.5,310502,60646,8369,10.38
2026-09-04 14:46:17,23936.4,2026-09-08,24450.0,PE,484.8,483.6,485.5,1842,1235,-49,
2026-09-04 14:47:18,23935.7,2026-09-08,23450.0,CE,521.0,521.9,523.95,1411,692,30,14.92
2026-09-04 14:47:18,23935.7,2026-09-08,23450.0,PE,4.55,4.55,4.6,328011,45191,14129,11.75
2026-09-04 14:47:18,23935.7,2026-09-08,23500.0,CE,474.2,473.75,475.35,21234,4646,-344,13.45
2026-09-04 14:47:18,23935.7,2026-09-08,23500.0,PE,5.5,5.5,5.55,862692,171117,8887,11.21
2026-09-04 14:47:18,23935.7,2026-09-08,23550.0,CE,423.15,425.5,427.0,4119,1091,159,12.64
2026-09-04 14:47:18,23935.7,2026-09-08,23550.0,PE,7.05,7.0,7.1,506355,50059,17174,10.73
2026-09-04 14:47:18,23935.7,2026-09-08,23600.0,CE,377.85,377.75,378.85,23095,4293,100,11.67
2026-09-04 14:47:18,23935.7,2026-09-08,23600.0,PE,9.2,9.15,9.2,1108836,148782,21922,10.31
2026-09-04 14:47:18,23935.7,2026-09-08,23650.0,CE,331.85,330.55,331.5,16066,2454,488,10.89
2026-09-04 14:47:18,23935.7,2026-09-08,23650.0,PE,12.55,12.5,12.55,878132,58300,16484,10.04
2026-09-04 14:47:18,23935.7,2026-09-08,23700.0,CE,286.0,285.8,286.35,105964,9087,-331,10.71
2026-09-04 14:47:18,23935.7,2026-09-08,23700.0,PE,17.05,17.0,17.05,1675647,146262,54009,9.71
2026-09-04 14:47:18,23935.7,2026-09-08,23750.0,CE,242.7,242.4,243.0,115216,8757,2217,10.21
2026-09-04 14:47:18,23935.7,2026-09-08,23750.0,PE,23.6,23.55,23.65,1407180,96339,54924,9.46
2026-09-04 14:47:18,23935.7,2026-09-08,23800.0,CE,201.9,201.45,201.85,755812,40298,-2932,9.89
2026-09-04 14:47:18,23935.7,2026-09-08,23800.0,PE,32.8,32.7,32.8,2901559,241140,131045,9.28
2026-09-04 14:47:18,23935.7,2026-09-08,23850.0,CE,163.9,163.45,163.8,746074,27703,47,9.66
2026-09-04 14:47:18,23935.7,2026-09-08,23850.0,PE,44.4,44.3,44.4,2394056,146923,90101,9.03
2026-09-04 14:47:18,23935.7,2026-09-08,23900.0,CE,129.55,129.3,129.55,3297728,128112,8527,9.42
2026-09-04 14:47:18,23935.7,2026-09-08,23900.0,PE,60.25,60.15,60.25,5941882,366387,259655,8.87
2026-09-04 14:47:18,23935.7,2026-09-08,23950.0,CE,98.9,98.7,98.9,4016577,175530,84575,9.13
2026-09-04 14:47:18,23935.7,2026-09-08,23950.0,PE,79.7,79.6,79.7,5225118,250836,208527,8.7
2026-09-04 14:47:18,23935.7,2026-09-08,24000.0,CE,73.05,73.05,73.2,6477445,381670,98697,8.95
2026-09-04 14:47:18,23935.7,2026-09-08,24000.0,PE,104.85,104.6,104.85,4764578,216790,103066,8.55
2026-09-04 14:47:18,23935.7,2026-09-08,24050.0,CE,52.95,52.8,52.95,2798749,156106,36227,8.91
2026-09-04 14:47:18,23935.7,2026-09-08,24050.0,PE,133.85,133.55,133.85,1230082,49963,32835,8.41
2026-09-04 14:47:18,23935.7,2026-09-08,24100.0,CE,37.1,37.0,37.1,3288242,237460,50723,8.85
2026-09-04 14:47:18,23935.7,2026-09-08,24100.0,PE,167.9,167.55,167.9,1097697,64966,13813,8.27
2026-09-04 14:47:18,23935.7,2026-09-08,24150.0,CE,25.2,25.15,25.2,1700429,125128,45031,8.83
2026-09-04 14:47:18,23935.7,2026-09-08,24150.0,PE,206.0,205.95,206.5,247886,17522,6587,8.1
2026-09-04 14:47:18,23935.7,2026-09-08,24200.0,CE,17.15,17.15,17.25,2404843,231353,50013,8.94
2026-09-04 14:47:18,23935.7,2026-09-08,24200.0,PE,248.0,247.6,248.25,313184,40329,15,7.95
2026-09-04 14:47:18,23935.7,2026-09-08,24250.0,CE,11.65,11.65,11.7,1135350,88882,20994,9.05
2026-09-04 14:47:18,23935.7,2026-09-08,24250.0,PE,292.4,291.75,292.6,47670,7508,896,7.86
2026-09-04 14:47:18,23935.7,2026-09-08,24300.0,CE,7.85,7.85,7.9,1432652,187720,30608,9.21
2026-09-04 14:47:18,23935.7,2026-09-08,24300.0,PE,339.25,338.05,338.85,69914,19553,1967,7.65
2026-09-04 14:47:18,23935.7,2026-09-08,24350.0,CE,5.75,5.7,5.75,660459,86853,20396,9.54
2026-09-04 14:47:18,23935.7,2026-09-08,24350.0,PE,389.0,385.75,387.05,9288,2811,-100,
2026-09-04 14:47:18,23935.7,2026-09-08,24400.0,CE,4.3,4.25,4.3,795824,159717,38002,9.9
2026-09-04 14:47:18,23935.7,2026-09-08,24400.0,PE,435.0,434.05,435.25,10726,7918,-483,
2026-09-04 14:47:18,23935.7,2026-09-08,24450.0,CE,3.45,3.45,3.5,310694,60650,8373,10.38
2026-09-04 14:47:18,23935.7,2026-09-08,24450.0,PE,485.5,482.75,485.05,1846,1232,-52,
2026-09-04 14:48:18,23938.05,2026-09-08,23450.0,CE,525.7,526.9,528.95,1413,693,31,14.94
2026-09-04 14:48:18,23938.05,2026-09-08,23450.0,PE,4.45,4.4,4.45,329744,45232,14170,11.75
2026-09-04 14:48:18,23938.05,2026-09-08,23500.0,CE,478.65,477.95,479.55,21269,4647,-343,13.48
2026-09-04 14:48:18,23938.05,2026-09-08,23500.0,PE,5.35,5.3,5.35,865399,171103,8873,11.21
2026-09-04 14:48:18,23938.05,2026-09-08,23550.0,CE,428.2,429.35,430.75,4122,1089,157,11.31
2026-09-04 14:48:18,23938.05,2026-09-08,23550.0,PE,6.8,6.75,6.8,508422,50273,17388,10.73
2026-09-04 14:48:18,23938.05,2026-09-08,23600.0,CE,381.15,381.55,382.75,23180,4292,99,11.69
2026-09-04 14:48:18,23938.05,2026-09-08,23600.0,PE,8.8,8.75,8.8,1113275,148530,21670,10.29
2026-09-04 14:48:18,23938.05,2026-09-08,23650.0,CE,335.65,335.0,335.85,16083,2471,505,10.91
2026-09-04 14:48:18,23938.05,2026-09-08,23650.0,PE,12.0,12.0,12.1,881512,58141,16325,10.01
2026-09-04 14:48:18,23938.05,2026-09-08,23700.0,CE,290.1,289.25,290.1,106090,9110,-308,10.59
2026-09-04 14:48:18,23938.05,2026-09-08,23700.0,PE,16.35,16.35,16.4,1682845,146371,54118,9.69
2026-09-04 14:48:18,23938.05,2026-09-08,23750.0,CE,246.2,245.45,246.1,115703,8793,2253,10.24
2026-09-04 14:48:18,23938.05,2026-09-08,23750.0,PE,22.8,22.7,22.8,1412432,96240,54825,9.45
2026-09-04 14:48:18,23938.05,2026-09-08,23800.0,CE,204.3,204.35,204.85,757907,41560,-1670,9.92
2026-09-04 14:48:18,23938.05,2026-09-08,23800.0,PE,31.65,31.65,31.8,2912928,242413,132318,9.26
2026-09-04 14:48:18,23938.05,2026-09-08,23850.0,CE,166.8,166.4,166.65,747800,27894,238,9.66
2026-09-04 14:48:18,23938.05,2026-09-08,23850.0,PE,42.85,42.75,42.9,2402493,145688,88866,9.0
2026-09-04 14:48:18,23938.05,2026-09-08,23900.0,CE,131.9,131.8,131.9,3306436,129552,9967,9.43
2026-09-04 14:48:18,23938.05,2026-09-08,23900.0,PE,58.6,58.4,58.55,5967018,365264,258532,8.86
2026-09-04 14:48:18,23938.05,2026-09-08,23950.0,CE,101.05,100.85,101.05,4031872,177083,86128,9.17
2026-09-04 14:48:18,23938.05,2026-09-08,23950.0,PE,77.6,77.45,77.55,5247212,250699,208390,8.64
2026-09-04 14:48:18,23938.05,2026-09-08,24000.0,CE,75.25,75.05,75.25,6500895,381742,98769,9.03
2026-09-04 14:48:18,23938.05,2026-09-08,24000.0,PE,102.0,102.0,102.1,4782448,215819,102095,8.45
2026-09-04 14:48:18,23938.05,2026-09-08,24050.0,CE,54.3,54.15,54.25,2806591,159764,39885,8.92
2026-09-04 14:48:18,23938.05,2026-09-08,24050.0,PE,131.2,130.85,131.2,1234233,49752,32624,8.3
2026-09-04 14:48:18,23938.05,2026-09-08,24100.0,CE,38.1,37.95,38.1,3296897,236892,50155,8.86
2026-09-04 14:48:18,23938.05,2026-09-08,24100.0,PE,164.65,164.55,164.75,1100649,64671,13518,8.23
2026-09-04 14:48:18,23938.05,2026-09-08,24150.0,CE,26.0,26.0,26.05,1705977,124483,44386,8.85
2026-09-04 14:48:18,23938.05,2026-09-08,24150.0,PE,202.75,202.6,203.1,248589,17492,6557,8.06
2026-09-04 14:48:18,23938.05,2026-09-08,24200.0,CE,17.8,17.7,17.8,2410158,231813,50473,8.95
2026-09-04 14:48:18,23938.05,2026-09-08,24200.0,PE,244.2,244.0,244.55,314063,40348,34,8.08
2026-09-04 14:48:18,23938.05,2026-09-08,24250.0,CE,12.0,11.95,12.0,1137991,88719,20831,9.05
2026-09-04 14:48:18,23938.05,2026-09-08,24250.0,PE,288.4,288.0,288.8,47836,7510,898,8.03
2026-09-04 14:48:18,23938.05,2026-09-08,24300.0,CE,8.05,8.05,8.1,1436826,187852,30740,9.22
2026-09-04 14:48:18,23938.05,2026-09-08,24300.0,PE,334.45,333.8,334.75,69965,19118,1532,7.27
2026-09-04 14:48:18,23938.05,2026-09-08,24350.0,CE,5.85,5.85,5.9,662432,86918,20461,9.53
2026-09-04 14:48:18,23938.05,2026-09-08,24350.0,PE,382.05,381.55,382.75,9298,2810,-101,
2026-09-04 14:48:18,23938.05,2026-09-08,24400.0,CE,4.35,4.35,4.4,799290,159195,37480,9.92
2026-09-04 14:48:18,23938.05,2026-09-08,24400.0,PE,430.7,430.7,431.3,10748,7918,-483,8.03
2026-09-04 14:48:18,23938.05,2026-09-08,24450.0,CE,3.5,3.45,3.5,311047,60553,8276,10.35
2026-09-04 14:48:18,23938.05,2026-09-08,24450.0,PE,481.2,478.9,480.55,1875,1233,-51,
2026-09-04 14:49:18,23939.0,2026-09-08,23450.0,CE,525.7,526.55,528.45,1413,693,31,14.92
2026-09-04 14:49:18,23939.0,2026-09-08,23450.0,PE,4.4,4.4,4.45,329833,45310,14248,11.75
2026-09-04 14:49:18,23939.0,2026-09-08,23500.0,CE,478.65,477.65,479.2,21269,4647,-343,13.45
2026-09-04 14:49:18,23939.0,2026-09-08,23500.0,PE,5.3,5.3,5.35,866070,171624,9394,11.21
2026-09-04 14:49:18,23939.0,2026-09-08,23550.0,CE,428.2,429.2,430.65,4122,1089,157,12.64
2026-09-04 14:49:18,23939.0,2026-09-08,23550.0,PE,6.8,6.75,6.85,508885,50779,17894,10.73
2026-09-04 14:49:18,23939.0,2026-09-08,23600.0,CE,381.5,381.35,382.5,23188,4284,91,11.67
2026-09-04 14:49:18,23939.0,2026-09-08,23600.0,PE,8.85,8.75,8.8,1113722,147433,20573,10.31
2026-09-04 14:49:18,23939.0,2026-09-08,23650.0,CE,334.8,334.8,335.65,16087,2473,507,10.89
2026-09-04 14:49:18,23939.0,2026-09-08,23650.0,PE,12.1,12.05,12.1,881843,58153,16337,10.04
2026-09-04 14:49:18,23939.0,2026-09-08,23700.0,CE,289.25,289.3,290.05,106160,9151,-267,10.71
2026-09-04 14:49:18,23939.0,2026-09-08,23700.0,PE,16.35,16.35,16.4,1683480,146797,54544,9.71
2026-09-04 14:49:18,23939.0,2026-09-08,23750.0,CE,245.5,245.5,246.1,115731,8763,2223,10.21
2026-09-04 14:49:18,23939.0,2026-09-08,23750.0,PE,22.75,22.75,22.8,1413114,96276,54861,9.46
2026-09-04 14:49:18,23939.0,2026-09-08,23800.0,CE,204.55,204.5,204.95,758033,41436,-1794,9.89
2026-09-04 14:49:18,23939.0,2026-09-08,23800.0,PE,31.8,31.7,31.8,2913906,243949,133854,9.28
2026-09-04 14:49:18,23939.0,2026-09-08,23850.0,CE,166.55,166.05,166.5,747954,28078,422,9.66
2026-09-04 14:49:18,23939.0,2026-09-08,23850.0,PE,43.0,42.95,43.0,2403318,145167,88345,9.03
2026-09-04 14:49:18,23939.0,2026-09-08,23900.0,CE,131.85,131.65,131.8,3307606,129821,10236,9.42
2026-09-04 14:49:18,23939.0,2026-09-08,23900.0,PE,58.5,58.5,58.6,5969346,363568,256836,8.87
2026-09-04 14:49:18,23939.0,2026-09-08,23950.0,CE,100.6,100.6,100.85,4033584,179496,88541,9.13
2026-09-04 14:49:18,23939.0,2026-09-08,23950.0,PE,77.7,77.6,77.7,5248685,250265,207956,8.7
2026-09-04 14:49:18,23939.0,2026-09-08,24000.0,CE,75.1,75.0,75.1,6502988,381055,98082,8.95
2026-09-04 14:49:18,23939.0,2026-09-08,24000.0,PE,102.05,101.8,102.05,4783905,213152,99428,8.55
2026-09-04 14:49:18,23939.0,2026-09-08,24050.0,CE,54.25,54.1,54.25,2807187,161014,41135,8.91
2026-09-04 14:49:18,23939.0,2026-09-08,24050.0,PE,131.1,130.8,131.1,1234725,48888,31760,8.41
2026-09-04 14:49:18,23939.0,2026-09-08,24100.0,CE,37.9,37.9,37.95,3298340,237152,50415,8.85
2026-09-04 14:49:18,23939.0,2026-09-08,24100.0,PE,164.65,164.6,165.0,1101276,64455,13302,8.27
2026-09-04 14:49:18,23939.0,2026-09-08,24150.0,CE,26.0,25.9,26.0,1706841,124338,44241,8.83
2026-09-04 14:49:18,23939.0,2026-09-08,24150.0,PE,203.1,202.55,203.05,248660,17428,6493,8.1
2026-09-04 14:49:18,23939.0,2026-09-08,24200.0,CE,17.7,17.7,17.75,2410929,230806,49466,8.94
2026-09-04 14:49:18,23939.0,2026-09-08,24200.0,PE,244.7,243.95,244.7,314127,40455,141,7.95
2026-09-04 14:49:18,23939.0,2026-09-08,24250.0,CE,12.0,11.9,12.0,1138341,88898,21010,9.05
2026-09-04 14:49:18,23939.0,2026-09-08,24250.0,PE,288.9,288.0,288.8,47839,7521,909,7.86
2026-09-04 14:49:18,23939.0,2026-09-08,24300.0,CE,8.0,8.0,8.05,1437507,187938,30826,9.21
2026-09-04 14:49:18,23939.0,2026-09-08,24300.0,PE,334.95,334.1,334.9,69968,19110,1524,7.65
2026-09-04 14:49:18,23939.0,2026-09-08,24350.0,CE,5.8,5.8,5.85,663510,87168,20711,9.54
2026-09-04 14:49:18,23939.0,2026-09-08,24350.0,PE,382.8,381.65,382.75,9299,2809,-102,
2026-09-04 14:49:18,23939.0,2026-09-08,24400.0,CE,4.35,4.3,4.35,799623,158423,36708,9.9
2026-09-04 14:49:18,23939.0,2026-09-08,24400.0,PE,431.05,431.05,431.5,10753,7917,-484,
2026-09-04 14:49:18,23939.0,2026-09-08,24450.0,CE,3.45,3.45,3.5,311051,60552,8275,10.38
2026-09-04 14:49:18,23939.0,2026-09-08,24450.0,PE,481.2,479.15,480.95,1875,1233,-51,
2026-09-04 14:50:19,23939.35,2026-09-08,23450.0,CE,529.85,529.3,531.0,1414,693,31,14.94
2026-09-04 14:50:19,23939.35,2026-09-08,23450.0,PE,4.4,4.35,4.4,330375,45310,14248,11.75
2026-09-04 14:50:19,23939.35,2026-09-08,23500.0,CE,481.85,479.8,481.45,21307,4670,-320,13.48
2026-09-04 14:50:19,23939.35,2026-09-08,23500.0,PE,5.2,5.2,5.25,867740,171624,9394,11.21
2026-09-04 14:50:19,23939.35,2026-09-08,23550.0,CE,432.2,431.5,432.95,4125,1089,157,11.31
2026-09-04 14:50:19,23939.35,2026-09-08,23550.0,PE,6.65,6.6,6.65,510452,50779,17894,10.73
2026-09-04 14:50:19,23939.35,2026-09-08,23600.0,CE,383.8,383.45,384.6,23211,4284,91,11.69
2026-09-04 14:50:19,23939.35,2026-09-08,23600.0,PE,8.55,8.55,8.6,1117983,147433,20573,10.29
2026-09-04 14:50:19,23939.35,2026-09-08,23650.0,CE,337.25,337.05,337.9,16115,2473,507,10.91
2026-09-04 14:50:19,23939.35,2026-09-08,23650.0,PE,11.7,11.65,11.75,885034,58153,16337,10.01
2026-09-04 14:50:19,23939.35,2026-09-08,23700.0,CE,292.05,291.25,292.0,106300,9151,-267,10.59
2026-09-04 14:50:19,23939.35,2026-09-08,23700.0,PE,15.8,15.8,15.85,1690084,146797,54544,9.69
2026-09-04 14:50:19,23939.35,2026-09-08,23750.0,CE,248.0,247.15,247.75,116027,8763,2223,10.24
2026-09-04 14:50:19,23939.35,2026-09-08,23750.0,PE,22.1,22.1,22.2,1419327,96276,54861,9.45
2026-09-04 14:50:19,23939.35,2026-09-08,23800.0,CE,206.5,206.05,206.55,759553,41436,-1794,9.92
2026-09-04 14:50:19,23939.35,2026-09-08,23800.0,PE,30.8,30.8,30.9,2923118,243949,133854,9.26
2026-09-04 14:50:19,23939.35,2026-09-08,23850.0,CE,167.65,167.4,167.75,749229,28078,422,9.66
2026-09-04 14:50:19,23939.35,2026-09-08,23850.0,PE,42.0,41.95,42.05,2410898,145167,88345,9.0
2026-09-04 14:50:19,23939.35,2026-09-08,23900.0,CE,133.0,132.8,133.0,3316096,129821,10236,9.43
2026-09-04 14:50:19,23939.35,2026-09-08,23900.0,PE,57.35,57.2,57.35,5989843,363568,256836,8.86
2026-09-04 14:50:19,23939.35,2026-09-08,23950.0,CE,101.55,101.5,101.75,4045902,179496,88541,9.17
2026-09-04 14:50:19,23939.35,2026-09-08,23950.0,PE,76.2,76.2,76.25,5266952,250265,207956,8.64
2026-09-04 14:50:19,23939.35,2026-09-08,24000.0,CE,75.95,75.85,75.95,6518930,381055,98082,9.03
2026-09-04 14:50:19,23939.35,2026-09-08,24000.0,PE,100.4,100.35,100.5,4798342,213152,99428,8.45
2026-09-04 14:50:19,23939.35,2026-09-08,24050.0,CE,54.95,54.75,54.9,2814494,161014,41135,8.92
2026-09-04 14:50:19,23939.35,2026-09-08,24050.0,PE,128.9,128.9,129.2,1237580,48888,31760,8.3
2026-09-04 14:50:19,23939.35,2026-09-08,24100.0,CE,38.35,38.4,38.45,3306074,237152,50415,8.86
2026-09-04 14:50:19,23939.35,2026-09-08,24100.0,PE,163.15,162.8,163.15,1104148,64455,13302,8.23
2026-09-04 14:50:19,23939.35,2026-09-08,24150.0,CE,26.4,26.3,26.35,1711019,124338,44241,8.85
2026-09-04 14:50:19,23939.35,2026-09-08,24150.0,PE,200.25,200.35,200.85,249231,17428,6493,8.06
2026-09-04 14:50:19,23939.35,2026-09-08,24200.0,CE,17.9,17.9,18.0,2417452,230806,49466,8.95
2026-09-04 14:50:19,23939.35,2026-09-08,24200.0,PE,241.85,241.8,242.5,314788,40455,141,8.08
2026-09-04 14:50:19,23939.35,2026-09-08,24250.0,CE,12.05,12.05,12.15,1140512,88898,21010,9.05
2026-09-04 14:50:19,23939.35,2026-09-08,24250.0,PE,286.0,285.9,286.75,47907,7521,909,8.03
2026-09-04 14:50:19,23939.35,2026-09-08,24300.0,CE,8.15,8.1,8.15,1440000,187938,30826,9.22
2026-09-04 14:50:19,23939.35,2026-09-08,24300.0,PE,331.6,331.75,332.8,70643,19110,1524,7.27
2026-09-04 14:50:19,23939.35,2026-09-08,24350.0,CE,5.95,5.9,5.95,664067,87168,20711,9.53
2026-09-04 14:50:19,23939.35,2026-09-08,24350.0,PE,379.35,379.25,380.3,9304,2809,-102,
2026-09-04 14:50:19,23939.35,2026-09-08,24400.0,CE,4.4,4.35,4.4,801211,158423,36708,9.92
2026-09-04 14:50:19,23939.35,2026-09-08,24400.0,PE,428.15,427.8,429.05,10770,7917,-484,8.03
2026-09-04 14:50:19,23939.35,2026-09-08,24450.0,CE,3.5,3.45,3.5,311178,60552,8275,10.35
2026-09-04 14:50:19,23939.35,2026-09-08,24450.0,PE,477.7,476.75,478.35,1878,1233,-51,
2026-09-04 14:51:19,23941.2,2026-09-08,23450.0,CE,529.85,529.5,531.4,1414,693,31,14.92
2026-09-04 14:51:19,23941.2,2026-09-08,23450.0,PE,4.4,4.35,4.4,331290,45247,14185,11.75
2026-09-04 14:51:19,23941.2,2026-09-08,23500.0,CE,479.6,480.05,481.45,21309,4663,-327,13.45
2026-09-04 14:51:19,23941.2,2026-09-08,23500.0,PE,5.2,5.2,5.25,869615,172043,9813,11.21
2026-09-04 14:51:19,23941.2,2026-09-08,23550.0,CE,431.35,431.9,433.3,4126,1084,152,12.64
2026-09-04 14:51:19,23941.2,2026-09-08,23550.0,PE,6.6,6.55,6.6,511646,50665,17780,10.73
2026-09-04 14:51:19,23941.2,2026-09-08,23600.0,CE,383.8,383.95,385.05,23225,4283,90,11.67
2026-09-04 14:51:19,23941.2,2026-09-08,23600.0,PE,8.6,8.5,8.55,1121008,146626,19766,10.31
2026-09-04 14:51:19,23941.2,2026-09-08,23650.0,CE,338.05,337.25,338.2,16121,2469,503,10.89
2026-09-04 14:51:19,23941.2,2026-09-08,23650.0,PE,11.65,11.65,11.7,887728,58003,16187,10.04
2026-09-04 14:51:19,23941.2,2026-09-08,23700.0,CE,292.1,291.4,292.1,106509,9159,-259,10.71
2026-09-04 14:51:19,23941.2,2026-09-08,23700.0,PE,15.85,15.8,15.85,1695616,146044,53791,9.71
2026-09-04 14:51:19,23941.2,2026-09-08,23750.0,CE,248.0,247.6,248.25,116207,8763,2223,10.21
2026-09-04 14:51:19,23941.2,2026-09-08,23750.0,PE,22.05,22.0,22.1,1423266,95776,54361,9.46
2026-09-04 14:51:19,23941.2,2026-09-08,23800.0,CE,206.75,206.35,206.75,760770,41945,-1285,9.89
2026-09-04 14:51:19,23941.2,2026-09-08,23800.0,PE,30.75,30.75,30.85,2928498,242306,132211,9.28
2026-09-04 14:51:19,23941.2,2026-09-08,23850.0,CE,168.0,167.85,168.0,750141,28262,606,9.66
2026-09-04 14:51:19,23941.2,2026-09-08,23850.0,PE,41.8,41.8,41.95,2416129,145556,88734,9.03
2026-09-04 14:51:19,23941.2,2026-09-08,23900.0,CE,133.25,133.25,133.55,3321363,131929,12344,9.42
2026-09-04 14:51:19,23941.2,2026-09-08,23900.0,PE,57.15,57.15,57.25,6003990,359321,252589,8.87
2026-09-04 14:51:19,23941.2,2026-09-08,23950.0,CE,102.0,102.0,102.2,4053850,181356,90401,9.13
2026-09-04 14:51:19,23941.2,2026-09-08,23950.0,PE,76.25,76.0,76.25,5278434,248361,206052,8.7
2026-09-04 14:51:19,23941.2,2026-09-08,24000.0,CE,76.3,76.15,76.3,6532353,381515,98542,8.95
2026-09-04 14:51:19,23941.2,2026-09-08,24000.0,PE,100.45,100.3,100.45,4807807,210849,97125,8.55
2026-09-04 14:51:19,23941.2,2026-09-08,24050.0,CE,55.0,54.9,55.05,2819445,161884,42005,8.91
2026-09-04 14:51:19,23941.2,2026-09-08,24050.0,PE,129.25,129.35,129.6,1239427,48519,31391,8.41
2026-09-04 14:51:19,23941.2,2026-09-08,24100.0,CE,38.8,38.7,38.8,3311423,237416,50679,8.85
2026-09-04 14:51:19,23941.2,2026-09-08,24100.0,PE,163.0,162.6,163.0,1105790,64524,13371,8.27
2026-09-04 14:51:19,23941.2,2026-09-08,24150.0,CE,26.6,26.55,26.6,1715152,125136,45039,8.83
2026-09-04 14:51:19,23941.2,2026-09-08,24150.0,PE,200.6,200.2,200.75,249647,17307,6372,8.1
2026-09-04 14:51:19,23941.2,2026-09-08,24200.0,CE,18.2,18.15,18.2,2422778,231434,50094,8.94
2026-09-04 14:51:19,23941.2,2026-09-08,24200.0,PE,242.1,241.5,242.1,315299,40050,-264,7.95
2026-09-04 14:51:19,23941.2,2026-09-08,24250.0,CE,12.3,12.25,12.3,1142617,88369,20481,9.05
2026-09-04 14:51:19,23941.2,2026-09-08,24250.0,PE,285.65,285.55,286.3,47948,7520,908,7.86
2026-09-04 14:51:19,23941.2,2026-09-08,24300.0,CE,8.2,8.2,8.25,1442821,186878,29766,9.21
2026-09-04 14:51:19,23941.2,2026-09-08,24300.0,PE,332.6,331.55,332.4,70701,19478,1892,7.65
2026-09-04 14:51:19,23941.2,2026-09-08,24350.0,CE,5.95,5.95,6.0,665271,87136,20679,9.54
2026-09-04 14:51:19,23941.2,2026-09-08,24350.0,PE,381.5,379.4,380.55,9309,2809,-102,
2026-09-04 14:51:19,23941.2,2026-09-08,24400.0,CE,4.45,4.4,4.45,801961,157790,36075,9.9
2026-09-04 14:51:19,23941.2,2026-09-08,24400.0,PE,427.45,427.6,428.95,10775,7917,-484,
2026-09-04 14:51:19,23941.2,2026-09-08,24450.0,CE,3.5,3.45,3.5,311288,60532,8255,10.38
2026-09-04 14:51:19,23941.2,2026-09-08,24450.0,PE,478.8,476.7,478.3,1881,1227,-57,
2026-09-04 14:52:20,23941.25,2026-09-08,23450.0,CE,529.75,529.7,531.0,1420,692,30,15.64
2026-09-04 14:52:20,23941.25,2026-09-08,23450.0,PE,4.4,4.35,4.4,332999,45263,14201,11.66
2026-09-04 14:52:20,23941.25,2026-09-08,23500.0,CE,478.0,480.35,481.9,21344,4649,-341,14.42
2026-09-04 14:52:20,23941.25,2026-09-08,23500.0,PE,5.2,5.15,5.25,873451,172286,10056,11.07
2026-09-04 14:52:20,23941.25,2026-09-08,23550.0,CE,428.5,431.85,433.3,4128,1082,150,13.63
2026-09-04 14:52:20,23941.25,2026-09-08,23550.0,PE,6.55,6.55,6.6,514117,50700,17815,10.61
2026-09-04 14:52:20,23941.25,2026-09-08,23600.0,CE,384.05,383.95,385.0,23290,4285,92,12.89
2026-09-04 14:52:20,23941.25,2026-09-08,23600.0,PE,8.55,8.5,8.55,1128547,146538,19678,10.17
2026-09-04 14:52:20,23941.25,2026-09-08,23650.0,CE,337.35,337.3,338.1,16200,2473,507,12.37
2026-09-04 14:52:20,23941.25,2026-09-08,23650.0,PE,11.7,11.6,11.7,893572,58351,16535,9.85
2026-09-04 14:52:20,23941.25,2026-09-08,23700.0,CE,291.25,291.2,292.0,106902,9139,-279,11.7
2026-09-04 14:52:20,23941.25,2026-09-08,23700.0,PE,15.85,15.8,15.9,1705774,145329,53076,9.48
2026-09-04 14:52:20,23941.25,2026-09-08,23750.0,CE,247.5,247.5,248.25,116677,8721,2181,11.04
2026-09-04 14:52:20,23941.25,2026-09-08,23750.0,PE,22.0,22.0,22.1,1432308,95169,53754,9.22
2026-09-04 14:52:20,23941.25,2026-09-08,23800.0,CE,207.25,206.4,206.95,764847,41250,-1980,10.5
2026-09-04 14:52:20,23941.25,2026-09-08,23800.0,PE,30.8,30.8,30.85,2944411,239438,129343,9.01
2026-09-04 14:52:20,23941.25,2026-09-08,23850.0,CE,168.2,168.2,168.65,753342,28264,608,10.14
2026-09-04 14:52:20,23941.25,2026-09-08,23850.0,PE,41.8,41.75,41.85,2431747,143789,86967,8.76
2026-09-04 14:52:20,23941.25,2026-09-08,23900.0,CE,133.55,133.25,133.5,3338089,131806,12221,9.88
2026-09-04 14:52:20,23941.25,2026-09-08,23900.0,PE,57.2,57.1,57.2,6038500,357491,250759,8.54
2026-09-04 14:52:20,23941.25,2026-09-08,23950.0,CE,102.25,102.1,102.25,4077338,183475,92520,9.53
2026-09-04 14:52:20,23941.25,2026-09-08,23950.0,PE,76.15,76.0,76.2,5310175,245372,203063,8.29
2026-09-04 14:52:20,23941.25,2026-09-08,24000.0,CE,76.1,76.1,76.3,6564314,383601,100628,9.35
2026-09-04 14:52:20,23941.25,2026-09-08,24000.0,PE,100.3,100.1,100.3,4832557,207448,93724,8.07
2026-09-04 14:52:20,23941.25,2026-09-08,24050.0,CE,55.15,55.05,55.1,2834145,162202,42323,9.2
2026-09-04 14:52:20,23941.25,2026-09-08,24050.0,PE,129.45,129.1,129.4,1245049,48100,30972,7.82
2026-09-04 14:52:20,23941.25,2026-09-08,24100.0,CE,38.8,38.75,38.8,3328115,237884,51147,9.1
2026-09-04 14:52:20,23941.25,2026-09-08,24100.0,PE,162.4,162.4,162.85,1111376,63570,12417,7.57
2026-09-04 14:52:20,23941.25,2026-09-08,24150.0,CE,26.65,26.55,26.65,1724654,124712,44615,9.07
2026-09-04 14:52:20,23941.25,2026-09-08,24150.0,PE,200.9,200.1,200.7,250599,17259,6324,7.15
2026-09-04 14:52:20,23941.25,2026-09-08,24200.0,CE,18.25,18.25,18.3,2433608,233003,51663,9.12
2026-09-04 14:52:20,23941.25,2026-09-08,24200.0,PE,241.85,241.4,241.9,316349,40003,-311,6.55
2026-09-04 14:52:20,23941.25,2026-09-08,24250.0,CE,12.3,12.25,12.35,1147910,88449,20561,9.23
2026-09-04 14:52:20,23941.25,2026-09-08,24250.0,PE,286.2,285.55,286.45,48125,7519,907,
2026-09-04 14:52:20,23941.25,2026-09-08,24300.0,CE,8.3,8.25,8.3,1448209,187082,29970,9.36
2026-09-04 14:52:20,23941.25,2026-09-08,24300.0,PE,332.35,331.55,332.4,71052,19275,1689,
2026-09-04 14:52:20,23941.25,2026-09-08,24350.0,CE,6.0,6.0,6.05,667647,86981,20524,9.67
2026-09-04 14:52:20,23941.25,2026-09-08,24350.0,PE,380.1,378.95,380.05,9321,2810,-101,
2026-09-04 14:52:20,23941.25,2026-09-08,24400.0,CE,4.4,4.4,4.45,805126,157756,36041,10.02
2026-09-04 14:52:20,23941.25,2026-09-08,24400.0,PE,432.15,427.45,428.85,10814,7896,-505,
2026-09-04 14:52:20,23941.25,2026-09-08,24450.0,CE,3.55,3.55,3.6,312320,60467,8190,10.46
2026-09-04 14:52:20,23941.25,2026-09-08,24450.0,PE,481.15,476.45,478.05,1893,1237,-47,
2026-09-04 14:53:20,23940.8,2026-09-08,23450.0,CE,529.75,528.4,529.75,1420,692,30,15.64
2026-09-04 14:53:20,23940.8,2026-09-08,23450.0,PE,4.45,4.4,4.45,333436,45158,14096,11.66
2026-09-04 14:53:20,23940.8,2026-09-08,23500.0,CE,478.6,478.85,480.0,21353,4649,-341,14.42
2026-09-04 14:53:20,23940.8,2026-09-08,23500.0,PE,5.3,5.3,5.35,873978,172249,10019,11.07
2026-09-04 14:53:20,23940.8,2026-09-08,23550.0,CE,430.55,430.15,431.95,4131,1082,150,13.63
2026-09-04 14:53:20,23940.8,2026-09-08,23550.0,PE,6.7,6.7,6.75,514835,50443,17558,10.61
2026-09-04 14:53:20,23940.8,2026-09-08,23600.0,CE,382.3,382.85,384.0,23310,4285,92,12.89
2026-09-04 14:53:20,23940.8,2026-09-08,23600.0,PE,8.65,8.65,8.7,1129657,146538,19678,10.17
2026-09-04 14:53:20,23940.8,2026-09-08,23650.0,CE,336.45,336.1,336.75,16212,2473,507,12.37
2026-09-04 14:53:20,23940.8,2026-09-08,23650.0,PE,11.9,11.8,11.9,894773,58351,16535,9.85
2026-09-04 14:53:20,23940.8,2026-09-08,23700.0,CE,291.3,290.2,290.95,107022,9139,-279,11.7
2026-09-04 14:53:20,23940.8,2026-09-08,23700.0,PE,16.1,16.1,16.15,1707354,145329,53076,9.48
2026-09-04 14:53:20,23940.8,2026-09-08,23750.0,CE,246.2,246.15,246.75,116740,8721,2181,11.04
2026-09-04 14:53:20,23940.8,2026-09-08,23750.0,PE,22.55,22.45,22.55,1434239,95169,53754,9.22
2026-09-04 14:53:20,23940.8,2026-09-08,23800.0,CE,205.45,205.6,206.0,765527,41405,-1825,10.5
2026-09-04 14:53:20,23940.8,2026-09-08,23800.0,PE,31.3,31.15,31.25,2947629,240635,130540,9.01
2026-09-04 14:53:20,23940.8,2026-09-08,23850.0,CE,167.6,167.3,167.65,753972,28328,672,10.14
2026-09-04 14:53:20,23940.8,2026-09-08,23850.0,PE,42.35,42.35,42.4,2433991,145188,88366,8.76
2026-09-04 14:53:20,23940.8,2026-09-08,23900.0,CE,132.55,132.5,132.55,3341579,132203,12618,9.88
2026-09-04 14:53:20,23940.8,2026-09-08,23900.0,PE,58.15,58.1,58.15,6046170,358952,252220,8.54
2026-09-04 14:53:20,23940.8,2026-09-08,23950.0,CE,101.4,101.4,101.6,4081313,183475,92520,9.53
2026-09-04 14:53:20,23940.8,2026-09-08,23950.0,PE,76.85,76.85,77.0,5316222,245372,203063,8.29
2026-09-04 14:53:20,23940.8,2026-09-08,24000.0,CE,75.75,75.75,75.95,6573026,383601,100628,9.35
2026-09-04 14:53:20,23940.8,2026-09-08,24000.0,PE,101.3,101.0,101.15,4837537,207448,93724,8.07
2026-09-04 14:53:20,23940.8,2026-09-08,24050.0,CE,54.8,54.55,54.75,2837628,162202,42323,9.2
2026-09-04 14:53:20,23940.8,2026-09-08,24050.0,PE,130.2,130.2,130.35,1245949,48100,30972,7.82
2026-09-04 14:53:20,23940.8,2026-09-08,24100.0,CE,38.4,38.35,38.4,3330732,237884,51147,9.1
2026-09-04 14:53:20,23940.8,2026-09-08,24100.0,PE,164.1,163.7,164.15,1112236,63570,12417,7.57
2026-09-04 14:53:20,23940.8,2026-09-08,24150.0,CE,26.4,26.3,26.4,1726263,124534,44437,9.07
2026-09-04 14:53:20,23940.8,2026-09-08,24150.0,PE,201.8,201.15,201.6,250768,17324,6389,7.15
2026-09-04 14:53:20,23940.8,2026-09-08,24200.0,CE,18.1,18.1,18.15,2436873,232782,51442,9.12
2026-09-04 14:53:20,23940.8,2026-09-08,24200.0,PE,242.6,242.5,243.1,316661,40017,-297,6.55
2026-09-04 14:53:20,23940.8,2026-09-08,24250.0,CE,12.15,12.15,12.2,1148741,88468,20580,9.23
2026-09-04 14:53:20,23940.8,2026-09-08,24250.0,PE,287.8,287.0,287.55,48149,7519,907,
2026-09-04 14:53:20,23940.8,2026-09-08,24300.0,CE,8.2,8.2,8.25,1449287,187082,29970,9.36
2026-09-04 14:53:20,23940.8,2026-09-08,24300.0,PE,333.8,332.7,333.65,71071,19275,1689,
2026-09-04 14:53:20,23940.8,2026-09-08,24350.0,CE,5.95,5.95,6.0,668219,86981,20524,9.67
2026-09-04 14:53:20,23940.8,2026-09-08,24350.0,PE,382.2,380.15,381.35,9327,2810,-101,
2026-09-04 14:53:20,23940.8,2026-09-08,24400.0,CE,4.4,4.4,4.45,805473,157756,36041,10.02
2026-09-04 14:53:20,23940.8,2026-09-08,24400.0,PE,430.2,429.05,430.55,10830,7896,-505,
2026-09-04 14:53:20,23940.8,2026-09-08,24450.0,CE,3.5,3.5,3.55,313130,60467,8190,10.46
2026-09-04 14:53:20,23940.8,2026-09-08,24450.0,PE,479.7,477.9,479.8,1895,1237,-47,
2026-09-04 14:54:20,23935.6,2026-09-08,23450.0,CE,529.75,524.4,526.05,1422,692,30,15.64
2026-09-04 14:54:20,23935.6,2026-09-08,23450.0,PE,4.45,4.4,4.5,334684,45118,14056,11.66
2026-09-04 14:54:20,23935.6,2026-09-08,23500.0,CE,477.0,475.2,476.8,21364,4636,-354,14.42
2026-09-04 14:54:20,23935.6,2026-09-08,23500.0,PE,5.35,5.35,5.4,877195,172172,9942,11.07
2026-09-04 14:54:20,23935.6,2026-09-08,23550.0,CE,430.0,427.0,428.45,4152,1063,131,13.63
2026-09-04 14:54:20,23935.6,2026-09-08,23550.0,PE,6.85,6.8,6.85,517050,50614,17729,10.61
2026-09-04 14:54:20,23935.6,2026-09-08,23600.0,CE,379.05,379.0,379.85,23366,4292,99,12.89
2026-09-04 14:54:20,23935.6,2026-09-08,23600.0,PE,8.9,8.9,8.95,1133668,146359,19499,10.17
2026-09-04 14:54:20,23935.6,2026-09-08,23650.0,CE,333.0,332.65,333.5,16247,2467,501,12.37
2026-09-04 14:54:20,23935.6,2026-09-08,23650.0,PE,12.3,12.2,12.3,897942,58495,16679,9.85
2026-09-04 14:54:20,23935.6,2026-09-08,23700.0,CE,287.15,287.25,288.0,107285,9178,-240,11.7
2026-09-04 14:54:20,23935.6,2026-09-08,23700.0,PE,16.7,16.6,16.7,1713564,146042,53789,9.48
2026-09-04 14:54:20,23935.6,2026-09-08,23750.0,CE,243.4,243.6,244.1,117001,8657,2117,11.04
2026-09-04 14:54:20,23935.6,2026-09-08,23750.0,PE,23.25,23.15,23.25,1440028,95596,54181,9.22
2026-09-04 14:54:20,23935.6,2026-09-08,23800.0,CE,202.8,202.85,203.3,766917,41274,-1956,10.5
2026-09-04 14:54:20,23935.6,2026-09-08,23800.0,PE,32.45,32.35,32.4,2956318,241112,131017,9.01
2026-09-04 14:54:20,23935.6,2026-09-08,23850.0,CE,164.85,164.75,165.1,755545,28421,765,10.14
2026-09-04 14:54:20,23935.6,2026-09-08,23850.0,PE,43.85,43.75,43.85,2442184,144869,88047,8.76
2026-09-04 14:54:20,23935.6,2026-09-08,23900.0,CE,130.5,130.55,130.85,3348666,132390,12805,9.88
2026-09-04 14:54:20,23935.6,2026-09-08,23900.0,PE,59.65,59.6,59.65,6066433,358847,252115,8.54
2026-09-04 14:54:20,23935.6,2026-09-08,23950.0,CE,99.6,99.6,99.75,4093518,183948,92993,9.53
2026-09-04 14:54:20,23935.6,2026-09-08,23950.0,PE,78.9,78.7,78.9,5333886,246345,204036,8.29
2026-09-04 14:54:20,23935.6,2026-09-08,24000.0,CE,74.2,74.2,74.4,6590947,385577,102604,9.35
2026-09-04 14:54:20,23935.6,2026-09-08,24000.0,PE,103.55,103.3,103.55,4850739,208901,95177,8.07
2026-09-04 14:54:20,23935.6,2026-09-08,24050.0,CE,53.6,53.5,53.6,2845658,163713,43834,9.2
2026-09-04 14:54:20,23935.6,2026-09-08,24050.0,PE,132.75,132.4,132.75,1249604,48129,31001,7.82
2026-09-04 14:54:20,23935.6,2026-09-08,24100.0,CE,37.4,37.4,37.5,3340081,238935,52198,9.1
2026-09-04 14:54:20,23935.6,2026-09-08,24100.0,PE,166.9,166.45,166.85,1115308,63927,12774,7.57
2026-09-04 14:54:20,23935.6,2026-09-08,24150.0,CE,25.45,25.45,25.5,1731403,124683,44586,9.07
2026-09-04 14:54:20,23935.6,2026-09-08,24150.0,PE,205.1,204.5,205.05,251726,17376,6441,7.15
2026-09-04 14:54:20,23935.6,2026-09-08,24200.0,CE,17.45,17.45,17.5,2445704,232061,50721,9.12
2026-09-04 14:54:20,23935.6,2026-09-08,24200.0,PE,246.8,246.3,246.9,317313,39885,-429,6.55
2026-09-04 14:54:20,23935.6,2026-09-08,24250.0,CE,11.75,11.75,11.8,1151731,88428,20540,9.23
2026-09-04 14:54:20,23935.6,2026-09-08,24250.0,PE,289.0,290.45,291.15,48340,7566,954,
2026-09-04 14:54:20,23935.6,2026-09-08,24300.0,CE,7.9,7.85,7.9,1453988,187326,30214,9.36
2026-09-04 14:54:20,23935.6,2026-09-08,24300.0,PE,337.55,336.75,337.35,71206,19285,1699,
2026-09-04 14:54:20,23935.6,2026-09-08,24350.0,CE,5.75,5.75,5.8,670586,86902,20445,9.67
2026-09-04 14:54:20,23935.6,2026-09-08,24350.0,PE,384.25,384.5,385.2,9339,2808,-103,
2026-09-04 14:54:20,23935.6,2026-09-08,24400.0,CE,4.3,4.3,4.35,807470,157569,35854,10.02
2026-09-04 14:54:20,23935.6,2026-09-08,24400.0,PE,430.0,432.25,433.5,10856,7888,-513,
2026-09-04 14:54:20,23935.6,2026-09-08,24450.0,CE,3.5,3.45,3.5,314347,60076,7799,10.46
2026-09-04 14:54:20,23935.6,2026-09-08,24450.0,PE,481.1,481.25,483.3,1897,1239,-45,
2026-09-04 14:55:21,23938.7,2026-09-08,23450.0,CE,529.75,529.0,530.85,1422,692,30,15.64
2026-09-04 14:55:21,23938.7,2026-09-08,23450.0,PE,4.45,4.4,4.45,336417,45139,14077,11.66
2026-09-04 14:55:21,23938.7,2026-09-08,23500.0,CE,480.0,480.15,481.45,21374,4636,-354,14.42
2026-09-04 14:55:21,23938.7,2026-09-08,23500.0,PE,5.35,5.3,5.35,881629,171968,9738,11.07
2026-09-04 14:55:21,23938.7,2026-09-08,23550.0,CE,430.0,431.45,432.95,4152,1063,131,13.63
2026-09-04 14:55:21,23938.7,2026-09-08,23550.0,PE,6.75,6.7,6.75,519104,50539,17654,10.61
2026-09-04 14:55:21,23938.7,2026-09-08,23600.0,CE,384.1,383.4,384.6,23387,4294,101,12.89
2026-09-04 14:55:21,23938.7,2026-09-08,23600.0,PE,8.7,8.65,8.7,1139188,146560,19700,10.17
2026-09-04 14:55:21,23938.7,2026-09-08,23650.0,CE,336.7,336.9,337.7,16257,2470,504,12.37
2026-09-04 14:55:21,23938.7,2026-09-08,23650.0,PE,11.95,11.9,11.95,902111,58763,16947,9.85
2026-09-04 14:55:21,23938.7,2026-09-08,23700.0,CE,292.0,291.5,292.0,107409,9177,-241,11.7
2026-09-04 14:55:21,23938.7,2026-09-08,23700.0,PE,16.15,16.15,16.2,1722262,145968,53715,9.48
2026-09-04 14:55:21,23938.7,2026-09-08,23750.0,CE,248.1,247.65,248.2,117226,8695,2155,11.04
2026-09-04 14:55:21,23938.7,2026-09-08,23750.0,PE,22.55,22.55,22.65,1445851,95227,53812,9.22
2026-09-04 14:55:21,23938.7,2026-09-08,23800.0,CE,207.25,206.65,207.3,768744,41262,-1968,10.5
2026-09-04 14:55:21,23938.7,2026-09-08,23800.0,PE,31.45,31.45,31.55,2966570,240672,130577,9.01
2026-09-04 14:55:21,23938.7,2026-09-08,23850.0,CE,168.65,168.2,168.5,756896,28476,820,10.14
2026-09-04 14:55:21,23938.7,2026-09-08,23850.0,PE,42.6,42.55,42.7,2450890,144938,88116,8.76
2026-09-04 14:55:21,23938.7,2026-09-08,23900.0,CE,133.7,133.5,133.7,3356196,132051,12466,9.88
2026-09-04 14:55:21,23938.7,2026-09-08,23900.0,PE,58.0,57.85,58.0,6091821,359176,252444,8.54
2026-09-04 14:55:21,23938.7,2026-09-08,23950.0,CE,102.1,102.1,102.4,4111462,182811,91856,9.53
2026-09-04 14:55:21,23938.7,2026-09-08,23950.0,PE,76.9,76.75,76.9,5353480,246007,203698,8.29
2026-09-04 14:55:21,23938.7,2026-09-08,24000.0,CE,76.35,76.2,76.35,6609803,385303,102330,9.35
2026-09-04 14:55:21,23938.7,2026-09-08,24000.0,PE,100.9,100.6,100.85,4865204,210028,96304,8.07
2026-09-04 14:55:21,23938.7,2026-09-08,24050.0,CE,55.05,55.05,55.15,2852756,162979,43100,9.2
2026-09-04 14:55:21,23938.7,2026-09-08,24050.0,PE,129.4,129.25,129.55,1252946,48018,30890,7.82
2026-09-04 14:55:21,23938.7,2026-09-08,24100.0,CE,38.5,38.5,38.65,3347680,238088,51351,9.1
2026-09-04 14:55:21,23938.7,2026-09-08,24100.0,PE,163.0,163.0,163.4,1119354,63751,12598,7.57
2026-09-04 14:55:21,23938.7,2026-09-08,24150.0,CE,26.2,26.15,26.2,1743347,126906,46809,9.07
2026-09-04 14:55:21,23938.7,2026-09-08,24150.0,PE,200.65,200.6,201.1,252398,17683,6748,7.15
2026-09-04 14:55:21,23938.7,2026-09-08,24200.0,CE,18.0,17.9,18.0,2459884,231066,49726,9.12
2026-09-04 14:55:21,23938.7,2026-09-08,24200.0,PE,242.8,242.1,242.65,318230,39911,-403,6.55
2026-09-04 14:55:21,23938.7,2026-09-08,24250.0,CE,11.95,11.95,12.0,1155816,88566,20678,9.23
2026-09-04 14:55:21,23938.7,2026-09-08,24250.0,PE,286.25,285.8,286.6,48482,7571,959,
2026-09-04 14:55:21,23938.7,2026-09-08,24300.0,CE,7.95,7.95,8.0,1458495,187093,29981,9.36
2026-09-04 14:55:21,23938.7,2026-09-08,24300.0,PE,332.3,332.05,332.85,71433,19256,1670,
2026-09-04 14:55:21,23938.7,2026-09-08,24350.0,CE,5.75,5.7,5.75,684895,85349,18892,9.67
2026-09-04 14:55:21,23938.7,2026-09-08,24350.0,PE,379.15,379.3,380.55,9396,2799,-112,
2026-09-04 14:55:21,23938.7,2026-09-08,24400.0,CE,4.25,4.2,4.25,816101,157660,35945,10.02
2026-09-04 14:55:21,23938.7,2026-09-08,24400.0,PE,428.5,428.15,428.75,10861,7869,-532,
2026-09-04 14:55:21,23938.7,2026-09-08,24450.0,CE,3.35,3.35,3.4,316174,60037,7760,10.46
2026-09-04 14:55:21,23938.7,2026-09-08,24450.0,PE,479.3,477.3,478.55,1898,1238,-46,
2026-09-04 14:56:21,23937.55,2026-09-08,23450.0,CE,529.75,528.65,530.4,1422,692,30,15.64
2026-09-04 14:56:21,23937.55,2026-09-08,23450.0,PE,4.45,4.4,4.45,336676,45144,14082,11.66
2026-09-04 14:56:21,23937.55,2026-09-08,23500.0,CE,480.0,479.7,480.9,21384,4636,-354,14.42
2026-09-04 14:56:21,23937.55,2026-09-08,23500.0,PE,5.35,5.3,5.35,882237,172130,9900,11.07
2026-09-04 14:56:21,23937.55,2026-09-08,23550.0,CE,430.0,431.3,432.8,4152,1063,131,13.63
2026-09-04 14:56:21,23937.55,2026-09-08,23550.0,PE,6.75,6.75,6.8,519314,50539,17654,10.61
2026-09-04 14:56:21,23937.55,2026-09-08,23600.0,CE,384.1,383.25,384.35,23387,4294,101,12.89
2026-09-04 14:56:21,23937.55,2026-09-08,23600.0,PE,8.75,8.7,8.75,1140334,146560,19700,10.17
2026-09-04 14:56:21,23937.55,2026-09-08,23650.0,CE,336.7,336.45,337.35,16257,2470,504,12.37
2026-09-04 14:56:21,23937.55,2026-09-08,23650.0,PE,11.95,12.0,12.05,902558,58763,16947,9.85
2026-09-04 14:56:21,23937.55,2026-09-08,23700.0,CE,292.2,290.95,291.75,107435,9177,-241,11.7
2026-09-04 14:56:21,23937.55,2026-09-08,23700.0,PE,16.3,16.25,16.3,1723575,145968,53715,9.48
2026-09-04 14:56:21,23937.55,2026-09-08,23750.0,CE,248.1,247.2,247.85,117247,8695,2155,11.04
2026-09-04 14:56:21,23937.55,2026-09-08,23750.0,PE,22.65,22.65,22.7,1447096,95227,53812,9.22
2026-09-04 14:56:21,23937.55,2026-09-08,23800.0,CE,206.5,205.9,206.5,768933,40852,-2378,10.5
2026-09-04 14:56:21,23937.55,2026-09-08,23800.0,PE,31.75,31.75,31.8,2967835,240957,130862,9.01
2026-09-04 14:56:21,23937.55,2026-09-08,23850.0,CE,168.25,167.95,168.2,757067,28241,585,10.14
2026-09-04 14:56:21,23937.55,2026-09-08,23850.0,PE,42.8,42.8,42.9,2451923,144889,88067,8.76
2026-09-04 14:56:21,23937.55,2026-09-08,23900.0,CE,133.2,133.2,133.5,3357209,131170,11585,9.88
2026-09-04 14:56:21,23937.55,2026-09-08,23900.0,PE,58.15,58.05,58.2,6094392,359734,253002,8.54
2026-09-04 14:56:21,23937.55,2026-09-08,23950.0,CE,102.45,102.25,102.35,4113179,182811,91856,9.53
2026-09-04 14:56:21,23937.55,2026-09-08,23950.0,PE,77.35,77.35,77.45,5356104,246007,203698,8.29
2026-09-04 14:56:21,23937.55,2026-09-08,24000.0,CE,76.05,76.05,76.15,6612445,385303,102330,9.35
2026-09-04 14:56:21,23937.55,2026-09-08,24000.0,PE,101.0,100.95,101.0,4866763,210028,96304,8.07
2026-09-04 14:56:21,23937.55,2026-09-08,24050.0,CE,54.8,54.8,54.9,2853916,162979,43100,9.2
2026-09-04 14:56:21,23937.55,2026-09-08,24050.0,PE,129.95,129.75,129.95,1253245,48018,30890,7.82
2026-09-04 14:56:21,23937.55,2026-09-08,24100.0,CE,38.6,38.45,38.55,3348713,238088,51351,9.1
2026-09-04 14:56:21,23937.55,2026-09-08,24100.0,PE,163.45,163.2,163.5,1119615,63751,12598,7.57
2026-09-04 14:56:21,23937.55,2026-09-08,24150.0,CE,26.0,25.9,26.0,1744274,127981,47884,9.07
2026-09-04 14:56:21,23937.55,2026-09-08,24150.0,PE,201.65,201.65,201.85,252490,17658,6723,7.15
2026-09-04 14:56:21,23937.55,2026-09-08,24200.0,CE,17.85,17.85,17.95,2461126,231185,49845,9.12
2026-09-04 14:56:21,23937.55,2026-09-08,24200.0,PE,242.1,242.55,243.05,318331,39889,-425,6.55
2026-09-04 14:56:21,23937.55,2026-09-08,24250.0,CE,12.0,11.95,12.0,1156452,88566,20678,9.23
2026-09-04 14:56:21,23937.55,2026-09-08,24250.0,PE,286.45,286.05,286.95,48509,7571,959,
2026-09-04 14:56:21,23937.55,2026-09-08,24300.0,CE,8.0,7.95,8.0,1459077,187093,29981,9.36
2026-09-04 14:56:21,23937.55,2026-09-08,24300.0,PE,331.8,332.05,333.0,71502,19256,1670,
2026-09-04 14:56:21,23937.55,2026-09-08,24350.0,CE,5.75,5.7,5.75,685356,85349,18892,9.67
2026-09-04 14:56:21,23937.55,2026-09-08,24350.0,PE,379.15,379.75,380.8,9396,2799,-112,
2026-09-04 14:56:21,23937.55,2026-09-08,24400.0,CE,4.2,4.2,4.25,817226,157660,35945,10.02
2026-09-04 14:56:21,23937.55,2026-09-08,24400.0,PE,428.55,428.6,429.9,10863,7869,-532,
2026-09-04 14:56:21,23937.55,2026-09-08,24450.0,CE,3.35,3.35,3.4,316186,60037,7760,10.46
2026-09-04 14:56:21,23937.55,2026-09-08,24450.0,PE,478.4,477.15,478.8,1899,1238,-46,
2026-09-04 14:57:21,23938.75,2026-09-08,23450.0,CE,528.5,528.0,528.75,1432,691,29,15.73
2026-09-04 14:57:21,23938.75,2026-09-08,23450.0,PE,4.55,4.55,4.6,337278,45166,14104,11.63
2026-09-04 14:57:21,23938.75,2026-09-08,23500.0,CE,478.25,477.8,479.4,21389,4640,-350,14.51
2026-09-04 14:57:21,23938.75,2026-09-08,23500.0,PE,5.5,5.5,5.55,885393,172216,9986,11.04
2026-09-04 14:57:21,23938.75,2026-09-08,23550.0,CE,431.35,429.45,431.1,4155,1062,130,13.7
2026-09-04 14:57:21,23938.75,2026-09-08,23550.0,PE,7.0,7.0,7.05,521292,50647,17762,10.58
2026-09-04 14:57:21,23938.75,2026-09-08,23600.0,CE,383.2,381.5,382.8,23415,4301,108,12.96
2026-09-04 14:57:21,23938.75,2026-09-08,23600.0,PE,9.1,9.05,9.1,1145598,146936,20076,10.16
2026-09-04 14:57:21,23938.75,2026-09-08,23650.0,CE,336.5,335.15,336.1,16282,2469,503,12.38
2026-09-04 14:57:21,23938.75,2026-09-08,23650.0,PE,12.25,12.3,12.35,905697,58215,16399,9.83
2026-09-04 14:57:21,23938.75,2026-09-08,23700.0,CE,290.9,290.0,290.55,107609,9158,-260,11.68
2026-09-04 14:57:21,23938.75,2026-09-08,23700.0,PE,16.75,16.75,16.8,1740992,145953,53700,9.47
2026-09-04 14:57:21,23938.75,2026-09-08,23750.0,CE,246.5,246.0,246.65,117370,8662,2122,11.15
2026-09-04 14:57:21,23938.75,2026-09-08,23750.0,PE,23.15,23.2,23.25,1453031,95179,53764,9.23
2026-09-04 14:57:21,23938.75,2026-09-08,23800.0,CE,205.1,205.0,205.25,770300,40792,-2438,10.63
2026-09-04 14:57:21,23938.75,2026-09-08,23800.0,PE,32.3,32.25,32.35,2977975,240344,130249,9.01
2026-09-04 14:57:21,23938.75,2026-09-08,23850.0,CE,167.0,166.6,166.9,758519,28120,464,10.27
2026-09-04 14:57:21,23938.75,2026-09-08,23850.0,PE,43.45,43.4,43.45,2459195,144883,88061,8.68
2026-09-04 14:57:21,23938.75,2026-09-08,23900.0,CE,132.4,132.35,132.6,3363486,130702,11117,9.91
2026-09-04 14:57:21,23938.75,2026-09-08,23900.0,PE,58.9,58.85,58.9,6115290,360919,254187,8.51
2026-09-04 14:57:21,23938.75,2026-09-08,23950.0,CE,101.3,101.15,101.2,4123018,177557,86602,9.55
2026-09-04 14:57:21,23938.75,2026-09-08,23950.0,PE,77.95,77.9,78.0,5374687,245899,203590,8.27
2026-09-04 14:57:21,23938.75,2026-09-08,24000.0,CE,75.2,75.2,75.35,6629800,382971,99998,9.34
2026-09-04 14:57:21,23938.75,2026-09-08,24000.0,PE,101.9,101.9,102.1,4881639,209027,95303,8.06
2026-09-04 14:57:21,23938.75,2026-09-08,24050.0,CE,54.3,54.15,54.3,2859860,162277,42398,9.19
2026-09-04 14:57:21,23938.75,2026-09-08,24050.0,PE,130.75,130.75,131.0,1256031,48277,31149,7.79
2026-09-04 14:57:21,23938.75,2026-09-08,24100.0,CE,37.9,37.85,37.95,3355300,237471,50734,9.1
2026-09-04 14:57:21,23938.75,2026-09-08,24100.0,PE,164.4,164.45,164.8,1121930,64622,13469,7.48
2026-09-04 14:57:21,23938.75,2026-09-08,24150.0,CE,25.65,25.55,25.65,1753220,128184,48087,9.08
2026-09-04 14:57:21,23938.75,2026-09-08,24150.0,PE,202.05,202.55,203.0,252998,17714,6779,7.06
2026-09-04 14:57:21,23938.75,2026-09-08,24200.0,CE,17.6,17.55,17.6,2466823,231672,50332,9.15
2026-09-04 14:57:21,23938.75,2026-09-08,24200.0,PE,244.0,243.8,244.45,318737,39902,-412,6.26
2026-09-04 14:57:21,23938.75,2026-09-08,24250.0,CE,11.75,11.7,11.75,1160332,88750,20862,9.24
2026-09-04 14:57:21,23938.75,2026-09-08,24250.0,PE,287.3,287.4,288.3,48573,7567,955,
2026-09-04 14:57:21,23938.75,2026-09-08,24300.0,CE,7.75,7.75,7.8,1462925,186790,29678,9.39
2026-09-04 14:57:21,23938.75,2026-09-08,24300.0,PE,333.6,333.75,334.8,71723,19170,1584,
2026-09-04 14:57:21,23938.75,2026-09-08,24350.0,CE,5.6,5.55,5.6,687567,82806,16349,9.7
2026-09-04 14:57:21,23938.75,2026-09-08,24350.0,PE,380.8,380.85,382.0,9416,2780,-131,
2026-09-04 14:57:21,23938.75,2026-09-08,24400.0,CE,4.1,4.1,4.15,820572,160631,38916,10.05
2026-09-04 14:57:21,23938.75,2026-09-08,24400.0,PE,429.25,429.65,430.95,10889,7864,-537,
2026-09-04 14:57:21,23938.75,2026-09-08,24450.0,CE,3.3,3.25,3.3,317934,60634,8357,10.49
2026-09-04 14:57:21,23938.75,2026-09-08,24450.0,PE,478.85,479.0,480.4,1902,1238,-46,
2026-09-04 14:58:22,23937.95,2026-09-08,23450.0,CE,529.75,528.0,529.1,1430,692,30,15.64
2026-09-04 14:58:22,23937.95,2026-09-08,23450.0,PE,4.6,4.55,4.6,337267,45166,14104,11.66
2026-09-04 14:58:22,23937.95,2026-09-08,23500.0,CE,480.0,478.45,480.1,21386,4640,-350,14.42
2026-09-04 14:58:22,23937.95,2026-09-08,23500.0,PE,5.45,5.45,5.5,885129,172216,9986,11.07
2026-09-04 14:58:22,23937.95,2026-09-08,23550.0,CE,430.6,430.25,431.6,4154,1062,130,13.63
2026-09-04 14:58:22,23937.95,2026-09-08,23550.0,PE,6.95,6.95,7.0,521111,50647,17762,10.61
2026-09-04 14:58:22,23937.95,2026-09-08,23600.0,CE,382.3,382.1,383.3,23413,4301,108,12.89
2026-09-04 14:58:22,23937.95,2026-09-08,23600.0,PE,9.0,8.95,9.0,1145449,146936,20076,10.17
2026-09-04 14:58:22,23937.95,2026-09-08,23650.0,CE,336.7,335.75,336.65,16280,2469,503,12.37
2026-09-04 14:58:22,23937.95,2026-09-08,23650.0,PE,12.25,12.25,12.3,905675,58215,16399,9.85
2026-09-04 14:58:22,23937.95,2026-09-08,23700.0,CE,290.45,290.1,290.9,107605,9158,-260,11.7
2026-09-04 14:58:22,23937.95,2026-09-08,23700.0,PE,16.65,16.65,16.7,1740806,145953,53700,9.48
2026-09-04 14:58:22,23937.95,2026-09-08,23750.0,CE,247.0,246.45,247.05,117369,8662,2122,11.04
2026-09-04 14:58:22,23937.95,2026-09-08,23750.0,PE,23.05,23.05,23.15,1452846,95179,53764,9.22
2026-09-04 14:58:22,23937.95,2026-09-08,23800.0,CE,205.4,205.5,205.9,770274,40792,-2438,10.5
2026-09-04 14:58:22,23937.95,2026-09-08,23800.0,PE,32.2,32.1,32.2,2977765,240344,130249,9.01
2026-09-04 14:58:22,23937.95,2026-09-08,23850.0,CE,167.25,167.0,167.4,758483,28120,464,10.14
2026-09-04 14:58:22,23937.95,2026-09-08,23850.0,PE,43.3,43.2,43.3,2458832,144883,88061,8.76
2026-09-04 14:58:22,23937.95,2026-09-08,23900.0,CE,132.65,132.6,132.9,3363331,130702,11117,9.88
2026-09-04 14:58:22,23937.95,2026-09-08,23900.0,PE,58.85,58.75,58.85,6114799,360919,254187,8.54
2026-09-04 14:58:22,23937.95,2026-09-08,23950.0,CE,101.65,101.35,101.6,4122824,177557,86602,9.53
2026-09-04 14:58:22,23937.95,2026-09-08,23950.0,PE,77.75,77.6,77.75,5374102,245899,203590,8.29
2026-09-04 14:58:22,23937.95,2026-09-08,24000.0,CE,75.55,75.45,75.55,6628802,382971,99998,9.35
2026-09-04 14:58:22,23937.95,2026-09-08,24000.0,PE,101.85,101.6,101.85,4879554,209027,95303,8.07
2026-09-04 14:58:22,23937.95,2026-09-08,24050.0,CE,54.4,54.4,54.55,2859589,162277,42398,9.2
2026-09-04 14:58:22,23937.95,2026-09-08,24050.0,PE,130.2,130.3,130.6,1255905,48277,31149,7.82
2026-09-04 14:58:22,23937.95,2026-09-08,24100.0,CE,38.0,38.0,38.05,3355058,237471,50734,9.1
2026-09-04 14:58:22,23937.95,2026-09-08,24100.0,PE,164.3,164.0,164.45,1121864,64622,13469,7.57
2026-09-04 14:58:22,23937.95,2026-09-08,24150.0,CE,25.7,25.65,25.7,1753044,128184,48087,9.07
2026-09-04 14:58:22,23937.95,2026-09-08,24150.0,PE,202.35,201.85,202.4,252990,17714,6779,7.15
2026-09-04 14:58:22,23937.95,2026-09-08,24200.0,CE,17.65,17.6,17.65,2466149,231672,50332,9.12
2026-09-04 14:58:22,23937.95,2026-09-08,24200.0,PE,242.55,243.35,243.9,318722,39902,-412,6.55
2026-09-04 14:58:22,23937.95,2026-09-08,24250.0,CE,11.75,11.7,11.75,1160260,88750,20862,9.23
2026-09-04 14:58:22,23937.95,2026-09-08,24250.0,PE,287.75,287.35,288.1,48570,7567,955,
2026-09-04 14:58:22,23937.95,2026-09-08,24300.0,CE,7.75,7.75,7.8,1462879,186790,29678,9.36
2026-09-04 14:58:22,23937.95,2026-09-08,24300.0,PE,333.0,333.2,334.2,71720,19170,1584,
2026-09-04 14:58:22,23937.95,2026-09-08,24350.0,CE,5.55,5.55,5.6,687540,82806,16349,9.67
2026-09-04 14:58:22,23937.95,2026-09-08,24350.0,PE,381.05,380.65,381.7,9409,2780,-131,
2026-09-04 14:58:22,23937.95,2026-09-08,24400.0,CE,4.15,4.1,4.15,820495,160631,38916,10.02
2026-09-04 14:58:22,23937.95,2026-09-08,24400.0,PE,428.5,429.0,430.35,10888,7864,-537,
2026-09-04 14:58:22,23937.95,2026-09-08,24450.0,CE,3.3,3.25,3.3,317934,60634,8357,10.46
2026-09-04 14:58:22,23937.95,2026-09-08,24450.0,PE,478.9,478.2,479.8,1901,1238,-46,
2026-09-04 14:59:22,23939.7,2026-09-08,23450.0,CE,531.0,532.75,534.75,1435,700,38,15.73
2026-09-04 14:59:22,23939.7,2026-09-08,23450.0,PE,4.4,4.4,4.45,338432,45150,14088,11.63
2026-09-04 14:59:22,23939.7,2026-09-08,23500.0,CE,483.9,483.95,485.0,21556,4641,-349,14.51
2026-09-04 14:59:22,23939.7,2026-09-08,23500.0,PE,5.3,5.25,5.35,888557,172067,9837,11.04
2026-09-04 14:59:22,23939.7,2026-09-08,23550.0,CE,435.4,435.5,436.75,4159,1060,128,13.7
2026-09-04 14:59:22,23939.7,2026-09-08,23550.0,PE,6.65,6.65,6.7,522653,50785,17900,10.58
2026-09-04 14:59:22,23939.7,2026-09-08,23600.0,CE,387.4,387.2,388.0,23469,4313,120,12.96
2026-09-04 14:59:22,23939.7,2026-09-08,23600.0,PE,8.5,8.5,8.6,1149956,147673,20813,10.16
2026-09-04 14:59:22,23939.7,2026-09-08,23650.0,CE,341.0,340.5,341.0,16312,2469,503,12.38
2026-09-04 14:59:22,23939.7,2026-09-08,23650.0,PE,11.65,11.6,11.65,909227,57961,16145,9.83
2026-09-04 14:59:22,23939.7,2026-09-08,23700.0,CE,295.65,294.95,295.75,107748,9139,-279,11.68
2026-09-04 14:59:22,23939.7,2026-09-08,23700.0,PE,15.75,15.75,15.8,1752430,141341,49088,9.47
2026-09-04 14:59:22,23939.7,2026-09-08,23750.0,CE,250.6,250.85,251.0,117530,8684,2144,11.15
2026-09-04 14:59:22,23939.7,2026-09-08,23750.0,PE,21.8,21.85,21.9,1458777,95481,54066,9.23
2026-09-04 14:59:22,23939.7,2026-09-08,23800.0,CE,209.3,209.2,209.7,771426,40835,-2395,10.63
2026-09-04 14:59:22,23939.7,2026-09-08,23800.0,PE,30.45,30.45,30.5,2988141,240112,130017,9.01
2026-09-04 14:59:22,23939.7,2026-09-08,23850.0,CE,170.7,170.5,170.8,759614,27759,103,10.27
2026-09-04 14:59:22,23939.7,2026-09-08,23850.0,PE,41.1,41.1,41.15,2468190,143916,87094,8.68
2026-09-04 14:59:22,23939.7,2026-09-08,23900.0,CE,135.75,135.45,135.75,3370918,129775,10190,9.91
2026-09-04 14:59:22,23939.7,2026-09-08,23900.0,PE,56.2,56.2,56.35,6137552,359776,253044,8.51
2026-09-04 14:59:22,23939.7,2026-09-08,23950.0,CE,103.95,103.85,103.95,4130983,176873,85918,9.55
2026-09-04 14:59:22,23939.7,2026-09-08,23950.0,PE,74.5,74.45,74.5,5395397,242688,200379,8.27
2026-09-04 14:59:22,23939.7,2026-09-08,24000.0,CE,77.5,77.4,77.5,6644502,380314,97341,9.34
2026-09-04 14:59:22,23939.7,2026-09-08,24000.0,PE,97.85,97.85,98.05,4901225,203890,90166,8.06
2026-09-04 14:59:22,23939.7,2026-09-08,24050.0,CE,56.15,55.95,56.05,2868874,161213,41334,9.19
2026-09-04 14:59:22,23939.7,2026-09-08,24050.0,PE,126.35,126.15,126.35,1259784,48255,31127,7.79
2026-09-04 14:59:22,23939.7,2026-09-08,24100.0,CE,39.0,39.0,39.1,3362280,236736,49999,9.1
2026-09-04 14:59:22,23939.7,2026-09-08,24100.0,PE,159.8,159.35,159.65,1125077,64399,13246,7.48
2026-09-04 14:59:22,23939.7,2026-09-08,24150.0,CE,26.4,26.35,26.4,1766796,131499,51402,9.08
2026-09-04 14:59:22,23939.7,2026-09-08,24150.0,PE,197.4,197.0,197.25,253944,17581,6646,7.06
2026-09-04 14:59:22,23939.7,2026-09-08,24200.0,CE,18.2,18.15,18.2,2473484,230874,49534,9.15
2026-09-04 14:59:22,23939.7,2026-09-08,24200.0,PE,238.05,237.65,238.3,319306,39830,-484,6.26
2026-09-04 14:59:22,23939.7,2026-09-08,24250.0,CE,12.15,12.1,12.15,1164874,88650,20762,9.24
2026-09-04 14:59:22,23939.7,2026-09-08,24250.0,PE,281.9,282.0,282.7,48765,7554,942,
2026-09-04 14:59:22,23939.7,2026-09-08,24300.0,CE,8.05,8.05,8.1,1467084,186205,29093,9.39
2026-09-04 14:59:22,23939.7,2026-09-08,24300.0,PE,328.55,328.1,328.9,71838,19031,1445,
2026-09-04 14:59:22,23939.7,2026-09-08,24350.0,CE,5.8,5.8,5.85,690276,82296,15839,9.7
2026-09-04 14:59:22,23939.7,2026-09-08,24350.0,PE,382.55,375.1,376.5,9430,2783,-128,
2026-09-04 14:59:22,23939.7,2026-09-08,24400.0,CE,4.25,4.25,4.3,823640,160741,39026,10.05
2026-09-04 14:59:22,23939.7,2026-09-08,24400.0,PE,425.0,423.6,424.95,10911,7862,-539,
2026-09-04 14:59:22,23939.7,2026-09-08,24450.0,CE,3.45,3.4,3.45,319388,60764,8487,10.49
2026-09-04 14:59:22,23939.7,2026-09-08,24450.0,PE,474.0,472.9,474.45,1905,1235,-49,
2026-09-04 15:00:23,23936.7,2026-09-08,23450.0,CE,531.0,529.2,531.6,1435,700,38,15.64
2026-09-04 15:00:23,23936.7,2026-09-08,23450.0,PE,4.55,4.5,4.55,339257,45126,14064,11.66
2026-09-04 15:00:23,23936.7,2026-09-08,23500.0,CE,482.65,480.1,481.65,21563,4674,-316,14.42
2026-09-04 15:00:23,23936.7,2026-09-08,23500.0,PE,5.4,5.4,5.45,892186,172044,9814,11.07
2026-09-04 15:00:23,23936.7,2026-09-08,23550.0,CE,433.3,432.5,433.65,4162,1061,129,13.63
2026-09-04 15:00:23,23936.7,2026-09-08,23550.0,PE,6.85,6.85,6.9,526923,50610,17725,10.61
2026-09-04 15:00:23,23936.7,2026-09-08,23600.0,CE,383.05,383.9,385.05,23489,4309,116,12.89
2026-09-04 15:00:23,23936.7,2026-09-08,23600.0,PE,8.8,8.8,8.85,1153999,148010,21150,10.17
2026-09-04 15:00:23,23936.7,2026-09-08,23650.0,CE,336.45,337.35,338.25,16322,2462,496,12.37
2026-09-04 15:00:23,23936.7,2026-09-08,23650.0,PE,12.15,12.05,12.15,914386,57879,16063,9.85
2026-09-04 15:00:23,23936.7,2026-09-08,23700.0,CE,291.7,291.95,292.75,108088,9149,-269,11.7
2026-09-04 15:00:23,23936.7,2026-09-08,23700.0,PE,16.35,16.25,16.3,1759104,141366,49113,9.48
2026-09-04 15:00:23,23936.7,2026-09-08,23750.0,CE,246.2,247.5,248.15,117771,8686,2146,11.04
2026-09-04 15:00:23,23936.7,2026-09-08,23750.0,PE,22.6,22.55,22.65,1463059,95010,53595,9.22
2026-09-04 15:00:23,23936.7,2026-09-08,23800.0,CE,207.0,206.9,207.35,773419,40444,-2786,10.5
2026-09-04 15:00:23,23936.7,2026-09-08,23800.0,PE,31.4,31.35,31.45,2999966,237462,127367,9.01
2026-09-04 15:00:23,23936.7,2026-09-08,23850.0,CE,168.35,168.1,168.5,761140,27512,-144,10.14
2026-09-04 15:00:23,23936.7,2026-09-08,23850.0,PE,42.45,42.45,42.5,2476251,142949,86127,8.76
2026-09-04 15:00:23,23936.7,2026-09-08,23900.0,CE,133.7,133.65,133.8,3380429,127729,8144,9.88
2026-09-04 15:00:23,23936.7,2026-09-08,23900.0,PE,57.85,57.7,57.85,6160757,355680,248948,8.54
2026-09-04 15:00:23,23936.7,2026-09-08,23950.0,CE,102.3,102.1,102.3,4147256,175539,84584,9.53
2026-09-04 15:00:23,23936.7,2026-09-08,23950.0,PE,76.2,76.2,76.4,5418449,240269,197960,8.29
2026-09-04 15:00:23,23936.7,2026-09-08,24000.0,CE,76.05,76.1,76.25,6665475,377620,94647,9.35
2026-09-04 15:00:23,23936.7,2026-09-08,24000.0,PE,100.55,100.3,100.55,4918522,199855,86131,8.07
2026-09-04 15:00:23,23936.7,2026-09-08,24050.0,CE,55.1,55.1,55.2,2879215,159245,39366,9.2
2026-09-04 15:00:23,23936.7,2026-09-08,24050.0,PE,128.85,128.8,129.0,1263184,47500,30372,7.82
2026-09-04 15:00:23,23936.7,2026-09-08,24100.0,CE,38.55,38.4,38.5,3371048,237396,50659,9.1
2026-09-04 15:00:23,23936.7,2026-09-08,24100.0,PE,162.65,162.2,162.65,1128428,63654,12501,7.57
2026-09-04 15:00:23,23936.7,2026-09-08,24150.0,CE,26.0,25.95,26.05,1772655,132943,52846,9.07
2026-09-04 15:00:23,23936.7,2026-09-08,24150.0,PE,200.4,199.85,200.4,254739,17491,6556,7.15
2026-09-04 15:00:23,23936.7,2026-09-08,24200.0,CE,17.75,17.8,17.85,2480640,230605,49265,9.12
2026-09-04 15:00:23,23936.7,2026-09-08,24200.0,PE,241.85,241.75,242.4,319964,39786,-528,6.55
2026-09-04 15:00:23,23936.7,2026-09-08,24250.0,CE,11.95,11.9,11.95,1170741,88462,20574,9.23
2026-09-04 15:00:23,23936.7,2026-09-08,24250.0,PE,287.85,285.15,285.95,48897,7494,882,
2026-09-04 15:00:23,23936.7,2026-09-08,24300.0,CE,7.95,7.9,7.95,1470281,185401,28289,9.36
2026-09-04 15:00:23,23936.7,2026-09-08,24300.0,PE,333.2,331.55,332.5,71908,19021,1435,
2026-09-04 15:00:23,23936.7,2026-09-08,24350.0,CE,5.7,5.7,5.75,692170,82274,15817,9.67
2026-09-04 15:00:23,23936.7,2026-09-08,24350.0,PE,379.5,379.15,380.35,9436,2777,-134,
2026-09-04 15:00:23,23936.7,2026-09-08,24400.0,CE,4.2,4.2,4.25,827713,160836,39121,10.02
2026-09-04 15:00:23,23936.7,2026-09-08,24400.0,PE,429.9,427.0,428.55,10920,7865,-536,
2026-09-04 15:00:23,23936.7,2026-09-08,24450.0,CE,3.45,3.4,3.45,320080,60983,8706,10.46
2026-09-04 15:00:23,23936.7,2026-09-08,24450.0,PE,474.0,476.5,478.25,1905,1235,-49,
2026-09-04 15:01:23,23941.75,2026-09-08,23450.0,CE,526.95,526.9,529.1,1438,700,38,15.79
2026-09-04 15:01:23,23941.75,2026-09-08,23450.0,PE,4.6,4.6,4.65,340164,45109,14047,11.75
2026-09-04 15:01:23,23941.75,2026-09-08,23500.0,CE,476.8,478.15,479.35,21633,4673,-317,13.91
2026-09-04 15:01:23,23941.75,2026-09-08,23500.0,PE,5.45,5.45,5.5,893686,172056,9826,11.2
2026-09-04 15:01:23,23941.75,2026-09-08,23550.0,CE,434.75,430.3,431.4,4338,1061,129,14.22
2026-09-04 15:01:23,23941.75,2026-09-08,23550.0,PE,7.0,7.0,7.05,529286,50228,17343,10.75
2026-09-04 15:01:23,23941.75,2026-09-08,23600.0,CE,381.7,381.65,382.7,23517,4304,111,12.32
2026-09-04 15:01:23,23941.75,2026-09-08,23600.0,PE,9.0,8.95,9.0,1155396,148184,21324,10.29
2026-09-04 15:01:23,23941.75,2026-09-08,23650.0,CE,335.0,335.3,336.2,16347,2463,497,11.75
2026-09-04 15:01:23,23941.75,2026-09-08,23650.0,PE,12.25,12.2,12.25,916644,58691,16875,9.97
2026-09-04 15:01:23,23941.75,2026-09-08,23700.0,CE,289.0,289.55,290.0,108167,9105,-313,11.26
2026-09-04 15:01:23,23941.75,2026-09-08,23700.0,PE,16.55,16.5,16.55,1761747,141408,49155,9.61
2026-09-04 15:01:23,23941.75,2026-09-08,23750.0,CE,246.0,245.7,246.35,117879,8660,2120,10.76
2026-09-04 15:01:23,23941.75,2026-09-08,23750.0,PE,22.9,22.9,22.95,1464956,95030,53615,9.38
2026-09-04 15:01:23,23941.75,2026-09-08,23800.0,CE,205.15,204.9,205.35,774121,40347,-2883,10.32
2026-09-04 15:01:23,23941.75,2026-09-08,23800.0,PE,31.9,31.8,31.9,3005191,237906,127811,9.17
2026-09-04 15:01:23,23941.75,2026-09-08,23850.0,CE,166.65,166.65,167.05,761543,27510,-146,9.92
2026-09-04 15:01:23,23941.75,2026-09-08,23850.0,PE,42.85,42.8,42.9,2479792,143039,86217,8.88
2026-09-04 15:01:23,23941.75,2026-09-08,23900.0,CE,132.3,132.1,132.25,3383948,127690,8105,9.63
2026-09-04 15:01:23,23941.75,2026-09-08,23900.0,PE,58.55,58.5,58.6,6171048,355215,248483,8.66
2026-09-04 15:01:23,23941.75,2026-09-08,23950.0,CE,100.6,100.55,100.75,4152890,176439,85484,9.36
2026-09-04 15:01:23,23941.75,2026-09-08,23950.0,PE,77.45,77.3,77.45,5427291,240220,197911,8.41
2026-09-04 15:01:23,23941.75,2026-09-08,24000.0,CE,75.0,74.95,75.15,6673551,378041,95068,9.14
2026-09-04 15:01:23,23941.75,2026-09-08,24000.0,PE,101.45,101.25,101.5,4924638,199873,86149,8.23
2026-09-04 15:01:23,23941.75,2026-09-08,24050.0,CE,54.1,54.1,54.15,2883378,160499,40620,9.07
2026-09-04 15:01:23,23941.75,2026-09-08,24050.0,PE,130.45,130.15,130.3,1264965,47439,30311,7.98
2026-09-04 15:01:23,23941.75,2026-09-08,24100.0,CE,37.65,37.65,37.7,3376306,237566,50829,8.93
2026-09-04 15:01:23,23941.75,2026-09-08,24100.0,PE,164.0,164.05,164.35,1131211,63591,12438,7.86
2026-09-04 15:01:23,23941.75,2026-09-08,24150.0,CE,25.5,25.45,25.5,1776037,133021,52924,8.88
2026-09-04 15:01:23,23941.75,2026-09-08,24150.0,PE,201.55,201.8,202.25,255037,17536,6601,7.52
2026-09-04 15:01:23,23941.75,2026-09-08,24200.0,CE,17.6,17.55,17.6,2484635,231177,49837,8.99
2026-09-04 15:01:23,23941.75,2026-09-08,24200.0,PE,243.65,243.1,243.7,320214,39656,-658,7.24
2026-09-04 15:01:23,23941.75,2026-09-08,24250.0,CE,11.75,11.7,11.75,1173267,88797,20909,9.09
2026-09-04 15:01:23,23941.75,2026-09-08,24250.0,PE,288.35,287.3,288.05,48972,7469,857,6.29
2026-09-04 15:01:23,23941.75,2026-09-08,24300.0,CE,7.9,7.85,7.9,1473125,185343,28231,9.23
2026-09-04 15:01:23,23941.75,2026-09-08,24300.0,PE,333.85,333.85,334.7,72031,19016,1430,
2026-09-04 15:01:23,23941.75,2026-09-08,24350.0,CE,5.75,5.7,5.75,693689,82118,15661,9.55
2026-09-04 15:01:23,23941.75,2026-09-08,24350.0,PE,380.8,381.05,382.15,9438,2777,-134,
2026-09-04 15:01:23,23941.75,2026-09-08,24400.0,CE,4.25,4.25,4.3,829738,161721,40006,9.92
2026-09-04 15:01:23,23941.75,2026-09-08,24400.0,PE,429.95,429.35,430.75,10921,7862,-539,
2026-09-04 15:01:23,23941.75,2026-09-08,24450.0,CE,3.55,3.5,3.55,322123,60890,8613,10.44
2026-09-04 15:01:23,23941.75,2026-09-08,24450.0,PE,474.0,478.85,480.45,1905,1235,-49,
2026-09-04 15:02:24,23937.05,2026-09-08,23450.0,CE,526.95,528.95,530.3,1438,699,37,15.91
2026-09-04 15:02:24,23937.05,2026-09-08,23450.0,PE,4.65,4.65,4.7,341527,44624,13562,11.76
2026-09-04 15:02:24,23937.05,2026-09-08,23500.0,CE,479.55,478.9,480.7,21647,4673,-317,13.99
2026-09-04 15:02:24,23937.05,2026-09-08,23500.0,PE,5.5,5.5,5.55,896020,171723,9493,11.17
2026-09-04 15:02:24,23937.05,2026-09-08,23550.0,CE,432.05,431.85,433.15,4347,1057,125,14.31
2026-09-04 15:02:24,23937.05,2026-09-08,23550.0,PE,7.0,7.0,7.05,531209,49732,16847,10.74
2026-09-04 15:02:24,23937.05,2026-09-08,23600.0,CE,387.25,384.0,384.8,23545,4310,117,12.54
2026-09-04 15:02:24,23937.05,2026-09-08,23600.0,PE,8.9,8.9,8.95,1159251,148216,21356,10.28
2026-09-04 15:02:24,23937.05,2026-09-08,23650.0,CE,337.45,336.35,337.35,16364,2445,479,11.83
2026-09-04 15:02:24,23937.05,2026-09-08,23650.0,PE,12.25,12.25,12.3,918507,58748,16932,9.97
2026-09-04 15:02:24,23937.05,2026-09-08,23700.0,CE,292.5,291.2,291.95,108339,9098,-320,11.43
2026-09-04 15:02:24,23937.05,2026-09-08,23700.0,PE,16.45,16.45,16.5,1766934,141199,48946,9.64
2026-09-04 15:02:24,23937.05,2026-09-08,23750.0,CE,247.0,246.85,247.45,118056,8659,2119,10.79
2026-09-04 15:02:24,23937.05,2026-09-08,23750.0,PE,22.9,22.8,22.9,1468844,95000,53585,9.39
2026-09-04 15:02:24,23937.05,2026-09-08,23800.0,CE,206.25,206.25,206.7,776463,40356,-2874,10.37
2026-09-04 15:02:24,23937.05,2026-09-08,23800.0,PE,31.7,31.65,31.7,3013369,237523,127428,9.18
2026-09-04 15:02:24,23937.05,2026-09-08,23850.0,CE,167.4,167.3,167.55,762357,27602,-54,9.99
2026-09-04 15:02:24,23937.05,2026-09-08,23850.0,PE,42.9,42.8,42.95,2486835,142607,85785,8.85
2026-09-04 15:02:24,23937.05,2026-09-08,23900.0,CE,133.6,133.3,133.6,3389196,127727,8142,9.71
2026-09-04 15:02:24,23937.05,2026-09-08,23900.0,PE,58.3,58.2,58.3,6185524,351422,244690,8.71
2026-09-04 15:02:24,23937.05,2026-09-08,23950.0,CE,102.2,102.05,102.2,4161360,176338,85383,9.41
2026-09-04 15:02:24,23937.05,2026-09-08,23950.0,PE,77.2,77.1,77.2,5439156,236673,194364,8.42
2026-09-04 15:02:24,23937.05,2026-09-08,24000.0,CE,75.6,75.6,75.7,6686081,376590,93617,9.22
2026-09-04 15:02:24,23937.05,2026-09-08,24000.0,PE,101.3,101.0,101.2,4933257,199111,85387,8.21
2026-09-04 15:02:24,23937.05,2026-09-08,24050.0,CE,54.75,54.75,54.85,2889009,159761,39882,9.05
2026-09-04 15:02:24,23937.05,2026-09-08,24050.0,PE,129.35,129.4,129.7,1267534,46747,29619,8.03
2026-09-04 15:02:24,23937.05,2026-09-08,24100.0,CE,38.1,38.1,38.2,3383217,237053,50316,8.96
2026-09-04 15:02:24,23937.05,2026-09-08,24100.0,PE,163.55,163.25,163.55,1132911,62348,11195,7.86
2026-09-04 15:02:24,23937.05,2026-09-08,24150.0,CE,25.8,25.75,25.8,1779383,133508,53411,8.9
2026-09-04 15:02:24,23937.05,2026-09-08,24150.0,PE,201.0,200.65,201.0,255451,17508,6573,7.56
2026-09-04 15:02:24,23937.05,2026-09-08,24200.0,CE,17.75,17.7,17.75,2489423,230273,48933,9.03
2026-09-04 15:02:24,23937.05,2026-09-08,24200.0,PE,243.2,242.7,243.25,320589,39614,-700,7.22
2026-09-04 15:02:24,23937.05,2026-09-08,24250.0,CE,11.9,11.9,11.95,1176729,87954,20066,9.1
2026-09-04 15:02:24,23937.05,2026-09-08,24250.0,PE,286.1,285.9,286.7,49055,7428,816,6.0
2026-09-04 15:02:24,23937.05,2026-09-08,24300.0,CE,8.0,8.0,8.05,1475489,183904,26792,9.25
2026-09-04 15:02:24,23937.05,2026-09-08,24300.0,PE,331.3,331.55,332.45,72161,19028,1442,
2026-09-04 15:02:24,23937.05,2026-09-08,24350.0,CE,5.85,5.8,5.85,695746,82200,15743,9.58
2026-09-04 15:02:24,23937.05,2026-09-08,24350.0,PE,379.35,380.2,381.2,9446,2776,-135,
2026-09-04 15:02:24,23937.05,2026-09-08,24400.0,CE,4.35,4.35,4.4,831401,161317,39602,9.93
2026-09-04 15:02:24,23937.05,2026-09-08,24400.0,PE,426.55,427.7,429.15,10942,7852,-549,
2026-09-04 15:02:24,23937.05,2026-09-08,24450.0,CE,3.6,3.55,3.6,323581,59839,7562,10.43
2026-09-04 15:02:24,23937.05,2026-09-08,24450.0,PE,475.15,477.6,479.45,1907,1237,-47,
2026-09-04 15:03:24,23938.1,2026-09-08,23450.0,CE,526.95,526.25,528.4,1438,700,38,15.79
2026-09-04 15:03:24,23938.1,2026-09-08,23450.0,PE,4.7,4.7,4.75,341653,44595,13533,11.75
2026-09-04 15:03:24,23938.1,2026-09-08,23500.0,CE,479.55,477.55,479.2,21647,4599,-391,13.91
2026-09-04 15:03:24,23938.1,2026-09-08,23500.0,PE,5.6,5.55,5.6,896228,171417,9187,11.2
2026-09-04 15:03:24,23938.1,2026-09-08,23550.0,CE,430.45,429.45,430.7,4348,1053,121,14.22
2026-09-04 15:03:24,23938.1,2026-09-08,23550.0,PE,7.1,7.05,7.1,531375,49245,16360,10.75
2026-09-04 15:03:24,23938.1,2026-09-08,23600.0,CE,382.3,381.0,382.15,23548,4336,143,12.32
2026-09-04 15:03:24,23938.1,2026-09-08,23600.0,PE,9.05,9.05,9.1,1159605,148043,21183,10.29
2026-09-04 15:03:24,23938.1,2026-09-08,23650.0,CE,335.7,334.55,335.4,16366,2443,477,11.75
2026-09-04 15:03:24,23938.1,2026-09-08,23650.0,PE,12.45,12.4,12.45,919016,59705,17889,9.97
2026-09-04 15:03:24,23938.1,2026-09-08,23700.0,CE,289.0,289.05,289.7,108364,9061,-357,11.26
2026-09-04 15:03:24,23938.1,2026-09-08,23700.0,PE,16.75,16.7,16.75,1767572,140160,47907,9.61
2026-09-04 15:03:24,23938.1,2026-09-08,23750.0,CE,245.05,245.1,245.7,118077,8630,2090,10.76
2026-09-04 15:03:24,23938.1,2026-09-08,23750.0,PE,23.2,23.15,23.2,1469505,94793,53378,9.38
2026-09-04 15:03:24,23938.1,2026-09-08,23800.0,CE,204.55,204.4,204.8,776595,41126,-2104,10.32
2026-09-04 15:03:24,23938.1,2026-09-08,23800.0,PE,32.0,32.05,32.1,3014568,235591,125496,9.17
2026-09-04 15:03:24,23938.1,2026-09-08,23850.0,CE,166.0,166.05,166.4,762560,27527,-129,9.92
2026-09-04 15:03:24,23938.1,2026-09-08,23850.0,PE,43.25,43.25,43.35,2487644,141064,84242,8.88
2026-09-04 15:03:24,23938.1,2026-09-08,23900.0,CE,131.6,131.6,131.85,3390116,128262,8677,9.63
2026-09-04 15:03:24,23938.1,2026-09-08,23900.0,PE,59.0,59.0,59.1,6187918,347446,240714,8.66
2026-09-04 15:03:24,23938.1,2026-09-08,23950.0,CE,100.4,100.45,100.6,4162815,177247,86292,9.36
2026-09-04 15:03:24,23938.1,2026-09-08,23950.0,PE,77.7,77.7,77.85,5440806,235105,192796,8.41
2026-09-04 15:03:24,23938.1,2026-09-08,24000.0,CE,74.7,74.55,74.7,6688083,377693,94720,9.14
2026-09-04 15:03:24,23938.1,2026-09-08,24000.0,PE,102.2,101.95,102.2,4934723,197692,83968,8.23
2026-09-04 15:03:24,23938.1,2026-09-08,24050.0,CE,53.8,53.85,53.9,2889798,159173,39294,9.07
2026-09-04 15:03:24,23938.1,2026-09-08,24050.0,PE,131.0,130.95,131.2,1267928,46170,29042,7.98
2026-09-04 15:03:24,23938.1,2026-09-08,24100.0,CE,37.65,37.55,37.6,3385266,237306,50569,8.93
2026-09-04 15:03:24,23938.1,2026-09-08,24100.0,PE,164.95,164.6,165.0,1133137,62089,10936,7.86
2026-09-04 15:03:24,23938.1,2026-09-08,24150.0,CE,25.4,25.3,25.35,1779850,133585,53488,8.88
2026-09-04 15:03:24,23938.1,2026-09-08,24150.0,PE,202.45,202.55,203.0,255541,17486,6551,7.52
2026-09-04 15:03:24,23938.1,2026-09-08,24200.0,CE,17.5,17.45,17.5,2490084,230744,49404,8.99
2026-09-04 15:03:24,23938.1,2026-09-08,24200.0,PE,244.15,244.1,244.65,320628,39344,-970,7.24
2026-09-04 15:03:24,23938.1,2026-09-08,24250.0,CE,11.65,11.65,11.7,1176909,88487,20599,9.09
2026-09-04 15:03:24,23938.1,2026-09-08,24250.0,PE,288.05,288.25,289.05,49063,7427,815,6.29
2026-09-04 15:03:24,23938.1,2026-09-08,24300.0,CE,7.9,7.85,7.9,1475862,183575,26463,9.23
2026-09-04 15:03:24,23938.1,2026-09-08,24300.0,PE,334.75,334.05,334.9,72168,18920,1334,
2026-09-04 15:03:24,23938.1,2026-09-08,24350.0,CE,5.8,5.75,5.8,696142,81234,14777,9.55
2026-09-04 15:03:24,23938.1,2026-09-08,24350.0,PE,383.3,382.15,383.25,9448,2768,-143,
2026-09-04 15:03:24,23938.1,2026-09-08,24400.0,CE,4.3,4.3,4.35,831579,160423,38708,9.92
2026-09-04 15:03:24,23938.1,2026-09-08,24400.0,PE,429.2,430.3,431.95,10944,7852,-549,
2026-09-04 15:03:24,23938.1,2026-09-08,24450.0,CE,3.55,3.55,3.6,323679,59365,7088,10.44
2026-09-04 15:03:24,23938.1,2026-09-08,24450.0,PE,480.05,479.15,481.0,1908,1237,-47,
2026-09-04 15:04:24,23934.25,2026-09-08,23450.0,CE,525.35,527.9,529.9,1442,700,38,15.79
2026-09-04 15:04:24,23934.25,2026-09-08,23450.0,PE,4.85,4.8,4.85,344449,43881,12819,11.75
2026-09-04 15:04:24,23934.25,2026-09-08,23500.0,CE,478.4,478.9,480.0,21723,4584,-406,13.91
2026-09-04 15:04:24,23934.25,2026-09-08,23500.0,PE,5.7,5.7,5.75,901052,171190,8960,11.2
2026-09-04 15:04:24,23934.25,2026-09-08,23550.0,CE,433.0,431.1,432.4,4369,1053,121,14.22
2026-09-04 15:04:24,23934.25,2026-09-08,23550.0,PE,7.25,7.2,7.25,535617,48856,15971,10.75
2026-09-04 15:04:24,23934.25,2026-09-08,23600.0,CE,383.15,383.05,384.1,23595,4330,137,12.32
2026-09-04 15:04:24,23934.25,2026-09-08,23600.0,PE,9.15,9.1,9.15,1166412,147251,20391,10.29
2026-09-04 15:04:24,23934.25,2026-09-08,23650.0,CE,336.2,336.3,337.1,16389,2430,464,11.75
2026-09-04 15:04:24,23934.25,2026-09-08,23650.0,PE,12.4,12.35,12.4,930840,61654,19838,9.97
2026-09-04 15:04:24,23934.25,2026-09-08,23700.0,CE,289.95,290.25,291.1,108741,9010,-408,11.26
2026-09-04 15:04:24,23934.25,2026-09-08,23700.0,PE,16.75,16.75,16.8,1775869,139889,47636,9.61
2026-09-04 15:04:24,23934.25,2026-09-08,23750.0,CE,247.5,246.75,247.35,118289,8640,2100,10.76
2026-09-04 15:04:24,23934.25,2026-09-08,23750.0,PE,23.15,23.1,23.15,1477842,94558,53143,9.38
2026-09-04 15:04:24,23934.25,2026-09-08,23800.0,CE,206.05,206.05,206.4,778126,41155,-2075,10.32
2026-09-04 15:04:24,23934.25,2026-09-08,23800.0,PE,32.15,32.05,32.15,3024910,236276,126181,9.17
2026-09-04 15:04:24,23934.25,2026-09-08,23850.0,CE,167.65,167.6,168.0,763871,27332,-324,9.92
2026-09-04 15:04:24,23934.25,2026-09-08,23850.0,PE,43.05,43.05,43.2,2500486,141363,84541,8.88
2026-09-04 15:04:24,23934.25,2026-09-08,23900.0,CE,133.35,133.1,133.35,3397845,127972,8387,9.63
2026-09-04 15:04:24,23934.25,2026-09-08,23900.0,PE,58.8,58.6,58.75,6218939,347803,241071,8.66
2026-09-04 15:04:24,23934.25,2026-09-08,23950.0,CE,101.65,101.65,101.9,4176107,175722,84767,9.36
2026-09-04 15:04:24,23934.25,2026-09-08,23950.0,PE,77.5,77.3,77.5,5464136,234145,191836,8.41
2026-09-04 15:04:24,23934.25,2026-09-08,24000.0,CE,75.75,75.8,75.95,6707850,376345,93372,9.14
2026-09-04 15:04:24,23934.25,2026-09-08,24000.0,PE,101.25,101.2,101.45,4955713,196808,83084,8.23
2026-09-04 15:04:24,23934.25,2026-09-08,24050.0,CE,54.8,54.75,54.8,2900874,158437,38558,9.07
2026-09-04 15:04:24,23934.25,2026-09-08,24050.0,PE,130.55,130.2,130.55,1272851,46071,28943,7.98
2026-09-04 15:04:24,23934.25,2026-09-08,24100.0,CE,38.25,38.2,38.3,3395581,236082,49345,8.93
2026-09-04 15:04:24,23934.25,2026-09-08,24100.0,PE,163.8,163.7,164.1,1136785,61900,10747,7.86
2026-09-04 15:04:24,23934.25,2026-09-08,24150.0,CE,25.85,25.85,25.9,1786794,134746,54649,8.88
2026-09-04 15:04:24,23934.25,2026-09-08,24150.0,PE,202.1,201.3,201.8,256310,17404,6469,7.52
2026-09-04 15:04:24,23934.25,2026-09-08,24200.0,CE,17.9,17.9,18.0,2498269,229915,48575,8.99
2026-09-04 15:04:24,23934.25,2026-09-08,24200.0,PE,243.65,242.7,243.35,321417,39282,-1032,7.24
2026-09-04 15:04:24,23934.25,2026-09-08,24250.0,CE,12.0,12.0,12.05,1182072,88608,20720,9.09
2026-09-04 15:04:24,23934.25,2026-09-08,24250.0,PE,287.75,286.85,287.8,49169,7403,791,6.29
2026-09-04 15:04:24,23934.25,2026-09-08,24300.0,CE,8.15,8.15,8.2,1478814,182859,25747,9.23
2026-09-04 15:04:24,23934.25,2026-09-08,24300.0,PE,334.3,332.9,333.8,72897,19329,1743,
2026-09-04 15:04:24,23934.25,2026-09-08,24350.0,CE,6.0,6.0,6.05,699143,80877,14420,9.55
2026-09-04 15:04:24,23934.25,2026-09-08,24350.0,PE,379.35,380.5,381.65,9465,2768,-143,
2026-09-04 15:04:24,23934.25,2026-09-08,24400.0,CE,4.55,4.5,4.55,838951,159859,38144,9.92
2026-09-04 15:04:24,23934.25,2026-09-08,24400.0,PE,429.7,429.1,429.7,10979,7850,-551,
2026-09-04 15:04:24,23934.25,2026-09-08,24450.0,CE,3.7,3.65,3.7,325023,59061,6784,10.44
2026-09-04 15:04:24,23934.25,2026-09-08,24450.0,PE,483.05,478.4,480.2,1914,1243,-41,
2026-09-04 15:05:25,23933.15,2026-09-08,23450.0,CE,529.75,524.55,526.55,1444,699,37,15.91
2026-09-04 15:05:25,23933.15,2026-09-08,23450.0,PE,4.85,4.85,4.9,349118,43765,12703,11.76
2026-09-04 15:05:25,23933.15,2026-09-08,23500.0,CE,477.1,475.65,477.0,21785,4552,-438,13.99
2026-09-04 15:05:25,23933.15,2026-09-08,23500.0,PE,5.75,5.75,5.8,907755,170864,8634,11.17
2026-09-04 15:05:25,23933.15,2026-09-08,23550.0,CE,427.4,427.95,429.4,4371,1055,123,14.31
2026-09-04 15:05:25,23933.15,2026-09-08,23550.0,PE,7.3,7.3,7.35,539133,48277,15392,10.74
2026-09-04 15:05:25,23933.15,2026-09-08,23600.0,CE,380.0,379.7,380.9,23647,4324,131,12.54
2026-09-04 15:05:25,23933.15,2026-09-08,23600.0,PE,9.35,9.3,9.35,1173542,147323,20463,10.28
2026-09-04 15:05:25,23933.15,2026-09-08,23650.0,CE,333.3,332.65,333.6,16420,2417,451,11.83
2026-09-04 15:05:25,23933.15,2026-09-08,23650.0,PE,12.75,12.65,12.75,944781,66552,24736,9.97
2026-09-04 15:05:25,23933.15,2026-09-08,23700.0,CE,287.9,287.75,288.45,108903,8986,-432,11.43
2026-09-04 15:05:25,23933.15,2026-09-08,23700.0,PE,17.15,17.1,17.15,1784514,139778,47525,9.64
2026-09-04 15:05:25,23933.15,2026-09-08,23750.0,CE,244.75,244.0,244.65,118546,8635,2095,10.79
2026-09-04 15:05:25,23933.15,2026-09-08,23750.0,PE,23.7,23.7,23.75,1484252,94226,52811,9.39
2026-09-04 15:05:25,23933.15,2026-09-08,23800.0,CE,203.0,203.15,203.65,779257,41134,-2096,10.37
2026-09-04 15:05:25,23933.15,2026-09-08,23800.0,PE,33.05,32.95,33.0,3039183,235114,125019,9.18
2026-09-04 15:05:25,23933.15,2026-09-08,23850.0,CE,165.25,165.25,165.6,764872,27287,-369,9.99
2026-09-04 15:05:25,23933.15,2026-09-08,23850.0,PE,44.15,44.15,44.3,2510736,140475,83653,8.85
2026-09-04 15:05:25,23933.15,2026-09-08,23900.0,CE,130.9,130.7,130.9,3404712,128028,8443,9.71
2026-09-04 15:05:25,23933.15,2026-09-08,23900.0,PE,60.35,60.2,60.35,6247547,342715,235983,8.71
2026-09-04 15:05:25,23933.15,2026-09-08,23950.0,CE,100.2,100.0,100.2,4185689,175157,84202,9.41
2026-09-04 15:05:25,23933.15,2026-09-08,23950.0,PE,79.1,79.15,79.25,5482715,231264,188955,8.42
2026-09-04 15:05:25,23933.15,2026-09-08,24000.0,CE,74.25,74.25,74.3,6724957,375551,92578,9.22
2026-09-04 15:05:25,23933.15,2026-09-08,24000.0,PE,103.7,103.7,103.95,4971026,194219,80495,8.21
2026-09-04 15:05:25,23933.15,2026-09-08,24050.0,CE,53.7,53.65,53.8,2908854,158444,38565,9.05
2026-09-04 15:05:25,23933.15,2026-09-08,24050.0,PE,132.35,132.5,132.75,1276888,45358,28230,8.03
2026-09-04 15:05:25,23933.15,2026-09-08,24100.0,CE,37.5,37.35,37.45,3406933,235480,48743,8.96
2026-09-04 15:05:25,23933.15,2026-09-08,24100.0,PE,166.45,166.15,166.5,1139971,61548,10395,7.86
2026-09-04 15:05:25,23933.15,2026-09-08,24150.0,CE,25.2,25.15,25.2,1793858,134701,54604,8.9
2026-09-04 15:05:25,23933.15,2026-09-08,24150.0,PE,204.85,204.5,205.05,257005,17433,6498,7.56
2026-09-04 15:05:25,23933.15,2026-09-08,24200.0,CE,17.4,17.4,17.45,2506730,229508,48168,9.03
2026-09-04 15:05:25,23933.15,2026-09-08,24200.0,PE,246.35,245.85,246.45,321906,39230,-1084,7.22
2026-09-04 15:05:25,23933.15,2026-09-08,24250.0,CE,11.65,11.65,11.7,1188195,88480,20592,9.1
2026-09-04 15:05:25,23933.15,2026-09-08,24250.0,PE,290.55,290.55,291.35,49266,7391,779,6.0
2026-09-04 15:05:25,23933.15,2026-09-08,24300.0,CE,7.95,7.95,8.0,1483276,182425,25313,9.25
2026-09-04 15:05:25,23933.15,2026-09-08,24300.0,PE,337.0,336.2,337.0,73323,19073,1487,
2026-09-04 15:05:25,23933.15,2026-09-08,24350.0,CE,5.8,5.8,5.85,701423,80564,14107,9.58
2026-09-04 15:05:25,23933.15,2026-09-08,24350.0,PE,385.0,384.25,385.4,9479,2765,-146,
2026-09-04 15:05:25,23933.15,2026-09-08,24400.0,CE,4.35,4.35,4.4,844803,159559,37844,9.93
2026-09-04 15:05:25,23933.15,2026-09-08,24400.0,PE,434.4,432.15,433.8,11009,7833,-568,
2026-09-04 15:05:25,23933.15,2026-09-08,24450.0,CE,3.65,3.6,3.65,326410,59168,6891,10.43
2026-09-04 15:05:25,23933.15,2026-09-08,24450.0,PE,481.0,481.45,483.3,1924,1243,-41,
2026-09-04 15:06:25,23931.0,2026-09-08,23450.0,CE,522.7,521.75,523.35,1449,701,39,15.91
2026-09-04 15:06:25,23931.0,2026-09-08,23450.0,PE,4.9,4.85,4.9,350307,43784,12722,11.76
2026-09-04 15:06:25,23931.0,2026-09-08,23500.0,CE,472.05,472.85,474.25,21821,4557,-433,13.99
2026-09-04 15:06:25,23931.0,2026-09-08,23500.0,PE,5.8,5.75,5.85,911534,170863,8633,11.17
2026-09-04 15:06:25,23931.0,2026-09-08,23550.0,CE,425.65,424.95,426.2,4386,1054,122,14.31
2026-09-04 15:06:25,23931.0,2026-09-08,23550.0,PE,7.4,7.4,7.45,541067,47996,15111,10.74
2026-09-04 15:06:25,23931.0,2026-09-08,23600.0,CE,377.1,377.0,377.8,23701,4305,112,12.54
2026-09-04 15:06:25,23931.0,2026-09-08,23600.0,PE,9.5,9.45,9.5,1176714,147292,20432,10.28
2026-09-04 15:06:25,23931.0,2026-09-08,23650.0,CE,330.5,330.1,330.95,16457,2406,440,11.83
2026-09-04 15:06:25,23931.0,2026-09-08,23650.0,PE,13.0,12.9,13.0,950467,68167,26351,9.97
2026-09-04 15:06:25,23931.0,2026-09-08,23700.0,CE,285.0,285.0,285.35,109131,8975,-443,11.43
2026-09-04 15:06:25,23931.0,2026-09-08,23700.0,PE,17.65,17.6,17.7,1790199,138698,46445,9.64
2026-09-04 15:06:25,23931.0,2026-09-08,23750.0,CE,241.5,241.25,241.85,118795,8598,2058,10.79
2026-09-04 15:06:25,23931.0,2026-09-08,23750.0,PE,24.3,24.25,24.35,1489381,93749,52334,9.39
2026-09-04 15:06:25,23931.0,2026-09-08,23800.0,CE,201.5,201.45,201.6,780647,40815,-2415,10.37
2026-09-04 15:06:25,23931.0,2026-09-08,23800.0,PE,33.9,33.9,33.95,3047831,233771,123676,9.18
2026-09-04 15:06:25,23931.0,2026-09-08,23850.0,CE,163.7,163.5,163.85,766187,27205,-451,9.99
2026-09-04 15:06:25,23931.0,2026-09-08,23850.0,PE,45.25,45.15,45.25,2519965,140912,84090,8.85
2026-09-04 15:06:25,23931.0,2026-09-08,23900.0,CE,129.05,129.1,129.4,3411838,127692,8107,9.71
2026-09-04 15:06:25,23931.0,2026-09-08,23900.0,PE,61.5,61.35,61.5,6272253,342018,235286,8.71
2026-09-04 15:06:25,23931.0,2026-09-08,23950.0,CE,98.35,98.3,98.5,4196752,174622,83667,9.41
2026-09-04 15:06:25,23931.0,2026-09-08,23950.0,PE,80.65,80.65,80.85,5506019,229133,186824,8.42
2026-09-04 15:06:25,23931.0,2026-09-08,24000.0,CE,73.2,73.2,73.3,6740461,376697,93724,9.22
2026-09-04 15:06:25,23931.0,2026-09-08,24000.0,PE,105.75,105.45,105.7,4985778,193535,79811,8.21
2026-09-04 15:06:25,23931.0,2026-09-08,24050.0,CE,52.6,52.6,52.65,2916021,157775,37896,9.05
2026-09-04 15:06:25,23931.0,2026-09-08,24050.0,PE,135.0,134.8,135.0,1280064,44822,27694,8.03
2026-09-04 15:06:25,23931.0,2026-09-08,24100.0,CE,36.5,36.5,36.6,3416056,234732,47995,8.96
2026-09-04 15:06:25,23931.0,2026-09-08,24100.0,PE,168.7,168.4,168.8,1142671,60973,9820,7.86
2026-09-04 15:06:25,23931.0,2026-09-08,24150.0,CE,24.7,24.65,24.7,1799070,135208,55111,8.9
2026-09-04 15:06:25,23931.0,2026-09-08,24150.0,PE,207.35,207.3,207.7,257907,17437,6502,7.56
2026-09-04 15:06:25,23931.0,2026-09-08,24200.0,CE,17.1,17.1,17.2,2512406,230127,48787,9.03
2026-09-04 15:06:25,23931.0,2026-09-08,24200.0,PE,248.9,248.15,248.85,322430,39118,-1196,7.22
2026-09-04 15:06:25,23931.0,2026-09-08,24250.0,CE,11.4,11.4,11.45,1193758,88523,20635,9.1
2026-09-04 15:06:25,23931.0,2026-09-08,24250.0,PE,293.5,292.95,293.45,49409,7410,798,6.0
2026-09-04 15:06:25,23931.0,2026-09-08,24300.0,CE,7.75,7.75,7.8,1485771,182592,25480,9.25
2026-09-04 15:06:25,23931.0,2026-09-08,24300.0,PE,339.8,339.0,339.9,73612,18864,1278,
2026-09-04 15:06:25,23931.0,2026-09-08,24350.0,CE,5.8,5.75,5.8,702366,80239,13782,9.58
2026-09-04 15:06:25,23931.0,2026-09-08,24350.0,PE,388.35,387.15,388.35,9494,2764,-147,
2026-09-04 15:06:25,23931.0,2026-09-08,24400.0,CE,4.3,4.3,4.35,848883,161106,39391,9.93
2026-09-04 15:06:25,23931.0,2026-09-08,24400.0,PE,437.0,435.9,437.2,11038,7819,-582,
2026-09-04 15:06:25,23931.0,2026-09-08,24450.0,CE,3.65,3.6,3.65,327302,59037,6760,10.43
2026-09-04 15:06:25,23931.0,2026-09-08,24450.0,PE,483.3,485.0,486.7,1940,1241,-43,
2026-09-04 15:07:25,23935.4,2026-09-08,23450.0,CE,527.7,527.5,529.35,1450,698,36,15.79
2026-09-04 15:07:25,23935.4,2026-09-08,23450.0,PE,4.7,4.65,4.7,352940,44199,13137,11.75
2026-09-04 15:07:25,23935.4,2026-09-08,23500.0,CE,477.65,478.1,479.55,21925,4556,-434,13.91
2026-09-04 15:07:25,23935.4,2026-09-08,23500.0,PE,5.5,5.5,5.55,918481,171323,9093,11.2
2026-09-04 15:07:25,23935.4,2026-09-08,23550.0,CE,430.25,429.8,431.2,4395,1038,106,14.22
2026-09-04 15:07:25,23935.4,2026-09-08,23550.0,PE,7.05,7.05,7.1,544307,47472,14587,10.75
2026-09-04 15:07:25,23935.4,2026-09-08,23600.0,CE,381.7,381.85,382.9,23807,4298,105,12.32
2026-09-04 15:07:25,23935.4,2026-09-08,23600.0,PE,9.0,9.0,9.05,1186676,148149,21289,10.29
2026-09-04 15:07:25,23935.4,2026-09-08,23650.0,CE,335.3,334.95,335.9,16511,2397,431,11.75
2026-09-04 15:07:25,23935.4,2026-09-08,23650.0,PE,12.35,12.25,12.35,959428,67989,26173,9.97
2026-09-04 15:07:25,23935.4,2026-09-08,23700.0,CE,289.6,289.35,290.15,109500,9044,-374,11.26
2026-09-04 15:07:25,23935.4,2026-09-08,23700.0,PE,16.65,16.65,16.7,1805860,138481,46228,9.61
2026-09-04 15:07:25,23935.4,2026-09-08,23750.0,CE,246.1,245.95,246.55,119270,8639,2099,10.76
2026-09-04 15:07:25,23935.4,2026-09-08,23750.0,PE,23.15,23.1,23.15,1502972,93679,52264,9.38
2026-09-04 15:07:25,23935.4,2026-09-08,23800.0,CE,205.0,205.0,205.4,783222,40487,-2743,10.32
2026-09-04 15:07:25,23935.4,2026-09-08,23800.0,PE,32.35,32.25,32.35,3071455,233510,123415,9.17
2026-09-04 15:07:25,23935.4,2026-09-08,23850.0,CE,167.25,167.0,167.4,768477,27143,-513,9.92
2026-09-04 15:07:25,23935.4,2026-09-08,23850.0,PE,43.3,43.3,43.45,2535766,141662,84840,8.88
2026-09-04 15:07:25,23935.4,2026-09-08,23900.0,CE,132.4,132.35,132.4,3422601,126144,6559,9.63
2026-09-04 15:07:25,23935.4,2026-09-08,23900.0,PE,59.2,59.2,59.3,6321226,339309,232577,8.66
2026-09-04 15:07:25,23935.4,2026-09-08,23950.0,CE,101.15,101.05,101.15,4215081,173156,82201,9.36
2026-09-04 15:07:25,23935.4,2026-09-08,23950.0,PE,77.95,77.95,78.0,5541544,225161,182852,8.41
2026-09-04 15:07:25,23935.4,2026-09-08,24000.0,CE,75.2,75.3,75.35,6769125,373213,90240,9.14
2026-09-04 15:07:25,23935.4,2026-09-08,24000.0,PE,101.85,101.85,102.1,5014213,190353,76629,8.23
2026-09-04 15:07:25,23935.4,2026-09-08,24050.0,CE,54.3,54.15,54.3,2929821,156201,36322,9.07
2026-09-04 15:07:25,23935.4,2026-09-08,24050.0,PE,130.8,130.55,130.8,1286167,44385,27257,7.98
2026-09-04 15:07:25,23935.4,2026-09-08,24100.0,CE,37.7,37.6,37.65,3433851,231872,45135,8.93
2026-09-04 15:07:25,23935.4,2026-09-08,24100.0,PE,163.95,163.65,164.0,1147449,60463,9310,7.86
2026-09-04 15:07:25,23935.4,2026-09-08,24150.0,CE,25.15,25.15,25.2,1810389,134704,54607,8.88
2026-09-04 15:07:25,23935.4,2026-09-08,24150.0,PE,202.45,201.95,202.45,259484,17652,6717,7.52
2026-09-04 15:07:25,23935.4,2026-09-08,24200.0,CE,17.35,17.25,17.3,2527233,227320,45980,8.99
2026-09-04 15:07:25,23935.4,2026-09-08,24200.0,PE,243.2,243.0,243.65,323450,39069,-1245,7.24
2026-09-04 15:07:25,23935.4,2026-09-08,24250.0,CE,11.4,11.4,11.45,1202849,88219,20331,9.09
2026-09-04 15:07:25,23935.4,2026-09-08,24250.0,PE,288.0,287.3,288.0,49718,7331,719,6.29
2026-09-04 15:07:25,23935.4,2026-09-08,24300.0,CE,7.75,7.7,7.75,1494395,181143,24031,9.23
2026-09-04 15:07:25,23935.4,2026-09-08,24300.0,PE,334.3,333.65,334.7,73962,18689,1103,
2026-09-04 15:07:25,23935.4,2026-09-08,24350.0,CE,5.6,5.6,5.65,705878,79489,13032,9.55
2026-09-04 15:07:25,23935.4,2026-09-08,24350.0,PE,382.4,381.25,382.45,9521,2763,-148,
2026-09-04 15:07:25,23935.4,2026-09-08,24400.0,CE,4.15,4.15,4.2,861284,166143,44428,9.92
2026-09-04 15:07:25,23935.4,2026-09-08,24400.0,PE,430.25,429.7,431.0,11080,7812,-589,
2026-09-04 15:07:25,23935.4,2026-09-08,24450.0,CE,3.5,3.5,3.55,329122,59097,6820,10.44
2026-09-04 15:07:25,23935.4,2026-09-08,24450.0,PE,480.2,478.65,480.45,1946,1241,-43,
2026-09-04 15:08:26,23935.55,2026-09-08,23450.0,CE,527.7,526.45,528.35,1450,698,36,15.91
2026-09-04 15:08:26,23935.55,2026-09-08,23450.0,PE,4.6,4.55,4.6,354037,44228,13166,11.76
2026-09-04 15:08:26,23935.55,2026-09-08,23500.0,CE,479.4,477.2,478.65,21938,4563,-427,13.99
2026-09-04 15:08:26,23935.55,2026-09-08,23500.0,PE,5.4,5.4,5.45,921125,171602,9372,11.17
2026-09-04 15:08:26,23935.55,2026-09-08,23550.0,CE,429.3,429.5,430.9,4396,1038,106,14.31
2026-09-04 15:08:26,23935.55,2026-09-08,23550.0,PE,6.9,6.9,6.95,545912,46726,13841,10.74
2026-09-04 15:08:26,23935.55,2026-09-08,23600.0,CE,382.2,381.05,382.15,23819,4307,114,12.54
2026-09-04 15:08:26,23935.55,2026-09-08,23600.0,PE,8.85,8.8,8.85,1188810,147983,21123,10.28
2026-09-04 15:08:26,23935.55,2026-09-08,23650.0,CE,335.0,334.95,335.85,16521,2397,431,11.83
2026-09-04 15:08:26,23935.55,2026-09-08,23650.0,PE,12.1,12.05,12.1,962834,68671,26855,9.97
2026-09-04 15:08:26,23935.55,2026-09-08,23700.0,CE,289.55,289.5,290.0,109565,9017,-401,11.43
2026-09-04 15:08:26,23935.55,2026-09-08,23700.0,PE,16.35,16.3,16.35,1816315,140736,48483,9.64
2026-09-04 15:08:26,23935.55,2026-09-08,23750.0,CE,245.5,245.25,245.8,119385,8592,2052,10.79
2026-09-04 15:08:26,23935.55,2026-09-08,23750.0,PE,23.1,23.05,23.1,1511774,90814,49399,9.39
2026-09-04 15:08:26,23935.55,2026-09-08,23800.0,CE,205.1,205.2,205.65,783599,40507,-2723,10.37
2026-09-04 15:08:26,23935.55,2026-09-08,23800.0,PE,31.95,31.9,31.95,3076370,229892,119797,9.18
2026-09-04 15:08:26,23935.55,2026-09-08,23850.0,CE,166.3,166.35,166.75,769175,27427,-229,9.99
2026-09-04 15:08:26,23935.55,2026-09-08,23850.0,PE,43.45,43.3,43.45,2539631,140838,84016,8.85
2026-09-04 15:08:26,23935.55,2026-09-08,23900.0,CE,132.1,131.95,132.2,3424990,126623,7038,9.71
2026-09-04 15:08:26,23935.55,2026-09-08,23900.0,PE,59.15,59.05,59.15,6327399,335873,229141,8.71
2026-09-04 15:08:26,23935.55,2026-09-08,23950.0,CE,100.75,100.75,100.95,4218101,172963,82008,9.41
2026-09-04 15:08:26,23935.55,2026-09-08,23950.0,PE,78.1,78.1,78.15,5546654,221680,179371,8.42
2026-09-04 15:08:26,23935.55,2026-09-08,24000.0,CE,75.1,75.2,75.35,6774996,373996,91023,9.22
2026-09-04 15:08:26,23935.55,2026-09-08,24000.0,PE,101.9,101.7,101.9,5019084,188575,74851,8.21
2026-09-04 15:08:26,23935.55,2026-09-08,24050.0,CE,54.35,54.2,54.35,2932536,156799,36920,9.05
2026-09-04 15:08:26,23935.55,2026-09-08,24050.0,PE,130.35,130.15,130.35,1287289,44004,26876,8.03
2026-09-04 15:08:26,23935.55,2026-09-08,24100.0,CE,37.65,37.45,37.55,3436800,232810,46073,8.96
2026-09-04 15:08:26,23935.55,2026-09-08,24100.0,PE,163.5,163.7,164.05,1148383,59965,8812,7.86
2026-09-04 15:08:26,23935.55,2026-09-08,24150.0,CE,25.2,25.2,25.25,1811986,135005,54908,8.9
2026-09-04 15:08:26,23935.55,2026-09-08,24150.0,PE,202.05,201.45,202.0,259619,17598,6663,7.56
2026-09-04 15:08:26,23935.55,2026-09-08,24200.0,CE,17.15,17.1,17.15,2529568,227666,46326,9.03
2026-09-04 15:08:26,23935.55,2026-09-08,24200.0,PE,244.0,244.0,244.15,323611,38933,-1381,7.22
2026-09-04 15:08:26,23935.55,2026-09-08,24250.0,CE,11.3,11.3,11.35,1204942,89036,21148,9.1
2026-09-04 15:08:26,23935.55,2026-09-08,24250.0,PE,288.9,287.7,288.55,49766,7314,702,6.0
2026-09-04 15:08:26,23935.55,2026-09-08,24300.0,CE,7.65,7.6,7.65,1496130,179841,22729,9.25
2026-09-04 15:08:26,23935.55,2026-09-08,24300.0,PE,335.2,334.15,334.95,74001,18704,1118,
2026-09-04 15:08:26,23935.55,2026-09-08,24350.0,CE,5.55,5.5,5.55,706916,79518,13061,9.58
2026-09-04 15:08:26,23935.55,2026-09-08,24350.0,PE,382.65,381.3,382.6,9534,2760,-151,
2026-09-04 15:08:26,23935.55,2026-09-08,24400.0,CE,4.05,4.05,4.1,868948,169379,47664,9.93
2026-09-04 15:08:26,23935.55,2026-09-08,24400.0,PE,431.15,429.6,430.95,11090,7817,-584,
2026-09-04 15:08:26,23935.55,2026-09-08,24450.0,CE,3.45,3.4,3.45,329828,58949,6672,10.43
2026-09-04 15:08:26,23935.55,2026-09-08,24450.0,PE,480.1,479.1,481.15,1950,1242,-42,
2026-09-04 15:09:27,23937.6,2026-09-08,23450.0,CE,527.7,524.75,526.65,1451,697,35,15.91
2026-09-04 15:09:27,23937.6,2026-09-08,23450.0,PE,4.45,4.4,4.5,356771,43755,12693,11.76
2026-09-04 15:09:27,23937.6,2026-09-08,23500.0,CE,475.5,475.55,476.95,21952,4557,-433,13.99
2026-09-04 15:09:27,23937.6,2026-09-08,23500.0,PE,5.35,5.3,5.35,928046,171728,9498,11.17
2026-09-04 15:09:27,23937.6,2026-09-08,23550.0,CE,427.65,427.55,428.95,4412,1028,96,14.31
2026-09-04 15:09:27,23937.6,2026-09-08,23550.0,PE,6.8,6.8,6.85,550223,46215,13330,10.74
2026-09-04 15:09:27,23937.6,2026-09-08,23600.0,CE,379.5,379.85,380.85,23857,4301,108,12.54
2026-09-04 15:09:27,23937.6,2026-09-08,23600.0,PE,8.7,8.7,8.75,1196186,147427,20567,10.28
2026-09-04 15:09:27,23937.6,2026-09-08,23650.0,CE,332.9,332.85,333.7,16582,2359,393,11.83
2026-09-04 15:09:27,23937.6,2026-09-08,23650.0,PE,12.1,12.05,12.1,974002,68089,26273,9.97
2026-09-04 15:09:27,23937.6,2026-09-08,23700.0,CE,288.0,287.65,288.0,109710,8990,-428,11.43
2026-09-04 15:09:27,23937.6,2026-09-08,23700.0,PE,16.55,16.45,16.55,1828797,142171,49918,9.64
2026-09-04 15:09:27,23937.6,2026-09-08,23750.0,CE,244.05,244.0,244.5,119636,8596,2056,10.79
2026-09-04 15:09:27,23937.6,2026-09-08,23750.0,PE,23.35,23.3,23.35,1520289,89054,47639,9.39
2026-09-04 15:09:27,23937.6,2026-09-08,23800.0,CE,203.4,203.3,203.75,784865,40565,-2665,10.37
2026-09-04 15:09:27,23937.6,2026-09-08,23800.0,PE,32.6,32.55,32.65,3089984,227933,117838,9.18
2026-09-04 15:09:27,23937.6,2026-09-08,23850.0,CE,165.9,165.65,166.0,770647,27219,-437,9.99
2026-09-04 15:09:27,23937.6,2026-09-08,23850.0,PE,43.8,43.75,43.9,2551937,137474,80652,8.85
2026-09-04 15:09:27,23937.6,2026-09-08,23900.0,CE,131.25,131.1,131.25,3432559,126210,6625,9.71
2026-09-04 15:09:27,23937.6,2026-09-08,23900.0,PE,60.05,59.9,60.0,6355659,331208,224476,8.71
2026-09-04 15:09:27,23937.6,2026-09-08,23950.0,CE,100.5,100.45,100.5,4229175,172647,81692,9.41
2026-09-04 15:09:27,23937.6,2026-09-08,23950.0,PE,78.95,78.85,78.9,5569056,220395,178086,8.42
2026-09-04 15:09:27,23937.6,2026-09-08,24000.0,CE,74.9,74.75,74.9,6791662,373742,90769,9.22
2026-09-04 15:09:27,23937.6,2026-09-08,24000.0,PE,103.15,103.05,103.15,5032798,187103,73379,8.21
2026-09-04 15:09:27,23937.6,2026-09-08,24050.0,CE,54.1,53.95,54.1,2944327,155772,35893,9.05
2026-09-04 15:09:27,23937.6,2026-09-08,24050.0,PE,132.25,132.0,132.3,1290316,43657,26529,8.03
2026-09-04 15:09:27,23937.6,2026-09-08,24100.0,CE,37.5,37.45,37.5,3447025,231782,45045,8.96
2026-09-04 15:09:27,23937.6,2026-09-08,24100.0,PE,166.1,166.0,166.15,1152373,59688,8535,7.86
2026-09-04 15:09:27,23937.6,2026-09-08,24150.0,CE,25.2,25.15,25.2,1819198,135434,55337,8.9
2026-09-04 15:09:27,23937.6,2026-09-08,24150.0,PE,204.3,204.05,204.3,260292,17590,6655,7.56
2026-09-04 15:09:27,23937.6,2026-09-08,24200.0,CE,17.15,17.15,17.25,2537859,227389,46049,9.03
2026-09-04 15:09:27,23937.6,2026-09-08,24200.0,PE,245.35,244.95,245.6,324259,38726,-1588,7.22
2026-09-04 15:09:27,23937.6,2026-09-08,24250.0,CE,11.4,11.35,11.4,1215037,89545,21657,9.1
2026-09-04 15:09:27,23937.6,2026-09-08,24250.0,PE,290.2,289.45,290.3,49879,7298,686,6.0
2026-09-04 15:09:27,23937.6,2026-09-08,24300.0,CE,7.7,7.65,7.7,1503435,178756,21644,9.25
2026-09-04 15:09:27,23937.6,2026-09-08,24300.0,PE,336.6,335.45,336.25,74239,18709,1123,
2026-09-04 15:09:27,23937.6,2026-09-08,24350.0,CE,5.55,5.55,5.6,710283,79018,12561,9.58
2026-09-04 15:09:27,23937.6,2026-09-08,24350.0,PE,384.55,383.3,384.45,9562,2761,-150,
2026-09-04 15:09:27,23937.6,2026-09-08,24400.0,CE,4.05,4.05,4.1,874433,170169,48454,9.93
2026-09-04 15:09:27,23937.6,2026-09-08,24400.0,PE,432.85,431.85,433.2,11109,7814,-587,
2026-09-04 15:09:27,23937.6,2026-09-08,24450.0,CE,3.4,3.35,3.4,331536,58578,6301,10.43
2026-09-04 15:09:27,23937.6,2026-09-08,24450.0,PE,482.55,480.35,482.5,1955,1247,-37,
2026-09-04 15:10:27,23937.5,2026-09-08,23450.0,CE,527.7,526.85,528.9,1451,697,35,15.79
2026-09-04 15:10:27,23937.5,2026-09-08,23450.0,PE,4.3,4.3,4.35,358018,43755,12693,11.75
2026-09-04 15:10:27,23937.5,2026-09-08,23500.0,CE,477.1,477.7,479.2,21959,4557,-433,13.91
2026-09-04 15:10:27,23937.5,2026-09-08,23500.0,PE,5.15,5.15,5.2,930725,171728,9498,11.2
2026-09-04 15:10:27,23937.5,2026-09-08,23550.0,CE,427.65,429.5,431.05,4412,1028,96,14.22
2026-09-04 15:10:27,23937.5,2026-09-08,23550.0,PE,6.65,6.6,6.65,551838,46215,13330,10.75
2026-09-04 15:10:27,23937.5,2026-09-08,23600.0,CE,379.7,381.05,382.2,23860,4301,108,12.32
2026-09-04 15:10:27,23937.5,2026-09-08,23600.0,PE,8.6,8.55,8.65,1198976,147099,20239,10.29
2026-09-04 15:10:27,23937.5,2026-09-08,23650.0,CE,335.0,334.85,335.7,16587,2350,384,11.75
2026-09-04 15:10:27,23937.5,2026-09-08,23650.0,PE,11.9,11.9,11.95,979212,68442,26626,9.97
2026-09-04 15:10:27,23937.5,2026-09-08,23700.0,CE,289.0,288.7,289.3,109766,8987,-431,11.26
2026-09-04 15:10:27,23937.5,2026-09-08,23700.0,PE,16.35,16.3,16.4,1832893,141650,49397,9.61
2026-09-04 15:10:27,23937.5,2026-09-08,23750.0,CE,245.65,245.4,246.0,119663,8619,2079,10.76
2026-09-04 15:10:27,23937.5,2026-09-08,23750.0,PE,23.05,22.95,23.05,1523802,88573,47158,9.38
2026-09-04 15:10:27,23937.5,2026-09-08,23800.0,CE,205.3,205.1,205.5,785486,40565,-2665,10.32
2026-09-04 15:10:27,23937.5,2026-09-08,23800.0,PE,32.0,32.0,32.05,3095857,227933,117838,9.17
2026-09-04 15:10:27,23937.5,2026-09-08,23850.0,CE,167.1,166.95,167.3,771309,27219,-437,9.92
2026-09-04 15:10:27,23937.5,2026-09-08,23850.0,PE,43.3,43.3,43.4,2556689,137474,80652,8.88
2026-09-04 15:10:27,23937.5,2026-09-08,23900.0,CE,132.65,132.45,132.7,3436841,126210,6625,9.63
2026-09-04 15:10:27,23937.5,2026-09-08,23900.0,PE,59.0,59.1,59.25,6369067,331208,224476,8.66
2026-09-04 15:10:27,23937.5,2026-09-08,23950.0,CE,101.2,101.2,101.3,4235279,172398,81443,9.36
2026-09-04 15:10:27,23937.5,2026-09-08,23950.0,PE,78.45,78.35,78.45,5578853,217246,174937,8.41
2026-09-04 15:10:27,23937.5,2026-09-08,24000.0,CE,75.45,75.45,75.6,6801068,373516,90543,9.14
2026-09-04 15:10:27,23937.5,2026-09-08,24000.0,PE,102.15,101.95,102.2,5040908,185153,71429,8.23
2026-09-04 15:10:27,23937.5,2026-09-08,24050.0,CE,54.3,54.3,54.4,2948700,155203,35324,9.07
2026-09-04 15:10:27,23937.5,2026-09-08,24050.0,PE,131.0,130.95,131.2,1291692,43307,26179,7.98
2026-09-04 15:10:27,23937.5,2026-09-08,24100.0,CE,37.7,37.75,37.8,3451486,232483,45746,8.93
2026-09-04 15:10:27,23937.5,2026-09-08,24100.0,PE,164.5,164.1,164.5,1153378,58595,7442,7.86
2026-09-04 15:10:27,23937.5,2026-09-08,24150.0,CE,25.35,25.3,25.35,1823638,135434,55337,8.88
2026-09-04 15:10:27,23937.5,2026-09-08,24150.0,PE,202.0,201.7,202.2,260642,17590,6655,7.52
2026-09-04 15:10:27,23937.5,2026-09-08,24200.0,CE,17.25,17.25,17.3,2542478,227389,46049,8.99
2026-09-04 15:10:27,23937.5,2026-09-08,24200.0,PE,243.5,243.1,243.7,324531,38726,-1588,7.24
2026-09-04 15:10:27,23937.5,2026-09-08,24250.0,CE,11.35,11.35,11.4,1218560,89545,21657,9.09
2026-09-04 15:10:27,23937.5,2026-09-08,24250.0,PE,288.45,287.75,288.0,49951,7298,686,6.29
2026-09-04 15:10:27,23937.5,2026-09-08,24300.0,CE,7.55,7.55,7.6,1506833,178427,21315,9.23
2026-09-04 15:10:27,23937.5,2026-09-08,24300.0,PE,336.0,333.85,334.75,74262,18636,1050,
2026-09-04 15:10:27,23937.5,2026-09-08,24350.0,CE,5.55,5.5,5.55,711715,78689,12232,9.55
2026-09-04 15:10:27,23937.5,2026-09-08,24350.0,PE,384.55,381.45,382.6,9562,2761,-150,
2026-09-04 15:10:27,23937.5,2026-09-08,24400.0,CE,4.0,4.0,4.05,876461,170551,48836,9.92
2026-09-04 15:10:27,23937.5,2026-09-08,24400.0,PE,430.4,429.9,431.25,11110,7813,-588,
2026-09-04 15:10:27,23937.5,2026-09-08,24450.0,CE,3.4,3.35,3.4,332199,58624,6347,10.44
2026-09-04 15:10:27,23937.5,2026-09-08,24450.0,PE,482.55,478.25,480.75,1955,1247,-37,
2026-09-04 15:11:27,23936.15,2026-09-08,23450.0,CE,527.7,525.85,527.85,1451,697,35,15.61
2026-09-04 15:11:27,23936.15,2026-09-08,23450.0,PE,4.3,4.3,4.35,362018,43593,12531,11.57
2026-09-04 15:11:27,23936.15,2026-09-08,23500.0,CE,478.0,476.95,478.55,21968,4552,-438,14.3
2026-09-04 15:11:27,23936.15,2026-09-08,23500.0,PE,5.15,5.1,5.15,936301,171779,9549,11.03
2026-09-04 15:11:27,23936.15,2026-09-08,23550.0,CE,427.65,428.85,430.15,4412,1028,96,13.25
2026-09-04 15:11:27,23936.15,2026-09-08,23550.0,PE,6.75,6.7,6.75,554400,45943,13058,10.6
2026-09-04 15:11:27,23936.15,2026-09-08,23600.0,CE,381.05,381.05,381.75,23862,4296,103,12.94
2026-09-04 15:11:27,23936.15,2026-09-08,23600.0,PE,8.65,8.65,8.7,1203197,147425,20565,10.15
2026-09-04 15:11:27,23936.15,2026-09-08,23650.0,CE,334.85,334.7,335.55,16606,2349,383,12.24
2026-09-04 15:11:27,23936.15,2026-09-08,23650.0,PE,12.1,12.05,12.1,981644,68762,26946,9.85
2026-09-04 15:11:27,23936.15,2026-09-08,23700.0,CE,288.85,288.8,289.55,109829,8997,-421,11.44
2026-09-04 15:11:27,23936.15,2026-09-08,23700.0,PE,16.65,16.6,16.7,1836680,140977,48724,9.57
2026-09-04 15:11:27,23936.15,2026-09-08,23750.0,CE,245.1,245.3,245.7,119709,8616,2076,10.97
2026-09-04 15:11:27,23936.15,2026-09-08,23750.0,PE,23.5,23.5,23.55,1527335,88184,46769,9.35
2026-09-04 15:11:27,23936.15,2026-09-08,23800.0,CE,205.0,205.2,205.55,787086,40499,-2731,10.59
2026-09-04 15:11:27,23936.15,2026-09-08,23800.0,PE,32.7,32.6,32.7,3101833,227576,117481,9.17
2026-09-04 15:11:27,23936.15,2026-09-08,23850.0,CE,167.05,167.05,167.2,772057,27139,-517,10.25
2026-09-04 15:11:27,23936.15,2026-09-08,23850.0,PE,44.0,44.0,44.1,2561164,137746,80924,8.88
2026-09-04 15:11:27,23936.15,2026-09-08,23900.0,CE,132.65,132.4,132.65,3440187,125497,5912,9.92
2026-09-04 15:11:27,23936.15,2026-09-08,23900.0,PE,60.2,60.1,60.15,6379428,329892,223160,8.71
2026-09-04 15:11:27,23936.15,2026-09-08,23950.0,CE,101.8,101.6,101.8,4240936,170580,79625,9.59
2026-09-04 15:11:27,23936.15,2026-09-08,23950.0,PE,78.9,78.7,78.9,5587146,214329,172020,8.43
2026-09-04 15:11:27,23936.15,2026-09-08,24000.0,CE,75.8,75.75,75.8,6808925,370605,87632,9.38
2026-09-04 15:11:27,23936.15,2026-09-08,24000.0,PE,103.15,102.95,103.15,5047520,184806,71082,8.17
2026-09-04 15:11:27,23936.15,2026-09-08,24050.0,CE,54.7,54.7,54.8,2953201,153593,33714,9.22
2026-09-04 15:11:27,23936.15,2026-09-08,24050.0,PE,131.95,131.9,131.95,1293358,43116,25988,7.91
2026-09-04 15:11:27,23936.15,2026-09-08,24100.0,CE,37.95,37.95,38.05,3456543,231153,44416,9.07
2026-09-04 15:11:27,23936.15,2026-09-08,24100.0,PE,164.9,164.6,164.9,1154498,58460,7307,7.61
2026-09-04 15:11:27,23936.15,2026-09-08,24150.0,CE,25.55,25.55,25.6,1826673,135589,55492,8.98
2026-09-04 15:11:27,23936.15,2026-09-08,24150.0,PE,203.25,202.85,203.3,261235,17511,6576,7.32
2026-09-04 15:11:27,23936.15,2026-09-08,24200.0,CE,17.45,17.4,17.45,2546733,226404,45064,9.05
2026-09-04 15:11:27,23936.15,2026-09-08,24200.0,PE,244.7,244.35,244.7,324726,38606,-1708,6.53
2026-09-04 15:11:27,23936.15,2026-09-08,24250.0,CE,11.35,11.35,11.4,1221106,88957,21069,9.1
2026-09-04 15:11:27,23936.15,2026-09-08,24250.0,PE,288.6,288.2,289.0,49998,7258,646,3.99
2026-09-04 15:11:27,23936.15,2026-09-08,24300.0,CE,7.55,7.55,7.6,1509327,178256,21144,9.24
2026-09-04 15:11:27,23936.15,2026-09-08,24300.0,PE,334.9,334.45,334.95,74283,18622,1036,
2026-09-04 15:11:27,23936.15,2026-09-08,24350.0,CE,5.45,5.45,5.5,713966,78654,12197,9.54
2026-09-04 15:11:27,23936.15,2026-09-08,24350.0,PE,382.5,381.6,382.7,9568,2761,-150,
2026-09-04 15:11:27,23936.15,2026-09-08,24400.0,CE,3.95,3.9,3.95,881363,170409,48694,9.86
2026-09-04 15:11:27,23936.15,2026-09-08,24400.0,PE,431.35,430.05,431.4,11118,7813,-588,
2026-09-04 15:11:27,23936.15,2026-09-08,24450.0,CE,3.25,3.25,3.3,333711,58245,5968,10.41
2026-09-04 15:11:27,23936.15,2026-09-08,24450.0,PE,479.9,479.35,481.15,1959,1245,-39,
2026-09-04 15:12:28,23933.75,2026-09-08,23450.0,CE,527.7,527.1,528.95,1451,697,35,15.36
2026-09-04 15:12:28,23933.75,2026-09-08,23450.0,PE,4.3,4.25,4.3,363190,42098,11036,11.57
2026-09-04 15:12:28,23933.75,2026-09-08,23500.0,CE,478.45,477.95,479.4,21969,4552,-438,14.07
2026-09-04 15:12:28,23933.75,2026-09-08,23500.0,PE,5.05,5.05,5.1,939152,171598,9368,11.01
2026-09-04 15:12:28,23933.75,2026-09-08,23550.0,CE,430.0,430.65,431.35,4414,1026,94,13.03
2026-09-04 15:12:28,23933.75,2026-09-08,23550.0,PE,6.6,6.55,6.6,556200,45723,12838,10.57
2026-09-04 15:12:28,23933.75,2026-09-08,23600.0,CE,383.0,382.4,382.95,23898,4294,101,12.76
2026-09-04 15:12:28,23933.75,2026-09-08,23600.0,PE,8.6,8.5,8.6,1205780,147680,20820,10.16
2026-09-04 15:12:28,23933.75,2026-09-08,23650.0,CE,335.95,335.9,336.2,16624,2349,383,12.0
2026-09-04 15:12:28,23933.75,2026-09-08,23650.0,PE,11.95,11.9,11.95,984061,68328,26512,9.91
2026-09-04 15:12:28,23933.75,2026-09-08,23700.0,CE,290.5,290.0,290.6,110018,8935,-483,11.47
2026-09-04 15:12:28,23933.75,2026-09-08,23700.0,PE,16.3,16.3,16.35,1839548,140692,48439,9.57
2026-09-04 15:12:28,23933.75,2026-09-08,23750.0,CE,246.65,246.2,246.65,119867,8604,2064,10.85
2026-09-04 15:12:28,23933.75,2026-09-08,23750.0,PE,23.15,23.1,23.15,1530415,87262,45847,9.37
2026-09-04 15:12:28,23933.75,2026-09-08,23800.0,CE,206.1,205.65,206.15,787521,41044,-2186,10.55
2026-09-04 15:12:28,23933.75,2026-09-08,23800.0,PE,32.2,32.2,32.25,3105733,226921,116826,9.19
2026-09-04 15:12:28,23933.75,2026-09-08,23850.0,CE,167.6,167.45,167.65,772592,27144,-512,10.16
2026-09-04 15:12:28,23933.75,2026-09-08,23850.0,PE,43.35,43.4,43.5,2566269,136518,79696,8.9
2026-09-04 15:12:28,23933.75,2026-09-08,23900.0,CE,133.0,133.0,133.3,3443510,124005,4420,9.86
2026-09-04 15:12:28,23933.75,2026-09-08,23900.0,PE,59.25,59.1,59.25,6387260,326437,219705,8.76
2026-09-04 15:12:28,23933.75,2026-09-08,23950.0,CE,101.95,101.8,101.95,4246731,169105,78150,9.54
2026-09-04 15:12:28,23933.75,2026-09-08,23950.0,PE,78.05,77.95,78.05,5595175,212529,170220,8.46
2026-09-04 15:12:28,23933.75,2026-09-08,24000.0,CE,75.9,75.9,76.05,6819794,365586,82613,9.29
2026-09-04 15:12:28,23933.75,2026-09-08,24000.0,PE,102.3,102.2,102.35,5052709,183332,69608,8.26
2026-09-04 15:12:28,23933.75,2026-09-08,24050.0,CE,55.0,54.85,55.0,2958211,152038,32159,9.16
2026-09-04 15:12:28,23933.75,2026-09-08,24050.0,PE,130.55,130.55,130.8,1294345,42613,25485,7.98
2026-09-04 15:12:28,23933.75,2026-09-08,24100.0,CE,38.15,38.1,38.2,3460637,229384,42647,9.02
2026-09-04 15:12:28,23933.75,2026-09-08,24100.0,PE,163.7,163.8,164.0,1155458,58076,6923,7.68
2026-09-04 15:12:28,23933.75,2026-09-08,24150.0,CE,25.55,25.55,25.65,1829305,134833,54736,8.93
2026-09-04 15:12:28,23933.75,2026-09-08,24150.0,PE,201.85,201.8,202.25,261725,17526,6591,7.4
2026-09-04 15:12:28,23933.75,2026-09-08,24200.0,CE,17.45,17.4,17.5,2550666,225469,44129,9.01
2026-09-04 15:12:28,23933.75,2026-09-08,24200.0,PE,243.8,243.15,243.65,324869,38543,-1771,6.71
2026-09-04 15:12:28,23933.75,2026-09-08,24250.0,CE,11.4,11.4,11.45,1224083,88220,20332,9.05
2026-09-04 15:12:28,23933.75,2026-09-08,24250.0,PE,287.15,286.75,287.55,50039,7263,651,5.26
2026-09-04 15:12:28,23933.75,2026-09-08,24300.0,CE,7.65,7.6,7.65,1512977,177200,20088,9.21
2026-09-04 15:12:28,23933.75,2026-09-08,24300.0,PE,333.3,333.15,334.0,74339,18602,1016,
2026-09-04 15:12:28,23933.75,2026-09-08,24350.0,CE,5.5,5.5,5.55,714934,77984,11527,9.53
2026-09-04 15:12:28,23933.75,2026-09-08,24350.0,PE,381.0,380.35,381.05,9573,2761,-150,
2026-09-04 15:12:28,23933.75,2026-09-08,24400.0,CE,4.0,3.95,4.0,883220,171458,49743,9.86
2026-09-04 15:12:28,23933.75,2026-09-08,24400.0,PE,431.35,429.15,429.7,11118,7813,-588,
2026-09-04 15:12:28,23933.75,2026-09-08,24450.0,CE,3.25,3.25,3.3,334878,57908,5631,10.39
2026-09-04 15:12:28,23933.75,2026-09-08,24450.0,PE,479.2,478.15,479.75,1960,1245,-39,
2026-09-04 15:13:28,23936.4,2026-09-08,23450.0,CE,535.3,534.05,535.3,1460,697,35,15.61
2026-09-04 15:13:28,23936.4,2026-09-08,23450.0,PE,4.1,4.1,4.15,368439,42107,11045,11.57
2026-09-04 15:13:28,23936.4,2026-09-08,23500.0,CE,485.3,484.95,486.45,22055,4538,-452,14.3
2026-09-04 15:13:28,23936.4,2026-09-08,23500.0,PE,4.9,4.85,4.9,950286,171830,9600,11.03
2026-09-04 15:13:28,23936.4,2026-09-08,23550.0,CE,436.55,436.85,438.3,4427,1023,91,13.25
2026-09-04 15:13:28,23936.4,2026-09-08,23550.0,PE,6.3,6.25,6.35,563116,45636,12751,10.6
2026-09-04 15:13:28,23936.4,2026-09-08,23600.0,CE,388.65,388.6,389.2,24018,4286,93,12.94
2026-09-04 15:13:28,23936.4,2026-09-08,23600.0,PE,8.05,8.05,8.1,1221884,147388,20528,10.15
2026-09-04 15:13:28,23936.4,2026-09-08,23650.0,CE,342.85,342.1,342.85,16740,2330,364,12.24
2026-09-04 15:13:28,23936.4,2026-09-08,23650.0,PE,11.2,11.2,11.25,997369,68417,26601,9.85
2026-09-04 15:13:28,23936.4,2026-09-08,23700.0,CE,296.0,295.7,296.4,110604,8913,-505,11.44
2026-09-04 15:13:28,23936.4,2026-09-08,23700.0,PE,15.4,15.4,15.45,1858478,139584,47331,9.57
2026-09-04 15:13:28,23936.4,2026-09-08,23750.0,CE,252.0,252.0,252.5,120671,8556,2016,10.97
2026-09-04 15:13:28,23936.4,2026-09-08,23750.0,PE,21.6,21.6,21.65,1545700,87588,46173,9.35
2026-09-04 15:13:28,23936.4,2026-09-08,23800.0,CE,210.65,210.8,211.2,790956,40759,-2471,10.59
2026-09-04 15:13:28,23936.4,2026-09-08,23800.0,PE,30.2,30.15,30.25,3131244,225991,115896,9.17
2026-09-04 15:13:28,23936.4,2026-09-08,23850.0,CE,171.85,171.95,172.1,775447,27016,-640,10.25
2026-09-04 15:13:28,23936.4,2026-09-08,23850.0,PE,40.95,40.85,40.95,2587089,135606,78784,8.88
2026-09-04 15:13:28,23936.4,2026-09-08,23900.0,CE,137.2,136.9,137.2,3456881,123156,3571,9.92
2026-09-04 15:13:28,23936.4,2026-09-08,23900.0,PE,55.85,55.85,55.95,6436834,323222,216490,8.71
2026-09-04 15:13:28,23936.4,2026-09-08,23950.0,CE,105.15,105.15,105.4,4267512,166390,75435,9.59
2026-09-04 15:13:28,23936.4,2026-09-08,23950.0,PE,74.4,74.25,74.4,5633459,209934,167625,8.43
2026-09-04 15:13:28,23936.4,2026-09-08,24000.0,CE,78.85,78.85,79.05,6851513,361449,78476,9.38
2026-09-04 15:13:28,23936.4,2026-09-08,24000.0,PE,97.65,97.65,97.8,5081464,182531,68807,8.17
2026-09-04 15:13:28,23936.4,2026-09-08,24050.0,CE,57.25,57.25,57.35,2977130,151211,31332,9.22
2026-09-04 15:13:28,23936.4,2026-09-08,24050.0,PE,126.1,126.0,126.15,1302686,41943,24815,7.91
2026-09-04 15:13:28,23936.4,2026-09-08,24100.0,CE,40.05,39.95,40.05,3481372,228103,41366,9.07
2026-09-04 15:13:28,23936.4,2026-09-08,24100.0,PE,158.15,158.1,158.55,1161250,57730,6577,7.61
2026-09-04 15:13:28,23936.4,2026-09-08,24150.0,CE,26.9,26.85,26.95,1839803,134492,54395,8.98
2026-09-04 15:13:28,23936.4,2026-09-08,24150.0,PE,196.0,195.7,196.0,263648,17467,6532,7.32
2026-09-04 15:13:28,23936.4,2026-09-08,24200.0,CE,18.35,18.3,18.35,2563915,225053,43713,9.05
2026-09-04 15:13:28,23936.4,2026-09-08,24200.0,PE,236.55,236.5,237.15,326453,38441,-1873,6.53
2026-09-04 15:13:28,23936.4,2026-09-08,24250.0,CE,11.95,11.95,12.0,1232579,87652,19764,9.1
2026-09-04 15:13:28,23936.4,2026-09-08,24250.0,PE,280.45,280.4,280.85,50372,7268,656,3.99
2026-09-04 15:13:28,23936.4,2026-09-08,24300.0,CE,7.95,7.95,8.0,1523757,176540,19428,9.24
2026-09-04 15:13:28,23936.4,2026-09-08,24300.0,PE,326.75,326.65,327.0,74705,18580,994,
2026-09-04 15:13:28,23936.4,2026-09-08,24350.0,CE,5.7,5.7,5.75,721168,77556,11099,9.54
2026-09-04 15:13:28,23936.4,2026-09-08,24350.0,PE,372.6,373.5,374.65,9644,2785,-126,
2026-09-04 15:13:28,23936.4,2026-09-08,24400.0,CE,4.05,4.05,4.1,889229,171413,49698,9.86
2026-09-04 15:13:28,23936.4,2026-09-08,24400.0,PE,423.5,421.7,423.25,11165,7821,-580,
2026-09-04 15:13:28,23936.4,2026-09-08,24450.0,CE,3.35,3.3,3.35,337163,57703,5426,10.41
2026-09-04 15:13:28,23936.4,2026-09-08,24450.0,PE,474.05,470.8,472.6,1964,1244,-40,
2026-09-04 15:14:28,23933.5,2026-09-08,23450.0,CE,530.15,532.0,534.05,1463,691,29,15.61
2026-09-04 15:14:28,23933.5,2026-09-08,23450.0,PE,4.25,4.25,4.3,373708,41868,10806,11.57
2026-09-04 15:14:28,23933.5,2026-09-08,23500.0,CE,484.6,482.75,484.25,22098,4503,-487,14.3
2026-09-04 15:14:28,23933.5,2026-09-08,23500.0,PE,5.0,5.0,5.05,960353,171721,9491,11.03
2026-09-04 15:14:28,23933.5,2026-09-08,23550.0,CE,435.55,434.55,435.9,4454,1018,86,13.25
2026-09-04 15:14:28,23933.5,2026-09-08,23550.0,PE,6.4,6.4,6.45,568223,45403,12518,10.6
2026-09-04 15:14:28,23933.5,2026-09-08,23600.0,CE,387.25,385.85,387.1,24082,4264,71,12.94
2026-09-04 15:14:28,23933.5,2026-09-08,23600.0,PE,8.3,8.25,8.3,1232144,146479,19619,10.15
2026-09-04 15:14:28,23933.5,2026-09-08,23650.0,CE,339.9,339.6,340.45,16899,2317,351,12.24
2026-09-04 15:14:28,23933.5,2026-09-08,23650.0,PE,11.55,11.45,11.5,1006412,68413,26597,9.85
2026-09-04 15:14:28,23933.5,2026-09-08,23700.0,CE,293.65,293.7,294.4,111042,8740,-678,11.44
2026-09-04 15:14:28,23933.5,2026-09-08,23700.0,PE,15.75,15.65,15.75,1871092,138261,46008,9.57
2026-09-04 15:14:28,23933.5,2026-09-08,23750.0,CE,250.65,250.15,250.65,121133,8478,1938,10.97
2026-09-04 15:14:28,23933.5,2026-09-08,23750.0,PE,22.15,22.05,22.15,1557710,87637,46222,9.35
2026-09-04 15:14:28,23933.5,2026-09-08,23800.0,CE,208.7,208.95,209.3,794594,39570,-3660,10.59
2026-09-04 15:14:28,23933.5,2026-09-08,23800.0,PE,31.1,31.05,31.1,3149119,222235,112140,9.17
2026-09-04 15:14:28,23933.5,2026-09-08,23850.0,CE,170.55,170.65,171.0,778386,26332,-1324,10.25
2026-09-04 15:14:28,23933.5,2026-09-08,23850.0,PE,41.95,41.8,41.9,2601518,132948,76126,8.88
2026-09-04 15:14:28,23933.5,2026-09-08,23900.0,CE,135.95,135.85,136.2,3470708,120034,449,9.92
2026-09-04 15:14:28,23933.5,2026-09-08,23900.0,PE,57.3,57.15,57.3,6468876,309727,202995,8.71
2026-09-04 15:14:28,23933.5,2026-09-08,23950.0,CE,104.5,104.2,104.45,4291440,164089,73134,9.59
2026-09-04 15:14:28,23933.5,2026-09-08,23950.0,PE,75.8,75.85,76.0,5661648,200851,158542,8.43
2026-09-04 15:14:28,23933.5,2026-09-08,24000.0,CE,78.15,78.0,78.15,6886072,355158,72185,9.38
2026-09-04 15:14:28,23933.5,2026-09-08,24000.0,PE,99.65,99.65,99.7,5101028,175026,61302,8.17
2026-09-04 15:14:28,23933.5,2026-09-08,24050.0,CE,56.9,56.8,57.0,2995898,148150,28271,9.22
2026-09-04 15:14:28,23933.5,2026-09-08,24050.0,PE,127.85,127.85,128.0,1307804,39473,22345,7.91
2026-09-04 15:14:28,23933.5,2026-09-08,24100.0,CE,39.65,39.65,39.8,3503315,223176,36439,9.07
2026-09-04 15:14:28,23933.5,2026-09-08,24100.0,PE,160.9,160.35,160.7,1164695,56874,5721,7.61
2026-09-04 15:14:28,23933.5,2026-09-08,24150.0,CE,26.6,26.65,26.7,1849493,132158,52061,8.98
2026-09-04 15:14:28,23933.5,2026-09-08,24150.0,PE,198.3,198.25,198.7,264873,17156,6221,7.32
2026-09-04 15:14:28,23933.5,2026-09-08,24200.0,CE,18.25,18.25,18.3,2575630,222554,41214,9.05
2026-09-04 15:14:28,23933.5,2026-09-08,24200.0,PE,239.45,238.75,239.35,327460,38052,-2262,6.53
2026-09-04 15:14:28,23933.5,2026-09-08,24250.0,CE,11.95,11.95,12.0,1242156,86276,18388,9.1
2026-09-04 15:14:28,23933.5,2026-09-08,24250.0,PE,283.25,282.55,283.3,50671,7296,684,3.99
2026-09-04 15:14:28,23933.5,2026-09-08,24300.0,CE,7.95,7.9,7.95,1534341,175806,18694,9.24
2026-09-04 15:14:28,23933.5,2026-09-08,24300.0,PE,329.6,328.75,329.65,75433,18580,994,
2026-09-04 15:14:28,23933.5,2026-09-08,24350.0,CE,5.75,5.7,5.75,725726,76598,10141,9.54
2026-09-04 15:14:28,23933.5,2026-09-08,24350.0,PE,376.85,376.1,377.2,9701,2786,-125,
2026-09-04 15:14:28,23933.5,2026-09-08,24400.0,CE,4.05,4.05,4.1,894597,170731,49016,9.86
2026-09-04 15:14:28,23933.5,2026-09-08,24400.0,PE,426.3,424.25,425.7,11177,7816,-585,
2026-09-04 15:14:28,23933.5,2026-09-08,24450.0,CE,3.35,3.3,3.35,339402,57464,5187,10.41
2026-09-04 15:14:28,23933.5,2026-09-08,24450.0,PE,475.65,473.2,475.2,1965,1244,-40,
2026-09-04 15:15:29,23937.9,2026-09-08,23450.0,CE,528.45,528.1,529.95,1469,691,29,15.36
2026-09-04 15:15:29,23937.9,2026-09-08,23450.0,PE,4.3,4.3,4.35,374840,41639,10577,11.57
2026-09-04 15:15:29,23937.9,2026-09-08,23500.0,CE,478.7,478.2,479.85,22162,4501,-489,14.07
2026-09-04 15:15:29,23937.9,2026-09-08,23500.0,PE,5.2,5.15,5.2,965249,171662,9432,11.01
2026-09-04 15:15:29,23937.9,2026-09-08,23550.0,CE,430.5,430.05,431.65,4463,1004,72,13.03
2026-09-04 15:15:29,23937.9,2026-09-08,23550.0,PE,6.6,6.55,6.6,569680,44915,12030,10.57
2026-09-04 15:15:29,23937.9,2026-09-08,23600.0,CE,382.15,381.4,382.5,24182,4276,83,12.76
2026-09-04 15:15:29,23937.9,2026-09-08,23600.0,PE,8.55,8.5,8.55,1236112,146068,19208,10.16
2026-09-04 15:15:29,23937.9,2026-09-08,23650.0,CE,336.1,335.3,336.3,17055,2316,350,12.0
2026-09-04 15:15:29,23937.9,2026-09-08,23650.0,PE,11.8,11.75,11.8,1009520,68208,26392,9.91
2026-09-04 15:15:29,23937.9,2026-09-08,23700.0,CE,290.7,289.65,290.45,111398,8704,-714,11.47
2026-09-04 15:15:29,23937.9,2026-09-08,23700.0,PE,16.1,16.1,16.15,1876178,137846,45593,9.57
2026-09-04 15:15:29,23937.9,2026-09-08,23750.0,CE,246.35,245.7,246.25,121560,8437,1897,10.85
2026-09-04 15:15:29,23937.9,2026-09-08,23750.0,PE,22.8,22.7,22.8,1561792,87866,46451,9.37
2026-09-04 15:15:29,23937.9,2026-09-08,23800.0,CE,204.9,205.05,205.5,796471,39384,-3846,10.55
2026-09-04 15:15:29,23937.9,2026-09-08,23800.0,PE,32.0,31.9,32.0,3157249,220479,110384,9.19
2026-09-04 15:15:29,23937.9,2026-09-08,23850.0,CE,167.1,167.2,167.45,780242,26491,-1165,10.16
2026-09-04 15:15:29,23937.9,2026-09-08,23850.0,PE,43.05,42.95,43.1,2609880,131992,75170,8.9
2026-09-04 15:15:29,23937.9,2026-09-08,23900.0,CE,132.85,132.9,133.1,3480127,120126,541,9.86
2026-09-04 15:15:29,23937.9,2026-09-08,23900.0,PE,58.75,58.75,58.9,6486917,307228,200496,8.76
2026-09-04 15:15:29,23937.9,2026-09-08,23950.0,CE,101.65,101.65,101.85,4306841,164028,73073,9.54
2026-09-04 15:15:29,23937.9,2026-09-08,23950.0,PE,77.8,77.9,78.05,5677755,198611,156302,8.46
2026-09-04 15:15:29,23937.9,2026-09-08,24000.0,CE,76.15,76.05,76.15,6909909,355103,72130,9.29
2026-09-04 15:15:29,23937.9,2026-09-08,24000.0,PE,102.0,101.8,102.0,5112450,174425,60701,8.26
2026-09-04 15:15:29,23937.9,2026-09-08,24050.0,CE,55.15,55.05,55.15,3008389,147781,27902,9.16
2026-09-04 15:15:29,23937.9,2026-09-08,24050.0,PE,130.35,130.6,130.75,1311231,38767,21639,7.98
2026-09-04 15:15:29,23937.9,2026-09-08,24100.0,CE,38.35,38.25,38.35,3516447,224415,37678,9.02
2026-09-04 15:15:29,23937.9,2026-09-08,24100.0,PE,164.1,164.1,164.35,1167498,56940,5787,7.68
2026-09-04 15:15:29,23937.9,2026-09-08,24150.0,CE,25.7,25.75,25.8,1855958,131748,51651,8.93
2026-09-04 15:15:29,23937.9,2026-09-08,24150.0,PE,202.1,202.1,202.45,265627,17096,6161,7.4
2026-09-04 15:15:29,23937.9,2026-09-08,24200.0,CE,17.75,17.7,17.75,2582141,222858,41518,9.01
2026-09-04 15:15:29,23937.9,2026-09-08,24200.0,PE,243.55,243.0,243.5,328265,37938,-2376,6.71
2026-09-04 15:15:29,23937.9,2026-09-08,24250.0,CE,11.75,11.7,11.75,1247365,86729,18841,9.05
2026-09-04 15:15:29,23937.9,2026-09-08,24250.0,PE,287.0,286.75,287.6,51004,7280,668,5.26
2026-09-04 15:15:29,23937.9,2026-09-08,24300.0,CE,7.8,7.8,7.85,1538465,175089,17977,9.21
2026-09-04 15:15:29,23937.9,2026-09-08,24300.0,PE,333.55,333.5,334.3,75695,19002,1416,
2026-09-04 15:15:29,23937.9,2026-09-08,24350.0,CE,5.8,5.75,5.8,729188,75849,9392,9.53
2026-09-04 15:15:29,23937.9,2026-09-08,24350.0,PE,380.55,380.6,381.8,9750,2794,-117,
2026-09-04 15:15:29,23937.9,2026-09-08,24400.0,CE,4.25,4.2,4.25,898324,169583,47868,9.86
2026-09-04 15:15:29,23937.9,2026-09-08,24400.0,PE,428.75,428.85,430.2,11194,7821,-580,
2026-09-04 15:15:29,23937.9,2026-09-08,24450.0,CE,3.5,3.45,3.5,341605,57311,5034,10.39
2026-09-04 15:15:29,23937.9,2026-09-08,24450.0,PE,481.4,477.5,479.15,1973,1245,-39,
2026-09-04 15:16:29,23937.9,2026-09-08,23450.0,CE,529.5,527.1,529.0,1470,691,29,15.36
2026-09-04 15:16:29,23937.9,2026-09-08,23450.0,PE,4.35,4.35,4.4,375879,41436,10374,11.57
2026-09-04 15:16:29,23937.9,2026-09-08,23500.0,CE,477.5,477.15,478.65,22169,4529,-461,14.07
2026-09-04 15:16:29,23937.9,2026-09-08,23500.0,PE,5.2,5.15,5.2,967974,171777,9547,11.01
2026-09-04 15:16:29,23937.9,2026-09-08,23550.0,CE,430.5,429.15,430.7,4463,1004,72,13.03
2026-09-04 15:16:29,23937.9,2026-09-08,23550.0,PE,6.55,6.55,6.6,570826,45118,12233,10.57
2026-09-04 15:16:29,23937.9,2026-09-08,23600.0,CE,382.9,380.55,381.7,24240,4304,111,12.76
2026-09-04 15:16:29,23937.9,2026-09-08,23600.0,PE,8.45,8.4,8.5,1238531,145805,18945,10.16
2026-09-04 15:16:29,23937.9,2026-09-08,23650.0,CE,336.75,334.25,335.2,17078,2327,361,12.0
2026-09-04 15:16:29,23937.9,2026-09-08,23650.0,PE,11.75,11.7,11.75,1011824,68275,26459,9.91
2026-09-04 15:16:29,23937.9,2026-09-08,23700.0,CE,289.0,288.6,289.25,111531,8715,-703,11.47
2026-09-04 15:16:29,23937.9,2026-09-08,23700.0,PE,16.15,16.05,16.15,1879968,137102,44849,9.57
2026-09-04 15:16:29,23937.9,2026-09-08,23750.0,CE,245.9,245.45,245.8,121684,8449,1909,10.85
2026-09-04 15:16:29,23937.9,2026-09-08,23750.0,PE,22.55,22.55,22.6,1567009,87095,45680,9.37
2026-09-04 15:16:29,23937.9,2026-09-08,23800.0,CE,204.8,204.8,204.9,797389,38757,-4473,10.55
2026-09-04 15:16:29,23937.9,2026-09-08,23800.0,PE,31.75,31.75,31.8,3163524,220461,110366,9.19
2026-09-04 15:16:29,23937.9,2026-09-08,23850.0,CE,166.0,166.0,166.3,781458,26012,-1644,10.16
2026-09-04 15:16:29,23937.9,2026-09-08,23850.0,PE,42.85,42.85,42.9,2617939,132206,75384,8.9
2026-09-04 15:16:29,23937.9,2026-09-08,23900.0,CE,131.9,131.9,132.15,3485160,118373,-1212,9.86
2026-09-04 15:16:29,23937.9,2026-09-08,23900.0,PE,58.6,58.6,58.8,6504187,306001,199269,8.76
2026-09-04 15:16:29,23937.9,2026-09-08,23950.0,CE,100.85,100.65,100.9,4317162,161535,70580,9.54
2026-09-04 15:16:29,23937.9,2026-09-08,23950.0,PE,77.8,77.8,77.9,5691002,194743,152434,8.46
2026-09-04 15:16:29,23937.9,2026-09-08,24000.0,CE,75.25,75.05,75.2,6922268,349751,66778,9.29
2026-09-04 15:16:29,23937.9,2026-09-08,24000.0,PE,102.05,101.9,102.05,5120233,171662,57938,8.26
2026-09-04 15:16:29,23937.9,2026-09-08,24050.0,CE,54.1,54.1,54.2,3016248,145081,25202,9.16
2026-09-04 15:16:29,23937.9,2026-09-08,24050.0,PE,130.85,130.75,131.0,1314299,38383,21255,7.98
2026-09-04 15:16:29,23937.9,2026-09-08,24100.0,CE,37.8,37.8,37.85,3524913,223735,36998,9.02
2026-09-04 15:16:29,23937.9,2026-09-08,24100.0,PE,164.2,164.15,164.25,1171442,56711,5558,7.68
2026-09-04 15:16:29,23937.9,2026-09-08,24150.0,CE,25.5,25.45,25.5,1860501,131530,51433,8.93
2026-09-04 15:16:29,23937.9,2026-09-08,24150.0,PE,200.95,202.0,202.5,266200,17081,6146,7.4
2026-09-04 15:16:29,23937.9,2026-09-08,24200.0,CE,17.3,17.3,17.35,2587204,222404,41064,9.01
2026-09-04 15:16:29,23937.9,2026-09-08,24200.0,PE,243.6,243.65,244.2,328724,37678,-2636,6.71
2026-09-04 15:16:29,23937.9,2026-09-08,24250.0,CE,11.5,11.45,11.5,1250444,86707,18819,9.05
2026-09-04 15:16:29,23937.9,2026-09-08,24250.0,PE,285.65,287.3,287.75,51145,7176,564,5.26
2026-09-04 15:16:29,23937.9,2026-09-08,24300.0,CE,7.7,7.6,7.65,1542462,175271,18159,9.21
2026-09-04 15:16:29,23937.9,2026-09-08,24300.0,PE,334.1,334.25,335.1,75781,18877,1291,
2026-09-04 15:16:29,23937.9,2026-09-08,24350.0,CE,5.65,5.65,5.7,730474,76241,9784,9.53
2026-09-04 15:16:29,23937.9,2026-09-08,24350.0,PE,380.65,381.4,382.45,9755,2804,-107,
2026-09-04 15:16:29,23937.9,2026-09-08,24400.0,CE,4.15,4.15,4.2,901078,169755,48040,9.86
2026-09-04 15:16:29,23937.9,2026-09-08,24400.0,PE,430.45,429.85,431.75,11202,7821,-580,
2026-09-04 15:16:29,23937.9,2026-09-08,24450.0,CE,3.45,3.45,3.5,342525,57505,5228,10.39
2026-09-04 15:16:29,23937.9,2026-09-08,24450.0,PE,481.4,478.7,480.9,1973,1245,-39,
2026-09-04 15:17:30,23937.9,2026-09-08,23450.0,CE,534.4,535.35,537.05,1472,690,28,15.36
2026-09-04 15:17:30,23937.9,2026-09-08,23450.0,PE,4.1,4.1,4.15,376705,41278,10216,11.57
2026-09-04 15:17:30,23937.9,2026-09-08,23500.0,CE,485.85,486.2,487.4,22198,4512,-478,14.07
2026-09-04 15:17:30,23937.9,2026-09-08,23500.0,PE,4.85,4.85,4.9,970786,171677,9447,11.01
2026-09-04 15:17:30,23937.9,2026-09-08,23550.0,CE,438.2,437.85,439.25,4466,1001,69,13.03
2026-09-04 15:17:30,23937.9,2026-09-08,23550.0,PE,6.15,6.1,6.15,572336,45218,12333,10.57
2026-09-04 15:17:30,23937.9,2026-09-08,23600.0,CE,389.25,388.85,389.95,24269,4267,74,12.76
2026-09-04 15:17:30,23937.9,2026-09-08,23600.0,PE,7.8,7.8,7.85,1242784,145008,18148,10.16
2026-09-04 15:17:30,23937.9,2026-09-08,23650.0,CE,342.55,342.55,343.45,17111,2294,328,12.0
2026-09-04 15:17:30,23937.9,2026-09-08,23650.0,PE,10.85,10.75,10.85,1015521,68089,26273,9.91
2026-09-04 15:17:30,23937.9,2026-09-08,23700.0,CE,296.6,296.45,297.15,111759,8587,-831,11.47
2026-09-04 15:17:30,23937.9,2026-09-08,23700.0,PE,14.85,14.8,14.85,1886110,136478,44225,9.57
2026-09-04 15:17:30,23937.9,2026-09-08,23750.0,CE,252.65,252.3,252.85,122014,8363,1823,10.85
2026-09-04 15:17:30,23937.9,2026-09-08,23750.0,PE,20.8,20.9,20.95,1574411,85820,44405,9.37
2026-09-04 15:17:30,23937.9,2026-09-08,23800.0,CE,211.45,211.05,211.5,799697,37868,-5362,10.55
2026-09-04 15:17:30,23937.9,2026-09-08,23800.0,PE,29.55,29.5,29.6,3172825,219930,109835,9.19
2026-09-04 15:17:30,23937.9,2026-09-08,23850.0,CE,172.0,172.25,172.65,783198,25915,-1741,10.16
2026-09-04 15:17:30,23937.9,2026-09-08,23850.0,PE,40.0,39.9,40.0,2628415,130139,73317,8.9
2026-09-04 15:17:30,23937.9,2026-09-08,23900.0,CE,137.2,137.2,137.45,3492715,117865,-1720,9.86
2026-09-04 15:17:30,23937.9,2026-09-08,23900.0,PE,54.9,55.0,55.1,6527104,300920,194188,8.76
2026-09-04 15:17:30,23937.9,2026-09-08,23950.0,CE,105.1,105.15,105.25,4328565,159756,68801,9.54
2026-09-04 15:17:30,23937.9,2026-09-08,23950.0,PE,73.3,73.3,73.5,5707117,192474,150165,8.46
2026-09-04 15:17:30,23937.9,2026-09-08,24000.0,CE,78.9,78.75,78.9,6940007,350522,67549,9.29
2026-09-04 15:17:30,23937.9,2026-09-08,24000.0,PE,96.55,96.3,96.55,5134021,169402,55678,8.26
2026-09-04 15:17:30,23937.9,2026-09-08,24050.0,CE,57.4,57.2,57.4,3025140,147384,27505,9.16
2026-09-04 15:17:30,23937.9,2026-09-08,24050.0,PE,124.55,124.35,124.6,1317493,37520,20392,7.98
2026-09-04 15:17:30,23937.9,2026-09-08,24100.0,CE,40.0,40.0,40.15,3534964,222727,35990,9.02
2026-09-04 15:17:30,23937.9,2026-09-08,24100.0,PE,157.1,157.1,157.5,1173648,55405,4252,7.68
2026-09-04 15:17:30,23937.9,2026-09-08,24150.0,CE,27.0,26.9,26.95,1865327,130945,50848,8.93
2026-09-04 15:17:30,23937.9,2026-09-08,24150.0,PE,194.55,194.7,195.15,266767,17083,6148,7.4
2026-09-04 15:17:30,23937.9,2026-09-08,24200.0,CE,18.35,18.35,18.45,2592861,221852,40512,9.01
2026-09-04 15:17:30,23937.9,2026-09-08,24200.0,PE,235.8,235.4,236.05,329362,37573,-2741,6.71
2026-09-04 15:17:30,23937.9,2026-09-08,24250.0,CE,12.1,12.1,12.15,1253888,88122,20234,9.05
2026-09-04 15:17:30,23937.9,2026-09-08,24250.0,PE,280.0,279.1,279.95,51253,7151,539,5.26
2026-09-04 15:17:30,23937.9,2026-09-08,24300.0,CE,8.0,7.95,8.0,1545178,175695,18583,9.21
2026-09-04 15:17:30,23937.9,2026-09-08,24300.0,PE,324.95,325.55,326.4,75903,18808,1222,
2026-09-04 15:17:30,23937.9,2026-09-08,24350.0,CE,5.8,5.8,5.85,731596,76115,9658,9.53
2026-09-04 15:17:30,23937.9,2026-09-08,24350.0,PE,373.4,372.7,373.7,9763,2800,-111,
2026-09-04 15:17:30,23937.9,2026-09-08,24400.0,CE,4.2,4.2,4.25,902616,169748,48033,9.86
2026-09-04 15:17:30,23937.9,2026-09-08,24400.0,PE,422.35,421.25,422.45,11239,7795,-606,
2026-09-04 15:17:30,23937.9,2026-09-08,24450.0,CE,3.45,3.45,3.5,342918,57123,4846,10.39
2026-09-04 15:17:30,23937.9,2026-09-08,24450.0,PE,472.05,470.0,471.95,1978,1245,-39,
2026-09-04 15:18:30,23937.9,2026-09-08,23450.0,CE,532.95,531.1,533.25,1473,690,28,15.61
2026-09-04 15:18:30,23937.9,2026-09-08,23450.0,PE,4.2,4.15,4.2,379683,40987,9925,11.57
2026-09-04 15:18:30,23937.9,2026-09-08,23500.0,CE,482.9,481.5,483.0,22233,4514,-476,14.3
2026-09-04 15:18:30,23937.9,2026-09-08,23500.0,PE,4.85,4.85,4.9,979080,171424,9194,11.03
2026-09-04 15:18:30,23937.9,2026-09-08,23550.0,CE,434.45,433.15,434.6,4479,998,66,13.25
2026-09-04 15:18:30,23937.9,2026-09-08,23550.0,PE,6.15,6.15,6.2,574849,45298,12413,10.6
2026-09-04 15:18:30,23937.9,2026-09-08,23600.0,CE,385.3,384.6,385.7,24325,4254,61,12.94
2026-09-04 15:18:30,23937.9,2026-09-08,23600.0,PE,7.95,7.9,7.95,1249777,144825,17965,10.15
2026-09-04 15:18:30,23937.9,2026-09-08,23650.0,CE,338.7,338.85,339.75,17156,2284,318,12.24
2026-09-04 15:18:30,23937.9,2026-09-08,23650.0,PE,10.95,10.9,10.95,1020346,68044,26228,9.85
2026-09-04 15:18:30,23937.9,2026-09-08,23700.0,CE,293.65,292.7,293.35,112040,8527,-891,11.44
2026-09-04 15:18:30,23937.9,2026-09-08,23700.0,PE,15.1,15.05,15.1,1895995,136740,44487,9.57
2026-09-04 15:18:30,23937.9,2026-09-08,23750.0,CE,248.2,248.2,248.75,122258,8343,1803,10.97
2026-09-04 15:18:30,23937.9,2026-09-08,23750.0,PE,21.5,21.4,21.5,1582913,84722,43307,9.35
2026-09-04 15:18:30,23937.9,2026-09-08,23800.0,CE,207.45,207.9,208.4,801876,37707,-5523,10.59
2026-09-04 15:18:30,23937.9,2026-09-08,23800.0,PE,30.35,30.25,30.35,3189624,220387,110292,9.17
2026-09-04 15:18:30,23937.9,2026-09-08,23850.0,CE,168.8,168.95,169.45,785158,25712,-1944,10.25
2026-09-04 15:18:30,23937.9,2026-09-08,23850.0,PE,41.35,41.25,41.4,2643351,129256,72434,8.88
2026-09-04 15:18:30,23937.9,2026-09-08,23900.0,CE,134.25,134.25,134.45,3502871,116659,-2926,9.92
2026-09-04 15:18:30,23937.9,2026-09-08,23900.0,PE,56.65,56.7,56.75,6550225,301003,194271,8.71
2026-09-04 15:18:30,23937.9,2026-09-08,23950.0,CE,103.2,103.0,103.2,4347286,158379,67424,9.59
2026-09-04 15:18:30,23937.9,2026-09-08,23950.0,PE,75.15,75.1,75.25,5728090,192609,150300,8.43
2026-09-04 15:18:30,23937.9,2026-09-08,24000.0,CE,77.15,77.05,77.25,6968854,349720,66747,9.38
2026-09-04 15:18:30,23937.9,2026-09-08,24000.0,PE,98.8,98.55,98.8,5148583,169229,55505,8.17
2026-09-04 15:18:30,23937.9,2026-09-08,24050.0,CE,56.0,56.05,56.2,3040055,146561,26682,9.22
2026-09-04 15:18:30,23937.9,2026-09-08,24050.0,PE,127.05,127.05,127.3,1321947,36559,19431,7.91
2026-09-04 15:18:30,23937.9,2026-09-08,24100.0,CE,38.95,38.95,39.05,3553438,222538,35801,9.07
2026-09-04 15:18:30,23937.9,2026-09-08,24100.0,PE,160.85,160.9,161.25,1175979,55302,4149,7.61
2026-09-04 15:18:30,23937.9,2026-09-08,24150.0,CE,26.35,26.35,26.5,1875868,130131,50034,8.98
2026-09-04 15:18:30,23937.9,2026-09-08,24150.0,PE,198.0,198.0,198.5,267371,16996,6061,7.32
2026-09-04 15:18:30,23937.9,2026-09-08,24200.0,CE,18.0,18.0,18.05,2604227,221487,40147,9.05
2026-09-04 15:18:30,23937.9,2026-09-08,24200.0,PE,240.3,239.7,240.25,329950,37557,-2757,6.53
2026-09-04 15:18:30,23937.9,2026-09-08,24250.0,CE,11.9,11.85,11.95,1260858,88024,20136,9.1
2026-09-04 15:18:30,23937.9,2026-09-08,24250.0,PE,283.7,283.6,284.05,51346,7174,562,3.99
2026-09-04 15:18:30,23937.9,2026-09-08,24300.0,CE,7.95,7.95,8.0,1551736,174707,17595,9.24
2026-09-04 15:18:30,23937.9,2026-09-08,24300.0,PE,330.05,329.8,330.75,76044,18799,1213,
2026-09-04 15:18:30,23937.9,2026-09-08,24350.0,CE,5.9,5.85,5.9,734154,75738,9281,9.54
2026-09-04 15:18:30,23937.9,2026-09-08,24350.0,PE,376.45,376.65,377.85,9789,2799,-112,
2026-09-04 15:18:30,23937.9,2026-09-08,24400.0,CE,4.25,4.25,4.3,907707,169573,47858,9.86
2026-09-04 15:18:30,23937.9,2026-09-08,24400.0,PE,425.05,425.15,426.45,11281,7796,-605,
2026-09-04 15:18:30,23937.9,2026-09-08,24450.0,CE,3.55,3.55,3.6,345066,57128,4851,10.41
2026-09-04 15:18:30,23937.9,2026-09-08,24450.0,PE,475.55,474.3,476.35,1980,1246,-38,
2026-09-04 15:19:30,23937.9,2026-09-08,23450.0,CE,530.0,531.55,533.7,1474,689,27,15.36
2026-09-04 15:19:30,23937.9,2026-09-08,23450.0,PE,3.9,3.9,3.95,382625,40879,9817,11.57
2026-09-04 15:19:30,23937.9,2026-09-08,23500.0,CE,482.4,481.95,483.5,22283,4504,-486,14.07
2026-09-04 15:19:30,23937.9,2026-09-08,23500.0,PE,4.65,4.65,4.7,984689,171576,9346,11.01
2026-09-04 15:19:30,23937.9,2026-09-08,23550.0,CE,436.0,433.85,435.25,4483,998,66,13.03
2026-09-04 15:19:30,23937.9,2026-09-08,23550.0,PE,5.9,5.9,5.95,577018,45359,12474,10.57
2026-09-04 15:19:30,23937.9,2026-09-08,23600.0,CE,386.85,385.5,386.3,24378,4262,69,12.76
2026-09-04 15:19:30,23937.9,2026-09-08,23600.0,PE,7.55,7.55,7.6,1254106,144822,17962,10.16
2026-09-04 15:19:30,23937.9,2026-09-08,23650.0,CE,339.85,338.6,339.6,17172,2278,312,12.0
2026-09-04 15:19:30,23937.9,2026-09-08,23650.0,PE,10.65,10.6,10.65,1023714,67531,25715,9.91
2026-09-04 15:19:30,23937.9,2026-09-08,23700.0,CE,293.55,292.45,293.25,112188,8467,-951,11.47
2026-09-04 15:19:30,23937.9,2026-09-08,23700.0,PE,14.7,14.7,14.75,1902901,136222,43969,9.57
2026-09-04 15:19:30,23937.9,2026-09-08,23750.0,CE,248.85,249.0,249.55,122401,8268,1728,10.85
2026-09-04 15:19:30,23937.9,2026-09-08,23750.0,PE,20.75,20.7,20.8,1587860,84495,43080,9.37
2026-09-04 15:19:30,23937.9,2026-09-08,23800.0,CE,207.9,207.75,208.0,802994,37505,-5725,10.55
2026-09-04 15:19:30,23937.9,2026-09-08,23800.0,PE,29.55,29.55,29.6,3200215,221124,111029,9.19
2026-09-04 15:19:30,23937.9,2026-09-08,23850.0,CE,169.35,169.15,169.35,786091,25646,-2010,10.16
2026-09-04 15:19:30,23937.9,2026-09-08,23850.0,PE,40.65,40.65,40.75,2650282,128240,71418,8.9
2026-09-04 15:19:30,23937.9,2026-09-08,23900.0,CE,134.6,134.55,134.6,3509851,116410,-3175,9.86
2026-09-04 15:19:30,23937.9,2026-09-08,23900.0,PE,55.7,55.7,55.9,6563377,299783,193051,8.76
2026-09-04 15:19:30,23937.9,2026-09-08,23950.0,CE,103.2,103.15,103.4,4355481,157711,66756,9.54
2026-09-04 15:19:30,23937.9,2026-09-08,23950.0,PE,74.1,74.15,74.35,5739174,191379,149070,8.46
2026-09-04 15:19:30,23937.9,2026-09-08,24000.0,CE,76.85,76.65,76.85,6981805,347434,64461,9.29
2026-09-04 15:19:30,23937.9,2026-09-08,24000.0,PE,98.2,98.2,98.45,5154638,168713,54989,8.26
2026-09-04 15:19:30,23937.9,2026-09-08,24050.0,CE,55.75,55.6,55.75,3046551,145613,25734,9.16
2026-09-04 15:19:30,23937.9,2026-09-08,24050.0,PE,127.1,126.8,127.15,1323314,36184,19056,7.98
2026-09-04 15:19:30,23937.9,2026-09-08,24100.0,CE,39.15,39.05,39.15,3561824,221300,34563,9.02
2026-09-04 15:19:30,23937.9,2026-09-08,24100.0,PE,159.5,159.35,159.7,1177636,55138,3985,7.68
2026-09-04 15:19:30,23937.9,2026-09-08,24150.0,CE,26.45,26.35,26.45,1883167,129455,49358,8.93
2026-09-04 15:19:30,23937.9,2026-09-08,24150.0,PE,197.1,197.25,197.45,267785,17023,6088,7.4
2026-09-04 15:19:30,23937.9,2026-09-08,24200.0,CE,17.95,17.9,17.95,2609406,220740,39400,9.01
2026-09-04 15:19:30,23937.9,2026-09-08,24200.0,PE,238.35,239.0,239.65,330342,37498,-2816,6.71
2026-09-04 15:19:30,23937.9,2026-09-08,24250.0,CE,11.95,11.9,11.95,1263613,87915,20027,9.05
2026-09-04 15:19:30,23937.9,2026-09-08,24250.0,PE,282.25,282.5,283.4,51375,7186,574,5.26
2026-09-04 15:19:30,23937.9,2026-09-08,24300.0,CE,7.95,7.9,7.95,1554518,174215,17103,9.21
2026-09-04 15:19:30,23937.9,2026-09-08,24300.0,PE,328.45,328.65,329.45,76074,18797,1211,
2026-09-04 15:19:30,23937.9,2026-09-08,24350.0,CE,5.75,5.75,5.8,735472,75742,9285,9.53
2026-09-04 15:19:30,23937.9,2026-09-08,24350.0,PE,377.1,376.4,377.5,9800,2796,-115,
2026-09-04 15:19:30,23937.9,2026-09-08,24400.0,CE,4.2,4.2,4.25,909816,169605,47890,9.86
2026-09-04 15:19:30,23937.9,2026-09-08,24400.0,PE,425.7,424.9,426.3,11289,7796,-605,
2026-09-04 15:19:30,23937.9,2026-09-08,24450.0,CE,3.45,3.45,3.5,347425,56736,4459,10.39
2026-09-04 15:19:30,23937.9,2026-09-08,24450.0,PE,475.55,473.15,475.1,1980,1246,-38,
2026-09-04 15:20:31,23937.9,2026-09-08,23450.0,CE,530.0,531.9,533.6,1474,689,27,15.61
2026-09-04 15:20:31,23937.9,2026-09-08,23450.0,PE,3.8,3.8,3.85,386650,40552,9490,11.57
2026-09-04 15:20:31,23937.9,2026-09-08,23500.0,CE,480.0,482.4,483.0,22369,4476,-514,14.3
2026-09-04 15:20:31,23937.9,2026-09-08,23500.0,PE,4.55,4.5,4.55,988355,170700,8470,11.03
2026-09-04 15:20:31,23937.9,2026-09-08,23550.0,CE,433.2,433.55,435.1,4484,1000,68,13.25
2026-09-04 15:20:31,23937.9,2026-09-08,23550.0,PE,5.75,5.7,5.75,579038,45096,12211,10.6
2026-09-04 15:20:31,23937.9,2026-09-08,23600.0,CE,386.3,385.4,386.65,24433,4234,41,12.94
2026-09-04 15:20:31,23937.9,2026-09-08,23600.0,PE,7.5,7.45,7.5,1259337,143357,16497,10.15
2026-09-04 15:20:31,23937.9,2026-09-08,23650.0,CE,338.4,338.4,339.4,17206,2275,309,12.24
2026-09-04 15:20:31,23937.9,2026-09-08,23650.0,PE,10.45,10.45,10.5,1026823,67263,25447,9.85
2026-09-04 15:20:31,23937.9,2026-09-08,23700.0,CE,293.0,292.45,293.15,112300,8424,-994,11.44
2026-09-04 15:20:31,23937.9,2026-09-08,23700.0,PE,14.6,14.5,14.6,1908392,135458,43205,9.57
2026-09-04 15:20:31,23937.9,2026-09-08,23750.0,CE,249.3,248.7,249.3,122536,8241,1701,10.97
2026-09-04 15:20:31,23937.9,2026-09-08,23750.0,PE,20.7,20.75,20.8,1593708,84063,42648,9.35
2026-09-04 15:20:31,23937.9,2026-09-08,23800.0,CE,208.3,207.6,208.15,805013,37253,-5977,10.59
2026-09-04 15:20:31,23937.9,2026-09-08,23800.0,PE,29.65,29.55,29.65,3210584,220264,110169,9.17
2026-09-04 15:20:31,23937.9,2026-09-08,23850.0,CE,169.9,169.6,169.9,787228,25509,-2147,10.25
2026-09-04 15:20:31,23937.9,2026-09-08,23850.0,PE,40.35,40.3,40.45,2659420,127285,70463,8.88
2026-09-04 15:20:31,23937.9,2026-09-08,23900.0,CE,134.6,134.45,134.7,3515530,115774,-3811,9.92
2026-09-04 15:20:31,23937.9,2026-09-08,23900.0,PE,55.95,55.95,56.0,6576612,297454,190722,8.71
2026-09-04 15:20:31,23937.9,2026-09-08,23950.0,CE,103.05,103.05,103.35,4363949,156521,65566,9.59
2026-09-04 15:20:31,23937.9,2026-09-08,23950.0,PE,74.6,74.55,74.65,5751203,189723,147414,8.43
2026-09-04 15:20:31,23937.9,2026-09-08,24000.0,CE,76.7,76.7,76.9,6996273,345440,62467,9.38
2026-09-04 15:20:31,23937.9,2026-09-08,24000.0,PE,98.15,98.2,98.45,5163264,167726,54002,8.17
2026-09-04 15:20:31,23937.9,2026-09-08,24050.0,CE,56.1,56.0,56.15,3053220,144819,24940,9.22
2026-09-04 15:20:31,23937.9,2026-09-08,24050.0,PE,126.8,126.5,126.75,1325801,35927,18799,7.91
2026-09-04 15:20:31,23937.9,2026-09-08,24100.0,CE,39.2,39.2,39.25,3571965,220830,34093,9.07
2026-09-04 15:20:31,23937.9,2026-09-08,24100.0,PE,159.5,159.75,160.1,1179111,54568,3415,7.61
2026-09-04 15:20:31,23937.9,2026-09-08,24150.0,CE,26.6,26.35,26.45,1886861,129752,49655,8.98
2026-09-04 15:20:31,23937.9,2026-09-08,24150.0,PE,197.9,197.6,198.0,268013,16924,5989,7.32
2026-09-04 15:20:31,23937.9,2026-09-08,24200.0,CE,18.05,18.0,18.05,2616209,221102,39762,9.05
2026-09-04 15:20:31,23937.9,2026-09-08,24200.0,PE,238.55,238.1,238.85,330628,37368,-2946,6.53
2026-09-04 15:20:31,23937.9,2026-09-08,24250.0,CE,11.9,11.9,11.95,1266106,87677,19789,9.1
2026-09-04 15:20:31,23937.9,2026-09-08,24250.0,PE,282.6,282.65,283.45,51439,7160,548,3.99
2026-09-04 15:20:31,23937.9,2026-09-08,24300.0,CE,7.95,7.9,7.95,1558232,174021,16909,9.24
2026-09-04 15:20:31,23937.9,2026-09-08,24300.0,PE,328.75,328.65,329.55,76142,18804,1218,
2026-09-04 15:20:31,23937.9,2026-09-08,24350.0,CE,5.7,5.7,5.75,738127,75595,9138,9.54
2026-09-04 15:20:31,23937.9,2026-09-08,24350.0,PE,377.5,376.2,377.5,9804,2796,-115,
2026-09-04 15:20:31,23937.9,2026-09-08,24400.0,CE,4.2,4.15,4.2,914510,170138,48423,9.86
2026-09-04 15:20:31,23937.9,2026-09-08,24400.0,PE,427.6,424.5,425.25,11304,7794,-607,
2026-09-04 15:20:31,23937.9,2026-09-08,24450.0,CE,3.4,3.4,3.45,349884,56250,3973,10.41
2026-09-04 15:20:31,23937.9,2026-09-08,24450.0,PE,475.55,473.25,475.15,1980,1246,-38,
2026-09-04 15:21:31,23937.9,2026-09-08,23450.0,CE,511.65,515.1,517.05,1485,690,28,13.28
2026-09-04 15:21:31,23937.9,2026-09-08,23450.0,PE,4.05,4.05,4.1,393888,40696,9634,11.34
2026-09-04 15:21:31,23937.9,2026-09-08,23500.0,CE,466.25,466.3,467.8,22795,4451,-539,
2026-09-04 15:21:31,23937.9,2026-09-08,23500.0,PE,4.85,4.85,4.9,1003947,170953,8723,10.84
2026-09-04 15:21:31,23937.9,2026-09-08,23550.0,CE,416.95,418.45,419.65,4526,1000,68,
2026-09-04 15:21:31,23937.9,2026-09-08,23550.0,PE,6.4,6.3,6.35,587019,45070,12185,10.37
2026-09-04 15:21:31,23937.9,2026-09-08,23600.0,CE,369.25,370.3,371.25,24959,4222,29,9.61
2026-09-04 15:21:31,23937.9,2026-09-08,23600.0,PE,8.35,8.3,8.35,1282180,142674,15814,9.95
2026-09-04 15:21:31,23937.9,2026-09-08,23650.0,CE,322.95,324.0,324.85,17758,2273,307,8.45
2026-09-04 15:21:31,23937.9,2026-09-08,23650.0,PE,11.7,11.65,11.75,1043545,67582,25766,9.69
2026-09-04 15:21:31,23937.9,2026-09-08,23700.0,CE,278.2,278.2,278.9,114596,8388,-1030,8.67
2026-09-04 15:21:31,23937.9,2026-09-08,23700.0,PE,16.6,16.5,16.6,1937597,135087,42834,9.43
2026-09-04 15:21:31,23937.9,2026-09-08,23750.0,CE,235.2,234.7,235.4,125081,8241,1701,8.8
2026-09-04 15:21:31,23937.9,2026-09-08,23750.0,PE,23.5,23.5,23.6,1621858,83290,41875,9.29
2026-09-04 15:21:31,23937.9,2026-09-08,23800.0,CE,194.85,194.85,195.4,813275,37535,-5695,8.83
2026-09-04 15:21:31,23937.9,2026-09-08,23800.0,PE,33.3,33.25,33.4,3260238,218836,108741,9.15
2026-09-04 15:21:31,23937.9,2026-09-08,23850.0,CE,158.0,157.95,158.2,796641,25186,-2470,8.82
2026-09-04 15:21:31,23937.9,2026-09-08,23850.0,PE,45.4,45.35,45.5,2709861,126557,69735,8.95
2026-09-04 15:21:31,23937.9,2026-09-08,23900.0,CE,124.6,124.4,124.6,3557672,115126,-4459,8.72
2026-09-04 15:21:31,23937.9,2026-09-08,23900.0,PE,62.0,61.8,62.0,6672843,296018,189286,8.84
2026-09-04 15:21:31,23937.9,2026-09-08,23950.0,CE,94.5,94.5,94.75,4429865,155571,64616,8.49
2026-09-04 15:21:31,23937.9,2026-09-08,23950.0,PE,82.25,82.05,82.25,5846726,187447,145138,8.75
2026-09-04 15:21:31,23937.9,2026-09-08,24000.0,CE,69.95,69.8,70.0,7091915,343407,60434,8.49
2026-09-04 15:21:31,23937.9,2026-09-08,24000.0,PE,106.8,106.8,107.05,5235719,165962,52238,8.61
2026-09-04 15:21:31,23937.9,2026-09-08,24050.0,CE,50.2,50.2,50.35,3100614,143848,23969,8.5
2026-09-04 15:21:31,23937.9,2026-09-08,24050.0,PE,137.85,137.4,137.85,1341590,35082,17954,8.67
2026-09-04 15:21:31,23937.9,2026-09-08,24100.0,CE,34.7,34.7,34.8,3631471,219678,32941,8.46
2026-09-04 15:21:31,23937.9,2026-09-08,24100.0,PE,171.45,171.4,171.85,1195581,54462,3309,8.69
2026-09-04 15:21:31,23937.9,2026-09-08,24150.0,CE,23.4,23.35,23.4,1922517,129340,49243,8.54
2026-09-04 15:21:31,23937.9,2026-09-08,24150.0,PE,211.15,211.05,211.6,273826,16900,5965,8.72
2026-09-04 15:21:31,23937.9,2026-09-08,24200.0,CE,15.75,15.75,15.8,2666645,220235,38895,8.66
2026-09-04 15:21:31,23937.9,2026-09-08,24200.0,PE,253.4,253.0,253.4,335095,37242,-3072,8.94
2026-09-04 15:21:31,23937.9,2026-09-08,24250.0,CE,10.4,10.4,10.45,1292765,87764,19876,8.82
2026-09-04 15:21:31,23937.9,2026-09-08,24250.0,PE,297.8,296.95,297.8,52627,7124,512,9.1
2026-09-04 15:21:31,23937.9,2026-09-08,24300.0,CE,6.95,6.95,7.0,1590165,173850,16738,8.95
2026-09-04 15:21:31,23937.9,2026-09-08,24300.0,PE,344.9,343.6,344.55,78308,18806,1220,9.22
2026-09-04 15:21:31,23937.9,2026-09-08,24350.0,CE,5.15,5.15,5.2,752027,75466,9009,9.37
2026-09-04 15:21:31,23937.9,2026-09-08,24350.0,PE,393.6,391.35,392.5,10154,2797,-114,10.42
2026-09-04 15:21:31,23937.9,2026-09-08,24400.0,CE,3.8,3.8,3.85,933983,171434,49719,9.78
2026-09-04 15:21:31,23937.9,2026-09-08,24400.0,PE,445.35,440.75,442.0,11433,7791,-610,11.45
2026-09-04 15:21:31,23937.9,2026-09-08,24450.0,CE,3.25,3.2,3.25,356341,56564,4287,10.36
2026-09-04 15:21:31,23937.9,2026-09-08,24450.0,PE,493.05,489.5,491.4,2001,1248,-36,11.3
2026-09-04 15:22:31,23937.9,2026-09-08,23450.0,CE,502.0,504.6,506.4,1554,691,29,16.27
2026-09-04 15:22:31,23937.9,2026-09-08,23450.0,PE,4.0,4.0,4.05,397059,40921,9859,11.37
2026-09-04 15:22:31,23937.9,2026-09-08,23500.0,CE,458.65,455.9,457.3,22995,4357,-633,15.04
2026-09-04 15:22:31,23937.9,2026-09-08,23500.0,PE,4.95,4.9,4.95,1013586,169956,7726,10.8
2026-09-04 15:22:31,23937.9,2026-09-08,23550.0,CE,408.1,407.0,408.4,4642,1009,77,13.89
2026-09-04 15:22:31,23937.9,2026-09-08,23550.0,PE,6.45,6.45,6.5,590573,45321,12436,10.39
2026-09-04 15:22:31,23937.9,2026-09-08,23600.0,CE,360.4,360.0,360.6,25276,4233,40,13.34
2026-09-04 15:22:31,23937.9,2026-09-08,23600.0,PE,8.7,8.65,8.7,1296890,142533,15673,9.86
2026-09-04 15:22:31,23937.9,2026-09-08,23650.0,CE,313.55,313.55,314.35,18019,2279,313,12.1
2026-09-04 15:22:31,23937.9,2026-09-08,23650.0,PE,12.25,12.25,12.3,1051525,66836,25020,9.56
2026-09-04 15:22:31,23937.9,2026-09-08,23700.0,CE,269.55,268.9,269.55,115811,8400,-1018,11.49
2026-09-04 15:22:31,23937.9,2026-09-08,23700.0,PE,17.25,17.25,17.35,1954070,133170,40917,9.3
2026-09-04 15:22:31,23937.9,2026-09-08,23750.0,CE,226.7,226.1,226.6,126221,8018,1478,11.31
2026-09-04 15:22:31,23937.9,2026-09-08,23750.0,PE,24.75,24.65,24.75,1637362,84338,42923,9.03
2026-09-04 15:22:31,23937.9,2026-09-08,23800.0,CE,186.6,186.1,186.6,818593,36906,-6324,10.56
2026-09-04 15:22:31,23937.9,2026-09-08,23800.0,PE,34.8,34.75,34.9,3293825,217833,107738,8.94
2026-09-04 15:22:31,23937.9,2026-09-08,23850.0,CE,149.65,149.3,149.65,801789,24290,-3366,10.27
2026-09-04 15:22:31,23937.9,2026-09-08,23850.0,PE,47.55,47.65,47.7,2741092,122588,65766,8.6
2026-09-04 15:22:31,23937.9,2026-09-08,23900.0,CE,116.7,116.45,116.8,3575986,108779,-10806,9.88
2026-09-04 15:22:31,23937.9,2026-09-08,23900.0,PE,64.9,64.75,64.9,6733800,278536,171804,8.48
2026-09-04 15:22:31,23937.9,2026-09-08,23950.0,CE,88.1,88.1,88.25,4454301,148089,57134,9.68
2026-09-04 15:22:31,23937.9,2026-09-08,23950.0,PE,86.25,86.3,86.5,5893523,169273,126964,8.11
2026-09-04 15:22:31,23937.9,2026-09-08,24000.0,CE,64.2,64.1,64.25,7137325,324464,41491,9.29
2026-09-04 15:22:31,23937.9,2026-09-08,24000.0,PE,112.45,112.15,112.45,5274559,155709,41985,8.11
2026-09-04 15:22:31,23937.9,2026-09-08,24050.0,CE,46.0,45.8,45.95,3124593,136840,16961,9.21
2026-09-04 15:22:31,23937.9,2026-09-08,24050.0,PE,143.6,143.25,143.55,1348915,33689,16561,7.73
2026-09-04 15:22:31,23937.9,2026-09-08,24100.0,CE,31.45,31.45,31.5,3659825,213842,27105,9.17
2026-09-04 15:22:31,23937.9,2026-09-08,24100.0,PE,178.65,178.65,179.0,1203069,51104,-49,7.18
2026-09-04 15:22:31,23937.9,2026-09-08,24150.0,CE,20.9,20.85,20.95,1940374,121580,41483,9.0
2026-09-04 15:22:31,23937.9,2026-09-08,24150.0,PE,218.85,218.8,219.3,276495,15796,4861,7.08
2026-09-04 15:22:31,23937.9,2026-09-08,24200.0,CE,14.1,14.05,14.1,2687484,214420,33080,9.09
2026-09-04 15:22:31,23937.9,2026-09-08,24200.0,PE,262.2,261.45,262.2,337795,35807,-4507,5.57
2026-09-04 15:22:31,23937.9,2026-09-08,24250.0,CE,9.35,9.35,9.4,1305351,84587,16699,9.14
2026-09-04 15:22:31,23937.9,2026-09-08,24250.0,PE,306.9,306.9,307.75,53246,6947,335,
2026-09-04 15:22:31,23937.9,2026-09-08,24300.0,CE,6.35,6.3,6.35,1604228,171817,14705,9.3
2026-09-04 15:22:31,23937.9,2026-09-08,24300.0,PE,353.5,353.5,354.3,79835,17806,220,
2026-09-04 15:22:31,23937.9,2026-09-08,24350.0,CE,4.75,4.75,4.8,757840,73371,6914,9.61
2026-09-04 15:22:31,23937.9,2026-09-08,24350.0,PE,402.75,402.25,403.65,10342,2800,-111,
2026-09-04 15:22:31,23937.9,2026-09-08,24400.0,CE,3.65,3.65,3.7,948892,166932,45217,9.92
2026-09-04 15:22:31,23937.9,2026-09-08,24400.0,PE,451.35,450.45,451.85,11607,7755,-646,
2026-09-04 15:22:31,23937.9,2026-09-08,24450.0,CE,3.1,3.05,3.1,359524,56943,4666,10.42
2026-09-04 15:22:31,23937.9,2026-09-08,24450.0,PE,501.05,499.95,501.9,2071,1239,-45,
2026-09-04 15:23:32,23937.9,2026-09-08,23450.0,CE,502.0,506.85,508.5,1554,691,29,16.27
2026-09-04 15:23:32,23937.9,2026-09-08,23450.0,PE,4.0,4.0,4.05,397510,40976,9914,11.37
2026-09-04 15:23:32,23937.9,2026-09-08,23500.0,CE,458.0,458.65,459.4,23007,4344,-646,15.04
2026-09-04 15:23:32,23937.9,2026-09-08,23500.0,PE,4.9,4.9,4.95,1015124,169882,7652,10.8
2026-09-04 15:23:32,23937.9,2026-09-08,23550.0,CE,409.0,409.45,410.75,4644,1017,85,13.89
2026-09-04 15:23:32,23937.9,2026-09-08,23550.0,PE,6.5,6.45,6.5,590897,45134,12249,10.39
2026-09-04 15:23:32,23937.9,2026-09-08,23600.0,CE,362.55,362.2,362.95,25329,4200,7,13.34
2026-09-04 15:23:32,23937.9,2026-09-08,23600.0,PE,8.7,8.65,8.7,1298129,142678,15818,9.86
2026-09-04 15:23:32,23937.9,2026-09-08,23650.0,CE,314.95,315.4,316.35,18060,2383,417,12.1
2026-09-04 15:23:32,23937.9,2026-09-08,23650.0,PE,12.25,12.25,12.3,1052603,66053,24237,9.56
2026-09-04 15:23:32,23937.9,2026-09-08,23700.0,CE,270.9,270.15,270.95,115948,8407,-1011,11.49
2026-09-04 15:23:32,23937.9,2026-09-08,23700.0,PE,17.25,17.15,17.2,1955924,133499,41246,9.3
2026-09-04 15:23:32,23937.9,2026-09-08,23750.0,CE,227.4,227.25,227.85,126291,7995,1455,11.31
2026-09-04 15:23:32,23937.9,2026-09-08,23750.0,PE,24.6,24.6,24.65,1641174,85345,43930,9.03
2026-09-04 15:23:32,23937.9,2026-09-08,23800.0,CE,188.1,188.15,188.7,819032,37790,-5440,10.56
2026-09-04 15:23:32,23937.9,2026-09-08,23800.0,PE,34.75,34.8,34.9,3299710,216537,106442,8.94
2026-09-04 15:23:32,23937.9,2026-09-08,23850.0,CE,151.35,151.4,151.7,802277,24586,-3070,10.27
2026-09-04 15:23:32,23937.9,2026-09-08,23850.0,PE,47.35,47.45,47.55,2746787,123239,66417,8.6
2026-09-04 15:23:32,23937.9,2026-09-08,23900.0,CE,118.25,118.25,118.5,3577846,109496,-10089,9.88
2026-09-04 15:23:32,23937.9,2026-09-08,23900.0,PE,64.5,64.5,64.7,6744729,269333,162601,8.48
2026-09-04 15:23:32,23937.9,2026-09-08,23950.0,CE,89.5,89.3,89.5,4458532,149997,59042,9.68
2026-09-04 15:23:32,23937.9,2026-09-08,23950.0,PE,85.1,85.0,85.1,5899833,163545,121236,8.11
2026-09-04 15:23:32,23937.9,2026-09-08,24000.0,CE,65.35,65.3,65.35,7141784,325006,42033,9.29
2026-09-04 15:23:32,23937.9,2026-09-08,24000.0,PE,111.8,111.55,111.8,5279154,153372,39648,8.11
2026-09-04 15:23:32,23937.9,2026-09-08,24050.0,CE,46.4,46.35,46.5,3126937,137452,17573,9.21
2026-09-04 15:23:32,23937.9,2026-09-08,24050.0,PE,142.3,142.25,142.65,1349776,32714,15586,7.73
2026-09-04 15:23:32,23937.9,2026-09-08,24100.0,CE,31.75,31.65,31.75,3663609,214668,27931,9.17
2026-09-04 15:23:32,23937.9,2026-09-08,24100.0,PE,178.0,178.0,178.2,1203967,50062,-1091,7.18
2026-09-04 15:23:32,23937.9,2026-09-08,24150.0,CE,21.35,21.3,21.35,1943943,119849,39752,9.0
2026-09-04 15:23:32,23937.9,2026-09-08,24150.0,PE,217.7,217.2,217.85,276673,15225,4290,7.08
2026-09-04 15:23:32,23937.9,2026-09-08,24200.0,CE,14.3,14.3,14.35,2690779,214557,33217,9.09
2026-09-04 15:23:32,23937.9,2026-09-08,24200.0,PE,259.75,259.95,260.6,338096,35358,-4956,5.57
2026-09-04 15:23:32,23937.9,2026-09-08,24250.0,CE,9.55,9.5,9.55,1306950,84085,16197,9.14
2026-09-04 15:23:32,23937.9,2026-09-08,24250.0,PE,305.65,304.95,305.75,53370,6892,280,
2026-09-04 15:23:32,23937.9,2026-09-08,24300.0,CE,6.4,6.35,6.4,1609955,173035,15923,9.3
2026-09-04 15:23:32,23937.9,2026-09-08,24300.0,PE,352.95,351.6,352.6,80015,17925,339,
2026-09-04 15:23:32,23937.9,2026-09-08,24350.0,CE,4.75,4.75,4.8,758837,73759,7302,9.61
2026-09-04 15:23:32,23937.9,2026-09-08,24350.0,PE,401.65,400.15,401.4,10384,2878,-33,
2026-09-04 15:23:32,23937.9,2026-09-08,24400.0,CE,3.65,3.65,3.7,951039,163272,41557,9.92
2026-09-04 15:23:32,23937.9,2026-09-08,24400.0,PE,450.0,449.1,450.5,11654,7792,-609,
2026-09-04 15:23:32,23937.9,2026-09-08,24450.0,CE,3.05,3.05,3.1,359845,56619,4342,10.42
2026-09-04 15:23:32,23937.9,2026-09-08,24450.0,PE,500.15,498.45,500.15,2113,1266,-18,
2026-09-04 15:24:32,23937.9,2026-09-08,23450.0,CE,507.95,508.2,509.75,1555,699,37,16.27
2026-09-04 15:24:32,23937.9,2026-09-08,23450.0,PE,3.85,3.85,3.9,400633,41014,9952,11.37
2026-09-04 15:24:32,23937.9,2026-09-08,23500.0,CE,458.5,458.8,460.35,23095,4344,-646,15.04
2026-09-04 15:24:32,23937.9,2026-09-08,23500.0,PE,4.8,4.75,4.8,1023486,170629,8399,10.8
2026-09-04 15:24:32,23937.9,2026-09-08,23550.0,CE,409.85,410.3,411.5,4671,1017,85,13.89
2026-09-04 15:24:32,23937.9,2026-09-08,23550.0,PE,6.3,6.3,6.35,594632,44765,11880,10.39
2026-09-04 15:24:32,23937.9,2026-09-08,23600.0,CE,363.2,363.0,363.65,25685,4032,-161,13.34
2026-09-04 15:24:32,23937.9,2026-09-08,23600.0,PE,8.4,8.45,8.5,1307826,142094,15234,9.86
2026-09-04 15:24:32,23937.9,2026-09-08,23650.0,CE,316.65,316.45,317.25,18285,2383,417,12.1
2026-09-04 15:24:32,23937.9,2026-09-08,23650.0,PE,12.1,12.0,12.1,1060070,65950,24134,9.56
2026-09-04 15:24:32,23937.9,2026-09-08,23700.0,CE,271.15,271.3,272.05,116878,8213,-1205,11.49
2026-09-04 15:24:32,23937.9,2026-09-08,23700.0,PE,16.85,16.85,16.95,1968492,133351,41098,9.3
2026-09-04 15:24:32,23937.9,2026-09-08,23750.0,CE,228.7,228.6,229.2,127366,7906,1366,11.31
2026-09-04 15:24:32,23937.9,2026-09-08,23750.0,PE,24.25,24.2,24.3,1654418,84959,43544,9.03
2026-09-04 15:24:32,23937.9,2026-09-08,23800.0,CE,189.55,189.4,189.85,822141,38302,-4928,10.56
2026-09-04 15:24:32,23937.9,2026-09-08,23800.0,PE,34.3,34.3,34.35,3322258,217913,107818,8.94
2026-09-04 15:24:32,23937.9,2026-09-08,23850.0,CE,152.6,152.4,152.6,806222,25222,-2434,10.27
2026-09-04 15:24:32,23937.9,2026-09-08,23850.0,PE,47.0,47.0,47.1,2768837,124348,67526,8.6
2026-09-04 15:24:32,23937.9,2026-09-08,23900.0,CE,118.9,118.7,118.9,3587536,109203,-10382,9.88
2026-09-04 15:24:32,23937.9,2026-09-08,23900.0,PE,63.95,63.75,63.9,6785601,266196,159464,8.48
2026-09-04 15:24:32,23937.9,2026-09-08,23950.0,CE,89.5,89.25,89.5,4474187,150388,59433,9.68
2026-09-04 15:24:32,23937.9,2026-09-08,23950.0,PE,84.7,84.7,84.85,5923778,159271,116962,8.11
2026-09-04 15:24:32,23937.9,2026-09-08,24000.0,CE,65.75,65.65,65.7,7171043,322902,39929,9.29
2026-09-04 15:24:32,23937.9,2026-09-08,24000.0,PE,110.35,110.4,110.6,5300500,151158,37434,8.11
2026-09-04 15:24:32,23937.9,2026-09-08,24050.0,CE,46.75,46.65,46.75,3142993,137533,17654,9.21
2026-09-04 15:24:32,23937.9,2026-09-08,24050.0,PE,140.95,141.05,141.35,1354253,31777,14649,7.73
2026-09-04 15:24:32,23937.9,2026-09-08,24100.0,CE,31.9,31.8,31.9,3684825,212777,26040,9.17
2026-09-04 15:24:32,23937.9,2026-09-08,24100.0,PE,176.55,176.05,176.45,1208874,49925,-1228,7.18
2026-09-04 15:24:32,23937.9,2026-09-08,24150.0,CE,21.0,21.0,21.1,1952778,117557,37460,9.0
2026-09-04 15:24:32,23937.9,2026-09-08,24150.0,PE,216.05,215.9,216.3,277880,14874,3939,7.08
2026-09-04 15:24:32,23937.9,2026-09-08,24200.0,CE,14.25,14.25,14.3,2703260,213967,32627,9.09
2026-09-04 15:24:32,23937.9,2026-09-08,24200.0,PE,258.4,258.4,259.1,339622,35242,-5072,5.57
2026-09-04 15:24:32,23937.9,2026-09-08,24250.0,CE,9.25,9.25,9.3,1313721,83809,15921,9.14
2026-09-04 15:24:32,23937.9,2026-09-08,24250.0,PE,303.9,303.85,304.7,53791,6646,34,
2026-09-04 15:24:32,23937.9,2026-09-08,24300.0,CE,6.25,6.2,6.25,1620946,174317,17205,9.3
2026-09-04 15:24:32,23937.9,2026-09-08,24300.0,PE,351.85,350.95,351.6,80451,17761,175,
2026-09-04 15:24:32,23937.9,2026-09-08,24350.0,CE,4.7,4.65,4.7,764522,74518,8061,9.61
2026-09-04 15:24:32,23937.9,2026-09-08,24350.0,PE,400.6,398.7,400.0,10568,2878,-33,
2026-09-04 15:24:32,23937.9,2026-09-08,24400.0,CE,3.55,3.55,3.6,958986,160644,38929,9.92
2026-09-04 15:24:32,23937.9,2026-09-08,24400.0,PE,449.7,447.65,448.9,11918,7792,-609,
2026-09-04 15:24:32,23937.9,2026-09-08,24450.0,CE,2.95,2.95,3.0,363000,56240,3963,10.42
2026-09-04 15:24:32,23937.9,2026-09-08,24450.0,PE,498.95,496.6,498.35,2126,1266,-18,
2026-09-04 15:25:33,23937.9,2026-09-08,23450.0,CE,513.9,510.35,512.1,1557,700,38,13.28
2026-09-04 15:25:33,23937.9,2026-09-08,23450.0,PE,3.85,3.85,3.9,406390,41681,10619,11.34
2026-09-04 15:25:33,23937.9,2026-09-08,23500.0,CE,462.05,460.95,462.5,23181,4327,-663,
2026-09-04 15:25:33,23937.9,2026-09-08,23500.0,PE,4.7,4.7,4.75,1037988,171417,9187,10.84
2026-09-04 15:25:33,23937.9,2026-09-08,23550.0,CE,415.3,412.65,414.15,4682,1011,79,
2026-09-04 15:25:33,23937.9,2026-09-08,23550.0,PE,6.15,6.15,6.2,600103,44194,11309,10.37
2026-09-04 15:25:33,23937.9,2026-09-08,23600.0,CE,366.6,364.85,365.95,25971,3923,-270,9.61
2026-09-04 15:25:33,23937.9,2026-09-08,23600.0,PE,8.2,8.15,8.2,1321387,141916,15056,9.95
2026-09-04 15:25:33,23937.9,2026-09-08,23650.0,CE,320.0,318.35,319.2,18584,2156,190,8.45
2026-09-04 15:25:33,23937.9,2026-09-08,23650.0,PE,11.5,11.55,11.6,1069953,64818,23002,9.69
2026-09-04 15:25:33,23937.9,2026-09-08,23700.0,CE,274.0,273.4,273.95,117913,7773,-1645,8.67
2026-09-04 15:25:33,23937.9,2026-09-08,23700.0,PE,16.3,16.3,16.35,1989175,134243,41990,9.43
2026-09-04 15:25:33,23937.9,2026-09-08,23750.0,CE,230.0,229.75,229.9,128859,7551,1011,8.8
2026-09-04 15:25:33,23937.9,2026-09-08,23750.0,PE,23.35,23.3,23.35,1673067,83447,42032,9.29
2026-09-04 15:25:33,23937.9,2026-09-08,23800.0,CE,190.35,190.55,190.95,827288,37622,-5608,8.83
2026-09-04 15:25:33,23937.9,2026-09-08,23800.0,PE,33.1,33.0,33.1,3364223,216790,106695,9.15
2026-09-04 15:25:33,23937.9,2026-09-08,23850.0,CE,153.35,153.0,153.25,812049,25033,-2623,8.82
2026-09-04 15:25:33,23937.9,2026-09-08,23850.0,PE,45.5,45.4,45.5,2801858,123323,66501,8.95
2026-09-04 15:25:33,23937.9,2026-09-08,23900.0,CE,119.5,119.3,119.55,3603505,108567,-11018,8.72
2026-09-04 15:25:33,23937.9,2026-09-08,23900.0,PE,61.85,61.85,62.0,6835629,259991,153259,8.84
2026-09-04 15:25:33,23937.9,2026-09-08,23950.0,CE,89.85,89.65,89.9,4499745,150606,59651,8.49
2026-09-04 15:25:33,23937.9,2026-09-08,23950.0,PE,82.85,82.6,82.75,5956870,156468,114159,8.75
2026-09-04 15:25:33,23937.9,2026-09-08,24000.0,CE,65.85,65.85,65.9,7209632,317973,35000,8.49
2026-09-04 15:25:33,23937.9,2026-09-08,24000.0,PE,108.7,108.25,108.5,5330153,149236,35512,8.61
2026-09-04 15:25:33,23937.9,2026-09-08,24050.0,CE,47.05,46.9,47.05,3161694,137800,17921,8.5
2026-09-04 15:25:33,23937.9,2026-09-08,24050.0,PE,138.35,138.6,138.75,1361293,30269,13141,8.67
2026-09-04 15:25:33,23937.9,2026-09-08,24100.0,CE,31.85,31.75,31.85,3714876,214222,27485,8.46
2026-09-04 15:25:33,23937.9,2026-09-08,24100.0,PE,174.1,174.0,174.35,1215001,48863,-2290,8.69
2026-09-04 15:25:33,23937.9,2026-09-08,24150.0,CE,21.5,21.45,21.5,1979347,113865,33768,8.54
2026-09-04 15:25:33,23937.9,2026-09-08,24150.0,PE,213.7,213.35,213.7,279122,14812,3877,8.72
2026-09-04 15:25:33,23937.9,2026-09-08,24200.0,CE,14.2,14.15,14.2,2724242,211762,30422,8.66
2026-09-04 15:25:33,23937.9,2026-09-08,24200.0,PE,256.0,256.25,256.85,341532,34885,-5429,8.94
2026-09-04 15:25:33,23937.9,2026-09-08,24250.0,CE,9.3,9.3,9.35,1325057,82825,14937,8.82
2026-09-04 15:25:33,23937.9,2026-09-08,24250.0,PE,300.7,301.2,302.0,54039,6677,65,9.1
2026-09-04 15:25:33,23937.9,2026-09-08,24300.0,CE,6.35,6.3,6.35,1635096,174322,17210,8.95
2026-09-04 15:25:33,23937.9,2026-09-08,24300.0,PE,348.75,348.2,349.05,81154,17633,47,9.22
2026-09-04 15:25:33,23937.9,2026-09-08,24350.0,CE,4.7,4.65,4.7,771024,74843,8386,9.37
2026-09-04 15:25:33,23937.9,2026-09-08,24350.0,PE,392.5,396.75,397.9,10648,2744,-167,10.42
2026-09-04 15:25:33,23937.9,2026-09-08,24400.0,CE,3.6,3.55,3.6,968895,160177,38462,9.78
2026-09-04 15:25:33,23937.9,2026-09-08,24400.0,PE,446.1,445.05,446.75,11963,7557,-844,11.45
2026-09-04 15:25:33,23937.9,2026-09-08,24450.0,CE,3.1,3.05,3.1,366724,55976,3699,10.36
2026-09-04 15:25:33,23937.9,2026-09-08,24450.0,PE,493.4,494.3,496.3,2132,1271,-13,11.3
2026-09-04 15:26:33,23937.9,2026-09-08,23450.0,CE,507.35,507.3,509.9,1559,700,38,13.28
2026-09-04 15:26:33,23937.9,2026-09-08,23450.0,PE,3.8,3.8,3.85,409822,41681,10619,11.34
2026-09-04 15:26:33,23937.9,2026-09-08,23500.0,CE,459.6,458.05,459.55,23338,4327,-663,
2026-09-04 15:26:33,23937.9,2026-09-08,23500.0,PE,4.65,4.65,4.7,1044620,171417,9187,10.84
2026-09-04 15:26:33,23937.9,2026-09-08,23550.0,CE,410.05,409.85,411.5,4711,1011,79,
2026-09-04 15:26:33,23937.9,2026-09-08,23550.0,PE,6.1,6.1,6.15,603467,44194,11309,10.37
2026-09-04 15:26:33,23937.9,2026-09-08,23600.0,CE,362.5,362.25,363.4,26144,3923,-270,9.61
2026-09-04 15:26:33,23937.9,2026-09-08,23600.0,PE,8.15,8.15,8.2,1326329,141916,15056,9.95
2026-09-04 15:26:33,23937.9,2026-09-08,23650.0,CE,315.0,315.75,316.6,18634,2156,190,8.45
2026-09-04 15:26:33,23937.9,2026-09-08,23650.0,PE,11.55,11.55,11.6,1073618,64818,23002,9.69
2026-09-04 15:26:33,23937.9,2026-09-08,23700.0,CE,271.2,271.0,271.55,118168,7773,-1645,8.67
2026-09-04 15:26:33,23937.9,2026-09-08,23700.0,PE,16.45,16.35,16.45,1997117,134243,41990,9.43
2026-09-04 15:26:33,23937.9,2026-09-08,23750.0,CE,227.4,227.6,228.15,129228,7551,1011,8.8
2026-09-04 15:26:33,23937.9,2026-09-08,23750.0,PE,23.55,23.55,23.65,1680435,83447,42032,9.29
2026-09-04 15:26:33,23937.9,2026-09-08,23800.0,CE,188.4,188.0,188.5,829700,37622,-5608,8.83
2026-09-04 15:26:33,23937.9,2026-09-08,23800.0,PE,33.4,33.45,33.55,3376936,216790,106695,9.15
2026-09-04 15:26:33,23937.9,2026-09-08,23850.0,CE,150.75,150.75,151.1,813938,25033,-2623,8.82
2026-09-04 15:26:33,23937.9,2026-09-08,23850.0,PE,46.2,46.1,46.25,2814759,123323,66501,8.95
2026-09-04 15:26:33,23937.9,2026-09-08,23900.0,CE,117.65,117.55,117.7,3611064,108567,-11018,8.72
2026-09-04 15:26:33,23937.9,2026-09-08,23900.0,PE,62.8,62.8,63.0,6856842,259991,153259,8.84
2026-09-04 15:26:33,23937.9,2026-09-08,23950.0,CE,88.6,88.4,88.6,4510137,150606,59651,8.49
2026-09-04 15:26:33,23937.9,2026-09-08,23950.0,PE,83.55,83.55,83.65,5974127,156468,114159,8.75
2026-09-04 15:26:33,23937.9,2026-09-08,24000.0,CE,64.7,64.75,64.9,7230415,317973,35000,8.49
2026-09-04 15:26:33,23937.9,2026-09-08,24000.0,PE,109.45,109.45,109.55,5342506,149236,35512,8.61
2026-09-04 15:26:33,23937.9,2026-09-08,24050.0,CE,45.9,45.75,45.9,3172018,137800,17921,8.5
2026-09-04 15:26:33,23937.9,2026-09-08,24050.0,PE,140.5,140.15,140.5,1364009,30269,13141,8.67
2026-09-04 15:26:33,23937.9,2026-09-08,24100.0,CE,31.25,31.15,31.25,3729431,214222,27485,8.46
2026-09-04 15:26:33,23937.9,2026-09-08,24100.0,PE,176.0,176.0,176.3,1217167,48863,-2290,8.69
2026-09-04 15:26:33,23937.9,2026-09-08,24150.0,CE,21.0,20.9,21.0,1988673,113865,33768,8.54
2026-09-04 15:26:33,23937.9,2026-09-08,24150.0,PE,215.75,215.4,215.8,279604,14812,3877,8.72
2026-09-04 15:26:33,23937.9,2026-09-08,24200.0,CE,13.85,13.9,13.95,2733870,211762,30422,8.66
2026-09-04 15:26:33,23937.9,2026-09-08,24200.0,PE,258.5,258.6,258.95,341968,34885,-5429,8.94
2026-09-04 15:26:33,23937.9,2026-09-08,24250.0,CE,9.15,9.2,9.25,1329782,82825,14937,8.82
2026-09-04 15:26:33,23937.9,2026-09-08,24250.0,PE,304.5,304.05,304.9,54236,6677,65,9.1
2026-09-04 15:26:33,23937.9,2026-09-08,24300.0,CE,6.25,6.25,6.3,1644885,174322,17210,8.95
2026-09-04 15:26:33,23937.9,2026-09-08,24300.0,PE,350.8,350.7,351.6,81346,17633,47,9.22
2026-09-04 15:26:33,23937.9,2026-09-08,24350.0,CE,4.65,4.65,4.7,774988,74843,8386,9.37
2026-09-04 15:26:33,23937.9,2026-09-08,24350.0,PE,399.05,399.0,400.4,10685,2713,-198,10.42
2026-09-04 15:26:33,23937.9,2026-09-08,24400.0,CE,3.55,3.55,3.6,972816,160177,38462,9.78
2026-09-04 15:26:33,23937.9,2026-09-08,24400.0,PE,449.45,447.45,448.9,11977,7555,-846,11.45
2026-09-04 15:26:33,23937.9,2026-09-08,24450.0,CE,3.0,3.0,3.05,367905,55976,3699,10.36
2026-09-04 15:26:33,23937.9,2026-09-08,24450.0,PE,498.7,497.0,499.35,2136,1270,-14,11.3
2026-09-04 15:27:34,23937.9,2026-09-08,23450.0,CE,517.7,515.1,517.0,1563,697,35,16.27
2026-09-04 15:27:34,23937.9,2026-09-08,23450.0,PE,3.4,3.4,3.45,412936,41087,10025,11.37
2026-09-04 15:27:34,23937.9,2026-09-08,23500.0,CE,465.75,465.6,466.95,23444,4357,-633,15.04
2026-09-04 15:27:34,23937.9,2026-09-08,23500.0,PE,4.1,4.1,4.15,1054093,171129,8899,10.8
2026-09-04 15:27:34,23937.9,2026-09-08,23550.0,CE,419.3,416.4,417.8,4744,989,57,13.89
2026-09-04 15:27:34,23937.9,2026-09-08,23550.0,PE,5.5,5.4,5.5,607993,44413,11528,10.39
2026-09-04 15:27:34,23937.9,2026-09-08,23600.0,CE,369.0,368.35,369.35,26391,3876,-317,13.34
2026-09-04 15:27:34,23937.9,2026-09-08,23600.0,PE,7.4,7.35,7.4,1338065,141410,14550,9.86
2026-09-04 15:27:34,23937.9,2026-09-08,23650.0,CE,322.1,322.75,323.55,18676,2154,188,12.1
2026-09-04 15:27:34,23937.9,2026-09-08,23650.0,PE,10.5,10.4,10.5,1078655,64859,23043,9.56
2026-09-04 15:27:34,23937.9,2026-09-08,23700.0,CE,277.15,276.8,277.45,118630,7682,-1736,11.49
2026-09-04 15:27:34,23937.9,2026-09-08,23700.0,PE,15.0,14.95,15.0,2007391,133725,41472,9.3
2026-09-04 15:27:34,23937.9,2026-09-08,23750.0,CE,233.45,232.8,233.4,129520,7464,924,11.31
2026-09-04 15:27:34,23937.9,2026-09-08,23750.0,PE,21.65,21.65,21.75,1688653,82160,40745,9.03
2026-09-04 15:27:34,23937.9,2026-09-08,23800.0,CE,192.85,192.45,192.9,834279,37496,-5734,10.56
2026-09-04 15:27:34,23937.9,2026-09-08,23800.0,PE,31.1,31.05,31.15,3401208,215585,105490,8.94
2026-09-04 15:27:34,23937.9,2026-09-08,23850.0,CE,155.4,155.25,155.7,816214,25264,-2392,10.27
2026-09-04 15:27:34,23937.9,2026-09-08,23850.0,PE,42.8,42.85,42.95,2830718,122228,65406,8.6
2026-09-04 15:27:34,23937.9,2026-09-08,23900.0,CE,121.1,120.8,121.1,3620915,108049,-11536,9.88
2026-09-04 15:27:34,23937.9,2026-09-08,23900.0,PE,59.35,59.1,59.35,6888806,256976,150244,8.48
2026-09-04 15:27:34,23937.9,2026-09-08,23950.0,CE,91.0,90.95,91.05,4521532,150346,59391,9.68
2026-09-04 15:27:34,23937.9,2026-09-08,23950.0,PE,79.55,79.5,79.65,5996457,153065,110756,8.11
2026-09-04 15:27:34,23937.9,2026-09-08,24000.0,CE,67.45,67.25,67.45,7252659,313383,30410,9.29
2026-09-04 15:27:34,23937.9,2026-09-08,24000.0,PE,104.3,104.3,104.4,5360896,147206,33482,8.11
2026-09-04 15:27:34,23937.9,2026-09-08,24050.0,CE,47.6,47.65,47.8,3183142,136693,16814,9.21
2026-09-04 15:27:34,23937.9,2026-09-08,24050.0,PE,134.6,134.7,135.05,1367443,29754,12626,7.73
2026-09-04 15:27:34,23937.9,2026-09-08,24100.0,CE,32.25,32.25,32.35,3741132,213996,27259,9.17
2026-09-04 15:27:34,23937.9,2026-09-08,24100.0,PE,170.05,170.0,170.25,1219477,48410,-2743,7.18
2026-09-04 15:27:34,23937.9,2026-09-08,24150.0,CE,21.65,21.6,21.65,1995087,112711,32614,9.0
2026-09-04 15:27:34,23937.9,2026-09-08,24150.0,PE,210.0,209.2,209.8,280251,14585,3650,7.08
2026-09-04 15:27:34,23937.9,2026-09-08,24200.0,CE,14.45,14.4,14.45,2743493,210437,29097,9.09
2026-09-04 15:27:34,23937.9,2026-09-08,24200.0,PE,251.7,251.05,251.65,342876,34826,-5488,5.57
2026-09-04 15:27:34,23937.9,2026-09-08,24250.0,CE,9.45,9.4,9.5,1334300,83795,15907,9.14
2026-09-04 15:27:34,23937.9,2026-09-08,24250.0,PE,296.15,296.85,297.8,54481,6585,-27,
2026-09-04 15:27:34,23937.9,2026-09-08,24300.0,CE,6.3,6.3,6.35,1650741,169424,12312,9.3
2026-09-04 15:27:34,23937.9,2026-09-08,24300.0,PE,343.6,343.7,344.8,81477,17521,-65,
2026-09-04 15:27:34,23937.9,2026-09-08,24350.0,CE,4.7,4.65,4.7,777090,75420,8963,9.61
2026-09-04 15:27:34,23937.9,2026-09-08,24350.0,PE,391.45,391.35,392.55,10693,2714,-197,
2026-09-04 15:27:34,23937.9,2026-09-08,24400.0,CE,3.6,3.55,3.6,975250,158548,36833,9.92
2026-09-04 15:27:34,23937.9,2026-09-08,24400.0,PE,440.95,440.05,441.55,11995,7552,-849,
2026-09-04 15:27:34,23937.9,2026-09-08,24450.0,CE,3.0,2.95,3.0,370141,55855,3578,10.42
2026-09-04 15:27:34,23937.9,2026-09-08,24450.0,PE,491.25,489.45,491.55,2140,1272,-12,
2026-09-04 15:28:34,23937.9,2026-09-08,23450.0,CE,520.05,518.6,520.05,1569,693,31,16.27
2026-09-04 15:28:34,23937.9,2026-09-08,23450.0,PE,3.45,3.45,3.5,418558,40583,9521,11.37
2026-09-04 15:28:34,23937.9,2026-09-08,23500.0,CE,468.75,468.7,470.3,23546,4335,-655,15.04
2026-09-04 15:28:34,23937.9,2026-09-08,23500.0,PE,4.2,4.15,4.2,1069536,170606,8376,10.8
2026-09-04 15:28:34,23937.9,2026-09-08,23550.0,CE,420.9,420.5,422.1,4764,1008,76,13.89
2026-09-04 15:28:34,23937.9,2026-09-08,23550.0,PE,5.55,5.5,5.55,613988,43777,10892,10.39
2026-09-04 15:28:34,23937.9,2026-09-08,23600.0,CE,371.75,372.1,373.25,26625,3882,-311,13.34
2026-09-04 15:28:34,23937.9,2026-09-08,23600.0,PE,7.3,7.3,7.35,1349482,137249,10389,9.86
2026-09-04 15:28:34,23937.9,2026-09-08,23650.0,CE,326.05,325.45,326.55,18749,2123,157,12.1
2026-09-04 15:28:34,23937.9,2026-09-08,23650.0,PE,10.25,10.25,10.3,1087366,63866,22050,9.56
2026-09-04 15:28:34,23937.9,2026-09-08,23700.0,CE,279.65,279.55,280.25,119259,7482,-1936,11.49
2026-09-04 15:28:34,23937.9,2026-09-08,23700.0,PE,14.7,14.65,14.7,2025899,130950,38697,9.3
2026-09-04 15:28:34,23937.9,2026-09-08,23750.0,CE,236.3,236.25,236.8,129981,7337,797,11.31
2026-09-04 15:28:34,23937.9,2026-09-08,23750.0,PE,21.1,21.1,21.15,1703380,78153,36738,9.03
2026-09-04 15:28:34,23937.9,2026-09-08,23800.0,CE,196.0,195.45,195.95,837980,35089,-8141,10.56
2026-09-04 15:28:34,23937.9,2026-09-08,23800.0,PE,30.4,30.4,30.55,3434775,208305,98210,8.94
2026-09-04 15:28:34,23937.9,2026-09-08,23850.0,CE,158.2,158.0,158.35,821224,24507,-3149,10.27
2026-09-04 15:28:34,23937.9,2026-09-08,23850.0,PE,42.0,42.0,42.15,2861549,116943,60121,8.6
2026-09-04 15:28:34,23937.9,2026-09-08,23900.0,CE,123.85,123.7,123.8,3639487,107297,-12288,9.88
2026-09-04 15:28:34,23937.9,2026-09-08,23900.0,PE,57.95,57.95,58.15,6932009,244572,137840,8.48
2026-09-04 15:28:34,23937.9,2026-09-08,23950.0,CE,93.85,93.6,93.85,4547447,150315,59360,9.68
2026-09-04 15:28:34,23937.9,2026-09-08,23950.0,PE,78.1,78.1,78.25,6027650,144865,102556,8.11
2026-09-04 15:28:34,23937.9,2026-09-08,24000.0,CE,69.15,69.15,69.3,7291935,306949,23976,9.29
2026-09-04 15:28:34,23937.9,2026-09-08,24000.0,PE,103.2,102.9,103.2,5386084,140823,27099,8.11
2026-09-04 15:28:34,23937.9,2026-09-08,24050.0,CE,49.05,49.0,49.15,3201176,134794,14915,9.21
2026-09-04 15:28:34,23937.9,2026-09-08,24050.0,PE,133.0,133.1,133.4,1372212,28691,11563,7.73
2026-09-04 15:28:34,23937.9,2026-09-08,24100.0,CE,33.85,33.85,33.95,3764727,209945,23208,9.17
2026-09-04 15:28:34,23937.9,2026-09-08,24100.0,PE,168.05,167.6,167.95,1223498,47830,-3323,7.18
2026-09-04 15:28:34,23937.9,2026-09-08,24150.0,CE,22.7,22.65,22.7,2006779,110665,30568,9.0
2026-09-04 15:28:34,23937.9,2026-09-08,24150.0,PE,207.15,206.55,207.1,281079,14286,3351,7.08
2026-09-04 15:28:34,23937.9,2026-09-08,24200.0,CE,15.2,15.1,15.2,2758932,207038,25698,9.09
2026-09-04 15:28:34,23937.9,2026-09-08,24200.0,PE,248.35,248.55,249.2,343862,34467,-5847,5.57
2026-09-04 15:28:34,23937.9,2026-09-08,24250.0,CE,9.95,9.9,9.95,1342512,83504,15616,9.14
2026-09-04 15:28:34,23937.9,2026-09-08,24250.0,PE,292.05,293.75,294.55,54593,6582,-30,
2026-09-04 15:28:34,23937.9,2026-09-08,24300.0,CE,6.7,6.65,6.7,1659671,167514,10402,9.3
2026-09-04 15:28:34,23937.9,2026-09-08,24300.0,PE,341.2,340.3,341.25,81897,17587,1,
2026-09-04 15:28:34,23937.9,2026-09-08,24350.0,CE,4.95,4.9,4.95,784613,75574,9117,9.61
2026-09-04 15:28:34,23937.9,2026-09-08,24350.0,PE,388.4,388.3,389.5,10781,2692,-219,
2026-09-04 15:28:34,23937.9,2026-09-08,24400.0,CE,3.65,3.6,3.65,984375,157966,36251,9.92
2026-09-04 15:28:34,23937.9,2026-09-08,24400.0,PE,436.3,436.95,438.5,12044,7539,-862,
2026-09-04 15:28:34,23937.9,2026-09-08,24450.0,CE,3.1,3.05,3.1,377254,55346,3069,10.42
2026-09-04 15:28:34,23937.9,2026-09-08,24450.0,PE,487.65,485.9,487.8,2146,1271,-13,
2026-09-04 15:29:34,23897.7,2026-09-08,23400.0,CE,569.2,562.8,564.65,1655,911,-28,
2026-09-04 15:29:34,23897.7,2026-09-08,23400.0,PE,3.05,3.0,3.05,632403,65444,-7029,12.05
2026-09-04 15:29:34,23897.7,2026-09-08,23450.0,CE,519.4,513.4,515.8,1570,691,29,13.28
2026-09-04 15:29:34,23897.7,2026-09-08,23450.0,PE,3.55,3.5,3.55,419864,39767,8705,11.34
2026-09-04 15:29:34,23897.7,2026-09-08,23500.0,CE,468.1,464.65,466.45,23614,4311,-679,
2026-09-04 15:29:34,23897.7,2026-09-08,23500.0,PE,4.3,4.25,4.3,1074768,169837,7607,10.84
2026-09-04 15:29:34,23897.7,2026-09-08,23550.0,CE,418.0,415.85,417.5,4766,996,64,
2026-09-04 15:29:34,23897.7,2026-09-08,23550.0,PE,5.6,5.6,5.65,615021,42888,10003,10.37
2026-09-04 15:29:34,23897.7,2026-09-08,23600.0,CE,367.3,367.7,368.85,26702,3923,-270,9.61
2026-09-04 15:29:34,23897.7,2026-09-08,23600.0,PE,7.55,7.5,7.55,1353830,137570,10710,9.95
2026-09-04 15:29:34,23897.7,2026-09-08,23650.0,CE,322.15,321.35,322.2,18779,2112,146,8.45
2026-09-04 15:29:34,23897.7,2026-09-08,23650.0,PE,10.55,10.55,10.65,1089439,63546,21730,9.69
2026-09-04 15:29:34,23897.7,2026-09-08,23700.0,CE,277.0,275.95,276.65,119410,7525,-1893,8.67
2026-09-04 15:29:34,23897.7,2026-09-08,23700.0,PE,15.0,15.05,15.1,2030414,130560,38307,9.43
2026-09-04 15:29:34,23897.7,2026-09-08,23750.0,CE,233.0,232.1,232.65,130174,7361,821,8.8
2026-09-04 15:29:34,23897.7,2026-09-08,23750.0,PE,21.65,21.65,21.7,1707470,77542,36127,9.29
2026-09-04 15:29:34,23897.7,2026-09-08,23800.0,CE,192.15,191.7,192.0,839082,34943,-8287,8.83
2026-09-04 15:29:34,23897.7,2026-09-08,23800.0,PE,31.15,31.15,31.2,3441936,210212,100117,9.15
2026-09-04 15:29:34,23897.7,2026-09-08,23850.0,CE,154.95,154.5,155.05,822515,24442,-3214,8.82
2026-09-04 15:29:34,23897.7,2026-09-08,23850.0,PE,42.9,42.95,43.0,2867908,116003,59181,8.95
2026-09-04 15:29:34,23897.7,2026-09-08,23900.0,CE,120.4,120.2,120.4,3645881,105832,-13753,8.72
2026-09-04 15:29:34,23897.7,2026-09-08,23900.0,PE,59.0,58.95,59.0,6945521,244730,137998,8.84
2026-09-04 15:29:34,23897.7,2026-09-08,23950.0,CE,90.3,90.3,90.55,4555992,150100,59145,8.49
2026-09-04 15:29:34,23897.7,2026-09-08,23950.0,PE,79.25,79.25,79.55,6034812,144283,101974,8.75
2026-09-04 15:29:34,23897.7,2026-09-08,24000.0,CE,66.3,66.45,66.55,7305936,303035,20062,8.49
2026-09-04 15:29:34,23897.7,2026-09-08,24000.0,PE,104.75,104.75,104.95,5391894,139341,25617,8.61
2026-09-04 15:29:34,23897.7,2026-09-08,24050.0,CE,47.25,47.2,47.3,3208042,134787,14908,8.5
2026-09-04 15:29:34,23897.7,2026-09-08,24050.0,PE,135.0,134.85,135.0,1373519,28742,11614,8.67
2026-09-04 15:29:34,23897.7,2026-09-08,24100.0,CE,32.1,32.1,32.2,3771778,208226,21489,8.46
2026-09-04 15:29:34,23897.7,2026-09-08,24100.0,PE,170.55,170.2,170.6,1224321,47661,-3492,8.69
2026-09-04 15:29:34,23897.7,2026-09-08,24150.0,CE,21.4,21.3,21.4,2009953,110110,30013,8.54
2026-09-04 15:29:34,23897.7,2026-09-08,24150.0,PE,209.85,209.65,210.0,281211,14276,3341,8.72
2026-09-04 15:29:34,23897.7,2026-09-08,24200.0,CE,14.35,14.3,14.35,2763497,206652,25312,8.66
2026-09-04 15:29:34,23897.7,2026-09-08,24200.0,PE,252.4,251.85,252.8,344253,34446,-5868,8.94
2026-09-04 15:29:34,23897.7,2026-09-08,24250.0,CE,9.3,9.3,9.35,1344815,84342,16454,8.82
2026-09-04 15:29:34,23897.7,2026-09-08,24250.0,PE,297.0,297.65,298.0,54636,6597,-15,9.1
2026-09-04 15:29:34,23897.7,2026-09-08,24300.0,CE,6.4,6.4,6.45,1663193,167366,10254,8.95
2026-09-04 15:29:34,23897.7,2026-09-08,24300.0,PE,344.0,344.3,344.95,81939,17577,-9,9.22
2026-09-04 15:29:34,23897.7,2026-09-08,24350.0,CE,4.75,4.7,4.75,786465,75455,8998,9.37
2026-09-04 15:29:34,23897.7,2026-09-08,24350.0,PE,388.4,392.45,393.8,10781,2710,-201,10.42
2026-09-04 15:29:34,23897.7,2026-09-08,24400.0,CE,3.55,3.55,3.6,987240,155658,33943,9.78
2026-09-04 15:29:34,23897.7,2026-09-08,24400.0,PE,438.1,440.6,442.0,12047,7539,-862,11.45
